7.438428878784179688e+00
4.809202671051025391e+00
4.290777683258056641e+00
5.944881916046142578e+00
6.482433319091796875e+00
5.481832027435302734e+00
5.656851768493652344e+00
7.004235744476318359e+00
7.156844139099121094e+00
6.515089035034179688e+00
7.673305511474609375e+00
7.275809288024902344e+00
7.138150215148925781e+00
8.167564392089843750e+00
7.388242721557617188e+00
8.232363700866699219e+00
8.685798645019531250e+00
8.009029388427734375e+00
8.649118423461914062e+00
8.919762611389160156e+00
8.397331237792968750e+00
1.010928726196289062e+01
8.607857704162597656e+00
1.010263824462890625e+01
9.053451538085937500e+00
9.585224151611328125e+00
9.491130828857421875e+00
7.550129413604736328e+00
1.838735771179199219e+01
2.011915206909179688e+01
1.684955024719238281e+01
1.038906002044677734e+01
9.436107635498046875e+00
1.161710453033447266e+01
9.896594047546386719e+00
9.573168754577636719e+00
1.120407009124755859e+01
9.394363403320312500e+00
1.202091979980468750e+01
8.404325485229492188e+00
1.350539875030517578e+01
1.291404724121093750e+01
8.894332885742187500e+00
1.613663482666015625e+01
1.666014480590820312e+01
1.310620880126953125e+01
7.852457046508789062e+00
2.702555274963378906e+01
3.067406463623046875e+01
3.149892425537109375e+01
3.162803649902343750e+01
3.142702484130859375e+01
3.119695281982421875e+01
3.065537261962890625e+01
3.004513168334960938e+01
2.871557617187500000e+01
2.617387390136718750e+01
2.032540130615234375e+01
1.221400833129882812e+01
9.262968063354492188e+00
2.328786468505859375e+01
2.582522964477539062e+01
2.351818466186523438e+01
1.822959899902343750e+01
1.147011947631835938e+01
6.198855400085449219e+00
3.078625488281250000e+01
2.915357971191406250e+01
2.480571937561035156e+01
1.619961738586425781e+01
6.793679714202880859e+00
2.709073638916015625e+01
2.858043289184570312e+01
2.594314956665039062e+01
2.017349433898925781e+01
1.386987304687500000e+01
9.210540771484375000e+00
2.060578918457031250e+01
2.125108718872070312e+01
1.666825866699218750e+01
1.107721805572509766e+01
1.010228538513183594e+01
1.109223365783691406e+01
8.892117500305175781e+00
8.943386077880859375e+00
9.471815109252929688e+00
6.651932716369628906e+00
1.920036506652832031e+01
1.515434074401855469e+01
9.756810188293457031e+00
5.811617851257324219e+00
1.385447692871093750e+01
1.275444316864013672e+01
8.246452331542968750e+00
7.488828182220458984e+00
7.180328369140625000e+00
8.989733695983886719e+00
8.186000823974609375e+00
7.443664550781250000e+00
7.515389442443847656e+00
6.098772525787353516e+00
8.820966720581054688e+00
7.020816802978515625e+00
6.176025867462158203e+00
1.062418746948242188e+01
8.408102035522460938e+00
4.982452392578125000e+00
1.525831127166748047e+01
6.761414527893066406e+00
6.541882991790771484e+00
1.110416316986083984e+01
8.494879722595214844e+00
5.442405700683593750e+00
7.890203952789306641e+00
6.824154853820800781e+00
5.037170410156250000e+00
8.452187538146972656e+00
4.119457721710205078e+00
1.398515510559082031e+01
1.040073776245117188e+01
5.994409561157226562e+00
7.075088024139404297e+00
8.407897949218750000e+00
7.394892215728759766e+00
5.322550773620605469e+00
1.011028003692626953e+01
8.192542076110839844e+00
4.801184654235839844e+00
8.758998870849609375e+00
7.288475990295410156e+00
5.317076683044433594e+00
6.413970947265625000e+00
6.376845359802246094e+00
5.779783248901367188e+00
8.941072463989257812e+00
4.473965644836425781e+00
9.234516143798828125e+00
8.180021286010742188e+00
5.484411239624023438e+00
8.710212707519531250e+00
4.537138938903808594e+00
6.241917610168457031e+00
5.834896087646484375e+00
5.714343070983886719e+00
5.679244995117187500e+00
6.220146179199218750e+00
4.864748001098632812e+00
7.121914863586425781e+00
4.191619873046875000e+00
7.899187564849853516e+00
4.326354980468750000e+00
1.086678123474121094e+01
3.362746715545654297e+00
1.228913307189941406e+01
1.035534095764160156e+01
5.855269908905029297e+00
8.014266014099121094e+00
7.311072826385498047e+00
5.986023902893066406e+00
6.719653129577636719e+00
6.080735206604003906e+00
6.301428318023681641e+00
5.951165199279785156e+00
6.148730278015136719e+00
6.997211456298828125e+00
6.359045028686523438e+00
6.266283035278320312e+00
5.008056640625000000e+00
1.190020370483398438e+01
2.080290317535400391e+00
1.699343109130859375e+01
1.705695915222167969e+01
1.269226264953613281e+01
6.707023620605468750e+00
8.579593658447265625e+00
7.914935111999511719e+00
7.242114543914794922e+00
6.785458564758300781e+00
6.078956604003906250e+00
5.678768634796142578e+00
5.732802391052246094e+00
5.797179222106933594e+00
5.794670581817626953e+00
5.740889549255371094e+00
5.182449817657470703e+00
7.419849395751953125e+00
6.725065231323242188e+00
5.950785636901855469e+00
4.768902301788330078e+00
8.921546936035156250e+00
8.101222038269042969e+00
5.709207534790039062e+00
6.989955425262451172e+00
5.942791938781738281e+00
6.976181507110595703e+00
6.698671340942382812e+00
5.694024085998535156e+00
6.680122375488281250e+00
6.286111354827880859e+00
5.601586818695068359e+00
7.127889633178710938e+00
6.927712917327880859e+00
6.748698711395263672e+00
8.364038467407226562e+00
7.276428222656250000e+00
7.045560836791992188e+00
8.180568695068359375e+00
7.320937633514404297e+00
1.008935737609863281e+01
8.705245971679687500e+00
7.030240058898925781e+00
1.707368087768554688e+01
1.682636260986328125e+01
1.205920028686523438e+01
6.317256450653076172e+00
2.062607192993164062e+01
2.368127822875976562e+01
2.123518371582031250e+01
1.480041599273681641e+01
7.254901885986328125e+00
1.926838684082031250e+01
1.252336502075195312e+01
6.427218437194824219e+00
6.667774200439453125e+00
7.441913604736328125e+00
6.762561321258544922e+00
5.809744834899902344e+00
6.288208484649658203e+00
6.635940551757812500e+00
6.061340332031250000e+00
6.067101955413818359e+00
6.202146053314208984e+00
6.472558021545410156e+00
2.213389635086059570e+00
1.541339492797851562e+01
7.315209865570068359e+00
3.291592597961425781e+00
9.791864395141601562e+00
7.827700614929199219e+00
5.155444145202636719e+00
3.703672885894775391e+00
4.915529727935791016e+00
5.553054809570312500e+00
5.568713665008544922e+00
4.285175800323486328e+00
4.834152698516845703e+00
5.050283908843994141e+00
4.370532989501953125e+00
5.308712005615234375e+00
5.164736747741699219e+00
4.425385475158691406e+00
5.119916915893554688e+00
4.078896999359130859e+00
7.497920989990234375e+00
5.672894954681396484e+00
3.377399921417236328e+00
8.041296958923339844e+00
7.376523017883300781e+00
5.737893104553222656e+00
4.421497344970703125e+00
5.200900077819824219e+00
5.311019420623779297e+00
5.455116271972656250e+00
5.364382743835449219e+00
5.152645111083984375e+00
5.097861766815185547e+00
4.953349113464355469e+00
5.447133064270019531e+00
4.676795005798339844e+00
4.959918975830078125e+00
5.113811492919921875e+00
5.143735408782958984e+00
5.375943183898925781e+00
4.436529159545898438e+00
5.024435043334960938e+00
5.219810962677001953e+00
5.021743774414062500e+00
5.349352836608886719e+00
5.373520374298095703e+00
4.316311836242675781e+00
8.000936508178710938e+00
4.626450538635253906e+00
8.058801651000976562e+00
7.341223239898681641e+00
3.681131362915039062e+00
1.289733123779296875e+01
7.842654228210449219e+00
3.658563137054443359e+00
9.641785621643066406e+00
9.613356590270996094e+00
5.664001464843750000e+00
3.285599231719970703e+00
7.645999908447265625e+00
7.068429946899414062e+00
4.692378044128417969e+00
4.394558906555175781e+00
6.364520549774169922e+00
4.708056449890136719e+00
3.921516895294189453e+00
7.155642509460449219e+00
5.085595130920410156e+00
3.948724508285522461e+00
8.516142845153808594e+00
5.036113739013671875e+00
4.048229694366455078e+00
8.657009124755859375e+00
7.195558547973632812e+00
4.236340522766113281e+00
7.241117477416992188e+00
5.584674835205078125e+00
4.191454887390136719e+00
8.734186172485351562e+00
4.811039924621582031e+00
4.748107433319091797e+00
7.124998092651367188e+00
6.320482730865478516e+00
3.958520889282226562e+00
9.611936569213867188e+00
7.169375896453857422e+00
4.451643943786621094e+00
6.726840019226074219e+00
7.240712165832519531e+00
5.562487125396728516e+00
4.884044170379638672e+00
6.919281959533691406e+00
5.533881187438964844e+00
4.979317665100097656e+00
7.701092720031738281e+00
5.266194343566894531e+00
6.543158531188964844e+00
4.598983287811279297e+00
8.090616226196289062e+00
4.860479354858398438e+00
8.304238319396972656e+00
7.051228046417236328e+00
6.047605037689208984e+00
5.565612792968750000e+00
6.382073402404785156e+00
5.638806819915771484e+00
5.900728225708007812e+00
5.427563667297363281e+00
6.334410667419433594e+00
5.509891510009765625e+00
4.578147888183593750e+00
9.670944213867187500e+00
5.326754093170166016e+00
8.708311080932617188e+00
7.424146652221679688e+00
5.651548385620117188e+00
8.329380989074707031e+00
7.851928710937500000e+00
5.370355606079101562e+00
6.505917549133300781e+00
6.636546134948730469e+00
5.995542526245117188e+00
6.159476757049560547e+00
6.889793395996093750e+00
3.314627170562744141e+00
8.363488197326660156e+00
1.370775699615478516e+00
9.966274261474609375e+00
8.293292045593261719e+00
4.275092124938964844e+00
3.850722074508666992e+00
5.276996135711669922e+00
3.343704223632812500e+00
4.889884471893310547e+00
3.897933483123779297e+00
4.915238857269287109e+00
5.250003814697265625e+00
3.401143074035644531e+00
6.666941642761230469e+00
4.725489616394042969e+00
4.947463035583496094e+00
4.660823822021484375e+00
6.459851264953613281e+00
4.759177684783935547e+00
4.202629089355468750e+00
6.898183822631835938e+00
4.454966545104980469e+00
6.155046463012695312e+00
3.618526458740234375e+00
8.457819938659667969e+00
4.006012916564941406e+00
3.251003265380859375e+00
6.607069492340087891e+00
6.216288566589355469e+00
4.415110111236572266e+00
4.748236656188964844e+00
5.349060535430908203e+00
4.982869148254394531e+00
5.524357318878173828e+00
3.987012863159179688e+00
7.289724349975585938e+00
4.457790851593017578e+00
5.025813102722167969e+00
5.594490528106689453e+00
5.383979797363281250e+00
5.527049064636230469e+00
5.378783226013183594e+00
4.902175426483154297e+00
5.379784107208251953e+00
5.609571456909179688e+00
5.308186054229736328e+00
5.401024818420410156e+00
6.173907279968261719e+00
5.615466594696044922e+00
5.204943656921386719e+00
5.496680259704589844e+00
5.681255817413330078e+00
5.409357070922851562e+00
5.905526161193847656e+00
5.578811168670654297e+00
5.879862785339355469e+00
6.112477302551269531e+00
5.633958816528320312e+00
6.685903549194335938e+00
5.179079055786132812e+00
8.239526748657226562e+00
7.133751869201660156e+00
4.958341121673583984e+00
9.549915313720703125e+00
5.933461189270019531e+00
1.171197509765625000e+01
6.211699008941650391e+00
1.058173274993896484e+01
9.698860168457031250e+00
7.603166103363037109e+00
1.107032299041748047e+01
7.492895126342773438e+00
1.218486404418945312e+01
6.637495040893554688e+00
1.265322113037109375e+01
9.058389663696289062e+00
6.803454875946044922e+00
1.331982994079589844e+01
4.205627441406250000e+00
1.187825393676757812e+01
7.325835227966308594e+00
5.691884517669677734e+00
9.098464965820312500e+00
4.515921592712402344e+00
7.696395874023437500e+00
5.869561195373535156e+00
5.150949478149414062e+00
6.216204166412353516e+00
5.101015090942382812e+00
4.474097251892089844e+00
7.676851272583007812e+00
5.381581783294677734e+00
4.345428466796875000e+00
6.454652786254882812e+00
5.472743511199951172e+00
4.865546703338623047e+00
8.748295783996582031e+00
3.105970144271850586e+00
1.017900466918945312e+01
3.613231658935546875e+00
8.709456443786621094e+00
6.954145431518554688e+00
4.298423290252685547e+00
7.916475296020507812e+00
4.370179653167724609e+00
6.365607738494873047e+00
5.670845031738281250e+00
4.260256767272949219e+00
6.483284950256347656e+00
6.307151317596435547e+00
4.033367633819580078e+00
9.072826385498046875e+00
6.920090675354003906e+00
4.287441253662109375e+00
7.712552070617675781e+00
4.480476379394531250e+00
9.565643310546875000e+00
7.071444511413574219e+00
4.214647769927978516e+00
7.272797107696533203e+00
7.013486862182617188e+00
5.058518409729003906e+00
5.425348281860351562e+00
6.108706951141357422e+00
5.117974758148193359e+00
5.826772689819335938e+00
6.377568244934082031e+00
5.386421203613281250e+00
6.834873199462890625e+00
5.591691493988037109e+00
6.437981605529785156e+00
5.034784317016601562e+00
4.188239574432373047e+00
6.293117523193359375e+00
5.868473529815673828e+00
4.683905124664306641e+00
5.286176204681396484e+00
5.355994701385498047e+00
5.273772239685058594e+00
3.871505737304687500e+00
9.563371658325195312e+00
6.247285842895507812e+00
3.763955831527709961e+00
7.631635665893554688e+00
7.057059288024902344e+00
4.934734344482421875e+00
7.119466304779052734e+00
5.096873283386230469e+00
4.996585845947265625e+00
1.038589859008789062e+01
5.273421287536621094e+00
5.832125663757324219e+00
6.811005592346191406e+00
6.342675209045410156e+00
5.004875183105468750e+00
6.071727752685546875e+00
5.656095504760742188e+00
4.711453437805175781e+00
7.890361785888671875e+00
4.965758800506591797e+00
9.319215774536132812e+00
7.575610637664794922e+00
5.310609817504882812e+00
7.429169654846191406e+00
6.006725788116455078e+00
6.569810867309570312e+00
5.348085403442382812e+00
7.397236347198486328e+00
3.359622001647949219e+00
1.401816749572753906e+01
6.519364833831787109e+00
6.323279380798339844e+00
7.039205074310302734e+00
5.325398445129394531e+00
6.021995544433593750e+00
4.451393127441406250e+00
6.546469688415527344e+00
3.781443595886230469e+00
9.917280197143554688e+00
1.516355037689208984e+00
1.110290908813476562e+01
3.426512241363525391e+00
3.509814500808715820e+00
5.277709007263183594e+00
4.105822563171386719e+00
3.616777420043945312e+00
6.067782402038574219e+00
1.189498186111450195e+00
9.101125717163085938e+00
5.587463855743408203e+00
3.766258955001831055e+00
5.486510753631591797e+00
5.689993381500244141e+00
4.749852657318115234e+00
3.684296846389770508e+00
6.479185104370117188e+00
4.380009174346923828e+00
3.710876941680908203e+00
6.135538101196289062e+00
4.486850738525390625e+00
3.351677894592285156e+00
6.653170108795166016e+00
5.364817619323730469e+00
3.106018066406250000e+00
6.906204223632812500e+00
5.277789115905761719e+00
3.622977018356323242e+00
5.856719017028808594e+00
5.811518669128417969e+00
4.656277656555175781e+00
4.996414184570312500e+00
4.909765720367431641e+00
4.600721359252929688e+00
6.516202449798583984e+00
5.111593246459960938e+00
5.964968681335449219e+00
4.663633346557617188e+00
7.406785964965820312e+00
6.434238433837890625e+00
4.946570396423339844e+00
7.744574546813964844e+00
6.935374736785888672e+00
4.840354919433593750e+00
6.180785179138183594e+00
5.846591949462890625e+00
5.869614601135253906e+00
4.998949050903320312e+00
7.138345241546630859e+00
5.110671043395996094e+00
6.438377380371093750e+00
5.480220794677734375e+00
4.506175994873046875e+00
8.256546020507812500e+00
6.924609661102294922e+00
4.849359512329101562e+00
9.526498794555664062e+00
4.337696075439453125e+00
1.106748485565185547e+01
9.934459686279296875e+00
5.640802383422851562e+00
8.963264465332031250e+00
7.648159980773925781e+00
4.392166137695312500e+00
1.007420921325683594e+01
6.463356018066406250e+00
3.950841903686523438e+00
7.881857872009277344e+00
6.847296237945556641e+00
4.699435710906982422e+00
8.796506881713867188e+00
4.626814842224121094e+00
8.308359146118164062e+00
6.272316932678222656e+00
6.014063358306884766e+00
5.596033096313476562e+00
6.559489727020263672e+00
3.994425773620605469e+00
1.168004608154296875e+01
1.848300457000732422e+00
6.383777141571044922e+00
5.163422107696533203e+00
4.594890594482421875e+00
6.167652606964111328e+00
3.484747409820556641e+00
9.727890014648437500e+00
1.681537747383117676e+00
1.103740310668945312e+01
9.270492553710937500e+00
5.156630516052246094e+00
7.353200435638427734e+00
4.678258895874023438e+00
5.207274436950683594e+00
4.667682647705078125e+00
4.295046806335449219e+00
6.105340003967285156e+00
5.608995437622070312e+00
4.097610473632812500e+00
6.276856422424316406e+00
4.886584758758544922e+00
4.839299201965332031e+00
5.575835227966308594e+00
4.582280158996582031e+00
5.038490295410156250e+00
5.190548419952392578e+00
5.426623821258544922e+00
4.825737953186035156e+00
7.441187858581542969e+00
5.541152954101562500e+00
4.526030540466308594e+00
6.975363254547119141e+00
3.908138513565063477e+00
8.122962951660156250e+00
6.771732807159423828e+00
4.934269905090332031e+00
5.432906150817871094e+00
5.459677696228027344e+00
4.500826358795166016e+00
4.860643863677978516e+00
5.754121780395507812e+00
4.557422637939453125e+00
4.882589817047119141e+00
5.659319877624511719e+00
4.450655937194824219e+00
5.828736782073974609e+00
5.444898605346679688e+00
5.099686622619628906e+00
6.355961799621582031e+00
5.614357471466064453e+00
5.612728118896484375e+00
6.299302101135253906e+00
4.024212837219238281e+00
8.525720596313476562e+00
7.507409095764160156e+00
5.296015739440917969e+00
5.139441490173339844e+00
6.696420669555664062e+00
6.234363079071044922e+00
4.456474304199218750e+00
6.154824733734130859e+00
5.957513332366943359e+00
5.093719005584716797e+00
6.920761108398437500e+00
5.739568233489990234e+00
7.204313755035400391e+00
5.280945777893066406e+00
6.625294685363769531e+00
4.839406013488769531e+00
9.983880043029785156e+00
6.945111274719238281e+00
6.257879257202148438e+00
7.120395660400390625e+00
5.956299304962158203e+00
6.277083396911621094e+00
6.678398132324218750e+00
5.076214790344238281e+00
9.110219955444335938e+00
2.765928268432617188e+00
1.274358558654785156e+01
4.338552474975585938e+00
6.607611179351806641e+00
7.253451824188232422e+00
3.960252761840820312e+00
1.067526721954345703e+01
2.875328779220581055e+00
9.423349380493164062e+00
4.725334167480468750e+00
6.576544761657714844e+00
6.975212574005126953e+00
5.318113327026367188e+00
5.484543323516845703e+00
5.777453422546386719e+00
4.657954692840576172e+00
7.383322715759277344e+00
2.969572067260742188e+00
7.998547077178955078e+00
8.146249771118164062e+00
5.900537490844726562e+00
4.269963264465332031e+00
6.632619380950927734e+00
5.504661560058593750e+00
4.042191982269287109e+00
7.691641330718994141e+00
4.193448066711425781e+00
5.784446239471435547e+00
6.093054771423339844e+00
5.355669498443603516e+00
5.607395172119140625e+00
6.007327556610107422e+00
3.970714092254638672e+00
6.408942222595214844e+00
5.785963058471679688e+00
4.764616012573242188e+00
5.297306060791015625e+00
3.728173255920410156e+00
6.677308082580566406e+00
5.346030235290527344e+00
4.297889232635498047e+00
6.471680164337158203e+00
5.852611064910888672e+00
5.225641250610351562e+00
4.474001884460449219e+00
6.164161682128906250e+00
5.458157539367675781e+00
4.693546295166015625e+00
6.596997261047363281e+00
4.369833946228027344e+00
8.243932723999023438e+00
5.414218902587890625e+00
5.326307296752929688e+00
6.293055534362792969e+00
5.470866203308105469e+00
8.009211540222167969e+00
3.351435661315917969e+00
1.287619400024414062e+01
8.866018295288085938e+00
4.524055004119873047e+00
1.184208869934082031e+01
2.760756969451904297e+00
1.172224426269531250e+01
5.936262130737304688e+00
6.309911727905273438e+00
8.075101852416992188e+00
5.836528778076171875e+00
5.191741466522216797e+00
7.490236282348632812e+00
4.492566585540771484e+00
1.040622901916503906e+01
2.908541679382324219e+00
1.056641197204589844e+01
9.831564903259277344e+00
4.703710556030273438e+00
7.903208255767822266e+00
6.746022701263427734e+00
4.597323417663574219e+00
5.893694877624511719e+00
5.681383132934570312e+00
4.468304634094238281e+00
5.356601715087890625e+00
6.424638748168945312e+00
5.228834152221679688e+00
5.633965492248535156e+00
5.461696624755859375e+00
5.917738914489746094e+00
5.930578708648681641e+00
5.390700340270996094e+00
7.505851745605468750e+00
6.124083042144775391e+00
7.364514350891113281e+00
4.836609840393066406e+00
5.301621913909912109e+00
6.418560981750488281e+00
5.874156951904296875e+00
5.198811531066894531e+00
6.194444179534912109e+00
4.316774845123291016e+00
7.246663093566894531e+00
5.003386497497558594e+00
6.651947975158691406e+00
4.435263633728027344e+00
6.920103073120117188e+00
5.575985908508300781e+00
4.522870063781738281e+00
8.018795013427734375e+00
4.569737911224365234e+00
8.808325767517089844e+00
6.292869091033935547e+00
5.194962978363037109e+00
7.604454040527343750e+00
4.185173511505126953e+00
7.337253570556640625e+00
6.447440147399902344e+00
4.654546260833740234e+00
8.096758842468261719e+00
5.582896232604980469e+00
6.780107975006103516e+00
6.464833736419677734e+00
4.722142219543457031e+00
6.864751815795898438e+00
5.285222053527832031e+00
6.848266124725341797e+00
5.291531085968017578e+00
6.562230110168457031e+00
7.105304718017578125e+00
4.836862087249755859e+00
8.686170578002929688e+00
6.560584068298339844e+00
5.616636753082275391e+00
6.241703987121582031e+00
7.332449913024902344e+00
6.355118274688720703e+00
6.468806743621826172e+00
6.269021511077880859e+00
4.475908756256103516e+00
1.157522964477539062e+01
1.469870567321777344e+00
1.602465820312500000e+01
7.272173404693603516e+00
5.734857082366943359e+00
8.712913513183593750e+00
6.495780467987060547e+00
4.579639434814453125e+00
9.820691108703613281e+00
5.866701126098632812e+00
6.948237895965576172e+00
7.284328937530517578e+00
5.179071903228759766e+00
1.266951560974121094e+01
3.721079587936401367e+00
1.183733367919921875e+01
7.131332397460937500e+00
4.622233390808105469e+00
7.090255260467529297e+00
7.536799430847167969e+00
5.519332885742187500e+00
5.048541069030761719e+00
8.864125251770019531e+00
3.053642034530639648e+00
1.110003376007080078e+01
7.918273925781250000e+00
5.047882556915283203e+00
5.596339702606201172e+00
6.108624458312988281e+00
5.805120468139648438e+00
5.522009849548339844e+00
5.235318183898925781e+00
5.937479019165039062e+00
5.512038230895996094e+00
5.943531990051269531e+00
4.376533985137939453e+00
1.018051624298095703e+01
4.681032180786132812e+00
6.380941390991210938e+00
6.995116233825683594e+00
6.370274066925048828e+00
5.548866271972656250e+00
4.884015560150146484e+00
5.175486564636230469e+00
5.519709110260009766e+00
4.958622932434082031e+00
4.911960124969482422e+00
4.991414546966552734e+00
6.108995437622070312e+00
4.875307083129882812e+00
5.608641624450683594e+00
5.395901679992675781e+00
5.520179748535156250e+00
5.686317443847656250e+00
5.405708312988281250e+00
6.017362117767333984e+00
5.649696350097656250e+00
4.906181335449218750e+00
5.480930328369140625e+00
5.638420104980468750e+00
5.334868431091308594e+00
6.168632507324218750e+00
5.219385147094726562e+00
7.194570541381835938e+00
5.241116523742675781e+00
5.890218257904052734e+00
6.899489402770996094e+00
3.502545356750488281e+00
1.111424446105957031e+01
6.687399864196777344e+00
4.942609786987304688e+00
8.581644058227539062e+00
5.002534866333007812e+00
6.975337028503417969e+00
6.994099140167236328e+00
5.725379943847656250e+00
5.603349685668945312e+00
6.024122238159179688e+00
3.119383573532104492e+00
1.119316387176513672e+01
4.158503532409667969e+00
4.821171760559082031e+00
8.084733963012695312e+00
6.183673858642578125e+00
4.609759330749511719e+00
1.018855285644531250e+01
2.838037967681884766e+00
1.150891494750976562e+01
5.932075977325439453e+00
4.566762447357177734e+00
6.881421089172363281e+00
4.803668975830078125e+00
4.488059997558593750e+00
6.349026679992675781e+00
3.867872714996337891e+00
6.120812416076660156e+00
5.493305206298828125e+00
4.092965126037597656e+00
5.135286331176757812e+00
4.928752899169921875e+00
5.239506721496582031e+00
5.398378372192382812e+00
6.807303905487060547e+00
2.937897205352783203e+00
8.268488883972167969e+00
6.653797626495361328e+00
5.508684158325195312e+00
5.140916824340820312e+00
5.259055137634277344e+00
7.705484390258789062e+00
3.112254142761230469e+00
9.084424972534179688e+00
5.192380905151367188e+00
5.552653312683105469e+00
5.554572105407714844e+00
5.808833122253417969e+00
5.271314620971679688e+00
3.113816261291503906e+00
1.284181976318359375e+01
4.889806747436523438e+00
6.226516723632812500e+00
7.386083126068115234e+00
5.377540588378906250e+00
5.193618297576904297e+00
6.980804443359375000e+00
4.929627418518066406e+00
1.074734878540039062e+01
5.382580757141113281e+00
5.539387702941894531e+00
8.467575073242187500e+00
4.381391525268554688e+00
5.600335121154785156e+00
6.318446636199951172e+00
4.391451835632324219e+00
8.083844184875488281e+00
1.827675461769104004e+00
1.227810478210449219e+01
8.448677062988281250e+00
5.178008079528808594e+00
5.489516258239746094e+00
5.968544483184814453e+00
4.632199764251708984e+00
4.771080493927001953e+00
5.603960990905761719e+00
4.555296421051025391e+00
6.196583747863769531e+00
5.067165851593017578e+00
6.753638744354248047e+00
4.736102104187011719e+00
6.925323009490966797e+00
5.032109260559082031e+00
5.339200496673583984e+00
6.006252765655517578e+00
4.872706413269042969e+00
6.401976585388183594e+00
4.175038337707519531e+00
6.649919509887695312e+00
4.731722354888916016e+00
6.756855964660644531e+00
5.134887218475341797e+00
5.327905178070068359e+00
6.259718418121337891e+00
3.597501993179321289e+00
8.804171562194824219e+00
5.781484603881835938e+00
5.360342025756835938e+00
5.664175033569335938e+00
5.804196357727050781e+00
5.941047668457031250e+00
5.070861816406250000e+00
4.550641536712646484e+00
5.561430931091308594e+00
4.036677837371826172e+00
7.048366546630859375e+00
5.141094207763671875e+00
5.607162475585937500e+00
5.385959625244140625e+00
5.454292297363281250e+00
6.181867599487304688e+00
4.855764389038085938e+00
7.556367397308349609e+00
3.824969053268432617e+00
9.172872543334960938e+00
7.076761245727539062e+00
4.378108024597167969e+00
7.525225639343261719e+00
6.092384815216064453e+00
4.489855766296386719e+00
7.356309413909912109e+00
4.704174995422363281e+00
8.364516258239746094e+00
5.079148292541503906e+00
6.655076980590820312e+00
4.615166664123535156e+00
8.193152427673339844e+00
5.095133781433105469e+00
6.534609794616699219e+00
6.057857513427734375e+00
5.941716194152832031e+00
6.884943962097167969e+00
4.931006908416748047e+00
6.883737564086914062e+00
4.796367645263671875e+00
8.993616104125976562e+00
6.289075851440429688e+00
4.696933746337890625e+00
8.961070060729980469e+00
4.543628692626953125e+00
7.097624778747558594e+00
7.040264606475830078e+00
4.450969696044921875e+00
1.109103488922119141e+01
3.072041511535644531e+00
1.236089897155761719e+01
5.557932853698730469e+00
3.518877983093261719e+00
7.705422401428222656e+00
5.839785575866699219e+00
4.403471946716308594e+00
6.835858821868896484e+00
1.853464365005493164e+00
1.371175861358642578e+01
6.138285636901855469e+00
4.532341003417968750e+00
7.162912368774414062e+00
6.802464485168457031e+00
5.448472976684570312e+00
6.123529434204101562e+00
3.996873855590820312e+00
8.868067741394042969e+00
3.914704620838165283e-01
1.167336273193359375e+01
8.377597808837890625e+00
3.474588394165039062e+00
8.130774497985839844e+00
6.664809226989746094e+00
3.974980831146240234e+00
5.253109931945800781e+00
4.749558448791503906e+00
5.706074714660644531e+00
3.654431343078613281e+00
5.429053783416748047e+00
4.673407554626464844e+00
4.084934234619140625e+00
6.209373950958251953e+00
5.150382518768310547e+00
2.780946254730224609e+00
6.945841789245605469e+00
6.177094459533691406e+00
3.642707347869873047e+00
4.836696624755859375e+00
4.492839813232421875e+00
4.780899524688720703e+00
4.213806152343750000e+00
4.733666896820068359e+00
4.974043846130371094e+00
4.456395626068115234e+00
5.183152198791503906e+00
4.987236022949218750e+00
4.339928150177001953e+00
6.802138328552246094e+00
4.674400806427001953e+00
5.186103343963623047e+00
5.675086021423339844e+00
5.009063243865966797e+00
4.431991100311279297e+00
6.091636657714843750e+00
5.425752639770507812e+00
4.328277587890625000e+00
5.521184444427490234e+00
4.917568206787109375e+00
5.146756172180175781e+00
4.432718276977539062e+00
5.338637351989746094e+00
5.131776809692382812e+00
5.414046287536621094e+00
4.797068595886230469e+00
4.923983573913574219e+00
5.916885852813720703e+00
4.355917930603027344e+00
7.560929298400878906e+00
6.006619453430175781e+00
4.740173339843750000e+00
5.939380645751953125e+00
5.946664810180664062e+00
3.221313714981079102e+00
1.073116111755371094e+01
6.049875259399414062e+00
5.428233623504638672e+00
7.042580604553222656e+00
6.561412811279296875e+00
5.296998023986816406e+00
8.495807647705078125e+00
4.880211830139160156e+00
8.269213676452636719e+00
5.783515930175781250e+00
5.711376667022705078e+00
8.146501541137695312e+00
6.844741821289062500e+00
5.007823467254638672e+00
6.834481716156005859e+00
6.159070014953613281e+00
5.879056930541992188e+00
6.224853515625000000e+00
6.320094108581542969e+00
4.995194435119628906e+00
8.411519050598144531e+00
6.613585472106933594e+00
4.597279548645019531e+00
1.298988151550292969e+01
7.019543647766113281e+00
4.879113674163818359e+00
1.084951210021972656e+01
4.092298507690429688e+00
6.999151229858398438e+00
6.135535240173339844e+00
3.945073127746582031e+00
7.885205268859863281e+00
6.291932582855224609e+00
3.771857976913452148e+00
7.863194465637207031e+00
5.661871433258056641e+00
4.209130287170410156e+00
5.202314376831054688e+00
5.146394729614257812e+00
5.230510234832763672e+00
4.872687339782714844e+00
6.309689521789550781e+00
5.654992103576660156e+00
5.150697231292724609e+00
5.029427528381347656e+00
5.290437698364257812e+00
5.350319385528564453e+00
4.998176097869873047e+00
6.137157440185546875e+00
4.557545661926269531e+00
5.639108180999755859e+00
3.984666109085083008e+00
6.641480445861816406e+00
5.664144039154052734e+00
4.340174674987792969e+00
6.927206516265869141e+00
5.847514629364013672e+00
4.080323219299316406e+00
8.481407165527343750e+00
6.398633956909179688e+00
4.653048992156982422e+00
6.761368751525878906e+00
5.816180229187011719e+00
3.863927364349365234e+00
9.866079330444335938e+00
6.973370552062988281e+00
4.302487373352050781e+00
8.169157028198242188e+00
7.316249847412109375e+00
5.514091491699218750e+00
7.699470996856689453e+00
5.122351169586181641e+00
9.021894454956054688e+00
6.218939781188964844e+00
5.983138084411621094e+00
6.737747192382812500e+00
6.313602447509765625e+00
6.152257919311523438e+00
5.530698299407958984e+00
5.878993034362792969e+00
5.809009552001953125e+00
5.379175186157226562e+00
5.583795070648193359e+00
7.138481140136718750e+00
5.413497447967529297e+00
6.156778335571289062e+00
5.627985954284667969e+00
5.805265903472900391e+00
4.241351127624511719e+00
6.726910591125488281e+00
6.489769935607910156e+00
5.423034191131591797e+00
5.059888839721679688e+00
7.909026145935058594e+00
2.710825920104980469e+00
1.124969291687011719e+01
1.042904949188232422e+01
5.773545265197753906e+00
5.300676345825195312e+00
7.918519973754882812e+00
4.999093055725097656e+00
8.159629821777343750e+00
1.487070798873901367e+00
1.491418838500976562e+01
3.851685047149658203e+00
3.971182346343994141e+00
7.286262989044189453e+00
2.320788621902465820e+00
7.809306144714355469e+00
5.491342544555664062e+00
2.701347351074218750e+00
7.854546546936035156e+00
3.844743013381958008e+00
5.278691291809082031e+00
5.372941017150878906e+00
4.541145324707031250e+00
5.866515159606933594e+00
2.720169067382812500e+00
8.648089408874511719e+00
3.739209890365600586e+00
5.014417648315429688e+00
6.047860145568847656e+00
4.299005031585693359e+00
4.500162124633789062e+00
6.496857643127441406e+00
3.760453224182128906e+00
4.879079341888427734e+00
5.890179634094238281e+00
3.975922822952270508e+00
6.206158638000488281e+00
3.605014324188232422e+00
5.491047859191894531e+00
4.930826663970947266e+00
5.232949256896972656e+00
4.537138938903808594e+00
4.838192939758300781e+00
5.490736007690429688e+00
2.058606386184692383e+00
9.821742057800292969e+00
4.502630233764648438e+00
5.330292701721191406e+00
6.543367385864257812e+00
5.471968173980712891e+00
4.950169086456298828e+00
5.663213253021240234e+00
6.170773029327392578e+00
4.790203094482421875e+00
4.301798820495605469e+00
5.470896244049072266e+00
4.771209716796875000e+00
5.721341133117675781e+00
4.748929023742675781e+00
5.419696807861328125e+00
5.705320358276367188e+00
4.836414337158203125e+00
5.152776718139648438e+00
5.722442626953125000e+00
6.149291515350341797e+00
5.445889472961425781e+00
5.737971305847167969e+00
3.941970586776733398e+00
8.119373321533203125e+00
4.319401264190673828e+00
4.185645103454589844e+00
7.352904796600341797e+00
5.617436408996582031e+00
4.084764480590820312e+00
8.314731597900390625e+00
4.865561485290527344e+00
5.518426418304443359e+00
6.160787582397460938e+00
2.660831212997436523e+00
1.211527156829833984e+01
2.709703445434570312e+00
1.075896453857421875e+01
7.509561061859130859e+00
3.951363563537597656e+00
1.155086517333984375e+01
6.347946643829345703e+00
4.324654579162597656e+00
7.794148445129394531e+00
5.682585716247558594e+00
4.341065406799316406e+00
6.804443359375000000e+00
4.382907867431640625e+00
6.841799736022949219e+00
3.913839101791381836e+00
5.916368484497070312e+00
5.097756862640380859e+00
3.643101930618286133e+00
6.796549320220947266e+00
6.212145805358886719e+00
3.644285678863525391e+00
7.393648147583007812e+00
5.415466308593750000e+00
4.978151321411132812e+00
6.338415145874023438e+00
4.285926342010498047e+00
7.112818241119384766e+00
5.153914451599121094e+00
5.199592113494873047e+00
6.213762283325195312e+00
4.475739002227783203e+00
7.029461860656738281e+00
4.634776115417480469e+00
4.703899383544921875e+00
8.249628067016601562e+00
4.540774822235107422e+00
4.099241256713867188e+00
6.120143413543701172e+00
4.986416816711425781e+00
3.841743469238281250e+00
7.112166404724121094e+00
4.545022010803222656e+00
4.397433280944824219e+00
6.928352832794189453e+00
5.378419399261474609e+00
2.981431245803833008e+00
1.385783004760742188e+01
3.658280849456787109e+00
6.483645915985107422e+00
6.861937522888183594e+00
5.118269920349121094e+00
6.013930320739746094e+00
5.048790931701660156e+00
5.000168800354003906e+00
4.536120414733886719e+00
6.228699684143066406e+00
4.278789520263671875e+00
5.193390846252441406e+00
5.002365112304687500e+00
5.330900669097900391e+00
4.768216609954833984e+00
7.304343700408935547e+00
4.791928291320800781e+00
4.715229034423828125e+00
7.526964664459228516e+00
4.206751823425292969e+00
6.379577636718750000e+00
6.614716053009033203e+00
5.334083557128906250e+00
7.273003578186035156e+00
4.388649463653564453e+00
6.018849849700927734e+00
5.542098045349121094e+00
5.499383449554443359e+00
5.218201160430908203e+00
5.531658172607421875e+00
5.128149986267089844e+00
5.639469146728515625e+00
4.063741207122802734e+00
5.794335365295410156e+00
5.758735656738281250e+00
5.619572639465332031e+00
4.963098049163818359e+00
5.331092834472656250e+00
4.498232364654541016e+00
7.496525764465332031e+00
4.354453086853027344e+00
4.984412193298339844e+00
6.472800731658935547e+00
2.955778837203979492e+00
7.797995090484619141e+00
3.138200044631958008e+00
9.329336166381835938e+00
4.777914047241210938e+00
5.223337650299072266e+00
7.511441230773925781e+00
4.025652885437011719e+00
5.752605915069580078e+00
5.814766883850097656e+00
5.268475532531738281e+00
5.024586677551269531e+00
6.838419914245605469e+00
3.695866584777832031e+00
9.978069305419921875e+00
5.999653816223144531e+00
4.896503448486328125e+00
7.497050285339355469e+00
4.759501457214355469e+00
7.084009170532226562e+00
4.465192317962646484e+00
6.274966239929199219e+00
4.823204040527343750e+00
5.970029830932617188e+00
4.260860443115234375e+00
7.506609439849853516e+00
5.477828502655029297e+00
4.469341278076171875e+00
1.151371479034423828e+01
2.056873798370361328e+00
1.179180622100830078e+01
2.240008354187011719e+00
8.571531295776367188e+00
7.017570495605468750e+00
4.141798973083496094e+00
6.620028495788574219e+00
6.774865627288818359e+00
2.911258697509765625e+00
1.010925483703613281e+01
5.502359390258789062e+00
4.244254112243652344e+00
6.707727432250976562e+00
7.072021484375000000e+00
4.095674514770507812e+00
6.833965301513671875e+00
4.073143005371093750e+00
8.169771194458007812e+00
2.403955698013305664e+00
1.070787239074707031e+01
5.745595932006835938e+00
4.020568370819091797e+00
6.675397872924804688e+00
6.621416091918945312e+00
5.270387649536132812e+00
4.206926822662353516e+00
5.767877101898193359e+00
3.978150606155395508e+00
5.507602691650390625e+00
4.631915092468261719e+00
4.543105125427246094e+00
5.972468376159667969e+00
2.992976427078247070e+00
8.626740455627441406e+00
2.692143917083740234e+00
8.366163253784179688e+00
5.025234222412109375e+00
3.436001300811767578e+00
6.109361171722412109e+00
5.479254245758056641e+00
4.871472358703613281e+00
5.794893264770507812e+00
5.798899173736572266e+00
2.792337656021118164e+00
9.814025878906250000e+00
4.545691490173339844e+00
5.705699443817138672e+00
5.410085201263427734e+00
5.099714279174804688e+00
5.958281517028808594e+00
4.166071414947509766e+00
5.874319076538085938e+00
3.728664875030517578e+00
7.146418094635009766e+00
3.531690835952758789e+00
6.280011177062988281e+00
6.556913852691650391e+00
5.832405567169189453e+00
5.452955245971679688e+00
4.952820301055908203e+00
5.005371093750000000e+00
4.220316410064697266e+00
6.531026840209960938e+00
4.968535423278808594e+00
4.161897182464599609e+00
6.891324996948242188e+00
4.483171463012695312e+00
5.279923439025878906e+00
4.906082153320312500e+00
5.135741233825683594e+00
5.629966735839843750e+00
4.559547424316406250e+00
5.076084136962890625e+00
6.124342918395996094e+00
3.490386962890625000e+00
7.739770889282226562e+00
4.685019493103027344e+00
5.051769733428955078e+00
6.640655517578125000e+00
5.930621147155761719e+00
4.450861930847167969e+00
8.068500518798828125e+00
1.891976356506347656e+00
1.438825702667236328e+01
7.496665000915527344e+00
5.726630210876464844e+00
7.387330055236816406e+00
5.344367027282714844e+00
5.688994407653808594e+00
6.483003139495849609e+00
4.606468677520751953e+00
6.057425498962402344e+00
4.044098854064941406e+00
6.394530773162841797e+00
4.892355442047119141e+00
5.086894512176513672e+00
5.622065544128417969e+00
4.633729457855224609e+00
5.731610298156738281e+00
5.846566677093505859e+00
4.430213928222656250e+00
9.267473220825195312e+00
3.047880411148071289e+00
1.029469299316406250e+01
6.614895820617675781e+00
5.250629425048828125e+00
1.164801597595214844e+01
5.328113555908203125e+00
5.232048988342285156e+00
6.991617202758789062e+00
5.745275974273681641e+00
4.595861434936523438e+00
6.800081253051757812e+00
5.134347915649414062e+00
7.007117271423339844e+00
2.242247104644775391e+00
1.201653861999511719e+01
6.886151790618896484e+00
5.138168334960937500e+00
9.271840095520019531e+00
7.239536285400390625e+00
3.836092948913574219e+00
1.098028373718261719e+01
2.054612636566162109e+00
7.874870777130126953e+00
5.744990348815917969e+00
3.033693313598632812e+00
7.809647083282470703e+00
5.683561801910400391e+00
4.160891532897949219e+00
7.308186531066894531e+00
6.026931762695312500e+00
4.477705001831054688e+00
6.430303096771240234e+00
5.652597427368164062e+00
4.482213973999023438e+00
6.201180458068847656e+00
4.620460033416748047e+00
5.697101593017578125e+00
5.019118309020996094e+00
4.478374481201171875e+00
4.154122352600097656e+00
5.606728553771972656e+00
5.257638931274414062e+00
4.170414924621582031e+00
4.846643447875976562e+00
4.383306503295898438e+00
5.980307579040527344e+00
4.310263156890869141e+00
4.058043003082275391e+00
6.103822708129882812e+00
4.077207088470458984e+00
5.987878799438476562e+00
3.893054962158203125e+00
7.651491641998291016e+00
4.801341533660888672e+00
4.093048095703125000e+00
6.315422534942626953e+00
5.142195701599121094e+00
4.726353168487548828e+00
5.795430183410644531e+00
4.666957855224609375e+00
5.797942161560058594e+00
5.551048755645751953e+00
5.221264839172363281e+00
4.864731311798095703e+00
4.998191833496093750e+00
6.628974914550781250e+00
4.129614830017089844e+00
6.871852874755859375e+00
5.052357673645019531e+00
4.869166851043701172e+00
4.036193847656250000e+00
7.942205429077148438e+00
1.799932003021240234e+00
1.085845565795898438e+01
6.237644195556640625e+00
4.060606002807617188e+00
5.984631538391113281e+00
5.299705505371093750e+00
6.091704368591308594e+00
3.836479663848876953e+00
6.863314151763916016e+00
3.665110826492309570e+00
5.665180206298828125e+00
5.319304466247558594e+00
4.020349502563476562e+00
7.284279823303222656e+00
5.384896278381347656e+00
4.766237258911132812e+00
6.151622772216796875e+00
5.336168289184570312e+00
4.847152709960937500e+00
6.222887992858886719e+00
3.260695457458496094e+00
8.503364562988281250e+00
4.046673774719238281e+00
7.210865020751953125e+00
6.336838245391845703e+00
4.996534347534179688e+00
7.048068046569824219e+00
4.965527534484863281e+00
4.644473552703857422e+00
6.430921077728271484e+00
4.832645416259765625e+00
3.776903390884399414e+00
5.680792808532714844e+00
5.010251998901367188e+00
4.226167201995849609e+00
4.994003295898437500e+00
5.275366783142089844e+00
4.723232746124267578e+00
5.403757095336914062e+00
4.848949909210205078e+00
5.880530357360839844e+00
4.954466342926025391e+00
6.662929534912109375e+00
4.861575126647949219e+00
5.266450881958007812e+00
5.754091739654541016e+00
5.093455791473388672e+00
5.716904640197753906e+00
5.186719417572021484e+00
3.635753393173217773e+00
8.157947540283203125e+00
3.910338878631591797e+00
4.694860458374023438e+00
7.593089103698730469e+00
6.851361274719238281e+00
4.193695068359375000e+00
5.639986038208007812e+00
7.311810016632080078e+00
3.584656238555908203e+00
6.329226493835449219e+00
6.129979133605957031e+00
4.753414154052734375e+00
3.753828048706054688e+00
6.794324398040771484e+00
5.135384559631347656e+00
5.447929382324218750e+00
5.054795742034912109e+00
4.171329498291015625e+00
7.200180053710937500e+00
4.171275615692138672e+00
5.058884620666503906e+00
4.682846069335937500e+00
6.798623085021972656e+00
5.384389400482177734e+00
4.381713867187500000e+00
6.074629306793212891e+00
3.324349641799926758e+00
6.576786041259765625e+00
4.849418640136718750e+00
5.983374595642089844e+00
4.250331878662109375e+00
5.152345657348632812e+00
5.520067214965820312e+00
4.391021728515625000e+00
6.363086700439453125e+00
3.799326181411743164e+00
7.099805831909179688e+00
5.847499370574951172e+00
5.139393806457519531e+00
5.400922298431396484e+00
5.166204929351806641e+00
4.516090393066406250e+00
5.613808631896972656e+00
4.623688220977783203e+00
5.997679710388183594e+00
4.213424205780029297e+00
5.241173744201660156e+00
6.251504898071289062e+00
5.384193420410156250e+00
6.596301078796386719e+00
5.176666259765625000e+00
5.226119995117187500e+00
6.559843063354492188e+00
4.884564399719238281e+00
5.960857391357421875e+00
4.798883438110351562e+00
6.248268127441406250e+00
4.683256626129150391e+00
6.201295852661132812e+00
6.322854042053222656e+00
3.885532855987548828e+00
1.005995273590087891e+01
5.229226350784301758e-01
1.082460403442382812e+01
4.104268074035644531e+00
5.427436828613281250e+00
4.421786308288574219e+00
4.119084835052490234e+00
5.371384143829345703e+00
3.784763097763061523e+00
6.508323669433593750e+00
4.170006752014160156e+00
5.552377223968505859e+00
4.583597660064697266e+00
5.719844341278076172e+00
2.356707572937011719e+00
1.437089157104492188e+01
7.339578866958618164e-01
1.226081371307373047e+01
1.548827171325683594e+00
8.677473068237304688e+00
9.593936920166015625e+00
5.504635810852050781e+00
4.439945220947265625e+00
6.992253780364990234e+00
3.266627073287963867e+00
8.665845870971679688e+00
1.809223175048828125e+00
7.926064491271972656e+00
7.088820457458496094e+00
4.023797035217285156e+00
6.941632270812988281e+00
5.674911499023437500e+00
5.374830722808837891e+00
4.347851753234863281e+00
6.323569297790527344e+00
2.547904729843139648e+00
1.081881809234619141e+01
8.659181594848632812e+00
3.858400344848632812e+00
9.189849853515625000e+00
6.825865268707275391e+00
2.845047473907470703e+00
1.005105590820312500e+01
4.924387931823730469e+00
3.564565896987915039e+00
7.252387523651123047e+00
6.412147998809814453e+00
3.553730010986328125e+00
7.216801643371582031e+00
4.420958518981933594e+00
6.328299045562744141e+00
4.524285316467285156e+00
5.803255081176757812e+00
5.293603897094726562e+00
5.220024108886718750e+00
4.510109424591064453e+00
4.992170333862304688e+00
5.558988571166992188e+00
4.400135040283203125e+00
5.185683250427246094e+00
5.017819881439208984e+00
4.017525672912597656e+00
4.774067878723144531e+00
5.297902584075927734e+00
4.862379074096679688e+00
4.876809120178222656e+00
5.053853034973144531e+00
3.600190877914428711e+00
6.633082866668701172e+00
6.462969779968261719e+00
4.536017894744873047e+00
6.365099906921386719e+00
5.342817783355712891e+00
3.607163429260253906e+00
7.463573455810546875e+00
5.476661682128906250e+00
4.411771297454833984e+00
5.458131790161132812e+00
5.002264022827148438e+00
5.006804466247558594e+00
5.419168949127197266e+00
3.425198793411254883e+00
7.321477890014648438e+00
4.525197029113769531e+00
5.345574378967285156e+00
5.923830032348632812e+00
3.647283077239990234e+00
1.011480236053466797e+01
2.493852138519287109e+00
7.617909431457519531e+00
7.135456562042236328e+00
4.919577121734619141e+00
6.956959724426269531e+00
5.533420562744140625e+00
5.921439170837402344e+00
4.616409301757812500e+00
7.419705390930175781e+00
5.198238372802734375e+00
5.447989940643310547e+00
5.587025642395019531e+00
4.807953834533691406e+00
4.217170238494873047e+00
8.072110176086425781e+00
3.671860456466674805e+00
6.330852031707763672e+00
6.497025489807128906e+00
4.677467346191406250e+00
6.653527259826660156e+00
5.196619033813476562e+00
3.925964593887329102e+00
4.371299743652343750e+00
7.169828891754150391e+00
4.358897209167480469e+00
5.097659111022949219e+00
5.792893886566162109e+00
5.057489871978759766e+00
4.113510131835937500e+00
5.320412635803222656e+00
5.033572196960449219e+00
5.088377952575683594e+00
4.421311378479003906e+00
5.418217658996582031e+00
3.365131855010986328e+00
6.094664573669433594e+00
4.165943145751953125e+00
4.815636634826660156e+00
5.832844257354736328e+00
5.735094070434570312e+00
4.476344585418701172e+00
4.731215476989746094e+00
5.498199462890625000e+00
4.068082809448242188e+00
5.186987876892089844e+00
5.099269866943359375e+00
4.789631843566894531e+00
5.996770858764648438e+00
4.683413028717041016e+00
5.277315139770507812e+00
4.925963401794433594e+00
4.238438606262207031e+00
5.426669597625732422e+00
4.374286651611328125e+00
5.397692680358886719e+00
5.451583385467529297e+00
3.928757905960083008e+00
6.447758674621582031e+00
3.605771303176879883e+00
4.592005729675292969e+00
8.077009201049804688e+00
3.759959220886230469e+00
6.448301315307617188e+00
6.817041397094726562e+00
5.000999450683593750e+00
4.875380039215087891e+00
6.394608497619628906e+00
3.514345645904541016e+00
7.567601203918457031e+00
4.414355278015136719e+00
6.822972774505615234e+00
6.024467468261718750e+00
4.921904087066650391e+00
6.830867767333984375e+00
5.652266502380371094e+00
4.910368919372558594e+00
6.269397258758544922e+00
3.884368658065795898e+00
9.633581161499023438e+00
2.709976196289062500e+00
9.847955703735351562e+00
8.300576210021972656e+00
5.351850509643554688e+00
4.775801658630371094e+00
7.727297306060791016e+00
4.290241241455078125e+00
6.737341403961181641e+00
3.891838550567626953e+00
8.548702239990234375e+00
1.639369964599609375e+00
1.138394165039062500e+01
7.475790023803710938e+00
3.583043098449707031e+00
8.069309234619140625e+00
5.750465393066406250e+00
4.535716056823730469e+00
7.358003616333007812e+00
3.236706733703613281e+00
4.825487136840820312e+00
6.891856193542480469e+00
4.525426864624023438e+00
3.658405303955078125e+00
4.928380012512207031e+00
4.197413444519042969e+00
4.994971752166748047e+00
5.302831172943115234e+00
3.973657846450805664e+00
4.261051177978515625e+00
6.027241706848144531e+00
4.016205787658691406e+00
4.819972991943359375e+00
5.164325237274169922e+00
4.021059989929199219e+00
6.216055393218994141e+00
2.863113641738891602e+00
9.013034820556640625e+00
6.691992759704589844e+00
4.141161441802978516e+00
5.756949901580810547e+00
6.910187244415283203e+00
5.387939453125000000e+00
4.135828971862792969e+00
6.815462589263916016e+00
3.392775058746337891e+00
5.489036083221435547e+00
5.284551620483398438e+00
4.045009613037109375e+00
5.563013076782226562e+00
5.325446128845214844e+00
4.084721565246582031e+00
6.992364406585693359e+00
2.941095829010009766e+00
7.057901382446289062e+00
5.035134315490722656e+00
4.346818447113037109e+00
6.539337158203125000e+00
4.643494129180908203e+00
3.971403360366821289e+00
6.917871475219726562e+00
5.046347141265869141e+00
3.341346263885498047e+00
7.988646507263183594e+00
5.218728065490722656e+00
4.576966762542724609e+00
5.418315887451171875e+00
5.355786323547363281e+00
3.300641298294067383e+00
7.229151725769042969e+00
1.494688987731933594e+00
8.878421783447265625e+00
2.662783384323120117e+00
7.254759311676025391e+00
3.527772903442382812e+00
6.541968345642089844e+00
3.779173851013183594e+00
4.761019229888916016e+00
5.976703643798828125e+00
2.117795705795288086e+00
1.213242816925048828e+01
2.818982124328613281e+00
5.869575977325439453e+00
6.569096565246582031e+00
5.327599525451660156e+00
4.927875995635986328e+00
6.029397964477539062e+00
3.502995014190673828e+00
7.961706161499023438e+00
5.266483306884765625e+00
4.652746200561523438e+00
6.528681755065917969e+00
6.151495456695556641e+00
4.316021919250488281e+00
6.954077720642089844e+00
4.315502166748046875e+00
4.148978233337402344e+00
8.328132629394531250e+00
4.632470130920410156e+00
5.247921943664550781e+00
5.989035129547119141e+00
5.231155872344970703e+00
5.127586841583251953e+00
4.632232666015625000e+00
5.356916427612304688e+00
5.012257099151611328e+00
4.531178474426269531e+00
6.413082122802734375e+00
4.276802539825439453e+00
6.512297630310058594e+00
3.903351783752441406e+00
7.683577060699462891e+00
5.042417526245117188e+00
3.431194782257080078e+00
6.490269184112548828e+00
3.711272716522216797e+00
4.382218360900878906e+00
5.626383781433105469e+00
4.814008712768554688e+00
4.116528987884521484e+00
5.590307235717773438e+00
4.417750358581542969e+00
5.111267566680908203e+00
4.313421249389648438e+00
6.513667583465576172e+00
5.138773441314697266e+00
5.286890983581542969e+00
5.382406234741210938e+00
3.939609527587890625e+00
6.290103912353515625e+00
4.480227947235107422e+00
5.289649486541748047e+00
6.062958717346191406e+00
4.601362228393554688e+00
4.921299934387207031e+00
5.848012924194335938e+00
4.639990806579589844e+00
5.135705947875976562e+00
4.584808349609375000e+00
3.562005996704101562e+00
8.174994468688964844e+00
4.407088279724121094e+00
4.777750015258789062e+00
6.315319538116455078e+00
4.863253593444824219e+00
5.398025512695312500e+00
5.765398025512695312e+00
3.564242839813232422e+00
6.677677154541015625e+00
3.101047277450561523e+00
8.219709396362304688e+00
4.434723854064941406e+00
5.853859901428222656e+00
5.390587806701660156e+00
4.673008441925048828e+00
6.747804641723632812e+00
4.298613548278808594e+00
6.722356319427490234e+00
4.157904624938964844e+00
7.068477630615234375e+00
4.088191986083984375e+00
6.584378719329833984e+00
4.803909778594970703e+00
5.087403297424316406e+00
5.822713851928710938e+00
4.185148239135742188e+00
7.178905487060546875e+00
4.377444267272949219e+00
5.744158744812011719e+00
5.732283592224121094e+00
4.879337787628173828e+00
4.409898757934570312e+00
4.756930351257324219e+00
6.328288078308105469e+00
4.697574615478515625e+00
5.763697147369384766e+00
5.456368446350097656e+00
4.383059024810791016e+00
8.127846717834472656e+00
3.242236137390136719e+00
9.669739723205566406e+00
6.323128700256347656e+00
2.323989629745483398e+00
1.439363861083984375e+01
3.091057538986206055e+00
7.348663330078125000e+00
5.102792739868164062e+00
7.723839282989501953e+00
2.715328037738800049e-01
1.202290439605712891e+01
6.073760986328125000e+00
3.683182716369628906e+00
6.407034873962402344e+00
5.080829620361328125e+00
3.260587692260742188e+00
6.704154968261718750e+00
4.162963867187500000e+00
6.148397445678710938e+00
3.889947414398193359e+00
6.986869812011718750e+00
2.144917011260986328e+00
9.905407905578613281e+00
1.674517154693603516e+00
8.981067657470703125e+00
5.281353950500488281e+00
3.751247882843017578e+00
5.953540325164794922e+00
4.699429035186767578e+00
3.338231325149536133e+00
6.402157783508300781e+00
4.477045536041259766e+00
4.845700263977050781e+00
4.819562435150146484e+00
6.241924762725830078e+00
5.759181976318359375e-01
1.398976230621337891e+01
8.851968765258789062e+00
4.881485939025878906e+00
6.271519660949707031e+00
6.850340843200683594e+00
5.885934829711914062e+00
5.283949375152587891e+00
5.611985206604003906e+00
3.302282333374023438e+00
7.116550445556640625e+00
4.930254936218261719e+00
4.407058715820312500e+00
6.626815795898437500e+00
5.775161743164062500e+00
4.732132911682128906e+00
4.173133373260498047e+00
5.379659652709960938e+00
4.078663825988769531e+00
4.550011157989501953e+00
5.993077278137207031e+00
3.845959901809692383e+00
5.596029281616210938e+00
4.583945274353027344e+00
4.384657859802246094e+00
4.679959774017333984e+00
5.242966651916503906e+00
5.272810935974121094e+00
4.433615684509277344e+00
4.358634948730468750e+00
5.049555301666259766e+00
3.234606742858886719e+00
7.824364662170410156e+00
6.112954139709472656e+00
4.135375022888183594e+00
7.018629074096679688e+00
5.583497047424316406e+00
4.021296977996826172e+00
7.858382225036621094e+00
3.589798212051391602e+00
7.021217823028564453e+00
5.285049915313720703e+00
4.425060272216796875e+00
5.602474689483642578e+00
4.541099548339843750e+00
5.341240882873535156e+00
5.007109165191650391e+00
4.836294651031494141e+00
4.505143165588378906e+00
3.743440151214599609e+00
6.461801052093505859e+00
4.713914871215820312e+00
4.239230155944824219e+00
5.910448551177978516e+00
5.131558418273925781e+00
3.886185646057128906e+00
5.767005443572998047e+00
5.708962440490722656e+00
4.267703056335449219e+00
5.001927375793457031e+00
5.360483646392822266e+00
4.236815452575683594e+00
6.836284637451171875e+00
5.818930625915527344e+00
4.298528671264648438e+00
5.471917629241943359e+00
4.985067367553710938e+00
4.722780704498291016e+00
5.153976917266845703e+00
4.688161849975585938e+00
4.902286529541015625e+00
5.338825225830078125e+00
4.254487991333007812e+00
5.263634204864501953e+00
4.855487346649169922e+00
4.992682456970214844e+00
4.775189399719238281e+00
4.568890571594238281e+00
4.615847587585449219e+00
4.709633350372314453e+00
4.099323272705078125e+00
6.670198440551757812e+00
5.352714538574218750e+00
4.352731704711914062e+00
5.268457412719726562e+00
5.273572921752929688e+00
4.258526802062988281e+00
7.465693950653076172e+00
3.467660188674926758e+00
8.247147560119628906e+00
4.184296131134033203e+00
7.142207145690917969e+00
4.557176589965820312e+00
5.315576553344726562e+00
5.532949447631835938e+00
4.157813072204589844e+00
4.715105056762695312e+00
5.023228645324707031e+00
5.366712570190429688e+00
4.125791072845458984e+00
5.219242095947265625e+00
4.194779872894287109e+00
5.550642967224121094e+00
4.443324089050292969e+00
5.124482154846191406e+00
4.255972862243652344e+00
5.574351310729980469e+00
4.599935531616210938e+00
5.061792373657226562e+00
5.103737831115722656e+00
4.882221221923828125e+00
5.084302425384521484e+00
4.413699150085449219e+00
4.969024658203125000e+00
5.840461730957031250e+00
3.841100215911865234e+00
5.545887470245361328e+00
5.494581222534179688e+00
4.144262313842773438e+00
5.534878730773925781e+00
3.601321697235107422e+00
7.967320919036865234e+00
5.095293521881103516e+00
4.821099281311035156e+00
5.731999874114990234e+00
5.593717575073242188e+00
4.784069538116455078e+00
6.939148902893066406e+00
4.530550956726074219e+00
5.559220314025878906e+00
6.646983146667480469e+00
3.686587095260620117e+00
7.420156478881835938e+00
4.466531276702880859e+00
5.495755672454833984e+00
5.525873184204101562e+00
5.105141162872314453e+00
5.489935874938964844e+00
5.320224761962890625e+00
4.134441375732421875e+00
8.161176681518554688e+00
1.940987586975097656e+00
1.172632598876953125e+01
1.827511668205261230e+00
1.226060962677001953e+01
4.079298973083496094e+00
6.065653800964355469e+00
6.970323562622070312e+00
5.465093612670898438e+00
4.643048286437988281e+00
7.798708438873291016e+00
1.485710144042968750e+00
1.306975173950195312e+01
4.193942070007324219e+00
6.156388282775878906e+00
7.239550590515136719e+00
5.925044059753417969e+00
4.447731018066406250e+00
6.280433654785156250e+00
5.622282981872558594e+00
4.546119213104248047e+00
5.370275974273681641e+00
4.472993850708007812e+00
5.000257015228271484e+00
5.279130935668945312e+00
6.307039260864257812e+00
2.993669271469116211e+00
9.768413543701171875e+00
7.259716510772705078e+00
4.133441925048828125e+00
6.199880599975585938e+00
6.045431613922119141e+00
4.236198425292968750e+00
5.579760074615478516e+00
5.389233589172363281e+00
4.357226371765136719e+00
6.374149322509765625e+00
5.209591865539550781e+00
4.659539222717285156e+00
5.306049346923828125e+00
4.684510231018066406e+00
5.748668193817138672e+00
4.988292694091796875e+00
5.203422069549560547e+00
6.315730094909667969e+00
3.772039890289306641e+00
7.862045288085937500e+00
4.747657775878906250e+00
6.375469684600830078e+00
6.448608875274658203e+00
5.077082633972167969e+00
6.310900211334228516e+00
3.735159635543823242e+00
7.714909076690673828e+00
5.202178001403808594e+00
4.686189174652099609e+00
7.448312759399414062e+00
6.441070556640625000e+00
4.060431957244873047e+00
6.862831115722656250e+00
5.387993812561035156e+00
4.970945358276367188e+00
5.494652748107910156e+00
5.089350223541259766e+00
5.537884712219238281e+00
4.752057552337646484e+00
5.362694740295410156e+00
3.046121835708618164e+00
9.729278564453125000e+00
4.240862846374511719e+00
6.019357681274414062e+00
6.000431537628173828e+00
4.965038299560546875e+00
5.531328678131103516e+00
5.555641174316406250e+00
4.449634552001953125e+00
5.460464000701904297e+00
5.859900474548339844e+00
2.594152927398681641e+00
9.640574455261230469e+00
6.242312431335449219e+00
4.967920780181884766e+00
5.780679702758789062e+00
5.167505741119384766e+00
5.253921985626220703e+00
5.667736053466796875e+00
4.582979202270507812e+00
4.796236038208007812e+00
5.179758071899414062e+00
3.886709690093994141e+00
6.443922996520996094e+00
5.917540550231933594e+00
4.019479751586914062e+00
5.610242843627929688e+00
2.910837173461914062e+00
6.987565994262695312e+00
3.110608577728271484e+00
9.266849517822265625e+00
2.087293624877929688e+00
8.904087066650390625e+00
4.062493801116943359e+00
5.187861442565917969e+00
5.525506019592285156e+00
2.007386445999145508e+00
1.076835536956787109e+01
3.416738033294677734e+00
6.971370697021484375e+00
7.205773353576660156e+00
3.474429130554199219e+00
1.002719497680664062e+01
2.824295759201049805e-01
1.543001365661621094e+01
6.858396530151367188e+00
4.100499153137207031e+00
7.006950855255126953e+00
4.607720851898193359e+00
4.502561569213867188e+00
6.910895824432373047e+00
1.105561971664428711e+00
9.026983261108398438e+00
2.413235187530517578e+00
7.158265113830566406e+00
5.800425052642822266e+00
4.170319080352783203e+00
6.127722740173339844e+00
4.311566352844238281e+00
4.046929836273193359e+00
9.016081809997558594e+00
3.050843715667724609e+00
7.237678050994873047e+00
4.371740818023681641e+00
4.784883499145507812e+00
5.007579803466796875e+00
5.031157493591308594e+00
4.964612007141113281e+00
4.191667556762695312e+00
5.613039493560791016e+00
4.213202476501464844e+00
4.489234924316406250e+00
5.614917755126953125e+00
3.751631975173950195e+00
4.550071716308593750e+00
6.185851097106933594e+00
5.078625679016113281e+00
4.408907890319824219e+00
4.716856002807617188e+00
5.160056114196777344e+00
4.576341152191162109e+00
5.564003944396972656e+00
4.415874481201171875e+00
4.457983970642089844e+00
6.806346893310546875e+00
5.455390930175781250e+00
3.831495523452758789e+00
7.071988105773925781e+00
5.047380447387695312e+00
4.885862350463867188e+00
5.452210903167724609e+00
5.223031997680664062e+00
4.663999557495117188e+00
5.345157146453857422e+00
4.901771545410156250e+00
4.703395843505859375e+00
5.505434036254882812e+00
4.590199470520019531e+00
5.499394893646240234e+00
4.385511398315429688e+00
4.750662803649902344e+00
5.143171310424804688e+00
5.641757488250732422e+00
4.261369705200195312e+00
4.984491348266601562e+00
5.909327030181884766e+00
4.239236831665039062e+00
5.459844112396240234e+00
5.662897109985351562e+00
4.577219963073730469e+00
4.514922142028808594e+00
5.713096618652343750e+00
4.813508033752441406e+00
3.978099346160888672e+00
6.640586853027343750e+00
5.838551521301269531e+00
4.311165809631347656e+00
5.110198020935058594e+00
5.541271686553955078e+00
5.032628059387207031e+00
3.680072069168090820e+00
6.235991477966308594e+00
4.882690906524658203e+00
4.704145431518554688e+00
5.667523860931396484e+00
4.684913635253906250e+00
6.285705089569091797e+00
4.183740139007568359e+00
7.201852321624755859e+00
5.102914333343505859e+00
4.719882488250732422e+00
6.095105648040771484e+00
4.561904430389404297e+00
6.176523208618164062e+00
4.040454864501953125e+00
5.661327362060546875e+00
5.336477279663085938e+00
4.422655582427978516e+00
5.473478794097900391e+00
3.475875854492187500e+00
8.512317657470703125e+00
5.271538734436035156e+00
3.426568269729614258e+00
8.149974822998046875e+00
4.634838581085205078e+00
4.948531150817871094e+00
6.763575077056884766e+00
4.309003829956054688e+00
4.805889129638671875e+00
5.557373523712158203e+00
3.816886425018310547e+00
6.331757068634033203e+00
4.193232536315917969e+00
4.860218048095703125e+00
4.939513683319091797e+00
4.505378723144531250e+00
5.734041690826416016e+00
3.874178886413574219e+00
6.055759429931640625e+00
4.579746246337890625e+00
3.963849544525146484e+00
6.930089950561523438e+00
4.364288330078125000e+00
4.182749748229980469e+00
5.802106857299804688e+00
5.224147796630859375e+00
4.658648490905761719e+00
5.346004486083984375e+00
4.962341308593750000e+00
5.016264915466308594e+00
4.570206165313720703e+00
5.302926063537597656e+00
5.438305854797363281e+00
3.537560462951660156e+00
8.000984191894531250e+00
2.875372886657714844e+00
8.942646026611328125e+00
4.132481575012207031e+00
6.946626663208007812e+00
5.316499710083007812e+00
6.173020362854003906e+00
5.084753513336181641e+00
5.174983978271484375e+00
4.840032100677490234e+00
5.136956214904785156e+00
4.845623493194580078e+00
4.626042366027832031e+00
5.515639305114746094e+00
3.862685203552246094e+00
7.551205158233642578e+00
3.112583160400390625e+00
6.602945327758789062e+00
5.052145957946777344e+00
4.339892387390136719e+00
5.278466224670410156e+00
4.736349105834960938e+00
5.036523818969726562e+00
4.345861434936523438e+00
4.560637474060058594e+00
4.088841915130615234e+00
4.729197502136230469e+00
4.453709125518798828e+00
4.640926361083984375e+00
5.075284481048583984e+00
4.515025138854980469e+00
4.611407279968261719e+00
5.038065910339355469e+00
4.958902359008789062e+00
4.246892452239990234e+00
5.379288673400878906e+00
4.157553672790527344e+00
5.885884761810302734e+00
4.271564483642578125e+00
6.164664268493652344e+00
3.630764245986938477e+00
8.704808235168457031e+00
4.841817378997802734e+00
5.673781394958496094e+00
6.092076301574707031e+00
5.141648292541503906e+00
4.924331665039062500e+00
6.286116600036621094e+00
4.445029258728027344e+00
5.494931221008300781e+00
4.767914772033691406e+00
5.941519260406494141e+00
4.954193592071533203e+00
5.035744190216064453e+00
5.712050437927246094e+00
3.811123847961425781e+00
7.173494815826416016e+00
3.806615829467773438e+00
6.933633804321289062e+00
5.112957954406738281e+00
5.078072071075439453e+00
6.422609329223632812e+00
3.997780799865722656e+00
5.986733436584472656e+00
4.116901397705078125e+00
4.846086978912353516e+00
6.893037796020507812e+00
2.529747247695922852e+00
8.115135192871093750e+00
3.093650817871093750e+00
9.505596160888671875e+00
3.207776546478271484e+00
8.442777633666992188e+00
5.363411903381347656e+00
5.129547119140625000e+00
6.285604476928710938e+00
2.093050479888916016e+00
7.318552970886230469e+00
1.429054260253906250e+00
8.633644104003906250e+00
2.240983724594116211e+00
6.145367145538330078e+00
6.767741203308105469e+00
5.084776878356933594e+00
4.332272052764892578e+00
6.891250610351562500e+00
1.751056194305419922e+00
1.158883762359619141e+01
1.384684085845947266e+00
8.450841903686523438e+00
6.280908584594726562e+00
3.820288181304931641e+00
6.234367370605468750e+00
3.710722923278808594e+00
5.574803352355957031e+00
5.227481365203857422e+00
3.124468803405761719e+00
9.151565551757812500e+00
3.143167018890380859e+00
7.946198940277099609e+00
5.549477577209472656e+00
3.080793619155883789e+00
9.911396026611328125e+00
3.306112766265869141e+00
6.522835731506347656e+00
5.689721107482910156e+00
2.897134542465209961e+00
8.838368415832519531e+00
2.542460918426513672e+00
7.902400970458984375e+00
5.648963928222656250e+00
5.067732810974121094e+00
5.745101928710937500e+00
5.680861473083496094e+00
4.454272270202636719e+00
7.185206890106201172e+00
3.371740818023681641e+00
8.001216888427734375e+00
5.691683769226074219e+00
4.502627372741699219e+00
7.274598121643066406e+00
5.937139511108398438e+00
4.943660259246826172e+00
3.853553056716918945e+00
7.028405189514160156e+00
4.767128467559814453e+00
4.818860054016113281e+00
5.380179882049560547e+00
4.002853393554687500e+00
5.269299983978271484e+00
5.095273971557617188e+00
4.353209495544433594e+00
5.826927185058593750e+00
5.331645965576171875e+00
4.017303466796875000e+00
5.898056030273437500e+00
4.369009971618652344e+00
4.931062221527099609e+00
4.671266555786132812e+00
5.015178680419921875e+00
5.093354225158691406e+00
3.527681827545166016e+00
6.696300506591796875e+00
2.640312671661376953e+00
7.231104850769042969e+00
4.650741577148437500e+00
5.569358825683593750e+00
4.875396728515625000e+00
4.378293037414550781e+00
4.933851242065429688e+00
5.577340602874755859e+00
3.790512323379516602e+00
6.021144390106201172e+00
3.926443815231323242e+00
6.113828659057617188e+00
6.000150680541992188e+00
5.106613159179687500e+00
4.227535247802734375e+00
5.248282909393310547e+00
3.548810958862304688e+00
6.334194183349609375e+00
3.744220018386840820e+00
5.483985900878906250e+00
5.079064369201660156e+00
3.877476692199707031e+00
4.603748321533203125e+00
5.130297660827636719e+00
4.985220909118652344e+00
4.264270782470703125e+00
4.623993873596191406e+00
4.967559337615966797e+00
4.566470623016357422e+00
5.100896358489990234e+00
4.564476966857910156e+00
4.074293613433837891e+00
4.989373207092285156e+00
3.884598731994628906e+00
6.583293437957763672e+00
3.478834867477416992e+00
5.470177650451660156e+00
4.445223331451416016e+00
5.128194808959960938e+00
4.620060920715332031e+00
4.654899120330810547e+00
4.756283760070800781e+00
3.959553003311157227e+00
5.697206020355224609e+00
2.782305717468261719e+00
7.903418540954589844e+00
3.430517435073852539e+00
6.096715927124023438e+00
5.717654228210449219e+00
4.959088802337646484e+00
5.006924629211425781e+00
5.031121253967285156e+00
3.824021339416503906e+00
5.455941200256347656e+00
3.550348997116088867e+00
5.035145759582519531e+00
5.442116737365722656e+00
3.865215063095092773e+00
5.596654415130615234e+00
4.177599906921386719e+00
4.210852622985839844e+00
5.766172885894775391e+00
3.439976930618286133e+00
6.624778270721435547e+00
2.521667003631591797e+00
9.520208358764648438e+00
2.887718677520751953e+00
5.857376098632812500e+00
2.729129076004028320e+00
7.482861995697021484e+00
6.029074668884277344e+00
4.609802722930908203e+00
6.305521011352539062e+00
6.131247520446777344e+00
2.562515735626220703e+00
7.479192733764648438e+00
4.899883270263671875e+00
4.319753170013427734e+00
5.671945095062255859e+00
5.986756801605224609e+00
3.522925853729248047e+00
6.787274360656738281e+00
5.129026889801025391e+00
4.564238071441650391e+00
4.913903236389160156e+00
6.114221572875976562e+00
3.260849237442016602e+00
8.945192337036132812e+00
3.663979530334472656e+00
6.835663795471191406e+00
6.595921516418457031e+00
5.046960830688476562e+00
8.510678291320800781e+00
2.309602737426757812e+00
1.032978820800781250e+01
1.345394372940063477e+00
1.097807312011718750e+01
4.462198257446289062e+00
5.588232994079589844e+00
7.334051609039306641e+00
5.125486850738525391e+00
4.370449066162109375e+00
6.127598762512207031e+00
2.975097179412841797e+00
7.513028621673583984e+00
4.230058193206787109e+00
4.402215003967285156e+00
6.067358016967773438e+00
3.576218605041503906e+00
5.896186351776123047e+00
2.818766355514526367e+00
6.963419437408447266e+00
5.464891910552978516e+00
4.113201618194580078e+00
5.616033077239990234e+00
5.989823341369628906e+00
3.590863704681396484e+00
7.486610412597656250e+00
3.493126392364501953e+00
6.087000846862792969e+00
6.088066101074218750e+00
4.813354969024658203e+00
4.661748886108398438e+00
5.098663330078125000e+00
5.473420143127441406e+00
3.986440658569335938e+00
5.081573963165283203e+00
4.640021324157714844e+00
5.355552196502685547e+00
4.083116054534912109e+00
5.670850753784179688e+00
3.125184297561645508e+00
8.244449615478515625e+00
5.652916908264160156e+00
3.098657131195068359e+00
7.974496841430664062e+00
5.541761398315429688e+00
4.044436454772949219e+00
7.785088539123535156e+00
4.762904644012451172e+00
4.227768898010253906e+00
6.589630603790283203e+00
5.116622447967529297e+00
3.567941665649414062e+00
7.604212760925292969e+00
4.998200416564941406e+00
3.794292449951171875e+00
6.992609024047851562e+00
5.040251731872558594e+00
3.613653898239135742e+00
7.890082359313964844e+00
2.952371597290039062e+00
7.899573326110839844e+00
6.485217094421386719e+00
4.674558639526367188e+00
5.578448772430419922e+00
4.811460018157958984e+00
5.381214618682861328e+00
5.295510292053222656e+00
3.831490993499755859e+00
6.737529754638671875e+00
4.015996932983398438e+00
6.998842239379882812e+00
3.983891963958740234e+00
6.309408187866210938e+00
3.889750719070434570e+00
5.261767864227294922e+00
4.170155525207519531e+00
6.606828212738037109e+00
4.725515365600585938e+00
4.901560783386230469e+00
4.701063156127929688e+00
5.231664657592773438e+00
4.254042625427246094e+00
6.718672752380371094e+00
2.550971508026123047e+00
8.507417678833007812e+00
1.529291987419128418e+00
1.020994567871093750e+01
3.485465764999389648e+00
6.748600482940673828e+00
6.954452514648437500e+00
5.383414268493652344e+00
4.840153217315673828e+00
4.712384223937988281e+00
5.874930381774902344e+00
4.013602733612060547e+00
5.348855495452880859e+00
5.106924057006835938e+00
3.711023330688476562e+00
5.612278938293457031e+00
4.166676521301269531e+00
5.981609821319580078e+00
3.402503252029418945e+00
6.790225982666015625e+00
2.460526943206787109e+00
9.541594505310058594e+00
1.283519029617309570e+00
1.282860565185546875e+01
4.633435249328613281e+00
4.723028182983398438e+00
6.015875816345214844e+00
4.618932723999023438e+00
5.122468948364257812e+00
4.676162719726562500e+00
5.195635795593261719e+00
4.934833526611328125e+00
4.517745494842529297e+00
5.759364128112792969e+00
3.543992519378662109e+00
8.638157844543457031e+00
3.265417337417602539e+00
8.983271598815917969e+00
4.397706985473632812e+00
6.678515911102294922e+00
5.785035133361816406e+00
4.362611293792724609e+00
6.503974914550781250e+00
4.426854133605957031e+00
5.715699195861816406e+00
4.056056976318359375e+00
5.443619728088378906e+00
4.990039825439453125e+00
4.203440189361572266e+00
5.090892791748046875e+00
4.358950138092041016e+00
5.109542369842529297e+00
4.261651039123535156e+00
5.013806343078613281e+00
5.017681121826171875e+00
4.365136146545410156e+00
3.836961269378662109e+00
6.051965713500976562e+00
4.379869461059570312e+00
6.005817413330078125e+00
3.664211273193359375e+00
6.836907386779785156e+00
4.815452575683593750e+00
5.106459617614746094e+00
4.917296409606933594e+00
3.863031387329101562e+00
8.002560615539550781e+00
3.401676177978515625e+00
6.400761604309082031e+00
5.733364105224609375e+00
4.225472450256347656e+00
6.955714225769042969e+00
5.464142322540283203e+00
2.453166961669921875e+00
9.810087203979492188e+00
2.952211141586303711e+00
5.808130741119384766e+00
5.336726665496826172e+00
4.588737487792968750e+00
4.964238166809082031e+00
4.798099040985107422e+00
5.048517227172851562e+00
4.932316780090332031e+00
3.953750610351562500e+00
5.658875465393066406e+00
3.221436500549316406e+00
6.088941574096679688e+00
3.701454639434814453e+00
5.619307518005371094e+00
4.714859962463378906e+00
4.269878387451171875e+00
5.063107490539550781e+00
4.391608715057373047e+00
4.899330139160156250e+00
4.637110710144042969e+00
4.232044219970703125e+00
4.836811542510986328e+00
4.934495925903320312e+00
4.872544288635253906e+00
4.289437294006347656e+00
5.100874900817871094e+00
4.064321041107177734e+00
5.089975357055664062e+00
4.658037662506103516e+00
4.110712528228759766e+00
5.668941974639892578e+00
4.503351211547851562e+00
4.303831100463867188e+00
5.126501083374023438e+00
4.687723159790039062e+00
4.958961963653564453e+00
5.193397521972656250e+00
3.925545215606689453e+00
5.826260089874267578e+00
4.946968078613281250e+00
4.684411048889160156e+00
3.981012105941772461e+00
6.350121021270751953e+00
2.823040008544921875e+00
7.165950775146484375e+00
2.187161207199096680e+00
1.100382995605468750e+01
4.101371765136718750e+00
5.354022979736328125e+00
6.527366638183593750e+00
4.912908554077148438e+00
5.680701732635498047e+00
5.718600273132324219e+00
2.820077896118164062e+00
7.939420223236083984e+00
1.237445354461669922e+00
1.177237510681152344e+01
2.621704101562500000e+00
7.106587409973144531e+00
5.673452377319335938e+00
4.685528755187988281e+00
5.878364086151123047e+00
4.559832572937011719e+00
5.710376739501953125e+00
2.678372383117675781e+00
9.088126182556152344e+00
3.039341926574707031e+00
7.244530200958251953e+00
5.765420913696289062e+00
3.873098134994506836e+00
7.134330272674560547e+00
5.123261451721191406e+00
3.831558704376220703e+00
6.201594829559326172e+00
4.908620357513427734e+00
3.235766649246215820e+00
6.040297985076904297e+00
3.542283296585083008e+00
6.356176376342773438e+00
1.816850185394287109e+00
1.025203895568847656e+01
5.350276470184326172e+00
3.720134973526000977e+00
6.261544704437255859e+00
4.859164237976074219e+00
4.314994812011718750e+00
5.042763710021972656e+00
5.147940158843994141e+00
3.227499723434448242e+00
6.611443996429443359e+00
2.846223354339599609e+00
6.134603500366210938e+00
5.355491638183593750e+00
4.521556377410888672e+00
4.883376121520996094e+00
4.286926269531250000e+00
5.047351837158203125e+00
4.187304496765136719e+00
4.133949279785156250e+00
5.502767086029052734e+00
4.348102569580078125e+00
4.062602996826171875e+00
5.628799438476562500e+00
3.753861665725708008e+00
4.689254283905029297e+00
4.863534450531005859e+00
4.401705741882324219e+00
4.604672908782958984e+00
4.566448211669921875e+00
4.834416866302490234e+00
4.552021980285644531e+00
4.088832855224609375e+00
5.073864459991455078e+00
3.570532083511352539e+00
5.334168434143066406e+00
4.321200370788574219e+00
4.508551597595214844e+00
5.576121807098388672e+00
4.398076534271240234e+00
4.251850128173828125e+00
4.675444602966308594e+00
4.390903949737548828e+00
3.737554073333740234e+00
6.290668487548828125e+00
3.852765083312988281e+00
4.715150356292724609e+00
4.726042747497558594e+00
4.323550224304199219e+00
4.697181701660156250e+00
4.033405780792236328e+00
5.097656250000000000e+00
4.040681838989257812e+00
3.949086666107177734e+00
5.006237030029296875e+00
3.755090236663818359e+00
4.627979278564453125e+00
4.343499183654785156e+00
4.825178146362304688e+00
3.602674961090087891e+00
5.172593593597412109e+00
4.372058391571044922e+00
4.533696174621582031e+00
4.251837730407714844e+00
4.066678524017333984e+00
5.486374855041503906e+00
4.768247604370117188e+00
2.814813613891601562e+00
5.753650188446044922e+00
4.984834671020507812e+00
2.738171815872192383e+00
6.377305984497070312e+00
4.271245002746582031e+00
4.965292930603027344e+00
4.883510112762451172e+00
4.996796607971191406e+00
3.644556999206542969e+00
4.173553466796875000e+00
5.695013046264648438e+00
3.906746387481689453e+00
6.247752189636230469e+00
3.636884212493896484e+00
5.487592220306396484e+00
4.849040031433105469e+00
4.620829105377197266e+00
4.932248592376708984e+00
5.708285331726074219e+00
3.412603139877319336e+00
5.265097141265869141e+00
5.004601955413818359e+00
4.414735794067382812e+00
4.288507461547851562e+00
4.896752357482910156e+00
4.644544601440429688e+00
4.237788677215576172e+00
5.315044403076171875e+00
3.678063869476318359e+00
5.363879680633544922e+00
5.043458938598632812e+00
3.542152881622314453e+00
6.510634899139404297e+00
4.363281250000000000e+00
5.510241508483886719e+00
3.955350160598754883e+00
6.335834026336669922e+00
5.419731616973876953e+00
4.320740222930908203e+00
5.577321529388427734e+00
4.133213996887207031e+00
5.112168312072753906e+00
4.076623916625976562e+00
5.551815032958984375e+00
4.015642642974853516e+00
4.312818527221679688e+00
6.204561233520507812e+00
3.101255416870117188e+00
8.216796875000000000e+00
4.326937198638916016e+00
5.986237525939941406e+00
5.323637962341308594e+00
4.969452857971191406e+00
4.926484107971191406e+00
4.346083641052246094e+00
5.287757873535156250e+00
5.240871429443359375e+00
3.435744285583496094e+00
6.448777198791503906e+00
4.474801063537597656e+00
4.904722213745117188e+00
5.506852149963378906e+00
4.149811744689941406e+00
4.496150970458984375e+00
5.008711338043212891e+00
3.904997348785400391e+00
6.159794807434082031e+00
3.993600368499755859e+00
5.280786514282226562e+00
5.313175201416015625e+00
4.271093845367431641e+00
4.336358070373535156e+00
5.017938613891601562e+00
4.189869880676269531e+00
4.991702079772949219e+00
3.368148803710937500e+00
6.373301982879638672e+00
3.695856094360351562e+00
6.046768188476562500e+00
4.197900772094726562e+00
5.410174846649169922e+00
4.729846954345703125e+00
5.093404769897460938e+00
4.108911514282226562e+00
4.883611679077148438e+00
4.577863693237304688e+00
5.166050434112548828e+00
3.818051815032958984e+00
4.326678752899169922e+00
4.623154640197753906e+00
4.805403709411621094e+00
4.978556156158447266e+00
5.353474617004394531e+00
9.611395597457885742e-01
1.185241317749023438e+01
2.338722199201583862e-01
9.448930740356445312e+00
2.836239814758300781e+00
4.376859664916992188e+00
5.635316848754882812e+00
3.555598258972167969e+00
4.681120872497558594e+00
4.088787078857421875e+00
3.991336822509765625e+00
4.110576629638671875e+00
4.038446426391601562e+00
4.844931602478027344e+00
3.172888755798339844e+00
7.107799530029296875e+00
2.549587726593017578e+00
6.746246337890625000e+00
4.213516235351562500e+00
3.988278865814208984e+00
4.053663253784179688e+00
5.018399715423583984e+00
2.697998285293579102e+00
8.394285202026367188e+00
9.034178256988525391e-01
1.361745643615722656e+01
4.987561225891113281e+00
4.386578559875488281e+00
5.719474792480468750e+00
5.187062740325927734e+00
3.552450895309448242e+00
5.672951698303222656e+00
5.033601284027099609e+00
3.236446619033813477e+00
1.028111839294433594e+01
9.802021384239196777e-01
9.718170166015625000e+00
4.832266807556152344e+00
4.846919059753417969e+00
6.523361682891845703e+00
5.751193523406982422e+00
4.261104583740234375e+00
7.401722908020019531e+00
2.411414146423339844e+00
8.227218627929687500e+00
6.705225944519042969e+00
4.480339527130126953e+00
7.765902519226074219e+00
3.673323154449462891e+00
8.240592956542968750e+00
5.961218833923339844e+00
4.520496845245361328e+00
7.074163436889648438e+00
1.584571242332458496e+00
1.118655872344970703e+01
3.681216239929199219e+00
4.633567810058593750e+00
5.993322372436523438e+00
4.661772251129150391e+00
5.282655239105224609e+00
3.171705245971679688e+00
7.028769493103027344e+00
3.572694063186645508e+00
6.225999355316162109e+00
3.302000999450683594e+00
7.187252521514892578e+00
3.742768764495849609e+00
5.365548610687255859e+00
4.677815437316894531e+00
4.189817428588867188e+00
4.796727180480957031e+00
4.735579490661621094e+00
3.836094856262207031e+00
6.689190864562988281e+00
2.579882621765136719e+00
6.993898868560791016e+00
6.311863899230957031e+00
4.491005897521972656e+00
4.737125396728515625e+00
5.022123813629150391e+00
4.019848346710205078e+00
5.085408210754394531e+00
5.030783653259277344e+00
4.402348518371582031e+00
4.075497150421142578e+00
5.733266353607177734e+00
4.081174850463867188e+00
4.788103580474853516e+00
4.555169582366943359e+00
4.469745635986328125e+00
5.252981185913085938e+00
4.591686248779296875e+00
4.281360149383544922e+00
4.211388587951660156e+00
6.041398048400878906e+00
4.803049087524414062e+00
4.160925865173339844e+00
5.098897933959960938e+00
3.561175584793090820e+00
4.868567466735839844e+00
4.681790351867675781e+00
3.780263662338256836e+00
4.993174076080322266e+00
4.159306526184082031e+00
4.779046535491943359e+00
4.028248310089111328e+00
4.688528060913085938e+00
4.050916671752929688e+00
4.846209526062011719e+00
3.825594663619995117e+00
5.038693904876708984e+00
3.843338251113891602e+00
4.696444511413574219e+00
4.559356689453125000e+00
4.481242179870605469e+00
4.745492935180664062e+00
3.662527561187744141e+00
5.476211547851562500e+00
3.310592174530029297e+00
4.877372741699218750e+00
5.279707908630371094e+00
3.681125164031982422e+00
5.931061744689941406e+00
4.499684333801269531e+00
3.111117839813232422e+00
5.503101348876953125e+00
4.808380126953125000e+00
2.958042144775390625e+00
6.520541191101074219e+00
3.308989524841308594e+00
6.147313117980957031e+00
5.134419918060302734e+00
3.245283126831054688e+00
6.336135864257812500e+00
5.430132865905761719e+00
3.894219160079956055e+00
5.802319049835205078e+00
3.568363189697265625e+00
5.854420661926269531e+00
3.951951026916503906e+00
4.176076889038085938e+00
4.953785896301269531e+00
4.492423534393310547e+00
3.512163877487182617e+00
5.500020503997802734e+00
3.797048091888427734e+00
4.119016647338867188e+00
4.868010520935058594e+00
4.487813949584960938e+00
4.211315155029296875e+00
5.137781620025634766e+00
4.234094619750976562e+00
4.090483188629150391e+00
4.868491172790527344e+00
3.445910930633544922e+00
5.986884117126464844e+00
4.880539894104003906e+00
4.664212226867675781e+00
4.499135494232177734e+00
4.353806018829345703e+00
4.821223258972167969e+00
4.693324089050292969e+00
4.919156551361083984e+00
4.004772186279296875e+00
4.510746002197265625e+00
5.103752136230468750e+00
2.942308425903320312e+00
7.701397895812988281e+00
4.427884101867675781e+00
3.696832895278930664e+00
6.563143730163574219e+00
4.099370479583740234e+00
3.967288970947265625e+00
5.622891426086425781e+00
4.238765716552734375e+00
4.681405067443847656e+00
5.152230739593505859e+00
2.443117856979370117e+00
9.081006050109863281e+00
2.924990177154541016e+00
6.175483703613281250e+00
6.399476051330566406e+00
4.457135200500488281e+00
4.821340560913085938e+00
5.386406898498535156e+00
3.744677543640136719e+00
4.898869037628173828e+00
4.526178359985351562e+00
4.547609329223632812e+00
2.699155807495117188e+00
8.606894493103027344e+00
7.621573209762573242e-01
1.183052062988281250e+01
5.564974784851074219e+00
3.585640430450439453e+00
5.668353080749511719e+00
4.297564983367919922e+00
4.514044761657714844e+00
5.998920440673828125e+00
7.835955619812011719e-01
9.969510078430175781e+00
1.165192127227783203e+00
8.857252120971679688e+00
1.263481020927429199e+00
7.777347564697265625e+00
5.301503181457519531e+00
3.777009248733520508e+00
5.359273910522460938e+00
4.393199443817138672e+00
4.472864627838134766e+00
3.443669080734252930e+00
4.624335289001464844e+00
3.325136423110961914e+00
6.096337795257568359e+00
4.150783538818359375e+00
5.217077255249023438e+00
5.012886047363281250e+00
3.849101781845092773e+00
5.848701000213623047e+00
3.015624046325683594e+00
6.272016048431396484e+00
4.759725093841552734e+00
4.227706909179687500e+00
4.870577335357666016e+00
4.281571388244628906e+00
4.827866077423095703e+00
3.846975564956665039e+00
6.145329475402832031e+00
3.257384777069091797e+00
6.642052650451660156e+00
4.928241252899169922e+00
4.558906078338623047e+00
5.494698524475097656e+00
5.001014709472656250e+00
4.459635257720947266e+00
4.359525203704833984e+00
5.688982963562011719e+00
3.478735446929931641e+00
6.380307197570800781e+00
4.131291389465332031e+00
5.077114105224609375e+00
4.500996589660644531e+00
5.080987453460693359e+00
5.086028099060058594e+00
3.987604618072509766e+00
4.925727844238281250e+00
4.576075553894042969e+00
3.441765069961547852e+00
6.535919189453125000e+00
4.064551353454589844e+00
4.644956588745117188e+00
5.426696777343750000e+00
3.516775608062744141e+00
4.805839061737060547e+00
4.934841156005859375e+00
3.928989887237548828e+00
5.715751171112060547e+00
4.540779590606689453e+00
3.503104686737060547e+00
5.210712432861328125e+00
4.287938117980957031e+00
3.960424423217773438e+00
4.446654319763183594e+00
4.274544715881347656e+00
4.811162471771240234e+00
3.117850780487060547e+00
6.063348770141601562e+00
4.190927505493164062e+00
4.180706024169921875e+00
4.629124641418457031e+00
4.419871330261230469e+00
4.938094615936279297e+00
3.465193986892700195e+00
4.290684223175048828e+00
5.509948730468750000e+00
3.804944753646850586e+00
5.440260410308837891e+00
3.892864704132080078e+00
4.670641899108886719e+00
4.480452537536621094e+00
3.708462953567504883e+00
5.615287780761718750e+00
3.748704671859741211e+00
4.921760559082031250e+00
3.844062089920043945e+00
3.817049503326416016e+00
4.916349411010742188e+00
4.740551948547363281e+00
3.654546022415161133e+00
5.256146430969238281e+00
3.476621150970458984e+00
4.964835166931152344e+00
4.087618827819824219e+00
4.232376098632812500e+00
4.945858955383300781e+00
3.379897832870483398e+00
4.914153099060058594e+00
3.219697475433349609e+00
6.608045578002929688e+00
1.481797933578491211e+00
9.503936767578125000e+00
2.558518886566162109e+00
6.002842903137207031e+00
4.815955162048339844e+00
3.139849901199340820e+00
5.972203254699707031e+00
4.835721015930175781e+00
3.277669668197631836e+00
6.841573715209960938e+00
2.670862197875976562e+00
6.908073425292968750e+00
4.696149826049804688e+00
3.954081535339355469e+00
5.665583133697509766e+00
4.584217548370361328e+00
4.452965736389160156e+00
4.402748584747314453e+00
4.282211780548095703e+00
4.692195892333984375e+00
3.420600414276123047e+00
5.671091079711914062e+00
4.545384883880615234e+00
3.959887504577636719e+00
4.922966957092285156e+00
3.799104213714599609e+00
4.563820838928222656e+00
5.099898815155029297e+00
4.261864185333251953e+00
3.375694990158081055e+00
5.739542961120605469e+00
4.461154937744140625e+00
3.392942428588867188e+00
5.589219570159912109e+00
5.048021316528320312e+00
3.841604948043823242e+00
4.694892883300781250e+00
5.405681610107421875e+00
4.008950233459472656e+00
4.056129455566406250e+00
5.283019065856933594e+00
4.177711963653564453e+00
4.821592330932617188e+00
4.186586856842041016e+00
4.218313217163085938e+00
5.207774162292480469e+00
3.441438674926757812e+00
4.854899883270263672e+00
4.996150970458984375e+00
3.120839595794677734e+00
6.458704948425292969e+00
5.112921714782714844e+00
3.124878168106079102e+00
7.494893074035644531e+00
2.327130317687988281e+00
8.591188430786132812e+00
3.578590393066406250e+00
4.989757537841796875e+00
6.041042327880859375e+00
4.845688819885253906e+00
4.146234512329101562e+00
4.782671928405761719e+00
3.510168552398681641e+00
6.396679878234863281e+00
4.165270805358886719e+00
4.088190078735351562e+00
5.572647094726562500e+00
5.714396476745605469e+00
4.028179168701171875e+00
4.929247856140136719e+00
4.448574066162109375e+00
3.461697816848754883e+00
7.334817886352539062e+00
2.873461246490478516e+00
4.712923049926757812e+00
6.209328651428222656e+00
4.602765083312988281e+00
3.395466566085815430e+00
6.295827865600585938e+00
4.700085639953613281e+00
3.657939434051513672e+00
5.415553092956542969e+00
4.834151268005371094e+00
3.791011333465576172e+00
5.736855983734130859e+00
2.830258369445800781e+00
6.029906272888183594e+00
3.694139480590820312e+00
5.814026832580566406e+00
3.452552795410156250e+00
5.359516143798828125e+00
3.024538040161132812e+00
7.127040863037109375e+00
3.875069618225097656e+00
5.044886589050292969e+00
4.304969787597656250e+00
4.704771518707275391e+00
4.603376388549804688e+00
4.510232925415039062e+00
3.276105880737304688e+00
7.140070915222167969e+00
4.143700599670410156e+00
4.572300434112548828e+00
4.736323356628417969e+00
4.459702491760253906e+00
4.344070911407470703e+00
4.765833377838134766e+00
4.955317497253417969e+00
3.159435749053955078e+00
6.016979217529296875e+00
3.854232311248779297e+00
4.288553714752197266e+00
4.640066146850585938e+00
4.783632278442382812e+00
4.927950382232666016e+00
4.632465362548828125e+00
3.070731401443481445e+00
7.059298515319824219e+00
2.270882129669189453e+00
9.233909606933593750e+00
3.950528144836425781e+00
6.298195362091064453e+00
4.452331542968750000e+00
4.639764785766601562e+00
7.912078857421875000e+00
3.827670574188232422e+00
6.277386665344238281e+00
4.707294464111328125e+00
4.958604812622070312e+00
4.453242301940917969e+00
6.421366691589355469e+00
2.130095481872558594e+00
9.547935485839843750e+00
4.386605262756347656e+00
5.004379272460937500e+00
4.780493736267089844e+00
6.096442699432373047e+00
4.011555671691894531e+00
4.858366012573242188e+00
5.138648033142089844e+00
3.897964954376220703e+00
6.051412105560302734e+00
5.401260375976562500e+00
3.185734987258911133e+00
6.505500793457031250e+00
4.636559486389160156e+00
4.713460922241210938e+00
4.483425617218017578e+00
5.545248985290527344e+00
3.667381286621093750e+00
6.561709403991699219e+00
4.810015678405761719e+00
4.971580028533935547e+00
5.183075904846191406e+00
4.922620296478271484e+00
4.458658218383789062e+00
5.219904422760009766e+00
4.391802310943603516e+00
4.549462795257568359e+00
4.412798881530761719e+00
5.086967945098876953e+00
3.744518995285034180e+00
6.013617992401123047e+00
3.666658878326416016e+00
5.138005256652832031e+00
5.631145000457763672e+00
4.702758789062500000e+00
4.327011585235595703e+00
6.240221500396728516e+00
1.880367040634155273e+00
9.317494392395019531e+00
1.091511011123657227e+00
1.018209457397460938e+01
1.550269007682800293e+00
8.261179924011230469e+00
2.486722946166992188e+00
7.318777084350585938e+00
5.172430992126464844e+00
4.640395164489746094e+00
5.693143844604492188e+00
3.929888486862182617e+00
7.637072086334228516e+00
1.691193819046020508e+00
1.042369365692138672e+01
5.021962165832519531e+00
3.861947536468505859e+00
7.039353370666503906e+00
3.201569557189941406e+00
7.918834686279296875e+00
4.957740306854248047e+00
3.861952543258666992e+00
6.114222526550292969e+00
2.990498065948486328e+00
8.562017440795898438e+00
5.760720729827880859e+00
3.136532068252563477e+00
8.409378051757812500e+00
3.957546710968017578e+00
5.487484931945800781e+00
5.297176361083984375e+00
4.631099224090576172e+00
4.956233978271484375e+00
5.094094276428222656e+00
3.879440069198608398e+00
5.268427848815917969e+00
3.648777484893798828e+00
7.025115489959716797e+00
3.991240978240966797e+00
5.311374664306640625e+00
4.705879211425781250e+00
5.874364852905273438e+00
3.299037933349609375e+00
6.473410606384277344e+00
2.546278715133666992e+00
8.136379241943359375e+00
3.045279979705810547e+00
5.814014434814453125e+00
5.790992259979248047e+00
4.720410346984863281e+00
4.748624324798583984e+00
3.928381443023681641e+00
6.234699249267578125e+00
3.661370515823364258e+00
5.217859268188476562e+00
3.347961187362670898e+00
5.392372131347656250e+00
5.130098342895507812e+00
4.380064010620117188e+00
4.463943481445312500e+00
4.120549201965332031e+00
4.795835494995117188e+00
4.613643646240234375e+00
3.629449844360351562e+00
5.427857398986816406e+00
4.601803302764892578e+00
3.008425235748291016e+00
6.199000358581542969e+00
4.079746246337890625e+00
4.824588775634765625e+00
4.586565017700195312e+00
4.680112838745117188e+00
4.711301803588867188e+00
4.003343105316162109e+00
5.693912506103515625e+00
3.532124519348144531e+00
5.120048522949218750e+00
4.964955806732177734e+00
3.546274423599243164e+00
5.497512817382812500e+00
4.285214424133300781e+00
4.546112060546875000e+00
4.656380653381347656e+00
4.212388992309570312e+00
3.091353416442871094e+00
6.134116172790527344e+00
4.543870925903320312e+00
2.563957691192626953e+00
7.016857147216796875e+00
1.494205236434936523e+00
9.088163375854492188e+00
4.381759166717529297e+00
4.176679611206054688e+00
5.035074234008789062e+00
4.546361923217773438e+00
4.508124351501464844e+00
4.307285308837890625e+00
5.970047473907470703e+00
2.923550367355346680e+00
6.748980522155761719e+00
1.837587237358093262e+00
8.221413612365722656e+00
5.527629852294921875e+00
4.284673213958740234e+00
5.936948776245117188e+00
4.836792945861816406e+00
4.753405094146728516e+00
5.612114906311035156e+00
4.376977920532226562e+00
4.255264282226562500e+00
5.596709251403808594e+00
3.174969196319580078e+00
6.749846458435058594e+00
1.909318923950195312e+00
9.954078674316406250e+00
3.240697383880615234e+00
6.694581031799316406e+00
6.333740234375000000e+00
3.176619291305541992e+00
6.831618309020996094e+00
4.805263996124267578e+00
3.864792823791503906e+00
5.362414360046386719e+00
4.630058288574218750e+00
4.856949329376220703e+00
3.996940135955810547e+00
5.105016708374023438e+00
4.188979625701904297e+00
5.725404739379882812e+00
3.914445400238037109e+00
4.528680324554443359e+00
4.173417091369628906e+00
4.934267044067382812e+00
5.197568893432617188e+00
3.696111202239990234e+00
5.368962287902832031e+00
4.143668174743652344e+00
4.406692504882812500e+00
5.095887660980224609e+00
4.660929203033447266e+00
4.360707759857177734e+00
3.194371223449707031e+00
5.298322677612304688e+00
5.081238746643066406e+00
2.710711479187011719e+00
7.394597530364990234e+00
2.238334178924560547e+00
6.320223808288574219e+00
5.313342094421386719e+00
4.061736106872558594e+00
5.171201705932617188e+00
5.542014122009277344e+00
3.713041782379150391e+00
4.990214824676513672e+00
3.557209491729736328e+00
4.355762481689453125e+00
5.209826469421386719e+00
3.892368078231811523e+00
4.929997444152832031e+00
4.333353042602539062e+00
4.343585491180419922e+00
4.274512290954589844e+00
6.064304351806640625e+00
2.739064216613769531e+00
6.168822288513183594e+00
4.324106216430664062e+00
4.620548248291015625e+00
5.126660346984863281e+00
4.183554649353027344e+00
3.862174034118652344e+00
6.333139419555664062e+00
3.075532913208007812e+00
5.334075927734375000e+00
4.182868003845214844e+00
4.063845634460449219e+00
5.115671157836914062e+00
5.102936267852783203e+00
3.806133747100830078e+00
5.324780941009521484e+00
3.845795154571533203e+00
4.846448898315429688e+00
4.785740852355957031e+00
4.155766963958740234e+00
5.747788429260253906e+00
2.335275888442993164e+00
7.345946311950683594e+00
6.454350948333740234e-01
1.343974590301513672e+01
1.407515525817871094e+00
1.143915748596191406e+01
8.567199110984802246e-03
4.345766067504882812e+00
4.362283706665039062e+00
2.254046440124511719e+00
3.607078075408935547e+00
3.367181301116943359e+00
1.831682801246643066e+00
5.427715301513671875e+00
2.292256593704223633e+00
3.468213796615600586e+00
3.301734447479248047e+00
2.566545963287353516e+00
4.839981555938720703e+00
1.718526124954223633e+00
6.969466686248779297e+00
3.109398365020751953e+00
4.882129192352294922e+00
5.760057449340820312e+00
2.961103916168212891e+00
6.223412036895751953e+00
2.936919212341308594e+00
6.026496887207031250e+00
2.613418817520141602e+00
8.540343284606933594e+00
3.332435131072998047e+00
4.561155796051025391e+00
5.946549415588378906e+00
3.859497547149658203e+00
5.802423477172851562e+00
4.996043205261230469e+00
3.212345123291015625e+00
5.915755748748779297e+00
4.986819744110107422e+00
3.951731204986572266e+00
5.840345382690429688e+00
2.754230976104736328e+00
7.815866470336914062e+00
5.049367904663085938e+00
3.934764862060546875e+00
6.167237281799316406e+00
4.242251396179199219e+00
4.840167522430419922e+00
5.076190948486328125e+00
4.833084583282470703e+00
4.658378601074218750e+00
4.595674514770507812e+00
4.584553718566894531e+00
5.121954917907714844e+00
4.897789001464843750e+00
4.230164051055908203e+00
5.567940711975097656e+00
3.939647912979125977e+00
5.991142272949218750e+00
5.574519634246826172e+00
4.496927261352539062e+00
4.923293113708496094e+00
4.913884639739990234e+00
3.872938632965087891e+00
6.172017097473144531e+00
4.516407966613769531e+00
4.238402366638183594e+00
5.571512222290039062e+00
4.532922744750976562e+00
4.469926834106445312e+00
5.414304256439208984e+00
4.493756771087646484e+00
4.203064918518066406e+00
4.819558620452880859e+00
4.918111801147460938e+00
4.273352622985839844e+00
3.747268915176391602e+00
5.696637153625488281e+00
4.384569168090820312e+00
3.940536022186279297e+00
5.251493453979492188e+00
4.375643730163574219e+00
3.442450046539306641e+00
5.090505599975585938e+00
4.243391036987304688e+00
3.599548816680908203e+00
5.261888504028320312e+00
4.209267616271972656e+00
4.320137500762939453e+00
3.759837627410888672e+00
4.235937595367431641e+00
5.363800048828125000e+00
3.329149723052978516e+00
5.422924041748046875e+00
3.853028535842895508e+00
3.703781127929687500e+00
5.912728309631347656e+00
3.949781179428100586e+00
5.479368686676025391e+00
4.504559516906738281e+00
4.104499816894531250e+00
5.447438716888427734e+00
3.853898048400878906e+00
5.365159034729003906e+00
4.165927886962890625e+00
4.864993095397949219e+00
4.038573265075683594e+00
4.355295181274414062e+00
4.748563766479492188e+00
3.730887413024902344e+00
4.985524177551269531e+00
3.867841720581054688e+00
4.695853710174560547e+00
2.922470569610595703e+00
7.335027694702148438e+00
2.942173242568969727e+00
7.172979354858398438e+00
5.203299522399902344e+00
3.325975179672241211e+00
6.271494865417480469e+00
3.882269382476806641e+00
3.566866397857666016e+00
6.761692047119140625e+00
3.753421068191528320e+00
4.332915306091308594e+00
5.011556148529052734e+00
4.423512458801269531e+00
3.805996417999267578e+00
5.726670265197753906e+00
2.536081314086914062e+00
7.244817256927490234e+00
4.643835544586181641e+00
3.484124183654785156e+00
6.691870212554931641e+00
3.961843252182006836e+00
4.019731521606445312e+00
5.102995872497558594e+00
3.809864997863769531e+00
4.191213607788085938e+00
5.297914505004882812e+00
4.630621910095214844e+00
4.052235126495361328e+00
5.442640304565429688e+00
3.653275728225708008e+00
4.654448986053466797e+00
4.094836235046386719e+00
5.116111755371093750e+00
3.407763957977294922e+00
5.678598403930664062e+00
3.368338584899902344e+00
5.013753890991210938e+00
4.030318260192871094e+00
5.623771667480468750e+00
2.970052957534790039e+00
5.879802227020263672e+00
4.600601673126220703e+00
3.537395954132080078e+00
5.231441497802734375e+00
4.098066329956054688e+00
3.910564899444580078e+00
5.756093025207519531e+00
2.969157218933105469e+00
6.121005535125732422e+00
2.032695293426513672e+00
7.168864727020263672e+00
4.227443218231201172e+00
4.181425094604492188e+00
5.434885978698730469e+00
4.038005352020263672e+00
3.945784091949462891e+00
4.289192199707031250e+00
3.904300212860107422e+00
5.224410057067871094e+00
3.308007955551147461e+00
5.916597366333007812e+00
3.876291751861572266e+00
4.623569011688232422e+00
4.183867931365966797e+00
4.778342723846435547e+00
4.021770477294921875e+00
4.531470298767089844e+00
4.587122440338134766e+00
3.594265699386596680e+00
5.188666343688964844e+00
5.018188953399658203e+00
2.792818069458007812e+00
6.766054153442382812e+00
3.389906883239746094e+00
5.247764110565185547e+00
4.555512428283691406e+00
4.053451538085937500e+00
4.357439994812011719e+00
4.082993507385253906e+00
4.430393218994140625e+00
4.331081390380859375e+00
3.975623130798339844e+00
3.757023334503173828e+00
4.881379604339599609e+00
4.149724006652832031e+00
4.099164009094238281e+00
3.986400127410888672e+00
4.407745361328125000e+00
5.011309623718261719e+00
2.806877136230468750e+00
6.803153038024902344e+00
2.534836530685424805e+00
8.566452026367187500e+00
2.228500843048095703e+00
7.872086048126220703e+00
1.850827932357788086e+00
9.009207725524902344e+00
4.900834083557128906e+00
3.646489620208740234e+00
6.353230953216552734e+00
4.902656555175781250e+00
3.084256172180175781e+00
6.372419834136962891e+00
2.902259826660156250e+00
6.370919227600097656e+00
5.005638122558593750e+00
5.006059646606445312e+00
3.481456756591796875e+00
6.278333187103271484e+00
2.650909900665283203e+00
7.566454410552978516e+00
1.546729087829589844e+00
8.873538970947265625e+00
3.617369651794433594e+00
4.855511665344238281e+00
5.462202072143554688e+00
4.121547222137451172e+00
5.948739051818847656e+00
4.223179817199707031e+00
4.859499931335449219e+00
5.080655097961425781e+00
4.404213905334472656e+00
4.256052017211914062e+00
5.506165981292724609e+00
3.221096515655517578e+00
1.163968181610107422e+01
2.416882514953613281e+00
7.496523857116699219e+00
6.017560958862304688e+00
3.895005702972412109e+00
6.382098197937011719e+00
4.558648586273193359e+00
4.094641208648681641e+00
5.942483901977539062e+00
2.977530956268310547e+00
8.382453918457031250e+00
4.688835144042968750e+00
3.697883605957031250e+00
6.982651710510253906e+00
4.300370693206787109e+00
3.655926704406738281e+00
6.768293380737304688e+00
3.384508609771728516e+00
4.071933746337890625e+00
5.820081233978271484e+00
3.385236024856567383e+00
5.989885330200195312e+00
3.211705684661865234e+00
5.551706314086914062e+00
4.920025348663330078e+00
4.388001918792724609e+00
5.195614814758300781e+00
4.780363559722900391e+00
3.272262811660766602e+00
5.509342193603515625e+00
2.636248111724853516e+00
6.542678356170654297e+00
3.203178405761718750e+00
5.543799400329589844e+00
5.277152061462402344e+00
2.931046485900878906e+00
6.264755249023437500e+00
4.243883132934570312e+00
3.919048786163330078e+00
5.605128765106201172e+00
4.755389690399169922e+00
3.674686908721923828e+00
3.675285339355468750e+00
5.236578941345214844e+00
2.571884155273437500e+00
5.689124107360839844e+00
4.603969097137451172e+00
3.798000812530517578e+00
4.427920341491699219e+00
4.949460029602050781e+00
3.346999168395996094e+00
5.071959495544433594e+00
4.182919502258300781e+00
4.112082481384277344e+00
4.472344398498535156e+00
4.164144039154052734e+00
4.575032234191894531e+00
3.471859931945800781e+00
4.834376335144042969e+00
4.844154357910156250e+00
3.322011470794677734e+00
4.992608070373535156e+00
4.456623554229736328e+00
3.484001874923706055e+00
4.961047172546386719e+00
4.254512786865234375e+00
4.120464801788330078e+00
4.839780330657958984e+00
4.555230617523193359e+00
3.891722202301025391e+00
4.708954811096191406e+00
4.654517173767089844e+00
5.178925514221191406e+00
4.624170303344726562e+00
3.545361042022705078e+00
5.946028709411621094e+00
5.020162582397460938e+00
4.624919891357421875e+00
3.796254158020019531e+00
4.873065471649169922e+00
3.628622293472290039e+00
5.842747211456298828e+00
4.171747207641601562e+00
4.022754192352294922e+00
6.141577720642089844e+00
3.750452756881713867e+00
5.167827606201171875e+00
4.928758621215820312e+00
3.443418502807617188e+00
5.234879970550537109e+00
4.161048889160156250e+00
5.145083427429199219e+00
4.034394264221191406e+00
5.031638622283935547e+00
4.044175148010253906e+00
4.636768341064453125e+00
4.526533126831054688e+00
4.774599075317382812e+00
4.095096588134765625e+00
5.083033561706542969e+00
4.881194114685058594e+00
3.357146263122558594e+00
6.479302406311035156e+00
5.833250999450683594e+00
3.443565368652343750e+00
5.394229888916015625e+00
5.228083610534667969e+00
3.963860273361206055e+00
5.314905643463134766e+00
4.421503067016601562e+00
5.835547447204589844e+00
2.271752357482910156e+00
7.773866653442382812e+00
3.917887210845947266e+00
6.160606384277343750e+00
5.086197853088378906e+00
4.668263435363769531e+00
4.555627822875976562e+00
5.421703338623046875e+00
3.642471551895141602e+00
5.269428253173828125e+00
4.968073844909667969e+00
4.694452285766601562e+00
4.603204727172851562e+00
3.109395980834960938e+00
7.079128265380859375e+00
4.132679939270019531e+00
4.167036056518554688e+00
5.554594993591308594e+00
3.564093589782714844e+00
5.811085700988769531e+00
3.121193885803222656e+00
6.401635169982910156e+00
1.425651192665100098e+00
8.660764694213867188e+00
4.006332159042358398e-01
1.218486499786376953e+01
1.164969921112060547e+00
6.733247756958007812e+00
4.184827804565429688e+00
4.082434654235839844e+00
4.858210563659667969e+00
3.097131252288818359e+00
6.188268661499023438e+00
2.285069227218627930e+00
6.950265407562255859e+00
1.560051202774047852e+00
8.328475952148437500e+00
4.249154567718505859e+00
3.685204267501831055e+00
7.791562080383300781e+00
2.506545066833496094e+00
6.175120830535888672e+00
5.047409534454345703e+00
3.233430862426757812e+00
5.945622444152832031e+00
4.454556465148925781e+00
4.886967658996582031e+00
4.162829399108886719e+00
5.345349311828613281e+00
3.204850912094116211e+00
7.583763599395751953e+00
2.909763336181640625e+00
7.188944339752197266e+00
5.728185176849365234e+00
2.659766435623168945e+00
8.355725288391113281e+00
2.079016685485839844e+00
7.818606853485107422e+00
3.669787168502807617e+00
4.556459426879882812e+00
5.614932537078857422e+00
5.079370498657226562e+00
4.551684856414794922e+00
3.687656879425048828e+00
6.285464286804199219e+00
3.930649280548095703e+00
5.931393146514892578e+00
5.225015163421630859e+00
4.820002555847167969e+00
4.803152084350585938e+00
4.902781486511230469e+00
4.022979736328125000e+00
5.371544837951660156e+00
4.721394062042236328e+00
3.986754417419433594e+00
7.287609100341796875e+00
3.879548311233520508e+00
5.581203937530517578e+00
5.437956333160400391e+00
4.022011756896972656e+00
6.024418830871582031e+00
3.693118095397949219e+00
6.102484703063964844e+00
5.187232971191406250e+00
3.774331808090209961e+00
4.884246826171875000e+00
5.051091194152832031e+00
3.957903861999511719e+00
5.192348480224609375e+00
4.402866363525390625e+00
4.820063114166259766e+00
3.341012001037597656e+00
7.732019424438476562e+00
3.235708713531494141e+00
4.767328739166259766e+00
6.514539718627929688e+00
2.859407901763916016e+00
8.002470970153808594e+00
3.078897237777709961e+00
6.443342685699462891e+00
5.593461990356445312e+00
3.913374185562133789e+00
6.585795402526855469e+00
3.604677915573120117e+00
4.753386974334716797e+00
5.042139053344726562e+00
2.961022377014160156e+00
7.065551280975341797e+00
4.295846462249755859e+00
3.557626724243164062e+00
5.651768207550048828e+00
4.922259330749511719e+00
3.749068260192871094e+00
5.247667312622070312e+00
3.816809177398681641e+00
5.636439323425292969e+00
3.083047389984130859e+00
5.465434074401855469e+00
5.194305419921875000e+00
3.130965709686279297e+00
5.820958137512207031e+00
5.199449062347412109e+00
3.297473430633544922e+00
6.819148063659667969e+00
3.379899024963378906e+00
5.236690521240234375e+00
4.675943374633789062e+00
3.061038017272949219e+00
6.124433040618896484e+00
4.042070865631103516e+00
3.806419372558593750e+00
6.221404552459716797e+00
2.315372467041015625e+00
7.408911705017089844e+00
3.392482519149780273e+00
4.962290763854980469e+00
5.724788665771484375e+00
3.616339683532714844e+00
5.685880661010742188e+00
3.944358587265014648e+00
4.737963676452636719e+00
4.196361541748046875e+00
4.349263191223144531e+00
4.271038055419921875e+00
4.585869789123535156e+00
4.162860870361328125e+00
4.577857017517089844e+00
4.589838027954101562e+00
2.680395126342773438e+00
6.219580650329589844e+00
4.391363143920898438e+00
4.108031749725341797e+00
5.355392932891845703e+00
4.794870376586914062e+00
2.785506248474121094e+00
6.047425270080566406e+00
4.471792697906494141e+00
4.314353942871093750e+00
4.392051696777343750e+00
3.715197563171386719e+00
5.069564819335937500e+00
3.596257209777832031e+00
4.042501449584960938e+00
4.276260375976562500e+00
4.969513416290283203e+00
4.317613124847412109e+00
4.270857334136962891e+00
3.979798078536987305e+00
3.852940797805786133e+00
5.402919769287109375e+00
4.266770839691162109e+00
4.422654628753662109e+00
4.728961467742919922e+00
4.495444774627685547e+00
4.215478897094726562e+00
4.468379974365234375e+00
2.516395568847656250e+00
8.633361816406250000e+00
1.273210883140563965e+00
8.169575691223144531e+00
3.211462259292602539e+00
6.005613327026367188e+00
5.670441150665283203e+00
4.326292514801025391e+00
5.084340572357177734e+00
3.924316644668579102e+00
5.595696926116943359e+00
5.550516128540039062e+00
3.633470773696899414e+00
4.852888107299804688e+00
3.495515346527099609e+00
6.145925045013427734e+00
2.119289159774780273e+00
8.084746360778808594e+00
4.244840621948242188e+00
4.626779079437255859e+00
6.077556610107421875e+00
4.506293296813964844e+00
4.437187671661376953e+00
5.336495399475097656e+00
4.531270980834960938e+00
3.484524250030517578e+00
4.924102783203125000e+00
2.453321218490600586e+00
7.282763004302978516e+00
3.650531768798828125e+00
3.942128896713256836e+00
5.994104862213134766e+00
4.799300193786621094e+00
4.305747032165527344e+00
4.957486629486083984e+00
4.072912693023681641e+00
4.088888168334960938e+00
5.360669136047363281e+00
4.254034042358398438e+00
2.932489395141601562e+00
8.775920867919921875e+00
4.643371105194091797e+00
3.196176528930664062e+00
8.280639648437500000e+00
3.575736045837402344e+00
6.398864746093750000e+00
3.771210908889770508e+00
4.992063522338867188e+00
5.751712799072265625e+00
4.517663002014160156e+00
3.571984767913818359e+00
6.572983741760253906e+00
3.289068222045898438e+00
5.710979461669921875e+00
5.448597431182861328e+00
4.069777488708496094e+00
6.436235427856445312e+00
2.288101434707641602e+00
7.682159423828125000e+00
4.297734260559082031e+00
4.899827957153320312e+00
5.348550796508789062e+00
5.133615493774414062e+00
3.310886383056640625e+00
6.443299293518066406e+00
3.481271982192993164e+00
6.096560478210449219e+00
3.182673454284667969e+00
6.568638801574707031e+00
5.221603870391845703e+00
3.406902074813842773e+00
6.447981834411621094e+00
4.440707206726074219e+00
4.875998973846435547e+00
4.935915946960449219e+00
4.013500690460205078e+00
5.930610656738281250e+00
3.112070798873901367e+00
5.545092582702636719e+00
4.635106086730957031e+00
3.923622608184814453e+00
5.509811878204345703e+00
4.973613739013671875e+00
3.428583621978759766e+00
5.675663471221923828e+00
3.998967409133911133e+00
4.466799736022949219e+00
5.043716907501220703e+00
4.298897743225097656e+00
4.570428848266601562e+00
4.990378856658935547e+00
4.508403301239013672e+00
4.175168037414550781e+00
4.922018527984619141e+00
4.887570381164550781e+00
4.699273109436035156e+00
3.908886909484863281e+00
4.474959850311279297e+00
5.163358688354492188e+00
2.882400035858154297e+00
7.095903396606445312e+00
1.715903162956237793e+00
7.766617774963378906e+00
3.967623233795166016e+00
5.210484981536865234e+00
4.746487617492675781e+00
4.600456237792968750e+00
5.762219429016113281e+00
3.095112323760986328e+00
4.793405532836914062e+00
4.505961418151855469e+00
3.431189775466918945e+00
6.097125053405761719e+00
2.119980096817016602e+00
8.242144584655761719e+00
2.035021781921386719e+00
1.000358390808105469e+01
8.105704784393310547e-01
1.354088783264160156e+01
2.105499356985092163e-01
8.543027877807617188e+00
2.445728063583374023e+00
4.848012924194335938e+00
5.054881095886230469e+00
2.811854600906372070e+00
6.209326267242431641e+00
1.530081033706665039e+00
7.951340675354003906e+00
3.380158185958862305e+00
4.722209453582763672e+00
5.833895206451416016e+00
2.181734085083007812e+00
7.852527141571044922e+00
3.077108860015869141e+00
4.949749946594238281e+00
5.865849971771240234e+00
3.323815584182739258e+00
5.753158569335937500e+00
4.492581844329833984e+00
3.902743816375732422e+00
6.312831401824951172e+00
2.639891862869262695e+00
7.351056098937988281e+00
3.365394353866577148e+00
4.920032501220703125e+00
5.388295650482177734e+00
4.660802364349365234e+00
5.135603904724121094e+00
3.783676147460937500e+00
5.007226943969726562e+00
4.800079345703125000e+00
4.803464889526367188e+00
5.004952430725097656e+00
3.421936035156250000e+00
7.479936122894287109e+00
3.729265213012695312e+00
4.158158779144287109e+00
6.042572975158691406e+00
5.072072029113769531e+00
4.735999107360839844e+00
4.638997077941894531e+00
5.848055362701416016e+00
2.384504318237304688e+00
9.000911712646484375e+00
3.934949159622192383e+00
4.187319755554199219e+00
5.541971206665039062e+00
4.075125694274902344e+00
5.295663833618164062e+00
4.436795234680175781e+00
3.856009483337402344e+00
5.726376056671142578e+00
3.827578544616699219e+00
5.751805782318115234e+00
3.852136135101318359e+00
4.326169967651367188e+00
5.011390209197998047e+00
4.813931465148925781e+00
3.416807651519775391e+00
5.796683311462402344e+00
3.754166364669799805e+00
5.183183193206787109e+00
6.606565475463867188e+00
5.521489620208740234e+00
4.443943977355957031e+00
3.581415176391601562e+00
4.935436725616455078e+00
4.262785911560058594e+00
4.659191608428955078e+00
3.221156597137451172e+00
5.925175189971923828e+00
4.000805377960205078e+00
3.331525325775146484e+00
6.006019592285156250e+00
4.423708915710449219e+00
3.824069023132324219e+00
4.674545288085937500e+00
4.617664813995361328e+00
3.446323394775390625e+00
4.785594940185546875e+00
3.650465965270996094e+00
4.127251625061035156e+00
4.581484794616699219e+00
3.911239147186279297e+00
4.254636287689208984e+00
3.744306802749633789e+00
4.684484481811523438e+00
4.452162742614746094e+00
3.614948034286499023e+00
4.669708251953125000e+00
4.612470626831054688e+00
3.624635934829711914e+00
4.556251049041748047e+00
3.628085136413574219e+00
4.831890106201171875e+00
4.497173786163330078e+00
3.574986457824707031e+00
5.064576148986816406e+00
4.063374042510986328e+00
4.293731689453125000e+00
3.826566696166992188e+00
4.053142547607421875e+00
5.418405532836914062e+00
4.886849880218505859e+00
2.780988216400146484e+00
6.018257617950439453e+00
6.000077724456787109e+00
2.659994363784790039e+00
5.972421646118164062e+00
4.481545448303222656e+00
3.933060407638549805e+00
5.296627044677734375e+00
3.340407848358154297e+00
6.205701351165771484e+00
4.586106777191162109e+00
2.909721136093139648e+00
6.021981239318847656e+00
3.187994003295898438e+00
5.639729499816894531e+00
5.529649734497070312e+00
7.063658237457275391e-01
1.111084079742431641e+01
3.283047676086425781e+00
5.594344139099121094e+00
4.099973678588867188e+00
4.133303642272949219e+00
5.471969604492187500e+00
1.249173402786254883e+00
1.149406433105468750e+01
3.960127532482147217e-01
9.498412132263183594e+00
1.785405397415161133e+00
5.371856689453125000e+00
5.017997741699218750e+00
3.191925525665283203e+00
5.873699188232421875e+00
3.247531890869140625e+00
6.642571449279785156e+00
2.159196138381958008e+00
7.243638992309570312e+00
3.366172790527343750e+00
5.122058868408203125e+00
4.865247249603271484e+00
4.638489246368408203e+00
4.940044403076171875e+00
3.255620479583740234e+00
6.408027648925781250e+00
3.074964761734008789e+00
5.059462547302246094e+00
5.101974487304687500e+00
4.535048484802246094e+00
5.038246154785156250e+00
3.592606544494628906e+00
4.263828277587890625e+00
4.939426422119140625e+00
3.820628404617309570e+00
3.641166687011718750e+00
4.722678184509277344e+00
4.299524307250976562e+00
3.443938970565795898e+00
5.621373653411865234e+00
4.655033588409423828e+00
3.663928508758544922e+00
4.228717803955078125e+00
4.693644523620605469e+00
4.168087005615234375e+00
4.588582038879394531e+00
4.223337173461914062e+00
4.845378398895263672e+00
3.538290500640869141e+00
4.648682117462158203e+00
4.416389465332031250e+00
3.581559181213378906e+00
5.104068279266357422e+00
3.976744174957275391e+00
3.227758407592773438e+00
5.887133121490478516e+00
4.318282127380371094e+00
4.324426651000976562e+00
4.476062774658203125e+00
4.527519226074218750e+00
3.625799417495727539e+00
5.086041450500488281e+00
3.698979616165161133e+00
4.640166759490966797e+00
3.575255632400512695e+00
5.009260177612304688e+00
3.952129602432250977e+00
4.165919780731201172e+00
4.970247745513916016e+00
4.337732315063476562e+00
2.919047832489013672e+00
6.736247062683105469e+00
4.103965282440185547e+00
3.201307296752929688e+00
6.196259498596191406e+00
5.455759048461914062e+00
3.359716415405273438e+00
5.072685241699218750e+00
5.076453685760498047e+00
3.170114517211914062e+00
6.416964530944824219e+00
3.415851116180419922e+00
4.302695274353027344e+00
4.523444652557373047e+00
4.544180870056152344e+00
4.738626480102539062e+00
3.420758724212646484e+00
5.578872680664062500e+00
3.644115924835205078e+00
4.461969852447509766e+00
4.712952613830566406e+00
3.010307788848876953e+00
6.225006103515625000e+00
3.247107505798339844e+00
4.810374259948730469e+00
5.052505493164062500e+00
3.595961093902587891e+00
5.283555030822753906e+00
4.460083961486816406e+00
3.913517951965332031e+00
4.491005897521972656e+00
4.334518909454345703e+00
3.807419538497924805e+00
4.446977615356445312e+00
4.563822269439697266e+00
3.557607650756835938e+00
4.403008460998535156e+00
4.011404037475585938e+00
5.106287956237792969e+00
3.226204872131347656e+00
6.009127616882324219e+00
3.158460617065429688e+00
4.697762489318847656e+00
5.388967514038085938e+00
5.016824722290039062e+00
2.617653846740722656e+00
6.315816879272460938e+00
2.817047834396362305e+00
5.293857574462890625e+00
5.017722606658935547e+00
3.412497997283935547e+00
3.972522974014282227e+00
6.324935436248779297e+00
2.385424137115478516e+00
6.204695701599121094e+00
4.131418704986572266e+00
4.199793815612792969e+00
6.179940700531005859e+00
5.205312252044677734e+00
3.546373844146728516e+00
4.833635330200195312e+00
3.663970947265625000e+00
4.578574657440185547e+00
4.797666549682617188e+00
4.420993804931640625e+00
4.273561954498291016e+00
5.249885082244873047e+00
3.750933408737182617e+00
3.639390945434570312e+00
5.591538429260253906e+00
5.319180488586425781e+00
2.979433059692382812e+00
5.480595588684082031e+00
3.273412466049194336e+00
6.009509086608886719e+00
5.427121162414550781e+00
3.418405055999755859e+00
5.374327659606933594e+00
4.538867473602294922e+00
3.620887756347656250e+00
4.826291561126708984e+00
4.721255302429199219e+00
3.734107494354248047e+00
4.610489845275878906e+00
4.964025020599365234e+00
3.138212203979492188e+00
4.887039184570312500e+00
4.206796646118164062e+00
3.765433788299560547e+00
4.445153236389160156e+00
4.943667888641357422e+00
2.886914730072021484e+00
5.997668743133544922e+00
5.231557369232177734e+00
4.528948783874511719e+00
3.407320976257324219e+00
5.445972442626953125e+00
2.739912271499633789e+00
5.965122222900390625e+00
3.729977607727050781e+00
4.087403297424316406e+00
5.409361839294433594e+00
4.774216651916503906e+00
4.127087593078613281e+00
5.301672935485839844e+00
