3.453530073165893555e-01
8.257430195808410645e-01
7.877990007400512695e-01
6.480947732925415039e-01
7.860500216484069824e-01
7.484417557716369629e-01
7.118639349937438965e-01
7.997911572456359863e-01
7.931224107742309570e-01
8.504905700683593750e-01
7.376940250396728516e-01
8.739980459213256836e-01
8.087835311889648438e-01
8.640280365943908691e-01
8.312242031097412109e-01
9.008070826530456543e-01
8.371911048889160156e-01
8.359068632125854492e-01
8.062617182731628418e-01
8.785669803619384766e-01
9.091885685920715332e-01
9.135681390762329102e-01
8.989782333374023438e-01
6.701815128326416016e-01
8.230602741241455078e-01
9.444502592086791992e-01
9.479080438613891602e-01
8.377176523208618164e-01
8.378075957298278809e-01
9.059363603591918945e-01
9.339776635169982910e-01
9.420168399810791016e-01
8.034244775772094727e-01
8.118268251419067383e-01
8.979344964027404785e-01
9.522340297698974609e-01
9.710642695426940918e-01
6.906181573867797852e-01
7.298364043235778809e-01
8.767185211181640625e-01
9.602242112159729004e-01
9.777675867080688477e-01
8.654965162277221680e-01
8.762962222099304199e-01
8.264312148094177246e-01
9.178110957145690918e-01
9.627935886383056641e-01
9.557044506072998047e-01
8.783842921257019043e-01
8.286443352699279785e-01
9.437175989151000977e-01
9.433639049530029297e-01
9.697763919830322266e-01
7.556289434432983398e-01
9.231129884719848633e-01
8.990101814270019531e-01
9.618226885795593262e-01
9.341237545013427734e-01
9.683020114898681641e-01
9.308760166168212891e-01
9.220067262649536133e-01
9.664025306701660156e-01
8.850460052490234375e-01
8.256486654281616211e-01
9.123582243919372559e-01
9.347652196884155273e-01
9.695784449577331543e-01
8.296164274215698242e-01
8.809257745742797852e-01
8.934719562530517578e-01
9.661062955856323242e-01
9.601101875305175781e-01
7.212216854095458984e-01
8.042443990707397461e-01
9.393867254257202148e-01
9.356496334075927734e-01
9.672029018402099609e-01
9.837855100631713867e-01
5.629718899726867676e-01
8.386057615280151367e-01
9.229316711425781250e-01
9.406627416610717773e-01
9.533720016479492188e-01
9.768033623695373535e-01
8.518818616867065430e-01
7.317311763763427734e-01
7.532484531402587891e-01
9.589475393295288086e-01
9.864938259124755859e-01
9.623878002166748047e-01
7.809675931930541992e-01
7.118257880210876465e-01
8.408660292625427246e-01
9.203493595123291016e-01
9.320255517959594727e-01
7.259641289710998535e-01
8.243271112442016602e-01
8.928664922714233398e-01
9.026209712028503418e-01
9.663382768630981445e-01
5.113034844398498535e-01
9.518322348594665527e-01
9.214453101158142090e-01
9.418306946754455566e-01
6.350239515304565430e-01
8.249742984771728516e-01
8.961926698684692383e-01
6.452077031135559082e-01
7.737509012222290039e-01
9.593062400817871094e-01
3.403464555740356445e-01
7.540667653083801270e-01
8.827293515205383301e-01
7.279880046844482422e-01
6.492692232131958008e-01
8.362925648689270020e-01
8.213866949081420898e-01
7.404568195343017578e-01
7.732499241828918457e-01
5.813162326812744141e-01
8.899762630462646484e-01
4.799324274063110352e-01
8.266088366508483887e-01
8.951605558395385742e-01
5.339645147323608398e-01
8.570962548255920410e-01
6.973004341125488281e-01
5.953954458236694336e-01
8.859678506851196289e-01
2.219158411026000977e-01
8.883843421936035156e-01
7.096308469772338867e-01
7.570569515228271484e-01
7.164280414581298828e-01
7.076649665832519531e-01
6.750868558883666992e-01
7.958871126174926758e-01
6.044524908065795898e-01
7.908342480659484863e-01
7.487536668777465820e-01
7.228605747222900391e-01
7.373217940330505371e-01
7.517794370651245117e-01
7.525659799575805664e-01
7.763928174972534180e-01
7.874231338500976562e-01
5.367330312728881836e-01
8.871868848800659180e-01
4.072362780570983887e-01
7.880502939224243164e-01
9.076458215713500977e-01
5.777876973152160645e-01
7.395904064178466797e-01
7.911083102226257324e-01
5.899047851562500000e-01
7.909882068634033203e-01
7.565717101097106934e-01
8.216175436973571777e-01
7.359313964843750000e-01
7.482168078422546387e-01
6.957405805587768555e-01
7.263786792755126953e-01
7.773542404174804688e-01
8.149983882904052734e-01
7.515848875045776367e-01
8.022830486297607422e-01
7.039777040481567383e-01
8.454101085662841797e-01
6.434942483901977539e-01
8.868823647499084473e-01
6.473969221115112305e-01
8.345134854316711426e-01
8.782875537872314453e-01
7.282091379165649414e-01
8.568832874298095703e-01
8.434621691703796387e-01
7.091170549392700195e-01
7.896813154220581055e-01
7.537108659744262695e-01
8.444560766220092773e-01
7.337667942047119141e-01
8.329090476036071777e-01
8.811438083648681641e-01
7.162669301033020020e-01
8.819599151611328125e-01
7.595396637916564941e-01
8.667865395545959473e-01
8.545408248901367188e-01
8.350871801376342773e-01
8.705314397811889648e-01
7.807006835937500000e-01
9.050024151802062988e-01
7.982770204544067383e-01
8.441396951675415039e-01
8.527534008026123047e-01
6.961395740509033203e-01
8.599025607109069824e-01
9.315928220748901367e-01
7.479912638664245605e-01
9.175360202789306641e-01
9.044933319091796875e-01
8.206703662872314453e-01
8.897447586059570312e-01
8.841074109077453613e-01
8.457977175712585449e-01
8.190590143203735352e-01
7.973127365112304688e-01
8.617755174636840820e-01
8.298645019531250000e-01
9.455667138099670410e-01
7.694571614265441895e-01
8.481240272521972656e-01
8.390905857086181641e-01
8.828044533729553223e-01
8.877736330032348633e-01
9.119510650634765625e-01
9.211599826812744141e-01
8.610997200012207031e-01
9.195241928100585938e-01
8.803289532661437988e-01
8.927949666976928711e-01
9.378931522369384766e-01
8.910481929779052734e-01
9.177850484848022461e-01
9.289205670356750488e-01
8.999621868133544922e-01
9.166028499603271484e-01
9.177778959274291992e-01
9.241356849670410156e-01
9.640710949897766113e-01
8.775571584701538086e-01
9.218353033065795898e-01
8.547708988189697266e-01
9.612519145011901855e-01
8.367131352424621582e-01
8.395479917526245117e-01
8.689804077148437500e-01
9.363249540328979492e-01
6.906185150146484375e-01
9.845405817031860352e-01
7.361743599176406860e-02
9.253238439559936523e-01
9.709265828132629395e-01
5.037889480590820312e-01
8.295631408691406250e-01
9.454441070556640625e-01
9.456295967102050781e-01
7.701190710067749023e-01
8.299273252487182617e-01
9.147439599037170410e-01
9.387025237083435059e-01
9.217549562454223633e-01
9.158898591995239258e-01
8.488203883171081543e-01
7.854842543601989746e-01
8.627326488494873047e-01
6.358617544174194336e-01
8.846594691276550293e-01
9.498292207717895508e-01
8.185598850250244141e-01
8.370102047920227051e-01
9.580028653144836426e-01
9.641370177268981934e-01
9.225693941116333008e-01
9.065769314765930176e-01
8.959844112396240234e-01
8.781331777572631836e-01
9.378333091735839844e-01
8.457298278808593750e-01
8.987748622894287109e-01
8.479691743850708008e-01
8.667408227920532227e-01
9.140332937240600586e-01
8.942114710807800293e-01
9.373688697814941406e-01
9.428613185882568359e-01
9.256266951560974121e-01
9.123249053955078125e-01
9.256337285041809082e-01
9.620251655578613281e-01
9.514185786247253418e-01
9.553123712539672852e-01
9.338260293006896973e-01
9.447985887527465820e-01
9.405404329299926758e-01
8.946921825408935547e-01
9.133889675140380859e-01
8.967364430427551270e-01
8.687094449996948242e-01
8.407114744186401367e-01
8.873633146286010742e-01
9.101545214653015137e-01
9.047435522079467773e-01
8.872565031051635742e-01
9.069013595581054688e-01
8.540794849395751953e-01
9.724960327148437500e-01
9.201271533966064453e-01
9.691677093505859375e-01
9.641578197479248047e-01
9.621130228042602539e-01
9.455814361572265625e-01
9.041325449943542480e-01
9.491608142852783203e-01
8.682842850685119629e-01
9.008029103279113770e-01
8.468268513679504395e-01
9.294574260711669922e-01
8.700859546661376953e-01
8.364528417587280273e-01
9.131068587303161621e-01
9.168623685836791992e-01
9.409352540969848633e-01
9.237875938415527344e-01
9.299643039703369141e-01
9.607567787170410156e-01
9.276814460754394531e-01
9.442425370216369629e-01
9.404608607292175293e-01
9.082386493682861328e-01
8.212355971336364746e-01
9.635792970657348633e-01
6.913499832153320312e-01
9.676022529602050781e-01
9.141861796379089355e-01
9.182658195495605469e-01
9.202822446823120117e-01
8.647080659866333008e-01
9.312580823898315430e-01
6.948586702346801758e-01
9.923120737075805664e-01
3.997219800949096680e-01
9.622031450271606445e-01
9.749902486801147461e-01
7.893096208572387695e-01
8.400211334228515625e-01
9.275581836700439453e-01
4.791220426559448242e-01
9.686063528060913086e-01
6.976539492607116699e-01
7.651445865631103516e-01
9.609032869338989258e-01
7.735719680786132812e-01
6.999512910842895508e-01
9.605599045753479004e-01
6.557058691978454590e-01
9.193432331085205078e-01
8.558329343795776367e-01
8.012630939483642578e-01
8.979307413101196289e-01
6.776111125946044922e-01
8.418892621994018555e-01
5.968484282493591309e-01
8.451086878776550293e-01
8.173815608024597168e-01
5.709338784217834473e-01
9.280202388763427734e-01
1.952686011791229248e-01
9.391120076179504395e-01
7.760609388351440430e-01
7.971975207328796387e-01
8.825938701629638672e-01
7.318365573883056641e-01
9.002982378005981445e-01
6.842632293701171875e-01
8.277587890625000000e-01
6.718473434448242188e-01
7.869056463241577148e-01
7.253673076629638672e-01
8.643520474433898926e-01
7.797729969024658203e-01
8.358342647552490234e-01
7.044494152069091797e-01
7.897382378578186035e-01
5.669840574264526367e-01
9.056667089462280273e-01
4.618999958038330078e-01
9.073448181152343750e-01
6.693351268768310547e-01
7.853934168815612793e-01
7.710723876953125000e-01
4.335591197013854980e-01
9.143203496932983398e-01
5.314834117889404297e-01
8.437504768371582031e-01
8.802163004875183105e-01
7.611056566238403320e-01
7.674514055252075195e-01
8.780003786087036133e-01
6.512874960899353027e-01
8.687193393707275391e-01
5.155369043350219727e-01
8.891783952713012695e-01
3.663649260997772217e-01
8.352380990982055664e-01
8.966894149780273438e-01
7.075119018554687500e-01
7.473779916763305664e-01
6.853393912315368652e-01
8.544716835021972656e-01
6.896462440490722656e-01
8.442734479904174805e-01
8.864161372184753418e-01
7.911906242370605469e-01
9.052385687828063965e-01
7.548472285270690918e-01
7.754181027412414551e-01
8.913914561271667480e-01
5.863462686538696289e-01
8.917645215988159180e-01
7.489479184150695801e-01
6.317360997200012207e-01
8.531495332717895508e-01
3.553586900234222412e-01
9.272084236145019531e-01
9.066859483718872070e-01
8.284897804260253906e-01
9.309764504432678223e-01
8.626991510391235352e-01
8.356721401214599609e-01
7.379658818244934082e-01
8.446252346038818359e-01
5.641987919807434082e-01
8.704132437705993652e-01
1.173170581459999084e-01
9.163621664047241211e-01
7.348555326461791992e-01
6.404095292091369629e-01
8.907376527786254883e-01
5.859005451202392578e-01
8.510876893997192383e-01
5.776653885841369629e-01
8.014169335365295410e-01
6.367126107215881348e-01
8.693110942840576172e-01
8.508335351943969727e-01
8.383597731590270996e-01
7.924978733062744141e-01
8.862924575805664062e-01
8.016005754470825195e-01
7.867817282676696777e-01
8.798848986625671387e-01
7.882000207901000977e-01
8.943579792976379395e-01
7.496936917304992676e-01
8.246088027954101562e-01
6.495272517204284668e-01
8.164187669754028320e-01
8.066726922988891602e-01
8.005044460296630859e-01
7.751358747482299805e-01
6.112011075019836426e-01
9.205319881439208984e-01
9.339336156845092773e-01
9.334728717803955078e-01
9.254097938537597656e-01
9.147601127624511719e-01
9.141995906829833984e-01
8.203212618827819824e-01
8.869631290435791016e-01
6.868072152137756348e-01
9.176874160766601562e-01
5.691081285476684570e-01
8.937114477157592773e-01
5.266324877738952637e-01
9.087275266647338867e-01
8.983221054077148438e-01
5.374131202697753906e-01
9.260565638542175293e-01
7.019474506378173828e-01
8.018759489059448242e-01
6.822950839996337891e-01
4.686853885650634766e-01
9.574015736579895020e-01
5.567559003829956055e-01
9.017109870910644531e-01
2.785679697990417480e-01
9.142205715179443359e-01
8.111063241958618164e-01
6.172575950622558594e-01
7.710229158401489258e-01
5.234667062759399414e-01
7.679833173751831055e-01
5.961909294128417969e-01
7.750087976455688477e-01
8.359649181365966797e-01
7.223930358886718750e-01
8.431951999664306641e-01
8.265636563301086426e-01
7.955600023269653320e-01
8.599784374237060547e-01
7.995108366012573242e-01
7.364236116409301758e-01
8.657229542732238770e-01
8.424690961837768555e-01
8.974081873893737793e-01
6.999073624610900879e-01
8.978503942489624023e-01
2.629005312919616699e-01
9.564858675003051758e-01
5.562106966972351074e-01
9.005621671676635742e-01
2.463018447160720825e-01
7.778300642967224121e-01
8.834145069122314453e-01
6.161134243011474609e-01
7.357273697853088379e-01
8.034901618957519531e-01
6.606075763702392578e-01
8.197656869888305664e-01
7.987254858016967773e-01
8.020707368850708008e-01
8.327232599258422852e-01
7.817769050598144531e-01
7.556135058403015137e-01
6.047620773315429688e-01
8.653467893600463867e-01
4.857018291950225830e-01
9.007415771484375000e-01
9.098695516586303711e-01
7.988994121551513672e-01
8.841249942779541016e-01
8.264935016632080078e-01
7.584863901138305664e-01
8.842328190803527832e-01
7.760251760482788086e-01
8.148872852325439453e-01
5.851722359657287598e-01
9.112758040428161621e-01
4.925729334354400635e-01
9.244130849838256836e-01
1.361758112907409668e-01
8.877135515213012695e-01
8.117475509643554688e-01
6.773664355278015137e-01
8.109049797058105469e-01
8.187479972839355469e-01
6.211658716201782227e-01
6.564525365829467773e-01
5.640819072723388672e-01
8.592574000358581543e-01
6.640107035636901855e-01
8.552821874618530273e-01
8.987059593200683594e-01
6.006794571876525879e-01
8.915235996246337891e-01
7.220205068588256836e-01
7.913698554039001465e-01
6.728336811065673828e-01
9.048832654953002930e-01
5.382441282272338867e-01
8.997551202774047852e-01
8.874739408493041992e-01
6.507868766784667969e-01
8.372046947479248047e-01
6.527467966079711914e-01
8.533033132553100586e-01
8.121827840805053711e-01
8.125865459442138672e-01
8.962292671203613281e-01
8.464955091476440430e-01
8.747180104255676270e-01
7.962591052055358887e-01
8.397380113601684570e-01
6.397042274475097656e-01
8.194192647933959961e-01
4.628969430923461914e-01
8.796456456184387207e-01
4.651349782943725586e-01
8.351656198501586914e-01
7.961129546165466309e-01
7.888246774673461914e-01
8.043867349624633789e-01
8.136959075927734375e-01
7.304575443267822266e-01
7.449603080749511719e-01
6.828883886337280273e-01
8.254236578941345215e-01
7.457647919654846191e-01
8.762730956077575684e-01
7.504566907882690430e-01
7.248623371124267578e-01
7.582063674926757812e-01
6.071387529373168945e-01
9.072550535202026367e-01
7.050106525421142578e-01
8.588250875473022461e-01
8.725960254669189453e-01
6.941417455673217773e-01
8.046538829803466797e-01
6.834412813186645508e-01
8.890344500541687012e-01
7.681549787521362305e-01
8.754153251647949219e-01
9.067176580429077148e-01
7.120001912117004395e-01
8.479045629501342773e-01
7.299478054046630859e-01
8.173692822456359863e-01
6.225421428680419922e-01
9.006459712982177734e-01
2.963421046733856201e-01
9.093607664108276367e-01
5.874527692794799805e-01
8.102810382843017578e-01
7.237366437911987305e-01
6.750868558883666992e-01
8.586454391479492188e-01
5.464534759521484375e-01
8.778084516525268555e-01
6.558946371078491211e-01
8.199441432952880859e-01
8.790931105613708496e-01
7.247191667556762695e-01
8.002884984016418457e-01
8.228819370269775391e-01
6.005093455314636230e-01
9.154465198516845703e-01
6.073292493820190430e-01
8.500738143920898438e-01
7.187203168869018555e-01
8.004980087280273438e-01
8.040444850921630859e-01
7.440249919891357422e-01
8.351771831512451172e-01
6.190760731697082520e-01
8.942786455154418945e-01
6.074246764183044434e-01
7.934958338737487793e-01
7.900786995887756348e-01
8.334020376205444336e-01
8.961922526359558105e-01
8.171938061714172363e-01
7.280968427658081055e-01
8.596045374870300293e-01
4.569033980369567871e-01
9.204834699630737305e-01
5.563728809356689453e-01
8.131518363952636719e-01
6.212584972381591797e-01
8.667846918106079102e-01
6.251875758171081543e-01
8.745691776275634766e-01
9.121510982513427734e-01
8.125599622726440430e-01
8.322618603706359863e-01
8.339771628379821777e-01
7.435936927795410156e-01
8.428518772125244141e-01
4.893696308135986328e-01
9.537503719329833984e-01
4.772045612335205078e-01
9.091190695762634277e-01
8.253829479217529297e-01
8.405882120132446289e-01
8.491754531860351562e-01
8.492104411125183105e-01
7.773650884628295898e-01
8.511667251586914062e-01
7.316148877143859863e-01
8.509328365325927734e-01
5.344628095626831055e-01
9.084489345550537109e-01
6.524365544319152832e-01
7.999538779258728027e-01
6.152333021163940430e-01
8.905795812606811523e-01
6.187160015106201172e-01
8.433052301406860352e-01
9.125332832336425781e-01
4.906818866729736328e-01
8.767945766448974609e-01
5.747494697570800781e-01
9.030566811561584473e-01
4.838309884071350098e-01
8.832818269729614258e-01
7.979157567024230957e-01
8.258122801780700684e-01
7.368856668472290039e-01
8.428526520729064941e-01
7.600972652435302734e-01
8.228052854537963867e-01
6.440234184265136719e-01
9.078038930892944336e-01
3.862043023109436035e-01
8.870899081230163574e-01
7.089576721191406250e-01
6.915591359138488770e-01
8.226805925369262695e-01
7.604304552078247070e-01
8.408733606338500977e-01
8.736876845359802246e-01
7.825037240982055664e-01
6.496858596801757812e-01
8.455654978752136230e-01
5.899705290794372559e-01
8.918847441673278809e-01
7.728902101516723633e-01
8.615853786468505859e-01
8.431178927421569824e-01
7.192410230636596680e-01
7.493721246719360352e-01
5.580232739448547363e-01
8.589882850646972656e-01
9.048436880111694336e-01
8.295894861221313477e-01
8.723974227905273438e-01
9.035046100616455078e-01
6.307693719863891602e-01
9.483476877212524414e-01
7.808156013488769531e-01
8.530238866806030273e-01
8.041929602622985840e-01
7.342338562011718750e-01
7.801947593688964844e-01
7.651288509368896484e-01
7.676392793655395508e-01
8.331177830696105957e-01
8.343241810798645020e-01
7.551424503326416016e-01
7.742875814437866211e-01
8.902471065521240234e-01
6.918396353721618652e-01
8.668509721755981445e-01
8.786716461181640625e-01
6.979483366012573242e-01
8.457349538803100586e-01
8.545424938201904297e-01
8.570615053176879883e-01
7.955030202865600586e-01
8.976644277572631836e-01
6.035567522048950195e-01
9.459604620933532715e-01
4.584007263183593750e-01
8.596937656402587891e-01
8.116810321807861328e-01
7.502225041389465332e-01
8.361141681671142578e-01
8.280035853385925293e-01
7.558779716491699219e-01
7.845557928085327148e-01
7.903919219970703125e-01
8.132467269897460938e-01
7.807611823081970215e-01
8.010705709457397461e-01
7.467913031578063965e-01
8.390303850173950195e-01
5.127012133598327637e-01
9.673215746879577637e-01
2.317554354667663574e-01
9.369478225708007812e-01
6.318657398223876953e-01
7.865889072418212891e-01
7.586020231246948242e-01
5.532942414283752441e-01
9.321055412292480469e-01
2.676357030868530273e-01
9.123363494873046875e-01
8.430627584457397461e-01
7.005634307861328125e-01
7.635065913200378418e-01
7.754102945327758789e-01
6.966412067413330078e-01
8.778111338615417480e-01
7.095236778259277344e-01
8.890190124511718750e-01
8.158193826675415039e-01
7.814075946807861328e-01
8.326401710510253906e-01
7.859829664230346680e-01
7.338141202926635742e-01
7.973276972770690918e-01
5.998418927192687988e-01
9.172667860984802246e-01
5.208344459533691406e-01
8.903703689575195312e-01
8.921686410903930664e-01
8.483151197433471680e-01
8.520226478576660156e-01
8.428308367729187012e-01
8.458453416824340820e-01
8.038976788520812988e-01
8.480362892150878906e-01
7.330359220504760742e-01
9.072332382202148438e-01
8.837192058563232422e-01
8.512548208236694336e-01
8.095064163208007812e-01
7.807946205139160156e-01
7.936495542526245117e-01
8.123153448104858398e-01
7.837682962417602539e-01
8.221927881240844727e-01
7.735871076583862305e-01
8.932799696922302246e-01
7.540919780731201172e-01
8.865911960601806641e-01
8.481420874595642090e-01
8.637065291404724121e-01
8.638364672660827637e-01
7.574068307876586914e-01
7.889490127563476562e-01
7.507504224777221680e-01
8.545307517051696777e-01
7.892912030220031738e-01
8.225881457328796387e-01
8.375082015991210938e-01
7.777460813522338867e-01
7.462781071662902832e-01
9.137974381446838379e-01
3.917290568351745605e-01
9.187783598899841309e-01
5.568935871124267578e-01
9.032441377639770508e-01
9.103015661239624023e-01
7.783963680267333984e-01
8.899530768394470215e-01
8.251292705535888672e-01
7.386298179626464844e-01
9.380921721458435059e-01
4.104911088943481445e-01
9.461017847061157227e-01
9.297220706939697266e-01
7.964074611663818359e-01
8.799421787261962891e-01
7.430725097656250000e-01
9.458745718002319336e-01
7.911543846130371094e-01
7.828970551490783691e-01
9.150578379631042480e-01
7.174776792526245117e-01
8.702851533889770508e-01
8.523643016815185547e-01
7.893832921981811523e-01
8.141405582427978516e-01
7.319776415824890137e-01
8.557291030883789062e-01
7.382444739341735840e-01
7.811883687973022461e-01
7.107387781143188477e-01
8.797045946121215820e-01
6.745011806488037109e-01
9.405966997146606445e-01
6.125600934028625488e-01
9.017606377601623535e-01
6.923730373382568359e-01
9.468619823455810547e-01
5.028946995735168457e-01
9.278026819229125977e-01
5.507452487945556641e-01
8.202623128890991211e-01
8.314208984375000000e-01
6.888850927352905273e-01
9.293824434280395508e-01
7.886864542961120605e-01
9.029997587203979492e-01
8.336613774299621582e-01
7.474766969680786133e-01
7.708105444908142090e-01
9.063440561294555664e-01
7.814224958419799805e-01
8.884053230285644531e-01
9.257469177246093750e-01
7.270423173904418945e-01
9.193481206893920898e-01
8.008704185485839844e-01
8.964994549751281738e-01
7.735712528228759766e-01
8.959989547729492188e-01
6.489692926406860352e-01
8.976803421974182129e-01
7.539027929306030273e-01
7.584403753280639648e-01
8.605552315711975098e-01
5.150924324989318848e-01
9.275613427162170410e-01
6.714615821838378906e-01
9.039546847343444824e-01
8.072733879089355469e-01
7.921198010444641113e-01
8.549681305885314941e-01
6.823719739913940430e-01
8.338364362716674805e-01
8.791661262512207031e-01
7.507755756378173828e-01
8.663712739944458008e-01
9.092593193054199219e-01
7.086282968521118164e-01
8.477752208709716797e-01
6.791221499443054199e-01
9.427468180656433105e-01
7.721337080001831055e-01
8.925099372863769531e-01
8.467922210693359375e-01
8.052238225936889648e-01
8.098461627960205078e-01
7.740912437438964844e-01
8.386585116386413574e-01
7.041446566581726074e-01
9.292938113212585449e-01
6.146702766418457031e-01
9.392137527465820312e-01
8.272867202758789062e-01
7.988613843917846680e-01
8.372330665588378906e-01
6.300662159919738770e-01
9.626656770706176758e-01
2.235985398292541504e-01
8.972035646438598633e-01
6.704512834548950195e-01
9.179866909980773926e-01
4.132008254528045654e-01
9.930484294891357422e-01
5.292010903358459473e-01
7.430950403213500977e-01
9.216270446777343750e-01
8.606413602828979492e-01
6.610872745513916016e-01
8.809909820556640625e-01
6.542131900787353516e-01
8.800413012504577637e-01
5.728678703308105469e-01
9.037184715270996094e-01
7.287263274192810059e-01
8.248311877250671387e-01
7.550023794174194336e-01
6.616679430007934570e-01
7.189289331436157227e-01
7.512046098709106445e-01
8.563063740730285645e-01
7.528575658798217773e-01
9.082450866699218750e-01
6.785177588462829590e-01
7.331758737564086914e-01
9.272429347038269043e-01
8.466364145278930664e-01
8.334021568298339844e-01
8.637816905975341797e-01
7.351702451705932617e-01
8.392720222473144531e-01
7.822912335395812988e-01
8.328577280044555664e-01
8.190543651580810547e-01
7.122043371200561523e-01
7.937488555908203125e-01
6.535521149635314941e-01
8.517161011695861816e-01
6.659904718399047852e-01
8.715900778770446777e-01
7.136679887771606445e-01
9.128664731979370117e-01
6.621051430702209473e-01
8.879097700119018555e-01
6.245678067207336426e-01
8.498852252960205078e-01
7.687809467315673828e-01
7.550840377807617188e-01
7.897683382034301758e-01
8.532493114471435547e-01
8.092294931411743164e-01
9.270311594009399414e-01
7.089035511016845703e-01
8.565315008163452148e-01
8.431549072265625000e-01
5.702735185623168945e-01
8.489695191383361816e-01
4.757074415683746338e-01
8.730903267860412598e-01
4.355654120445251465e-01
8.464378714561462402e-01
9.091156721115112305e-01
6.909835338592529297e-01
8.477953672409057617e-01
8.583148121833801270e-01
7.015978097915649414e-01
8.075501918792724609e-01
8.103098869323730469e-01
8.567471504211425781e-01
7.505496740341186523e-01
8.878763318061828613e-01
6.906285881996154785e-01
8.205640316009521484e-01
9.153012037277221680e-01
5.995953083038330078e-01
8.805664777755737305e-01
6.870836019515991211e-01
9.180132150650024414e-01
5.101993680000305176e-01
9.077934026718139648e-01
8.451861143112182617e-01
7.281399965286254883e-01
7.569820880889892578e-01
8.457132577896118164e-01
8.651479482650756836e-01
7.802966833114624023e-01
8.313531279563903809e-01
7.167056202888488770e-01
9.023855924606323242e-01
7.197496891021728516e-01
8.210818171501159668e-01
7.640171051025390625e-01
7.656179666519165039e-01
7.914968132972717285e-01
7.662841081619262695e-01
8.015004992485046387e-01
7.989386320114135742e-01
7.712437510490417480e-01
8.372893929481506348e-01
7.653523683547973633e-01
8.654626011848449707e-01
4.014706313610076904e-01
9.218923449516296387e-01
6.107813119888305664e-01
8.371328115463256836e-01
9.244335293769836426e-01
5.819368362426757812e-01
8.768353462219238281e-01
8.699425458908081055e-01
8.007301092147827148e-01
7.823404669761657715e-01
8.259419202804565430e-01
7.334665060043334961e-01
8.245529532432556152e-01
5.789700150489807129e-01
8.609743118286132812e-01
5.167284011840820312e-01
8.898854255676269531e-01
8.566792011260986328e-01
7.167544364929199219e-01
8.315430879592895508e-01
7.112191319465637207e-01
8.592060804367065430e-01
6.761480569839477539e-01
8.693724274635314941e-01
5.078974366188049316e-01
9.548754692077636719e-01
8.695565462112426758e-01
7.870376110076904297e-01
8.607473969459533691e-01
7.256340980529785156e-01
8.143417835235595703e-01
8.092153072357177734e-01
7.886766195297241211e-01
7.397040128707885742e-01
8.790201544761657715e-01
8.399835824966430664e-01
7.616369724273681641e-01
9.018230438232421875e-01
7.641211152076721191e-01
8.430907726287841797e-01
8.134499192237854004e-01
7.647911310195922852e-01
7.882328033447265625e-01
8.706640005111694336e-01
8.035669922828674316e-01
7.749224901199340820e-01
8.281943798065185547e-01
7.237755656242370605e-01
9.112412929534912109e-01
7.476184368133544922e-01
8.549271225929260254e-01
6.294609308242797852e-01
8.889727592468261719e-01
7.481991052627563477e-01
8.326435089111328125e-01
5.922608971595764160e-01
8.935602307319641113e-01
4.595633447170257568e-01
9.337249994277954102e-01
6.586025953292846680e-01
8.584736585617065430e-01
8.558392524719238281e-01
8.164130449295043945e-01
6.778935194015502930e-01
8.557578921318054199e-01
6.113127470016479492e-01
9.364519119262695312e-01
7.867004871368408203e-01
7.297836542129516602e-01
8.247948288917541504e-01
6.737663149833679199e-01
8.421019315719604492e-01
7.534498572349548340e-01
7.699733376502990723e-01
7.895915508270263672e-01
8.221446275711059570e-01
7.911661863327026367e-01
8.984807133674621582e-01
5.888905525207519531e-01
8.916060924530029297e-01
8.990285396575927734e-01
7.560153007507324219e-01
8.126435279846191406e-01
6.688452959060668945e-01
6.133227944374084473e-01
6.784503459930419922e-01
9.231719970703125000e-01
8.914791345596313477e-01
8.383361101150512695e-01
7.900718450546264648e-01
7.464925050735473633e-01
6.836267709732055664e-01
9.128496050834655762e-01
7.635033130645751953e-01
7.557886838912963867e-01
9.477022290229797363e-01
7.098442316055297852e-01
7.956058979034423828e-01
9.283833503723144531e-01
2.744706273078918457e-01
9.525200128555297852e-01
5.462471246719360352e-01
9.048679471015930176e-01
8.532547354698181152e-01
7.973042726516723633e-01
7.543246746063232422e-01
8.927068710327148438e-01
5.578088760375976562e-01
8.495370149612426758e-01
8.221256732940673828e-01
7.961754798889160156e-01
7.098736763000488281e-01
8.459815979003906250e-01
7.528604269027709961e-01
8.170050978660583496e-01
8.252754807472229004e-01
7.074515819549560547e-01
8.789271712303161621e-01
7.088121175765991211e-01
8.179954886436462402e-01
8.150744438171386719e-01
7.498350143432617188e-01
8.713266849517822266e-01
8.275198936462402344e-01
7.915586233139038086e-01
8.753733634948730469e-01
6.010202765464782715e-01
8.893468379974365234e-01
8.042235970497131348e-01
8.450464010238647461e-01
8.793668150901794434e-01
8.265568017959594727e-01
6.924343109130859375e-01
9.422067999839782715e-01
2.996249198913574219e-01
8.593349456787109375e-01
5.981895923614501953e-01
9.270637035369873047e-01
7.165083289146423340e-01
8.191717863082885742e-01
7.556124925613403320e-01
7.737227678298950195e-01
7.092864513397216797e-01
9.027308821678161621e-01
6.853364109992980957e-01
6.756354570388793945e-01
8.138684630393981934e-01
6.376414895057678223e-01
9.321613907814025879e-01
7.060235738754272461e-01
8.789525032043457031e-01
7.805344462394714355e-01
8.670243620872497559e-01
7.886971831321716309e-01
7.992925643920898438e-01
7.135751247406005859e-01
7.116529345512390137e-01
8.042688965797424316e-01
8.321586847305297852e-01
7.492954134941101074e-01
6.904976367950439453e-01
8.638856410980224609e-01
7.138898372650146484e-01
8.326418995857238770e-01
6.891578435897827148e-01
9.191845059394836426e-01
6.891347169876098633e-01
8.987103700637817383e-01
7.678580880165100098e-01
7.737840414047241211e-01
6.958447694778442383e-01
8.835624456405639648e-01
6.608191132545471191e-01
8.689654469490051270e-01
7.459781169891357422e-01
8.932849168777465820e-01
6.879085898399353027e-01
9.009596109390258789e-01
5.055059790611267090e-01
9.106691479682922363e-01
7.566757202148437500e-01
8.724852800369262695e-01
8.598465919494628906e-01
7.854632139205932617e-01
7.491648197174072266e-01
8.169908523559570312e-01
8.806129693984985352e-01
6.366752386093139648e-01
9.278991818428039551e-01
6.889952421188354492e-01
8.375740647315979004e-01
8.984894752502441406e-01
7.570312619209289551e-01
8.405575752258300781e-01
7.146989107131958008e-01
8.803709745407104492e-01
7.612583637237548828e-01
8.607879877090454102e-01
7.597221136093139648e-01
9.145475625991821289e-01
7.021768093109130859e-01
8.512409925460815430e-01
5.881333351135253906e-01
9.266502261161804199e-01
5.800484418869018555e-01
9.085154533386230469e-01
4.409278035163879395e-01
9.430426359176635742e-01
7.531968355178833008e-01
9.044080972671508789e-01
6.213525533676147461e-01
8.499653935432434082e-01
4.466695785522460938e-01
8.799931406974792480e-01
6.145648360252380371e-01
7.386996746063232422e-01
8.689726591110229492e-01
5.969688892364501953e-01
8.995636105537414551e-01
8.163321018218994141e-01
8.303493261337280273e-01
9.000771641731262207e-01
8.285422325134277344e-01
7.827859520912170410e-01
8.054175972938537598e-01
8.118464946746826172e-01
5.509330630302429199e-01
9.019213318824768066e-01
7.432422637939453125e-01
8.452006578445434570e-01
8.085665106773376465e-01
7.575150132179260254e-01
7.386568784713745117e-01
7.940982580184936523e-01
7.631253004074096680e-01
8.447884321212768555e-01
7.024857997894287109e-01
9.119858741760253906e-01
8.125764727592468262e-01
7.697746753692626953e-01
8.729574084281921387e-01
6.975471973419189453e-01
7.498775720596313477e-01
9.158374071121215820e-01
6.338356137275695801e-01
9.023752808570861816e-01
7.439055442810058594e-01
8.632135391235351562e-01
6.111460924148559570e-01
9.527733325958251953e-01
5.822905302047729492e-01
8.601114749908447266e-01
8.158563375473022461e-01
7.182433605194091797e-01
8.718571662902832031e-01
6.902645826339721680e-01
8.525578975677490234e-01
7.091035842895507812e-01
8.802748322486877441e-01
9.156116247177124023e-01
8.263089656829833984e-01
8.614338636398315430e-01
7.592862844467163086e-01
7.924969196319580078e-01
8.084843754768371582e-01
6.100639700889587402e-01
8.386675715446472168e-01
7.968546748161315918e-01
7.697167396545410156e-01
7.856367230415344238e-01
7.364999055862426758e-01
9.037092924118041992e-01
5.463806986808776855e-01
9.083541631698608398e-01
8.208544254302978516e-01
8.621655702590942383e-01
8.236389160156250000e-01
8.026678562164306641e-01
7.689842581748962402e-01
8.166897296905517578e-01
7.111595869064331055e-01
9.283723235130310059e-01
5.991901755332946777e-01
9.283897876739501953e-01
7.651934623718261719e-01
8.617901206016540527e-01
6.448032259941101074e-01
9.207406640052795410e-01
8.625651597976684570e-01
7.935225963592529297e-01
7.863861322402954102e-01
5.033852458000183105e-01
9.509233236312866211e-01
5.880019664764404297e-01
9.290282726287841797e-01
8.884768486022949219e-01
7.884207963943481445e-01
8.739922642707824707e-01
6.706547737121582031e-01
9.306217432022094727e-01
7.110981345176696777e-01
9.278436899185180664e-01
8.573804497718811035e-01
7.960278391838073730e-01
8.648132681846618652e-01
8.538233041763305664e-01
5.590641498565673828e-01
9.587916135787963867e-01
2.168667018413543701e-01
9.080197811126708984e-01
9.915930032730102539e-01
4.204541444778442383e-01
9.667779207229614258e-01
6.316725611686706543e-01
7.597324848175048828e-01
8.625907301902770996e-01
5.077563524246215820e-01
8.567263484001159668e-01
6.566412448883056641e-01
8.519580364227294922e-01
7.419816255569458008e-01
8.148754835128784180e-01
7.051041126251220703e-01
8.684107065200805664e-01
7.736093997955322266e-01
9.054962396621704102e-01
8.093322515487670898e-01
8.165770173072814941e-01
9.350280761718750000e-01
7.962090969085693359e-01
8.393172621726989746e-01
9.196219444274902344e-01
7.452002167701721191e-01
8.357046842575073242e-01
7.612032294273376465e-01
7.817208766937255859e-01
7.983021736145019531e-01
7.541207075119018555e-01
7.783290147781372070e-01
6.714915037155151367e-01
8.884418010711669922e-01
7.936086058616638184e-01
8.899041414260864258e-01
8.044484853744506836e-01
8.021714687347412109e-01
8.971220254898071289e-01
7.030603885650634766e-01
8.910300135612487793e-01
7.441009283065795898e-01
8.924292922019958496e-01
6.625891327857971191e-01
7.842735648155212402e-01
8.433107137680053711e-01
8.208524584770202637e-01
7.703652381896972656e-01
8.628783226013183594e-01
7.410376071929931641e-01
8.508384227752685547e-01
6.233117580413818359e-01
8.891046047210693359e-01
7.899646162986755371e-01
8.161503076553344727e-01
7.321944832801818848e-01
8.014931082725524902e-01
6.444414854049682617e-01
9.421697854995727539e-01
6.438622474670410156e-01
9.128787517547607422e-01
7.477203011512756348e-01
8.310008049011230469e-01
8.183971643447875977e-01
6.592073440551757812e-01
8.657324314117431641e-01
5.452584028244018555e-01
9.204553365707397461e-01
9.224442243576049805e-01
6.747518777847290039e-01
9.333175420761108398e-01
6.295532584190368652e-01
8.986016511917114258e-01
7.210899591445922852e-01
8.696776628494262695e-01
7.369776964187622070e-01
7.733101248741149902e-01
9.131347537040710449e-01
5.563201904296875000e-01
9.109948277473449707e-01
8.411617279052734375e-01
8.165014386177062988e-01
8.481472730636596680e-01
7.666441202163696289e-01
8.393092751502990723e-01
6.398019790649414062e-01
9.319516420364379883e-01
9.101354479789733887e-01
7.424089908599853516e-01
8.702196478843688965e-01
6.731023192405700684e-01
9.012427330017089844e-01
8.763384819030761719e-01
7.738519906997680664e-01
7.961429953575134277e-01
8.506370186805725098e-01
7.139642238616943359e-01
8.937582969665527344e-01
3.878573179244995117e-01
9.589446783065795898e-01
3.288655877113342285e-01
8.495323657989501953e-01
9.220576882362365723e-01
4.898906946182250977e-01
9.570804238319396973e-01
3.870118856430053711e-01
8.877248764038085938e-01
9.343037009239196777e-01
6.636328101158142090e-01
7.990249395370483398e-01
9.373295903205871582e-01
6.594088077545166016e-01
8.647757768630981445e-01
8.858655691146850586e-01
7.276673316955566406e-01
7.128604650497436523e-01
8.847551345825195312e-01
5.630528330802917480e-01
8.324822783470153809e-01
8.820881843566894531e-01
8.497828841209411621e-01
8.786664605140686035e-01
7.455286383628845215e-01
7.790728807449340820e-01
8.176661729812622070e-01
8.534545898437500000e-01
8.224922418594360352e-01
7.987437248229980469e-01
8.628395795822143555e-01
7.539464235305786133e-01
7.591075897216796875e-01
7.849732637405395508e-01
8.093351721763610840e-01
8.003612756729125977e-01
7.945368885993957520e-01
7.949428558349609375e-01
7.181318998336791992e-01
8.741844296455383301e-01
6.390814781188964844e-01
8.021731972694396973e-01
8.905547261238098145e-01
6.390791535377502441e-01
9.386407136917114258e-01
7.413821816444396973e-01
8.038111329078674316e-01
9.309846162796020508e-01
6.270855665206909180e-01
9.575674533843994141e-01
9.114315509796142578e-01
6.943368911743164062e-01
7.988593578338623047e-01
7.291839122772216797e-01
8.156626224517822266e-01
8.584839701652526855e-01
6.350097060203552246e-01
9.401586651802062988e-01
5.490752458572387695e-01
9.590480923652648926e-01
7.263439893722534180e-01
8.134003877639770508e-01
8.810400366783142090e-01
5.059248208999633789e-01
9.065315723419189453e-01
7.364795804023742676e-01
8.589187264442443848e-01
8.046842217445373535e-01
6.143765449523925781e-01
9.234154820442199707e-01
2.533098757266998291e-01
9.334809780120849609e-01
4.248352050781250000e-01
9.794735908508300781e-01
3.980535864830017090e-01
9.184836149215698242e-01
8.376291990280151367e-01
5.718816518783569336e-01
8.557614088058471680e-01
7.578701972961425781e-01
6.528333425521850586e-01
9.272704124450683594e-01
6.190047264099121094e-01
7.911379933357238770e-01
9.642453193664550781e-01
6.707657575607299805e-01
8.153866529464721680e-01
8.980429172515869141e-01
7.181810140609741211e-01
8.309950232505798340e-01
6.993806958198547363e-01
8.790982961654663086e-01
4.749292433261871338e-01
8.929865956306457520e-01
8.634099960327148438e-01
7.521090507507324219e-01
8.674436807632446289e-01
8.637506961822509766e-01
8.201296329498291016e-01
7.537376284599304199e-01
8.755111694335937500e-01
6.376461386680603027e-01
8.984155654907226562e-01
7.052197456359863281e-01
8.391520977020263672e-01
9.392521381378173828e-01
7.642871737480163574e-01
8.025120496749877930e-01
7.356383800506591797e-01
7.352099418640136719e-01
8.720787763595581055e-01
7.298995256423950195e-01
8.782693147659301758e-01
6.766541004180908203e-01
8.904645442962646484e-01
8.053680658340454102e-01
8.323825597763061523e-01
8.275605440139770508e-01
7.868226170539855957e-01
7.791073322296142578e-01
8.592659235000610352e-01
7.978866696357727051e-01
8.221871256828308105e-01
8.686596751213073730e-01
7.275160551071166992e-01
8.700711131095886230e-01
7.872097492218017578e-01
7.587008476257324219e-01
6.937779784202575684e-01
7.754797935485839844e-01
6.706291437149047852e-01
7.598402500152587891e-01
6.208608746528625488e-01
9.263454079627990723e-01
4.631484746932983398e-01
8.745279908180236816e-01
9.088029861450195312e-01
7.766663432121276855e-01
8.264297246932983398e-01
7.838863134384155273e-01
8.843036293983459473e-01
7.406855821609497070e-01
7.683645486831665039e-01
8.542612195014953613e-01
7.253382205963134766e-01
9.318875074386596680e-01
6.454854011535644531e-01
8.922879695892333984e-01
4.624935984611511230e-01
9.734788537025451660e-01
2.462652474641799927e-01
8.777058124542236328e-01
9.373463392257690430e-01
7.763550877571105957e-01
8.176915645599365234e-01
9.442814588546752930e-01
5.227083563804626465e-01
9.177731275558471680e-01
7.470541000366210938e-01
8.057504296302795410e-01
8.917751312255859375e-01
5.888808965682983398e-01
9.507578611373901367e-01
5.988869667053222656e-01
8.794100880622863770e-01
7.529559135437011719e-01
6.988837718963623047e-01
7.734152078628540039e-01
4.894223213195800781e-01
9.431974291801452637e-01
4.528905153274536133e-01
9.027686119079589844e-01
8.148483633995056152e-01
7.712525129318237305e-01
6.996368169784545898e-01
8.963811397552490234e-01
7.347544431686401367e-01
7.937151193618774414e-01
8.326593637466430664e-01
4.416691362857818604e-01
9.461503624916076660e-01
5.915014743804931641e-01
9.007129073143005371e-01
7.587583065032958984e-01
8.730159997940063477e-01
6.827437281608581543e-01
8.715735673904418945e-01
7.343229651451110840e-01
8.018083572387695312e-01
8.445874452590942383e-01
4.758053421974182129e-01
8.846117258071899414e-01
6.331762075424194336e-01
9.052970409393310547e-01
7.626885175704956055e-01
8.362178206443786621e-01
7.645233273506164551e-01
8.163641691207885742e-01
7.209976911544799805e-01
7.988190650939941406e-01
6.900612711906433105e-01
8.958957195281982422e-01
5.846501588821411133e-01
9.225490093231201172e-01
5.488537549972534180e-01
8.832967281341552734e-01
4.648881852626800537e-01
8.748928308486938477e-01
9.530619382858276367e-01
6.800206899642944336e-01
8.201314210891723633e-01
8.854314088821411133e-01
5.497472286224365234e-01
8.932616710662841797e-01
6.422407627105712891e-01
8.067498207092285156e-01
9.232314229011535645e-01
7.938545346260070801e-01
7.574838399887084961e-01
8.565625548362731934e-01
7.782648205757141113e-01
8.382498621940612793e-01
7.700845599174499512e-01
6.829555034637451172e-01
8.399516344070434570e-01
6.924800872802734375e-01
7.991961240768432617e-01
8.256509304046630859e-01
8.016397356986999512e-01
7.734315395355224609e-01
8.807322978973388672e-01
6.911343336105346680e-01
8.563783168792724609e-01
6.723890900611877441e-01
9.062651991844177246e-01
7.860392928123474121e-01
8.999120593070983887e-01
7.174402475357055664e-01
8.416879177093505859e-01
7.637040615081787109e-01
7.893606424331665039e-01
8.601202964782714844e-01
7.460677027702331543e-01
8.765892982482910156e-01
7.275479435920715332e-01
8.766841888427734375e-01
8.122878074645996094e-01
8.106490969657897949e-01
8.308116197586059570e-01
7.262713909149169922e-01
8.231373429298400879e-01
7.170817852020263672e-01
8.573358654975891113e-01
6.067958474159240723e-01
8.934271335601806641e-01
6.908779144287109375e-01
8.787556886672973633e-01
8.043330311775207520e-01
8.169174194335937500e-01
7.886275053024291992e-01
7.496349811553955078e-01
8.645128607749938965e-01
5.739471316337585449e-01
9.107271432876586914e-01
4.498588144779205322e-01
9.187972545623779297e-01
4.716982245445251465e-01
8.501943349838256836e-01
7.793545126914978027e-01
8.583284616470336914e-01
6.813217401504516602e-01
9.154259562492370605e-01
4.827826023101806641e-01
9.369885921478271484e-01
5.673164129257202148e-01
8.197114467620849609e-01
9.073643684387207031e-01
7.652530074119567871e-01
7.781190276145935059e-01
8.779426217079162598e-01
6.257467269897460938e-01
8.890487551689147949e-01
5.485940575599670410e-01
9.107505083084106445e-01
7.116811275482177734e-01
7.845955491065979004e-01
8.407269716262817383e-01
6.904298663139343262e-01
8.677861690521240234e-01
6.788885593414306641e-01
8.058115839958190918e-01
8.200989961624145508e-01
6.866596937179565430e-01
9.071147441864013672e-01
5.830655097961425781e-01
9.043452739715576172e-01
8.819044828414916992e-01
6.487598419189453125e-01
8.695032596588134766e-01
7.455009222030639648e-01
8.233527541160583496e-01
8.424003124237060547e-01
7.337256669998168945e-01
8.195778131484985352e-01
6.640341281890869141e-01
8.932757377624511719e-01
4.927146136760711670e-01
9.272714853286743164e-01
4.948046505451202393e-01
8.843702077865600586e-01
8.080919981002807617e-01
7.173114418983459473e-01
8.684684038162231445e-01
5.395102500915527344e-01
8.993231654167175293e-01
6.440966725349426270e-01
8.509690761566162109e-01
9.456641674041748047e-01
7.135831117630004883e-01
7.945507764816284180e-01
7.028716802597045898e-01
7.354619503021240234e-01
7.675320506095886230e-01
6.968054771423339844e-01
8.597033023834228516e-01
6.262929439544677734e-01
8.722009658813476562e-01
7.667692303657531738e-01
7.668042182922363281e-01
8.608638048171997070e-01
5.734720826148986816e-01
8.530207872390747070e-01
9.024105668067932129e-01
6.805275678634643555e-01
7.835831046104431152e-01
7.216727137565612793e-01
8.787426948547363281e-01
8.846254944801330566e-01
7.950455546379089355e-01
8.049029707908630371e-01
8.118078708648681641e-01
7.364825606346130371e-01
8.815080523490905762e-01
8.154330849647521973e-01
8.839386701583862305e-01
8.183563947677612305e-01
7.328116893768310547e-01
8.368916511535644531e-01
6.523705720901489258e-01
8.759096264839172363e-01
8.090648651123046875e-01
8.616896271705627441e-01
7.442394495010375977e-01
8.703936338424682617e-01
7.457671165466308594e-01
8.621007204055786133e-01
7.008829116821289062e-01
8.835119009017944336e-01
6.786821484565734863e-01
8.378582596778869629e-01
5.157196521759033203e-01
9.182191491127014160e-01
5.847689509391784668e-01
9.159730672836303711e-01
7.749460935592651367e-01
8.775299191474914551e-01
8.498913049697875977e-01
8.205635547637939453e-01
7.579421997070312500e-01
8.458956480026245117e-01
6.353694796562194824e-01
9.114125967025756836e-01
8.134616613388061523e-01
8.598606586456298828e-01
7.464185357093811035e-01
8.524125218391418457e-01
6.794536709785461426e-01
8.474704027175903320e-01
6.564722061157226562e-01
8.445392847061157227e-01
8.694875240325927734e-01
5.483741760253906250e-01
9.061961770057678223e-01
7.101629972457885742e-01
8.108649253845214844e-01
9.579135775566101074e-01
6.633580923080444336e-01
8.873288035392761230e-01
5.417196154594421387e-01
9.441938400268554688e-01
8.078101873397827148e-01
8.693636655807495117e-01
8.598521947860717773e-01
8.461578488349914551e-01
8.234708905220031738e-01
7.774252891540527344e-01
8.069470524787902832e-01
8.140360116958618164e-01
8.221705555915832520e-01
8.946977853775024414e-01
6.985905766487121582e-01
8.888965845108032227e-01
8.092790842056274414e-01
8.587450981140136719e-01
8.169394731521606445e-01
8.601855039596557617e-01
8.241633176803588867e-01
8.286004662513732910e-01
8.879793882369995117e-01
6.706216335296630859e-01
8.825672268867492676e-01
7.072376012802124023e-01
8.927943706512451172e-01
9.023175239562988281e-01
8.034029603004455566e-01
7.706754207611083984e-01
8.623826503753662109e-01
6.523250341415405273e-01
9.109797477722167969e-01
5.689749717712402344e-01
9.268287420272827148e-01
6.033010482788085938e-01
8.476597070693969727e-01
8.770422935485839844e-01
7.213624715805053711e-01
8.855428695678710938e-01
5.637309551239013672e-01
9.586498737335205078e-01
2.478472292423248291e-01
9.150586724281311035e-01
8.862286210060119629e-01
6.837013959884643555e-01
9.072173833847045898e-01
7.579047679901123047e-01
8.437365293502807617e-01
7.823932170867919922e-01
8.591704368591308594e-01
6.984999775886535645e-01
8.574277758598327637e-01
7.292894124984741211e-01
7.914431095123291016e-01
7.838686704635620117e-01
8.787618279457092285e-01
6.035428643226623535e-01
9.035283327102661133e-01
7.490434646606445312e-01
8.386552333831787109e-01
8.902313113212585449e-01
6.922863125801086426e-01
8.975661993026733398e-01
5.787861943244934082e-01
9.054895639419555664e-01
8.395268917083740234e-01
7.954226136207580566e-01
7.698016166687011719e-01
7.942624092102050781e-01
7.795744538307189941e-01
7.809560298919677734e-01
8.747249841690063477e-01
6.478912830352783203e-01
9.132263660430908203e-01
8.500642776489257812e-01
7.815260291099548340e-01
8.538393974304199219e-01
4.912857413291931152e-01
9.317454695701599121e-01
9.052649736404418945e-01
7.693247795104980469e-01
8.739976882934570312e-01
7.412810921669006348e-01
8.455855846405029297e-01
7.016178369522094727e-01
8.480787277221679688e-01
6.734588742256164551e-01
8.354221582412719727e-01
7.386234998703002930e-01
8.728826642036437988e-01
7.830685377120971680e-01
7.041203975677490234e-01
9.215549230575561523e-01
6.815611124038696289e-01
8.662852048873901367e-01
6.112998723983764648e-01
8.989830017089843750e-01
6.480240821838378906e-01
9.368347525596618652e-01
7.268353700637817383e-01
7.877472639083862305e-01
9.205057621002197266e-01
5.476248860359191895e-01
9.448156356811523438e-01
8.903659582138061523e-01
7.996950149536132812e-01
8.521785736083984375e-01
8.596113920211791992e-01
7.222709655761718750e-01
8.794310688972473145e-01
8.428874015808105469e-01
8.876518607139587402e-01
6.813144087791442871e-01
9.455566406250000000e-01
8.284072279930114746e-01
8.122299909591674805e-01
9.124483466148376465e-01
8.241475224494934082e-01
8.253380060195922852e-01
8.466052412986755371e-01
7.763792872428894043e-01
8.439739942550659180e-01
9.076681137084960938e-01
7.029948830604553223e-01
7.955814599990844727e-01
9.301052093505859375e-01
5.900526642799377441e-01
8.705111742019653320e-01
7.957595586776733398e-01
8.127242326736450195e-01
8.126713633537292480e-01
8.599524497985839844e-01
7.784755825996398926e-01
8.341894745826721191e-01
7.599312067031860352e-01
8.433967232704162598e-01
7.700903415679931641e-01
8.630020618438720703e-01
7.724652886390686035e-01
8.306186795234680176e-01
8.469847440719604492e-01
6.794268488883972168e-01
8.937631845474243164e-01
5.794408321380615234e-01
9.193323850631713867e-01
7.000356912612915039e-01
8.972270488739013672e-01
7.079977989196777344e-01
8.573309779167175293e-01
6.761190295219421387e-01
8.988946080207824707e-01
5.951145887374877930e-01
8.667000532150268555e-01
5.161832571029663086e-01
8.962409496307373047e-01
9.228290915489196777e-01
7.072070837020874023e-01
9.155350923538208008e-01
7.585994005203247070e-01
8.617185354232788086e-01
8.114331960678100586e-01
8.727290630340576172e-01
5.510712862014770508e-01
9.537956118583679199e-01
3.464080989360809326e-01
9.487165212631225586e-01
4.223217964172363281e-01
9.557603597640991211e-01
8.038634061813354492e-01
8.410539627075195312e-01
8.614169955253601074e-01
8.152946233749389648e-01
7.391689419746398926e-01
8.066379427909851074e-01
8.524919152259826660e-01
7.001287937164306641e-01
9.066311120986938477e-01
6.550595164299011230e-01
8.849500417709350586e-01
8.167519569396972656e-01
7.644200325012207031e-01
8.167490959167480469e-01
8.723766803741455078e-01
7.521928548812866211e-01
8.695687651634216309e-01
8.197841644287109375e-01
7.812997102737426758e-01
8.497796654701232910e-01
7.236435413360595703e-01
8.802956342697143555e-01
6.429960727691650391e-01
8.953279256820678711e-01
8.056886196136474609e-01
8.152120113372802734e-01
9.042136073112487793e-01
6.589675545692443848e-01
8.734862804412841797e-01
5.548794269561767578e-01
9.478644132614135742e-01
3.906367123126983643e-01
9.561114311218261719e-01
5.399688482284545898e-01
8.508558273315429688e-01
8.135795593261718750e-01
7.954655289649963379e-01
7.460157275199890137e-01
8.945201635360717773e-01
6.652825474739074707e-01
9.361882209777832031e-01
7.603209614753723145e-01
8.924582004547119141e-01
7.260133028030395508e-01
8.990617990493774414e-01
7.822136282920837402e-01
8.633904457092285156e-01
6.965166330337524414e-01
8.246899843215942383e-01
8.622359633445739746e-01
7.762952446937561035e-01
7.880052328109741211e-01
8.260270357131958008e-01
7.862840890884399414e-01
9.286352396011352539e-01
4.771463572978973389e-01
9.754564762115478516e-01
8.533314466476440430e-01
9.069778323173522949e-01
8.705191612243652344e-01
8.229274749755859375e-01
7.766656875610351562e-01
8.232799768447875977e-01
7.450051307678222656e-01
7.330313920974731445e-01
8.221691250801086426e-01
7.855544090270996094e-01
7.947504520416259766e-01
8.387554287910461426e-01
9.218193292617797852e-01
5.658678412437438965e-01
9.740450382232666016e-01
6.300789117813110352e-01
8.224568367004394531e-01
9.549570679664611816e-01
5.477926731109619141e-01
9.667066335678100586e-01
6.377630233764648438e-01
8.947484493255615234e-01
7.175788283348083496e-01
9.169809818267822266e-01
7.585619688034057617e-01
8.854127526283264160e-01
7.886110544204711914e-01
8.663694262504577637e-01
7.994860410690307617e-01
8.271553516387939453e-01
7.645400166511535645e-01
8.300216197967529297e-01
7.103615403175354004e-01
8.899131417274475098e-01
7.023339271545410156e-01
9.214095473289489746e-01
8.194983005523681641e-01
8.442748785018920898e-01
8.118770718574523926e-01
7.965993881225585938e-01
7.997246980667114258e-01
8.667391538619995117e-01
7.396008968353271484e-01
8.772790431976318359e-01
6.888970136642456055e-01
8.883209228515625000e-01
5.988159775733947754e-01
9.514340758323669434e-01
2.934522628784179688e-01
9.689277410507202148e-01
4.480900466442108154e-01
9.256825447082519531e-01
8.686088919639587402e-01
6.248698830604553223e-01
9.503561854362487793e-01
3.904345929622650146e-01
9.291708469390869141e-01
7.283303141593933105e-01
8.385452032089233398e-01
8.622997999191284180e-01
7.369822263717651367e-01
8.381896018981933594e-01
7.971839904785156250e-01
7.573270201683044434e-01
8.749079108238220215e-01
7.397881746292114258e-01
8.357566595077514648e-01
8.530791997909545898e-01
8.250759840011596680e-01
8.169320225715637207e-01
8.260709047317504883e-01
6.843775510787963867e-01
8.587435483932495117e-01
6.691873073577880859e-01
8.555782437324523926e-01
8.557181358337402344e-01
8.254115581512451172e-01
8.241431713104248047e-01
8.249653577804565430e-01
8.804641962051391602e-01
6.809529662132263184e-01
8.645026087760925293e-01
8.148655891418457031e-01
8.470578193664550781e-01
9.160691499710083008e-01
6.009948849678039551e-01
9.124299287796020508e-01
5.534340739250183105e-01
9.228861927986145020e-01
6.300607323646545410e-01
9.074678421020507812e-01
7.776733040809631348e-01
7.914215922355651855e-01
9.253623485565185547e-01
5.446145534515380859e-01
9.221758842468261719e-01
7.559994459152221680e-01
7.978283166885375977e-01
8.887988328933715820e-01
7.191306352615356445e-01
8.310670256614685059e-01
9.416105151176452637e-01
5.505021214485168457e-01
9.108300209045410156e-01
8.882483243942260742e-01
7.622939348220825195e-01
8.597908020019531250e-01
8.797140121459960938e-01
7.674546241760253906e-01
8.449832201004028320e-01
7.809388041496276855e-01
8.682641983032226562e-01
8.023539781570434570e-01
8.789597153663635254e-01
7.611902356147766113e-01
8.777911663055419922e-01
7.620437145233154297e-01
8.813152313232421875e-01
7.062016129493713379e-01
8.483027219772338867e-01
8.076641559600830078e-01
8.781946897506713867e-01
8.315117359161376953e-01
8.281806111335754395e-01
8.959299325942993164e-01
7.507441639900207520e-01
9.117780923843383789e-01
6.795079708099365234e-01
9.138320088386535645e-01
7.568508386611938477e-01
8.604685068130493164e-01
8.180258274078369141e-01
8.022540807723999023e-01
7.845456600189208984e-01
7.511050701141357422e-01
9.250340461730957031e-01
4.927524924278259277e-01
9.519002437591552734e-01
6.259773969650268555e-01
9.202395677566528320e-01
8.008625507354736328e-01
8.813346624374389648e-01
8.626537322998046875e-01
8.309646248817443848e-01
8.106784820556640625e-01
7.547655105590820312e-01
8.865332603454589844e-01
8.041261434555053711e-01
7.873548865318298340e-01
8.440856337547302246e-01
6.929974555969238281e-01
9.397782683372497559e-01
6.142708063125610352e-01
9.500852823257446289e-01
4.171747565269470215e-01
9.311974048614501953e-01
5.045052170753479004e-01
9.006699323654174805e-01
6.936064958572387695e-01
8.365033268928527832e-01
7.401252388954162598e-01
7.734633684158325195e-01
8.531902432441711426e-01
7.016533613204956055e-01
8.827962279319763184e-01
5.992276668548583984e-01
9.382122159004211426e-01
5.919703841209411621e-01
9.422686100006103516e-01
7.626962661743164062e-01
8.134363293647766113e-01
8.949068188667297363e-01
7.273661494255065918e-01
8.396795988082885742e-01
9.317065477371215820e-01
7.872679829597473145e-01
8.421121835708618164e-01
9.022066593170166016e-01
6.750707030296325684e-01
8.401142358779907227e-01
9.176484346389770508e-01
7.382663488388061523e-01
8.583372235298156738e-01
9.069491624832153320e-01
7.462576627731323242e-01
8.317807316780090332e-01
8.593642711639404297e-01
7.709296941757202148e-01
8.668220639228820801e-01
8.388866186141967773e-01
7.396751642227172852e-01
8.226426839828491211e-01
4.886050224304199219e-01
9.528813958168029785e-01
5.615112781524658203e-01
9.254893064498901367e-01
7.247219681739807129e-01
7.994149923324584961e-01
7.381719946861267090e-01
7.865034341812133789e-01
9.045076370239257812e-01
6.202067136764526367e-01
9.584330320358276367e-01
6.241747140884399414e-01
8.801530599594116211e-01
8.328095674514770508e-01
8.427724242210388184e-01
7.566676139831542969e-01
8.942863941192626953e-01
8.110486268997192383e-01
7.561187744140625000e-01
8.766187429428100586e-01
6.228169202804565430e-01
9.087005257606506348e-01
5.482829809188842773e-01
9.054594039916992188e-01
8.811793327331542969e-01
7.997425198554992676e-01
8.430057168006896973e-01
8.965388536453247070e-01
7.656931877136230469e-01
8.995566368103027344e-01
6.515613198280334473e-01
8.598361015319824219e-01
8.009749650955200195e-01
7.500444650650024414e-01
8.516401052474975586e-01
7.575594782829284668e-01
8.594135642051696777e-01
7.941094636917114258e-01
8.879110813140869141e-01
8.168638944625854492e-01
7.342544794082641602e-01
8.764442205429077148e-01
5.743744373321533203e-01
9.213793277740478516e-01
6.025407314300537109e-01
9.487116932868957520e-01
8.320038318634033203e-01
8.856437206268310547e-01
7.636905908584594727e-01
8.354003429412841797e-01
6.664395332336425781e-01
9.223822355270385742e-01
8.132294416427612305e-01
8.955196738243103027e-01
9.190146327018737793e-01
7.074769735336303711e-01
9.175584912300109863e-01
6.611322164535522461e-01
8.916690349578857422e-01
9.045934677124023438e-01
8.356730937957763672e-01
8.534267544746398926e-01
7.630559206008911133e-01
8.179696798324584961e-01
8.777376413345336914e-01
6.787295341491699219e-01
9.407626390457153320e-01
5.903435349464416504e-01
8.681448698043823242e-01
9.445347785949707031e-01
7.807408571243286133e-01
8.545928001403808594e-01
8.841365575790405273e-01
8.461613059043884277e-01
7.882235050201416016e-01
8.984432816505432129e-01
7.485992908477783203e-01
8.585361838340759277e-01
8.280261158943176270e-01
9.004768133163452148e-01
7.949117422103881836e-01
8.096699714660644531e-01
8.390250205993652344e-01
8.253983259201049805e-01
8.936940431594848633e-01
7.106691598892211914e-01
9.248360395431518555e-01
7.266994714736938477e-01
9.173914194107055664e-01
9.478827714920043945e-01
8.269569873809814453e-01
8.714120984077453613e-01
8.811323642730712891e-01
7.163237333297729492e-01
9.010016322135925293e-01
6.435550451278686523e-01
9.264752268791198730e-01
8.135118484497070312e-01
8.767335414886474609e-01
8.035219311714172363e-01
9.202677011489868164e-01
6.935893297195434570e-01
8.967944979667663574e-01
8.315821886062622070e-01
8.526805043220520020e-01
8.682420849800109863e-01
8.770574331283569336e-01
8.224928379058837891e-01
8.532350063323974609e-01
8.375364542007446289e-01
8.564795255661010742e-01
6.727169752120971680e-01
9.077454209327697754e-01
7.817424535751342773e-01
8.731239438056945801e-01
8.959650397300720215e-01
7.379065752029418945e-01
8.869504928588867188e-01
7.951872348785400391e-01
8.065865039825439453e-01
7.569327950477600098e-01
9.509695172309875488e-01
1.851597279310226440e-01
9.606287479400634766e-01
2.686487436294555664e-01
9.694598913192749023e-01
8.597216606140136719e-01
6.465017795562744141e-01
9.360589981079101562e-01
6.635000705718994141e-01
9.304067492485046387e-01
7.161074876785278320e-01
8.354784250259399414e-01
7.184410691261291504e-01
7.225074768066406250e-01
8.766242265701293945e-01
6.802324652671813965e-01
8.876981735229492188e-01
8.395491838455200195e-01
7.967925071716308594e-01
8.232650160789489746e-01
7.706736326217651367e-01
8.772842288017272949e-01
7.925809621810913086e-01
7.903944253921508789e-01
7.755582928657531738e-01
6.292361617088317871e-01
9.002231359481811523e-01
6.502814888954162598e-01
9.162424802780151367e-01
3.131633996963500977e-01
9.482907652854919434e-01
8.840302228927612305e-01
7.557020187377929688e-01
8.725202083587646484e-01
8.524884581565856934e-01
7.659386396408081055e-01
8.646219968795776367e-01
7.906959652900695801e-01
9.003577232360839844e-01
6.241185665130615234e-01
9.557494521141052246e-01
7.498489618301391602e-01
8.408110141754150391e-01
8.564200997352600098e-01
7.335438728332519531e-01
8.870510458946228027e-01
7.551366090774536133e-01
8.971496820449829102e-01
8.470536470413208008e-01
7.770071029663085938e-01
9.420943260192871094e-01
7.423897981643676758e-01
9.223102331161499023e-01
7.854479551315307617e-01
8.694633245468139648e-01
7.711257934570312500e-01
7.347656488418579102e-01
7.930315732955932617e-01
8.019399642944335938e-01
8.702735900878906250e-01
8.299993872642517090e-01
9.203112125396728516e-01
8.025382161140441895e-01
9.075037837028503418e-01
6.874439120292663574e-01
8.681768178939819336e-01
7.762271165847778320e-01
8.525027036666870117e-01
8.464675545692443848e-01
7.812746167182922363e-01
8.777474164962768555e-01
7.896375060081481934e-01
8.800303936004638672e-01
8.629316091537475586e-01
8.282275199890136719e-01
9.474014043807983398e-01
7.464654445648193359e-01
8.542060852050781250e-01
8.399952650070190430e-01
8.217617273330688477e-01
8.321090340614318848e-01
8.759512901306152344e-01
8.112803697586059570e-01
7.705159187316894531e-01
9.207633733749389648e-01
5.802369117736816406e-01
9.151718616485595703e-01
6.010611653327941895e-01
9.212218523025512695e-01
6.835403442382812500e-01
8.819097280502319336e-01
8.819174170494079590e-01
7.404688596725463867e-01
7.717269659042358398e-01
9.459125995635986328e-01
6.280089020729064941e-01
7.980526685714721680e-01
9.303646087646484375e-01
7.142115235328674316e-01
8.902915716171264648e-01
7.849550247192382812e-01
8.750643730163574219e-01
7.797445058822631836e-01
9.486678838729858398e-01
7.090085148811340332e-01
8.856027126312255859e-01
8.239735960960388184e-01
8.153084516525268555e-01
8.633642196655273438e-01
7.435201406478881836e-01
8.799968361854553223e-01
7.905492782592773438e-01
9.349850416183471680e-01
8.275729417800903320e-01
8.838193416595458984e-01
7.775238156318664551e-01
8.817893266677856445e-01
7.420021295547485352e-01
8.761298656463623047e-01
5.244330763816833496e-01
9.443034529685974121e-01
7.658716440200805664e-01
8.300235271453857422e-01
9.033390283584594727e-01
5.521250963211059570e-01
9.650665521621704102e-01
4.557087719440460205e-01
9.050967693328857422e-01
7.706378698348999023e-01
8.475524187088012695e-01
8.044180870056152344e-01
8.200159072875976562e-01
7.961854934692382812e-01
7.981503009796142578e-01
8.631321191787719727e-01
7.674899101257324219e-01
9.203209280967712402e-01
8.676980137825012207e-01
8.323612213134765625e-01
9.081461429595947266e-01
6.772432327270507812e-01
8.658165335655212402e-01
7.721080780029296875e-01
8.425129652023315430e-01
9.065270423889160156e-01
6.468670368194580078e-01
9.649945497512817383e-01
5.853121280670166016e-01
9.159564971923828125e-01
8.890793323516845703e-01
7.157663106918334961e-01
9.238794445991516113e-01
5.515304803848266602e-01
9.277735948562622070e-01
5.382424592971801758e-01
9.385610222816467285e-01
9.227098226547241211e-01
6.707723140716552734e-01
9.308855533599853516e-01
5.976963639259338379e-01
9.063547849655151367e-01
8.119167685508728027e-01
8.695846199989318848e-01
8.283225297927856445e-01
7.995494604110717773e-01
7.510164380073547363e-01
8.501032590866088867e-01
8.011959195137023926e-01
8.128302097320556641e-01
8.609727025032043457e-01
7.200078368186950684e-01
9.062072634696960449e-01
8.081873059272766113e-01
8.935811519622802734e-01
7.739648222923278809e-01
9.024868011474609375e-01
7.546769380569458008e-01
8.836487531661987305e-01
8.456810712814331055e-01
8.330360651016235352e-01
8.898424506187438965e-01
7.840726375579833984e-01
8.193730115890502930e-01
8.892351388931274414e-01
8.245930671691894531e-01
8.859551548957824707e-01
7.614943385124206543e-01
8.100801706314086914e-01
8.813694715499877930e-01
7.531618475914001465e-01
8.488649129867553711e-01
9.039763212203979492e-01
6.471853256225585938e-01
9.323766231536865234e-01
8.051078915596008301e-01
8.438873291015625000e-01
9.066476821899414062e-01
6.712999343872070312e-01
9.573422670364379883e-01
3.969593048095703125e-01
9.884830713272094727e-01
1.655148863792419434e-01
8.735398650169372559e-01
9.454345107078552246e-01
5.326042175292968750e-01
9.521644115447998047e-01
7.114531993865966797e-01
9.140552878379821777e-01
5.148328542709350586e-01
8.919762372970581055e-01
8.529728651046752930e-01
7.675176858901977539e-01
9.296373128890991211e-01
6.926137208938598633e-01
7.936793565750122070e-01
7.622649073600769043e-01
8.900991678237915039e-01
7.799752950668334961e-01
9.208621382713317871e-01
8.760118484497070312e-01
7.719479203224182129e-01
8.481345176696777344e-01
7.253934144973754883e-01
8.573215007781982422e-01
7.910286784172058105e-01
8.926606178283691406e-01
8.445585966110229492e-01
8.081803321838378906e-01
8.558982610702514648e-01
7.681187391281127930e-01
8.650258779525756836e-01
8.601519465446472168e-01
8.488008975982666016e-01
6.642521619796752930e-01
9.684504866600036621e-01
4.953505098819732666e-01
9.170024394989013672e-01
8.675963878631591797e-01
8.414037227630615234e-01
8.775539994239807129e-01
7.182431221008300781e-01
8.475742340087890625e-01
8.126285076141357422e-01
8.634302020072937012e-01
7.490782141685485840e-01
9.020270109176635742e-01
7.121906280517578125e-01
9.321334362030029297e-01
8.034642934799194336e-01
8.711459636688232422e-01
7.644436359405517578e-01
8.975226879119873047e-01
5.791917443275451660e-01
9.187358617782592773e-01
6.328347921371459961e-01
9.414853453636169434e-01
4.875879287719726562e-01
9.161019325256347656e-01
9.487152099609375000e-01
4.901070296764373779e-01
9.379283785820007324e-01
6.533513069152832031e-01
9.191849231719970703e-01
8.688331246376037598e-01
7.716373205184936523e-01
8.869971036911010742e-01
7.492630481719970703e-01
8.400816917419433594e-01
8.804855346679687500e-01
6.868016719818115234e-01
8.909932971000671387e-01
7.750413417816162109e-01
8.439662456512451172e-01
9.298217296600341797e-01
7.293392419815063477e-01
9.152174592018127441e-01
7.272696495056152344e-01
8.366184234619140625e-01
9.439811110496520996e-01
6.383697390556335449e-01
9.037640094757080078e-01
9.255846738815307617e-01
7.566583156585693359e-01
8.982452750205993652e-01
8.125269412994384766e-01
7.858313918113708496e-01
9.127343893051147461e-01
5.808293819427490234e-01
9.436928033828735352e-01
8.779023289680480957e-01
8.201909065246582031e-01
8.991796970367431641e-01
7.788977622985839844e-01
8.661061525344848633e-01
8.764538764953613281e-01
7.440990209579467773e-01
9.032244086265563965e-01
7.062208056449890137e-01
8.695106506347656250e-01
8.332093358039855957e-01
8.387072086334228516e-01
8.676143884658813477e-01
8.198944926261901855e-01
8.293422460556030273e-01
8.805378675460815430e-01
8.202828168869018555e-01
8.545820713043212891e-01
8.758215308189392090e-01
8.001769781112670898e-01
9.189327955245971680e-01
7.626422047615051270e-01
8.678239583969116211e-01
7.724918723106384277e-01
8.889034986495971680e-01
6.999721527099609375e-01
8.743457794189453125e-01
8.027129173278808594e-01
8.604961633682250977e-01
8.253520131111145020e-01
8.795351982116699219e-01
8.020587563514709473e-01
9.297878742218017578e-01
7.671301364898681641e-01
8.390836715698242188e-01
8.746399879455566406e-01
8.041268587112426758e-01
8.948807716369628906e-01
6.129133701324462891e-01
9.632779359817504883e-01
5.684639811515808105e-01
9.530120491981506348e-01
6.839818954467773438e-01
9.233613014221191406e-01
9.226400852203369141e-01
7.808710336685180664e-01
8.357477188110351562e-01
8.301785588264465332e-01
7.771985530853271484e-01
8.828259110450744629e-01
7.099571228027343750e-01
9.038401246070861816e-01
8.461672067642211914e-01
8.407138586044311523e-01
8.870990872383117676e-01
7.053627371788024902e-01
9.377335309982299805e-01
6.706631779670715332e-01
9.280984401702880859e-01
8.403685092926025391e-01
8.778576254844665527e-01
8.007127046585083008e-01
8.620392084121704102e-01
8.407909870147705078e-01
8.260880708694458008e-01
8.598735332489013672e-01
7.517392635345458984e-01
9.416097998619079590e-01
5.893123149871826172e-01
9.201894998550415039e-01
8.689696788787841797e-01
8.578348159790039062e-01
7.796494960784912109e-01
8.903812170028686523e-01
7.699850797653198242e-01
9.017890095710754395e-01
8.230898976325988770e-01
8.629943132400512695e-01
8.716809749603271484e-01
7.987549901008605957e-01
8.980569839477539062e-01
6.722495555877685547e-01
9.436093568801879883e-01
3.638178706169128418e-01
9.756141901016235352e-01
7.774823904037475586e-01
8.991962075233459473e-01
4.034659862518310547e-01
9.628535509109497070e-01
5.412694811820983887e-01
9.116872549057006836e-01
8.342388868331909180e-01
7.360363006591796875e-01
8.438777327537536621e-01
5.216940045356750488e-01
9.178384542465209961e-01
6.208657026290893555e-01
9.241436719894409180e-01
9.024299383163452148e-01
7.892606854438781738e-01
8.824390172958374023e-01
8.284865617752075195e-01
7.451918125152587891e-01
8.335636854171752930e-01
7.473536133766174316e-01
8.535302877426147461e-01
6.367794871330261230e-01
9.401700496673583984e-01
7.224997282028198242e-01
9.021926522254943848e-01
9.109380245208740234e-01
7.660987973213195801e-01
8.922222852706909180e-01
7.181445360183715820e-01
8.758767843246459961e-01
8.036746382713317871e-01
8.212544918060302734e-01
8.697230815887451172e-01
8.444668054580688477e-01
8.261746168136596680e-01
7.755607366561889648e-01
8.407294750213623047e-01
7.942672967910766602e-01
8.838593959808349609e-01
9.190909266471862793e-01
7.868683934211730957e-01
8.443310260772705078e-01
7.963155508041381836e-01
8.398772478103637695e-01
8.482960462570190430e-01
8.382219076156616211e-01
8.076149225234985352e-01
9.100903272628784180e-01
7.036813497543334961e-01
9.361150264739990234e-01
8.758854866027832031e-01
8.444783687591552734e-01
9.284343719482421875e-01
7.253031730651855469e-01
9.296281337738037109e-01
7.508111000061035156e-01
8.481965065002441406e-01
8.918130397796630859e-01
7.482536435127258301e-01
8.974611759185791016e-01
8.612532615661621094e-01
8.320137262344360352e-01
8.033716678619384766e-01
9.095976352691650391e-01
7.705905437469482422e-01
9.068763256072998047e-01
7.915447950363159180e-01
9.331433773040771484e-01
6.364548206329345703e-01
9.245445132255554199e-01
4.856409430503845215e-01
9.561352133750915527e-01
3.692361712455749512e-01
9.790529608726501465e-01
2.140294015407562256e-01
9.339594841003417969e-01
7.956744432449340820e-01
8.337111473083496094e-01
6.993737220764160156e-01
9.107741117477416992e-01
4.724991917610168457e-01
9.075177907943725586e-01
6.984091997146606445e-01
9.313982129096984863e-01
4.827087521553039551e-01
9.670933485031127930e-01
4.299882650375366211e-01
9.388941526412963867e-01
9.479750990867614746e-01
7.007031440734863281e-01
8.333287239074707031e-01
8.845992088317871094e-01
6.264097690582275391e-01
8.262047171592712402e-01
6.047976016998291016e-01
9.266605377197265625e-01
5.308445692062377930e-01
9.364125728607177734e-01
8.213673830032348633e-01
8.489879369735717773e-01
8.398362994194030762e-01
7.768604755401611328e-01
8.815840482711791992e-01
7.613474726676940918e-01
8.347984552383422852e-01
8.843947649002075195e-01
7.736349105834960938e-01
8.420464992523193359e-01
8.269264698028564453e-01
8.072360754013061523e-01
8.597048521041870117e-01
6.911288499832153320e-01
9.498090147972106934e-01
5.980489850044250488e-01
8.410749435424804688e-01
9.192224144935607910e-01
5.896926522254943848e-01
9.133442640304565430e-01
8.064987659454345703e-01
7.689625024795532227e-01
9.102132320404052734e-01
7.190865278244018555e-01
8.724914789199829102e-01
8.272148370742797852e-01
7.838666439056396484e-01
8.665778636932373047e-01
7.661850452423095703e-01
8.709334731101989746e-01
6.472105979919433594e-01
8.999306559562683105e-01
7.750085592269897461e-01
8.984109163284301758e-01
8.253216147422790527e-01
8.504107594490051270e-01
8.761973381042480469e-01
7.449765205383300781e-01
8.039116859436035156e-01
8.645966649055480957e-01
8.351900577545166016e-01
8.671987652778625488e-01
8.419674038887023926e-01
9.062821865081787109e-01
6.670306921005249023e-01
9.012787342071533203e-01
7.238037586212158203e-01
8.913988471031188965e-01
7.138199806213378906e-01
8.706471920013427734e-01
8.493984341621398926e-01
7.524957656860351562e-01
8.839884996414184570e-01
6.639948487281799316e-01
9.077650904655456543e-01
8.842375278472900391e-01
7.568045258522033691e-01
9.016816020011901855e-01
8.735604286193847656e-01
7.427085638046264648e-01
9.300447702407836914e-01
6.551570892333984375e-01
9.141268730163574219e-01
8.484395742416381836e-01
8.681097626686096191e-01
6.392983198165893555e-01
9.197999238967895508e-01
7.406916022300720215e-01
8.364421129226684570e-01
9.109492301940917969e-01
7.994531989097595215e-01
8.409936428070068359e-01
9.142485260963439941e-01
7.167130708694458008e-01
9.169976711273193359e-01
7.817424535751342773e-01
9.292424917221069336e-01
7.840025424957275391e-01
8.723613023757934570e-01
6.841191053390502930e-01
9.730726480484008789e-01
3.583195209503173828e-01
9.722977876663208008e-01
1.815669536590576172e-01
9.321237206459045410e-01
6.059231162071228027e-01
9.111170768737792969e-01
5.772044658660888672e-01
9.168053865432739258e-01
6.359033584594726562e-01
8.858081102371215820e-01
7.306015491485595703e-01
8.850725889205932617e-01
8.147202134132385254e-01
8.639416694641113281e-01
7.343934774398803711e-01
9.120031595230102539e-01
6.444839835166931152e-01
7.783178687095642090e-01
9.427293539047241211e-01
6.747236251831054688e-01
9.079477787017822266e-01
4.004327654838562012e-01
9.434321522712707520e-01
7.705792188644409180e-01
7.913576364517211914e-01
8.341032266616821289e-01
7.335687875747680664e-01
8.687275648117065430e-01
7.863824367523193359e-01
7.865364551544189453e-01
8.509395718574523926e-01
7.994537353515625000e-01
8.706628084182739258e-01
6.143381595611572266e-01
9.554671049118041992e-01
5.934848785400390625e-01
8.940647244453430176e-01
8.923076391220092773e-01
7.079644203186035156e-01
9.006922245025634766e-01
8.020508289337158203e-01
8.313353061676025391e-01
8.749482631683349609e-01
8.606765270233154297e-01
7.872700691223144531e-01
8.769834637641906738e-01
7.521022558212280273e-01
8.574581146240234375e-01
8.513506054878234863e-01
8.463115692138671875e-01
7.207418680191040039e-01
9.413713216781616211e-01
7.938132286071777344e-01
8.822820186614990234e-01
8.988907337188720703e-01
8.252897262573242188e-01
8.820430040359497070e-01
7.304396629333496094e-01
9.098407626152038574e-01
6.287533044815063477e-01
8.854038715362548828e-01
8.024305701255798340e-01
7.530150413513183594e-01
9.306361675262451172e-01
5.681790113449096680e-01
9.155487418174743652e-01
7.386740446090698242e-01
9.323499202728271484e-01
6.522846221923828125e-01
9.203887581825256348e-01
6.715667247772216797e-01
9.469764232635498047e-01
5.741117596626281738e-01
9.353044033050537109e-01
4.950771629810333252e-01
9.525928497314453125e-01
7.654123306274414062e-01
9.150074720382690430e-01
8.319122791290283203e-01
8.807098865509033203e-01
7.715288400650024414e-01
7.907690405845642090e-01
9.288977384567260742e-01
5.288416147232055664e-01
9.300798177719116211e-01
7.547210454940795898e-01
8.766848444938659668e-01
8.636708855628967285e-01
6.251418590545654297e-01
9.121654033660888672e-01
7.521278858184814453e-01
8.509834408760070801e-01
8.758853673934936523e-01
8.491253256797790527e-01
8.722800016403198242e-01
7.154350280761718750e-01
9.456161260604858398e-01
6.925398707389831543e-01
8.450763821601867676e-01
9.176810979843139648e-01
6.411646008491516113e-01
9.029403924942016602e-01
7.984902262687683105e-01
8.744523525238037109e-01
8.022512197494506836e-01
8.291186094284057617e-01
7.857819795608520508e-01
8.196101188659667969e-01
8.378815054893493652e-01
7.953518629074096680e-01
8.668392896652221680e-01
8.807247877120971680e-01
6.482647657394409180e-01
9.382842779159545898e-01
5.996224284172058105e-01
9.067216515541076660e-01
9.192534685134887695e-01
8.108483552932739258e-01
8.355167508125305176e-01
7.882895469665527344e-01
8.570160865783691406e-01
6.990463733673095703e-01
9.424210190773010254e-01
6.808781623840332031e-01
8.523341417312622070e-01
9.161716699600219727e-01
7.610639333724975586e-01
8.697710037231445312e-01
8.703066706657409668e-01
7.126231789588928223e-01
9.055401086807250977e-01
8.353446722030639648e-01
7.890206575393676758e-01
9.024540781974792480e-01
6.387159228324890137e-01
9.078324437141418457e-01
8.304007053375244141e-01
7.617518305778503418e-01
9.220653772354125977e-01
6.838765144348144531e-01
8.126782178878784180e-01
8.719458580017089844e-01
6.857721209526062012e-01
9.249473810195922852e-01
5.285472869873046875e-01
9.296413660049438477e-01
6.308193206787109375e-01
9.724595546722412109e-01
6.997613310813903809e-01
8.702515363693237305e-01
8.920991420745849609e-01
8.182906508445739746e-01
8.214796781539916992e-01
8.945130109786987305e-01
7.150508165359497070e-01
8.750588893890380859e-01
6.366512775421142578e-01
9.305868148803710938e-01
7.788336277008056641e-01
8.997461199760437012e-01
7.954503297805786133e-01
8.533308506011962891e-01
7.382982969284057617e-01
9.353179931640625000e-01
4.897362589836120605e-01
9.360696077346801758e-01
7.926046848297119141e-01
8.371472954750061035e-01
8.496648073196411133e-01
6.521605849266052246e-01
9.503253102302551270e-01
3.145611286163330078e-01
9.615930914878845215e-01
6.412928104400634766e-01
8.112577795982360840e-01
9.246245026588439941e-01
6.169860363006591797e-01
9.073526263236999512e-01
7.159321308135986328e-01
8.671118021011352539e-01
7.251961827278137207e-01
8.746898174285888672e-01
7.216947674751281738e-01
8.943465352058410645e-01
7.469378113746643066e-01
8.709025382995605469e-01
9.201117753982543945e-01
6.635595560073852539e-01
9.362546205520629883e-01
7.381203174591064453e-01
8.952195644378662109e-01
7.372527718544006348e-01
8.817451000213623047e-01
7.745094299316406250e-01
8.540112972259521484e-01
8.254160284996032715e-01
8.278841972351074219e-01
7.511284351348876953e-01
9.309172630310058594e-01
7.012748718261718750e-01
8.859466314315795898e-01
7.746827602386474609e-01
8.498683571815490723e-01
8.877420425415039062e-01
6.945377588272094727e-01
8.934285044670104980e-01
8.708839416503906250e-01
7.418589591979980469e-01
9.142434597015380859e-01
7.366095781326293945e-01
8.949153423309326172e-01
8.616867065429687500e-01
8.013275861740112305e-01
8.887242078781127930e-01
8.116422891616821289e-01
7.912964224815368652e-01
9.137529134750366211e-01
5.662211775779724121e-01
9.648678302764892578e-01
5.510350465774536133e-01
9.800727367401123047e-01
2.212468683719635010e-01
9.787312746047973633e-01
4.293816685676574707e-01
9.515452384948730469e-01
6.630392074584960938e-01
9.698276519775390625e-01
2.254734635353088379e-01
9.465020895004272461e-01
2.490740120410919189e-01
9.437311887741088867e-01
5.447381734848022461e-01
7.529211044311523438e-01
9.241408109664916992e-01
4.617072343826293945e-01
9.358849525451660156e-01
6.088896393775939941e-01
8.023486733436584473e-01
9.059139490127563477e-01
6.096457242965698242e-01
8.894201517105102539e-01
5.955564975738525391e-01
8.750195503234863281e-01
7.622517943382263184e-01
8.202052116394042969e-01
8.611353635787963867e-01
7.297627925872802734e-01
8.603678941726684570e-01
7.153705358505249023e-01
8.258931636810302734e-01
6.964610815048217773e-01
8.557167053222656250e-01
8.768982887268066406e-01
7.800601720809936523e-01
8.661478161811828613e-01
7.219652533531188965e-01
8.900027275085449219e-01
7.721762061119079590e-01
8.281568288803100586e-01
7.179535627365112305e-01
8.788959980010986328e-01
5.922114253044128418e-01
9.493291378021240234e-01
7.656994462013244629e-01
7.627210021018981934e-01
9.150146245956420898e-01
6.285146474838256836e-01
9.439440965652465820e-01
3.935679197311401367e-01
9.065865874290466309e-01
8.702074885368347168e-01
8.601676225662231445e-01
7.091996669769287109e-01
9.157328009605407715e-01
6.128358840942382812e-01
8.801521062850952148e-01
7.631989121437072754e-01
8.423755168914794922e-01
9.071649312973022461e-01
6.815787553787231445e-01
8.152663707733154297e-01
8.485022783279418945e-01
7.666289210319519043e-01
7.674940824508666992e-01
8.469507694244384766e-01
8.399035930633544922e-01
7.183910608291625977e-01
9.031741023063659668e-01
7.448111176490783691e-01
8.663854598999023438e-01
7.704352140426635742e-01
8.701807260513305664e-01
7.927315235137939453e-01
8.577589988708496094e-01
8.482292890548706055e-01
7.146760821342468262e-01
8.875417709350585938e-01
7.148082256317138672e-01
8.866915702819824219e-01
8.634693622589111328e-01
7.882516384124755859e-01
8.167717456817626953e-01
9.069839715957641602e-01
6.962013244628906250e-01
9.610412120819091797e-01
8.362977504730224609e-01
8.470788598060607910e-01
8.994777798652648926e-01
8.019844889640808105e-01
8.571357727050781250e-01
7.297204136848449707e-01
9.080067873001098633e-01
5.341171026229858398e-01
8.892313241958618164e-01
8.605206012725830078e-01
8.867959976196289062e-01
9.052530527114868164e-01
7.569678425788879395e-01
8.950300216674804688e-01
6.785899400711059570e-01
8.986767530441284180e-01
6.747195720672607422e-01
9.288234710693359375e-01
8.506802916526794434e-01
8.402505517005920410e-01
8.540217876434326172e-01
7.548016309738159180e-01
8.837178349494934082e-01
6.553209424018859863e-01
8.960105180740356445e-01
8.739854097366333008e-01
8.395948410034179688e-01
8.925628662109375000e-01
8.012619614601135254e-01
8.882459402084350586e-01
7.801810503005981445e-01
8.619079589843750000e-01
9.177384376525878906e-01
6.162618994712829590e-01
9.624038338661193848e-01
8.405604362487792969e-01
7.959881424903869629e-01
9.496306180953979492e-01
8.212245702743530273e-01
8.427032232284545898e-01
8.911112546920776367e-01
8.723548054695129395e-01
6.878470182418823242e-01
9.280745387077331543e-01
2.424272447824478149e-01
9.659195542335510254e-01
1.446007490158081055e-01
9.707004427909851074e-01
8.630157709121704102e-01
8.618499040603637695e-01
8.767250776290893555e-01
8.327286243438720703e-01
7.260421514511108398e-01
8.525512218475341797e-01
5.195855498313903809e-01
9.535418748855590820e-01
6.397432088851928711e-01
8.962646722793579102e-01
8.093508481979370117e-01
8.530280590057373047e-01
7.125127315521240234e-01
8.657962083816528320e-01
5.785886049270629883e-01
9.651099443435668945e-01
4.677189588546752930e-01
9.039490222930908203e-01
8.542684316635131836e-01
7.428227663040161133e-01
8.699505925178527832e-01
6.097430586814880371e-01
8.897855877876281738e-01
7.838060855865478516e-01
8.745030164718627930e-01
8.962771892547607422e-01
7.887400388717651367e-01
8.308231234550476074e-01
7.839975953102111816e-01
8.011119365692138672e-01
8.853959441184997559e-01
6.479824781417846680e-01
9.470360875129699707e-01
3.904566764831542969e-01
9.298896789550781250e-01
6.880848407745361328e-01
7.723273038864135742e-01
9.347282648086547852e-01
6.015474796295166016e-01
8.759357333183288574e-01
7.955126166343688965e-01
8.398565053939819336e-01
8.792978525161743164e-01
6.280480623245239258e-01
9.605429172515869141e-01
3.021308183670043945e-01
9.337123632431030273e-01
9.159690141677856445e-01
7.837216258049011230e-01
8.803462982177734375e-01
8.319430947303771973e-01
7.117693424224853516e-01
8.302075862884521484e-01
7.487843632698059082e-01
9.267268776893615723e-01
8.177191019058227539e-01
8.073681592941284180e-01
8.554973602294921875e-01
7.614876627922058105e-01
8.786993026733398438e-01
6.466686725616455078e-01
9.382017850875854492e-01
6.420806646347045898e-01
8.391408920288085938e-01
9.326478242874145508e-01
6.826656460762023926e-01
8.749346733093261719e-01
9.015200138092041016e-01
7.085868120193481445e-01
9.154744148254394531e-01
7.401170134544372559e-01
8.520296216011047363e-01
7.705760002136230469e-01
8.110531568527221680e-01
8.123306035995483398e-01
7.660269141197204590e-01
8.615913391113281250e-01
7.584762573242187500e-01
8.718246221542358398e-01
7.649350166320800781e-01
8.851585984230041504e-01
8.389055728912353516e-01
8.896019458770751953e-01
8.437451124191284180e-01
8.930553197860717773e-01
7.719631195068359375e-01
8.878933191299438477e-01
7.273119688034057617e-01
9.161119461059570312e-01
6.802549362182617188e-01
8.555170893669128418e-01
9.272748231887817383e-01
7.457218170166015625e-01
8.825567960739135742e-01
8.644884824752807617e-01
7.935524582862854004e-01
8.346080780029296875e-01
7.379359602928161621e-01
9.340257644653320312e-01
7.189266085624694824e-01
7.873859405517578125e-01
9.024774432182312012e-01
8.100804090499877930e-01
8.390429019927978516e-01
8.872108459472656250e-01
7.978376746177673340e-01
8.547548055648803711e-01
8.163433074951171875e-01
8.686749935150146484e-01
8.673616647720336914e-01
9.052696824073791504e-01
7.658751010894775391e-01
9.138692617416381836e-01
5.001082420349121094e-01
9.693111181259155273e-01
1.413620114326477051e-01
9.308403730392456055e-01
8.596138954162597656e-01
8.688061237335205078e-01
7.389457225799560547e-01
8.770472407341003418e-01
6.667507290840148926e-01
8.807171583175659180e-01
7.169094085693359375e-01
8.687614202499389648e-01
7.840490937232971191e-01
9.566633701324462891e-01
6.786761283874511719e-01
8.874770402908325195e-01
7.415466308593750000e-01
8.698408007621765137e-01
7.022041082382202148e-01
8.577107191085815430e-01
8.509457111358642578e-01
6.826333999633789062e-01
9.536410570144653320e-01
3.609587550163269043e-01
9.452446699142456055e-01
8.234000205993652344e-01
7.105496525764465332e-01
9.465039968490600586e-01
5.914437174797058105e-01
9.209776520729064941e-01
6.067488193511962891e-01
9.729287624359130859e-01
7.612533569335937500e-01
8.508721590042114258e-01
5.573574900627136230e-01
9.448843002319335938e-01
4.195845127105712891e-01
9.871318340301513672e-01
4.347687959671020508e-01
9.147902727127075195e-01
7.819614410400390625e-01
7.931736707687377930e-01
7.373708486557006836e-01
7.190908193588256836e-01
7.881479263305664062e-01
7.867571115493774414e-01
7.592639923095703125e-01
8.424096703529357910e-01
5.970658659934997559e-01
9.400680065155029297e-01
5.187039375305175781e-01
9.066282510757446289e-01
4.562981724739074707e-01
8.805395960807800293e-01
9.066942334175109863e-01
4.705638885498046875e-01
9.168489575386047363e-01
7.402133941650390625e-01
8.048460483551025391e-01
9.249075651168823242e-01
6.593032479286193848e-01
9.123386144638061523e-01
6.227265596389770508e-01
9.067622423171997070e-01
8.212423324584960938e-01
7.773451805114746094e-01
8.670085072517395020e-01
6.266326904296875000e-01
8.878293037414550781e-01
5.655521154403686523e-01
8.989690542221069336e-01
9.230599403381347656e-01
7.633016109466552734e-01
8.311413526535034180e-01
8.473702669143676758e-01
6.235670447349548340e-01
9.066773653030395508e-01
6.502619981765747070e-01
9.056946039199829102e-01
8.039758801460266113e-01
8.426263332366943359e-01
8.180642127990722656e-01
8.451792597770690918e-01
8.831889629364013672e-01
6.729921102523803711e-01
8.942428231239318848e-01
6.966872215270996094e-01
9.087342023849487305e-01
7.531818747520446777e-01
9.110769033432006836e-01
8.117115497589111328e-01
7.310531139373779297e-01
9.142749309539794922e-01
6.772613525390625000e-01
8.872714638710021973e-01
8.510403037071228027e-01
8.504012823104858398e-01
8.811759352684020996e-01
7.905963659286499023e-01
8.485872745513916016e-01
8.861320614814758301e-01
8.121468424797058105e-01
8.486114144325256348e-01
8.710752725601196289e-01
7.880694866180419922e-01
8.641513586044311523e-01
8.276968002319335938e-01
7.577383518218994141e-01
9.048333168029785156e-01
6.490424871444702148e-01
9.531867504119873047e-01
6.486179232597351074e-01
9.577679634094238281e-01
8.053440451622009277e-01
8.937282562255859375e-01
8.741548657417297363e-01
8.491657376289367676e-01
8.522175550460815430e-01
7.273340821266174316e-01
8.280620574951171875e-01
8.465389013290405273e-01
7.706328034400939941e-01
8.675293922424316406e-01
8.180156350135803223e-01
8.724045157432556152e-01
8.776531219482421875e-01
8.381794691085815430e-01
8.701195120811462402e-01
8.741509914398193359e-01
8.964529633522033691e-01
8.057989478111267090e-01
9.139561057090759277e-01
8.050342798233032227e-01
7.580145001411437988e-01
9.109950661659240723e-01
6.694331169128417969e-01
9.575059413909912109e-01
6.212302446365356445e-01
8.905936479568481445e-01
7.978826761245727539e-01
8.384358882904052734e-01
8.627656698226928711e-01
8.358455896377563477e-01
8.537884950637817383e-01
7.253570556640625000e-01
8.436264395713806152e-01
8.039275407791137695e-01
8.669534921646118164e-01
8.379480838775634766e-01
7.537964582443237305e-01
8.963809609413146973e-01
6.524784564971923828e-01
9.449347257614135742e-01
6.073035001754760742e-01
9.100646972656250000e-01
8.803027272224426270e-01
6.316902637481689453e-01
9.592981934547424316e-01
4.669210910797119141e-01
9.670652747154235840e-01
6.623795032501220703e-01
9.582200646400451660e-01
5.125750303268432617e-01
9.264454245567321777e-01
7.119072675704956055e-01
8.894860744476318359e-01
8.133566975593566895e-01
8.593308925628662109e-01
8.141322731971740723e-01
8.112328052520751953e-01
7.833731174468994141e-01
8.194598555564880371e-01
8.515052795410156250e-01
7.491191625595092773e-01
9.026278257369995117e-01
8.058394789695739746e-01
8.954813480377197266e-01
8.483924865722656250e-01
8.052630424499511719e-01
9.566226005554199219e-01
5.025539398193359375e-01
9.499948024749755859e-01
8.354941606521606445e-01
7.967584133148193359e-01
8.889968395233154297e-01
7.367731332778930664e-01
8.604987859725952148e-01
7.940118908882141113e-01
8.596042394638061523e-01
8.993588685989379883e-01
6.561100482940673828e-01
8.583185672760009766e-01
6.704155206680297852e-01
9.247391223907470703e-01
8.473415374755859375e-01
7.437366247177124023e-01
9.080834388732910156e-01
3.859109878540039062e-01
9.645768404006958008e-01
3.845400214195251465e-01
9.559466838836669922e-01
8.626750707626342773e-01
5.815469622611999512e-01
9.215037822723388672e-01
6.187139153480529785e-01
8.414533734321594238e-01
8.920199871063232422e-01
6.511644124984741211e-01
9.016427993774414062e-01
6.488077044486999512e-01
8.964822292327880859e-01
7.831475734710693359e-01
8.762946724891662598e-01
8.508219122886657715e-01
9.107944965362548828e-01
7.171093225479125977e-01
8.892239928245544434e-01
7.860751152038574219e-01
7.281197309494018555e-01
9.360369443893432617e-01
7.813075780868530273e-01
8.608572483062744141e-01
9.284892678260803223e-01
6.549605131149291992e-01
9.519137144088745117e-01
6.444918513298034668e-01
9.213266372680664062e-01
7.845199108123779297e-01
8.785833716392517090e-01
8.097931146621704102e-01
9.045872688293457031e-01
6.648291945457458496e-01
9.433017373085021973e-01
5.854507684707641602e-01
9.335121512413024902e-01
6.106716990470886230e-01
9.359787702560424805e-01
7.399756908416748047e-01
8.918126821517944336e-01
8.165502548217773438e-01
8.978618383407592773e-01
6.395317316055297852e-01
9.125121831893920898e-01
7.925300598144531250e-01
9.405872821807861328e-01
8.642345070838928223e-01
8.876294493675231934e-01
7.578029632568359375e-01
8.938968181610107422e-01
6.300901770591735840e-01
8.964906930923461914e-01
6.964228153228759766e-01
9.406992197036743164e-01
7.973104715347290039e-01
7.991494536399841309e-01
9.276386499404907227e-01
6.747841835021972656e-01
9.061036109924316406e-01
8.177720308303833008e-01
8.579192757606506348e-01
7.682980298995971680e-01
8.848387002944946289e-01
7.894622683525085449e-01
8.844338655471801758e-01
7.968295812606811523e-01
8.805432319641113281e-01
8.687786459922790527e-01
7.062323093414306641e-01
9.482706785202026367e-01
4.194325208663940430e-01
9.687204360961914062e-01
8.671894073486328125e-01
8.724018335342407227e-01
8.186227679252624512e-01
8.940380215644836426e-01
5.257128477096557617e-01
9.661425352096557617e-01
2.243623137474060059e-01
9.953324198722839355e-01
1.894400864839553833e-01
9.451812505722045898e-01
6.700063943862915039e-01
7.213642001152038574e-01
7.064077258110046387e-01
7.153418660163879395e-01
8.084371089935302734e-01
7.525883913040161133e-01
8.201197385787963867e-01
6.480126976966857910e-01
9.531446099281311035e-01
4.040924310684204102e-01
9.586918354034423828e-01
7.020864486694335938e-01
7.401995658874511719e-01
9.242643713951110840e-01
6.034504175186157227e-01
8.876527547836303711e-01
8.379361629486083984e-01
7.840412855148315430e-01
6.774996519088745117e-01
8.482960462570190430e-01
6.775988340377807617e-01
9.036389589309692383e-01
3.865823149681091309e-01
9.443656206130981445e-01
8.600650429725646973e-01
8.612388968467712402e-01
6.934045553207397461e-01
9.245460033416748047e-01
5.030174255371093750e-01
9.336808919906616211e-01
6.530536413192749023e-01
9.213656187057495117e-01
8.694875240325927734e-01
8.438110947608947754e-01
7.787102460861206055e-01
8.486486673355102539e-01
7.335680127143859863e-01
8.156388401985168457e-01
8.055993318557739258e-01
8.036395907402038574e-01
8.148010969161987305e-01
8.520041704177856445e-01
6.356807947158813477e-01
9.254560470581054688e-01
7.960977554321289062e-01
8.350557088851928711e-01
9.013448953628540039e-01
7.491979598999023438e-01
8.651483654975891113e-01
8.715559244155883789e-01
7.345276474952697754e-01
9.002354145050048828e-01
5.936547517776489258e-01
9.140216708183288574e-01
4.678223729133605957e-01
9.116616249084472656e-01
8.691563606262207031e-01
6.665041446685791016e-01
9.406530857086181641e-01
5.970005393028259277e-01
6.855709552764892578e-01
8.467520475387573242e-01
5.511429905891418457e-01
8.892384767532348633e-01
6.585820913314819336e-01
9.328438043594360352e-01
4.797084033489227295e-01
8.949899673461914062e-01
4.387108683586120605e-01
9.015280604362487793e-01
8.230851888656616211e-01
7.356467247009277344e-01
8.377627134323120117e-01
7.447501420974731445e-01
8.986817598342895508e-01
8.020102381706237793e-01
8.695124983787536621e-01
7.294277548789978027e-01
8.844199180603027344e-01
5.752438902854919434e-01
9.374892115592956543e-01
8.394626379013061523e-01
8.676401972770690918e-01
8.944574594497680664e-01
8.007583618164062500e-01
8.037753105163574219e-01
8.458808660507202148e-01
6.615318059921264648e-01
9.269073605537414551e-01
6.332260370254516602e-01
8.847079873085021973e-01
7.436422705650329590e-01
8.877862691879272461e-01
8.750631213188171387e-01
8.014479875564575195e-01
8.514744043350219727e-01
6.984724998474121094e-01
8.769950866699218750e-01
8.214242458343505859e-01
8.297978639602661133e-01
7.318454384803771973e-01
9.024043679237365723e-01
6.475749015808105469e-01
8.892914652824401855e-01
6.802911758422851562e-01
7.748569846153259277e-01
8.022975325584411621e-01
7.555434703826904297e-01
8.245706558227539062e-01
7.181513309478759766e-01
8.193005323410034180e-01
6.636373400688171387e-01
9.151614904403686523e-01
5.717005133628845215e-01
9.152251482009887695e-01
8.497298359870910645e-01
9.089366793632507324e-01
7.531684637069702148e-01
8.871166706085205078e-01
5.711310505867004395e-01
9.394778013229370117e-01
5.951997041702270508e-01
9.371672868728637695e-01
8.279508352279663086e-01
7.883133292198181152e-01
8.725873827934265137e-01
8.870435953140258789e-01
6.810218691825866699e-01
8.988827466964721680e-01
6.100796461105346680e-01
9.129042625427246094e-01
8.433821201324462891e-01
8.271680474281311035e-01
9.109907150268554688e-01
7.209970951080322266e-01
9.340634346008300781e-01
8.467948436737060547e-01
7.354478836059570312e-01
9.172580242156982422e-01
7.448953390121459961e-01
8.645097017288208008e-01
8.412539362907409668e-01
7.745006084442138672e-01
9.424332380294799805e-01
8.246512413024902344e-01
8.143519163131713867e-01
8.959144353866577148e-01
8.009623289108276367e-01
8.833526372909545898e-01
8.953384160995483398e-01
8.017097115516662598e-01
8.671738505363464355e-01
7.589182853698730469e-01
8.990616798400878906e-01
7.007989883422851562e-01
9.588760137557983398e-01
8.088898062705993652e-01
7.882431745529174805e-01
9.145406484603881836e-01
8.169014453887939453e-01
8.512310385704040527e-01
7.407217621803283691e-01
9.365485906600952148e-01
5.972069501876831055e-01
9.476615190505981445e-01
4.168472290039062500e-01
9.694475531578063965e-01
7.568435668945312500e-01
9.072364568710327148e-01
7.869198918342590332e-01
8.953258991241455078e-01
8.384007215499877930e-01
8.553839325904846191e-01
8.564487695693969727e-01
7.530686855316162109e-01
9.602062702178955078e-01
8.334801197052001953e-01
8.619363903999328613e-01
8.389214873313903809e-01
7.670100927352905273e-01
9.294719696044921875e-01
6.534136533737182617e-01
8.807325363159179688e-01
8.568432331085205078e-01
8.705075979232788086e-01
9.188430905342102051e-01
7.778904438018798828e-01
8.856239318847656250e-01
8.421326875686645508e-01
8.597024679183959961e-01
8.239304423332214355e-01
8.691887855529785156e-01
8.153091669082641602e-01
8.624454140663146973e-01
7.369825243949890137e-01
9.253315329551696777e-01
7.756314277648925781e-01
8.682449460029602051e-01
9.203553199768066406e-01
5.657260417938232422e-01
9.651781320571899414e-01
6.219946146011352539e-01
9.451461434364318848e-01
7.445560693740844727e-01
9.384389519691467285e-01
6.165466308593750000e-01
9.543868303298950195e-01
6.714493632316589355e-01
9.229245185852050781e-01
7.333534955978393555e-01
9.385661482810974121e-01
4.537563323974609375e-01
9.853632450103759766e-01
2.785917520523071289e-01
9.923895597457885742e-01
1.570125818252563477e-01
9.910981655120849609e-01
4.122508168220520020e-01
9.414342641830444336e-01
6.862513422966003418e-01
6.896898150444030762e-01
8.349556922912597656e-01
7.411504387855529785e-01
8.385407924652099609e-01
8.383119106292724609e-01
8.097813129425048828e-01
8.694004416465759277e-01
6.581740379333496094e-01
8.998166322708129883e-01
4.697850346565246582e-01
9.611034393310546875e-01
8.484877347946166992e-01
8.327187299728393555e-01
8.285660743713378906e-01
7.552062869071960449e-01
7.675627470016479492e-01
7.913543581962585449e-01
7.257572412490844727e-01
9.190368652343750000e-01
7.080479264259338379e-01
8.923760652542114258e-01
7.823951244354248047e-01
7.779468297958374023e-01
8.676300644874572754e-01
6.341244578361511230e-01
8.699740767478942871e-01
8.601887822151184082e-01
8.763983249664306641e-01
9.021292924880981445e-01
8.041002750396728516e-01
9.008260369300842285e-01
8.142095208168029785e-01
8.943144679069519043e-01
7.620804309844970703e-01
8.577641844749450684e-01
8.188232183456420898e-01
8.593140840530395508e-01
7.827792167663574219e-01
8.699952363967895508e-01
7.539027929306030273e-01
8.457438349723815918e-01
8.759709596633911133e-01
7.881804704666137695e-01
9.162168502807617188e-01
7.853518724441528320e-01
8.681750893592834473e-01
6.914392709732055664e-01
9.047030210494995117e-01
5.212966203689575195e-01
9.602541923522949219e-01
7.265062332153320312e-01
9.297673702239990234e-01
8.073914051055908203e-01
8.162283897399902344e-01
8.564018011093139648e-01
6.713165044784545898e-01
9.531227946281433105e-01
5.521647334098815918e-01
9.315828680992126465e-01
8.989471197128295898e-01
8.627786636352539062e-01
8.858785629272460938e-01
7.969447970390319824e-01
9.173133373260498047e-01
7.857943177223205566e-01
9.133405685424804688e-01
6.282293796539306641e-01
9.659196138381958008e-01
6.898829936981201172e-01
9.263997077941894531e-01
6.492973566055297852e-01
7.867952585220336914e-01
9.447522163391113281e-01
6.163011789321899414e-01
9.754031896591186523e-01
3.358385264873504639e-01
9.673439264297485352e-01
2.062748968601226807e-01
9.536390304565429688e-01
6.922441720962524414e-01
7.717611789703369141e-01
8.595141768455505371e-01
6.858958005905151367e-01
7.827526926994323730e-01
8.327162265777587891e-01
6.795821189880371094e-01
9.158882498741149902e-01
5.759630203247070312e-01
9.351238012313842773e-01
5.738905668258666992e-01
8.665729165077209473e-01
9.038293361663818359e-01
7.051593065261840820e-01
8.561365604400634766e-01
8.115320205688476562e-01
8.718197941780090332e-01
7.872840166091918945e-01
8.697856664657592773e-01
8.047698140144348145e-01
8.065147399902343750e-01
8.554069995880126953e-01
8.626977205276489258e-01
7.478325366973876953e-01
8.268194198608398438e-01
7.257452011108398438e-01
9.003643393516540527e-01
8.282956480979919434e-01
8.487866520881652832e-01
8.894093036651611328e-01
8.554451465606689453e-01
8.512021303176879883e-01
9.026309847831726074e-01
6.112313866615295410e-01
9.661752581596374512e-01
3.261950612068176270e-01
9.590516686439514160e-01
2.687449753284454346e-01
9.341233968734741211e-01
1.855827122926712036e-01
9.252375364303588867e-01
7.171298265457153320e-01
5.458549261093139648e-01
8.371829986572265625e-01
7.055687308311462402e-01
7.192164659500122070e-01
6.952966451644897461e-01
9.287508130073547363e-01
5.529980659484863281e-01
9.029585123062133789e-01
6.668655872344970703e-01
8.544926643371582031e-01
7.270609736442565918e-01
7.868705987930297852e-01
6.147450208663940430e-01
9.083700180053710938e-01
6.095651984214782715e-01
8.984287381172180176e-01
8.076498508453369141e-01
7.814286351203918457e-01
7.774852514266967773e-01
6.666325330734252930e-01
8.721399307250976562e-01
7.378623485565185547e-01
8.037718534469604492e-01
7.765598297119140625e-01
6.940118074417114258e-01
9.341576099395751953e-01
4.605605602264404297e-01
9.240647554397583008e-01
6.818162202835083008e-01
8.834465742111206055e-01
8.552812337875366211e-01
8.414717912673950195e-01
8.627669811248779297e-01
8.537042737007141113e-01
7.191593050956726074e-01
8.156181573867797852e-01
7.789983153343200684e-01
6.670843958854675293e-01
9.440046548843383789e-01
7.237675189971923828e-01
7.992179989814758301e-01
9.157822728157043457e-01
4.371895492076873779e-01
9.745907783508300781e-01
6.718920469284057617e-01
8.345237970352172852e-01
9.180672168731689453e-01
5.870482325553894043e-01
9.308638572692871094e-01
7.925229668617248535e-01
8.451735973358154297e-01
6.220350265502929688e-01
8.886383771896362305e-01
6.105729341506958008e-01
9.172456264495849609e-01
8.952198028564453125e-01
7.722202539443969727e-01
8.450989723205566406e-01
8.526800870895385742e-01
8.272188901901245117e-01
8.512256145477294922e-01
8.296865820884704590e-01
8.027871251106262207e-01
8.698782324790954590e-01
7.124508619308471680e-01
9.260143041610717773e-01
7.355303168296813965e-01
9.370583891868591309e-01
7.629291415214538574e-01
7.910791635513305664e-01
8.694819211959838867e-01
8.123599886894226074e-01
8.754078149795532227e-01
8.788501024246215820e-01
8.426643610000610352e-01
7.884845733642578125e-01
9.065089225769042969e-01
7.475966215133666992e-01
9.456158876419067383e-01
9.192224740982055664e-01
7.480710148811340332e-01
9.065582752227783203e-01
7.087302803993225098e-01
8.637837171554565430e-01
8.826401233673095703e-01
8.240231275558471680e-01
8.978545665740966797e-01
7.979078292846679688e-01
8.606106042861938477e-01
9.032169580459594727e-01
7.807947993278503418e-01
8.233422040939331055e-01
9.739402532577514648e-01
6.069192886352539062e-01
9.258404970169067383e-01
7.022907733917236328e-01
9.273172020912170410e-01
7.148989439010620117e-01
9.444087147712707520e-01
7.446717619895935059e-01
8.339957594871520996e-01
8.794293999671936035e-01
6.209129095077514648e-01
9.638018608093261719e-01
8.232531547546386719e-01
9.318993091583251953e-01
7.917110919952392578e-01
8.421534299850463867e-01
8.690631389617919922e-01
8.345438241958618164e-01
8.355828523635864258e-01
9.058669805526733398e-01
8.392592668533325195e-01
8.957674503326416016e-01
6.753890514373779297e-01
9.304801225662231445e-01
8.537564277648925781e-01
7.602876424789428711e-01
8.460669517517089844e-01
9.107755422592163086e-01
7.481033205986022949e-01
8.765343427658081055e-01
8.840318918228149414e-01
8.703002929687500000e-01
9.107846021652221680e-01
8.103249669075012207e-01
9.076808691024780273e-01
8.405269384384155273e-01
9.030961394309997559e-01
7.913004159927368164e-01
9.468144774436950684e-01
7.595157623291015625e-01
9.182283878326416016e-01
8.255648016929626465e-01
7.899395823478698730e-01
7.791565656661987305e-01
8.358389139175415039e-01
8.954791426658630371e-01
8.004690408706665039e-01
9.546711444854736328e-01
5.891575813293457031e-01
9.721665978431701660e-01
6.568741202354431152e-01
9.168768525123596191e-01
4.885702431201934814e-01
9.857245683670043945e-01
3.803105950355529785e-01
9.476931691169738770e-01
3.608852028846740723e-01
9.869021773338317871e-01
5.280927419662475586e-01
9.410837292671203613e-01
2.707861065864562988e-01
9.358406662940979004e-01
8.467202186584472656e-01
6.803838610649108887e-01
7.759630084037780762e-01
6.999623775482177734e-01
7.976709604263305664e-01
7.249464988708496094e-01
8.418122529983520508e-01
7.017473578453063965e-01
9.406021833419799805e-01
7.199389934539794922e-01
8.366026878356933594e-01
7.940418720245361328e-01
8.918703794479370117e-01
8.245716094970703125e-01
8.020136952400207520e-01
8.065283298492431641e-01
8.011155128479003906e-01
9.010801315307617188e-01
7.613689899444580078e-01
8.970593214035034180e-01
7.784153819084167480e-01
8.922868967056274414e-01
5.751025676727294922e-01
9.708557128906250000e-01
7.865967154502868652e-01
8.104625344276428223e-01
9.553416967391967773e-01
6.386107206344604492e-01
9.487583041191101074e-01
4.198146462440490723e-01
9.535397887229919434e-01
4.495789408683776855e-01
9.150890707969665527e-01
8.173587322235107422e-01
7.529151439666748047e-01
9.056389927864074707e-01
5.913220047950744629e-01
9.587529897689819336e-01
5.483906269073486328e-01
8.448835015296936035e-01
7.662994861602783203e-01
6.497368216514587402e-01
8.895559310913085938e-01
4.944344162940979004e-01
9.303187727928161621e-01
6.639131903648376465e-01
9.015568494796752930e-01
7.220308184623718262e-01
8.568298816680908203e-01
7.653797268867492676e-01
8.589780330657958984e-01
6.017793416976928711e-01
8.899247050285339355e-01
3.850643634796142578e-01
9.467198848724365234e-01
7.419997453689575195e-01
7.815258502960205078e-01
9.065013527870178223e-01
8.512105941772460938e-01
6.878492832183837891e-01
9.056065082550048828e-01
8.918584585189819336e-01
8.283865451812744141e-01
7.685303688049316406e-01
9.020631909370422363e-01
7.911500930786132812e-01
7.886472940444946289e-01
9.465900659561157227e-01
6.023426055908203125e-01
8.878263235092163086e-01
8.914431333541870117e-01
8.643103837966918945e-01
7.876298427581787109e-01
8.814629316329956055e-01
8.776541948318481445e-01
8.287514448165893555e-01
7.118762135505676270e-01
9.524904489517211914e-01
3.096589148044586182e-01
9.313120841979980469e-01
4.943268597126007080e-01
9.834558963775634766e-01
7.106642723083496094e-01
7.846863865852355957e-01
8.796930909156799316e-01
6.118651628494262695e-01
8.903499841690063477e-01
8.150970935821533203e-01
8.002158999443054199e-01
7.654297947883605957e-01
8.251267671585083008e-01
8.126888275146484375e-01
7.769161462783813477e-01
8.669469356536865234e-01
7.971472144126892090e-01
7.969822287559509277e-01
8.439500331878662109e-01
6.745743751525878906e-01
8.962645530700683594e-01
6.851742267608642578e-01
9.136551022529602051e-01
7.860595583915710449e-01
9.093208312988281250e-01
8.530899286270141602e-01
7.718334794044494629e-01
9.006454944610595703e-01
7.602742910385131836e-01
8.407922983169555664e-01
8.386647701263427734e-01
8.814505338668823242e-01
8.068189620971679688e-01
9.251852035522460938e-01
7.939083576202392578e-01
8.878421783447265625e-01
8.828721046447753906e-01
8.420138359069824219e-01
9.034954309463500977e-01
8.094951510429382324e-01
8.214330673217773438e-01
8.567314147949218750e-01
8.480844497680664062e-01
8.377585411071777344e-01
8.269367814064025879e-01
8.908703327178955078e-01
6.987931728363037109e-01
9.191581010818481445e-01
8.686091899871826172e-01
8.667778372764587402e-01
9.131246209144592285e-01
8.336951136589050293e-01
8.599226474761962891e-01
8.341294527053833008e-01
9.298274517059326172e-01
7.068157196044921875e-01
9.575285911560058594e-01
4.667880535125732422e-01
9.251005649566650391e-01
9.090223312377929688e-01
8.059474229812622070e-01
9.618607759475708008e-01
4.461078345775604248e-01
9.513337016105651855e-01
5.500515103340148926e-01
9.773799180984497070e-01
7.211596965789794922e-01
8.883813619613647461e-01
9.574815630912780762e-01
5.101584196090698242e-01
8.635191917419433594e-01
8.539077639579772949e-01
5.031687021255493164e-01
9.620986580848693848e-01
6.095294356346130371e-01
9.014123678207397461e-01
9.589349031448364258e-01
7.093076705932617188e-01
8.676477670669555664e-01
8.790647387504577637e-01
7.896237969398498535e-01
8.062942624092102051e-01
8.761232495307922363e-01
8.093883395195007324e-01
7.431532144546508789e-01
8.813035488128662109e-01
8.839117288589477539e-01
8.265210986137390137e-01
8.953863382339477539e-01
8.515506982803344727e-01
8.178159594535827637e-01
8.526415228843688965e-01
8.586214780807495117e-01
8.544784784317016602e-01
8.591300249099731445e-01
8.736056089401245117e-01
8.630782961845397949e-01
8.261372447013854980e-01
8.593040704727172852e-01
8.014745116233825684e-01
7.199892401695251465e-01
9.238483905792236328e-01
6.710976362228393555e-01
9.278831481933593750e-01
6.095137596130371094e-01
9.579690694808959961e-01
5.740454196929931641e-01
9.184902310371398926e-01
7.922456860542297363e-01
8.045478463172912598e-01
9.201706647872924805e-01
7.395739555358886719e-01
8.963481783866882324e-01
9.434149861335754395e-01
7.066458463668823242e-01
9.590649008750915527e-01
4.917809367179870605e-01
9.605531692504882812e-01
6.868219375610351562e-01
9.490633606910705566e-01
3.836987018585205078e-01
9.746277332305908203e-01
9.243404865264892578e-01
6.730480194091796875e-01
9.469839334487915039e-01
6.842604875564575195e-01
9.225699901580810547e-01
8.318016529083251953e-01
8.229829072952270508e-01
9.479876756668090820e-01
7.962269186973571777e-01
7.650983333587646484e-01
9.435507059097290039e-01
8.365620970726013184e-01
7.984853982925415039e-01
8.929772377014160156e-01
7.452127933502197266e-01
8.859286308288574219e-01
9.435788393020629883e-01
8.040977120399475098e-01
8.467078208923339844e-01
9.339460134506225586e-01
7.614215612411499023e-01
8.877439498901367188e-01
7.093408107757568359e-01
9.018873572349548340e-01
7.978134155273437500e-01
8.960849642753601074e-01
8.196684122085571289e-01
7.031432986259460449e-01
9.625294804573059082e-01
3.472602367401123047e-01
9.763928651809692383e-01
1.024584025144577026e-01
9.108119606971740723e-01
6.255831122398376465e-01
9.142289161682128906e-01
5.371157526969909668e-01
9.271936416625976562e-01
6.663354635238647461e-01
9.258885383605957031e-01
6.715252399444580078e-01
9.460775852203369141e-01
7.005421519279479980e-01
8.763791322708129883e-01
7.470952272415161133e-01
8.878009319305419922e-01
6.747831106185913086e-01
9.410325288772583008e-01
5.779194235801696777e-01
9.479496479034423828e-01
7.088432312011718750e-01
8.877701163291931152e-01
8.521651625633239746e-01
8.815587759017944336e-01
8.365635275840759277e-01
7.789828181266784668e-01
8.125010728836059570e-01
8.648564815521240234e-01
8.247771263122558594e-01
8.644398450851440430e-01
7.996476888656616211e-01
8.693672418594360352e-01
8.363146185874938965e-01
7.403890490531921387e-01
8.932958245277404785e-01
9.325759410858154297e-01
7.992148995399475098e-01
8.780370950698852539e-01
8.741177320480346680e-01
8.668806552886962891e-01
8.155549168586730957e-01
8.469132184982299805e-01
8.810120820999145508e-01
8.321279883384704590e-01
9.238615036010742188e-01
6.615900993347167969e-01
9.417737722396850586e-01
8.250905871391296387e-01
9.179713129997253418e-01
7.932857275009155273e-01
9.346395730972290039e-01
8.679323792457580566e-01
8.336321711540222168e-01
9.278702735900878906e-01
8.593505620956420898e-01
7.446327805519104004e-01
9.583684206008911133e-01
5.285637378692626953e-01
9.087525010108947754e-01
9.355236887931823730e-01
7.491063475608825684e-01
9.099316596984863281e-01
8.949626684188842773e-01
8.033664226531982422e-01
9.006206989288330078e-01
8.883854150772094727e-01
8.477280139923095703e-01
8.820998072624206543e-01
8.412054181098937988e-01
9.357859492301940918e-01
6.408418416976928711e-01
9.196027517318725586e-01
6.407597064971923828e-01
9.650425910949707031e-01
8.593116402626037598e-01
8.447479605674743652e-01
9.153974056243896484e-01
7.800430655479431152e-01
9.190741181373596191e-01
8.935708999633789062e-01
7.906324267387390137e-01
9.822233319282531738e-01
7.465757131576538086e-01
9.177669882774353027e-01
7.721183300018310547e-01
9.065157175064086914e-01
7.811126708984375000e-01
9.484230279922485352e-01
8.642269372940063477e-01
9.576321840286254883e-01
7.372073531150817871e-01
9.187147617340087891e-01
4.968900084495544434e-01
9.837847948074340820e-01
3.033663332462310791e-01
9.845608472824096680e-01
8.203919231891632080e-02
9.867370128631591797e-01
2.447038441896438599e-01
9.586144685745239258e-01
5.375746488571166992e-01
7.654342055320739746e-01
7.307631373405456543e-01
5.805222988128662109e-01
7.823248505592346191e-01
6.579937934875488281e-01
8.116973042488098145e-01
6.307687759399414062e-01
9.392141103744506836e-01
4.250852763652801514e-01
9.164624214172363281e-01
8.725151419639587402e-01
8.176623582839965820e-01
6.919180154800415039e-01
9.080379009246826172e-01
6.621036529541015625e-01
7.779591083526611328e-01
9.108774662017822266e-01
6.104192733764648438e-01
9.093050956726074219e-01
8.100954294204711914e-01
8.693480491638183594e-01
8.680070638656616211e-01
8.518258929252624512e-01
7.769496440887451172e-01
9.087717533111572266e-01
7.134286761283874512e-01
8.864929080009460449e-01
9.152414798736572266e-01
6.904281377792358398e-01
8.745171427726745605e-01
9.461440443992614746e-01
6.773483753204345703e-01
8.835322260856628418e-01
8.218331933021545410e-01
8.298742771148681641e-01
8.639643788337707520e-01
6.668301820755004883e-01
9.630545377731323242e-01
6.132791042327880859e-01
8.756502866744995117e-01
9.105514287948608398e-01
7.712156176567077637e-01
9.323122501373291016e-01
7.700075507164001465e-01
8.429129719734191895e-01
7.083936929702758789e-01
9.055025577545166016e-01
7.556415796279907227e-01
9.079941511154174805e-01
5.607717037200927734e-01
9.409003257751464844e-01
6.943558454513549805e-01
9.479499459266662598e-01
8.759921789169311523e-01
8.064482212066650391e-01
7.716654539108276367e-01
9.531813263893127441e-01
7.116671800613403320e-01
9.302906990051269531e-01
8.633216619491577148e-01
8.142935037612915039e-01
8.239327073097229004e-01
8.672378063201904297e-01
8.376830816268920898e-01
9.404013156890869141e-01
7.129097580909729004e-01
9.305169582366943359e-01
8.391621708869934082e-01
8.882387876510620117e-01
9.494763612747192383e-01
8.701838850975036621e-01
8.656139373779296875e-01
8.413405418395996094e-01
8.897559642791748047e-01
8.589788675308227539e-01
8.519926667213439941e-01
9.296474456787109375e-01
8.868590593338012695e-01
8.495436906814575195e-01
9.043444395065307617e-01
7.752799987792968750e-01
9.508991241455078125e-01
6.147561073303222656e-01
9.661048650741577148e-01
5.133581161499023438e-01
9.659448862075805664e-01
2.782029211521148682e-01
9.602690935134887695e-01
6.379773616790771484e-01
8.990479707717895508e-01
9.074130654335021973e-01
8.073365688323974609e-01
9.066046476364135742e-01
8.277050256729125977e-01
7.743999958038330078e-01
9.288415312767028809e-01
6.562416553497314453e-01
8.880818486213684082e-01
8.916676640510559082e-01
8.168968558311462402e-01
8.369162678718566895e-01
8.951292037963867188e-01
8.752178549766540527e-01
7.742341756820678711e-01
9.628400802612304688e-01
7.422795891761779785e-01
8.909541964530944824e-01
9.076939821243286133e-01
7.390601038932800293e-01
9.150547981262207031e-01
8.907446265220642090e-01
8.022794723510742188e-01
8.945240974426269531e-01
8.903067111968994141e-01
8.303447365760803223e-01
8.900335431098937988e-01
7.280430197715759277e-01
9.680655598640441895e-01
6.681870818138122559e-01
9.241592884063720703e-01
9.261276721954345703e-01
8.305597305297851562e-01
9.053457975387573242e-01
7.438506484031677246e-01
9.038854837417602539e-01
8.741326928138732910e-01
7.254340648651123047e-01
9.314202070236206055e-01
5.122447013854980469e-01
9.454244971275329590e-01
8.693906068801879883e-01
8.826932907104492188e-01
8.924949169158935547e-01
9.382954239845275879e-01
7.800046205520629883e-01
8.794026374816894531e-01
7.335200905799865723e-01
9.509608745574951172e-01
8.765560388565063477e-01
8.783472776412963867e-01
8.773856163024902344e-01
9.328719377517700195e-01
5.350508689880371094e-01
9.677428007125854492e-01
7.406809329986572266e-01
7.142317891120910645e-01
8.770327568054199219e-01
2.038510143756866455e-01
9.390107393264770508e-01
3.305755853652954102e-01
9.670181870460510254e-01
2.615768909454345703e-01
9.805257916450500488e-01
6.735088229179382324e-01
7.193610072135925293e-01
8.642262220382690430e-01
5.243440866470336914e-01
7.918863296508789062e-01
6.752250790596008301e-01
7.749913930892944336e-01
8.381112813949584961e-01
7.564116716384887695e-01
8.641293644905090332e-01
7.302699089050292969e-01
8.723834753036499023e-01
7.549096345901489258e-01
7.670054435729980469e-01
5.862388610839843750e-01
9.804540276527404785e-01
6.872088909149169922e-01
8.550181388854980469e-01
8.766875267028808594e-01
7.068359851837158203e-01
7.982493638992309570e-01
8.855709433555603027e-01
6.685112118721008301e-01
9.185572862625122070e-01
7.209452390670776367e-01
8.517368435859680176e-01
6.170130968093872070e-01
9.223430752754211426e-01
5.796743631362915039e-01
8.139676451683044434e-01
9.449794292449951172e-01
6.801711320877075195e-01
8.524593114852905273e-01
8.107841014862060547e-01
8.853438496589660645e-01
7.816413044929504395e-01
7.648572325706481934e-01
8.704473376274108887e-01
7.605621814727783203e-01
8.886123895645141602e-01
9.097520112991333008e-01
8.215178251266479492e-01
7.775545120239257812e-01
8.769937753677368164e-01
6.727828979492187500e-01
9.087432026863098145e-01
8.175590634346008301e-01
8.783953785896301270e-01
8.606741428375244141e-01
6.513895988464355469e-01
9.256191253662109375e-01
6.904810070991516113e-01
8.461427688598632812e-01
9.278817176818847656e-01
7.202911376953125000e-01
9.190381765365600586e-01
8.436101675033569336e-01
8.797342777252197266e-01
7.568701505661010742e-01
9.251862168312072754e-01
7.439863085746765137e-01
9.436399340629577637e-01
