4.479011893272399902e-01
6.903027892112731934e-01
4.591478109359741211e-01
2.208245396614074707e-01
4.430132806301116943e-01
2.895838022232055664e-01
2.772868871688842773e-01
3.715754449367523193e-01
1.982568502426147461e-01
3.252018988132476807e-01
1.187332943081855774e-01
3.420082330703735352e-01
5.463712662458419800e-02
3.462650179862976074e-01
5.847714468836784363e-02
4.184857904911041260e-01
2.447443641722202301e-02
3.656629323959350586e-01
2.440541423857212067e-02
3.678517341613769531e-01
4.848236218094825745e-03
8.822974562644958496e-02
6.262575387954711914e-01
1.976163184735924006e-05
6.741704419255256653e-05
5.543555691838264465e-02
8.927326202392578125e-01
3.354247155584744178e-07
7.264988255428761477e-08
1.396902553096879274e-05
4.012378677725791931e-02
9.329985380172729492e-01
6.019547527102986351e-07
6.608701141885831021e-08
1.322412390436511487e-05
6.315696239471435547e-02
9.467873573303222656e-01
1.104036897459081956e-07
7.996464823634141794e-09
1.423847947989997920e-06
7.247528992593288422e-03
9.137346148490905762e-01
1.682163883742759936e-07
1.468785892910773327e-08
3.130702452835976146e-07
1.069623249350115657e-04
1.159358024597167969e-01
4.764270186424255371e-01
2.846547431545332074e-06
6.901099141032318585e-07
3.556714000296778977e-05
1.284123770892620087e-02
7.498468160629272461e-01
3.762227152037667111e-08
1.844881913903861914e-09
2.165603874004773388e-08
4.303381956560770050e-06
1.597985974512994289e-03
2.810077071189880371e-01
5.392272025346755981e-03
1.878908649086952209e-02
4.703876972198486328e-01
3.717783556567155756e-06
1.058877614923403598e-06
1.740134903229773045e-04
8.407090604305267334e-02
3.789328038692474365e-01
1.660547923165722750e-06
5.451828428704175167e-07
8.344493107870221138e-05
5.652593821287155151e-02
5.634462833404541016e-01
1.980383501631877152e-08
2.267973364666886482e-09
7.519083311535723624e-08
3.214290700270794332e-05
3.934843093156814575e-02
6.993423700332641602e-01
2.094318718448562322e-09
5.715511397497152757e-10
2.318515512911289989e-08
1.091372723749373108e-05
1.301487348973751068e-02
7.118812799453735352e-01
7.398404733294228208e-08
5.421135540473187575e-09
1.112294825134085841e-07
9.876211697701364756e-05
9.213946014642715454e-02
6.221714019775390625e-01
2.095096931498119375e-07
5.472791286820211099e-08
1.710472497506998479e-05
9.331986308097839355e-02
6.248457431793212891e-01
1.110452245711712749e-07
4.099715411598481296e-08
2.462737757014110684e-05
2.915859408676624298e-02
7.315518856048583984e-01
2.674233401194214821e-04
1.042953133583068848e-02
1.135245636105537415e-01
4.526814818382263184e-01
8.736301213502883911e-03
1.143238320946693420e-01
5.396251082420349121e-01
6.112913601100444794e-03
5.154187232255935669e-02
6.428874731063842773e-01
3.465975867584347725e-03
9.667930752038955688e-02
6.426186561584472656e-01
2.950233407318592072e-02
5.701778084039688110e-02
4.597355723381042480e-01
1.648359894752502441e-01
1.203777492046356201e-01
3.685432672500610352e-01
6.382387876510620117e-02
6.045692563056945801e-01
6.256502587348222733e-03
1.554859280586242676e-01
5.090519785881042480e-01
9.032025933265686035e-02
2.952122688293457031e-01
2.756409645080566406e-01
2.036120295524597168e-01
5.268166065216064453e-01
5.022979341447353363e-03
5.994297266006469727e-01
1.168113723397254944e-01
2.031872719526290894e-01
3.665744662284851074e-01
2.548918426036834717e-01
1.689243018627166748e-01
4.489024877548217773e-01
7.688127458095550537e-02
4.041696786880493164e-01
2.770398855209350586e-01
2.136552631855010986e-01
2.246006429195404053e-01
2.712253928184509277e-01
2.500621080398559570e-01
1.810867190361022949e-01
3.592728078365325928e-01
1.222694143652915955e-01
6.492096185684204102e-01
1.460076961666345596e-02
1.534761488437652588e-01
5.716884136199951172e-01
5.670308321714401245e-02
3.033326566219329834e-01
4.253205060958862305e-01
1.259471178054809570e-01
3.152990341186523438e-01
1.767776012420654297e-01
2.659704089164733887e-01
2.160544246435165405e-01
2.880669534206390381e-01
2.681910395622253418e-01
2.169724404811859131e-01
1.786772608757019043e-01
2.554330825805664062e-01
1.902687698602676392e-01
2.743894755840301514e-01
1.668436974287033081e-01
3.411903381347656250e-01
7.678073644638061523e-02
4.156326353549957275e-01
3.369623050093650818e-02
1.466805934906005859e-01
3.486885726451873779e-01
7.463718205690383911e-02
2.206222414970397949e-01
2.880659401416778564e-01
1.254133880138397217e-01
2.535229325294494629e-01
2.394739836454391479e-01
2.256958186626434326e-01
8.007396757602691650e-02
2.426261156797409058e-01
2.428029477596282959e-01
7.948810607194900513e-02
3.185524344444274902e-01
9.916411340236663818e-02
1.393733024597167969e-01
2.131451666355133057e-01
1.323415338993072510e-01
1.585617065429687500e-01
1.420334726572036743e-01
2.666571736335754395e-01
7.332275807857513428e-02
1.449183076620101929e-01
3.698619604110717773e-01
4.329885542392730713e-02
1.489979922771453857e-01
3.042619824409484863e-01
1.550675742328166962e-02
6.807816028594970703e-02
2.428292930126190186e-01
7.189287245273590088e-02
1.666417121887207031e-01
1.129940897226333618e-01
1.197906285524368286e-01
1.736974716186523438e-01
1.208289042115211487e-01
2.015453875064849854e-01
5.611534416675567627e-02
2.282918542623519897e-01
2.664708346128463745e-02
2.506946325302124023e-01
7.907315343618392944e-02
1.621501296758651733e-01
1.005650013685226440e-01
1.080110520124435425e-01
1.356884390115737915e-01
7.087702304124832153e-02
1.613902449607849121e-01
5.598147585988044739e-02
8.677525818347930908e-02
1.593518853187561035e-01
2.685777470469474792e-02
6.653939187526702881e-02
1.216267943382263184e-01
4.717997834086418152e-02
8.505184203386306763e-02
8.391228318214416504e-02
5.898375809192657471e-02
8.187714219093322754e-02
6.423024833202362061e-02
1.962127983570098877e-01
9.244628250598907471e-03
1.262456327676773071e-01
9.590277820825576782e-02
1.438300609588623047e-01
5.766856297850608826e-02
1.690760552883148193e-01
1.066034380346536636e-02
6.941010355949401855e-01
3.950130121666006744e-06
2.064525708556175232e-02
7.510490417480468750e-01
5.088649922981858253e-04
6.735128350555896759e-03
1.653344035148620605e-01
3.478230834007263184e-01
2.602818422019481659e-02
6.719721853733062744e-02
1.726173907518386841e-01
8.573253452777862549e-02
8.039684593677520752e-02
1.550859957933425903e-01
1.970521956682205200e-01
1.438502520322799683e-01
3.555870652198791504e-01
1.656507141888141632e-02
9.882555156946182251e-02
2.738148570060729980e-01
1.468754000961780548e-02
1.796158030629158020e-02
1.264074891805648804e-01
1.299107968807220459e-01
2.826111763715744019e-02
5.205755308270454407e-02
1.078904718160629272e-01
1.554852128028869629e-01
8.196343481540679932e-02
6.362191587686538696e-02
1.960660219192504883e-01
9.325404465198516846e-02
1.292554736137390137e-01
1.456757187843322754e-01
7.718574255704879761e-02
6.826099753379821777e-02
9.341424703598022461e-02
8.461008965969085693e-02
7.800044119358062744e-02
8.705618977546691895e-02
7.456931471824645996e-02
5.077219381928443909e-02
6.300590932369232178e-02
5.677346140146255493e-02
7.221392542123794556e-02
8.309977501630783081e-02
7.615320384502410889e-02
1.159316375851631165e-01
8.655922859907150269e-02
1.802799552679061890e-01
4.336469992995262146e-02
1.840681284666061401e-01
9.991820901632308960e-02
4.604553058743476868e-02
2.084626257419586182e-01
2.557504549622535706e-02
3.054971247911453247e-02
1.847384721040725708e-01
1.084741204977035522e-02
1.783956214785575867e-02
5.548153072595596313e-02
1.089289337396621704e-01
3.311814367771148682e-02
5.515599250793457031e-02
1.346589773893356323e-01
1.804134249687194824e-02
1.435168236494064331e-01
7.850555330514907837e-02
1.528417468070983887e-01
3.409366309642791748e-02
1.542276591062545776e-01
9.123087674379348755e-02
6.131639331579208374e-02
8.162336051464080811e-02
5.224698781967163086e-02
4.515447467565536499e-02
6.798595190048217773e-02
5.301508307456970215e-02
5.229723453521728516e-02
8.993151038885116577e-02
4.992699995636940002e-02
1.091863512992858887e-01
2.082101255655288696e-01
1.032578293234109879e-03
1.826882660388946533e-01
1.935524493455886841e-02
7.268875837326049805e-02
1.532029956579208374e-01
1.944206282496452332e-02
2.059410363435745239e-01
1.018845289945602417e-02
5.157448053359985352e-01
5.059830436948686838e-05
3.952503204345703125e-02
3.795235157012939453e-01
4.959202557802200317e-02
1.288296133279800415e-01
3.919949531555175781e-01
3.322103619575500488e-02
5.234058499336242676e-01
3.777266666293144226e-02
1.127960532903671265e-01
3.735620379447937012e-01
7.745824754238128662e-02
1.180497705936431885e-01
4.170929491519927979e-01
3.604173660278320312e-02
1.743862032890319824e-01
2.088139057159423828e-01
1.147021427750587463e-01
2.891307473182678223e-01
5.489914491772651672e-02
4.420222043991088867e-01
1.249938011169433594e-01
2.972199916839599609e-01
2.590221166610717773e-01
8.501229435205459595e-02
6.948779821395874023e-01
6.821543909609317780e-03
4.051056504249572754e-01
1.766265928745269775e-01
8.350865542888641357e-02
2.642633020877838135e-01
1.228519976139068604e-01
3.650533258914947510e-01
7.787050306797027588e-02
3.490929007530212402e-01
2.425259649753570557e-01
2.888501882553100586e-01
1.146515309810638428e-01
2.124365121126174927e-01
1.822897791862487793e-01
2.523565888404846191e-01
1.748811006546020508e-01
3.646328449249267578e-01
9.935823827981948853e-02
5.186856985092163086e-01
3.657069429755210876e-02
5.822328925132751465e-01
3.582303971052169800e-02
2.878045141696929932e-01
3.834391236305236816e-01
6.082138419151306152e-02
6.362398862838745117e-01
4.630305618047714233e-02
2.333260327577590942e-01
2.526685297489166260e-01
1.662896573543548584e-01
2.066472321748733521e-01
3.031688630580902100e-01
6.648272275924682617e-02
4.136319160461425781e-01
1.174805834889411926e-01
6.596958041191101074e-01
4.859533626586198807e-03
2.456724643707275391e-01
3.562625050544738770e-01
1.328142732381820679e-01
3.330209255218505859e-01
1.542488187551498413e-01
2.842244803905487061e-01
1.475730836391448975e-01
2.448603808879852295e-01
1.362005770206451416e-01
6.957215070724487305e-02
2.911449670791625977e-01
1.269701719284057617e-01
1.897474825382232666e-01
3.133672475814819336e-01
1.101366579532623291e-01
3.727456331253051758e-01
2.816084623336791992e-01
1.035870313644409180e-01
4.256517887115478516e-01
3.905436489731073380e-03
4.128435850143432617e-01
1.156734302639961243e-01
8.891977369785308838e-02
2.112973034381866455e-01
9.536252170801162720e-02
2.617557644844055176e-01
8.664797246456146240e-02
4.218048751354217529e-01
1.910218298435211182e-01
7.259256243705749512e-01
3.765397123061120510e-04
6.941962838172912598e-01
1.300309449434280396e-01
1.495379507541656494e-01
4.213647544384002686e-01
1.312464326620101929e-01
4.502314925193786621e-01
4.865089431405067444e-02
4.503297209739685059e-01
8.093287050724029541e-02
2.647595703601837158e-01
1.401466429233551025e-01
2.040558159351348877e-01
8.330899477005004883e-02
2.223449796438217163e-01
9.102109074592590332e-02
1.658922433853149414e-01
2.377785742282867432e-01
5.574728921055793762e-02
2.423182129859924316e-01
9.537525475025177002e-02
3.479293286800384521e-01
5.759131163358688354e-02
3.770319819450378418e-01
1.191298514604568481e-01
2.006099373102188110e-01
3.864869773387908936e-01
2.400639653205871582e-02
1.996327489614486694e-01
9.967167675495147705e-02
6.375730037689208984e-02
1.047097593545913696e-01
1.106305494904518127e-01
1.103530898690223694e-01
7.765791565179824829e-02
3.634329438209533691e-01
1.704292744398117065e-02
4.440405964851379395e-01
8.118080347776412964e-02
5.537786483764648438e-01
3.866239637136459351e-02
2.310521602630615234e-01
3.223993778228759766e-01
1.252840757369995117e-01
5.443177223205566406e-01
7.538445293903350830e-02
3.331760466098785400e-01
3.397403359413146973e-01
7.914198189973831177e-02
6.986181139945983887e-01
1.678935997188091278e-02
6.208322644233703613e-01
5.822625942528247833e-03
4.393687248229980469e-01
2.667138576507568359e-01
1.916783452033996582e-01
4.642246365547180176e-01
1.723882257938385010e-01
4.915154278278350830e-01
2.076110541820526123e-01
2.256232500076293945e-01
3.559415340423583984e-01
1.107945442199707031e-01
2.036128640174865723e-01
2.413329780101776123e-01
1.034502908587455750e-01
1.736222356557846069e-01
2.263810932636260986e-01
1.114662215113639832e-01
2.494963705539703369e-01
1.223348751664161682e-01
1.952508091926574707e-01
1.589199900627136230e-01
4.954034686088562012e-01
1.272929273545742035e-02
6.344764232635498047e-01
5.503999441862106323e-02
7.664295434951782227e-01
7.022972218692302704e-03
3.232612907886505127e-01
5.514967441558837891e-01
8.766381442546844482e-02
3.744624257087707520e-01
2.828627526760101318e-01
1.712240874767303467e-01
3.119699358940124512e-01
1.861321032047271729e-01
2.122754007577896118e-01
2.678090631961822510e-01
2.549601793289184570e-01
3.241373896598815918e-01
1.150457859039306641e-01
5.764918327331542969e-01
3.493066132068634033e-02
3.335303366184234619e-01
2.047778964042663574e-01
7.439468801021575928e-02
2.364278882741928101e-01
2.500002384185791016e-01
1.011548042297363281e-01
2.818712890148162842e-01
1.299033761024475098e-01
3.277745246887207031e-01
8.327795565128326416e-02
5.514198541641235352e-01
1.804511435329914093e-02
7.567641735076904297e-01
7.945571094751358032e-03
5.566371679306030273e-01
2.156679928302764893e-01
6.646969914436340332e-02
2.635033726692199707e-01
3.926205337047576904e-01
2.095753103494644165e-01
3.752577602863311768e-01
2.088416516780853271e-01
4.473095834255218506e-01
4.410945251584053040e-02
1.755056977272033691e-01
3.084846735000610352e-01
5.317821353673934937e-02
3.273294568061828613e-01
1.871291697025299072e-01
2.398718297481536865e-01
1.271221041679382324e-01
4.415618777275085449e-01
1.448869612067937851e-02
2.404246628284454346e-01
2.689794600009918213e-01
1.683186888694763184e-01
3.584557771682739258e-01
1.460700929164886475e-01
3.285861909389495850e-01
1.567538380622863770e-01
1.179305315017700195e-01
2.043809890747070312e-01
1.632540076971054077e-01
1.595984250307083130e-01
1.780534833669662476e-01
3.067146539688110352e-01
1.817192137241363525e-01
4.529326558113098145e-01
1.037038415670394897e-01
6.142461895942687988e-01
5.536548048257827759e-02
3.663029074668884277e-01
2.001481652259826660e-01
2.154819071292877197e-01
1.703194081783294678e-01
2.612305581569671631e-01
2.064967155456542969e-01
2.642431557178497314e-01
2.052735984325408936e-01
3.182821273803710938e-01
5.170822143554687500e-02
3.110787272453308105e-01
1.391085088253021240e-01
2.653180658817291260e-01
3.349951505661010742e-01
4.193758964538574219e-02
4.554184377193450928e-01
3.892821446061134338e-02
2.942874133586883545e-01
2.501943111419677734e-01
2.005046606063842773e-01
3.020098507404327393e-01
9.875036031007766724e-02
3.350496888160705566e-01
5.685225129127502441e-02
1.542042195796966553e-01
2.988235354423522949e-01
6.919003278017044067e-02
3.168572783470153809e-01
1.777698099613189697e-01
2.925443053245544434e-01
1.172522008419036865e-01
6.046720147132873535e-01
1.034618914127349854e-02
5.977904796600341797e-01
4.270342364907264709e-02
3.675214946269989014e-01
2.850015461444854736e-01
1.546897292137145996e-01
3.961849510669708252e-01
6.159013137221336365e-02
5.167212486267089844e-01
4.212643206119537354e-02
1.724725216627120972e-01
3.879872560501098633e-01
7.084724307060241699e-02
2.284876406192779541e-01
3.192754089832305908e-01
9.352772682905197144e-02
4.586847424507141113e-01
6.453016400337219238e-02
3.747630715370178223e-01
1.396796256303787231e-01
3.062490224838256836e-01
1.993870735168457031e-01
1.708367466926574707e-01
3.527240753173828125e-01
5.769236385822296143e-02
4.737302064895629883e-01
7.237978279590606689e-02
3.185438215732574463e-01
2.360099554061889648e-01
1.584872752428054810e-01
1.075461357831954956e-01
2.388215959072113037e-01
9.084305167198181152e-02
4.483624994754791260e-01
2.507020346820354462e-02
5.408021211624145508e-01
7.604420185089111328e-02
4.322475492954254150e-01
1.080029383301734924e-01
4.243487119674682617e-01
3.735155239701271057e-02
2.094357609748840332e-01
2.858707308769226074e-01
8.952219784259796143e-02
1.720495522022247314e-01
2.250536233186721802e-01
1.755836009979248047e-01
3.896795809268951416e-01
9.417985379695892334e-02
6.013739109039306641e-01
3.503223136067390442e-02
3.450496792793273926e-01
1.954251080751419067e-01
1.176156923174858093e-01
1.885036081075668335e-01
2.599448561668395996e-01
9.036743640899658203e-02
2.417410612106323242e-01
1.673763394355773926e-01
3.881817758083343506e-01
3.598346933722496033e-02
5.219906568527221680e-01
4.613981395959854126e-02
4.323735833168029785e-01
3.846203163266181946e-02
4.841988980770111084e-01
1.547744590789079666e-02
1.759750843048095703e-01
4.217279553413391113e-01
1.077488623559474945e-02
4.480678439140319824e-01
4.841165244579315186e-02
6.306000947952270508e-01
7.700189948081970215e-03
2.513822913169860840e-01
1.849064081907272339e-01
1.997315287590026855e-01
1.508279740810394287e-01
2.380863428115844727e-01
1.421463191509246826e-01
2.458582520484924316e-01
1.205792576074600220e-01
6.078242659568786621e-01
4.091489315032958984e-02
4.730196297168731689e-01
2.697897553443908691e-01
1.669410765171051025e-01
3.375510275363922119e-01
8.334533870220184326e-02
2.297053337097167969e-01
1.856979578733444214e-01
2.377984076738357544e-01
1.758646368980407715e-01
4.072635173797607422e-01
4.383788630366325378e-02
3.971681594848632812e-01
6.492562592029571533e-02
1.503562629222869873e-01
2.748141884803771973e-01
9.583336114883422852e-02
5.194613337516784668e-01
1.102759875357151031e-02
2.219503670930862427e-01
1.562101542949676514e-01
6.818971037864685059e-02
2.184756696224212646e-01
2.447652816772460938e-01
7.070273160934448242e-02
4.261043667793273926e-01
1.056869775056838989e-01
1.727260798215866089e-01
3.187013566493988037e-01
2.316311597824096680e-01
2.726123929023742676e-01
2.572413682937622070e-01
2.075956016778945923e-01
1.610341072082519531e-01
2.519460916519165039e-01
1.267154812812805176e-01
1.954361200332641602e-01
2.842499613761901855e-01
6.812541186809539795e-02
2.376189827919006348e-01
2.453448176383972168e-01
4.747996479272842407e-02
2.777732014656066895e-01
1.449730098247528076e-01
1.341444849967956543e-01
1.093573644757270813e-01
3.515594005584716797e-01
3.383982554078102112e-02
5.524848699569702148e-01
1.044777594506740570e-02
3.128645420074462891e-01
2.208276838064193726e-01
1.195861175656318665e-01
2.057983875274658203e-01
2.208111286163330078e-01
1.426351815462112427e-01
3.010636568069458008e-01
2.030546367168426514e-01
1.527569591999053955e-01
2.390286475419998169e-01
1.880646944046020508e-01
1.954716742038726807e-01
2.388006448745727539e-01
4.269282519817352295e-02
8.110873699188232422e-01
3.558257594704627991e-03
4.519279599189758301e-01
1.688421070575714111e-01
2.522974014282226562e-01
3.767716586589813232e-01
1.490427404642105103e-01
6.007473468780517578e-01
1.416504941880702972e-02
4.727467894554138184e-01
2.775734066963195801e-01
1.017765104770660400e-01
3.152922391891479492e-01
3.009858727455139160e-01
1.729521304368972778e-01
3.211374878883361816e-01
8.614522218704223633e-02
2.553288936614990234e-01
1.814413219690322876e-01
1.544170081615447998e-01
2.056902348995208740e-01
2.618770599365234375e-01
1.271735727787017822e-01
3.264108300209045410e-01
8.358822762966156006e-02
4.636767506599426270e-01
2.870115451514720917e-02
3.285313844680786133e-01
9.439937770366668701e-02
1.706878840923309326e-01
1.755438446998596191e-01
1.811855435371398926e-01
1.182729825377464294e-01
2.263306677341461182e-01
1.728103160858154297e-01
6.918062269687652588e-02
2.502323389053344727e-01
1.305181533098220825e-01
9.948173910379409790e-02
2.603024542331695557e-01
2.456460595130920410e-01
1.601771712303161621e-01
2.290316522121429443e-01
1.309946626424789429e-01
2.000396847724914551e-01
1.357645243406295776e-01
2.847556173801422119e-01
5.465112254023551941e-02
2.155136615037918091e-01
1.070318520069122314e-01
1.774029433727264404e-01
2.033933103084564209e-01
1.006627380847930908e-01
2.763966917991638184e-01
1.700976639986038208e-01
2.344952523708343506e-01
9.138416498899459839e-02
2.103447467088699341e-01
1.866182088851928711e-01
1.790512353181838989e-01
1.546299755573272705e-01
4.520086944103240967e-01
6.208655424416065216e-03
5.368227958679199219e-01
2.337590605020523071e-02
2.158314287662506104e-01
1.630073040723800659e-01
1.232081577181816101e-01
2.139831781387329102e-01
1.153719797730445862e-01
1.123915761709213257e-01
4.765230119228363037e-01
4.066910129040479660e-03
3.181104063987731934e-01
1.011528521776199341e-01
1.217727586627006531e-01
2.515321969985961914e-01
1.761032938957214355e-01
2.611196637153625488e-01
5.998596921563148499e-02
1.486403644084930420e-01
3.177567124366760254e-01
6.833100318908691406e-02
2.094826400279998779e-01
2.066513001918792725e-01
1.335698962211608887e-01
2.239999473094940186e-01
1.018707528710365295e-01
2.734954953193664551e-01
1.107346490025520325e-01
2.968952357769012451e-01
1.293872296810150146e-01
3.213602900505065918e-01
6.458114832639694214e-02
3.578625321388244629e-01
6.682845205068588257e-02
3.921987116336822510e-01
7.585313171148300171e-02
3.588204085826873779e-01
2.781533077359199524e-02
5.661268830299377441e-01
7.524061948060989380e-03
2.388473451137542725e-01
2.706380486488342285e-01
4.191178455948829651e-02
3.389847874641418457e-01
5.126830190420150757e-02
1.812913864850997925e-01
2.101242393255233765e-01
1.276603043079376221e-01
2.393551170825958252e-01
2.379178106784820557e-01
7.497752457857131958e-02
1.334071457386016846e-01
2.045971751213073730e-01
8.072825521230697632e-02
3.198602199554443359e-01
5.718508362770080566e-02
1.727701127529144287e-01
1.649453043937683105e-01
2.997402250766754150e-01
5.249640345573425293e-02
4.098675847053527832e-01
7.307967543601989746e-02
1.649878025054931641e-01
4.390761554241180420e-01
1.348904520273208618e-02
3.580082058906555176e-01
7.916864007711410522e-02
1.763101518154144287e-01
1.907602548599243164e-01
1.385198384523391724e-01
2.913342118263244629e-01
3.757604211568832397e-02
1.957382559776306152e-01
3.012137413024902344e-01
4.912484809756278992e-02
1.676318645477294922e-01
1.874055564403533936e-01
1.834015995264053345e-01
3.400564193725585938e-01
4.991570115089416504e-02
2.942181229591369629e-01
8.957399427890777588e-02
1.880504190921783447e-01
1.783090233802795410e-01
1.605171859264373779e-01
2.618931233882904053e-01
1.401407718658447266e-01
2.947138547897338867e-01
6.113880872726440430e-02
4.085349738597869873e-01
2.143663540482521057e-02
3.274192214012145996e-01
8.454085141420364380e-02
1.729986071586608887e-01
2.955846786499023438e-01
3.888588398694992065e-02
5.851470232009887695e-01
1.236843760125339031e-03
3.032508790493011475e-01
1.339545547962188721e-01
5.534126758575439453e-01
1.936203055083751678e-02
9.342268705368041992e-01
1.800424233078956604e-02
5.481034517288208008e-02
3.534724414348602295e-01
2.436707168817520142e-01
1.600209176540374756e-01
3.512558937072753906e-01
9.779231250286102295e-02
3.507549166679382324e-01
9.338054060935974121e-02
4.859854578971862793e-01
5.550020933151245117e-02
1.921184957027435303e-01
2.886525392532348633e-01
4.023571312427520752e-01
1.565441340208053589e-01
2.450557351112365723e-01
1.900051087141036987e-01
1.377964317798614502e-01
4.073412418365478516e-01
2.505598589777946472e-02
1.300091445446014404e-01
3.265323936939239502e-01
5.859996005892753601e-02
1.280075758695602417e-01
2.328812777996063232e-01
1.202503070235252380e-01
2.481462061405181885e-01
1.466080993413925171e-01
2.152019143104553223e-01
1.341417431831359863e-01
2.496864497661590576e-01
2.503147125244140625e-01
2.027904689311981201e-01
3.220565319061279297e-01
5.271245539188385010e-02
3.507010340690612793e-01
6.450431048870086670e-02
2.732833027839660645e-01
1.194568723440170288e-01
3.747963905334472656e-01
4.405850172042846680e-02
2.996435463428497314e-01
1.631272435188293457e-01
2.764939665794372559e-01
1.700552701950073242e-01
1.994229555130004883e-01
1.032377928495407104e-01
3.451519906520843506e-01
6.123046576976776123e-02
1.964637041091918945e-01
3.408087491989135742e-01
3.406413272023200989e-02
6.069533824920654297e-01
6.435617804527282715e-02
5.688408613204956055e-01
2.781321108341217041e-02
1.814607530832290649e-01
4.668495953083038330e-01
4.686338081955909729e-02
2.403818070888519287e-01
2.475425601005554199e-01
1.110729500651359558e-01
2.606298029422760010e-01
1.752294301986694336e-01
1.532242298126220703e-01
9.564970433712005615e-02
3.716179728507995605e-01
3.338669240474700928e-02
1.867267787456512451e-01
3.722024261951446533e-01
2.001225948333740234e-02
3.330188393592834473e-01
9.543450176715850830e-02
5.279285907745361328e-01
8.842860348522663116e-03
2.910225987434387207e-01
2.976258397102355957e-01
1.142435073852539062e-01
2.017256021499633789e-01
2.458300292491912842e-01
1.569177359342575073e-01
1.011775881052017212e-01
3.790154457092285156e-01
6.781668215990066528e-02
3.011514842510223389e-01
1.398847252130508423e-01
2.368459999561309814e-01
2.032002806663513184e-01
2.337580323219299316e-01
2.038375288248062134e-01
1.824403554201126099e-01
1.863527297973632812e-01
1.894461512565612793e-01
2.169699966907501221e-01
2.617459893226623535e-01
1.216790676116943359e-01
4.038805067539215088e-01
5.199092254042625427e-02
5.672940611839294434e-01
4.510226845741271973e-02
1.788608580827713013e-01
4.191880226135253906e-01
3.968261927366256714e-02
2.668144702911376953e-01
2.514625191688537598e-01
1.148742139339447021e-01
2.291495800018310547e-01
3.034013807773590088e-01
7.867757976055145264e-02
3.792043924331665039e-01
7.973428070545196533e-02
4.867680966854095459e-01
2.771613188087940216e-02
2.620519995689392090e-01
2.496777027845382690e-01
2.017891108989715576e-01
2.839650511741638184e-01
2.096261680126190186e-01
2.407899051904678345e-01
1.528946459293365479e-01
4.069776833057403564e-01
2.034056559205055237e-02
3.942020833492279053e-01
1.346903145313262939e-01
1.123075634241104126e-01
3.231558799743652344e-01
1.200149506330490112e-01
2.604534626007080078e-01
1.928185671567916870e-01
2.118645906448364258e-01
1.513304710388183594e-01
2.424841821193695068e-01
1.509491801261901855e-01
9.841534495353698730e-02
3.252895474433898926e-01
8.866719901561737061e-02
2.258884012699127197e-01
1.878125816583633423e-01
1.901343166828155518e-01
2.213681340217590332e-01
1.776963025331497192e-01
1.311559081077575684e-01
2.192097902297973633e-01
2.709203362464904785e-01
7.452961802482604980e-02
3.698930442333221436e-01
5.308075994253158569e-02
3.854116797447204590e-01
4.886560142040252686e-02
3.077487349510192871e-01
1.542904973030090332e-01
3.633295893669128418e-01
7.994557172060012817e-02
4.776119589805603027e-01
2.412526495754718781e-02
5.182284116744995117e-01
5.337916314601898193e-02
2.420390099287033081e-01
1.919425725936889648e-01
2.409296035766601562e-01
9.209585189819335938e-02
4.246453642845153809e-01
6.642404198646545410e-02
3.624871373176574707e-01
1.314366012811660767e-01
1.789245456457138062e-01
3.653575479984283447e-01
5.485263466835021973e-02
3.236151337623596191e-01
1.759238243103027344e-01
1.603864878416061401e-01
2.470979988574981689e-01
1.415372192859649658e-01
1.486086398363113403e-01
3.397968411445617676e-01
1.536238193511962891e-02
3.118656277656555176e-01
1.442364454269409180e-01
9.379708766937255859e-02
3.117668032646179199e-01
2.477874308824539185e-01
4.972657859325408936e-01
1.119329258799552917e-01
2.500555217266082764e-01
1.329137831926345825e-01
1.860773861408233643e-01
1.646387577056884766e-01
3.208011090755462646e-01
6.040162220597267151e-02
3.666339814662933350e-01
5.205465108156204224e-02
1.596260964870452881e-01
4.169857800006866455e-01
2.578438073396682739e-02
1.191902682185173035e-01
5.111571550369262695e-01
9.468639269471168518e-03
5.377244949340820312e-01
4.808860272169113159e-02
3.424126803874969482e-01
1.830342411994934082e-01
1.944311559200286865e-01
1.898586750030517578e-01
4.017902612686157227e-01
7.135596871376037598e-02
3.255617916584014893e-01
9.832928329706192017e-02
3.125264048576354980e-01
1.786322444677352905e-01
2.578428387641906738e-01
1.902111321687698364e-01
1.978244781494140625e-01
3.227323889732360840e-01
7.556305825710296631e-02
3.755915164947509766e-01
7.263419032096862793e-02
2.790873646736145020e-01
2.252869009971618652e-01
1.129606366157531738e-01
2.534176707267761230e-01
1.109896376729011536e-01
1.414099633693695068e-01
3.307542502880096436e-01
2.034570276737213135e-02
3.105350732803344727e-01
7.185271382331848145e-02
1.403246968984603882e-01
2.774515748023986816e-01
1.245824545621871948e-01
1.035652086138725281e-01
6.485049724578857422e-01
1.124719716608524323e-02
5.684566497802734375e-01
5.927387997508049011e-02
4.684056043624877930e-01
4.978214949369430542e-02
2.123477905988693237e-01
3.051584362983703613e-01
1.785720288753509521e-01
1.341250389814376831e-01
3.598327934741973877e-01
4.918315261602401733e-02
3.740317821502685547e-01
3.362249433994293213e-01
7.679267972707748413e-02
3.832713365554809570e-01
8.059900999069213867e-02
2.394426763057708740e-01
1.435508430004119873e-01
2.026995420455932617e-01
1.765882372856140137e-01
2.044124007225036621e-01
2.348746061325073242e-01
3.603254556655883789e-01
1.065318286418914795e-01
1.922554075717926025e-01
3.384360671043395996e-01
9.993979334831237793e-02
3.112332820892333984e-01
1.248951107263565063e-01
3.256689906120300293e-01
1.052714735269546509e-01
3.586149215698242188e-01
4.434984922409057617e-02
2.641829848289489746e-01
1.760614812374114990e-01
2.608166337013244629e-01
1.476493477821350098e-01
4.060263037681579590e-01
3.201828896999359131e-02
2.826474308967590332e-01
8.723925054073333740e-02
3.264244198799133301e-01
9.424363076686859131e-02
3.698280453681945801e-01
5.181051418185234070e-02
4.598757624626159668e-01
5.627801269292831421e-02
1.317775249481201172e-01
2.416293621063232422e-01
2.718461751937866211e-01
1.302940994501113892e-01
1.978337764739990234e-01
2.880352139472961426e-01
4.438371211290359497e-02
4.230433702468872070e-01
4.191944003105163574e-02
8.678451925516128540e-02
3.687779605388641357e-01
4.058371484279632568e-02
2.661740183830261230e-01
1.298659741878509521e-01
2.855095565319061279e-01
1.040210053324699402e-01
2.505968213081359863e-01
1.297400295734405518e-01
2.772784829139709473e-01
5.988537892699241638e-02
4.036477804183959961e-01
2.156264334917068481e-02
4.255169034004211426e-01
5.156308785080909729e-02
5.097790360450744629e-01
1.627852767705917358e-02
3.459058701992034912e-01
4.073883220553398132e-02
3.604610562324523926e-01
5.790377408266067505e-02
5.390767455101013184e-01
4.541648924350738525e-02
5.930732488632202148e-01
1.118697673082351685e-01
2.231508344411849976e-01
3.560486435890197754e-01
6.820537149906158447e-02
4.115610718727111816e-01
1.225615814328193665e-01
1.113445162773132324e-01
1.595898270606994629e-01
2.281295061111450195e-01
1.768406629562377930e-01
1.392519474029541016e-01
4.203314185142517090e-01
5.303141474723815918e-02
3.895237445831298828e-01
6.575074791908264160e-02
2.740073800086975098e-01
1.945127844810485840e-01
1.887009441852569580e-01
2.976397573947906494e-01
1.818807721138000488e-01
2.167929112911224365e-01
2.740119993686676025e-01
8.642232418060302734e-02
3.386655747890472412e-01
7.180778682231903076e-02
1.475066691637039185e-01
3.791728019714355469e-01
9.227488934993743896e-02
2.001956701278686523e-01
3.955170512199401855e-01
3.030913509428501129e-02
3.295001983642578125e-01
1.112377867102622986e-01
3.361643850803375244e-01
5.561234802007675171e-02
4.941178262233734131e-01
3.236807882785797119e-02
3.229122459888458252e-01
1.896396279335021973e-01
1.709651052951812744e-01
3.075188994407653809e-01
6.864818930625915527e-02
3.722780942916870117e-01
2.993630990386009216e-02
1.619429886341094971e-01
2.080340385437011719e-01
6.460049748420715332e-02
2.719139754772186279e-01
9.656453132629394531e-02
1.949239373207092285e-01
4.205605387687683105e-01
1.466562002897262573e-01
2.583199143409729004e-01
1.729045659303665161e-01
2.170469313859939575e-01
2.718999385833740234e-01
1.078463047742843628e-01
4.780747890472412109e-01
2.349269017577171326e-02
2.897169589996337891e-01
1.304532587528228760e-01
2.079774588346481323e-01
1.084447801113128662e-01
2.608583867549896240e-01
1.665586829185485840e-01
2.323922663927078247e-01
9.467589855194091797e-02
4.190961718559265137e-01
2.562322840094566345e-02
2.903110384941101074e-01
5.602937936782836914e-02
3.756178021430969238e-01
6.506283581256866455e-02
2.555149197578430176e-01
1.381628513336181641e-01
9.649899601936340332e-02
5.229256153106689453e-01
2.835436165332794189e-02
5.142357945442199707e-01
1.009568013250827789e-02
2.080897986888885498e-01
1.237968504428863525e-01
1.564857959747314453e-01
3.220173120498657227e-01
6.713996827602386475e-02
3.517016768455505371e-01
3.650470823049545288e-02
2.021997869014739990e-01
2.136286199092864990e-01
4.594137519598007202e-02
2.620379328727722168e-01
2.330867648124694824e-01
5.955656617879867554e-02
7.010747194290161133e-01
6.929964292794466019e-04
8.251308649778366089e-02
6.055105924606323242e-01
6.562921218574047089e-03
5.662020444869995117e-01
3.176453709602355957e-02
2.586007118225097656e-01
4.517898261547088623e-01
6.512351334095001221e-02
4.677156805992126465e-01
1.213935390114784241e-01
2.661679089069366455e-01
1.508180797100067139e-01
2.853960394859313965e-01
1.740140467882156372e-01
2.842160463333129883e-01
7.708732038736343384e-02
2.263543456792831421e-01
1.256637275218963623e-01
1.397754549980163574e-01
2.670313417911529541e-01
4.549273848533630371e-02
1.127118915319442749e-01
3.149061799049377441e-01
9.399569034576416016e-02
1.579665392637252808e-01
3.022522628307342529e-01
1.809320151805877686e-01
2.545297741889953613e-01
1.256719678640365601e-01
3.532319664955139160e-01
4.862862825393676758e-02
3.546934723854064941e-01
5.883172154426574707e-02
1.435911804437637329e-01
1.579317599534988403e-01
2.275090515613555908e-01
1.534049510955810547e-01
1.043159812688827515e-01
4.130424857139587402e-01
7.702675461769104004e-02
2.935708165168762207e-01
8.203681558370590210e-02
3.642427921295166016e-01
9.954229742288589478e-02
1.493208408355712891e-01
1.510437428951263428e-01
2.588818371295928955e-01
6.991794705390930176e-02
3.871103525161743164e-01
2.164255641400814056e-02
3.605355322360992432e-01
7.957020401954650879e-02
2.443076223134994507e-01
1.928226798772811890e-01
2.744947373867034912e-01
1.155690774321556091e-01
3.869608044624328613e-01
1.563538983464241028e-02
3.001895844936370850e-01
8.813482522964477539e-02
2.787474393844604492e-01
1.856082379817962646e-01
1.444716751575469971e-01
4.597883224487304688e-01
2.211202681064605713e-02
1.983774453401565552e-01
2.805044651031494141e-01
5.646728351712226868e-02
3.996609449386596680e-01
2.773041091859340668e-02
3.169564604759216309e-01
7.297356426715850830e-02
3.576800823211669922e-01
6.356801837682723999e-02
1.606797575950622559e-01
4.067634046077728271e-01
1.651013642549514771e-02
3.127305507659912109e-01
1.278070509433746338e-01
1.977464556694030762e-01
2.242042422294616699e-01
9.351155161857604980e-02
3.043162226676940918e-01
8.199492096900939941e-02
2.207939773797988892e-01
2.320244014263153076e-01
5.284800752997398376e-02
3.960177302360534668e-01
6.829252094030380249e-02
2.403496354818344116e-01
1.325613707304000854e-01
1.227609813213348389e-01
2.288074195384979248e-01
2.482254058122634888e-01
7.291030883789062500e-02
5.141252279281616211e-01
2.977667748928070068e-02
8.245737552642822266e-01
2.287486335262656212e-03
1.506038606166839600e-01
4.762832820415496826e-01
1.601360552012920380e-02
7.052137851715087891e-01
2.478742273524403572e-03
1.319285035133361816e-01
4.630302488803863525e-01
4.682831466197967529e-02
2.055435478687286377e-01
4.099396467208862305e-01
3.401889652013778687e-02
1.386613100767135620e-01
4.005299210548400879e-01
1.165636628866195679e-01
1.573943793773651123e-01
4.695212244987487793e-01
3.801131248474121094e-02
3.118561506271362305e-01
2.151088565587997437e-01
7.537967711687088013e-02
1.774280667304992676e-01
1.685442030429840088e-01
2.144848406314849854e-01
2.156052589416503906e-01
1.441173404455184937e-01
1.777429431676864624e-01
1.716894209384918213e-01
2.322384715080261230e-01
1.583574414253234863e-01
2.034282535314559937e-01
3.346642851829528809e-01
1.598165929317474365e-01
1.391787528991699219e-01
2.742654681205749512e-01
1.595822274684906006e-01
1.376674026250839233e-01
4.179003834724426270e-01
2.464039623737335205e-02
1.849284172058105469e-01
3.931286334991455078e-01
2.252610027790069580e-02
3.405803740024566650e-01
4.924193024635314941e-02
1.824547350406646729e-01
3.120646476745605469e-01
4.035325720906257629e-02
2.894079387187957764e-01
1.702480614185333252e-01
4.643335938453674316e-02
4.562571644783020020e-01
1.155147925019264221e-01
1.391223669052124023e-01
3.184902667999267578e-01
5.976364761590957642e-02
4.475147426128387451e-01
2.717872709035873413e-02
4.186142683029174805e-01
9.744113683700561523e-02
1.745851635932922363e-01
4.296680688858032227e-01
2.826074883341789246e-02
3.519317507743835449e-01
1.815357208251953125e-01
1.303869783878326416e-01
1.822928935289382935e-01
1.876750141382217407e-01
5.595993995666503906e-01
3.224388230592012405e-03
4.922244846820831299e-01
4.980538040399551392e-02
8.248958587646484375e-01
8.131523616611957550e-03
2.796168327331542969e-01
3.578073978424072266e-01
1.322173178195953369e-01
3.624221384525299072e-01
1.234385520219802856e-01
1.611688137054443359e-01
5.272272825241088867e-01
1.498495414853096008e-02
7.976360619068145752e-02
5.508857369422912598e-01
2.449240535497665405e-02
8.647128939628601074e-02
3.940289616584777832e-01
1.043477952480316162e-01
2.264723181724548340e-01
1.504805684089660645e-01
4.390140771865844727e-01
4.445489495992660522e-02
3.967433273792266846e-01
8.361172676086425781e-02
1.255447715520858765e-01
2.502194941043853760e-01
1.390419155359268188e-01
1.381172239780426025e-01
1.574759781360626221e-01
3.558806777000427246e-01
9.850032627582550049e-02
3.873043954372406006e-01
4.957109317183494568e-02
1.801744997501373291e-01
2.803016304969787598e-01
1.534968167543411255e-01
1.609224826097488403e-01
3.229562640190124512e-01
1.817534565925598145e-01
1.832662820816040039e-01
1.667606234550476074e-01
3.229860663414001465e-01
5.782323330640792847e-02
2.458828687667846680e-01
1.839010715484619141e-01
1.408424973487854004e-01
1.417402923107147217e-01
2.327080965042114258e-01
1.954650878906250000e-01
1.939770281314849854e-01
1.162485331296920776e-01
1.329946666955947876e-01
3.237591981887817383e-01
4.932474344968795776e-02
2.737407684326171875e-01
2.638842463493347168e-01
2.174274325370788574e-01
2.808932662010192871e-01
3.108785152435302734e-01
1.746485680341720581e-01
4.012519121170043945e-01
9.464433789253234863e-02
5.203133225440979004e-01
1.324934884905815125e-02
2.702012360095977783e-01
2.918260693550109863e-01
8.746720850467681885e-02
2.484640181064605713e-01
1.448160111904144287e-01
2.412665486335754395e-01
1.432390809059143066e-01
2.164806127548217773e-01
2.535401284694671631e-01
7.399904727935791016e-02
3.363673686981201172e-01
9.489087760448455811e-02
4.051822125911712646e-01
3.899822756648063660e-02
7.603602409362792969e-01
2.424684353172779083e-03
2.019247710704803467e-01
3.413213491439819336e-01
9.895943105220794678e-02
1.815583407878875732e-01
3.434979617595672607e-01
5.292412638664245605e-02
4.597819447517395020e-01
7.000026106834411621e-02
1.585140079259872437e-01
3.470558822154998779e-01
4.718929529190063477e-02
5.449169278144836426e-01
2.732063084840774536e-02
2.630196213722229004e-01
1.991229057312011719e-01
1.873282492160797119e-01
4.064395725727081299e-01
9.316463768482208252e-02
5.934008359909057617e-01
1.124250143766403198e-02
3.170982003211975098e-01
1.947061568498611450e-01
1.929817497730255127e-01
1.995649039745330811e-01
3.507556915283203125e-01
7.004564255475997925e-02
1.893252730369567871e-01
4.614378511905670166e-01
2.963194623589515686e-02
5.603055953979492188e-01
3.375536948442459106e-02
2.949438095092773438e-01
9.254182875156402588e-02
2.414096742868423462e-01
1.390605270862579346e-01
3.282082378864288330e-01
1.044002771377563477e-01
2.113489806652069092e-01
3.921442627906799316e-01
5.839845538139343262e-02
4.670986533164978027e-01
8.688584715127944946e-02
3.185078799724578857e-01
9.012679755687713623e-02
2.677703499794006348e-01
1.314382553100585938e-01
3.414929509162902832e-01
9.764467179775238037e-02
2.868214845657348633e-01
1.867858618497848511e-01
4.044761061668395996e-01
7.304038107395172119e-02
5.085390210151672363e-01
3.166385740041732788e-02
5.794470906257629395e-01
6.279602181166410446e-03
1.269567459821701050e-01
5.139924287796020508e-01
4.069082438945770264e-02
2.263503074645996094e-01
2.896202504634857178e-01
9.128738939762115479e-02
5.429035425186157227e-01
4.578762501478195190e-02
1.608020067214965820e-01
3.036598265171051025e-01
1.123086139559745789e-01
1.681802123785018921e-01
2.513457536697387695e-01
1.188382655382156372e-01
2.457711696624755859e-01
2.060759961605072021e-01
2.359944134950637817e-01
3.100166916847229004e-01
9.449999779462814331e-02
2.464524209499359131e-01
2.764460146427154541e-01
1.604292988777160645e-01
1.571785360574722290e-01
2.728986740112304688e-01
1.188480779528617859e-01
3.508293032646179199e-01
4.291868209838867188e-02
3.100438117980957031e-01
1.307366490364074707e-01
2.272592335939407349e-01
1.381186991930007935e-01
2.550190091133117676e-01
1.354864090681076050e-01
2.275611162185668945e-01
2.132871448993682861e-01
6.984959542751312256e-02
3.236258625984191895e-01
7.413652539253234863e-02
2.253162860870361328e-01
1.527759134769439697e-01
1.243901252746582031e-01
3.292512595653533936e-01
9.868844598531723022e-02
2.936478853225708008e-01
1.794002652168273926e-01
2.937147021293640137e-01
5.590648576617240906e-02
4.311269521713256836e-01
4.507663846015930176e-02
2.942439317703247070e-01
1.201610267162322998e-01
2.178761810064315796e-01
2.255461812019348145e-01
1.835069954395294189e-01
2.954414486885070801e-01
1.266722977161407471e-01
5.564048886299133301e-01
3.495527803897857666e-02
6.222483515739440918e-01
2.862995304167270660e-02
3.043552637100219727e-01
9.283955395221710205e-02
2.777287662029266357e-01
8.369374275207519531e-02
5.622524023056030273e-01
2.473554015159606934e-02
5.886071920394897461e-01
3.085708059370517731e-02
1.052837446331977844e-01
3.612171709537506104e-01
5.822342261672019958e-02
1.885030716657638550e-01
3.284187316894531250e-01
8.390228450298309326e-02
4.764055013656616211e-01
3.513533622026443481e-02
4.302620589733123779e-01
6.686364114284515381e-02
2.256867587566375732e-01
3.383622765541076660e-01
8.887061476707458496e-02
3.566898107528686523e-01
8.260344713926315308e-02
3.012064695358276367e-01
2.660388648509979248e-01
9.198608249425888062e-02
4.274664521217346191e-01
3.273951262235641479e-02
2.380741834640502930e-01
3.044431209564208984e-01
7.450146973133087158e-02
3.297250270843505859e-01
1.380919665098190308e-01
2.763056159019470215e-01
1.684429049491882324e-01
2.071636021137237549e-01
2.982473969459533691e-01
1.018113791942596436e-01
4.796532392501831055e-01
4.247265309095382690e-02
6.593673229217529297e-01
1.819361373782157898e-02
3.125562071800231934e-01
2.278174459934234619e-01
1.240094155073165894e-01
3.838951289653778076e-01
5.050770938396453857e-02
5.286842584609985352e-01
2.437555044889450073e-02
1.265326142311096191e-01
4.195807278156280518e-01
4.204326868057250977e-02
3.477942347526550293e-01
1.454219967126846313e-01
2.834046185016632080e-01
2.873048782348632812e-01
7.569685578346252441e-02
4.212054610252380371e-01
4.951271414756774902e-02
3.708996772766113281e-01
7.943765819072723389e-02
1.679275631904602051e-01
4.662103056907653809e-01
3.693492710590362549e-02
2.569893300533294678e-01
2.901660203933715820e-01
1.001706719398498535e-01
3.772402107715606689e-01
1.023529842495918274e-01
1.723011434078216553e-01
1.950521916151046753e-01
1.110884174704551697e-01
2.454061210155487061e-01
2.423541396856307983e-01
1.373089700937271118e-01
2.448699176311492920e-01
1.153162270784378052e-01
1.691673398017883301e-01
1.959684789180755615e-01
1.557731032371520996e-01
3.373270630836486816e-01
6.965654343366622925e-02
3.016087412834167480e-01
1.685711592435836792e-01
1.777097582817077637e-01
1.623548269271850586e-01
2.620416879653930664e-01
1.012851297855377197e-01
3.609380125999450684e-01
4.592157155275344849e-02
3.041741251945495605e-01
7.540938258171081543e-02
4.985309243202209473e-01
2.821954153478145599e-02
4.563872814178466797e-01
4.146219044923782349e-02
3.219371438026428223e-01
6.975874304771423340e-02
1.892816424369812012e-01
1.771681308746337891e-01
1.558134853839874268e-01
1.923088580369949341e-01
3.368829190731048584e-01
3.480179607868194580e-02
3.461757898330688477e-01
5.682840198278427124e-02
2.037393748760223389e-01
1.790988743305206299e-01
2.954116463661193848e-01
1.063789874315261841e-01
4.039649665355682373e-01
6.217276304960250854e-02
2.016372084617614746e-01
3.662119507789611816e-01
7.230605185031890869e-02
4.713038802146911621e-01
3.216035664081573486e-02
1.161785274744033813e-01
4.092997312545776367e-01
4.304926842451095581e-02
3.957830369472503662e-01
1.998795941472053528e-02
3.862653970718383789e-01
5.533355474472045898e-02
1.801341474056243896e-01
1.190321743488311768e-01
1.381759941577911377e-01
2.136545181274414062e-01
1.603744328022003174e-01
2.541387379169464111e-01
1.374022215604782104e-01
1.506071984767913818e-01
2.689812183380126953e-01
5.950035899877548218e-02
2.485942244529724121e-01
1.447829157114028931e-01
1.561272293329238892e-01
1.630277633666992188e-01
2.044850289821624756e-01
1.599611490964889526e-01
1.315194666385650635e-01
2.512816786766052246e-01
7.832265645265579224e-02
4.313501715660095215e-01
2.558242902159690857e-02
1.211618185043334961e-01
2.604761123657226562e-01
1.073424443602561951e-01
1.822934001684188843e-01
2.864868044853210449e-01
6.327520310878753662e-02
5.192623138427734375e-01
1.840948127210140228e-02
4.433079659938812256e-01
2.362347953021526337e-02
2.036671638488769531e-01
2.399061918258666992e-01
6.954869627952575684e-02
4.166537225246429443e-01
4.042556136846542358e-02
7.289848923683166504e-01
1.586613012477755547e-03
3.275685310363769531e-01
1.580650508403778076e-01
1.476481109857559204e-01
3.143560290336608887e-01
7.487483322620391846e-02
2.526848316192626953e-01
2.158647775650024414e-01
2.858050167560577393e-01
1.028329730033874512e-01
3.298815190792083740e-01
1.271773725748062134e-01
3.015348911285400391e-01
1.025791466236114502e-01
3.545030057430267334e-01
4.148482158780097961e-02
3.784599304199218750e-01
1.048531085252761841e-01
1.682453006505966187e-01
2.169914543628692627e-01
1.219583526253700256e-01
4.150298237800598145e-01
2.902940660715103149e-02
2.701141536235809326e-01
1.780561357736587524e-01
2.038709819316864014e-01
1.757530868053436279e-01
2.674543261528015137e-01
1.649457812309265137e-01
9.421878308057785034e-02
3.289531469345092773e-01
2.902794443070888519e-02
3.089981377124786377e-01
1.278137266635894775e-01
1.105672940611839294e-01
4.707287549972534180e-01
1.119719725102186203e-02
2.796613574028015137e-01
2.028780579566955566e-01
1.021223142743110657e-01
2.763818800449371338e-01
1.242934167385101318e-01
3.007894158363342285e-01
1.393209248781204224e-01
3.380934596061706543e-01
7.683897763490676880e-02
3.577747941017150879e-01
1.062693372368812561e-01
1.926827430725097656e-01
2.503299117088317871e-01
9.611524641513824463e-02
4.081201553344726562e-01
4.876132309436798096e-02
4.070016145706176758e-01
3.397455811500549316e-02
3.645434081554412842e-01
8.020229637622833252e-02
4.169995784759521484e-01
6.432775408029556274e-02
1.606243699789047241e-01
3.881909847259521484e-01
2.009392529726028442e-02
2.572993338108062744e-01
2.020859569311141968e-01
7.307896018028259277e-02
2.178426980972290039e-01
1.956123560667037964e-01
8.558726310729980469e-02
2.315721213817596436e-01
9.775847196578979492e-02
2.197303771972656250e-01
6.545037776231765747e-02
3.502390980720520020e-01
3.450125455856323242e-02
9.533022344112396240e-02
2.533205449581146240e-01
1.095952391624450684e-01
1.234813034534454346e-01
2.547619938850402832e-01
9.323133528232574463e-02
1.307945698499679565e-01
3.448671102523803711e-01
3.883481025695800781e-02
1.889201104640960693e-01
3.642731904983520508e-01
5.100279301404953003e-02
3.199432492256164551e-01
1.681075394153594971e-01
1.805963516235351562e-01
2.284523397684097290e-01
1.530647724866867065e-01
1.626840829849243164e-01
2.443538904190063477e-01
1.449874937534332275e-01
2.508746981620788574e-01
1.010843366384506226e-01
3.002512753009796143e-01
1.200350672006607056e-01
1.828339993953704834e-01
2.350071668624877930e-01
1.242570430040359497e-01
4.261664450168609619e-01
1.866560429334640503e-02
3.833999633789062500e-01
5.898328870534896851e-02
4.121947288513183594e-01
3.599598258733749390e-02
3.629150390625000000e-01
4.730319976806640625e-02
4.193456172943115234e-01
6.518121063709259033e-02
4.978879094123840332e-01
1.552373170852661133e-02
1.291599124670028687e-01
2.768109440803527832e-01
4.863905161619186401e-02
3.350728750228881836e-01
5.930723249912261963e-02
2.483391165733337402e-01
1.226578876376152039e-01
3.075868487358093262e-01
7.062533497810363770e-02
6.681362390518188477e-01
1.816703565418720245e-02
5.654201507568359375e-01
2.692232467234134674e-02
3.716676831245422363e-01
8.478023111820220947e-02
1.550116837024688721e-01
2.310223579406738281e-01
1.567844301462173462e-01
2.167171090841293335e-01
3.028571605682373047e-01
1.933422684669494629e-01
1.143256723880767822e-01
3.297261595726013184e-01
1.086356043815612793e-01
3.374688625335693359e-01
9.849599003791809082e-02
1.788824945688247681e-01
2.329763472080230713e-01
1.548805087804794312e-01
1.659424901008605957e-01
2.724935412406921387e-01
1.011930406093597412e-01
2.117083966732025146e-01
2.539343535900115967e-01
9.930806607007980347e-02
3.399899601936340332e-01
4.475300014019012451e-02
3.287776112556457520e-01
9.525110572576522827e-02
1.441506296396255493e-01
3.081582784652709961e-01
8.160841464996337891e-02
4.310839474201202393e-01
3.744317218661308289e-02
6.600018739700317383e-01
6.553219631314277649e-03
5.673809051513671875e-01
1.920942217111587524e-02
3.102681338787078857e-01
2.109480351209640503e-01
1.558978855609893799e-01
1.506145745515823364e-01
3.099517226219177246e-01
5.088418722152709961e-02
3.170475363731384277e-01
7.868809998035430908e-02
2.570585608482360840e-01
8.142252266407012939e-02
2.383816838264465332e-01
1.218017786741256714e-01
2.825736999511718750e-01
7.345271110534667969e-02
2.553844451904296875e-01
1.892642676830291748e-01
9.745377302169799805e-02
3.014996647834777832e-01
9.954638779163360596e-02
1.540983766317367554e-01
4.036782979965209961e-01
1.954186521470546722e-02
3.304930925369262695e-01
5.241776257753372192e-02
1.471926271915435791e-01
1.495884656906127930e-01
2.043745517730712891e-01
2.019376009702682495e-01
2.234668135643005371e-01
1.757379323244094849e-01
2.320954501628875732e-01
2.564230859279632568e-01
1.597234904766082764e-01
1.667180657386779785e-01
2.314099669456481934e-01
1.662075817584991455e-01
3.652197122573852539e-02
5.389710664749145508e-01
1.911444216966629028e-02
1.171408295631408691e-01
4.536108374595642090e-01
2.509776130318641663e-02
3.889105021953582764e-01
3.587356954813003540e-02
3.718538284301757812e-01
5.405927449464797974e-02
2.548826336860656738e-01
1.211328208446502686e-01
2.186278700828552246e-01
1.427529752254486084e-01
2.297118008136749268e-01
1.088608428835868835e-01
2.684651911258697510e-01
1.352384090423583984e-01
3.160443305969238281e-01
9.995453804731369019e-02
3.399004936218261719e-01
5.797424167394638062e-02
2.733618319034576416e-01
8.241762965917587280e-02
1.882426440715789795e-01
2.036177664995193481e-01
1.547604203224182129e-01
1.787891685962677002e-01
2.309079170227050781e-01
1.110578775405883789e-01
3.122795224189758301e-01
5.676528066396713257e-02
4.248381257057189941e-01
2.695076167583465576e-02
6.079970002174377441e-01
8.017634972929954529e-03
6.469688415527343750e-01
8.191965520381927490e-03
2.392682433128356934e-01
2.607669234275817871e-01
5.623785406351089478e-02
6.252648830413818359e-01
1.723711378872394562e-02
4.322333931922912598e-01
1.107625663280487061e-01
1.570778489112854004e-01
2.236430644989013672e-01
1.386911869049072266e-01
3.338765501976013184e-01
1.378612816333770752e-01
1.291351914405822754e-01
3.535299301147460938e-01
9.185512363910675049e-02
1.791066676378250122e-01
2.405148595571517944e-01
1.333620548248291016e-01
1.990686357021331787e-01
1.843499541282653809e-01
1.822675466537475586e-01
3.565098345279693604e-01
6.715165823698043823e-02
2.767943143844604492e-01
1.522709727287292480e-01
1.265354007482528687e-01
1.666786521673202515e-01
1.694486737251281738e-01
3.011069893836975098e-01
7.949136197566986084e-02
3.111931383609771729e-01
7.832023501396179199e-02
1.467702388763427734e-01
2.796489000320434570e-01
4.973355680704116821e-02
4.275590181350708008e-01
3.619281575083732605e-02
4.723821878433227539e-01
2.974823117256164551e-02
3.525235652923583984e-01
8.389054983854293823e-02
1.092094630002975464e-01
3.635209500789642334e-01
4.469874501228332520e-02
4.370090961456298828e-01
6.737005710601806641e-02
1.352391242980957031e-01
3.623499274253845215e-01
2.981985546648502350e-02
1.014648228883743286e-01
4.759078621864318848e-01
2.673365361988544464e-02
1.787747740745544434e-01
2.592576742172241211e-01
9.088807553052902222e-02
1.696264147758483887e-01
2.164217829704284668e-01
5.876802280545234680e-02
3.132333159446716309e-01
1.080535054206848145e-01
2.104681432247161865e-01
1.432385146617889404e-01
2.228554487228393555e-01
1.166554391384124756e-01
2.699438333511352539e-01
7.389118522405624390e-02
3.263309597969055176e-01
6.473129987716674805e-02
2.634888887405395508e-01
1.453931033611297607e-01
1.487886011600494385e-01
1.229921579360961914e-01
1.775584667921066284e-01
1.718123108148574829e-01
9.282539784908294678e-02
2.875437736511230469e-01
7.117594033479690552e-02
2.800028920173645020e-01
1.065261512994766235e-01
2.049637138843536377e-01
1.923719346523284912e-01
1.779050230979919434e-01
1.970773637294769287e-01
1.961854994297027588e-01
3.197719454765319824e-01
1.903862878680229187e-02
5.338808298110961914e-01
2.015541866421699524e-02
3.203096091747283936e-01
5.975454673171043396e-02
1.506779342889785767e-01
1.621820628643035889e-01
1.391325891017913818e-01
2.386073768138885498e-01
1.019467562437057495e-01
2.818320393562316895e-01
9.202697873115539551e-02
1.878122687339782715e-01
2.962906956672668457e-01
8.824297040700912476e-02
4.005149602890014648e-01
3.081742301583290100e-02
5.920810699462890625e-01
1.068026944994926453e-02
5.385808944702148438e-01
4.677958041429519653e-02
4.249454736709594727e-01
1.262903809547424316e-01
3.116464912891387939e-01
1.814006865024566650e-01
2.202240824699401855e-01
2.199242115020751953e-01
1.527052521705627441e-01
3.290783464908599854e-01
8.370491862297058105e-02
4.903229176998138428e-01
2.959377132356166840e-02
3.224920630455017090e-01
5.542970076203346252e-02
1.477162837982177734e-01
3.633105158805847168e-01
4.246288537979125977e-02
1.401094198226928711e-01
2.986822128295898438e-01
4.432155191898345947e-02
1.419444233179092407e-01
3.340821862220764160e-01
5.216990038752555847e-02
1.385731995105743408e-01
3.532168269157409668e-01
3.186979889869689941e-02
1.401894688606262207e-01
3.346015214920043945e-01
2.185267396271228790e-02
1.674130558967590332e-01
2.764368355274200439e-01
7.684483379125595093e-02
2.187263965606689453e-01
1.650252193212509155e-01
1.208852306008338928e-01
4.924053549766540527e-01
1.089452859014272690e-02
5.481866002082824707e-01
1.466956268996000290e-02
3.730494379997253418e-01
7.548564672470092773e-02
2.812720537185668945e-01
1.940819621086120605e-01
1.886450350284576416e-01
2.425053417682647705e-01
3.432068228721618652e-02
4.708516895771026611e-01
2.856123633682727814e-02
2.801952958106994629e-01
1.203604340553283691e-01
2.355727255344390869e-01
1.377504914999008179e-01
2.299331277608871460e-01
1.632610112428665161e-01
1.826800107955932617e-01
3.186340332031250000e-01
7.966932654380798340e-02
4.645507335662841797e-01
2.279705926775932312e-02
2.064865827560424805e-01
2.700005173683166504e-01
5.350989848375320435e-02
1.378902494907379150e-01
2.331653386354446411e-01
9.054128825664520264e-02
3.147772848606109619e-01
5.911554396152496338e-02
3.685123026371002197e-01
1.177338510751724243e-01
1.792842745780944824e-01
2.688899040222167969e-01
1.266309320926666260e-01
2.127044498920440674e-01
1.373715996742248535e-01
2.146192044019699097e-01
1.029141396284103394e-01
1.909572929143905640e-01
3.332338929176330566e-01
3.125989437103271484e-02
4.663349390029907227e-01
2.718992345035076141e-02
3.172565698623657227e-01
7.170850038528442383e-02
1.693622320890426636e-01
1.318673193454742432e-01
2.792053222656250000e-01
1.370888948440551758e-01
2.985347807407379150e-01
3.854130953550338745e-02
1.030251085758209229e-01
2.218823134899139404e-01
7.136211544275283813e-02
3.934786617755889893e-01
3.220234438776969910e-02
2.165933549404144287e-01
1.110910102725028992e-01
1.584068834781646729e-01
1.724800467491149902e-01
1.752703189849853516e-01
2.241900712251663208e-01
1.613346636295318604e-01
8.157032728195190430e-02
4.519712626934051514e-01
1.253006979823112488e-02
1.584589779376983643e-01
2.873938679695129395e-01
7.469177991151809692e-02
1.630258560180664062e-01
1.920809447765350342e-01
1.415263414382934570e-01
1.042363643646240234e-01
2.754929661750793457e-01
6.523295491933822632e-02
1.983919739723205566e-01
1.643871366977691650e-01
1.391464769840240479e-01
1.559006124734878540e-01
2.132366448640823364e-01
1.496199071407318115e-01
1.437507867813110352e-01
2.166343033313751221e-01
7.488255202770233154e-02
3.703055977821350098e-01
1.618131250143051147e-02
1.384096443653106689e-01
1.618340164422988892e-01
8.387555181980133057e-02
1.674938350915908813e-01
1.817089021205902100e-01
1.192195564508438110e-01
3.365042805671691895e-01
4.229389131069183350e-02
2.882818281650543213e-01
1.062157824635505676e-01
1.638742387294769287e-01
1.144452244043350220e-01
2.883127331733703613e-01
4.504361003637313843e-02
2.231327593326568604e-01
1.297002881765365601e-01
1.618057042360305786e-01
1.158364415168762207e-01
1.476182043552398682e-01
1.484176814556121826e-01
2.053122967481613159e-01
1.034893095493316650e-01
2.746058702468872070e-01
4.612211138010025024e-02
3.543109297752380371e-01
6.194308400154113770e-02
1.438825279474258423e-01
2.085097283124923706e-01
1.177496910095214844e-01
2.779024839401245117e-01
8.179028332233428955e-02
1.647350788116455078e-01
1.560000330209732056e-01
5.976850390434265137e-01
3.538068383932113647e-03
7.144328355789184570e-01
2.992544556036591530e-03
5.278793573379516602e-01
8.662778139114379883e-02
8.057661354541778564e-02
4.930191040039062500e-01
3.480390459299087524e-02
3.247212171554565430e-01
9.060819447040557861e-02
2.608640789985656738e-01
2.633614242076873779e-01
1.503834128379821777e-01
3.489783704280853271e-01
6.043160334229469299e-02
2.552645504474639893e-01
1.796218603849411011e-01
1.662631630897521973e-01
1.959966123104095459e-01
1.805305778980255127e-01
2.212784290313720703e-01
1.582623124122619629e-01
2.074007987976074219e-01
3.016238808631896973e-01
9.467290341854095459e-02
5.108339786529541016e-01
3.807099163532257080e-02
4.978148341178894043e-01
6.678370758891105652e-03
3.089776635169982910e-01
2.020565718412399292e-01
1.255910396575927734e-01
2.270482331514358521e-01
2.001031339168548584e-01
1.564729213714599609e-01
2.021199762821197510e-01
1.075997874140739441e-01
2.971509695053100586e-01
3.733920678496360779e-02
4.170233011245727539e-01
3.904894739389419556e-02
1.940725147724151611e-01
2.468884885311126709e-01
9.309272468090057373e-02
3.037042021751403809e-01
6.915812194347381592e-02
2.212458252906799316e-01
1.240170598030090332e-01
1.127415224909782410e-01
2.747454941272735596e-01
4.870317876338958740e-02
2.220842242240905762e-01
1.507471501827239990e-01
2.398048192262649536e-01
1.616865843534469604e-01
2.384046912193298340e-01
1.964718252420425415e-01
1.567678749561309814e-01
1.779291331768035889e-01
1.190166622400283813e-01
1.839938908815383911e-01
6.679970026016235352e-02
2.419229745864868164e-01
1.044525280594825745e-01
3.060841560363769531e-01
8.743767440319061279e-02
1.753240525722503662e-01
2.118071764707565308e-01
8.270032703876495361e-02
2.373969554901123047e-01
1.247276812791824341e-01
1.809886693954467773e-01
1.212105974555015564e-01
6.852656602859497070e-02
2.747793793678283691e-01
5.762801691889762878e-02
1.881379336118698120e-01
2.587931156158447266e-01
7.427056133747100830e-02
1.342782527208328247e-01
2.085513472557067871e-01
1.402707695960998535e-01
9.747555851936340332e-02
3.801930546760559082e-01
4.916045814752578735e-02
4.239042997360229492e-01
3.003070503473281860e-02
4.111452698707580566e-01
3.719836473464965820e-02
2.163141965866088867e-01
3.096807897090911865e-01
6.277722120285034180e-02
1.336432397365570068e-01
4.148704409599304199e-01
3.058934025466442108e-02
1.841088384389877319e-01
3.807046413421630859e-01
3.012277558445930481e-02
2.070117741823196411e-01
1.222598031163215637e-01
2.151536196470260620e-01
1.137441247701644897e-01
3.223663270473480225e-01
4.020480439066886902e-02
2.383960187435150146e-01
9.612539410591125488e-02
2.086303681135177612e-01
1.864502429962158203e-01
1.285504698753356934e-01
2.739124596118927002e-01
7.761165499687194824e-02
1.615219712257385254e-01
1.021234095096588135e-01
2.401568144559860229e-01
1.078849658370018005e-01
2.539045810699462891e-01
9.269818663597106934e-02
3.384233713150024414e-01
2.639022096991539001e-02
5.160664319992065430e-01
2.015206404030323029e-02
1.412260979413986206e-01
2.486730962991714478e-01
4.619101807475090027e-02
6.524298787117004395e-01
1.112451031804084778e-02
3.245142698287963867e-01
1.530476361513137817e-01
2.116143703460693359e-01
1.166980266571044922e-01
2.361893653869628906e-01
2.143727540969848633e-01
1.288559585809707642e-01
2.138563394546508789e-01
8.083418011665344238e-02
2.344858944416046143e-01
1.045605689287185669e-01
1.168713644146919250e-01
3.315935134887695312e-01
7.496171444654464722e-02
2.860283851623535156e-01
1.449798792600631714e-01
1.430775672197341919e-01
2.208068221807479858e-01
5.189970880746841431e-02
4.564193189144134521e-01
1.725279353559017181e-02
2.318874597549438477e-01
2.125293612480163574e-01
9.980813413858413696e-02
3.536405563354492188e-01
4.212234541773796082e-02
4.713115692138671875e-01
2.042435482144355774e-02
3.106227517127990723e-01
1.571409702301025391e-01
6.645872443914413452e-02
4.420486092567443848e-01
2.951361611485481262e-02
2.813194692134857178e-01
9.257332980632781982e-02
1.668096184730529785e-01
2.091311216354370117e-01
1.622973084449768066e-01
2.127390354871749878e-01
2.069499194622039795e-01
1.234907135367393494e-01
1.573998928070068359e-01
2.713922560214996338e-01
6.491896510124206543e-02
2.558413147926330566e-01
1.184902340173721313e-01
2.111732810735702515e-01
5.445145815610885620e-02
2.695539593696594238e-01
7.305832207202911377e-02
2.191790342330932617e-01
1.718455255031585693e-01
1.078701764345169067e-01
2.029606401920318604e-01
9.260529279708862305e-02
2.281440347433090210e-01
1.399731636047363281e-01
1.154360026121139526e-01
2.274267077445983887e-01
1.371140182018280029e-01
1.758157014846801758e-01
2.055399417877197266e-01
1.124992743134498596e-01
2.210188508033752441e-01
2.126764655113220215e-01
5.487555265426635742e-02
3.728717565536499023e-01
7.169030606746673584e-02
8.211401849985122681e-02
2.992766499519348145e-01
7.263362407684326172e-02
5.173007249832153320e-01
3.923167288303375244e-02
8.795829415321350098e-01
2.700310200452804565e-03
2.073968648910522461e-01
3.925595879554748535e-01
1.780190691351890564e-02
5.252690911293029785e-01
5.749445408582687378e-02
3.834434449672698975e-01
3.101831488311290741e-02
2.851888537406921387e-01
1.385965943336486816e-01
1.210858002305030823e-01
3.889189958572387695e-01
8.379435539245605469e-02
2.619368731975555420e-01
1.499441564083099365e-01
2.114897668361663818e-01
5.729734897613525391e-02
2.743933200836181641e-01
1.188913881778717041e-01
1.165117695927619934e-01
2.708487212657928467e-01
1.208171024918556213e-01
2.700567841529846191e-01
1.236836686730384827e-01
1.441788077354431152e-01
2.064064741134643555e-01
7.778567075729370117e-02
2.570767402648925781e-01
1.019154638051986694e-01
1.646727025508880615e-01
1.756841987371444702e-01
2.170160412788391113e-01
6.768976897001266479e-02
5.750497579574584961e-01
1.225677784532308578e-02
2.613619565963745117e-01
8.150908350944519043e-02
1.083960235118865967e-01
2.908222973346710205e-01
9.358723461627960205e-02
2.851004004478454590e-01
1.415370106697082520e-01
2.307346612215042114e-01
9.030835330486297607e-02
2.817253470420837402e-01
6.898440420627593994e-02
2.568754255771636963e-01
8.771023899316787720e-02
2.088491320610046387e-01
1.238652318716049194e-01
3.119605183601379395e-01
2.297222241759300232e-02
4.586488008499145508e-01
2.369845658540725708e-02
4.921575486660003662e-01
1.017779111862182617e-02
1.905304342508316040e-01
3.603003025054931641e-01
2.095624618232250214e-02
4.695353209972381592e-01
3.199403360486030579e-02
2.125163525342941284e-01
1.590994000434875488e-01
1.089147850871086121e-01
3.170505464076995850e-01
4.732922464609146118e-02
1.820880323648452759e-01
3.014055192470550537e-01
7.638892531394958496e-02
2.948246002197265625e-01
7.616533339023590088e-02
1.996962428092956543e-01
1.787951588630676270e-01
8.497029542922973633e-02
3.475582003593444824e-01
3.456804156303405762e-02
1.277658343315124512e-01
3.804693222045898438e-01
2.745011635124683380e-02
2.019419372081756592e-01
2.183043509721755981e-01
9.937506914138793945e-02
2.211883366107940674e-01
1.187743991613388062e-01
1.027647778391838074e-01
3.969850540161132812e-01
2.130641974508762360e-02
2.107480168342590332e-01
1.323754340410232544e-01
1.422391533851623535e-01
2.145666778087615967e-01
9.495577216148376465e-02
1.777304708957672119e-01
1.812972724437713623e-01
8.514864742755889893e-02
3.876253962516784668e-01
4.672701656818389893e-02
2.124121487140655518e-01
1.210784912109375000e-01
2.288533598184585571e-01
9.056724607944488525e-02
1.427024900913238525e-01
1.835872530937194824e-01
1.719391494989395142e-01
1.009408235549926758e-01
1.918915212154388428e-01
1.207566857337951660e-01
1.150361374020576477e-01
2.797032594680786133e-01
7.873701304197311401e-02
1.631899774074554443e-01
1.793637275695800781e-01
2.448772490024566650e-01
8.819336444139480591e-02
3.099814057350158691e-01
8.060808479785919189e-02
1.403168737888336182e-01
1.679709404706954956e-01
2.020367532968521118e-01
7.114336639642715454e-02
2.747840285301208496e-01
3.223441168665885925e-02
2.093746662139892578e-01
1.378231644630432129e-01
9.319444000720977783e-02
3.494132757186889648e-01
1.789946481585502625e-02
4.721771478652954102e-01
9.617383591830730438e-03
3.838546276092529297e-01
1.342273037880659103e-02
2.409678548574447632e-01
1.280608028173446655e-01
1.548152565956115723e-01
1.931923329830169678e-01
1.397935450077056885e-01
1.384789347648620605e-01
3.155656456947326660e-01
4.824341088533401489e-02
2.407068163156509399e-01
1.022776141762733459e-01
1.490599215030670166e-01
2.145340740680694580e-01
6.785374879837036133e-02
3.289036452770233154e-01
5.993381515145301819e-02
2.489028275012969971e-01
8.385995030403137207e-02
1.414361596107482910e-01
1.420938372611999512e-01
2.077631205320358276e-01
1.401987969875335693e-01
1.930961310863494873e-01
1.486565172672271729e-01
1.018445789813995361e-01
3.696045875549316406e-01
2.048363536596298218e-02
2.733697295188903809e-01
1.174420118331909180e-01
1.823375225067138672e-01
6.470281630754470825e-02
3.250662088394165039e-01
6.434391438961029053e-02
1.700703948736190796e-01
1.487565636634826660e-01
2.096827030181884766e-01
1.114258915185928345e-01
1.033530458807945251e-01
2.532194256782531738e-01
8.364871144294738770e-02
5.613065958023071289e-01
3.975753672420978546e-03
4.001270532608032227e-01
6.179618090391159058e-02
5.041631460189819336e-01
5.852319300174713135e-03
6.498700976371765137e-01
8.220210671424865723e-03
2.923574447631835938e-01
1.617624461650848389e-01
1.837814152240753174e-01
4.020915627479553223e-01
4.611476883292198181e-02
4.901134371757507324e-01
3.644186630845069885e-02
1.931385099887847900e-01
2.320078611373901367e-01
8.670939505100250244e-02
2.043848186731338501e-01
2.577394247055053711e-01
9.616081416606903076e-02
2.387078702449798584e-01
1.815728098154067993e-01
2.907822132110595703e-01
4.013033956289291382e-02
3.732703626155853271e-01
3.225595504045486450e-02
1.424690186977386475e-01
2.210788726806640625e-01
9.814186394214630127e-02
2.312477082014083862e-01
1.424500197172164917e-01
2.512804269790649414e-01
1.299862563610076904e-01
1.571007072925567627e-01
1.710570752620697021e-01
1.236419081687927246e-01
1.831273287534713745e-01
1.647163182497024536e-01
2.447879910469055176e-01
9.698039293289184570e-02
1.256183236837387085e-01
2.055932581424713135e-01
9.471906721591949463e-02
2.188586890697479248e-01
1.326339244842529297e-01
1.846590638160705566e-01
1.688089668750762939e-01
1.316438317298889160e-01
1.386293172836303711e-01
2.618634700775146484e-01
3.552280366420745850e-02
2.214188426733016968e-01
1.238057464361190796e-01
1.032934039831161499e-01
2.087611109018325806e-01
9.283927083015441895e-02
2.861237525939941406e-01
7.870979607105255127e-02
1.940151154994964600e-01
2.623733580112457275e-01
3.461869060993194580e-02
1.953928619623184204e-01
1.456805765628814697e-01
1.007526069879531860e-01
1.767311394214630127e-01
2.512961328029632568e-01
4.584816098213195801e-02
2.106132805347442627e-01
9.842295944690704346e-02
2.969738841056823730e-01
2.783601358532905579e-02
4.767897129058837891e-01
1.993940211832523346e-02
6.291721463203430176e-01
8.923398330807685852e-03
7.566832304000854492e-01
1.360739115625619888e-03
2.593132257461547852e-01
1.626366078853607178e-01
2.845899760723114014e-01
1.296731084585189819e-01
4.539281129837036133e-01
3.203083202242851257e-02
5.033535957336425781e-01
6.566994637250900269e-02
4.687874317169189453e-01
1.757244765758514404e-02
6.550581455230712891e-01
1.033530198037624359e-02
1.654371321201324463e-01
3.024744391441345215e-01
1.291185170412063599e-01
2.133020162582397461e-01
3.097647726535797119e-01
4.953525215387344360e-02
4.818230271339416504e-01
9.938909113407135010e-02
4.093826711177825928e-01
2.784824371337890625e-02
3.892442584037780762e-01
1.160474121570587158e-01
1.338020861148834229e-01
1.880231797695159912e-01
1.675931811332702637e-01
2.350868880748748779e-01
7.349292933940887451e-02
2.174971401691436768e-01
1.912757456302642822e-01
8.364939689636230469e-02
2.564930319786071777e-01
1.380535662174224854e-01
1.463388949632644653e-01
2.298748344182968140e-01
1.163641661405563354e-01
4.411194324493408203e-01
3.095354698598384857e-02
1.531426608562469482e-01
3.816099762916564941e-01
4.682475700974464417e-02
4.023675918579101562e-01
4.026737064123153687e-02
7.352066040039062500e-02
4.008770585060119629e-01
7.469446957111358643e-02
1.495966166257858276e-01
2.437004894018173218e-01
1.589095294475555420e-01
1.636231690645217896e-01
1.774940490722656250e-01
3.550103604793548584e-01
6.061063334345817566e-02
2.225963622331619263e-01
1.427740007638931274e-01
2.186189442873001099e-01
1.343813389539718628e-01
9.901845455169677734e-02
2.310792952775955200e-01
1.271898597478866577e-01
2.328588664531707764e-01
1.720021963119506836e-01
1.099291220307350159e-01
1.646633446216583252e-01
9.990044683218002319e-02
2.505340576171875000e-01
4.198850691318511963e-02
4.093734622001647949e-01
6.861935555934906006e-02
2.974245846271514893e-01
5.040001124143600464e-02
3.374939560890197754e-01
5.702530592679977417e-02
1.171509474515914917e-01
3.666279315948486328e-01
6.172280758619308472e-02
2.210141271352767944e-01
1.530008316040039062e-01
8.454422652721405029e-02
2.698130011558532715e-01
8.764242380857467651e-02
9.262461215257644653e-02
3.555874228477478027e-01
3.606086224317550659e-02
2.383712828159332275e-01
1.765674948692321777e-01
1.317776888608932495e-01
1.671839505434036255e-01
3.728817701339721680e-01
5.682584643363952637e-02
1.405984908342361450e-01
2.338708639144897461e-01
8.929137885570526123e-02
1.438331753015518188e-01
2.601741254329681396e-01
5.334214493632316589e-02
2.272582203149795532e-01
1.129097267985343933e-01
1.578647792339324951e-01
9.784661233425140381e-02
2.849536538124084473e-01
8.056082576513290405e-02
5.618128180503845215e-01
7.695732172578573227e-03
7.923631072044372559e-01
5.794248078018426895e-03
4.610002636909484863e-01
1.044931337237358093e-01
4.323066473007202148e-01
4.331756755709648132e-02
4.643312096595764160e-01
4.074978828430175781e-02
3.045223653316497803e-01
1.406635195016860962e-01
1.752244532108306885e-01
1.826173067092895508e-01
1.994065195322036743e-01
9.483180940151214600e-02
4.606422185897827148e-01
1.550105586647987366e-02
1.622731089591979980e-01
3.641498088836669922e-01
5.960933119058609009e-02
5.421156883239746094e-01
1.562209241092205048e-02
4.318197667598724365e-01
9.642800688743591309e-02
2.348646819591522217e-01
2.630350291728973389e-01
8.912511914968490601e-02
3.080018162727355957e-01
1.036513224244117737e-01
1.694490313529968262e-01
2.337500154972076416e-01
1.041081398725509644e-01
2.664906382560729980e-01
1.008870229125022888e-01
5.046855807304382324e-01
2.169177308678627014e-02
1.778905242681503296e-01
2.723771631717681885e-01
7.554233074188232422e-02
2.349635660648345947e-01
1.648159772157669067e-01
1.241013184189796448e-01
1.826383769512176514e-01
1.344130188226699829e-01
8.241124451160430908e-02
2.672674655914306641e-01
1.082970201969146729e-01
2.051402330398559570e-01
1.730359196662902832e-01
1.919948309659957886e-01
8.335789293050765991e-02
3.225706815719604492e-01
5.463534593582153320e-02
1.055340990424156189e-01
1.813104152679443359e-01
1.167171970009803772e-01
1.757515072822570801e-01
1.010611653327941895e-01
3.642410635948181152e-01
8.007063716650009155e-02
3.238057196140289307e-01
1.212628558278083801e-01
1.269080489873886108e-01
3.409689366817474365e-01
5.769228190183639526e-02
3.960608243942260742e-01
8.787420392036437988e-02
2.906652987003326416e-01
4.113151878118515015e-02
2.813898921012878418e-01
8.362833410501480103e-02
5.285044908523559570e-01
2.047125250101089478e-02
4.241036474704742432e-01
3.419558703899383545e-02
3.849028944969177246e-01
3.843444958329200745e-02
2.108988463878631592e-01
1.307165175676345825e-01
2.152061462402343750e-01
1.003425270318984985e-01
2.375551760196685791e-01
2.839044332504272461e-01
3.784993290901184082e-02
4.321926236152648926e-01
6.263859570026397705e-02
1.190299987792968750e-01
3.597663044929504395e-01
5.577011406421661377e-02
3.496380746364593506e-01
8.404232561588287354e-02
1.749362051486968994e-01
1.634045690298080444e-01
1.259693801403045654e-01
1.972857713699340820e-01
1.381302177906036377e-01
3.266375362873077393e-01
4.354456439614295959e-02
1.599875390529632568e-01
3.404108285903930664e-01
5.211514979600906372e-02
3.034938573837280273e-01
7.267855852842330933e-02
1.659194231033325195e-01
2.337401658296585083e-01
1.633128225803375244e-01
1.724747270345687866e-01
1.700631678104400635e-01
1.881428658962249756e-01
1.381155252456665039e-01
1.788378208875656128e-01
2.285414040088653564e-01
6.134674698114395142e-02
4.655246734619140625e-01
3.162230551242828369e-02
1.785972714424133301e-01
2.041038721799850464e-01
9.744075685739517212e-02
2.002521902322769165e-01
1.851359307765960693e-01
2.166340351104736328e-01
1.007569730281829834e-01
3.898174166679382324e-01
2.368217147886753082e-02
1.983276605606079102e-01
2.161209285259246826e-01
6.019446253776550293e-02
2.477223277091979980e-01
1.455246955156326294e-01
1.487437486648559570e-01
2.526675462722778320e-01
8.998954296112060547e-02
1.560685336589813232e-01
2.909927964210510254e-01
5.985067412257194519e-02
3.112279176712036133e-01
1.047371476888656616e-01
8.594556152820587158e-02
3.911648690700531006e-01
5.511936545372009277e-02
2.499682158231735229e-01
2.396746575832366943e-01
5.443380400538444519e-02
4.410891830921173096e-01
2.740719541907310486e-02
4.362416565418243408e-01
4.209239780902862549e-02
4.122235476970672607e-01
2.140543423593044281e-02
1.783311367034912109e-01
2.795936763286590576e-01
5.943343043327331543e-02
1.248115599155426025e-01
2.769622206687927246e-01
7.104848325252532959e-02
3.384466171264648438e-01
5.771010369062423706e-02
3.362706303596496582e-01
5.369712412357330322e-02
2.100264430046081543e-01
1.401260197162628174e-01
2.061011940240859985e-01
1.069126725196838379e-01
4.033959507942199707e-01
1.505997218191623688e-02
4.419116973876953125e-01
5.155569314956665039e-02
1.829556822776794434e-01
2.589506804943084717e-01
8.366710692644119263e-02
5.690900683403015137e-01
1.805023662745952606e-02
6.007568836212158203e-01
4.728087037801742554e-02
1.463271677494049072e-01
3.634479045867919922e-01
4.159811884164810181e-02
3.204582333564758301e-01
7.861261069774627686e-02
3.172251880168914795e-01
8.930022269487380981e-02
3.497396707534790039e-01
6.738743185997009277e-02
3.324740827083587646e-01
5.046947300434112549e-02
2.031726688146591187e-01
1.663811504840850830e-01
9.095316380262374878e-02
2.983975410461425781e-01
8.887976408004760742e-02
2.537020444869995117e-01
1.016642004251480103e-01
2.719575762748718262e-01
1.401612162590026855e-01
1.919178068637847900e-01
1.698122173547744751e-01
1.328102648258209229e-01
1.894120275974273682e-01
2.887994050979614258e-01
4.007281363010406494e-02
2.759451270103454590e-01
1.147070229053497314e-01
1.879826933145523071e-01
2.347976118326187134e-01
5.978966131806373596e-02
2.669597864151000977e-01
1.650128066539764404e-01
6.362617015838623047e-02
2.927696108818054199e-01
6.244105100631713867e-02
2.568653821945190430e-01
1.327382028102874756e-01
8.141665160655975342e-02
2.371234595775604248e-01
8.988940715789794922e-02
1.664082705974578857e-01
3.491593301296234131e-01
2.450095862150192261e-02
4.386563599109649658e-01
3.357107564806938171e-02
7.071549892425537109e-01
2.795038744807243347e-03
6.572433710098266602e-01
1.548832096159458160e-02
3.734111189842224121e-01
6.147286668419837952e-02
5.757898092269897461e-01
9.757975116372108459e-03
7.571588754653930664e-01
1.224511303007602692e-02
6.833981275558471680e-01
5.401419848203659058e-02
2.499207109212875366e-01
4.566698074340820312e-01
8.199881762266159058e-02
5.558544397354125977e-01
8.404467999935150146e-02
2.315296828746795654e-01
3.672855496406555176e-01
1.011296510696411133e-01
4.125974178314208984e-01
1.085190847516059875e-01
3.666138052940368652e-01
1.179404929280281067e-01
1.767255961894989014e-01
2.398033291101455688e-01
1.548022925853729248e-01
2.768390476703643799e-01
1.382489800453186035e-01
3.469390869140625000e-01
1.011289209127426147e-01
2.654629945755004883e-01
2.017666101455688477e-01
8.315005898475646973e-02
3.285721540451049805e-01
1.068069636821746826e-01
1.838705539703369141e-01
1.498336344957351685e-01
3.158943057060241699e-01
8.354327082633972168e-02
3.218166828155517578e-01
6.694636493921279907e-02
4.185814857482910156e-01
6.018576025962829590e-02
1.437395513057708740e-01
3.677877783775329590e-01
3.185094147920608521e-02
5.266939401626586914e-01
5.683439783751964569e-03
2.667782008647918701e-01
1.894229054450988770e-01
1.407163739204406738e-01
1.716321408748626709e-01
3.418226838111877441e-01
6.632386147975921631e-02
3.825538158416748047e-01
5.929332226514816284e-02
1.701041758060455322e-01
2.642763853073120117e-01
9.170916676521301270e-02
2.532190680503845215e-01
2.565935552120208740e-01
1.622876524925231934e-01
1.794085204601287842e-01
2.376601696014404297e-01
1.745534241199493408e-01
9.573383629322052002e-02
2.953650355339050293e-01
1.372665315866470337e-01
2.174031138420104980e-01
1.650529056787490845e-01
1.977377235889434814e-01
1.246622055768966675e-01
2.418336719274520874e-01
1.344633102416992188e-01
1.193017363548278809e-01
3.735339045524597168e-01
3.800748288631439209e-02
2.004491388797760010e-01
2.210267782211303711e-01
9.884534031152725220e-02
1.640344411134719849e-01
2.222935855388641357e-01
4.711614549160003662e-02
2.781944870948791504e-01
7.366476207971572876e-02
1.101305633783340454e-01
2.182517349720001221e-01
1.399147808551788330e-01
1.920944452285766602e-01
1.413263678550720215e-01
4.075787663459777832e-01
2.578613907098770142e-02
2.859504222869873047e-01
1.352559328079223633e-01
1.273296773433685303e-01
1.452339291572570801e-01
1.444557458162307739e-01
2.721318304538726807e-01
6.416451930999755859e-02
3.512353897094726562e-01
5.828496813774108887e-02
2.232979238033294678e-01
1.429009884595870972e-01
1.442808210849761963e-01
1.659497022628784180e-01
1.468821913003921509e-01
3.482028245925903320e-01
3.815467283129692078e-02
2.037081122398376465e-01
1.814546734094619751e-01
1.121454611420631409e-01
1.408057510852813721e-01
1.693842858076095581e-01
1.982776522636413574e-01
7.044284045696258545e-02
1.980258524417877197e-01
2.362507879734039307e-01
4.658068716526031494e-02
3.699685335159301758e-01
4.980592429637908936e-02
7.467706501483917236e-02
2.184026539325714111e-01
1.016101092100143433e-01
1.383542120456695557e-01
2.274181246757507324e-01
1.284045577049255371e-01
9.418529272079467773e-02
5.889461040496826172e-01
9.609112516045570374e-03
7.421551942825317383e-01
3.646088996902108192e-03
5.431699752807617188e-01
5.438327416777610779e-02
9.067146480083465576e-02
1.991657614707946777e-01
2.302390038967132568e-01
1.592476963996887207e-01
4.109072089195251465e-01
3.621108084917068481e-02
4.935504496097564697e-01
6.479479372501373291e-02
2.285489737987518311e-01
1.883458495140075684e-01
2.774797081947326660e-01
9.511382877826690674e-02
3.123232126235961914e-01
7.879914343357086182e-02
5.667218565940856934e-01
1.900259777903556824e-02
3.699085712432861328e-01
1.332667171955108643e-01
1.407275944948196411e-01
3.974701166152954102e-01
4.732903838157653809e-02
2.169910073280334473e-01
1.916936784982681274e-01
1.719112098217010498e-01
1.338782459497451782e-01
1.595349460840225220e-01
2.147838473320007324e-01
1.849651634693145752e-01
2.187965065240859985e-01
1.890595257282257080e-01
1.003663092851638794e-01
5.777250528335571289e-01
1.727186143398284912e-02
4.870189428329467773e-01
8.230602741241455078e-02
1.981753408908843994e-01
3.666087985038757324e-01
6.234962120652198792e-02
3.466215133666992188e-01
7.598752528429031372e-02
1.481604278087615967e-01
2.677971124649047852e-01
7.775499671697616577e-02
5.830060243606567383e-01
1.139340922236442566e-02
3.454416096210479736e-01
2.247213572263717651e-01
4.408590868115425110e-02
1.789338588714599609e-01
2.003558576107025146e-01
1.134906709194183350e-01
3.179493844509124756e-01
8.078987896442413330e-02
3.181557059288024902e-01
7.078054547309875488e-02
1.217387318611145020e-01
2.547912001609802246e-01
1.046907901763916016e-01
2.920725345611572266e-01
7.705149054527282715e-02
4.752629399299621582e-01
1.744353957474231720e-02
1.333699226379394531e-01
3.179478049278259277e-01
6.344740092754364014e-02
2.014020681381225586e-01
2.542960941791534424e-01
6.609590351581573486e-02
2.951221466064453125e-01
5.402810126543045044e-02
2.638027667999267578e-01
1.773032397031784058e-01
1.744557917118072510e-01
2.316181361675262451e-01
1.590363085269927979e-01
2.611867785453796387e-01
5.963512137532234192e-02
3.058991730213165283e-01
7.280405610799789429e-02
1.585225611925125122e-01
1.968731582164764404e-01
1.136374771595001221e-01
9.383004903793334961e-02
2.024229168891906738e-01
9.586907923221588135e-02
2.519246339797973633e-01
1.087505668401718140e-01
3.175673782825469971e-01
8.075661957263946533e-02
2.179898768663406372e-01
2.134070098400115967e-01
7.675486803054809570e-02
2.088055163621902466e-01
1.462830156087875366e-01
1.152461022138595581e-01
2.821556031703948975e-01
7.624448835849761963e-02
3.464042842388153076e-01
5.442099645733833313e-02
2.284978479146957397e-01
1.898957788944244385e-01
8.114929497241973877e-02
1.926221251487731934e-01
1.748772263526916504e-01
9.414645284414291382e-02
1.597675681114196777e-01
1.979773640632629395e-01
1.587028950452804565e-01
1.136546581983566284e-01
1.555908024311065674e-01
7.589302957057952881e-02
4.114850163459777832e-01
4.127133265137672424e-02
7.699091434478759766e-01
4.004610236734151840e-03
2.432283312082290649e-01
1.372168362140655518e-01
2.549325227737426758e-01
1.752283573150634766e-01
2.696159482002258301e-01
1.326129734516143799e-01
3.556440770626068115e-01
8.858133852481842041e-02
2.341544032096862793e-01
8.661361038684844971e-02
2.908343076705932617e-01
6.102527305483818054e-02
3.194451928138732910e-01
1.296968609094619751e-01
2.691864967346191406e-01
8.668059110641479492e-02
2.157159149646759033e-01
2.347244024276733398e-01
8.809614926576614380e-02
5.253839492797851562e-01
1.218927931040525436e-02
4.107137024402618408e-01
1.841368824243545532e-01
1.094376221299171448e-01
3.872868418693542480e-01
5.718557536602020264e-02
3.756718039512634277e-01
3.686397895216941833e-02
3.532608449459075928e-01
1.215772032737731934e-01
3.471784889698028564e-01
5.687792599201202393e-02
5.517284870147705078e-01
4.514701664447784424e-03
7.342852950096130371e-01
5.545844323933124542e-03
3.805190920829772949e-01
1.782373785972595215e-01
2.369830310344696045e-01
2.858140170574188232e-01
2.185476124286651611e-01
3.035805523395538330e-01
8.823470771312713623e-02
1.460078507661819458e-01
3.289228677749633789e-01
9.223276376724243164e-02
6.094950437545776367e-01
4.423005878925323486e-02
5.535901188850402832e-01
9.966054931282997131e-03
2.203760594129562378e-01
4.379133284091949463e-01
3.214814513921737671e-02
4.148681759834289551e-01
7.502359896898269653e-02
1.640148907899856567e-01
2.903879284858703613e-01
8.126327395439147949e-02
4.068927764892578125e-01
6.530402600765228271e-02
3.013452291488647461e-01
1.775956153869628906e-01
1.742064803838729858e-01
2.445278018712997437e-01
8.868673443794250488e-02
5.129320621490478516e-01
2.716152369976043701e-02
1.663767397403717041e-01
2.896129786968231201e-01
7.325546443462371826e-02
1.782426536083221436e-01
2.941163480281829834e-01
9.560567140579223633e-02
4.051288962364196777e-01
5.437056720256805420e-02
3.109985589981079102e-01
7.718773186206817627e-02
1.777086853981018066e-01
1.922720223665237427e-01
1.333250850439071655e-01
2.134576439857482910e-01
9.987452626228332520e-02
3.466657400131225586e-01
6.410206854343414307e-02
2.695892453193664551e-01
8.891230076551437378e-02
2.624080777168273926e-01
1.540272980928421021e-01
1.254091113805770874e-01
2.865055799484252930e-01
9.483836591243743896e-02
2.507966756820678711e-01
1.101439446210861206e-01
1.317780613899230957e-01
2.030593454837799072e-01
1.343465447425842285e-01
1.710218340158462524e-01
1.789495348930358887e-01
1.457328796386718750e-01
1.235148757696151733e-01
2.086251378059387207e-01
1.436040699481964111e-01
2.025840729475021362e-01
1.879969388246536255e-01
1.044035553932189941e-01
2.863318920135498047e-01
4.828355833888053894e-02
3.531572222709655762e-01
6.201361119747161865e-02
2.136763334274291992e-01
8.001871407032012939e-02
1.992726325988769531e-01
1.261108517646789551e-01
1.277588158845901489e-01
2.164729535579681396e-01
1.245956867933273315e-01
2.420404255390167236e-01
2.325007170438766479e-01
7.544393092393875122e-02
2.407197952270507812e-01
9.092709422111511230e-02
1.914930343627929688e-01
1.605864614248275757e-01
6.848098337650299072e-02
9.194105118513107300e-02
1.644458919763565063e-01
1.268065273761749268e-01
1.082745641469955444e-01
2.486892193555831909e-01
1.059684455394744873e-01
1.574203372001647949e-01
2.834377288818359375e-01
4.126362502574920654e-02
4.291001260280609131e-01
1.838507503271102905e-02
2.768585979938507080e-01
1.652145087718963623e-01
1.878819167613983154e-01
1.385016143321990967e-01
1.280175745487213135e-01
1.702836304903030396e-01
2.460570931434631348e-01
2.142840027809143066e-01
9.740525484085083008e-02
2.131850272417068481e-01
1.513571739196777344e-01
1.416914761066436768e-01
3.474051356315612793e-01
4.534847289323806763e-02
4.377477169036865234e-01
1.633558981120586395e-02
2.384816855192184448e-01
2.479603588581085205e-01
3.566837683320045471e-02
5.333186388015747070e-01
1.421642210334539413e-02
4.099040031433105469e-01
2.041729912161827087e-02
4.499406814575195312e-01
3.775856643915176392e-02
4.140861332416534424e-01
5.387080833315849304e-02
2.346100807189941406e-01
1.588239669799804688e-01
1.420068740844726562e-01
1.861309111118316650e-01
1.743172854185104370e-01
2.231296002864837646e-01
1.326698660850524902e-01
1.658375263214111328e-01
1.606212407350540161e-01
2.575606405735015869e-01
4.919430613517761230e-02
1.617562174797058105e-01
1.538190245628356934e-01
1.645157188177108765e-01
2.926164269447326660e-01
1.770532503724098206e-02
4.419966936111450195e-01
6.556136906147003174e-02
1.015026345849037170e-01
2.965732812881469727e-01
6.851711869239807129e-02
3.398503065109252930e-01
7.329255342483520508e-02
1.447340846061706543e-01
2.715025842189788818e-01
6.323590129613876343e-02
4.226613044738769531e-01
4.072861373424530029e-02
2.637706995010375977e-01
9.530436992645263672e-02
1.248385161161422729e-01
4.646302461624145508e-01
1.633210480213165283e-02
7.304635643959045410e-01
2.804719097912311554e-02
3.847975134849548340e-01
1.898981928825378418e-01
7.309413701295852661e-02
5.685638189315795898e-01
3.812715411186218262e-02
1.557561159133911133e-01
3.514059185981750488e-01
8.161994814872741699e-02
3.708340227603912354e-01
4.075412452220916748e-02
3.906117677688598633e-01
5.677802115678787231e-02
1.411758959293365479e-01
9.703116118907928467e-02
2.252007126808166504e-01
1.130209565162658691e-01
2.536558806896209717e-01
1.358561813831329346e-01
1.323510110378265381e-01
3.418347537517547607e-01
4.235507547855377197e-02
1.108469218015670776e-01
2.328670322895050049e-01
7.097607851028442383e-02
3.987495601177215576e-01
3.434235602617263794e-02
2.873515784740447998e-01
8.254127949476242065e-02
1.404161602258682251e-01
1.865739524364471436e-01
1.848269551992416382e-01
7.368433475494384766e-02
4.720476567745208740e-01
3.559499233961105347e-02
3.594052493572235107e-01
2.972991205751895905e-02
3.514107465744018555e-01
5.297273397445678711e-02
1.965567469596862793e-01
1.294022351503372192e-01
2.759084999561309814e-01
4.306203871965408325e-02
3.093692064285278320e-01
6.840644031763076782e-02
1.967642605304718018e-01
9.810170531272888184e-02
1.892499774694442749e-01
9.418451040983200073e-02
3.560339212417602539e-01
5.197994410991668701e-02
3.504590988159179688e-01
6.384946405887603760e-02
2.252117246389389038e-01
1.705774664878845215e-01
9.269281476736068726e-02
3.238938450813293457e-01
4.049628973007202148e-02
2.471511512994766235e-01
1.351653933525085449e-01
2.394022941589355469e-01
1.175509840250015259e-01
2.144033610820770264e-01
9.578008949756622314e-02
1.965832114219665527e-01
1.359733343124389648e-01
1.942320317029953003e-01
1.624668538570404053e-01
7.624405622482299805e-02
4.256645143032073975e-01
7.537372875958681107e-03
3.772586584091186523e-01
7.719317078590393066e-02
1.536087393760681152e-01
1.314744353294372559e-01
2.642639577388763428e-01
4.592223092913627625e-02
7.082323431968688965e-01
2.491418085992336273e-02
9.241734743118286133e-01
3.367049619555473328e-02
5.242311954498291016e-01
1.911107301712036133e-01
3.050076365470886230e-01
3.107077479362487793e-01
1.934766769409179688e-01
3.219536244869232178e-01
1.555542349815368652e-01
2.578414082527160645e-01
1.325892508029937744e-01
5.034838318824768066e-01
2.051078528165817261e-02
5.471284389495849609e-01
8.971628546714782715e-02
1.499198526144027710e-01
4.167286157608032227e-01
2.569757960736751556e-02
2.842784523963928223e-01
1.591015607118606567e-01
2.139425426721572876e-01
2.730526924133300781e-01
2.697618901729583740e-01
7.834799587726593018e-02
5.478053689002990723e-01
1.852480135858058929e-02
4.664883315563201904e-01
3.546259924769401550e-02
1.404240727424621582e-01
1.237508505582809448e-01
4.274118244647979736e-01
3.443810343742370605e-02
4.417991638183593750e-01
5.460195243358612061e-02
2.453460693359375000e-01
1.372159421443939209e-01
1.629898846149444580e-01
1.550158411264419556e-01
2.895770072937011719e-01
1.525313556194305420e-01
2.155037224292755127e-01
2.345429658889770508e-01
1.379401981830596924e-01
1.979579031467437744e-01
2.915706634521484375e-01
4.556042701005935669e-02
3.642666339874267578e-01
6.015136837959289551e-02
1.364626586437225342e-01
2.412108778953552246e-01
8.840768039226531982e-02
2.350276857614517212e-01
1.331420242786407471e-01
1.032594591379165649e-01
3.722425699234008789e-01
5.709543824195861816e-02
4.749888777732849121e-01
5.738996714353561401e-02
3.392007946968078613e-01
9.841401875019073486e-02
7.354415208101272583e-02
6.462078094482421875e-01
7.761541008949279785e-02
3.330860733985900879e-01
3.493891656398773193e-01
1.188658177852630615e-01
3.160066008567810059e-01
8.683699369430541992e-02
4.994078576564788818e-01
4.414178803563117981e-02
6.080375909805297852e-01
1.893327385187149048e-02
3.602157533168792725e-01
1.560028493404388428e-01
1.687677800655364990e-01
4.060211479663848877e-01
7.198730111122131348e-02
2.371084392070770264e-01
9.821797162294387817e-02
2.999549210071563721e-01
9.418892115354537964e-02
3.339899480342864990e-01
3.736091777682304382e-02
3.239226341247558594e-01
9.937465935945510864e-02
1.229440942406654358e-01
2.116232514381408691e-01
1.250271350145339966e-01
2.077959179878234863e-01
2.254653722047805786e-01
1.342882215976715088e-01
3.898251056671142578e-01
2.806618437170982361e-02
3.086881637573242188e-01
8.417960256338119507e-02
2.275497019290924072e-01
1.367150247097015381e-01
1.070891022682189941e-01
2.850115895271301270e-01
8.891527354717254639e-02
2.860040664672851562e-01
1.261911988258361816e-01
2.171270847320556641e-01
1.177441403269767761e-01
3.485646247863769531e-01
4.961260780692100525e-02
3.838390707969665527e-01
1.095793768763542175e-01
2.600971460342407227e-01
2.231824696063995361e-01
1.788826882839202881e-01
2.893388867378234863e-01
1.710599064826965332e-01
3.268268704414367676e-01
9.777857363224029541e-02
3.953777551651000977e-01
2.702802047133445740e-02
3.346139192581176758e-01
1.078568249940872192e-01
1.837841868400573730e-01
9.234236180782318115e-02
3.036808669567108154e-01
5.071345716714859009e-02
4.291563332080841064e-01
5.390996485948562622e-02
3.333998322486877441e-01
9.348623454570770264e-02
1.219694092869758606e-01
2.000759243965148926e-01
2.078437060117721558e-01
8.633197844028472900e-02
4.214954376220703125e-01
4.232273995876312256e-02
2.913833260536193848e-01
7.679779827594757080e-02
1.510874032974243164e-01
2.130600959062576294e-01
1.211600154638290405e-01
2.502827644348144531e-01
6.296321749687194824e-02
9.689550846815109253e-02
3.691332936286926270e-01
7.432089000940322876e-02
1.982320845127105713e-01
1.554672718048095703e-01
9.256009757518768311e-02
2.155156135559082031e-01
1.389128416776657104e-01
1.269659847021102905e-01
2.054323852062225342e-01
1.095172166824340820e-01
1.693151891231536865e-01
1.210829317569732666e-01
1.354784965515136719e-01
1.977425664663314819e-01
1.115694046020507812e-01
2.838043272495269775e-01
3.607992827892303467e-02
3.103402554988861084e-01
4.477967321872711182e-02
1.191659197211265564e-01
3.053670227527618408e-01
8.699101954698562622e-02
1.447616517543792725e-01
1.107305437326431274e-01
3.481082320213317871e-01
2.918039821088314056e-02
5.110146403312683105e-01
5.251735914498567581e-03
3.913803696632385254e-01
6.274461746215820312e-02
2.601933479309082031e-01
5.556024610996246338e-02
2.189916372299194336e-01
1.064709573984146118e-01
1.288869380950927734e-01
2.157875746488571167e-01
9.198122471570968628e-02
2.733376622200012207e-01
4.880697280168533325e-02
9.444481879472732544e-02
2.178883850574493408e-01
1.384035944938659668e-01
3.144425749778747559e-01
3.995419666171073914e-02
2.526735067367553711e-01
8.461579680442810059e-02
1.125556081533432007e-01
2.346083223819732666e-01
9.972427040338516235e-02
1.924405395984649658e-01
8.256132155656814575e-02
2.126712352037429810e-01
1.393259167671203613e-01
1.567171514034271240e-01
1.105390489101409912e-01
2.697117924690246582e-01
9.909982979297637939e-02
2.533703446388244629e-01
1.144267767667770386e-01
1.762721836566925049e-01
2.372816056013107300e-01
4.639954864978790283e-02
4.660794436931610107e-01
2.992903999984264374e-02
2.860499322414398193e-01
6.285555660724639893e-02
3.098894953727722168e-01
4.745656996965408325e-02
4.126704335212707520e-01
3.082127124071121216e-02
2.431734800338745117e-01
9.024365246295928955e-02
3.566858172416687012e-01
2.135929465293884277e-02
5.647879838943481445e-01
9.517122060060501099e-03
8.534800410270690918e-01
6.355864927172660828e-03
8.582589626312255859e-01
3.989886492490768433e-02
4.414936602115631104e-01
1.772788166999816895e-01
2.391295135021209717e-01
3.216568231582641602e-01
1.007893085479736328e-01
2.404652535915374756e-01
1.773868352174758911e-01
1.456359922885894775e-01
2.589807212352752686e-01
1.035633832216262817e-01
5.243499875068664551e-01
2.608773857355117798e-02
3.934883475303649902e-01
7.695563882589340210e-02
1.697392761707305908e-01
2.717933058738708496e-01
7.261410355567932129e-02
2.917971312999725342e-01
2.296874225139617920e-01
1.276330351829528809e-01
2.518463730812072754e-01
1.027230769395828247e-01
3.262585997581481934e-01
1.085152029991149902e-01
1.248557344079017639e-01
3.716381788253784180e-01
3.026287630200386047e-02
2.859277725219726562e-01
1.280460655689239502e-01
8.946633338928222656e-02
1.942892521619796753e-01
9.445879608392715454e-02
2.335539162158966064e-01
9.529459476470947266e-02
2.405450344085693359e-01
7.825095951557159424e-02
2.108722329139709473e-01
1.507323235273361206e-01
1.511438488960266113e-01
1.413673311471939087e-01
3.083493113517761230e-01
8.410002291202545166e-02
2.234197556972503662e-01
1.815267056226730347e-01
1.426198482513427734e-01
1.830494254827499390e-01
8.753656595945358276e-02
2.062012106180191040e-01
1.618261188268661499e-01
3.668520748615264893e-01
1.160068996250629425e-02
3.872398734092712402e-01
2.632351219654083252e-02
2.524318695068359375e-01
1.317585408687591553e-01
1.506486684083938599e-01
2.234579324722290039e-01
1.094977855682373047e-01
4.517432451248168945e-01
2.488862350583076477e-02
2.098859995603561401e-01
1.108121350407600403e-01
1.398099511861801147e-01
1.549435853958129883e-01
1.103469803929328918e-01
1.912950277328491211e-01
8.539962023496627808e-02
2.292203307151794434e-01
7.143006473779678345e-02
4.664721488952636719e-01
4.375439137220382690e-02
3.756479024887084961e-01
2.411297895014286041e-02
1.025162190198898315e-01
3.983901441097259521e-01
4.287614300847053528e-02
6.398544311523437500e-01
8.928877301514148712e-03
6.428333520889282227e-01
1.572316139936447144e-02
5.813908576965332031e-01
1.455200612545013428e-01
2.129312753677368164e-01
3.672261834144592285e-01
1.497221589088439941e-01
2.397254705429077148e-01
2.492552548646926880e-01
8.036255836486816406e-02
4.234807491302490234e-01
5.580969899892807007e-02
5.412029623985290527e-01
1.584975980222225189e-02
1.625381857156753540e-01
2.861312031745910645e-01
1.113412752747535706e-01
2.299421578645706177e-01
1.396090686321258545e-01
1.863743662834167480e-01
1.542766690254211426e-01
2.178304493427276611e-01
1.399825513362884521e-01
1.446663737297058105e-01
2.051656842231750488e-01
1.882514059543609619e-01
1.146035045385360718e-01
3.213777244091033936e-01
9.554623067378997803e-02
2.196974307298660278e-01
1.217590570449829102e-01
1.202784329652786255e-01
2.236678004264831543e-01
9.006588160991668701e-02
1.204907372593879700e-01
2.611212134361267090e-01
5.639720335602760315e-02
7.442056536674499512e-01
5.573220551013946533e-03
5.716577768325805664e-01
1.612929254770278931e-02
7.994332909584045410e-01
9.588185697793960571e-03
6.187076568603515625e-01
2.527592778205871582e-01
1.850104182958602905e-01
3.980683684349060059e-01
2.364208996295928955e-01
2.985505759716033936e-01
1.555287837982177734e-01
4.425270259380340576e-01
5.739045143127441406e-02
4.480516910552978516e-01
1.104875132441520691e-01
3.109766244888305664e-01
1.675443500280380249e-01
3.416733145713806152e-01
8.003576099872589111e-02
4.701199531555175781e-01
3.375289589166641235e-02
2.821891903877258301e-01
2.006497085094451904e-01
1.668819040060043335e-01
3.281475007534027100e-01
8.909994363784790039e-02
2.917008399963378906e-01
1.332341134548187256e-01
3.164863884449005127e-01
1.694522947072982788e-01
1.512767672538757324e-01
5.474771857261657715e-01
1.799604110419750214e-02
3.990909755229949951e-01
4.531504958868026733e-02
2.976269721984863281e-01
1.361022442579269409e-01
9.544909745454788208e-02
2.140892148017883301e-01
1.578090935945510864e-01
1.809436231851577759e-01
2.669029831886291504e-01
2.035917937755584717e-01
1.541361510753631592e-01
4.013131856918334961e-01
5.821407213807106018e-02
1.310719996690750122e-01
4.027930796146392822e-01
3.589252382516860962e-02
5.304929018020629883e-01
3.893999010324478149e-02
1.019082888960838318e-01
4.079298675060272217e-01
3.250504285097122192e-02
3.563136458396911621e-01
8.730558305978775024e-02
2.848714590072631836e-01
7.974942028522491455e-02
4.231460094451904297e-01
7.468684017658233643e-02
2.160907238721847534e-01
2.028658986091613770e-01
6.975153088569641113e-02
1.762479245662689209e-01
2.371390014886856079e-01
1.039268746972084045e-01
1.598203480243682861e-01
1.600938737392425537e-01
1.846320033073425293e-01
2.080926597118377686e-01
8.546828478574752808e-02
2.658128738403320312e-01
1.262961030006408691e-01
2.672302424907684326e-01
4.742588475346565247e-02
1.695828139781951904e-01
2.256980836391448975e-01
9.888987988233566284e-02
1.602267920970916748e-01
1.947248876094818115e-01
1.019729822874069214e-01
1.210829988121986389e-01
2.169951349496841431e-01
7.364298403263092041e-02
1.459396481513977051e-01
1.386740505695343018e-01
7.560820877552032471e-02
3.018751144409179688e-01
9.663016349077224731e-02
1.919759809970855713e-01
1.455726176500320435e-01
1.030775383114814758e-01
2.044394314289093018e-01
8.292385190725326538e-02
1.784781962633132935e-01
2.281820774078369141e-01
6.522782891988754272e-02
1.176166683435440063e-01
3.370682597160339355e-01
5.133980512619018555e-02
3.809479176998138428e-01
3.144133836030960083e-02
2.934596240520477295e-01
4.332778602838516235e-02
3.871958851814270020e-01
3.643548488616943359e-02
2.039830386638641357e-01
2.451887428760528564e-01
3.196897730231285095e-02
3.669826984405517578e-01
7.845652848482131958e-02
1.175696253776550293e-01
1.021484583616256714e-01
1.670647263526916504e-01
1.918421536684036255e-01
9.235735237598419189e-02
1.543801128864288330e-01
1.596954911947250366e-01
1.181468293070793152e-01
2.019814252853393555e-01
6.335048377513885498e-02
3.820083141326904297e-01
4.819021001458168030e-02
6.974117457866668701e-02
2.840845882892608643e-01
1.848483383655548096e-01
4.764387011528015137e-02
2.250307202339172363e-01
1.184465140104293823e-01
1.265693455934524536e-01
1.530004441738128662e-01
8.147107064723968506e-02
2.050257325172424316e-01
9.012464433908462524e-02
1.759136021137237549e-01
9.640782326459884644e-02
2.815743684768676758e-01
3.082762286067008972e-02
1.805207133293151855e-01
1.263106167316436768e-01
2.128661572933197021e-01
2.119830548763275146e-01
9.281291067600250244e-02
1.451379060745239258e-01
1.103248000144958496e-01
2.771508693695068359e-01
3.435150161385536194e-02
5.719469189643859863e-01
3.534660115838050842e-02
4.246713519096374512e-01
2.531294897198677063e-02
6.503335237503051758e-01
7.373601663857698441e-03
5.620320439338684082e-01
2.893637120723724365e-02
6.149435043334960938e-01
2.028476074337959290e-02
7.029879093170166016e-01
7.193017750978469849e-03
4.736923575401306152e-01
2.269504666328430176e-01
1.139470040798187256e-01
3.856685161590576172e-01
1.961065679788589478e-01
2.755074501037597656e-01
1.304888725280761719e-01
2.577143907546997070e-01
1.613814234733581543e-01
2.358923405408859253e-01
7.232989370822906494e-02
2.875938415527343750e-01
1.210700944066047668e-01
1.934022009372711182e-01
1.898526549339294434e-01
1.350878179073333740e-01
2.642550766468048096e-01
8.093272149562835693e-02
2.053642570972442627e-01
1.176460757851600647e-01
2.676883339881896973e-01
1.131219267845153809e-01
2.618483006954193115e-01
5.969698354601860046e-02
4.278243184089660645e-01
3.016990795731544495e-02
1.061854213476181030e-01
3.941958844661712646e-01
3.247028589248657227e-02
4.729850590229034424e-01
1.458130311220884323e-02
6.048630475997924805e-01
2.614945173263549805e-02
3.979991078376770020e-01
1.425837576389312744e-01
1.256976425647735596e-01
3.204074800014495850e-01
6.300101429224014282e-02
5.334035158157348633e-01
4.264264553785324097e-02
3.882254958152770996e-01
1.802107393741607666e-01
1.719786524772644043e-01
4.198033213615417480e-01
3.020355477929115295e-02
5.805979967117309570e-01
3.646907582879066467e-02
3.862100839614868164e-01
5.483300983905792236e-02
2.444253265857696533e-01
1.463779211044311523e-01
3.222202658653259277e-01
6.109458953142166138e-02
5.824601650238037109e-01
3.050552681088447571e-02
4.730580449104309082e-01
6.095857173204421997e-02
1.267300397157669067e-01
2.994353473186492920e-01
1.015797257423400879e-01
7.817466557025909424e-02
3.425081968307495117e-01
1.237739473581314087e-01
6.030766665935516357e-02
1.451485902070999146e-01
4.300840497016906738e-01
2.219745144248008728e-02
5.448470637202262878e-02
4.198623895645141602e-01
4.238860309123992920e-02
2.329472601413726807e-01
1.165631487965583801e-01
1.858349144458770752e-01
6.484806537628173828e-02
1.726202964782714844e-01
1.820159852504730225e-01
7.826687395572662354e-02
1.460504382848739624e-01
6.370960474014282227e-01
4.308792762458324432e-03
4.772204756736755371e-01
3.250586986541748047e-02
5.640332698822021484e-01
6.881640106439590454e-02
1.557580083608627319e-01
4.102904498577117920e-01
3.912283480167388916e-02
2.876909971237182617e-01
1.531895548105239868e-01
2.218962907791137695e-01
1.859197318553924561e-01
2.824930548667907715e-01
6.901042163372039795e-02
1.954503655433654785e-01
2.118306457996368408e-01
1.231112629175186157e-01
1.518225669860839844e-01
3.238121569156646729e-01
5.695943534374237061e-02
3.727311193943023682e-01
5.360522121191024780e-02
2.813168764114379883e-01
8.114465326070785522e-02
1.452766656875610352e-01
1.703769266605377197e-01
1.459404528141021729e-01
2.049240767955780029e-01
1.495921164751052856e-01
2.220367789268493652e-01
9.000229835510253906e-02
1.804984062910079956e-01
1.226463690400123596e-01
2.162542194128036499e-01
4.211018979549407959e-02
2.164308279752731323e-01
9.893105924129486084e-02
1.176622062921524048e-01
1.558495461940765381e-01
1.117488518357276917e-01
2.224852442741394043e-01
9.818872809410095215e-02
2.010728418827056885e-01
7.946427166461944580e-02
1.677132844924926758e-01
2.487661242485046387e-01
3.843403607606887817e-02
2.754535973072052002e-01
5.146734416484832764e-02
1.183241605758666992e-01
1.980555951595306396e-01
1.048697531223297119e-01
1.926257908344268799e-01
1.481128484010696411e-01
1.902090311050415039e-01
4.861171171069145203e-02
4.753831028938293457e-01
9.504657238721847534e-03
3.068723976612091064e-01
9.548266232013702393e-02
7.764303684234619141e-02
3.712736368179321289e-01
1.266383007168769836e-02
4.199314117431640625e-01
1.865870133042335510e-02
5.353827476501464844e-01
2.587663382291793823e-02
8.710618317127227783e-02
4.475181698799133301e-01
1.827938668429851532e-02
3.400324285030364990e-01
2.851971983909606934e-01
4.465432465076446533e-02
4.733444750308990479e-01
3.020425140857696533e-02
1.913108080625534058e-01
2.264200448989868164e-01
4.640211164951324463e-02
1.635154187679290771e-01
2.602987587451934814e-01
8.304478228092193604e-02
1.689008027315139771e-01
2.110969722270965576e-01
1.300684213638305664e-01
2.039199024438858032e-01
1.850322484970092773e-01
1.618703305721282959e-01
9.981483221054077148e-02
1.523801088333129883e-01
8.050769567489624023e-02
1.687888801097869873e-01
1.809991300106048584e-01
1.342733800411224365e-01
1.196622103452682495e-01
1.722210347652435303e-01
2.306768298149108887e-01
6.156042218208312988e-02
8.580262959003448486e-02
2.291645556688308716e-01
1.587754487991333008e-01
9.401473402976989746e-02
3.914588093757629395e-01
2.860934846103191376e-02
3.741626143455505371e-01
3.711608052253723145e-02
4.340397119522094727e-01
5.680565163493156433e-02
3.314671516418457031e-01
1.279288828372955322e-01
1.089899167418479919e-01
3.049269318580627441e-01
3.156870231032371521e-02
1.561316400766372681e-01
1.990709751844406128e-01
5.542181804776191711e-02
3.938913345336914062e-01
4.248822852969169617e-02
4.668806195259094238e-01
3.908592090010643005e-02
4.436785578727722168e-01
2.152301836758852005e-03
2.801516354084014893e-01
1.635063290596008301e-01
6.550741940736770630e-02
4.124969840049743652e-01
8.067077398300170898e-02
2.736635208129882812e-01
6.828824430704116821e-02
7.431055605411529541e-02
2.909247279167175293e-01
6.835755705833435059e-02
1.318938434123992920e-01
3.484067916870117188e-01
7.520359754562377930e-02
6.130570173263549805e-02
3.439754247665405273e-01
5.408099293708801270e-02
1.612724363803863525e-01
1.911160498857498169e-01
4.503723233938217163e-02
9.289120137691497803e-02
2.432604432106018066e-01
8.766291290521621704e-02
2.727801501750946045e-01
9.255400300025939941e-02
2.504718601703643799e-01
6.377779692411422729e-02
3.339532017707824707e-01
2.731218189001083374e-02
8.214433491230010986e-02
5.986423492431640625e-01
1.187166757881641388e-02
7.253379821777343750e-01
4.502858500927686691e-03
4.486557245254516602e-01
6.130634620785713196e-02
4.376444220542907715e-01
1.026447340846061707e-01
4.430336356163024902e-01
7.798971235752105713e-02
3.527191281318664551e-01
8.989270031452178955e-02
4.110354781150817871e-01
3.209874406456947327e-02
2.959883809089660645e-01
8.120715618133544922e-02
3.146348595619201660e-01
5.912673100829124451e-02
4.404871463775634766e-01
4.533787071704864502e-02
3.758862316608428955e-01
4.364107549190521240e-02
1.752134561538696289e-01
1.425477713346481323e-01
1.756580471992492676e-01
1.949584186077117920e-01
7.539049535989761353e-02
2.257687002420425415e-01
2.040522396564483643e-01
1.457713246345520020e-01
2.543022036552429199e-01
1.157835572957992554e-01
1.486388742923736572e-01
2.013714015483856201e-01
1.646891832351684570e-01
1.412127763032913208e-01
1.939324140548706055e-01
7.715243101119995117e-02
1.485745906829833984e-01
1.492047011852264404e-01
1.541773080825805664e-01
1.161969602108001709e-01
1.920153796672821045e-01
1.204077601432800293e-01
3.148155659437179565e-02
3.605497777462005615e-01
3.234373405575752258e-02
2.574506103992462158e-01
3.926043957471847534e-02
2.088913172483444214e-01
4.924549907445907593e-02
1.467124521732330322e-01
1.766230762004852295e-01
6.221381202340126038e-02
1.929033100605010986e-01
1.459526717662811279e-01
4.334044083952903748e-02
4.479639232158660889e-01
1.266457419842481613e-02
1.330902427434921265e-01
2.810029983520507812e-01
4.032300040125846863e-02
1.224381774663925171e-01
2.264632284641265869e-01
7.797105610370635986e-02
8.463511615991592407e-02
1.546774804592132568e-01
1.941928267478942871e-01
1.078985258936882019e-01
1.127361208200454712e-01
2.360884547233581543e-01
4.025600105524063110e-02
4.924424886703491211e-01
4.367897659540176392e-02
2.447825670242309570e-01
1.050074249505996704e-01
8.977802097797393799e-02
1.940288394689559937e-01
1.023454070091247559e-01
2.255975306034088135e-01
9.960026293992996216e-02
8.451379835605621338e-02
1.785441786050796509e-01
1.268515735864639282e-01
2.507075667381286621e-01
5.666730552911758423e-02
2.458697259426116943e-01
8.129003643989562988e-02
1.360141336917877197e-01
2.357998304069042206e-02
2.321643382310867310e-01
1.157368645071983337e-01
2.862752676010131836e-01
3.267844766378402710e-02
5.451991558074951172e-01
5.099954549223184586e-03
6.242227554321289062e-01
1.516617136076092720e-03
9.409693479537963867e-01
2.800095640122890472e-02
6.382213830947875977e-01
1.121231168508529663e-01
4.688411951065063477e-01
3.484104573726654053e-01
1.943309158086776733e-01
4.752545356750488281e-01
1.662601232528686523e-01
3.476128578186035156e-01
1.164436489343643188e-01
5.625298023223876953e-01
2.277424372732639313e-02
3.223285377025604248e-01
2.216000854969024658e-01
1.416095495223999023e-01
1.256851106882095337e-01
3.833771347999572754e-01
6.892690807580947876e-02
1.854891180992126465e-01
4.400349259376525879e-01
6.691408902406692505e-02
2.078217267990112305e-01
1.622432172298431396e-01
1.983428895473480225e-01
8.973670750856399536e-02
1.619892418384552002e-01
1.969734281301498413e-01
2.346903681755065918e-01
7.590630650520324707e-02
1.873401552438735962e-01
3.117806315422058105e-01
2.966828458011150360e-02
1.343517154455184937e-01
2.720717787742614746e-01
8.750323951244354248e-02
3.018990159034729004e-01
1.148665398359298706e-01
1.743574291467666626e-01
1.704867929220199585e-01
1.046468988060951233e-01
4.174928069114685059e-01
1.966347545385360718e-02
1.246116086840629578e-01
2.840237915515899658e-01
7.599028944969177246e-02
3.207527399063110352e-01
5.221068859100341797e-02
2.722498178482055664e-01
1.366988122463226318e-01
2.587351202964782715e-01
8.861820399761199951e-02
3.497439622879028320e-01
1.445443555712699890e-02
3.497646152973175049e-01
5.524427816271781921e-02
2.552421987056732178e-01
1.425461769104003906e-01
7.148544490337371826e-02
1.513558030128479004e-01
2.896612882614135742e-01
3.545537218451499939e-02
1.604376733303070068e-01
1.387172341346740723e-01
2.123339772224426270e-01
1.492313295602798462e-01
1.515863537788391113e-01
8.621080219745635986e-02
2.521785795688629150e-01
5.307466536760330200e-02
2.620926499366760254e-01
6.023393943905830383e-02
1.121988594532012939e-01
7.978813350200653076e-02
1.068005561828613281e-01
1.684285551309585571e-01
9.374955296516418457e-02
1.600132286548614502e-01
1.698650121688842773e-01
7.668229937553405762e-02
1.588629782199859619e-01
1.178760081529617310e-01
1.493844985961914062e-01
1.631463617086410522e-01
6.026419252157211304e-02
2.940360307693481445e-01
4.752473533153533936e-02
4.234613180160522461e-01
1.744566485285758972e-02
6.348531246185302734e-01
1.051412057131528854e-02
5.138399004936218262e-01
8.340626955032348633e-02
1.720480918884277344e-01
2.290644347667694092e-01
7.583054900169372559e-02
1.854852735996246338e-01
2.189577519893646240e-01
6.902702152729034424e-02
3.631885349750518799e-01
1.260327920317649841e-02
1.490043699741363525e-01
2.670639753341674805e-01
6.346623599529266357e-02
1.334068477153778076e-01
1.813500225543975830e-01
1.518428027629852295e-01
9.440884739160537720e-02
2.328478097915649414e-01
1.245665103197097778e-01
1.649689674377441406e-01
1.986883580684661865e-01
9.146383404731750488e-02
1.691388934850692749e-01
1.415696889162063599e-01
1.167250722646713257e-01
1.546318233013153076e-01
1.246204674243927002e-01
1.265639811754226685e-01
1.753200888633728027e-01
7.202782481908798218e-02
3.660898804664611816e-01
3.008959069848060608e-02
1.519935727119445801e-01
1.648392677307128906e-01
4.464082419872283936e-02
2.844987511634826660e-01
5.950574576854705811e-02
1.730515211820602417e-01
1.404996365308761597e-01
1.142090559005737305e-01
3.977611362934112549e-01
2.103547751903533936e-02
3.372535109519958496e-01
7.493022084236145020e-02
1.160994246602058411e-01
1.182545125484466553e-01
1.124782264232635498e-01
6.880380213260650635e-02
3.097040355205535889e-01
5.030727013945579529e-02
1.661273092031478882e-01
1.018244922161102295e-01
9.836280345916748047e-02
1.377631574869155884e-01
1.959654390811920166e-01
2.175980061292648315e-02
5.407230854034423828e-01
1.290741562843322754e-01
1.471966505050659180e-01
5.225641727447509766e-01
6.874744780361652374e-03
5.915682315826416016e-01
1.862077414989471436e-02
7.689979672431945801e-01
2.389112859964370728e-02
6.820914745330810547e-01
7.525160908699035645e-02
2.333793044090270996e-01
4.649768471717834473e-01
1.449269354343414307e-01
4.751130342483520508e-01
2.314950972795486450e-01
1.884904801845550537e-01
2.804800868034362793e-01
1.267438828945159912e-01
3.412706255912780762e-01
8.782715350389480591e-02
3.517828881740570068e-01
9.755058586597442627e-02
3.028741478919982910e-01
7.352344691753387451e-02
5.569674968719482422e-01
3.578087687492370605e-02
1.664066612720489502e-01
3.563798069953918457e-01
7.212931662797927856e-02
1.998048126697540283e-01
3.203454911708831787e-01
9.154269099235534668e-02
2.999354302883148193e-01
1.828555464744567871e-01
3.136655688285827637e-01
1.077322065830230713e-01
5.040240287780761719e-01
3.807757049798965454e-02
1.934160441160202026e-01
3.371366858482360840e-01
3.286135569214820862e-02
2.557614147663116455e-01
1.166747212409973145e-01
3.314345180988311768e-01
4.534775763750076294e-02
1.608071476221084595e-01
3.140140771865844727e-01
5.300555378198623657e-02
1.826103329658508301e-01
1.176042705774307251e-01
1.565219461917877197e-01
1.705406904220581055e-01
2.306157946586608887e-01
6.935200095176696777e-02
2.448428869247436523e-01
1.102903559803962708e-01
1.468525081872940063e-01
1.748321652412414551e-01
1.404139697551727295e-01
4.273107349872589111e-01
3.018056415021419525e-02
1.187212094664573669e-01
2.861722111701965332e-01
8.206513524055480957e-02
2.546438872814178467e-01
1.306904852390289307e-01
1.416704356670379639e-01
1.312983632087707520e-01
3.323118686676025391e-01
5.205451697111129761e-02
8.438009768724441528e-02
