2.009279727935791016e+00
1.679561018943786621e+00
1.138415217399597168e+00
8.757263422012329102e-01
1.216673612594604492e+00
8.481551408767700195e-01
8.256254196166992188e-01
7.592023611068725586e-01
9.185975790023803711e-01
5.637663602828979492e-01
9.520124197006225586e-01
4.483940303325653076e-01
7.923572659492492676e-01
3.555906414985656738e-01
6.218200922012329102e-01
6.065663099288940430e-01
1.025015354156494141e+00
3.339162766933441162e-01
2.486391812562942505e-01
2.070486783981323242e+00
3.916084468364715576e-01
2.638683319091796875e-01
1.811800003051757812e-01
3.061953067779541016e+00
3.941746652126312256e-01
4.110375642776489258e-01
2.442521154880523682e-01
3.083236217498779297e+00
2.083613574504852295e-01
3.588973283767700195e-01
1.302254796028137207e-01
5.532197952270507812e-01
1.382931172847747803e-01
3.630455732345581055e-01
2.750347852706909180e-01
2.034667432308197021e-01
3.459259271621704102e-01
1.248288974165916443e-01
2.612001895904541016e-01
2.423914372920989990e-01
2.050459980964660645e-01
3.340740799903869629e-01
7.044974714517593384e-02
9.349762648344039917e-02
4.046782553195953369e-01
9.868939965963363647e-02
1.122313961386680603e-01
1.099910885095596313e-01
8.226616382598876953e-01
2.303243130445480347e-01
2.320115715265274048e-01
9.624207764863967896e-02
1.172846406698226929e-01
3.061517477035522461e-01
2.100924029946327209e-02
3.732623159885406494e-02
2.441318780183792114e-01
2.524587213993072510e-01
1.202061921358108521e-01
7.583701014518737793e-01
2.161880433559417725e-01
3.627544939517974854e-01
2.146321535110473633e-01
5.936776474118232727e-02
8.826791495084762573e-02
1.254776716232299805e+00
4.919427931308746338e-01
2.573496401309967041e-01
5.204183980822563171e-02
1.036221161484718323e-01
4.385807737708091736e-02
4.454776644706726074e-01
1.132968366146087646e-01
9.804989397525787354e-02
2.240424454212188721e-01
4.635319709777832031e-01
8.540540337562561035e-01
8.108460158109664917e-02
7.194330096244812012e-01
1.073120236396789551e+00
1.154690310359001160e-01
4.686867594718933105e-01
7.440156936645507812e-01
6.325631141662597656e-01
1.172944664955139160e+00
7.677063345909118652e-01
1.062626123428344727e+00
3.786036372184753418e-01
4.995273351669311523e-01
3.428422212600708008e-01
3.763295114040374756e-01
5.478526353836059570e-01
4.882025420665740967e-01
4.199983477592468262e-01
5.037414431571960449e-01
4.508878588676452637e-01
1.138393998146057129e+00
2.239813327789306641e+00
3.804728686809539795e-01
1.431553840637207031e+00
1.033357620239257812e+00
2.466164976358413696e-01
3.954257965087890625e-01
5.281249284744262695e-01
4.721558690071105957e-01
4.320219755172729492e-01
5.473026633262634277e-01
4.163708686828613281e-01
4.342043399810791016e-01
5.482379198074340820e-01
5.311284661293029785e-01
5.581746101379394531e-01
4.420298039913177490e-01
4.318490326404571533e-01
5.158039927482604980e-01
1.045742511749267578e+00
1.241082668304443359e+00
1.551470041275024414e+00
4.325021505355834961e-01
9.603171944618225098e-01
1.090250372886657715e+00
4.941691756248474121e-01
4.442106485366821289e-01
5.874809026718139648e-01
7.978158593177795410e-01
9.451009035110473633e-01
6.990882158279418945e-01
4.175536036491394043e-01
6.763250827789306641e-01
6.587768197059631348e-01
5.338467955589294434e-01
5.402905344963073730e-01
5.879889130592346191e-01
4.594177007675170898e-01
8.712112903594970703e-01
1.113777279853820801e+00
6.115257740020751953e-01
4.717953205108642578e-01
5.659964084625244141e-01
8.673204183578491211e-01
7.826510071754455566e-01
5.528096556663513184e-01
7.784836292266845703e-01
6.058708429336547852e-01
6.521474123001098633e-01
6.449643373489379883e-01
4.577819705009460449e-01
3.420516252517700195e-01
4.678522944450378418e-01
5.203887820243835449e-01
4.760664105415344238e-01
5.718687176704406738e-01
6.604077219963073730e-01
3.627793788909912109e-01
4.651047885417938232e-01
6.574429273605346680e-01
4.074129164218902588e-01
4.351789057254791260e-01
5.791448354721069336e-01
1.046433568000793457e+00
8.621252775192260742e-01
5.750575065612792969e-01
4.134259223937988281e-01
3.957065939903259277e-01
3.622063994407653809e-01
5.043668150901794434e-01
6.274917125701904297e-01
3.132625520229339600e-01
2.242683917284011841e-01
2.047241032123565674e-01
3.391917943954467773e-01
3.957946896553039551e-01
3.478622734546661377e-01
4.517347216606140137e-01
5.775685906410217285e-01
2.906810045242309570e-01
1.908644735813140869e-01
5.116837024688720703e-01
3.112953007221221924e-01
3.130450546741485596e-01
1.986961364746093750e-01
2.668334245681762695e-01
3.728675842285156250e-01
1.935473978519439697e-01
2.188260853290557861e-01
2.715574204921722412e-01
2.148346602916717529e-01
2.519826889038085938e-01
2.323457747697830200e-01
2.555493116378784180e-01
2.341331839561462402e-01
2.376756072044372559e-01
2.663410604000091553e-01
2.117599695920944214e-01
2.852001190185546875e-01
5.203237533569335938e-01
4.873798787593841553e-01
1.411207914352416992e-01
1.303547382354736328e+00
1.247167229652404785e+00
2.097458094358444214e-01
9.743440747261047363e-01
2.127703130245208740e-01
4.233016073703765869e-01
5.927538275718688965e-01
2.207571268081665039e-01
2.789860367774963379e-01
2.908965647220611572e-01
1.774338632822036743e-01
2.096741646528244019e-01
4.335923790931701660e-01
2.989428043365478516e-01
4.320114254951477051e-01
5.324595570564270020e-01
2.949875593185424805e-01
3.935699760913848877e-01
2.857092320919036865e-01
7.522077560424804688e-01
8.475157618522644043e-01
2.470804750919342041e-01
4.373304843902587891e-01
4.096488654613494873e-01
5.066069364547729492e-01
3.098471462726593018e-01
2.828336358070373535e-01
2.990527749061584473e-01
4.440443217754364014e-01
2.853227257728576660e-01
2.125539183616638184e-01
2.345300763845443726e-01
2.829059958457946777e-01
2.600655853748321533e-01
5.209094285964965820e-01
5.429126024246215820e-01
6.797443628311157227e-01
4.235520362854003906e-01
4.264940023422241211e-01
3.451109230518341064e-01
1.703388988971710205e-01
2.845294177532196045e-01
2.765187919139862061e-01
2.678356766700744629e-01
1.708967983722686768e-01
3.982422649860382080e-01
1.859682202339172363e-01
2.468721717596054077e-01
3.938239812850952148e-01
3.767918348312377930e-01
5.318954586982727051e-01
9.568577408790588379e-01
2.318353891372680664e+00
8.968289941549301147e-02
5.340930819511413574e-01
1.687942892313003540e-01
3.276921510696411133e-01
2.777660787105560303e-01
1.398451477289199829e-01
5.135709047317504883e-01
3.574626445770263672e-01
2.983026504516601562e-01
6.068882942199707031e-01
2.856877148151397705e-01
1.816890537738800049e-01
3.843032121658325195e-01
1.775634139776229858e-01
1.067700535058975220e-01
1.937071681022644043e-01
3.329891562461853027e-01
1.893782913684844971e-01
2.821259498596191406e-01
3.061426281929016113e-01
3.945634663105010986e-01
4.955002069473266602e-01
3.095287680625915527e-01
1.731064319610595703e-01
3.246526718139648438e-01
2.031134366989135742e-01
2.431635707616806030e-01
3.732087612152099609e-01
3.233872950077056885e-01
2.364684641361236572e-01
2.469388842582702637e-01
1.306618899106979370e-01
3.771222531795501709e-01
4.744891524314880371e-01
5.830730199813842773e-01
4.169436395168304443e-01
1.057728677988052368e-01
1.000430583953857422e-01
2.804361581802368164e-01
2.417873293161392212e-01
3.039150238037109375e-01
3.980103731155395508e-01
2.501472830772399902e-01
2.274466305971145630e-01
2.593460083007812500e-01
2.238576263189315796e-01
5.792784690856933594e-01
7.930706143379211426e-01
8.298590183258056641e-01
2.896287441253662109e-01
3.570483624935150146e-01
3.830054998397827148e-01
3.558022081851959229e-01
4.007557332515716553e-01
4.226521849632263184e-01
4.943158328533172607e-01
4.949810206890106201e-01
6.214405894279479980e-01
7.804113626480102539e-01
9.011578559875488281e-01
1.697566747665405273e+00
3.724424540996551514e-01
5.568526387214660645e-01
8.322797417640686035e-01
4.704142212867736816e-01
3.429579138755798340e-01
6.306576728820800781e-01
8.739061355590820312e-01
6.419714093208312988e-01
4.809441268444061279e-01
6.123620271682739258e-01
4.862448275089263916e-01
4.540009796619415283e-01
5.374603271484375000e-01
6.583788394927978516e-01
4.131496548652648926e-01
3.008747398853302002e-01
4.805755317211151123e-01
5.941808819770812988e-01
1.321758985519409180e+00
2.917774438858032227e+00
2.840301752090454102e+00
1.471815824508666992e+00
9.325528144836425781e-01
1.154736518859863281e+00
7.014827728271484375e-01
8.618178367614746094e-01
6.314507126808166504e-01
6.540575027465820312e-01
7.884257435798645020e-01
7.534467577934265137e-01
8.501852750778198242e-01
9.982399940490722656e-01
6.555188298225402832e-01
7.145846486091613770e-01
7.022393941879272461e-01
7.028856277465820312e-01
8.021960258483886719e-01
1.007505297660827637e+00
1.044309854507446289e+00
1.031688690185546875e+00
9.396123290061950684e-01
1.034164428710937500e+00
9.132590293884277344e-01
9.062262773513793945e-01
7.002665996551513672e-01
7.796142101287841797e-01
6.165253520011901855e-01
4.610778689384460449e-01
4.662725329399108887e-01
7.128896713256835938e-01
1.229317665100097656e+00
1.231135725975036621e+00
6.954205632209777832e-01
1.086015701293945312e+00
9.328973293304443359e-01
1.322605133056640625e+00
1.485518455505371094e+00
6.468632221221923828e-01
4.657919406890869141e-01
4.723331928253173828e-01
4.188849925994873047e-01
3.685517907142639160e-01
3.291365504264831543e-01
2.513165473937988281e-01
4.385571181774139404e-01
5.179956555366516113e-01
5.064733028411865234e-01
5.070366859436035156e-01
7.508617639541625977e-01
1.539742588996887207e+00
1.956529736518859863e+00
1.012605071067810059e+00
7.242040038108825684e-01
8.512523174285888672e-01
7.417811155319213867e-01
7.617721557617187500e-01
8.465331792831420898e-01
7.130041718482971191e-01
7.177996635437011719e-01
8.201925754547119141e-01
7.031210660934448242e-01
7.817046642303466797e-01
6.915358304977416992e-01
6.199068427085876465e-01
6.135235428810119629e-01
5.538630485534667969e-01
6.017112731933593750e-01
6.339946985244750977e-01
6.309872865676879883e-01
5.035572052001953125e-01
4.804456830024719238e-01
4.261320531368255615e-01
5.693386793136596680e-01
3.842726945877075195e-01
7.230342030525207520e-01
1.422392606735229492e+00
1.828572988510131836e+00
1.370724201202392578e+00
2.588112950325012207e-01
5.564255714416503906e-01
4.829989075660705566e-01
5.010253190994262695e-01
3.735373020172119141e-01
5.356124639511108398e-01
7.476611137390136719e-01
6.338997483253479004e-01
1.189495801925659180e+00
8.346464633941650391e-01
4.927896261215209961e-01
4.679158926010131836e-01
5.755218267440795898e-01
7.533023357391357422e-01
5.292183160781860352e-01
4.885037243366241455e-01
6.192690134048461914e-01
4.602236747741699219e-01
8.636928200721740723e-01
9.018266201019287109e-01
6.355291604995727539e-01
7.818580269813537598e-01
9.489637613296508789e-01
8.029054403305053711e-01
4.866191446781158447e-01
6.373115181922912598e-01
7.539721727371215820e-01
4.750882387161254883e-01
2.728112339973449707e-01
6.009440422058105469e-01
4.176424741744995117e-01
6.903143525123596191e-01
1.106453180313110352e+00
5.908484458923339844e-01
5.390117168426513672e-01
1.120063424110412598e+00
8.341539502143859863e-01
4.717876911163330078e-01
4.939422607421875000e-01
3.975892663002014160e-01
3.933823406696319580e-01
4.924080967903137207e-01
3.723483383655548096e-01
6.318073272705078125e-01
6.554921865463256836e-01
7.453015446662902832e-01
7.272323369979858398e-01
7.407975196838378906e-01
1.172279238700866699e+00
2.026651144027709961e+00
1.628100514411926270e+00
9.243970513343811035e-01
6.248005032539367676e-01
6.518044471740722656e-01
7.358412742614746094e-01
9.234784841537475586e-01
1.180153131484985352e+00
1.113804221153259277e+00
7.895352840423583984e-01
4.258671700954437256e-01
4.743124544620513916e-01
6.493715047836303711e-01
5.636696815490722656e-01
5.380718708038330078e-01
6.459754705429077148e-01
5.478360652923583984e-01
4.522995948791503906e-01
4.360941648483276367e-01
5.957022309303283691e-01
9.125007390975952148e-01
1.039623379707336426e+00
6.939353346824645996e-01
4.066228568553924561e-01
2.625034749507904053e-01
5.102744102478027344e-01
4.363534748554229736e-01
6.708838939666748047e-01
5.310106277465820312e-01
4.500228762626647949e-01
6.054823994636535645e-01
5.916332602500915527e-01
8.015492558479309082e-01
1.185391187667846680e+00
1.463769674301147461e+00
8.207308053970336914e-01
5.524446964263916016e-01
1.198523402214050293e+00
6.986944079399108887e-01
5.387781858444213867e-01
7.581951022148132324e-01
7.411512732505798340e-01
6.022157669067382812e-01
6.072409152984619141e-01
6.630470752716064453e-01
8.748793601989746094e-01
6.361196041107177734e-01
4.531949162483215332e-01
5.549274682998657227e-01
5.766472220420837402e-01
5.906736850738525391e-01
5.084809660911560059e-01
5.536859035491943359e-01
6.694557666778564453e-01
7.652883529663085938e-01
8.053123950958251953e-01
6.168287396430969238e-01
5.202537775039672852e-01
9.102867245674133301e-01
9.108234643936157227e-01
7.689268589019775391e-01
5.365181565284729004e-01
7.126282453536987305e-01
9.517385363578796387e-01
5.506997108459472656e-01
6.268411874771118164e-01
7.049168348312377930e-01
6.572146415710449219e-01
4.278717637062072754e-01
4.567411541938781738e-01
5.906528830528259277e-01
6.793844103813171387e-01
6.301170587539672852e-01
5.317795872688293457e-01
6.049739122390747070e-01
5.387394428253173828e-01
4.957970082759857178e-01
4.744751453399658203e-01
7.820895314216613770e-01
5.821148157119750977e-01
6.977012157440185547e-01
5.317262411117553711e-01
7.041509747505187988e-01
6.915150880813598633e-01
4.776450395584106445e-01
4.171606004238128662e-01
6.099116802215576172e-01
4.717767834663391113e-01
4.885822236537933350e-01
5.510267019271850586e-01
5.143272876739501953e-01
6.016099452972412109e-01
6.640781164169311523e-01
6.764861345291137695e-01
5.664971470832824707e-01
5.968055129051208496e-01
6.981645226478576660e-01
7.243229150772094727e-01
7.105314731597900391e-01
6.393183469772338867e-01
5.488271117210388184e-01
5.772535800933837891e-01
5.354235172271728516e-01
4.220812916755676270e-01
4.069086611270904541e-01
5.379748344421386719e-01
5.944701433181762695e-01
6.105288267135620117e-01
4.784738719463348389e-01
4.998076260089874268e-01
3.386496901512145996e-01
2.785245180130004883e-01
5.198922753334045410e-01
1.239175677299499512e+00
3.188477516174316406e+00
7.110785245895385742e-01
8.310028314590454102e-01
9.052343368530273438e-01
1.128621578216552734e+00
7.884753942489624023e-01
5.408992767333984375e-01
9.139516353607177734e-01
4.427526295185089111e-01
5.370492935180664062e-01
6.897378563880920410e-01
5.069171786308288574e-01
6.555470824241638184e-01
4.103853404521942139e-01
5.735276341438293457e-01
6.686180830001831055e-01
7.249666452407836914e-01
9.124218821525573730e-01
1.043825149536132812e+00
6.658380627632141113e-01
3.683295249938964844e-01
1.284272551536560059e+00
1.545329093933105469e+00
1.574325561523437500e+00
8.709046840667724609e-01
9.144221544265747070e-01
8.126100301742553711e-01
8.406280279159545898e-01
6.781033277511596680e-01
6.393527388572692871e-01
4.660488069057464600e-01
4.016548097133636475e-01
4.171292185783386230e-01
5.151113271713256836e-01
5.689792633056640625e-01
6.377254724502563477e-01
5.148528814315795898e-01
5.514171123504638672e-01
7.047135233879089355e-01
9.041213989257812500e-01
8.287159204483032227e-01
3.730297982692718506e-01
2.468532174825668335e-01
5.847304463386535645e-01
5.740609765052795410e-01
5.550362467765808105e-01
5.580194592475891113e-01
5.716260671615600586e-01
4.560722112655639648e-01
4.393670558929443359e-01
4.979372620582580566e-01
5.808404684066772461e-01
1.043323993682861328e+00
8.306166529655456543e-01
6.599447727203369141e-01
4.496068954467773438e-01
5.484797954559326172e-01
4.117692112922668457e-01
6.088411808013916016e-01
7.169325351715087891e-01
7.599175572395324707e-01
9.471508264541625977e-01
8.890678286552429199e-01
6.186702251434326172e-01
2.889373898506164551e-01
7.452427744865417480e-01
5.942101478576660156e-01
6.643235683441162109e-01
7.208211421966552734e-01
1.095430493354797363e+00
9.148050546646118164e-01
8.939110040664672852e-01
1.027029156684875488e+00
1.102082371711730957e+00
6.216823458671569824e-01
4.317561089992523193e-01
6.089993715286254883e-01
5.070694684982299805e-01
4.496945142745971680e-01
6.540773510932922363e-01
5.992044806480407715e-01
5.365195870399475098e-01
5.407338142395019531e-01
5.535142421722412109e-01
4.709750115871429443e-01
4.555140137672424316e-01
5.632091164588928223e-01
6.273665428161621094e-01
6.714677214622497559e-01
8.762775063514709473e-01
1.243757605552673340e+00
1.489086866378784180e+00
9.117759466171264648e-01
4.675940871238708496e-01
1.022368550300598145e+00
1.045954823493957520e+00
5.623259544372558594e-01
3.455577492713928223e-01
3.370228409767150879e-01
4.667247533798217773e-01
5.156385302543640137e-01
4.236064553260803223e-01
3.733641505241394043e-01
4.542715549468994141e-01
6.472602486610412598e-01
5.175930261611938477e-01
5.789971351623535156e-01
5.866305828094482422e-01
6.267105340957641602e-01
8.873091936111450195e-01
6.535463333129882812e-01
3.106874525547027588e-01
3.819454908370971680e-01
3.451718688011169434e-01
3.458170890808105469e-01
4.529801309108734131e-01
5.835500359535217285e-01
5.794994235038757324e-01
6.371190547943115234e-01
4.782988131046295166e-01
5.772275924682617188e-01
5.770096778869628906e-01
5.927405357360839844e-01
7.446177005767822266e-01
1.124480962753295898e+00
1.916842699050903320e+00
9.634893536567687988e-01
6.062976717948913574e-01
8.240746259689331055e-01
6.445411443710327148e-01
9.456426501274108887e-01
8.253836035728454590e-01
5.055835247039794922e-01
5.080896019935607910e-01
4.958318173885345459e-01
5.608503222465515137e-01
9.201757907867431641e-01
6.408661603927612305e-01
6.909989118576049805e-01
3.397715687751770020e-01
5.731655955314636230e-01
8.889905810356140137e-01
7.949092984199523926e-01
3.434678316116333008e-01
6.245747804641723633e-01
7.585116624832153320e-01
7.014800310134887695e-01
7.128514051437377930e-01
5.751308202743530273e-01
6.072806119918823242e-01
5.779304504394531250e-01
8.390664458274841309e-01
7.526713609695434570e-01
7.234121561050415039e-01
6.560549736022949219e-01
6.564561128616333008e-01
6.945164203643798828e-01
6.988597512245178223e-01
8.120532035827636719e-01
7.113975882530212402e-01
5.711076259613037109e-01
5.783075094223022461e-01
4.779439866542816162e-01
3.941339850425720215e-01
4.760717749595642090e-01
3.724936842918395996e-01
3.339062631130218506e-01
4.912982881069183350e-01
5.441574454307556152e-01
5.106136202812194824e-01
5.468280315399169922e-01
6.064943075180053711e-01
5.068122148513793945e-01
6.634281873703002930e-01
5.175350904464721680e-01
6.503767371177673340e-01
4.979003667831420898e-01
7.186901569366455078e-01
1.163759112358093262e+00
1.232596158981323242e+00
5.134208202362060547e-01
3.961033225059509277e-01
4.577567577362060547e-01
6.941660046577453613e-01
7.457599639892578125e-01
6.805973649024963379e-01
7.482483983039855957e-01
4.417975246906280518e-01
6.862492561340332031e-01
4.372250437736511230e-01
5.444507598876953125e-01
6.863396167755126953e-01
7.929419875144958496e-01
7.381082773208618164e-01
1.723415613174438477e+00
2.504920244216918945e+00
1.698281049728393555e+00
1.140341758728027344e+00
6.652779579162597656e-01
8.087747693061828613e-01
8.775178194046020508e-01
7.804166078567504883e-01
1.155679106712341309e+00
1.089366436004638672e+00
1.048056125640869141e+00
1.025510191917419434e+00
1.075891017913818359e+00
1.200176835060119629e+00
7.489705085754394531e-01
8.863654136657714844e-01
7.201104760169982910e-01
7.765142321586608887e-01
8.692556023597717285e-01
7.660815119743347168e-01
6.969915628433227539e-01
6.301952600479125977e-01
5.630418062210083008e-01
4.832131564617156982e-01
6.132801175117492676e-01
9.691132903099060059e-01
1.104547381401062012e+00
8.235293626785278320e-01
5.448571443557739258e-01
4.372353553771972656e-01
5.644493699073791504e-01
6.884043216705322266e-01
5.386801958084106445e-01
5.547193288803100586e-01
5.693560838699340820e-01
5.890213251113891602e-01
5.639289617538452148e-01
3.867993056774139404e-01
3.826785981655120850e-01
5.159411430358886719e-01
3.590289354324340820e-01
4.826363921165466309e-01
5.894919633865356445e-01
5.502209663391113281e-01
5.224931240081787109e-01
3.847784399986267090e-01
4.813258647918701172e-01
6.815580725669860840e-01
5.245164632797241211e-01
6.631084084510803223e-01
5.563095808029174805e-01
5.203602313995361328e-01
9.683581590652465820e-01
7.875338792800903320e-01
6.540496349334716797e-01
8.951646089553833008e-01
1.069053053855895996e+00
7.155662178993225098e-01
3.945163488388061523e-01
5.360127687454223633e-01
8.338339924812316895e-01
7.505087256431579590e-01
5.791044831275939941e-01
6.581156253814697266e-01
6.434355378150939941e-01
7.903508543968200684e-01
7.840445041656494141e-01
7.764968276023864746e-01
6.593083143234252930e-01
6.077302694320678711e-01
6.257623434066772461e-01
7.214955091476440430e-01
7.905239462852478027e-01
5.408234596252441406e-01
5.873124599456787109e-01
4.060057103633880615e-01
5.091444849967956543e-01
7.239710092544555664e-01
8.132816553115844727e-01
6.588843464851379395e-01
3.053956627845764160e-01
4.304471611976623535e-01
5.301719903945922852e-01
4.533213078975677490e-01
3.902149796485900879e-01
5.490140914916992188e-01
5.656381249427795410e-01
5.500404238700866699e-01
6.116461157798767090e-01
3.908960223197937012e-01
5.079255104064941406e-01
3.448957204818725586e-01
3.986904621124267578e-01
6.287556290626525879e-01
7.103983759880065918e-01
4.213389158248901367e-01
4.062901139259338379e-01
5.024538040161132812e-01
6.567784547805786133e-01
6.997216939926147461e-01
7.779767513275146484e-01
1.141175508499145508e+00
9.879121184349060059e-01
1.018248796463012695e+00
6.268457174301147461e-01
4.075675606727600098e-01
1.040923595428466797e+00
8.349613547325134277e-01
6.382254362106323242e-01
5.722981691360473633e-01
7.344603538513183594e-01
7.552636265754699707e-01
9.444358944892883301e-01
1.226798772811889648e+00
1.224779129028320312e+00
1.232400894165039062e+00
7.524967193603515625e-01
4.073150753974914551e-01
4.431991279125213623e-01
6.450294256210327148e-01
6.807931661605834961e-01
7.593908309936523438e-01
7.214038372039794922e-01
5.848653316497802734e-01
6.731710433959960938e-01
5.092422962188720703e-01
8.087121248245239258e-01
6.144695878028869629e-01
4.207482933998107910e-01
9.105634689331054688e-01
8.261532783508300781e-01
5.404882431030273438e-01
7.303082942962646484e-01
5.280866026878356934e-01
5.611270666122436523e-01
6.223697662353515625e-01
6.587993502616882324e-01
4.398992657661437988e-01
7.349669933319091797e-01
6.621754169464111328e-01
8.840441703796386719e-01
6.016433835029602051e-01
6.400779485702514648e-01
5.929163098335266113e-01
5.204130411148071289e-01
6.644078493118286133e-01
8.162909746170043945e-01
7.181615233421325684e-01
7.938786745071411133e-01
9.676479101181030273e-01
1.128504276275634766e+00
1.093207120895385742e+00
5.896552801132202148e-01
6.730793714523315430e-01
5.789044499397277832e-01
7.648661732673645020e-01
6.866550445556640625e-01
1.050437808036804199e+00
9.971593022346496582e-01
6.056256890296936035e-01
5.522500276565551758e-01
5.111740827560424805e-01
5.918776988983154297e-01
6.788434982299804688e-01
7.861387729644775391e-01
1.069704055786132812e+00
1.032239794731140137e+00
4.858440756797790527e-01
3.447278439998626709e-01
1.083798527717590332e+00
1.423214077949523926e+00
1.606430530548095703e+00
2.307489395141601562e+00
1.469780802726745605e+00
9.665243029594421387e-01
5.559158921241760254e-01
5.953631997108459473e-01
9.541802406311035156e-01
7.308590412139892578e-01
4.890820980072021484e-01
5.921692252159118652e-01
7.214063405990600586e-01
6.411889791488647461e-01
7.931866645812988281e-01
6.887242794036865234e-01
8.682277202606201172e-01
6.131805181503295898e-01
7.623175978660583496e-01
6.426761746406555176e-01
6.328483819961547852e-01
5.410122871398925781e-01
5.549084544181823730e-01
6.502044796943664551e-01
3.089559674263000488e-01
5.858292579650878906e-01
6.053978204727172852e-01
5.548326969146728516e-01
7.174213528633117676e-01
6.842508316040039062e-01
6.020305156707763672e-01
8.690632581710815430e-01
7.831360101699829102e-01
6.648507118225097656e-01
3.355678617954254150e-01
4.191281795501708984e-01
5.418471097946166992e-01
6.976040005683898926e-01
7.506953477859497070e-01
5.537474155426025391e-01
5.919459462165832520e-01
5.329148769378662109e-01
7.863126397132873535e-01
6.631299257278442383e-01
4.259428977966308594e-01
5.614706277847290039e-01
7.210997939109802246e-01
6.162993907928466797e-01
6.333942413330078125e-01
4.862931370735168457e-01
7.379320263862609863e-01
5.566014051437377930e-01
5.859365463256835938e-01
5.632972717285156250e-01
5.723676681518554688e-01
6.546456813812255859e-01
6.373592615127563477e-01
6.857576370239257812e-01
1.127383232116699219e+00
8.317818045616149902e-01
9.324653148651123047e-01
5.510503053665161133e-01
4.133589863777160645e-01
5.591319799423217773e-01
5.816811323165893555e-01
7.524785995483398438e-01
5.989468693733215332e-01
5.710514783859252930e-01
4.413001239299774170e-01
6.580802202224731445e-01
5.952425599098205566e-01
8.753298521041870117e-01
5.206210613250732422e-01
4.476821422576904297e-01
5.323632955551147461e-01
6.036891341209411621e-01
8.238499760627746582e-01
7.410339713096618652e-01
7.062421441078186035e-01
5.455602407455444336e-01
5.632797479629516602e-01
6.351178884506225586e-01
7.824641466140747070e-01
9.840552806854248047e-01
7.084621787071228027e-01
6.197889447212219238e-01
5.106521844863891602e-01
6.460580229759216309e-01
5.793885588645935059e-01
5.035644173622131348e-01
9.351510405540466309e-01
1.407001256942749023e+00
6.742550134658813477e-01
5.023163557052612305e-01
5.033712983131408691e-01
6.167448759078979492e-01
5.724250078201293945e-01
7.543425559997558594e-01
6.324078440666198730e-01
7.840964794158935547e-01
6.885697841644287109e-01
3.913903534412384033e-01
4.694904685020446777e-01
5.577439665794372559e-01
6.444090604782104492e-01
6.925154328346252441e-01
1.028546452522277832e+00
1.081563949584960938e+00
6.754161119461059570e-01
5.114128589630126953e-01
8.747356534004211426e-01
1.479733109474182129e+00
1.058415770530700684e+00
7.780370116233825684e-01
7.253514528274536133e-01
7.217645049095153809e-01
1.407633900642395020e+00
8.209517598152160645e-01
9.465087652206420898e-01
9.253298044204711914e-01
6.189165115356445312e-01
3.512198925018310547e-01
5.701169967651367188e-01
6.345716118812561035e-01
7.061417102813720703e-01
1.152831196784973145e+00
1.050004124641418457e+00
5.643798112869262695e-01
4.326605200767517090e-01
5.883277654647827148e-01
5.434328913688659668e-01
5.178318023681640625e-01
6.248946189880371094e-01
4.978836774826049805e-01
4.759567081928253174e-01
4.532833099365234375e-01
5.720326304435729980e-01
7.776055932044982910e-01
8.778797984123229980e-01
9.236054420471191406e-01
1.118039846420288086e+00
7.651966214179992676e-01
3.517202138900756836e-01
5.757738351821899414e-01
7.624854445457458496e-01
4.851824045181274414e-01
3.930858969688415527e-01
1.043955445289611816e+00
8.916529417037963867e-01
8.768819570541381836e-01
5.872963666915893555e-01
6.549504995346069336e-01
3.757776618003845215e-01
5.328071117401123047e-01
4.949021339416503906e-01
4.374418258666992188e-01
5.359385013580322266e-01
5.184848308563232422e-01
6.341271400451660156e-01
5.644939541816711426e-01
6.221937537193298340e-01
4.125269651412963867e-01
4.349763393402099609e-01
5.050368905067443848e-01
5.119002461433410645e-01
4.379397034645080566e-01
5.387959480285644531e-01
4.763141572475433350e-01
4.964604377746582031e-01
7.117391228675842285e-01
7.554873228073120117e-01
8.333577513694763184e-01
4.613341391086578369e-01
5.218408703804016113e-01
8.094756007194519043e-01
7.533994913101196289e-01
3.315963447093963623e-01
3.191525936126708984e-01
5.485719442367553711e-01
4.553588330745697021e-01
6.675174236297607422e-01
4.473861455917358398e-01
5.702845454216003418e-01
8.504492044448852539e-01
5.635943412780761719e-01
5.133700370788574219e-01
5.101228952407836914e-01
5.486331582069396973e-01
1.217848300933837891e+00
1.703721404075622559e+00
1.407505035400390625e+00
3.209306597709655762e-01
5.202273726463317871e-01
1.280494213104248047e+00
1.396002173423767090e+00
4.624366760253906250e-01
5.328445434570312500e-01
7.504217624664306641e-01
5.191057324409484863e-01
9.351177215576171875e-01
8.510041832923889160e-01
5.378816127777099609e-01
4.674698710441589355e-01
5.674526691436767578e-01
7.961953282356262207e-01
3.279815614223480225e-01
4.978300333023071289e-01
7.301985025405883789e-01
7.853121757507324219e-01
7.536522150039672852e-01
4.072245359420776367e-01
7.407416701316833496e-01
6.273940205574035645e-01
4.795487821102142334e-01
4.947918057441711426e-01
7.854070663452148438e-01
7.500537037849426270e-01
4.850134849548339844e-01
3.608779907226562500e-01
3.874910473823547363e-01
4.614449143409729004e-01
5.458588600158691406e-01
6.456469297409057617e-01
3.792615234851837158e-01
3.975636959075927734e-01
6.510128378868103027e-01
6.554800271987915039e-01
7.206844091415405273e-01
6.269614100456237793e-01
9.288529157638549805e-01
9.024936556816101074e-01
7.185320258140563965e-01
6.310999989509582520e-01
3.375711441040039062e-01
8.373163938522338867e-01
1.089017033576965332e+00
8.104988932609558105e-01
7.071285843849182129e-01
4.971722364425659180e-01
4.275776147842407227e-01
3.812794387340545654e-01
5.455800294876098633e-01
7.115607857704162598e-01
8.987019062042236328e-01
8.028779625892639160e-01
5.349757075309753418e-01
3.656008839607238770e-01
3.715578913688659668e-01
3.446990549564361572e-01
5.699787735939025879e-01
8.812543749809265137e-01
1.353625774383544922e+00
1.254503726959228516e+00
9.380180835723876953e-01
1.660951256752014160e+00
1.094131350517272949e+00
5.253143906593322754e-01
9.086038470268249512e-01
7.417922019958496094e-01
6.654236912727355957e-01
6.758707761764526367e-01
5.339395403861999512e-01
5.019751191139221191e-01
5.012343525886535645e-01
4.790534377098083496e-01
5.296324491500854492e-01
4.905107021331787109e-01
4.592932462692260742e-01
5.472240447998046875e-01
3.680909574031829834e-01
5.043208599090576172e-01
8.329831361770629883e-01
5.909515023231506348e-01
4.727489650249481201e-01
6.508513092994689941e-01
6.060035824775695801e-01
5.638155937194824219e-01
6.280857920646667480e-01
7.831372022628784180e-01
4.551486968994140625e-01
6.201537847518920898e-01
4.517703652381896973e-01
6.073010563850402832e-01
7.102956771850585938e-01
6.053050756454467773e-01
4.743138849735260010e-01
4.933025538921356201e-01
4.429613053798675537e-01
6.644200682640075684e-01
6.703466773033142090e-01
6.133984327316284180e-01
5.042636394500732422e-01
4.738085269927978516e-01
6.400942802429199219e-01
4.860304594039916992e-01
4.733038544654846191e-01
4.415405690670013428e-01
4.093098640441894531e-01
3.966534137725830078e-01
5.571457743644714355e-01
4.778174757957458496e-01
3.385008871555328369e-01
3.920821547508239746e-01
4.020290970802307129e-01
4.851946234703063965e-01
5.774348974227905273e-01
6.778726577758789062e-01
1.058589339256286621e+00
7.250419259071350098e-01
4.442892074584960938e-01
5.708376765251159668e-01
6.566743850708007812e-01
1.097870469093322754e+00
6.150508522987365723e-01
6.519271731376647949e-01
3.956518173217773438e-01
5.765710473060607910e-01
4.735326766967773438e-01
6.447827816009521484e-01
6.329568624496459961e-01
7.107791900634765625e-01
3.309911489486694336e-01
5.001320838928222656e-01
4.901638031005859375e-01
4.546412229537963867e-01
6.818121671676635742e-01
4.127076268196105957e-01
3.638538122177124023e-01
3.912716805934906006e-01
6.892504692077636719e-01
7.431563735008239746e-01
1.207941651344299316e+00
1.571217894554138184e+00
1.164420127868652344e+00
4.487285614013671875e-01
5.362666249275207520e-01
3.339273929595947266e-01
4.622538685798645020e-01
5.501826405525207520e-01
4.415602684020996094e-01
4.097061157226562500e-01
4.393342733383178711e-01
3.215328454971313477e-01
3.309743106365203857e-01
3.280060589313507080e-01
6.158129572868347168e-01
2.657927870750427246e-01
4.268332719802856445e-01
3.862765431404113770e-01
3.648080825805664062e-01
4.990809559822082520e-01
4.589430391788482666e-01
9.229034781455993652e-01
1.434208273887634277e+00
2.315134048461914062e+00
9.256314039230346680e-01
4.781337976455688477e-01
8.976086974143981934e-01
9.218571782112121582e-01
6.345161199569702148e-01
3.762767314910888672e-01
8.756105899810791016e-01
8.480542302131652832e-01
1.607837677001953125e+00
1.533490180969238281e+00
2.100618839263916016e+00
9.490796327590942383e-01
3.515868782997131348e-01
2.245239466428756714e-01
6.444186568260192871e-01
7.957115173339843750e-01
7.030460834503173828e-01
7.700084447860717773e-01
8.294738531112670898e-01
8.541772365570068359e-01
1.238991498947143555e+00
1.067164063453674316e+00
1.213841915130615234e+00
4.137657880783081055e-01
4.429081380367279053e-01
1.100688815116882324e+00
7.379549741744995117e-01
5.981698036193847656e-01
6.312016844749450684e-01
1.176247119903564453e+00
9.453858733177185059e-01
6.700235605239868164e-01
3.757071495056152344e-01
7.301461696624755859e-01
1.006405472755432129e+00
7.578366398811340332e-01
5.600366592407226562e-01
5.477688908576965332e-01
7.408857941627502441e-01
3.641367554664611816e-01
7.145916223526000977e-01
9.771007299423217773e-01
1.187976717948913574e+00
4.428012967109680176e-01
8.463593125343322754e-01
8.452102541923522949e-01
5.188741683959960938e-01
4.684715867042541504e-01
6.553984880447387695e-01
4.192575216293334961e-01
4.794833660125732422e-01
7.399491071701049805e-01
4.480105936527252197e-01
5.439484715461730957e-01
8.816571831703186035e-01
3.879572749137878418e-01
3.758283853530883789e-01
3.685156106948852539e-01
7.142003774642944336e-01
5.442497730255126953e-01
5.411818027496337891e-01
4.391265213489532471e-01
4.353016018867492676e-01
4.357801079750061035e-01
5.612537264823913574e-01
8.184495568275451660e-01
6.555871963500976562e-01
6.491601467132568359e-01
5.454905629158020020e-01
5.262222290039062500e-01
5.490560531616210938e-01
4.335201084613800049e-01
4.975042343139648438e-01
5.969084501266479492e-01
8.985151052474975586e-01
9.004495143890380859e-01
4.733916521072387695e-01
3.931072652339935303e-01
5.681844353675842285e-01
5.486606955528259277e-01
3.669878840446472168e-01
4.777562320232391357e-01
4.485059976577758789e-01
9.679321050643920898e-01
9.090722799301147461e-01
1.154402852058410645e+00
8.948400020599365234e-01
4.892824292182922363e-01
6.788736581802368164e-01
8.527904748916625977e-01
6.654897332191467285e-01
3.024334013462066650e-01
4.845800697803497314e-01
5.780010223388671875e-01
5.138042569160461426e-01
3.159795105457305908e-01
4.033316373825073242e-01
4.470870494842529297e-01
5.202963948249816895e-01
5.137110352516174316e-01
5.883067846298217773e-01
4.843604564666748047e-01
5.089548826217651367e-01
6.580396890640258789e-01
6.686897873878479004e-01
6.953886747360229492e-01
6.842979788780212402e-01
5.008830428123474121e-01
3.931145370006561279e-01
5.540773868560791016e-01
5.431309938430786133e-01
7.850346565246582031e-01
1.132516026496887207e+00
1.559476971626281738e+00
8.827914595603942871e-01
3.779999315738677979e-01
5.155694484710693359e-01
4.921174049377441406e-01
6.841352581977844238e-01
5.838086009025573730e-01
6.148313283920288086e-01
5.420134067535400391e-01
5.035247802734375000e-01
6.549230813980102539e-01
1.135858774185180664e+00
9.538249373435974121e-01
1.319476723670959473e+00
1.348864912986755371e+00
4.688902795314788818e-01
7.401678562164306641e-01
8.002972006797790527e-01
8.398762941360473633e-01
7.897903919219970703e-01
7.293182611465454102e-01
7.511029839515686035e-01
4.802748560905456543e-01
6.243431568145751953e-01
6.959110498428344727e-01
7.756946086883544922e-01
4.033443927764892578e-01
6.558507680892944336e-01
5.688533782958984375e-01
7.304482460021972656e-01
1.209363937377929688e+00
1.176858186721801758e+00
4.611593484878540039e-01
5.864637494087219238e-01
5.481075048446655273e-01
4.896622300148010254e-01
6.394690275192260742e-01
5.168360471725463867e-01
3.771983385086059570e-01
5.384649038314819336e-01
5.201013088226318359e-01
6.299304962158203125e-01
4.966723620891571045e-01
5.559667348861694336e-01
5.637924075126647949e-01
6.162175536155700684e-01
7.030938863754272461e-01
6.583706736564636230e-01
5.876740813255310059e-01
4.570794105529785156e-01
5.977601408958435059e-01
4.728036820888519287e-01
5.146489143371582031e-01
6.588219404220581055e-01
4.416916072368621826e-01
6.548953056335449219e-01
6.032508611679077148e-01
4.579364657402038574e-01
4.005013406276702881e-01
4.319521188735961914e-01
6.204383373260498047e-01
7.798267006874084473e-01
9.396186470985412598e-01
4.130982458591461182e-01
5.422910451889038086e-01
5.652679800987243652e-01
6.975649595260620117e-01
5.058206915855407715e-01
6.352206468582153320e-01
6.892774701118469238e-01
1.083827137947082520e+00
1.134233951568603516e+00
9.837048053741455078e-01
8.703673481941223145e-01
3.393687307834625244e-01
3.819826245307922363e-01
3.421209454536437988e-01
3.635747432708740234e-01
3.425402045249938965e-01
5.365058183670043945e-01
1.501597046852111816e+00
2.787843942642211914e+00
2.273237943649291992e+00
1.263440847396850586e+00
8.229197859764099121e-01
5.002208948135375977e-01
5.232362747192382812e-01
5.019982457160949707e-01
6.742877364158630371e-01
7.200855612754821777e-01
7.138229608535766602e-01
4.743530750274658203e-01
4.901180267333984375e-01
6.700556874275207520e-01
5.720564126968383789e-01
6.805385947227478027e-01
4.667281508445739746e-01
6.122485995292663574e-01
6.972811222076416016e-01
4.556892812252044678e-01
3.866580426692962646e-01
6.792377829551696777e-01
5.341224074363708496e-01
5.710418224334716797e-01
5.925294756889343262e-01
6.096647381782531738e-01
3.856527209281921387e-01
5.048136711120605469e-01
4.981129765510559082e-01
4.380592107772827148e-01
6.182192564010620117e-01
8.644920587539672852e-01
7.668106555938720703e-01
7.742449641227722168e-01
5.781583786010742188e-01
5.448871850967407227e-01
3.794140815734863281e-01
4.544922113418579102e-01
6.375724077224731445e-01
5.873551368713378906e-01
4.816357493400573730e-01
7.321839332580566406e-01
5.178133249282836914e-01
4.436621665954589844e-01
4.821810424327850342e-01
3.920430541038513184e-01
5.365533828735351562e-01
6.360308527946472168e-01
5.112131834030151367e-01
6.388735771179199219e-01
4.596441984176635742e-01
7.050597667694091797e-01
5.712220668792724609e-01
5.932994484901428223e-01
6.524624824523925781e-01
5.847414731979370117e-01
4.505515098571777344e-01
4.301509559154510498e-01
4.923210740089416504e-01
5.506258010864257812e-01
8.847200870513916016e-01
5.822459459304809570e-01
5.006508827209472656e-01
5.582466125488281250e-01
6.015733480453491211e-01
6.494750380516052246e-01
3.614814281463623047e-01
4.783918857574462891e-01
6.028227210044860840e-01
5.057005882263183594e-01
6.278029680252075195e-01
5.843625068664550781e-01
4.177280664443969727e-01
4.773692190647125244e-01
4.089860618114471436e-01
7.394239306449890137e-01
5.638960003852844238e-01
5.792920589447021484e-01
4.991839230060577393e-01
6.002264022827148438e-01
5.513486862182617188e-01
3.881808519363403320e-01
4.314320981502532959e-01
6.027839183807373047e-01
6.037055253982543945e-01
4.966952800750732422e-01
5.371714830398559570e-01
4.766924381256103516e-01
3.706524968147277832e-01
5.174223184585571289e-01
4.719516038894653320e-01
5.353845357894897461e-01
4.508521556854248047e-01
3.522220253944396973e-01
3.915528357028961182e-01
4.860314726829528809e-01
6.602033972740173340e-01
1.046698451042175293e+00
1.662155032157897949e+00
2.329182624816894531e+00
2.395598173141479492e+00
9.967008829116821289e-01
6.796857118606567383e-01
7.007988691329956055e-01
7.004421353340148926e-01
6.822891235351562500e-01
7.888731956481933594e-01
9.729855656623840332e-01
1.058098196983337402e+00
1.010095834732055664e+00
3.906502723693847656e-01
3.881118893623352051e-01
6.211184859275817871e-01
5.338282585144042969e-01
7.230522036552429199e-01
8.255788683891296387e-01
6.609451770782470703e-01
4.997302591800689697e-01
4.661650657653808594e-01
9.613503217697143555e-01
1.195045709609985352e+00
1.307551026344299316e+00
9.511625170707702637e-01
7.375832200050354004e-01
4.619963169097900391e-01
4.158383607864379883e-01
8.035138249397277832e-01
5.835276842117309570e-01
5.484945178031921387e-01
5.836337804794311523e-01
6.343415975570678711e-01
4.319550096988677979e-01
6.069941520690917969e-01
6.742892265319824219e-01
6.304479837417602539e-01
6.387841701507568359e-01
5.660817623138427734e-01
6.334569454193115234e-01
1.103185653686523438e+00
1.253870725631713867e+00
5.754709839820861816e-01
5.061306357383728027e-01
7.809041738510131836e-01
5.409945249557495117e-01
6.231477260589599609e-01
6.557017564773559570e-01
5.618195533752441406e-01
5.098523497581481934e-01
5.570641160011291504e-01
6.061994433403015137e-01
7.111265659332275391e-01
5.328706502914428711e-01
5.171769857406616211e-01
4.352388381958007812e-01
6.406142115592956543e-01
6.980881094932556152e-01
6.975994110107421875e-01
7.240611314773559570e-01
6.827559471130371094e-01
4.169681668281555176e-01
4.699825346469879150e-01
4.404945969581604004e-01
4.321143031120300293e-01
5.027035474777221680e-01
5.776371955871582031e-01
6.920354366302490234e-01
3.879056572914123535e-01
5.296147465705871582e-01
6.036577224731445312e-01
6.789301633834838867e-01
6.988395452499389648e-01
6.952424049377441406e-01
7.039588093757629395e-01
6.594735980033874512e-01
5.147653222084045410e-01
5.550485849380493164e-01
4.732587337493896484e-01
5.302728414535522461e-01
6.017658114433288574e-01
4.458110332489013672e-01
4.146033525466918945e-01
7.116572260856628418e-01
5.446947813034057617e-01
5.701271891593933105e-01
4.471440911293029785e-01
7.182288169860839844e-01
4.777684807777404785e-01
5.541988015174865723e-01
6.655886173248291016e-01
3.799307942390441895e-01
3.679693639278411865e-01
5.658552646636962891e-01
7.308584451675415039e-01
7.434849143028259277e-01
5.450013875961303711e-01
4.235116243362426758e-01
5.073623061180114746e-01
6.451451778411865234e-01
5.825664997100830078e-01
4.519884884357452393e-01
4.157796800136566162e-01
3.830771744251251221e-01
2.901298403739929199e-01
3.911489844322204590e-01
4.343163371086120605e-01
4.568051993846893311e-01
4.099339842796325684e-01
5.376803874969482422e-01
5.843428969383239746e-01
4.038411676883697510e-01
3.332009911537170410e-01
4.874576926231384277e-01
9.094837307929992676e-01
1.438259601593017578e+00
2.253378629684448242e+00
1.490859508514404297e+00
7.042009234428405762e-01
4.996056556701660156e-01
4.789326190948486328e-01
5.058324933052062988e-01
6.393633484840393066e-01
7.387751340866088867e-01
8.910384178161621094e-01
6.061627268791198730e-01
5.898811817169189453e-01
4.617835879325866699e-01
4.997515082359313965e-01
4.344124794006347656e-01
4.625355005264282227e-01
5.508942604064941406e-01
5.266460180282592773e-01
5.269904136657714844e-01
5.418738126754760742e-01
5.536702275276184082e-01
8.534318208694458008e-01
6.039139032363891602e-01
5.593259334564208984e-01
4.703949689865112305e-01
5.177232623100280762e-01
5.227092504501342773e-01
5.368601679801940918e-01
6.774033904075622559e-01
4.039328694343566895e-01
5.175524950027465820e-01
4.390117228031158447e-01
6.166976690292358398e-01
5.612187385559082031e-01
6.048915386199951172e-01
7.122839689254760742e-01
6.375980377197265625e-01
8.123999834060668945e-01
6.673313379287719727e-01
6.882824897766113281e-01
3.590516746044158936e-01
4.573299884796142578e-01
4.509507417678833008e-01
5.469786524772644043e-01
5.683268308639526367e-01
2.632940411567687988e-01
5.354881286621093750e-01
7.418866753578186035e-01
8.487856984138488770e-01
9.569818377494812012e-01
7.548725605010986328e-01
6.216239929199218750e-01
4.555791020393371582e-01
4.115483164787292480e-01
4.425841271877288818e-01
5.015023946762084961e-01
7.122859954833984375e-01
6.337609291076660156e-01
5.346591472625732422e-01
3.912601768970489502e-01
3.609658479690551758e-01
5.689028501510620117e-01
4.315838813781738281e-01
4.954164624214172363e-01
4.965302348136901855e-01
5.420030355453491211e-01
4.105438590049743652e-01
5.842471718788146973e-01
5.298751592636108398e-01
4.844547212123870850e-01
5.067667961120605469e-01
4.999389350414276123e-01
4.247836768627166748e-01
5.121666193008422852e-01
7.940384149551391602e-01
7.409471869468688965e-01
5.408360958099365234e-01
4.027245044708251953e-01
3.886823952198028564e-01
5.506942272186279297e-01
4.564563035964965820e-01
4.224836528301239014e-01
4.201304614543914795e-01
6.359716653823852539e-01
5.929934978485107422e-01
5.622429847717285156e-01
3.143981099128723145e-01
4.427173733711242676e-01
5.288635492324829102e-01
5.234810113906860352e-01
6.541900634765625000e-01
4.128028750419616699e-01
4.237589836120605469e-01
5.307913422584533691e-01
4.947424530982971191e-01
5.191204547882080078e-01
4.549033343791961670e-01
5.921193957328796387e-01
5.642426013946533203e-01
5.888054370880126953e-01
4.307974278926849365e-01
4.130960702896118164e-01
3.419944643974304199e-01
3.845126330852508545e-01
4.827732145786285400e-01
4.212997555732727051e-01
5.459640026092529297e-01
5.493357777595520020e-01
5.485115051269531250e-01
6.174337863922119141e-01
4.927071928977966309e-01
7.645897269248962402e-01
5.420691967010498047e-01
7.988131642341613770e-01
1.020847320556640625e+00
9.353049993515014648e-01
9.890555143356323242e-01
8.029662370681762695e-01
5.111439228057861328e-01
6.984174251556396484e-01
5.963408946990966797e-01
7.365781068801879883e-01
6.021866798400878906e-01
5.165923237800598145e-01
5.282571315765380859e-01
5.318376421928405762e-01
6.508483290672302246e-01
7.040292620658874512e-01
7.135670185089111328e-01
6.418198943138122559e-01
7.667824625968933105e-01
7.404368519783020020e-01
1.550528407096862793e+00
2.304932594299316406e+00
5.419193506240844727e-01
4.968697130680084229e-01
7.444417476654052734e-01
9.403868317604064941e-01
7.388855218887329102e-01
6.705728769302368164e-01
4.403832554817199707e-01
4.471975862979888916e-01
7.890846729278564453e-01
9.341657161712646484e-01
1.143399000167846680e+00
8.093262314796447754e-01
1.679371237754821777e+00
1.796200752258300781e+00
2.908097803592681885e-01
1.445870518684387207e+00
1.020578503608703613e+00
1.431125283241271973e+00
1.022746682167053223e+00
5.594048500061035156e-01
8.042781949043273926e-01
7.782609462738037109e-01
6.027184724807739258e-01
7.373394370079040527e-01
5.309692621231079102e-01
5.573524236679077148e-01
4.921811819076538086e-01
5.173684358596801758e-01
5.605759620666503906e-01
5.911663770675659180e-01
6.547819375991821289e-01
5.144540667533874512e-01
4.950546324253082275e-01
1.007753849029541016e+00
1.040851950645446777e+00
1.000529289245605469e+00
7.683325409889221191e-01
8.374059796333312988e-01
4.670962095260620117e-01
3.625595271587371826e-01
8.667595386505126953e-01
8.591148853302001953e-01
1.359048008918762207e+00
1.080455780029296875e+00
6.941412687301635742e-01
5.210296511650085449e-01
4.288489818572998047e-01
6.886754035949707031e-01
7.373421192169189453e-01
7.432482838630676270e-01
8.168619275093078613e-01
3.801256418228149414e-01
5.040837526321411133e-01
6.119405031204223633e-01
6.138477325439453125e-01
7.052958607673645020e-01
5.292855501174926758e-01
4.775068759918212891e-01
3.544584512710571289e-01
3.731640279293060303e-01
4.769368171691894531e-01
5.048317909240722656e-01
4.005751907825469971e-01
6.003163456916809082e-01
5.974963903427124023e-01
5.752897262573242188e-01
3.490917086601257324e-01
4.179795086383819580e-01
5.486359596252441406e-01
5.172141194343566895e-01
8.195448517799377441e-01
8.218199014663696289e-01
6.835881471633911133e-01
4.940263032913208008e-01
5.931980013847351074e-01
5.268152952194213867e-01
3.724116981029510498e-01
7.321200966835021973e-01
7.046079635620117188e-01
5.011137723922729492e-01
5.857509374618530273e-01
5.215021967887878418e-01
6.324088573455810547e-01
4.818821847438812256e-01
5.249735116958618164e-01
4.597974121570587158e-01
5.862728357315063477e-01
4.222052097320556641e-01
5.123301744461059570e-01
4.271200001239776611e-01
5.141310095787048340e-01
5.134398937225341797e-01
4.708702266216278076e-01
4.388377666473388672e-01
4.305702149868011475e-01
4.743712544441223145e-01
5.191810727119445801e-01
5.583106279373168945e-01
4.849501848220825195e-01
5.278133153915405273e-01
4.630273878574371338e-01
4.031372666358947754e-01
3.718990683555603027e-01
3.968655467033386230e-01
4.071206450462341309e-01
3.570334315299987793e-01
4.038372635841369629e-01
4.110295474529266357e-01
5.833300352096557617e-01
6.227704882621765137e-01
3.862238228321075439e-01
4.559754729270935059e-01
5.210874676704406738e-01
3.641808629035949707e-01
4.285009205341339111e-01
4.854430556297302246e-01
5.599381923675537109e-01
4.803090095520019531e-01
5.040661096572875977e-01
4.387110769748687744e-01
2.466765046119689941e-01
3.074033856391906738e-01
4.430377781391143799e-01
5.050171017646789551e-01
4.919592142105102539e-01
3.654374480247497559e-01
4.455990195274353027e-01
3.465355634689331055e-01
4.273978471755981445e-01
5.249059200286865234e-01
5.800151228904724121e-01
4.068135619163513184e-01
4.306005239486694336e-01
3.500626087188720703e-01
4.260516464710235596e-01
5.922675132751464844e-01
3.815910518169403076e-01
3.337714374065399170e-01
3.759410381317138672e-01
3.964332938194274902e-01
5.009427070617675781e-01
7.804732918739318848e-01
9.973523616790771484e-01
8.666761517524719238e-01
2.176066875457763672e+00
2.858931779861450195e+00
1.070210337638854980e+00
7.913566231727600098e-01
7.938742637634277344e-01
8.469310402870178223e-01
9.601613879203796387e-01
9.225814938545227051e-01
1.080700755119323730e+00
6.755118370056152344e-01
1.547218918800354004e+00
1.992215633392333984e+00
1.197134256362915039e+00
1.000795841217041016e+00
6.641082763671875000e-01
4.624161720275878906e-01
5.071483254432678223e-01
5.591111183166503906e-01
6.184843778610229492e-01
5.331051349639892578e-01
5.832257270812988281e-01
6.880990266799926758e-01
7.602441906929016113e-01
6.665636897087097168e-01
6.402458548545837402e-01
5.691899061203002930e-01
5.733706951141357422e-01
5.177091360092163086e-01
6.131291389465332031e-01
5.252624750137329102e-01
4.821524322032928467e-01
5.442986488342285156e-01
6.114007234573364258e-01
5.952112674713134766e-01
5.140438675880432129e-01
4.742094576358795166e-01
4.370353221893310547e-01
5.363332033157348633e-01
4.612220227718353271e-01
5.225532054901123047e-01
4.818181097507476807e-01
5.304324626922607422e-01
6.209211945533752441e-01
5.584418773651123047e-01
5.399598479270935059e-01
4.411156177520751953e-01
5.994316339492797852e-01
5.235205292701721191e-01
5.491218566894531250e-01
4.435570836067199707e-01
6.980999708175659180e-01
3.749213814735412598e-01
3.845506310462951660e-01
3.941832780838012695e-01
4.425925016403198242e-01
4.370567798614501953e-01
3.537662625312805176e-01
3.401001393795013428e-01
4.742161929607391357e-01
5.282102227210998535e-01
6.370688080787658691e-01
4.984236359596252441e-01
4.153936803340911865e-01
4.805438518524169922e-01
6.023724675178527832e-01
5.859357118606567383e-01
4.890954494476318359e-01
3.609149456024169922e-01
4.095981121063232422e-01
4.004223346710205078e-01
3.785021603107452393e-01
3.911558687686920166e-01
3.904998898506164551e-01
6.009939908981323242e-01
7.511321902275085449e-01
8.685524463653564453e-01
7.012073993682861328e-01
8.425501585006713867e-01
6.852508783340454102e-01
4.035674631595611572e-01
4.430964589118957520e-01
4.922315478324890137e-01
7.736532688140869141e-01
7.768336534500122070e-01
4.218545556068420410e-01
5.355685949325561523e-01
7.300534248352050781e-01
1.061071395874023438e+00
1.020364642143249512e+00
1.147820353507995605e+00
1.107784152030944824e+00
8.158411979675292969e-01
6.146072149276733398e-01
6.166449189186096191e-01
6.359398961067199707e-01
4.900081157684326172e-01
3.416218459606170654e-01
4.006190001964569092e-01
4.267517924308776855e-01
3.824120163917541504e-01
4.368497729301452637e-01
6.828809380531311035e-01
5.388820767402648926e-01
4.197913408279418945e-01
4.039166867733001709e-01
4.485286176204681396e-01
4.615010619163513184e-01
4.961401820182800293e-01
4.227089881896972656e-01
5.284214019775390625e-01
7.950767874717712402e-01
8.210384249687194824e-01
5.087605118751525879e-01
6.430757045745849609e-01
6.793200969696044922e-01
4.518121182918548584e-01
3.891440629959106445e-01
4.291957616806030273e-01
5.025840401649475098e-01
5.393207669258117676e-01
5.846732854843139648e-01
6.603726148605346680e-01
5.238713026046752930e-01
3.299794793128967285e-01
3.179345130920410156e-01
4.615476131439208984e-01
4.474691748619079590e-01
4.219352900981903076e-01
6.002869009971618652e-01
6.007602214813232422e-01
4.468428194522857666e-01
5.980025529861450195e-01
6.369403600692749023e-01
6.804474592208862305e-01
6.035504341125488281e-01
5.795445442199707031e-01
5.748959183692932129e-01
4.776672422885894775e-01
5.762149691581726074e-01
4.461218714714050293e-01
3.626307845115661621e-01
5.467075109481811523e-01
4.326285421848297119e-01
4.426098465919494629e-01
6.315000057220458984e-01
6.172713041305541992e-01
4.544828236103057861e-01
3.976870179176330566e-01
4.432981312274932861e-01
3.927232921123504639e-01
5.002284049987792969e-01
4.773752093315124512e-01
3.534495234489440918e-01
4.142778217792510986e-01
3.057091236114501953e-01
4.169115424156188965e-01
4.167035520076751709e-01
4.272993803024291992e-01
5.766859054565429688e-01
5.694513320922851562e-01
6.395823955535888672e-01
5.649901032447814941e-01
9.427099227905273438e-01
1.301870703697204590e+00
8.357588052749633789e-01
9.067391157150268555e-01
1.124806046485900879e+00
4.215488731861114502e-01
4.339556097984313965e-01
7.878217697143554688e-01
8.305374979972839355e-01
5.082674622535705566e-01
3.428925573825836182e-01
4.533835053443908691e-01
5.694251656532287598e-01
5.768002867698669434e-01
4.757477343082427979e-01
4.847121834754943848e-01
5.033513903617858887e-01
4.359529614448547363e-01
3.851646780967712402e-01
4.765952229499816895e-01
4.754546582698822021e-01
3.176615536212921143e-01
3.640108704566955566e-01
3.711201846599578857e-01
3.071897029876708984e-01
3.081670403480529785e-01
3.525329232215881348e-01
3.514769673347473145e-01
4.582510888576507568e-01
4.589963555335998535e-01
3.980131745338439941e-01
4.801000952720642090e-01
6.095259189605712891e-01
6.564770340919494629e-01
3.407928347587585449e-01
4.805893003940582275e-01
4.600380063056945801e-01
7.750682830810546875e-01
8.258116841316223145e-01
8.390951156616210938e-01
7.330737113952636719e-01
1.160918593406677246e+00
1.217687368392944336e+00
6.432603597640991211e-01
4.069493412971496582e-01
5.218321084976196289e-01
5.728250741958618164e-01
5.660119056701660156e-01
4.406152963638305664e-01
4.872018694877624512e-01
5.897451639175415039e-01
5.246770381927490234e-01
7.103908658027648926e-01
8.386248350143432617e-01
1.071406722068786621e+00
2.145893096923828125e+00
2.049584865570068359e+00
9.697952866554260254e-01
8.803918957710266113e-01
7.040143013000488281e-01
5.738431215286254883e-01
6.567665934562683105e-01
5.805518627166748047e-01
6.286243796348571777e-01
4.558110833168029785e-01
5.781096220016479492e-01
4.396682381629943848e-01
4.874850809574127197e-01
5.621724724769592285e-01
4.349456429481506348e-01
4.244201183319091797e-01
4.546237289905548096e-01
3.946220874786376953e-01
5.306347608566284180e-01
4.000611305236816406e-01
4.566448926925659180e-01
4.493331313133239746e-01
3.915584087371826172e-01
5.679617524147033691e-01
4.812228381633758545e-01
4.134732484817504883e-01
5.154318213462829590e-01
8.580721616744995117e-01
7.600588202476501465e-01
4.119541943073272705e-01
5.410059094429016113e-01
5.883662104606628418e-01
5.453560948371887207e-01
5.166278481483459473e-01
4.966882467269897461e-01
4.722872376441955566e-01
3.785020112991333008e-01
3.815540671348571777e-01
4.177674949169158936e-01
4.108877182006835938e-01
4.611534774303436279e-01
5.240855216979980469e-01
4.008282423019409180e-01
4.265791773796081543e-01
5.122525095939636230e-01
6.950244307518005371e-01
6.761420965194702148e-01
5.929313302040100098e-01
3.935819268226623535e-01
4.812522530555725098e-01
4.468991160392761230e-01
5.620924234390258789e-01
7.216503620147705078e-01
4.899396300315856934e-01
5.081514716148376465e-01
4.939524233341217041e-01
5.282070636749267578e-01
4.686110913753509521e-01
5.574669241905212402e-01
5.286279916763305664e-01
3.299389481544494629e-01
4.342626929283142090e-01
4.028205573558807373e-01
4.201186299324035645e-01
4.195040762424468994e-01
4.557241201400756836e-01
3.493829667568206787e-01
4.348325431346893311e-01
5.594036579132080078e-01
4.436047077178955078e-01
5.064593553543090820e-01
3.471190333366394043e-01
6.197340488433837891e-01
4.228674769401550293e-01
7.398291826248168945e-01
1.188421726226806641e+00
9.617906808853149414e-01
6.216295361518859863e-01
4.257756173610687256e-01
4.047323465347290039e-01
3.478048443794250488e-01
6.713362336158752441e-01
1.041746973991394043e+00
1.140367984771728516e+00
9.210485219955444336e-01
7.670640945434570312e-01
4.728195667266845703e-01
4.610106945037841797e-01
4.558511674404144287e-01
5.026284456253051758e-01
4.798831939697265625e-01
5.117111802101135254e-01
3.179066479206085205e-01
4.521263241767883301e-01
5.200583934783935547e-01
4.753653705120086670e-01
4.589424133300781250e-01
3.901076316833496094e-01
4.236710667610168457e-01
4.333406984806060791e-01
4.187203049659729004e-01
4.362370967864990234e-01
4.764072000980377197e-01
3.958464264869689941e-01
5.890053510665893555e-01
5.469734668731689453e-01
2.886916995048522949e-01
2.403083145618438721e-01
3.119242191314697266e-01
4.234887659549713135e-01
4.641790986061096191e-01
5.829348564147949219e-01
6.316676735877990723e-01
9.543806314468383789e-01
1.276289582252502441e+00
1.863978147506713867e+00
1.265035033226013184e+00
3.341585695743560791e-01
5.083997249603271484e-01
6.945825219154357910e-01
7.231298089027404785e-01
4.214839935302734375e-01
3.707103729248046875e-01
5.740528106689453125e-01
5.089142322540283203e-01
5.130409598350524902e-01
4.444775581359863281e-01
3.645499050617218018e-01
5.983430147171020508e-01
6.063735485076904297e-01
3.902629315853118896e-01
4.427168369293212891e-01
4.835645556449890137e-01
5.347635746002197266e-01
3.747450709342956543e-01
5.002532005310058594e-01
3.465211987495422363e-01
4.845714569091796875e-01
8.202072381973266602e-01
7.605122327804565430e-01
5.837901234626770020e-01
2.876846492290496826e-01
4.930133223533630371e-01
5.000625848770141602e-01
4.719583094120025635e-01
5.842614173889160156e-01
4.600741565227508545e-01
4.913913607597351074e-01
4.617411494255065918e-01
5.474979281425476074e-01
3.611727356910705566e-01
4.237624108791351318e-01
4.500059485435485840e-01
4.914733171463012695e-01
3.995625078678131104e-01
3.637055456638336182e-01
4.445670545101165771e-01
4.436877965927124023e-01
5.026220083236694336e-01
2.838357985019683838e-01
3.162392079830169678e-01
4.245562553405761719e-01
5.948271155357360840e-01
6.452547907829284668e-01
4.300183057785034180e-01
3.807223439216613770e-01
3.866681754589080811e-01
4.324875175952911377e-01
3.359170556068420410e-01
4.569098353385925293e-01
4.110732972621917725e-01
3.047667741775512695e-01
5.413740277290344238e-01
9.170707464218139648e-01
1.800508975982666016e+00
1.278809309005737305e+00
5.279702544212341309e-01
5.303850173950195312e-01
4.386521577835083008e-01
5.052177906036376953e-01
5.247820019721984863e-01
5.579550862312316895e-01
7.840920686721801758e-01
7.256678938865661621e-01
7.080214023590087891e-01
6.773631572723388672e-01
9.846113920211791992e-01
1.391242861747741699e+00
1.119743704795837402e+00
1.473412394523620605e+00
9.273899197578430176e-01
4.208847284317016602e-01
3.865786492824554443e-01
3.821856379508972168e-01
3.781115710735321045e-01
5.200455188751220703e-01
7.526232004165649414e-01
7.342480421066284180e-01
8.340883255004882812e-01
7.322197556495666504e-01
5.404124855995178223e-01
4.143270850181579590e-01
2.916756272315979004e-01
3.961836695671081543e-01
4.922713041305541992e-01
4.957320690155029297e-01
4.884924292564392090e-01
5.208154320716857910e-01
5.306032896041870117e-01
5.363336205482482910e-01
6.351523399353027344e-01
6.835544705390930176e-01
7.162328362464904785e-01
4.498199820518493652e-01
3.364118635654449463e-01
6.641386747360229492e-01
7.121604084968566895e-01
5.493149757385253906e-01
4.336059689521789551e-01
4.694053828716278076e-01
4.424574375152587891e-01
3.417871892452239990e-01
4.357265830039978027e-01
5.229306221008300781e-01
6.307054162025451660e-01
7.251263260841369629e-01
1.006997823715209961e+00
8.647654652595520020e-01
3.171360790729522705e-01
3.738700449466705322e-01
8.284755349159240723e-01
1.252892494201660156e+00
1.100715279579162598e+00
4.409978389739990234e-01
3.922112584114074707e-01
5.793914198875427246e-01
4.623141884803771973e-01
5.257562994956970215e-01
4.938711225986480713e-01
5.215502977371215820e-01
4.000329077243804932e-01
4.387938976287841797e-01
4.516126513481140137e-01
5.289623737335205078e-01
5.420938134193420410e-01
4.038177132606506348e-01
5.242557525634765625e-01
4.546980857849121094e-01
3.305829763412475586e-01
4.992060065269470215e-01
5.411212444305419922e-01
5.559163093566894531e-01
4.301575422286987305e-01
5.103028416633605957e-01
4.868558347225189209e-01
5.354284644126892090e-01
5.855721235275268555e-01
3.168932795524597168e-01
4.135825634002685547e-01
3.944119215011596680e-01
2.996545732021331787e-01
4.779399037361145020e-01
4.422854185104370117e-01
4.304801225662231445e-01
4.266011416912078857e-01
4.194594621658325195e-01
4.197849035263061523e-01
2.820101380348205566e-01
4.188389778137207031e-01
5.288512110710144043e-01
4.197554290294647217e-01
3.678067326545715332e-01
4.199534952640533447e-01
5.609071254730224609e-01
7.144189476966857910e-01
6.646976470947265625e-01
8.662700653076171875e-01
7.792528867721557617e-01
6.616176962852478027e-01
4.523199200630187988e-01
5.197526812553405762e-01
2.991769015789031982e-01
4.126082062721252441e-01
4.143477082252502441e-01
4.425076842308044434e-01
5.636960864067077637e-01
4.340254664421081543e-01
4.543512165546417236e-01
5.586906671524047852e-01
4.315975606441497803e-01
4.110075831413269043e-01
4.783765673637390137e-01
4.691086113452911377e-01
5.561009645462036133e-01
5.768209099769592285e-01
5.039937496185302734e-01
4.275463223457336426e-01
4.302572607994079590e-01
4.738224744796752930e-01
5.648836493492126465e-01
6.625146865844726562e-01
1.247616648674011230e+00
1.502395987510681152e+00
2.242967605590820312e+00
2.149828672409057617e+00
8.098110556602478027e-01
5.788432955741882324e-01
6.345172524452209473e-01
6.600126624107360840e-01
9.305747151374816895e-01
2.648092508316040039e+00
2.110132932662963867e+00
6.602959036827087402e-01
9.232679605484008789e-01
9.253447055816650391e-01
1.221152782440185547e+00
9.327487349510192871e-01
1.322291374206542969e+00
1.664415597915649414e+00
1.535074591636657715e+00
5.681942701339721680e-01
5.091919898986816406e-01
9.180776476860046387e-01
7.265609502792358398e-01
9.023952484130859375e-01
6.302887797355651855e-01
5.711166262626647949e-01
5.421882271766662598e-01
4.874721169471740723e-01
6.724832653999328613e-01
3.607670068740844727e-01
5.979897975921630859e-01
7.588095068931579590e-01
7.427825331687927246e-01
5.084595680236816406e-01
5.781467556953430176e-01
4.659001827239990234e-01
4.719625711441040039e-01
7.100537419319152832e-01
7.341389656066894531e-01
5.616211891174316406e-01
3.960171341896057129e-01
4.010131657123565674e-01
4.274995326995849609e-01
4.882293939590454102e-01
4.991854429244995117e-01
5.798569321632385254e-01
5.164697170257568359e-01
5.338199734687805176e-01
6.197735071182250977e-01
7.513521909713745117e-01
7.034537196159362793e-01
6.049052476882934570e-01
4.481198191642761230e-01
4.910233020782470703e-01
5.968716144561767578e-01
5.443144440650939941e-01
5.425554513931274414e-01
4.927158951759338379e-01
4.080010950565338135e-01
3.866537809371948242e-01
5.350781679153442383e-01
5.519303083419799805e-01
4.268878400325775146e-01
3.565496802330017090e-01
4.766173362731933594e-01
3.872489035129547119e-01
4.596755802631378174e-01
4.607209265232086182e-01
4.957695603370666504e-01
6.023064255714416504e-01
4.310453236103057861e-01
3.751512169837951660e-01
4.012959599494934082e-01
3.749418258666992188e-01
5.680090188980102539e-01
4.630532562732696533e-01
4.535645842552185059e-01
7.192188501358032227e-01
9.921866655349731445e-01
8.138592839241027832e-01
5.696885585784912109e-01
5.065609216690063477e-01
6.362717151641845703e-01
4.949692487716674805e-01
5.249587893486022949e-01
4.454217553138732910e-01
4.347215890884399414e-01
4.151920378208160400e-01
5.561787486076354980e-01
3.447054028511047363e-01
5.592285394668579102e-01
5.606082677841186523e-01
5.321870446205139160e-01
6.465077400207519531e-01
4.397179782390594482e-01
4.355579316616058350e-01
3.828319907188415527e-01
5.091837048530578613e-01
5.452855825424194336e-01
7.864023447036743164e-01
7.124853134155273438e-01
5.564017295837402344e-01
4.208061695098876953e-01
4.368633031845092773e-01
3.848229646682739258e-01
5.029302835464477539e-01
3.718883693218231201e-01
4.332536458969116211e-01
6.045145392417907715e-01
6.334790587425231934e-01
8.394200801849365234e-01
6.767576932907104492e-01
9.190735220909118652e-01
1.438928604125976562e+00
1.046542763710021973e+00
4.921955466270446777e-01
5.323116779327392578e-01
4.134622812271118164e-01
6.084326505661010742e-01
7.461497783660888672e-01
7.435903549194335938e-01
5.806813240051269531e-01
3.462706208229064941e-01
5.064943432807922363e-01
7.134742736816406250e-01
6.417752504348754883e-01
5.422791838645935059e-01
5.349974632263183594e-01
7.462831735610961914e-01
6.818344593048095703e-01
5.978388190269470215e-01
4.589721560478210449e-01
3.832553923130035400e-01
4.379480779170989990e-01
5.816221237182617188e-01
7.004284858703613281e-01
7.557718753814697266e-01
9.249092936515808105e-01
4.440199732780456543e-01
3.423025012016296387e-01
5.016593933105468750e-01
6.511317491531372070e-01
7.448492050170898438e-01
6.915724277496337891e-01
8.724136352539062500e-01
8.062342405319213867e-01
7.832232117652893066e-01
4.067463278770446777e-01
7.847645282745361328e-01
9.409243464469909668e-01
8.142330646514892578e-01
1.030858278274536133e+00
7.360526919364929199e-01
5.039436221122741699e-01
4.281529188156127930e-01
4.924027621746063232e-01
5.020247697830200195e-01
4.414787590503692627e-01
4.371388554573059082e-01
4.188026487827301025e-01
3.257400095462799072e-01
3.198096156120300293e-01
5.723319649696350098e-01
5.762640237808227539e-01
6.920413374900817871e-01
6.141096949577331543e-01
5.356980562210083008e-01
3.896127641201019287e-01
5.855493545532226562e-01
4.617732763290405273e-01
5.012560486793518066e-01
2.848643958568572998e-01
4.264287352561950684e-01
4.477153122425079346e-01
5.367352962493896484e-01
4.888643622398376465e-01
5.676695704460144043e-01
4.676567614078521729e-01
4.270925223827362061e-01
5.919560194015502930e-01
6.369779109954833984e-01
5.488544106483459473e-01
5.282610058784484863e-01
4.727520346641540527e-01
5.811162590980529785e-01
3.621855974197387695e-01
5.012224912643432617e-01
6.566535234451293945e-01
7.274612188339233398e-01
8.921108245849609375e-01
6.264994740486145020e-01
6.157762408256530762e-01
5.593271255493164062e-01
3.871862888336181641e-01
4.084081053733825684e-01
4.534732997417449951e-01
5.725328922271728516e-01
6.672307252883911133e-01
1.117231130599975586e+00
1.440485239028930664e+00
6.932182312011718750e-01
5.296838283538818359e-01
7.525345087051391602e-01
7.122930288314819336e-01
7.609136104583740234e-01
9.252187609672546387e-01
8.031611442565917969e-01
8.646048307418823242e-01
8.567475080490112305e-01
1.031348824501037598e+00
8.430505394935607910e-01
6.618267297744750977e-01
4.839651882648468018e-01
5.915172100067138672e-01
5.569229125976562500e-01
5.820912718772888184e-01
6.165236830711364746e-01
5.948374271392822266e-01
4.493727684020996094e-01
2.844740748405456543e-01
4.602223038673400879e-01
5.483477711677551270e-01
4.490965008735656738e-01
4.470556378364562988e-01
6.084496378898620605e-01
5.664095878601074219e-01
6.616368293762207031e-01
4.799029231071472168e-01
5.546293854713439941e-01
6.807236671447753906e-01
7.957330942153930664e-01
6.081460118293762207e-01
3.916711211204528809e-01
4.404882192611694336e-01
3.989832997322082520e-01
4.852855503559112549e-01
4.934687018394470215e-01
5.348755717277526855e-01
6.049014329910278320e-01
7.222201228141784668e-01
5.874444246292114258e-01
3.823029994964599609e-01
3.407464027404785156e-01
4.043781757354736328e-01
5.923319458961486816e-01
5.800588130950927734e-01
5.832551121711730957e-01
5.937428474426269531e-01
5.077276825904846191e-01
5.230569839477539062e-01
4.513344764709472656e-01
2.865740656852722168e-01
4.138244390487670898e-01
5.959814786911010742e-01
4.400315880775451660e-01
3.025866746902465820e-01
3.468595445156097412e-01
4.602057337760925293e-01
3.967477679252624512e-01
5.796907544136047363e-01
1.038745522499084473e+00
8.128153085708618164e-01
1.076064109802246094e+00
1.000029325485229492e+00
6.414819955825805664e-01
5.586317777633666992e-01
5.085217356681823730e-01
8.633494377136230469e-01
1.070821762084960938e+00
2.100787162780761719e+00
1.260596871376037598e+00
3.431277871131896973e-01
4.113373160362243652e-01
4.445760846138000488e-01
4.251525402069091797e-01
5.508730411529541016e-01
7.010317444801330566e-01
5.389677286148071289e-01
5.936776399612426758e-01
5.190953016281127930e-01
4.447352886199951172e-01
5.216747522354125977e-01
4.472259283065795898e-01
6.476759910583496094e-01
6.566567420959472656e-01
1.044251561164855957e+00
6.862195730209350586e-01
6.558163166046142578e-01
4.055801033973693848e-01
4.697188436985015869e-01
6.763206124305725098e-01
7.235633730888366699e-01
6.443982720375061035e-01
4.541046619415283203e-01
4.792697429656982422e-01
3.764149248600006104e-01
6.736379861831665039e-01
5.928893685340881348e-01
5.675811767578125000e-01
7.261939048767089844e-01
5.295315384864807129e-01
3.835907578468322754e-01
3.659432530403137207e-01
3.332250118255615234e-01
5.032517910003662109e-01
5.123541951179504395e-01
5.084429979324340820e-01
5.867428183555603027e-01
6.677231788635253906e-01
8.891763687133789062e-01
5.536969900131225586e-01
4.295691251754760742e-01
4.430530965328216553e-01
4.903261661529541016e-01
5.269727706909179688e-01
7.112328410148620605e-01
8.234586119651794434e-01
4.629302620887756348e-01
3.538550138473510742e-01
7.337918281555175781e-01
1.066820383071899414e+00
5.299188494682312012e-01
5.771003961563110352e-01
5.383622646331787109e-01
5.542109608650207520e-01
4.764461517333984375e-01
6.451154351234436035e-01
1.045678377151489258e+00
1.197482943534851074e+00
7.904703021049499512e-01
5.349716544151306152e-01
3.904521763324737549e-01
4.502437114715576172e-01
4.528760612010955811e-01
4.938007593154907227e-01
4.684627950191497803e-01
5.410205125808715820e-01
4.573664367198944092e-01
3.845629096031188965e-01
4.779305160045623779e-01
3.902893662452697754e-01
3.936572372913360596e-01
4.535782039165496826e-01
6.005380153656005859e-01
5.412434339523315430e-01
5.510035753250122070e-01
4.027165174484252930e-01
4.981410503387451172e-01
5.205127000808715820e-01
4.935775995254516602e-01
5.351885557174682617e-01
4.673733115196228027e-01
4.185688495635986328e-01
3.328622579574584961e-01
5.520077347755432129e-01
7.291955947875976562e-01
5.277699828147888184e-01
5.729221105575561523e-01
4.176913201808929443e-01
3.752062320709228516e-01
4.440420866012573242e-01
4.222794771194458008e-01
5.137175917625427246e-01
4.658679962158203125e-01
6.693401336669921875e-01
5.161159038543701172e-01
4.478560090065002441e-01
4.386426210403442383e-01
5.193204879760742188e-01
5.866484642028808594e-01
1.282881259918212891e+00
1.194167017936706543e+00
1.424038648605346680e+00
2.736880064010620117e+00
1.604672193527221680e+00
1.354486942291259766e+00
1.021683573722839355e+00
7.733772993087768555e-01
7.863259315490722656e-01
9.161082506179809570e-01
1.057208299636840820e+00
7.274497151374816895e-01
6.156826019287109375e-01
5.710509419441223145e-01
8.818871974945068359e-01
1.011131405830383301e+00
9.531911611557006836e-01
9.522710442543029785e-01
4.700549840927124023e-01
6.948122382164001465e-01
9.092666506767272949e-01
1.022891640663146973e+00
6.233268380165100098e-01
4.491130113601684570e-01
5.942860245704650879e-01
6.598918437957763672e-01
5.733084678649902344e-01
5.307423472404479980e-01
6.084432601928710938e-01
4.628877639770507812e-01
5.540863871574401855e-01
6.736161708831787109e-01
7.461564540863037109e-01
6.583654284477233887e-01
3.750950694084167480e-01
5.174667239189147949e-01
3.710899949073791504e-01
5.439930558204650879e-01
4.280382096767425537e-01
8.164466023445129395e-01
1.133251667022705078e+00
1.363440871238708496e+00
8.173351287841796875e-01
4.784212708473205566e-01
5.128029584884643555e-01
6.334260106086730957e-01
6.982072591781616211e-01
7.161067724227905273e-01
5.188640356063842773e-01
4.921192228794097900e-01
4.922577440738677979e-01
4.384576678276062012e-01
5.712674856185913086e-01
7.135903835296630859e-01
6.682525277137756348e-01
6.332432031631469727e-01
5.140644907951354980e-01
3.881861567497253418e-01
3.320506215095520020e-01
3.664229810237884521e-01
4.570464491844177246e-01
6.292449235916137695e-01
3.280001878738403320e-01
6.157295107841491699e-01
9.385595917701721191e-01
5.730938911437988281e-01
5.304115414619445801e-01
5.499181747436523438e-01
4.577034711837768555e-01
5.103554725646972656e-01
5.516188144683837891e-01
4.587184786796569824e-01
5.318650007247924805e-01
4.937099218368530273e-01
5.778127312660217285e-01
4.125069081783294678e-01
4.744110405445098877e-01
5.152041912078857422e-01
4.858946800231933594e-01
3.459092676639556885e-01
2.889530360698699951e-01
3.524507582187652588e-01
4.669883847236633301e-01
4.049741625785827637e-01
4.706778824329376221e-01
5.996039509773254395e-01
6.576519012451171875e-01
9.227278232574462891e-01
7.392539381980895996e-01
1.095073819160461426e+00
1.228756427764892578e+00
5.289448499679565430e-01
4.387738108634948730e-01
7.009192109107971191e-01
9.645527005195617676e-01
8.166434168815612793e-01
8.932992219924926758e-01
4.263606965541839600e-01
4.592285752296447754e-01
7.899268269538879395e-01
7.331432104110717773e-01
6.430917978286743164e-01
3.660385608673095703e-01
4.060110151767730713e-01
6.559921503067016602e-01
4.992499053478240967e-01
5.648797750473022461e-01
7.144203782081604004e-01
6.513272523880004883e-01
6.244027018547058105e-01
4.101526141166687012e-01
3.962897062301635742e-01
5.075603723526000977e-01
3.955853283405303955e-01
4.132953286170959473e-01
5.213080644607543945e-01
5.999849438667297363e-01
6.601058244705200195e-01
5.574487447738647461e-01
3.261865973472595215e-01
3.531471490859985352e-01
4.725657105445861816e-01
3.730667829513549805e-01
4.306359887123107910e-01
4.216988682746887207e-01
5.882121324539184570e-01
4.391629099845886230e-01
2.339286804199218750e-01
4.555846452713012695e-01
7.024114727973937988e-01
7.434418201446533203e-01
8.737490177154541016e-01
6.548199653625488281e-01
3.533140420913696289e-01
5.854394435882568359e-01
8.969889283180236816e-01
8.798756003379821777e-01
4.296397864818572998e-01
4.257399439811706543e-01
3.337271809577941895e-01
3.415791392326354980e-01
4.068031311035156250e-01
6.036159992218017578e-01
5.971801877021789551e-01
6.516306996345520020e-01
5.040413141250610352e-01
5.950477719306945801e-01
4.458428919315338135e-01
3.676466047763824463e-01
3.351665139198303223e-01
3.193768858909606934e-01
4.334366917610168457e-01
6.241450309753417969e-01
4.322243332862854004e-01
4.826970100402832031e-01
3.887869715690612793e-01
4.568381309509277344e-01
3.916981220245361328e-01
5.290328264236450195e-01
7.213152647018432617e-01
7.204404473304748535e-01
6.349385380744934082e-01
4.180846810340881348e-01
3.695392310619354248e-01
5.173320770263671875e-01
5.524408817291259766e-01
6.578598618507385254e-01
6.337532401084899902e-01
4.568142294883728027e-01
6.147284507751464844e-01
4.943458139896392822e-01
4.906201362609863281e-01
3.917883336544036865e-01
4.250013530254364014e-01
5.265822410583496094e-01
3.465450406074523926e-01
4.060370922088623047e-01
4.394471645355224609e-01
3.977445363998413086e-01
8.938579559326171875e-01
1.039247751235961914e+00
1.478443264961242676e+00
1.691298365592956543e+00
1.740552902221679688e+00
1.672372460365295410e+00
1.723249793052673340e+00
1.205054163932800293e+00
9.601004123687744141e-01
7.645916938781738281e-01
6.868175864219665527e-01
1.002164244651794434e+00
9.140598773956298828e-01
7.168139219284057617e-01
6.383996605873107910e-01
6.275807023048400879e-01
7.256083488464355469e-01
6.393452286720275879e-01
6.726605892181396484e-01
6.530568599700927734e-01
6.566556096076965332e-01
7.029855251312255859e-01
8.520737886428833008e-01
6.066486239433288574e-01
4.426653981208801270e-01
4.004820585250854492e-01
4.609474241733551025e-01
5.420367121696472168e-01
7.390433549880981445e-01
1.127187013626098633e+00
1.091052055358886719e+00
1.089071989059448242e+00
1.379722118377685547e+00
1.274046540260314941e+00
6.298912763595581055e-01
3.826659023761749268e-01
5.425692796707153320e-01
5.363193750381469727e-01
6.174731850624084473e-01
3.712968230247497559e-01
3.608555197715759277e-01
5.474755167961120605e-01
5.425909757614135742e-01
2.646442055702209473e-01
4.930017292499542236e-01
6.516654491424560547e-01
4.540596604347229004e-01
3.995641469955444336e-01
3.493968844413757324e-01
5.171740055084228516e-01
7.495131492614746094e-01
6.037662029266357422e-01
5.484145879745483398e-01
4.882126450538635254e-01
4.715945124626159668e-01
5.398410558700561523e-01
6.782215833663940430e-01
5.053768754005432129e-01
4.872610569000244141e-01
4.447243213653564453e-01
4.163028001785278320e-01
4.580350220203399658e-01
6.027594208717346191e-01
6.615782976150512695e-01
8.384158611297607422e-01
6.506082415580749512e-01
4.723769426345825195e-01
3.724203109741210938e-01
3.303625881671905518e-01
4.260948300361633301e-01
4.083013832569122314e-01
4.151987433433532715e-01
4.586394429206848145e-01
3.670201599597930908e-01
4.129240512847900391e-01
6.345205307006835938e-01
5.802258253097534180e-01
6.174360513687133789e-01
4.727604091167449951e-01
6.995589137077331543e-01
9.595390558242797852e-01
7.405405640602111816e-01
5.303987860679626465e-01
5.262519121170043945e-01
4.097486734390258789e-01
3.443137407302856445e-01
3.664738237857818604e-01
4.883325695991516113e-01
4.460518658161163330e-01
5.094896554946899414e-01
4.751855432987213135e-01
3.768957555294036865e-01
3.929111063480377197e-01
4.134518504142761230e-01
4.517251849174499512e-01
2.675824165344238281e-01
3.129053115844726562e-01
3.245002627372741699e-01
5.913413166999816895e-01
5.606843829154968262e-01
4.178179800510406494e-01
4.216057062149047852e-01
2.672630548477172852e-01
2.247514426708221436e-01
4.252527952194213867e-01
6.456866264343261719e-01
4.069390892982482910e-01
4.243996441364288330e-01
5.038988590240478516e-01
3.844614624977111816e-01
3.379199504852294922e-01
3.517133295536041260e-01
2.769441604614257812e-01
3.238479495048522949e-01
4.305202066898345947e-01
5.154365301132202148e-01
3.092405796051025391e-01
4.439767599105834961e-01
3.846027255058288574e-01
3.411870300769805908e-01
5.038317441940307617e-01
1.006244659423828125e+00
1.298249840736389160e+00
4.160130620002746582e-01
5.446165800094604492e-01
5.360767841339111328e-01
6.227290034294128418e-01
6.707612276077270508e-01
6.867834329605102539e-01
6.478944420814514160e-01
1.271701335906982422e+00
2.167136192321777344e+00
1.201277256011962891e+00
8.110584020614624023e-01
7.332605719566345215e-01
7.011846899986267090e-01
9.325394630432128906e-01
1.045966029167175293e+00
1.186200380325317383e+00
1.314378976821899414e+00
9.687286019325256348e-01
4.602252542972564697e-01
3.108986914157867432e-01
5.335445404052734375e-01
4.172371625900268555e-01
4.784694910049438477e-01
5.631856918334960938e-01
8.255434632301330566e-01
5.109962224960327148e-01
6.237828135490417480e-01
4.676762223243713379e-01
5.275946259498596191e-01
2.340932786464691162e-01
4.628540277481079102e-01
6.564648151397705078e-01
7.682712078094482422e-01
3.380370140075683594e-01
2.848358750343322754e-01
3.421289920806884766e-01
2.891105413436889648e-01
3.598902225494384766e-01
4.649316966533660889e-01
6.230565309524536133e-01
5.710825920104980469e-01
4.557273387908935547e-01
4.844812750816345215e-01
6.629441976547241211e-01
6.512233018875122070e-01
6.433141827583312988e-01
4.555900692939758301e-01
4.350785613059997559e-01
2.484738826751708984e-01
3.645732104778289795e-01
5.696501731872558594e-01
5.867049098014831543e-01
6.456691026687622070e-01
4.911858439445495605e-01
6.486134529113769531e-01
6.287060976028442383e-01
6.904875636100769043e-01
4.518917798995971680e-01
3.872353136539459229e-01
4.277273118495941162e-01
9.382106661796569824e-01
1.055356740951538086e+00
1.061713695526123047e+00
1.084480404853820801e+00
5.804347395896911621e-01
7.274581193923950195e-01
7.292766571044921875e-01
8.169286847114562988e-01
6.616771221160888672e-01
4.687921106815338135e-01
2.614315450191497803e-01
3.731872737407684326e-01
5.383104681968688965e-01
7.124961018562316895e-01
9.111533164978027344e-01
8.381358385086059570e-01
7.110944390296936035e-01
4.597676396369934082e-01
4.873845875263214111e-01
5.457514524459838867e-01
5.097373723983764648e-01
5.636394023895263672e-01
6.417599916458129883e-01
2.971138954162597656e-01
4.821378886699676514e-01
5.130736231803894043e-01
5.269401073455810547e-01
8.420053124427795410e-01
7.187573313713073730e-01
5.348212718963623047e-01
3.822250664234161377e-01
4.435563087463378906e-01
3.879635930061340332e-01
3.513318896293640137e-01
3.180854916572570801e-01
2.400125563144683838e-01
4.674993157386779785e-01
4.707037210464477539e-01
4.466547369956970215e-01
4.686345458030700684e-01
3.779407143592834473e-01
3.624285459518432617e-01
5.560466647148132324e-01
4.654460549354553223e-01
3.536812067031860352e-01
3.858417868614196777e-01
3.501352071762084961e-01
4.227086603641510010e-01
4.046415388584136963e-01
3.923306465148925781e-01
2.330141663551330566e-01
5.726682543754577637e-01
5.872772336006164551e-01
7.191709876060485840e-01
7.192740440368652344e-01
3.786512613296508789e-01
3.540787100791931152e-01
4.033866226673126221e-01
4.449090659618377686e-01
3.140410780906677246e-01
3.333420157432556152e-01
6.799840331077575684e-01
8.185919523239135742e-01
5.562474727630615234e-01
3.980090022087097168e-01
6.588118076324462891e-01
6.092109084129333496e-01
5.171054005622863770e-01
3.759506344795227051e-01
4.078953862190246582e-01
4.884219765663146973e-01
5.971945524215698242e-01
4.038033187389373779e-01
2.779009342193603516e-01
3.453849554061889648e-01
4.866373538970947266e-01
3.021642863750457764e-01
3.123627007007598877e-01
4.290821552276611328e-01
5.710425376892089844e-01
7.646275758743286133e-01
8.499737977981567383e-01
6.487716436386108398e-01
3.999232053756713867e-01
5.459338426589965820e-01
5.418859124183654785e-01
5.367447137832641602e-01
4.565908312797546387e-01
6.539630889892578125e-01
5.972766876220703125e-01
5.232715606689453125e-01
6.486375331878662109e-01
5.192078948020935059e-01
4.247764945030212402e-01
4.647356867790222168e-01
6.214405298233032227e-01
5.970326066017150879e-01
9.503368139266967773e-01
1.103517889976501465e+00
1.955685973167419434e+00
1.997577905654907227e+00
1.000670909881591797e+00
5.630093812942504883e-01
4.168654382228851318e-01
4.570733308792114258e-01
6.535100936889648438e-01
5.511615276336669922e-01
9.756855964660644531e-01
1.584978938102722168e+00
1.006975531578063965e+00
9.436848163604736328e-01
6.439734101295471191e-01
5.626225471496582031e-01
4.895777404308319092e-01
5.679032206535339355e-01
6.690835952758789062e-01
4.696289598941802979e-01
4.539706110954284668e-01
7.405819296836853027e-01
8.347518444061279297e-01
9.419512748718261719e-01
8.535259366035461426e-01
4.875269830226898193e-01
2.805814743041992188e-01
2.222703099250793457e-01
4.646014869213104248e-01
5.315049290657043457e-01
3.883754014968872070e-01
3.703877329826354980e-01
2.575135231018066406e-01
3.070055842399597168e-01
2.380021214485168457e-01
3.691498637199401855e-01
4.394424855709075928e-01
4.045590162277221680e-01
3.876339197158813477e-01
5.971778631210327148e-01
5.508992075920104980e-01
5.679432153701782227e-01
3.764585256576538086e-01
3.898893594741821289e-01
5.571565628051757812e-01
3.718264698982238770e-01
4.506721794605255127e-01
6.369664669036865234e-01
5.062065720558166504e-01
4.071376621723175049e-01
4.353641271591186523e-01
3.570192158222198486e-01
5.118099451065063477e-01
7.404988408088684082e-01
1.099104046821594238e+00
1.335737466812133789e+00
9.564434289932250977e-01
1.054662346839904785e+00
8.312758207321166992e-01
3.906538486480712891e-01
3.976873159408569336e-01
6.371511220932006836e-01
6.805906891822814941e-01
6.731439232826232910e-01
6.265732645988464355e-01
6.864488124847412109e-01
8.568606376647949219e-01
5.308393239974975586e-01
6.747421026229858398e-01
6.276645064353942871e-01
5.451589822769165039e-01
7.148841619491577148e-01
3.614176213741302490e-01
4.109484255313873291e-01
6.552618145942687988e-01
4.263591170310974121e-01
6.848882436752319336e-01
4.736188054084777832e-01
4.787203073501586914e-01
5.086170434951782227e-01
2.866045832633972168e-01
2.873526215553283691e-01
3.825591206550598145e-01
4.953364729881286621e-01
6.341465115547180176e-01
4.888921082019805908e-01
4.958088696002960205e-01
5.210318565368652344e-01
6.061316728591918945e-01
7.270932793617248535e-01
7.216724157333374023e-01
7.412077188491821289e-01
4.457291364669799805e-01
5.965885519981384277e-01
8.594096302986145020e-01
9.120960235595703125e-01
6.884827613830566406e-01
4.521741271018981934e-01
2.670183777809143066e-01
3.973022103309631348e-01
3.284043073654174805e-01
4.522895216941833496e-01
5.296840071678161621e-01
6.337486505508422852e-01
1.017319202423095703e+00
1.280058979988098145e+00
7.985456585884094238e-01
4.560185074806213379e-01
5.536870956420898438e-01
6.179379224777221680e-01
7.576277256011962891e-01
5.364562273025512695e-01
5.804154872894287109e-01
6.757372021675109863e-01
7.879683971405029297e-01
9.456208348274230957e-01
4.588968157768249512e-01
5.070824623107910156e-01
5.523602962493896484e-01
3.639543056488037109e-01
5.147214531898498535e-01
3.704546093940734863e-01
6.191571950912475586e-01
7.936248779296875000e-01
9.086468219757080078e-01
5.044585466384887695e-01
7.013766765594482422e-01
6.782729625701904297e-01
7.026085853576660156e-01
6.557983756065368652e-01
9.894417524337768555e-01
1.611097097396850586e+00
8.126073479652404785e-01
4.775589704513549805e-01
6.140084266662597656e-01
7.526175975799560547e-01
1.114383935928344727e+00
1.126351118087768555e+00
8.012350797653198242e-01
8.489217162132263184e-01
7.123305797576904297e-01
4.644270539283752441e-01
5.374004840850830078e-01
1.058797478675842285e+00
1.199673533439636230e+00
7.478780150413513184e-01
4.354374110698699951e-01
4.435704946517944336e-01
7.819886207580566406e-01
3.885702192783355713e-01
3.672590553760528564e-01
5.378652811050415039e-01
5.057001113891601562e-01
2.638466358184814453e-01
9.518847465515136719e-01
1.384916305541992188e+00
1.254924058914184570e+00
6.557252407073974609e-01
4.189881682395935059e-01
4.976888298988342285e-01
5.428620576858520508e-01
8.658679127693176270e-01
5.919355154037475586e-01
7.558799982070922852e-01
7.378498315811157227e-01
7.666982412338256836e-01
4.610052108764648438e-01
4.100842475891113281e-01
2.758021652698516846e-01
2.818213701248168945e-01
3.407495915889739990e-01
4.277669191360473633e-01
5.201581716537475586e-01
4.391400218009948730e-01
5.043547749519348145e-01
5.060881376266479492e-01
5.303213596343994141e-01
3.139842152595520020e-01
4.843893945217132568e-01
3.757967352867126465e-01
4.349398016929626465e-01
4.388690292835235596e-01
6.921124458312988281e-01
7.581347227096557617e-01
6.486373543739318848e-01
7.365950345993041992e-01
4.352577924728393555e-01
3.010085225105285645e-01
3.812957704067230225e-01
4.778555929660797119e-01
5.840090513229370117e-01
4.918034672737121582e-01
3.729607462882995605e-01
4.359608292579650879e-01
5.646246671676635742e-01
4.952296614646911621e-01
4.745897054672241211e-01
5.295202732086181641e-01
4.134352803230285645e-01
4.185260832309722900e-01
3.410969674587249756e-01
5.632975697517395020e-01
5.297363400459289551e-01
4.240875542163848877e-01
5.525366067886352539e-01
6.046477556228637695e-01
7.162055969238281250e-01
7.946294546127319336e-01
6.190453767776489258e-01
3.503277897834777832e-01
3.372399806976318359e-01
7.301095724105834961e-01
5.026979446411132812e-01
3.887395858764648438e-01
9.158465266227722168e-01
1.227801442146301270e+00
6.409806609153747559e-01
3.047956526279449463e-01
5.479367375373840332e-01
5.447955131530761719e-01
5.701129436492919922e-01
5.825470089912414551e-01
3.938576281070709229e-01
5.045409202575683594e-01
4.116326272487640381e-01
4.238779842853546143e-01
4.527221024036407471e-01
3.210284113883972168e-01
4.933815002441406250e-01
7.160013914108276367e-01
4.586669206619262695e-01
5.958002805709838867e-01
5.922322273254394531e-01
7.302677631378173828e-01
7.529208064079284668e-01
6.308457851409912109e-01
2.770365476608276367e-01
4.983956515789031982e-01
5.487783551216125488e-01
8.262664079666137695e-01
1.409111142158508301e+00
1.283298015594482422e+00
1.447004199028015137e+00
1.568893313407897949e+00
9.781976938247680664e-01
5.378044843673706055e-01
4.425109326839447021e-01
6.731373071670532227e-01
8.262634873390197754e-01
1.011651158332824707e+00
1.968058943748474121e+00
1.278469681739807129e+00
9.701216816902160645e-01
6.419578790664672852e-01
4.299283623695373535e-01
4.137835800647735596e-01
6.165382266044616699e-01
6.163874268531799316e-01
5.005265474319458008e-01
6.348388195037841797e-01
6.221590638160705566e-01
5.583341121673583984e-01
4.983956813812255859e-01
3.722632527351379395e-01
3.380984961986541748e-01
7.660601139068603516e-01
9.973223209381103516e-01
6.212916374206542969e-01
4.258563518524169922e-01
7.198134660720825195e-01
8.505247831344604492e-01
5.401046276092529297e-01
3.550594151020050049e-01
3.453605473041534424e-01
4.944188892841339111e-01
3.833979368209838867e-01
5.275924205780029297e-01
3.976193368434906006e-01
5.797900557518005371e-01
5.511453151702880859e-01
4.329404532909393311e-01
5.437839031219482422e-01
5.390442013740539551e-01
5.970454812049865723e-01
6.475740075111389160e-01
5.840683579444885254e-01
5.010057687759399414e-01
4.751702547073364258e-01
3.745078146457672119e-01
2.953476309776306152e-01
3.777783215045928955e-01
4.729861617088317871e-01
4.565460681915283203e-01
5.531683564186096191e-01
6.359632611274719238e-01
4.031925797462463379e-01
4.805425405502319336e-01
4.061632752418518066e-01
4.941063523292541504e-01
5.507577061653137207e-01
4.369592666625976562e-01
4.016694128513336182e-01
5.543661713600158691e-01
5.155388712882995605e-01
2.988320589065551758e-01
3.150046467781066895e-01
5.541275739669799805e-01
6.091785430908203125e-01
5.312255620956420898e-01
4.780714809894561768e-01
4.006888866424560547e-01
3.659007847309112549e-01
2.932130992412567139e-01
3.820661306381225586e-01
3.617714643478393555e-01
3.968714773654937744e-01
4.653367400169372559e-01
4.769695103168487549e-01
4.865738153457641602e-01
5.795761346817016602e-01
4.916441440582275391e-01
7.014052867889404297e-01
3.938459157943725586e-01
4.973371624946594238e-01
5.211607813835144043e-01
5.659339427947998047e-01
4.073303639888763428e-01
4.389297962188720703e-01
4.618505239486694336e-01
4.760809838771820068e-01
4.008026123046875000e-01
4.630655646324157715e-01
3.804397583007812500e-01
3.829902708530426025e-01
3.003347516059875488e-01
4.261684417724609375e-01
5.564619302749633789e-01
4.268659949302673340e-01
2.886722385883331299e-01
2.718163430690765381e-01
5.784653425216674805e-01
7.497098445892333984e-01
8.758565187454223633e-01
8.940057158470153809e-01
6.353628039360046387e-01
2.169130444526672363e-01
2.962508797645568848e-01
5.174391269683837891e-01
4.319235980510711670e-01
4.219608604907989502e-01
8.616728782653808594e-01
9.111149907112121582e-01
1.419896721839904785e+00
1.068468928337097168e+00
5.616424679756164551e-01
3.990952670574188232e-01
3.264790773391723633e-01
3.185526728630065918e-01
2.951770424842834473e-01
3.851341307163238525e-01
6.577337980270385742e-01
6.337918639183044434e-01
5.700401663780212402e-01
4.294476211071014404e-01
3.465347290039062500e-01
3.710644245147705078e-01
4.035558104515075684e-01
4.693000912666320801e-01
6.177088022232055664e-01
7.081680297851562500e-01
8.001146912574768066e-01
6.786608695983886719e-01
3.932695984840393066e-01
5.708776712417602539e-01
5.897276997566223145e-01
4.899572730064392090e-01
3.755975961685180664e-01
3.881478309631347656e-01
4.999730587005615234e-01
4.982166290283203125e-01
5.585401654243469238e-01
4.483379721641540527e-01
4.327317774295806885e-01
5.278613567352294922e-01
5.754090547561645508e-01
5.572004318237304688e-01
4.775864183902740479e-01
3.259482383728027344e-01
3.661899268627166748e-01
5.770959854125976562e-01
4.635816812515258789e-01
3.901152014732360840e-01
3.942554891109466553e-01
3.231993019580841064e-01
5.031898021697998047e-01
3.432133197784423828e-01
3.639917969703674316e-01
4.320761859416961670e-01
3.131566047668457031e-01
3.905244469642639160e-01
3.889084458351135254e-01
4.193053841590881348e-01
2.808259427547454834e-01
3.195567131042480469e-01
3.355090916156768799e-01
3.700157999992370605e-01
3.406064510345458984e-01
3.532711565494537354e-01
4.192935824394226074e-01
3.727932572364807129e-01
4.432496726512908936e-01
5.103623867034912109e-01
4.922999143600463867e-01
5.194988250732421875e-01
3.322445154190063477e-01
2.907282710075378418e-01
4.135016202926635742e-01
4.036692082881927490e-01
5.947126150131225586e-01
6.021887063980102539e-01
5.482430458068847656e-01
2.413758486509323120e-01
3.300401866436004639e-01
5.482147336006164551e-01
4.970896542072296143e-01
7.774987816810607910e-01
7.347206473350524902e-01
4.681368470191955566e-01
3.101519048213958740e-01
4.896328449249267578e-01
4.775048494338989258e-01
5.651485323905944824e-01
7.519170641899108887e-01
4.107763767242431641e-01
2.747425436973571777e-01
6.787161231040954590e-01
6.393885612487792969e-01
2.599294185638427734e-01
5.305330157279968262e-01
3.756818175315856934e-01
4.049263298511505127e-01
7.302996516227722168e-01
6.418700814247131348e-01
6.145353913307189941e-01
6.734637022018432617e-01
9.183812737464904785e-01
5.525534152984619141e-01
5.715764760971069336e-01
3.586097955703735352e-01
3.947727084159851074e-01
6.372130513191223145e-01
5.839632749557495117e-01
5.923490524291992188e-01
2.874240577220916748e-01
2.212639749050140381e-01
4.254447817802429199e-01
3.737585544586181641e-01
4.980527758598327637e-01
4.930754601955413818e-01
3.512099683284759521e-01
4.521126449108123779e-01
3.891933560371398926e-01
5.282815694808959961e-01
2.595053613185882568e-01
5.922567844390869141e-01
1.022728919982910156e+00
9.991087317466735840e-01
1.728298664093017578e+00
1.708267450332641602e+00
6.744799613952636719e-01
8.841868638992309570e-01
2.355271816253662109e+00
2.070635080337524414e+00
1.381172895431518555e+00
2.045652389526367188e+00
1.943764686584472656e+00
6.084668040275573730e-01
7.040448784828186035e-01
8.411034345626831055e-01
1.211798906326293945e+00
1.637744307518005371e+00
1.666696190834045410e+00
1.079316496849060059e+00
8.517062067985534668e-01
8.093508481979370117e-01
5.422704219818115234e-01
7.260540723800659180e-01
6.541739106178283691e-01
4.252931475639343262e-01
4.924122393131256104e-01
4.343768954277038574e-01
5.254631042480468750e-01
6.966008543968200684e-01
6.268776655197143555e-01
7.842375040054321289e-01
7.337756156921386719e-01
9.000995755195617676e-01
5.021327137947082520e-01
4.759807586669921875e-01
7.301702499389648438e-01
1.043647408485412598e+00
7.638537883758544922e-01
4.202567338943481445e-01
3.298500776290893555e-01
4.449398517608642578e-01
5.700596570968627930e-01
4.899227321147918701e-01
4.019917845726013184e-01
4.788768291473388672e-01
5.705078840255737305e-01
5.551319718360900879e-01
7.550926208496093750e-01
6.769853234291076660e-01
3.933306634426116943e-01
5.193935632705688477e-01
6.860837340354919434e-01
7.132787704467773438e-01
6.349960565567016602e-01
5.764271616935729980e-01
4.082388281822204590e-01
4.323976635932922363e-01
3.999070525169372559e-01
3.529016971588134766e-01
4.798444211483001709e-01
5.372871160507202148e-01
6.349647641181945801e-01
4.996572136878967285e-01
4.529937505722045898e-01
3.857623040676116943e-01
3.766912817955017090e-01
3.810347318649291992e-01
4.288808107376098633e-01
3.985575735569000244e-01
3.163265585899353027e-01
4.447268247604370117e-01
4.870700836181640625e-01
3.189487457275390625e-01
3.602175712585449219e-01
3.589501380920410156e-01
3.742933571338653564e-01
3.431687057018280029e-01
3.719599246978759766e-01
3.945860862731933594e-01
4.691908657550811768e-01
7.949041128158569336e-01
6.644709110260009766e-01
4.776971340179443359e-01
3.057168424129486084e-01
3.123143911361694336e-01
7.157451510429382324e-01
6.523351669311523438e-01
4.552484154701232910e-01
4.201800227165222168e-01
6.544228792190551758e-01
6.397093534469604492e-01
5.257844924926757812e-01
4.221180379390716553e-01
4.998673200607299805e-01
6.967947483062744141e-01
8.502967953681945801e-01
4.437632262706756592e-01
3.535901904106140137e-01
5.468190312385559082e-01
4.986528754234313965e-01
4.466023445129394531e-01
5.049593448638916016e-01
5.231532454490661621e-01
3.398033082485198975e-01
4.372536242008209229e-01
4.457538127899169922e-01
5.135470628738403320e-01
3.593624234199523926e-01
3.353713154792785645e-01
4.080605208873748779e-01
4.720970392227172852e-01
3.420605957508087158e-01
3.056905269622802734e-01
3.413222134113311768e-01
3.576039373874664307e-01
3.335841894149780273e-01
4.981786012649536133e-01
7.636402249336242676e-01
6.585168838500976562e-01
4.040751755237579346e-01
4.424209594726562500e-01
4.150678813457489014e-01
5.365201830863952637e-01
2.825394272804260254e-01
5.372308492660522461e-01
4.412040710449218750e-01
4.523720741271972656e-01
3.989611864089965820e-01
4.022435247898101807e-01
3.460395634174346924e-01
2.713054418563842773e-01
4.241783022880554199e-01
3.850823342800140381e-01
3.523051738739013672e-01
3.342438638210296631e-01
2.824524939060211182e-01
5.200403928756713867e-01
8.464614748954772949e-01
1.263018608093261719e+00
2.235742330551147461e+00
2.663540601730346680e+00
1.448190689086914062e+00
9.867858886718750000e-01
1.200461983680725098e+00
1.494401216506958008e+00
1.487266063690185547e+00
4.587090909481048584e-01
4.589641094207763672e-01
8.051233291625976562e-01
5.876020789146423340e-01
9.202892780303955078e-01
9.640477895736694336e-01
1.295639753341674805e+00
1.026057243347167969e+00
1.059201717376708984e+00
3.363601863384246826e-01
8.332949280738830566e-01
1.237456202507019043e+00
4.803812801837921143e-01
4.571180641651153564e-01
5.492658615112304688e-01
4.445195496082305908e-01
4.286585450172424316e-01
4.571376442909240723e-01
6.451501846313476562e-01
4.630924761295318604e-01
3.774872422218322754e-01
5.251993536949157715e-01
4.768993854522705078e-01
6.752230525016784668e-01
2.142092883586883545e-01
6.002678871154785156e-01
1.093765735626220703e+00
7.099491953849792480e-01
4.698488116264343262e-01
5.566231608390808105e-01
4.580558240413665771e-01
4.103593528270721436e-01
5.660275220870971680e-01
3.533266782760620117e-01
3.602427840232849121e-01
5.139254927635192871e-01
8.200168013572692871e-01
7.790650129318237305e-01
5.043040513992309570e-01
4.026119112968444824e-01
4.128921926021575928e-01
4.409084916114807129e-01
5.347009897232055664e-01
4.942644238471984863e-01
5.525113940238952637e-01
2.967073619365692139e-01
6.299257874488830566e-01
4.208961427211761475e-01
3.299106061458587646e-01
3.728336095809936523e-01
3.401657342910766602e-01
4.912764430046081543e-01
5.111936330795288086e-01
5.660799145698547363e-01
4.269710481166839600e-01
3.089746236801147461e-01
3.713194131851196289e-01
3.321484029293060303e-01
5.388426780700683594e-01
5.384731888771057129e-01
2.519990503787994385e-01
2.153269350528717041e-01
3.111836910247802734e-01
2.583776414394378662e-01
3.647313117980957031e-01
3.680840134620666504e-01
3.985952734947204590e-01
4.030146002769470215e-01
2.711779773235321045e-01
4.045684933662414551e-01
4.341756701469421387e-01
3.422312140464782715e-01
4.720616936683654785e-01
4.123374223709106445e-01
4.439608156681060791e-01
5.034822225570678711e-01
4.356789886951446533e-01
3.411695957183837891e-01
2.279428541660308838e-01
3.455389738082885742e-01
5.953826904296875000e-01
9.033067226409912109e-01
8.154778480529785156e-01
3.308459520339965820e-01
3.982444405555725098e-01
3.176339566707611084e-01
3.528883159160614014e-01
2.835232913494110107e-01
5.051727890968322754e-01
5.158660411834716797e-01
5.980782508850097656e-01
3.678821325302124023e-01
3.196842670440673828e-01
3.050547838211059570e-01
3.404247164726257324e-01
4.026406407356262207e-01
3.522838354110717773e-01
4.706691503524780273e-01
4.088539481163024902e-01
4.603312611579895020e-01
2.471047937870025635e-01
2.671908736228942871e-01
2.787325978279113770e-01
4.666135907173156738e-01
3.351339697837829590e-01
4.236075878143310547e-01
2.901017665863037109e-01
3.176357150077819824e-01
2.135255336761474609e-01
3.763081133365631104e-01
4.592594802379608154e-01
3.341058790683746338e-01
4.200286269187927246e-01
5.210765004158020020e-01
3.929086625576019287e-01
5.529801249504089355e-01
5.085232257843017578e-01
5.129734277725219727e-01
3.943160772323608398e-01
3.644711077213287354e-01
3.465292453765869141e-01
2.638708353042602539e-01
3.452626168727874756e-01
3.510737419128417969e-01
2.829985320568084717e-01
4.092361927032470703e-01
4.132820069789886475e-01
3.747788071632385254e-01
4.416863620281219482e-01
8.075628876686096191e-01
1.287676453590393066e+00
1.393939256668090820e+00
1.956948161125183105e+00
1.031403183937072754e+00
9.721286296844482422e-01
1.257742166519165039e+00
4.391317069530487061e-01
3.624521493911743164e-01
5.407826900482177734e-01
6.005520224571228027e-01
7.897552251815795898e-01
1.098826408386230469e+00
8.435922265052795410e-01
4.984638392925262451e-01
5.269993543624877930e-01
9.604633450508117676e-01
1.197402596473693848e+00
1.305279612541198730e+00
1.607288122177124023e+00
1.073363900184631348e+00
3.308334946632385254e-01
6.651647090911865234e-01
5.640404224395751953e-01
4.466710090637207031e-01
3.908001780509948730e-01
3.851764798164367676e-01
4.478193819522857666e-01
5.318019390106201172e-01
5.524238348007202148e-01
4.414978027343750000e-01
6.168768405914306641e-01
4.808439016342163086e-01
3.640148639678955078e-01
5.651302337646484375e-01
7.211855649948120117e-01
7.367966175079345703e-01
4.747855663299560547e-01
2.893499732017517090e-01
3.646943569183349609e-01
5.602550506591796875e-01
2.657124996185302734e-01
4.018689990043640137e-01
6.099594235420227051e-01
5.103397965431213379e-01
4.645597338676452637e-01
3.993657231330871582e-01
4.153912067413330078e-01
4.454584717750549316e-01
5.512020587921142578e-01
3.203065097332000732e-01
3.055422306060791016e-01
3.859145641326904297e-01
5.023360252380371094e-01
4.801370501518249512e-01
4.004024267196655273e-01
5.450929403305053711e-01
3.378190398216247559e-01
2.101276516914367676e-01
3.447854816913604736e-01
3.185859918594360352e-01
4.065024256706237793e-01
4.594135284423828125e-01
7.819971442222595215e-01
1.008566737174987793e+00
1.263684391975402832e+00
4.708484113216400146e-01
3.376965224742889404e-01
3.116351366043090820e-01
5.239039659500122070e-01
3.376414179801940918e-01
3.190655410289764404e-01
3.723821640014648438e-01
3.650672435760498047e-01
3.975167572498321533e-01
3.945674896240234375e-01
3.605729937553405762e-01
3.999240398406982422e-01
7.555375695228576660e-01
8.287405967712402344e-01
5.825217366218566895e-01
4.379994869232177734e-01
5.145803689956665039e-01
3.973936438560485840e-01
5.179252624511718750e-01
4.014707505702972412e-01
2.677175104618072510e-01
2.707556486129760742e-01
4.237577319145202637e-01
3.433160185813903809e-01
4.173413515090942383e-01
2.785530388355255127e-01
5.302010178565979004e-01
7.726769447326660156e-01
1.039443373680114746e+00
7.411229610443115234e-01
7.222931981086730957e-01
7.452211380004882812e-01
2.596838176250457764e-01
3.959481120109558105e-01
9.675531983375549316e-01
1.619326829910278320e+00
1.300340890884399414e+00
4.923483431339263916e-01
4.158011078834533691e-01
4.320122003555297852e-01
3.966836333274841309e-01
5.287132263183593750e-01
5.345152616500854492e-01
4.029230475425720215e-01
4.719184935092926025e-01
7.397985458374023438e-01
8.191793560981750488e-01
8.864036202430725098e-01
7.353565096855163574e-01
5.541614294052124023e-01
2.990399599075317383e-01
3.375958502292633057e-01
6.420855522155761719e-01
4.169933497905731201e-01
3.175233900547027588e-01
5.982173681259155273e-01
7.213299274444580078e-01
8.079001903533935547e-01
1.352829933166503906e+00
1.840450406074523926e+00
1.241340875625610352e+00
1.318217396736145020e+00
1.228509068489074707e+00
5.265745520591735840e-01
5.731081962585449219e-01
1.049128532409667969e+00
1.045080065727233887e+00
1.133717894554138184e+00
9.901167750358581543e-01
6.469266414642333984e-01
3.169686794281005859e-01
4.895507693290710449e-01
3.993981480598449707e-01
4.758166670799255371e-01
4.958562552928924561e-01
3.307652771472930908e-01
4.771584570407867432e-01
4.777753651142120361e-01
2.667265236377716064e-01
3.776061534881591797e-01
3.072845339775085449e-01
3.491483926773071289e-01
3.157203197479248047e-01
2.431507259607315063e-01
7.570024728775024414e-01
5.005790591239929199e-01
3.682695627212524414e-01
3.646919727325439453e-01
4.122781455516815186e-01
3.531180620193481445e-01
2.884798049926757812e-01
2.936872243881225586e-01
3.894327878952026367e-01
4.701659381389617920e-01
5.134192705154418945e-01
4.195919632911682129e-01
3.951869606971740723e-01
2.882548570632934570e-01
3.202590346336364746e-01
2.458973675966262817e-01
2.656145393848419189e-01
3.029097318649291992e-01
2.887810766696929932e-01
2.536172568798065186e-01
4.978444874286651611e-01
5.566363930702209473e-01
4.201152324676513672e-01
5.713586211204528809e-01
3.630746304988861084e-01
3.783808946609497070e-01
2.742873728275299072e-01
3.123377859592437744e-01
4.637574851512908936e-01
2.810454964637756348e-01
3.911797404289245605e-01
4.538275003433227539e-01
4.693079292774200439e-01
5.159993171691894531e-01
4.230977296829223633e-01
5.174185037612915039e-01
2.787124514579772949e-01
4.050777554512023926e-01
3.177591562271118164e-01
4.125161767005920410e-01
1.965585947036743164e-01
3.402986526489257812e-01
4.012882113456726074e-01
4.850705862045288086e-01
3.271827697753906250e-01
5.443271398544311523e-01
3.058395385742187500e-01
3.340392708778381348e-01
3.662720024585723877e-01
2.806369066238403320e-01
4.095411598682403564e-01
3.217213153839111328e-01
3.593380451202392578e-01
4.514090716838836670e-01
3.048767745494842529e-01
4.214515089988708496e-01
5.071086883544921875e-01
5.216794013977050781e-01
5.310510993003845215e-01
2.346501052379608154e-01
2.740287184715270996e-01
4.572700858116149902e-01
3.153977394104003906e-01
5.328829288482666016e-01
3.599978089332580566e-01
7.228422760963439941e-01
8.756505846977233887e-01
9.262875914573669434e-01
6.849180459976196289e-01
1.428904175758361816e+00
2.391275167465209961e+00
1.662131071090698242e+00
2.309807538986206055e+00
1.863954663276672363e+00
1.148449301719665527e+00
1.359938979148864746e+00
8.848625421524047852e-01
5.464599132537841797e-01
4.435909986495971680e-01
7.315831780433654785e-01
5.831072926521301270e-01
6.477894783020019531e-01
6.494467854499816895e-01
6.036993861198425293e-01
3.376520276069641113e-01
3.440642952919006348e-01
5.197894573211669922e-01
4.454919993877410889e-01
9.702150821685791016e-01
6.457243561744689941e-01
3.764965236186981201e-01
5.003372430801391602e-01
4.110455811023712158e-01
5.076338052749633789e-01
4.639558792114257812e-01
5.302177071571350098e-01
4.009507298469543457e-01
4.568876028060913086e-01
6.345611810684204102e-01
6.343594789505004883e-01
6.416411399841308594e-01
4.387874901294708252e-01
3.725084662437438965e-01
3.872019052505493164e-01
3.552082777023315430e-01
3.005951642990112305e-01
4.993310570716857910e-01
4.389364123344421387e-01
8.171743750572204590e-01
7.973994016647338867e-01
4.171760976314544678e-01
2.799119353294372559e-01
2.780228257179260254e-01
2.998880743980407715e-01
2.678243517875671387e-01
4.413406550884246826e-01
4.028377234935760498e-01
3.286002278327941895e-01
4.902094602584838867e-01
5.831155776977539062e-01
6.465325355529785156e-01
5.505771040916442871e-01
4.452855587005615234e-01
2.771070599555969238e-01
3.552571833133697510e-01
4.406446218490600586e-01
3.493917584419250488e-01
3.203173875808715820e-01
3.452240824699401855e-01
3.867159485816955566e-01
2.734041810035705566e-01
2.589952051639556885e-01
7.073653340339660645e-01
8.822773694992065430e-01
5.326332449913024902e-01
4.520978033542633057e-01
4.025557637214660645e-01
4.730635285377502441e-01
3.455291688442230225e-01
3.934145569801330566e-01
3.673346936702728271e-01
5.154908299446105957e-01
7.455984354019165039e-01
1.028717994689941406e+00
7.486044764518737793e-01
3.876089453697204590e-01
5.092079639434814453e-01
3.243726193904876709e-01
6.407831311225891113e-01
4.515247642993927002e-01
6.445528864860534668e-01
6.462755203247070312e-01
8.553091883659362793e-01
2.672104239463806152e-01
4.864445924758911133e-01
8.828886747360229492e-01
1.379137039184570312e+00
1.252129673957824707e+00
1.441977500915527344e+00
8.239517807960510254e-01
2.107931375503540039e-01
4.977098107337951660e-01
4.994521141052246094e-01
7.088955640792846680e-01
1.008468389511108398e+00
1.306833744049072266e+00
6.961076259613037109e-01
6.118717193603515625e-01
3.256886005401611328e-01
5.940715074539184570e-01
4.533008337020874023e-01
3.684330582618713379e-01
4.898887276649475098e-01
4.881286621093750000e-01
2.765537798404693604e-01
4.859099984169006348e-01
1.088947772979736328e+00
1.015657424926757812e+00
8.229454159736633301e-01
5.353988409042358398e-01
7.086389064788818359e-01
5.931451320648193359e-01
6.893941760063171387e-01
8.009125590324401855e-01
4.141598939895629883e-01
6.570298671722412109e-01
3.853859603404998779e-01
5.809864401817321777e-01
6.950303316116333008e-01
5.693010091781616211e-01
7.625042796134948730e-01
5.320194363594055176e-01
3.633759617805480957e-01
4.220068752765655518e-01
8.534551262855529785e-01
6.359505653381347656e-01
4.945031702518463135e-01
4.031964540481567383e-01
4.189305901527404785e-01
3.215336203575134277e-01
7.005511522293090820e-01
1.172381639480590820e+00
1.900545120239257812e+00
1.425195336341857910e+00
7.668679356575012207e-01
3.169881701469421387e-01
5.193471908569335938e-01
4.882268011569976807e-01
5.884607434272766113e-01
4.127731919288635254e-01
4.268392026424407959e-01
4.262622892856597900e-01
5.112709999084472656e-01
3.870834112167358398e-01
1.007001876831054688e+00
9.464229345321655273e-01
6.574866175651550293e-01
6.033405065536499023e-01
4.396270215511322021e-01
2.687409520149230957e-01
3.524189591407775879e-01
4.412047863006591797e-01
3.569238185882568359e-01
3.346824347972869873e-01
6.668598055839538574e-01
2.993844151496887207e-01
4.084319472312927246e-01
5.427898168563842773e-01
4.150532484054565430e-01
3.369412422180175781e-01
3.811306953430175781e-01
2.780451178550720215e-01
5.710272789001464844e-01
5.608245134353637695e-01
5.192446708679199219e-01
1.065096974372863770e+00
1.003815889358520508e+00
7.243312597274780273e-01
6.786733269691467285e-01
5.143721699714660645e-01
2.922650575637817383e-01
3.756403028964996338e-01
5.642413496971130371e-01
5.403336286544799805e-01
5.809814929962158203e-01
4.499689340591430664e-01
4.240394830703735352e-01
2.568895220756530762e-01
2.676954269409179688e-01
3.141543567180633545e-01
2.046734094619750977e-01
2.632460296154022217e-01
3.262380361557006836e-01
4.450417160987854004e-01
6.079777479171752930e-01
5.306558609008789062e-01
4.346302151679992676e-01
3.082301616668701172e-01
3.448533713817596436e-01
3.100821077823638916e-01
2.526020407676696777e-01
3.393532633781433105e-01
4.664034843444824219e-01
3.864069283008575439e-01
3.345858454704284668e-01
4.582667052745819092e-01
4.486899077892303467e-01
3.401359021663665771e-01
3.362267613410949707e-01
4.461436569690704346e-01
6.695429086685180664e-01
8.073295354843139648e-01
8.211608529090881348e-01
4.232739806175231934e-01
3.099979162216186523e-01
3.320700526237487793e-01
4.270674884319305420e-01
2.623480558395385742e-01
5.353918075561523438e-01
6.366341114044189453e-01
1.300199508666992188e+00
6.376849412918090820e-01
2.431663572788238525e-01
4.393848776817321777e-01
2.731528282165527344e-01
3.260399103164672852e-01
4.269660711288452148e-01
3.475326597690582275e-01
3.578597009181976318e-01
4.660604596138000488e-01
3.204739391803741455e-01
3.475736677646636963e-01
3.264852762222290039e-01
2.832227945327758789e-01
3.840396106243133545e-01
4.112042188644409180e-01
3.916537463665008545e-01
5.960046648979187012e-01
3.230172991752624512e-01
4.426795244216918945e-01
5.713694691658020020e-01
3.196014761924743652e-01
2.630741000175476074e-01
4.213661551475524902e-01
3.314910531044006348e-01
3.966020941734313965e-01
3.258550167083740234e-01
2.524067163467407227e-01
4.041045308113098145e-01
5.060380697250366211e-01
3.437228500843048096e-01
3.330786228179931641e-01
3.629229068756103516e-01
2.578341364860534668e-01
2.833503484725952148e-01
4.414619505405426025e-01
3.189307451248168945e-01
2.764110267162322998e-01
2.770100235939025879e-01
3.686908781528472900e-01
2.900095283985137939e-01
3.578033745288848877e-01
2.667468786239624023e-01
2.814536094665527344e-01
4.095059633255004883e-01
2.982359230518341064e-01
4.854432344436645508e-01
2.735223770141601562e-01
2.378627657890319824e-01
3.239439725875854492e-01
4.004210233688354492e-01
3.290686607360839844e-01
3.334283232688903809e-01
6.018661260604858398e-01
1.198791623115539551e+00
1.656646490097045898e+00
1.035198330879211426e+00
1.302247881889343262e+00
2.199097633361816406e+00
2.909419059753417969e+00
2.286112070083618164e+00
2.222265243530273438e+00
1.936875104904174805e+00
4.051849365234375000e+00
2.925885915756225586e+00
2.206267356872558594e+00
2.022066116333007812e+00
9.156075119972229004e-01
7.200717926025390625e-01
1.064021944999694824e+00
7.837048768997192383e-01
8.304588198661804199e-01
1.152940869331359863e+00
1.109376549720764160e+00
6.072006821632385254e-01
4.056155681610107422e-01
7.086722254753112793e-01
5.669949054718017578e-01
6.224050521850585938e-01
5.955953598022460938e-01
7.313556075096130371e-01
5.337451696395874023e-01
6.651808023452758789e-01
7.894669771194458008e-01
6.691615581512451172e-01
5.238187313079833984e-01
3.526771068572998047e-01
3.545663058757781982e-01
3.679100573062896729e-01
4.955848455429077148e-01
4.815635979175567627e-01
6.333107948303222656e-01
5.461318492889404297e-01
7.096391916275024414e-01
5.017976164817810059e-01
3.766101002693176270e-01
4.244581758975982666e-01
4.427254199981689453e-01
8.934074044227600098e-01
9.147127270698547363e-01
5.442708730697631836e-01
4.432398080825805664e-01
4.495228230953216553e-01
3.773556649684906006e-01
4.834635257720947266e-01
7.823445200920104980e-01
1.154817938804626465e+00
9.141937494277954102e-01
6.884248256683349609e-01
3.917416334152221680e-01
5.032467842102050781e-01
4.937873780727386475e-01
4.480890035629272461e-01
4.077096581459045410e-01
5.099266767501831055e-01
4.949476718902587891e-01
3.757535517215728760e-01
4.064959287643432617e-01
4.573652148246765137e-01
4.263251423835754395e-01
5.077415108680725098e-01
3.708455562591552734e-01
4.228659272193908691e-01
4.911079406738281250e-01
5.863496661186218262e-01
7.502934336662292480e-01
9.945042133331298828e-01
4.497261643409729004e-01
2.743425667285919189e-01
2.389566451311111450e-01
4.105414152145385742e-01
4.917956590652465820e-01
4.765482544898986816e-01
5.642775893211364746e-01
3.460800051689147949e-01
4.235418438911437988e-01
3.348020315170288086e-01
4.037581682205200195e-01
4.281539916992187500e-01
2.897307872772216797e-01
3.092773258686065674e-01
4.347189068794250488e-01
6.725429296493530273e-01
3.314114212989807129e-01
6.713815331459045410e-01
4.784421920776367188e-01
4.746860265731811523e-01
3.250576257705688477e-01
2.660970091819763184e-01
2.911350727081298828e-01
3.624663054943084717e-01
3.086655735969543457e-01
3.750675320625305176e-01
2.953039407730102539e-01
2.395072728395462036e-01
3.050472736358642578e-01
3.384361267089843750e-01
2.853713035583496094e-01
2.891008555889129639e-01
3.434222340583801270e-01
4.811578392982482910e-01
4.091190695762634277e-01
2.298757731914520264e-01
3.228177726268768311e-01
3.191341757774353027e-01
4.119463264942169189e-01
3.601266145706176758e-01
3.792853355407714844e-01
4.142221808433532715e-01
3.263484835624694824e-01
5.523408055305480957e-01
6.924753189086914062e-01
4.949306547641754150e-01
4.709056019783020020e-01
2.613579630851745605e-01
3.343313932418823242e-01
3.125881254673004150e-01
3.405061960220336914e-01
5.293214321136474609e-01
9.255501627922058105e-01
8.294642567634582520e-01
6.810492277145385742e-01
8.311933279037475586e-01
8.204537630081176758e-01
3.702149987220764160e-01
2.775496840476989746e-01
4.677024483680725098e-01
3.474031090736389160e-01
1.084689855575561523e+00
