3.840106487274169922e+00
5.587714195251464844e+00
6.280984878540039062e+00
5.708672046661376953e+00
6.420527458190917969e+00
7.356073856353759766e+00
7.460450649261474609e+00
7.690026283264160156e+00
8.973999023437500000e+00
7.529238700866699219e+00
9.902297019958496094e+00
8.224474906921386719e+00
9.893342971801757812e+00
8.812782287597656250e+00
1.161500930786132812e+01
8.256478309631347656e+00
1.371687984466552734e+01
1.169791126251220703e+01
6.512428760528564453e+00
1.657756233215332031e+01
1.699486351013183594e+01
1.174624443054199219e+01
5.779850006103515625e+00
1.752524375915527344e+01
1.922104263305664062e+01
1.444172191619873047e+01
5.598942756652832031e+00
1.805333518981933594e+01
2.045904922485351562e+01
1.663868331909179688e+01
8.984381675720214844e+00
1.102406597137451172e+01
9.601936340332031250e+00
9.334274291992187500e+00
1.059281349182128906e+01
9.087581634521484375e+00
1.263587570190429688e+01
1.042549896240234375e+01
1.077922725677490234e+01
1.052301597595214844e+01
8.900903701782226562e+00
1.361667060852050781e+01
1.243310356140136719e+01
7.591534137725830078e+00
1.430250740051269531e+01
1.448630142211914062e+01
1.081372928619384766e+01
5.775915145874023438e+00
2.182799148559570312e+01
2.469523429870605469e+01
2.219623565673828125e+01
1.614208030700683594e+01
8.696117401123046875e+00
1.206230926513671875e+01
1.144076919555664062e+01
8.092622756958007812e+00
1.255837631225585938e+01
1.112329673767089844e+01
6.680345535278320312e+00
2.364756774902343750e+01
2.716165924072265625e+01
2.496906280517578125e+01
1.965406036376953125e+01
1.298876476287841797e+01
5.237035751342773438e+00
2.428810882568359375e+01
2.776263999938964844e+01
2.683713912963867188e+01
2.380949401855468750e+01
1.793031883239746094e+01
9.158514976501464844e+00
1.447226905822753906e+01
1.299289608001708984e+01
8.494961738586425781e+00
6.430672645568847656e+00
1.374498176574707031e+01
8.894062042236328125e+00
4.377034664154052734e+00
1.482994174957275391e+01
1.152025604248046875e+01
6.117992401123046875e+00
8.392472267150878906e+00
5.984917640686035156e+00
1.095462226867675781e+01
4.565038681030273438e+00
9.700128555297851562e+00
6.426965713500976562e+00
4.393538475036621094e+00
6.502256393432617188e+00
5.067142486572265625e+00
4.985688686370849609e+00
4.660751819610595703e+00
5.347138404846191406e+00
4.560997009277343750e+00
6.762044906616210938e+00
3.040946483612060547e+00
1.227265548706054688e+01
6.827715396881103516e+00
2.288090944290161133e+00
8.399997711181640625e+00
6.810915946960449219e+00
4.221067428588867188e+00
3.639847755432128906e+00
5.222445487976074219e+00
4.199177742004394531e+00
3.589722156524658203e+00
4.799782752990722656e+00
4.501353263854980469e+00
3.235598087310791016e+00
6.020351409912109375e+00
3.492583036422729492e+00
5.340523242950439453e+00
4.367901802062988281e+00
3.751541137695312500e+00
6.806669235229492188e+00
1.377019047737121582e+00
8.956611633300781250e+00
5.616734027862548828e+00
2.709910631179809570e+00
7.450309276580810547e+00
4.340981483459472656e+00
3.752558708190917969e+00
4.770674228668212891e+00
5.532582283020019531e+00
3.440433979034423828e+00
7.028325080871582031e+00
5.147174835205078125e+00
3.756784677505493164e+00
6.094202995300292969e+00
4.138331413269042969e+00
4.523384571075439453e+00
4.502383232116699219e+00
5.534956932067871094e+00
3.637506246566772461e+00
7.691448688507080078e+00
3.352882623672485352e+00
4.518618583679199219e+00
5.726657390594482422e+00
3.383707761764526367e+00
7.307183265686035156e+00
4.824880599975585938e+00
3.298655986785888672e+00
5.964003562927246094e+00
3.742600917816162109e+00
5.825281143188476562e+00
4.144996643066406250e+00
4.533690452575683594e+00
4.800580501556396484e+00
4.193770885467529297e+00
5.791723251342773438e+00
3.550821781158447266e+00
7.183180809020996094e+00
4.483067512512207031e+00
4.290838718414306641e+00
5.854127883911132812e+00
4.575081825256347656e+00
5.511534214019775391e+00
3.866484880447387695e+00
6.881291389465332031e+00
2.762608766555786133e+00
8.060297966003417969e+00
4.866354465484619141e+00
6.191658973693847656e+00
4.427463054656982422e+00
4.388862609863281250e+00
6.411501884460449219e+00
3.950855016708374023e+00
4.912292957305908203e+00
4.881175994873046875e+00
4.856708526611328125e+00
4.867154598236083984e+00
4.816176414489746094e+00
5.365142822265625000e+00
4.973552227020263672e+00
5.502345085144042969e+00
6.511275291442871094e+00
5.240304470062255859e+00
5.528973579406738281e+00
4.877126693725585938e+00
6.247232437133789062e+00
5.591146469116210938e+00
5.301141738891601562e+00
6.590369224548339844e+00
5.686031341552734375e+00
6.149453163146972656e+00
6.196271419525146484e+00
5.785206794738769531e+00
7.334217071533203125e+00
5.805189132690429688e+00
6.547047138214111328e+00
6.780266761779785156e+00
6.343323230743408203e+00
9.386369705200195312e+00
7.293787956237792969e+00
5.847829818725585938e+00
1.217386817932128906e+01
1.035096549987792969e+01
5.437962532043457031e+00
1.508061027526855469e+01
1.239488029479980469e+01
6.721611499786376953e+00
1.023204231262207031e+01
8.371880531311035156e+00
4.753974437713623047e+00
8.505428314208984375e+00
7.740878105163574219e+00
5.024135589599609375e+00
5.952022075653076172e+00
6.150347709655761719e+00
5.569224834442138672e+00
5.997470855712890625e+00
5.730667114257812500e+00
5.266455650329589844e+00
7.818768978118896484e+00
5.989735603332519531e+00
8.539680480957031250e+00
6.115378379821777344e+00
1.146359062194824219e+01
7.852216720581054688e+00
6.095829010009765625e+00
1.137612152099609375e+01
8.158104896545410156e+00
9.261587142944335938e+00
7.136463165283203125e+00
7.743446826934814453e+00
5.901770114898681641e+00
6.863275051116943359e+00
6.438274860382080078e+00
7.014114379882812500e+00
6.837406158447265625e+00
7.564931869506835938e+00
6.302922248840332031e+00
8.332780838012695312e+00
6.151605129241943359e+00
1.010495758056640625e+01
7.788397789001464844e+00
6.049965381622314453e+00
8.253122329711914062e+00
7.264378547668457031e+00
4.948238849639892578e+00
6.784354209899902344e+00
5.824219703674316406e+00
6.697726726531982422e+00
6.695022106170654297e+00
6.666029930114746094e+00
6.066402435302734375e+00
6.246421813964843750e+00
7.380461692810058594e+00
4.442395687103271484e+00
1.452145671844482422e+01
9.276432037353515625e+00
5.549697875976562500e+00
1.022027015686035156e+01
8.362163543701171875e+00
1.031498527526855469e+01
7.494825839996337891e+00
4.746406078338623047e+00
9.848257064819335938e+00
8.206082344055175781e+00
5.094754219055175781e+00
8.171632766723632812e+00
5.928082942962646484e+00
4.322581291198730469e+00
6.744238853454589844e+00
6.405203819274902344e+00
5.147612571716308594e+00
4.229527473449707031e+00
5.967639923095703125e+00
5.687162399291992188e+00
5.244494438171386719e+00
6.072422504425048828e+00
4.372806549072265625e+00
7.518256664276123047e+00
6.226066112518310547e+00
4.718314647674560547e+00
6.996707916259765625e+00
5.905046939849853516e+00
4.804697036743164062e+00
7.565925598144531250e+00
5.600731849670410156e+00
4.777286529541015625e+00
6.979003906250000000e+00
6.500129699707031250e+00
4.181990623474121094e+00
7.552316665649414062e+00
4.783563613891601562e+00
7.104396820068359375e+00
6.862959384918212891e+00
5.321850776672363281e+00
6.285128593444824219e+00
5.384665489196777344e+00
5.543024539947509766e+00
4.755491256713867188e+00
6.090234279632568359e+00
5.026461601257324219e+00
5.465512275695800781e+00
5.281936645507812500e+00
3.216454029083251953e+00
8.735762596130371094e+00
4.856955528259277344e+00
4.185955047607421875e+00
6.219669342041015625e+00
4.348376750946044922e+00
5.077110290527343750e+00
6.206426620483398438e+00
3.109134674072265625e+00
7.357817649841308594e+00
3.802255153656005859e+00
6.978658676147460938e+00
2.523975372314453125e+00
1.055392456054687500e+01
3.945992946624755859e+00
4.126071929931640625e+00
8.348742485046386719e+00
3.782450914382934570e+00
4.571313381195068359e+00
5.788366794586181641e+00
2.790800094604492188e+00
6.218780994415283203e+00
3.661142349243164062e+00
4.409193038940429688e+00
3.634715080261230469e+00
4.528261184692382812e+00
2.968511581420898438e+00
6.672049999237060547e+00
3.755105257034301758e+00
4.289059638977050781e+00
4.911857128143310547e+00
5.395142555236816406e+00
2.095631599426269531e+00
6.871114730834960938e+00
3.070980906486511230e-01
5.434932708740234375e+00
3.732016563415527344e+00
1.691387534141540527e+00
2.282392978668212891e+00
2.763370037078857422e+00
1.769821643829345703e+00
2.818562030792236328e+00
2.295117616653442383e+00
2.118597984313964844e+00
3.218375682830810547e+00
1.856737852096557617e+00
3.410139083862304688e+00
2.721954822540283203e+00
3.360509395599365234e+00
3.368273735046386719e+00
3.945340156555175781e+00
3.406944274902343750e+00
4.237098693847656250e+00
3.482528448104858398e+00
4.843762397766113281e+00
2.619039297103881836e+00
5.370103359222412109e+00
2.508233070373535156e+00
4.734576225280761719e+00
3.823671340942382812e+00
4.519524574279785156e+00
3.366769552230834961e+00
5.951501846313476562e+00
3.810475587844848633e+00
7.804869651794433594e+00
2.279536724090576172e+00
6.384277343750000000e+00
3.333535909652709961e+00
5.082930088043212891e+00
1.737510323524475098e+00
8.144555091857910156e+00
3.661014080047607422e+00
3.970338821411132812e+00
5.890714645385742188e+00
4.321417331695556641e+00
3.712918758392333984e+00
5.890909194946289062e+00
4.858700275421142578e+00
3.746333122253417969e+00
6.351955413818359375e+00
3.508166790008544922e+00
6.430556774139404297e+00
2.846352100372314453e+00
5.967406272888183594e+00
5.029852390289306641e-01
5.282250404357910156e+00
3.782300472259521484e+00
2.186460971832275391e+00
3.688850164413452148e+00
3.354461193084716797e+00
2.430829763412475586e+00
3.701388835906982422e+00
2.897393465042114258e+00
2.968792438507080078e+00
3.222641468048095703e+00
3.489273548126220703e+00
2.678344249725341797e+00
4.356019020080566406e+00
3.040582180023193359e+00
4.167748451232910156e+00
3.857753276824951172e+00
3.542651653289794922e+00
3.926960945129394531e+00
4.231308460235595703e+00
4.691755771636962891e+00
5.695885181427001953e+00
4.575831413269042969e+00
7.015326499938964844e+00
4.200023651123046875e+00
7.663099765777587891e+00
9.524172544479370117e-01
8.927143096923828125e+00
5.851339340209960938e+00
3.170005321502685547e+00
6.413777351379394531e+00
4.405084609985351562e+00
5.765348434448242188e+00
4.580606460571289062e+00
5.046644210815429688e+00
3.450388431549072266e+00
6.761677265167236328e+00
2.331426382064819336e+00
5.502428531646728516e+00
4.431501388549804688e+00
5.351688385009765625e+00
3.151065349578857422e+00
5.501259803771972656e+00
4.377257823944091797e+00
3.412382602691650391e+00
6.635583877563476562e+00
4.863419532775878906e+00
5.001121520996093750e+00
6.127743721008300781e+00
4.245969295501708984e+00
7.900341510772705078e+00
4.396096229553222656e+00
5.988901138305664062e+00
5.090266227722167969e+00
3.810880661010742188e+00
6.178613185882568359e+00
5.063171386718750000e+00
3.805647850036621094e+00
4.765723705291748047e+00
5.792332649230957031e+00
3.441836595535278320e+00
7.165230751037597656e+00
5.477238178253173828e+00
3.259417295455932617e+00
6.134452819824218750e+00
3.781302213668823242e+00
3.191689729690551758e+00
4.437860488891601562e+00
3.838042497634887695e+00
3.443780899047851562e+00
4.528259277343750000e+00
4.316633701324462891e+00
4.178609371185302734e+00
4.137265682220458984e+00
4.885425090789794922e+00
3.593125104904174805e+00
7.008027076721191406e+00
1.713219046592712402e+00
6.091204643249511719e+00
2.154357433319091797e+00
4.611227035522460938e+00
3.334369659423828125e+00
3.962745904922485352e+00
3.567269802093505859e+00
3.426914453506469727e+00
4.486107826232910156e+00
3.608106136322021484e+00
4.351352691650390625e+00
4.464769363403320312e+00
4.387238502502441406e+00
3.808367013931274414e+00
4.982348442077636719e+00
3.609210014343261719e+00
5.016576290130615234e+00
3.710172891616821289e+00
4.359424114227294922e+00
5.014193534851074219e+00
3.346567630767822266e+00
6.667833328247070312e+00
2.980509757995605469e+00
5.478013992309570312e+00
4.941528320312500000e+00
3.972397804260253906e+00
6.146643638610839844e+00
4.142045021057128906e+00
5.493632793426513672e+00
4.023882865905761719e+00
4.318150043487548828e+00
4.209625244140625000e+00
3.821955204010009766e+00
6.929699420928955078e+00
2.234848022460937500e+00
7.806064605712890625e+00
6.011898994445800781e+00
2.576885461807250977e+00
6.216362476348876953e+00
4.644824981689453125e+00
3.527970075607299805e+00
5.842362880706787109e+00
3.296468734741210938e+00
4.212314128875732422e+00
4.718403816223144531e+00
3.469714164733886719e+00
4.477460861206054688e+00
3.706727266311645508e+00
4.038469314575195312e+00
4.406953811645507812e+00
3.326528310775756836e+00
4.314309120178222656e+00
4.005856037139892578e+00
4.219831943511962891e+00
5.002366065979003906e+00
3.314030885696411133e+00
6.341511249542236328e+00
4.407204627990722656e+00
3.259932994842529297e+00
6.442759513854980469e+00
3.578228950500488281e+00
4.420016288757324219e+00
4.953872680664062500e+00
2.973866462707519531e+00
4.897531509399414062e+00
3.669977188110351562e+00
2.998817443847656250e+00
5.362625122070312500e+00
3.839348793029785156e+00
3.883607387542724609e+00
4.262835025787353516e+00
3.736139059066772461e+00
3.431205749511718750e+00
4.528979301452636719e+00
3.595201492309570312e+00
3.902280807495117188e+00
4.119017601013183594e+00
5.268541336059570312e+00
3.655441045761108398e+00
5.631427764892578125e+00
3.633819818496704102e+00
5.348135948181152344e+00
3.671923637390136719e+00
3.850169420242309570e+00
4.194786071777343750e+00
3.818776607513427734e+00
3.917314529418945312e+00
3.931551218032836914e+00
4.846339225769042969e+00
3.145851850509643555e+00
4.105292320251464844e+00
4.555317878723144531e+00
3.816738128662109375e+00
3.958623170852661133e+00
4.479966163635253906e+00
4.623052597045898438e+00
2.978495121002197266e+00
7.378905296325683594e+00
3.880738258361816406e+00
4.716138839721679688e+00
4.684464454650878906e+00
3.880358934402465820e+00
4.009544372558593750e+00
4.666338920593261719e+00
4.041580200195312500e+00
4.516339302062988281e+00
4.094388961791992188e+00
4.194401741027832031e+00
5.494603633880615234e+00
3.721464395523071289e+00
3.952355384826660156e+00
5.034552097320556641e+00
4.645273208618164062e+00
3.164618730545043945e+00
1.101105690002441406e+01
4.050125122070312500e+00
3.306631565093994141e+00
6.694498062133789062e+00
2.736033201217651367e+00
6.790099143981933594e+00
4.187304496765136719e+00
3.241607666015625000e+00
4.762860298156738281e+00
4.135209083557128906e+00
3.330956935882568359e+00
4.327638626098632812e+00
3.727418899536132812e+00
4.126764297485351562e+00
3.503938674926757812e+00
4.624915122985839844e+00
2.890631914138793945e+00
5.640912055969238281e+00
2.045382976531982422e+00
7.383595943450927734e+00
5.713001251220703125e+00
2.753848314285278320e+00
7.806181907653808594e+00
2.393638372421264648e+00
6.151209354400634766e+00
3.568734645843505859e+00
4.488010406494140625e+00
3.891112327575683594e+00
3.993867635726928711e+00
3.986139774322509766e+00
4.145915031433105469e+00
3.946789741516113281e+00
4.561645507812500000e+00
3.789945602416992188e+00
4.141619682312011719e+00
3.832926750183105469e+00
4.675779342651367188e+00
4.127267360687255859e+00
3.346687555313110352e+00
5.266382217407226562e+00
2.072183609008789062e+00
6.293949127197265625e+00
5.442678451538085938e+00
3.671252012252807617e+00
5.273379802703857422e+00
3.310638427734375000e+00
5.466591835021972656e+00
3.480048418045043945e+00
4.076575279235839844e+00
4.747415542602539062e+00
3.874901056289672852e+00
4.905478477478027344e+00
3.255779266357421875e+00
7.170207977294921875e+00
3.881570816040039062e+00
4.965412139892578125e+00
4.180347442626953125e+00
4.827918529510498047e+00
3.980536460876464844e+00
4.848332405090332031e+00
2.856070518493652344e+00
6.497628688812255859e+00
2.375176429748535156e+00
7.012715339660644531e+00
4.872467994689941406e+00
3.547592878341674805e+00
7.088057518005371094e+00
3.939943552017211914e+00
6.155983924865722656e+00
3.275164604187011719e+00
6.844180583953857422e+00
3.285263299942016602e+00
6.734545707702636719e+00
2.666272163391113281e+00
6.822271347045898438e+00
4.601463317871093750e+00
3.330601692199707031e+00
5.448079586029052734e+00
4.094365119934082031e+00
4.516470432281494141e+00
4.196172714233398438e+00
4.129850387573242188e+00
4.195988655090332031e+00
4.332580089569091797e+00
3.758315563201904297e+00
4.847797870635986328e+00
3.904674053192138672e+00
4.152383804321289062e+00
4.915081024169921875e+00
3.447700977325439453e+00
7.441174507141113281e+00
2.059976577758789062e+00
8.120741844177246094e+00
5.253888130187988281e+00
3.667047977447509766e+00
7.227616786956787109e+00
3.773627519607543945e+00
4.106665611267089844e+00
4.149946689605712891e+00
4.314339160919189453e+00
3.598634719848632812e+00
4.317669868469238281e+00
4.542740821838378906e+00
4.254609107971191406e+00
4.647640705108642578e+00
4.383406639099121094e+00
4.358201980590820312e+00
4.525244712829589844e+00
5.543172359466552734e+00
4.100739479064941406e+00
4.466379165649414062e+00
3.877264022827148438e+00
4.472017765045166016e+00
4.605188369750976562e+00
4.140136241912841797e+00
4.785314559936523438e+00
4.033783912658691406e+00
4.817459583282470703e+00
4.042979240417480469e+00
4.971324920654296875e+00
4.042931556701660156e+00
4.255187034606933594e+00
3.954777479171752930e+00
5.354392528533935547e+00
2.924730539321899414e+00
8.977458953857421875e+00
2.960247278213500977e+00
7.198266029357910156e+00
3.823788166046142578e+00
5.001130104064941406e+00
6.834760665893554688e+00
3.176861763000488281e+00
5.688612937927246094e+00
4.296346187591552734e+00
4.433473587036132812e+00
5.250253677368164062e+00
3.790367126464843750e+00
5.711571693420410156e+00
3.533511877059936523e+00
5.823023796081542969e+00
5.023021697998046875e+00
2.931180000305175781e+00
7.141110420227050781e+00
4.697237968444824219e+00
3.409538745880126953e+00
5.583101749420166016e+00
3.286294460296630859e+00
5.929467678070068359e+00
3.561717987060546875e+00
4.376505374908447266e+00
5.356615066528320312e+00
3.376863956451416016e+00
6.538421630859375000e+00
3.717881679534912109e+00
5.118825912475585938e+00
4.175424575805664062e+00
4.600166320800781250e+00
5.436233043670654297e+00
3.296928882598876953e+00
6.338511466979980469e+00
4.102138519287109375e+00
3.493628263473510742e+00
5.744094371795654297e+00
4.295770645141601562e+00
3.933192729949951172e+00
5.151929855346679688e+00
4.368465423583984375e+00
4.374063968658447266e+00
4.707632064819335938e+00
3.923600673675537109e+00
5.086633682250976562e+00
3.603213310241699219e+00
5.195918083190917969e+00
3.923797845840454102e+00
4.813067436218261719e+00
4.976136207580566406e+00
4.883380889892578125e+00
5.966493606567382812e+00
2.751454830169677734e+00
8.477448463439941406e+00
4.679775714874267578e+00
5.000167846679687500e+00
5.743223190307617188e+00
4.468283653259277344e+00
5.314776420593261719e+00
6.064345359802246094e+00
3.511800765991210938e+00
6.600572586059570312e+00
4.741105556488037109e+00
5.123627662658691406e+00
5.366481781005859375e+00
6.035161018371582031e+00
3.543344497680664062e+00
7.619196891784667969e+00
2.018111705780029297e+00
1.048299026489257812e+01
1.169889330863952637e+00
5.444599151611328125e+00
3.224876880645751953e+00
2.625903606414794922e+00
3.838561058044433594e+00
2.884569168090820312e+00
3.754728317260742188e+00
2.168389320373535156e+00
4.763663768768310547e+00
2.370070219039916992e+00
4.719707012176513672e+00
2.550913572311401367e+00
4.248067855834960938e+00
3.134597539901733398e+00
3.925954818725585938e+00
3.999452114105224609e+00
3.374017238616943359e+00
4.777390480041503906e+00
2.907896041870117188e+00
4.967323303222656250e+00
3.189323186874389648e+00
4.577668190002441406e+00
4.817684173583984375e+00
2.387130737304687500e+00
7.307838439941406250e+00
3.071974277496337891e+00
4.805027484893798828e+00
4.126146793365478516e+00
4.175616741180419922e+00
3.403304100036621094e+00
4.378077983856201172e+00
3.711389303207397461e+00
3.509698867797851562e+00
3.674263000488281250e+00
2.989091396331787109e+00
5.133244514465332031e+00
3.923336029052734375e+00
3.161891937255859375e+00
4.116165161132812500e+00
4.441787719726562500e+00
3.362527847290039062e+00
5.069492340087890625e+00
3.620798349380493164e+00
4.387259006500244141e+00
4.826665401458740234e+00
3.557314395904541016e+00
4.950709342956542969e+00
3.869489192962646484e+00
4.466871738433837891e+00
4.777392864227294922e+00
4.487298011779785156e+00
4.029054641723632812e+00
5.719199180603027344e+00
3.499682664871215820e+00
7.278066158294677734e+00
3.555238962173461914e+00
5.836658477783203125e+00
5.694026947021484375e+00
3.519389629364013672e+00
7.226713657379150391e+00
3.621148586273193359e+00
5.524544715881347656e+00
4.094548225402832031e+00
6.656261444091796875e+00
3.475083351135253906e+00
7.279767990112304688e+00
4.103258132934570312e+00
6.099569797515869141e+00
4.780856609344482422e+00
5.860601425170898438e+00
4.475147724151611328e+00
5.010413646697998047e+00
5.089530944824218750e+00
5.190220832824707031e+00
5.415240764617919922e+00
4.016371250152587891e+00
6.477304458618164062e+00
3.822187900543212891e+00
5.937950611114501953e+00
5.095684528350830078e+00
3.799911975860595703e+00
6.134881496429443359e+00
4.467206001281738281e+00
4.507802486419677734e+00
6.056338787078857422e+00
4.158270835876464844e+00
4.884288311004638672e+00
5.423810958862304688e+00
4.674047946929931641e+00
5.239736080169677734e+00
5.392147541046142578e+00
4.723356723785400391e+00
4.291223049163818359e+00
6.178977966308593750e+00
4.924196720123291016e+00
4.253594398498535156e+00
6.184131622314453125e+00
3.478480339050292969e+00
7.509039402008056641e+00
3.143359899520874023e+00
7.987395763397216797e+00
3.043477535247802734e+00
7.894981384277343750e+00
4.633105278015136719e+00
3.591101646423339844e+00
6.789257049560546875e+00
4.224991321563720703e+00
3.865156173706054688e+00
4.900945663452148438e+00
4.248815536499023438e+00
3.580705881118774414e+00
6.590194702148437500e+00
2.576573610305786133e+00
7.167462825775146484e+00
3.293982505798339844e+00
4.514030456542968750e+00
5.152573585510253906e+00
4.126911163330078125e+00
4.139322280883789062e+00
4.179538726806640625e+00
3.372594833374023438e+00
4.566051959991455078e+00
3.302259445190429688e+00
5.109640598297119141e+00
3.369611740112304688e+00
7.151040077209472656e+00
4.934991836547851562e+00
2.775885343551635742e+00
7.091207504272460938e+00
4.471507549285888672e+00
4.019490242004394531e+00
4.288992881774902344e+00
4.655308246612548828e+00
3.990865230560302734e+00
4.578713417053222656e+00
4.736045837402343750e+00
4.187127113342285156e+00
5.782647132873535156e+00
3.205509185791015625e+00
6.929547309875488281e+00
4.128964424133300781e+00
4.517413616180419922e+00
4.912549972534179688e+00
4.959476470947265625e+00
4.333130836486816406e+00
5.220200061798095703e+00
3.506212711334228516e+00
5.996986389160156250e+00
2.733005523681640625e+00
7.450985431671142578e+00
4.446682453155517578e+00
3.814336776733398438e+00
5.941287994384765625e+00
3.789944648742675781e+00
5.378313064575195312e+00
2.685856342315673828e+00
7.505245208740234375e+00
4.043478965759277344e+00
4.602603912353515625e+00
4.972374439239501953e+00
4.453554153442382812e+00
5.058209419250488281e+00
3.036229610443115234e+00
7.045586109161376953e+00
2.350420475006103516e+00
6.843220710754394531e+00
4.769585609436035156e+00
3.606797933578491211e+00
7.423112869262695312e+00
2.090199470520019531e+00
8.670183181762695312e+00
2.198431491851806641e+00
6.839312553405761719e+00
3.921014785766601562e+00
4.299990653991699219e+00
6.187282562255859375e+00
2.975816011428833008e+00
4.646145820617675781e+00
4.542727947235107422e+00
3.294369935989379883e+00
5.540480136871337891e+00
3.337042570114135742e+00
5.540562152862548828e+00
3.561915874481201172e+00
4.906939506530761719e+00
4.120005130767822266e+00
4.524693489074707031e+00
3.901906728744506836e+00
4.205254077911376953e+00
3.612104415893554688e+00
3.975274562835693359e+00
4.510740280151367188e+00
4.685363292694091797e+00
3.219914913177490234e+00
5.001210689544677734e+00
3.907160282135009766e+00
4.133856773376464844e+00
4.459247589111328125e+00
3.490325927734375000e+00
5.282072067260742188e+00
3.313380479812622070e+00
4.966827392578125000e+00
4.458858013153076172e+00
3.830883979797363281e+00
4.984827041625976562e+00
3.420769214630126953e+00
5.077752113342285156e+00
4.253995895385742188e+00
4.084452629089355469e+00
4.398392677307128906e+00
4.295609474182128906e+00
4.803387641906738281e+00
4.375624656677246094e+00
3.686889171600341797e+00
4.901914119720458984e+00
3.623378753662109375e+00
5.324195384979248047e+00
3.313271999359130859e+00
5.318785667419433594e+00
3.659606456756591797e+00
4.729866504669189453e+00
4.505785465240478516e+00
3.502825498580932617e+00
5.025220870971679688e+00
4.297771453857421875e+00
3.429846763610839844e+00
5.940557956695556641e+00
3.005492925643920898e+00
6.305912017822265625e+00
4.170945644378662109e+00
3.967131614685058594e+00
5.897953033447265625e+00
3.545971155166625977e+00
4.297543525695800781e+00
3.754365205764770508e+00
5.066799163818359375e+00
3.719892978668212891e+00
4.863016128540039062e+00
3.335170745849609375e+00
4.484230041503906250e+00
4.691001892089843750e+00
4.355215072631835938e+00
4.954015731811523438e+00
3.301578044891357422e+00
7.858218193054199219e+00
4.461587905883789062e+00
5.461091041564941406e+00
5.445513248443603516e+00
4.059636116027832031e+00
6.957872390747070312e+00
2.997227907180786133e+00
7.331378936767578125e+00
4.109354019165039062e+00
5.233572959899902344e+00
3.950759887695312500e+00
4.925174236297607422e+00
4.842370986938476562e+00
3.342551469802856445e+00
8.307071685791015625e+00
3.424656391143798828e+00
4.972617149353027344e+00
5.684913635253906250e+00
3.820550680160522461e+00
5.039666175842285156e+00
3.757132530212402344e+00
4.503071308135986328e+00
3.593112707138061523e+00
3.507904529571533203e+00
4.159444808959960938e+00
4.607890605926513672e+00
4.089742660522460938e+00
4.179404735565185547e+00
4.720286369323730469e+00
3.002283096313476562e+00
8.284035682678222656e+00
3.778092384338378906e+00
5.465281486511230469e+00
3.738820791244506836e+00
8.139858245849609375e+00
2.915543794631958008e+00
6.305605411529541016e+00
3.493459939956665039e+00
6.872953414916992188e+00
2.514500856399536133e+00
7.205233573913574219e+00
3.012493133544921875e+00
7.972536087036132812e+00
4.089092254638671875e+00
5.066201210021972656e+00
4.565842628479003906e+00
4.413008689880371094e+00
5.482144355773925781e+00
2.652349472045898438e+00
7.350860595703125000e+00
3.523942470550537109e+00
4.469563484191894531e+00
5.997951030731201172e+00
3.604951858520507812e+00
4.121373176574707031e+00
4.582401275634765625e+00
4.449367523193359375e+00
3.845140218734741211e+00
5.076744079589843750e+00
4.818415164947509766e+00
3.548563480377197266e+00
6.748383998870849609e+00
3.094283580780029297e+00
7.006168365478515625e+00
2.822834730148315430e+00
6.370161056518554688e+00
5.337599754333496094e+00
3.255365371704101562e+00
7.099058151245117188e+00
4.886821746826171875e+00
3.614381790161132812e+00
7.329087257385253906e+00
3.473483562469482422e+00
5.539306640625000000e+00
4.146745681762695312e+00
5.622454643249511719e+00
4.339398384094238281e+00
3.853711128234863281e+00
5.298130989074707031e+00
3.955476045608520508e+00
5.763673305511474609e+00
3.563462734222412109e+00
5.689519882202148438e+00
3.686516284942626953e+00
4.867133140563964844e+00
4.623154163360595703e+00
4.106519699096679688e+00
4.093491554260253906e+00
4.515606880187988281e+00
3.546539306640625000e+00
5.081076145172119141e+00
3.834619760513305664e+00
4.672163009643554688e+00
2.842974901199340820e+00
7.336175918579101562e+00
3.972324371337890625e+00
3.657184600830078125e+00
6.897150993347167969e+00
2.895719051361083984e+00
6.213949680328369141e+00
5.205321311950683594e+00
3.732748985290527344e+00
6.065027713775634766e+00
4.086297988891601562e+00
4.561758518218994141e+00
5.748456954956054688e+00
3.385283231735229492e+00
6.191960811614990234e+00
4.196738243103027344e+00
5.440331459045410156e+00
4.289422035217285156e+00
6.149902343750000000e+00
1.469491243362426758e+00
1.033281517028808594e+01
6.073882579803466797e+00
4.432027816772460938e+00
7.554329872131347656e+00
1.994207739830017090e+00
7.457133293151855469e+00
5.963217258453369141e+00
3.147632122039794922e+00
5.801450252532958984e+00
3.543064594268798828e+00
6.871320724487304688e+00
3.763659477233886719e+00
4.198696136474609375e+00
5.760855674743652344e+00
3.217014074325561523e+00
6.343477249145507812e+00
5.308925628662109375e+00
3.198261737823486328e+00
6.418334007263183594e+00
3.122171401977539062e+00
5.280307769775390625e+00
4.287327766418457031e+00
3.301106929779052734e+00
6.149589061737060547e+00
4.348030567169189453e+00
3.274957895278930664e+00
6.175163269042968750e+00
3.419855356216430664e+00
4.020402908325195312e+00
4.328206539154052734e+00
4.017365455627441406e+00
4.521805763244628906e+00
3.234964847564697266e+00
4.834427356719970703e+00
4.222369194030761719e+00
3.493083953857421875e+00
5.581422805786132812e+00
3.250472784042358398e+00
6.067221641540527344e+00
3.160198688507080078e+00
6.422358512878417969e+00
2.524956703186035156e+00
7.008560180664062500e+00
4.191488265991210938e+00
3.653414249420166016e+00
7.339700698852539062e+00
2.681289196014404297e+00
6.631414413452148438e+00
3.470589637756347656e+00
4.501044273376464844e+00
4.417370796203613281e+00
4.121322154998779297e+00
4.518916130065917969e+00
3.004318237304687500e+00
5.085773468017578125e+00
3.145193576812744141e+00
4.177081584930419922e+00
4.177604675292968750e+00
4.597404956817626953e+00
4.224090576171875000e+00
3.193422079086303711e+00
8.022558212280273438e+00
2.479422330856323242e+00
6.572046279907226562e+00
1.403323173522949219e+00
7.807637214660644531e+00
5.244579792022705078e+00
3.112886667251586914e+00
8.371313095092773438e+00
4.302310943603515625e+00
5.062731266021728516e+00
4.369844913482666016e+00
5.519840240478515625e+00
3.811576366424560547e+00
5.681828022003173828e+00
4.103889942169189453e+00
4.461920738220214844e+00
4.341135025024414062e+00
4.101754188537597656e+00
4.685224533081054688e+00
4.090988159179687500e+00
3.356328487396240234e+00
5.937491416931152344e+00
4.464025497436523438e+00
3.240651845932006836e+00
5.497179031372070312e+00
3.664250850677490234e+00
2.923217773437500000e+00
5.919318675994873047e+00
3.592503786087036133e+00
3.906417608261108398e+00
4.511494636535644531e+00
4.544315338134765625e+00
2.942814826965332031e+00
5.222050666809082031e+00
3.559354543685913086e+00
4.098871231079101562e+00
3.894803524017333984e+00
4.229520797729492188e+00
3.786730766296386719e+00
3.742234706878662109e+00
4.285083770751953125e+00
4.012319087982177734e+00
4.203126430511474609e+00
4.255648136138916016e+00
3.329764366149902344e+00
4.826658248901367188e+00
3.894292831420898438e+00
4.991716384887695312e+00
3.890539884567260742e+00
4.773208141326904297e+00
3.309015989303588867e+00
4.464956760406494141e+00
3.948035001754760742e+00
4.495714664459228516e+00
3.285306215286254883e+00
4.918639659881591797e+00
2.210119247436523438e+00
7.408853530883789062e+00
3.980717182159423828e+00
4.413095474243164062e+00
5.170160293579101562e+00
3.146355867385864258e+00
6.083025455474853516e+00
3.029821395874023438e+00
6.108747482299804688e+00
4.258542060852050781e+00
4.543841361999511719e+00
3.968334913253784180e+00
5.973297119140625000e+00
2.708620071411132812e+00
6.502120971679687500e+00
4.954935550689697266e+00
3.870932102203369141e+00
5.369394302368164062e+00
3.818925142288208008e+00
4.977224826812744141e+00
4.125750541687011719e+00
4.612798690795898438e+00
4.781816005706787109e+00
3.288485050201416016e+00
7.341612815856933594e+00
1.700282335281372070e+00
9.084863662719726562e+00
3.695185661315917969e+00
3.617178440093994141e+00
5.310793876647949219e+00
4.395471096038818359e+00
3.764708995819091797e+00
4.271475791931152344e+00
4.404772281646728516e+00
3.671089172363281250e+00
4.923453330993652344e+00
4.132766246795654297e+00
3.769471645355224609e+00
3.828187704086303711e+00
4.574425220489501953e+00
4.528053283691406250e+00
3.973526954650878906e+00
5.841630935668945312e+00
3.858075857162475586e+00
5.529274463653564453e+00
2.824121952056884766e+00
7.802018165588378906e+00
1.144824504852294922e+00
8.080095291137695312e+00
6.128992080688476562e+00
2.935760021209716797e+00
6.640459537506103516e+00
2.864619970321655273e+00
5.657989501953125000e+00
4.554352760314941406e+00
2.736695051193237305e+00
7.354456901550292969e+00
1.704556226730346680e+00
9.739160537719726562e+00
2.313470363616943359e+00
5.445756912231445312e+00
5.527380466461181641e+00
4.519603729248046875e+00
4.162614822387695312e+00
4.065348625183105469e+00
5.511466026306152344e+00
3.798711776733398438e+00
6.622752189636230469e+00
3.003198623657226562e+00
7.507774353027343750e+00
2.151698589324951172e+00
6.904382705688476562e+00
5.638134956359863281e+00
2.725163459777832031e+00
6.437639236450195312e+00
4.396485805511474609e+00
2.623568534851074219e+00
5.187590599060058594e+00
2.026247024536132812e+00
6.164987087249755859e+00
4.041023254394531250e+00
3.415409326553344727e+00
6.091450691223144531e+00
2.661347866058349609e+00
5.039010047912597656e+00
3.836460113525390625e+00
3.508658170700073242e+00
4.708676815032958984e+00
4.006723880767822266e+00
2.649361848831176758e+00
6.166174411773681641e+00
2.874791622161865234e+00
3.190026521682739258e+00
6.506704330444335938e+00
4.165638923645019531e+00
3.704602241516113281e+00
3.848936557769775391e+00
5.245255470275878906e+00
4.050452709197998047e+00
3.111912727355957031e+00
4.570866584777832031e+00
3.975366592407226562e+00
2.785270690917968750e+00
4.808805942535400391e+00
4.415837287902832031e+00
3.862983226776123047e+00
3.606390953063964844e+00
5.285811424255371094e+00
3.708073139190673828e+00
3.856984138488769531e+00
3.943465232849121094e+00
4.449370861053466797e+00
4.652021408081054688e+00
2.956664800643920898e+00
5.475190639495849609e+00
2.821371316909790039e+00
4.178510189056396484e+00
3.464184761047363281e+00
4.006697654724121094e+00
3.514700889587402344e+00
4.081211566925048828e+00
2.930627346038818359e+00
5.753736495971679688e+00
1.929971933364868164e+00
5.911327838897705078e+00
3.552570819854736328e+00
4.237905979156494141e+00
2.785488128662109375e+00
4.730842113494873047e+00
4.053856372833251953e+00
3.328249216079711914e+00
4.553853034973144531e+00
2.061243057250976562e+00
7.173012256622314453e+00
2.644817829132080078e+00
5.937817573547363281e+00
3.485191822052001953e+00
7.256469726562500000e+00
2.850130319595336914e+00
5.781970977783203125e+00
5.042989730834960938e+00
3.013580799102783203e+00
5.713953018188476562e+00
3.646094322204589844e+00
4.229086399078369141e+00
4.811128139495849609e+00
3.465479135513305664e+00
5.080552577972412109e+00
3.648982524871826172e+00
4.372365951538085938e+00
3.923016071319580078e+00
3.584595680236816406e+00
5.328207015991210938e+00
3.185104608535766602e+00
3.801950931549072266e+00
4.356457710266113281e+00
3.835397720336914062e+00
4.351488590240478516e+00
4.428606033325195312e+00
3.207969665527343750e+00
6.611255645751953125e+00
1.883114695549011230e+00
7.757003784179687500e+00
5.434647560119628906e+00
3.669618129730224609e+00
5.341346740722656250e+00
4.443344116210937500e+00
4.204167842864990234e+00
3.579555273056030273e+00
4.171279907226562500e+00
4.261928558349609375e+00
5.001088142395019531e+00
2.383773803710937500e+00
6.785160541534423828e+00
1.729093313217163086e+00
9.169134140014648438e+00
4.508893013000488281e+00
3.362358331680297852e+00
6.597501754760742188e+00
3.314027070999145508e+00
5.590188026428222656e+00
3.290930271148681641e+00
6.043975830078125000e+00
3.427003860473632812e+00
4.092359066009521484e+00
4.666510581970214844e+00
2.773590564727783203e+00
4.367418766021728516e+00
4.366297245025634766e+00
3.409480810165405273e+00
3.389912366867065430e+00
6.196584224700927734e+00
2.116816043853759766e+00
7.268802165985107422e+00
4.749889373779296875e+00
5.140258312225341797e+00
3.902444601058959961e+00
4.317062377929687500e+00
5.289587020874023438e+00
4.247385025024414062e+00
4.206711769104003906e+00
5.163515090942382812e+00
3.460884094238281250e+00
6.314971923828125000e+00
4.646755218505859375e+00
4.532240390777587891e+00
5.917547225952148438e+00
3.494837760925292969e+00
6.129012107849121094e+00
3.377827882766723633e+00
5.589094161987304688e+00
3.841943025588989258e+00
3.401646614074707031e+00
4.906028747558593750e+00
3.329106807708740234e+00
3.990941286087036133e+00
4.114625930786132812e+00
3.179170608520507812e+00
3.732230663299560547e+00
3.734467983245849609e+00
3.643340826034545898e+00
4.088929176330566406e+00
2.368334054946899414e+00
5.967125892639160156e+00
3.094255924224853516e+00
3.045419931411743164e+00
5.103973388671875000e+00
3.027620553970336914e+00
4.408594608306884766e+00
3.146788120269775391e+00
4.943727016448974609e+00
1.933738708496093750e+00
6.310989379882812500e+00
1.555639266967773438e+00
6.708070755004882812e+00
4.237188339233398438e+00
3.340555429458618164e+00
5.175468444824218750e+00
3.550995826721191406e+00
4.413084030151367188e+00
4.275837898254394531e+00
2.130863666534423828e+00
7.642843246459960938e+00
7.824497818946838379e-01
5.851692199707031250e+00
3.660180568695068359e+00
2.865151882171630859e+00
4.160663127899169922e+00
4.320840835571289062e+00
3.260679960250854492e+00
4.519929885864257812e+00
2.819846630096435547e+00
3.924215793609619141e+00
3.802793502807617188e+00
4.398293495178222656e+00
2.541793346405029297e+00
4.024147033691406250e+00
3.498831748962402344e+00
4.171105384826660156e+00
2.616698026657104492e+00
5.324838638305664062e+00
4.176725387573242188e+00
3.525361061096191406e+00
5.061774253845214844e+00
3.358099222183227539e+00
4.483941555023193359e+00
3.048783063888549805e+00
5.013196945190429688e+00
4.285827159881591797e+00
3.573408126831054688e+00
3.793788433074951172e+00
4.593945503234863281e+00
2.687700748443603516e+00
6.039265632629394531e+00
3.229986190795898438e+00
5.663464069366455078e+00
3.453556060791015625e+00
3.977846622467041016e+00
4.060077667236328125e+00
3.547670841217041016e+00
3.958303213119506836e+00
4.006860733032226562e+00
3.192101001739501953e+00
4.408769607543945312e+00
3.689187526702880859e+00
3.543819904327392578e+00
4.400757312774658203e+00
3.762436866760253906e+00
3.391268253326416016e+00
4.729591369628906250e+00
3.478776931762695312e+00
3.966787815093994141e+00
3.725626707077026367e+00
3.994027137756347656e+00
3.632492065429687500e+00
5.584103584289550781e+00
2.824191093444824219e+00
4.804051399230957031e+00
4.097379684448242188e+00
3.787159919738769531e+00
5.021859169006347656e+00
2.945910930633544922e+00
4.982718467712402344e+00
3.926260709762573242e+00
4.049230575561523438e+00
4.685372829437255859e+00
2.988275051116943359e+00
5.224197387695312500e+00
3.883507966995239258e+00
5.362447738647460938e+00
3.082727432250976562e+00
5.511263370513916016e+00
3.135103225708007812e+00
5.288308620452880859e+00
3.950148582458496094e+00
5.377713203430175781e+00
3.718315124511718750e+00
5.121388912200927734e+00
3.549749135971069336e+00
4.917477607727050781e+00
3.659548759460449219e+00
4.010087013244628906e+00
5.170290946960449219e+00
4.214475631713867188e+00
4.237419128417968750e+00
5.019134998321533203e+00
3.259287118911743164e+00
4.676847457885742188e+00
4.045099735260009766e+00
3.839601278305053711e+00
3.997390985488891602e+00
4.102393150329589844e+00
3.434822559356689453e+00
4.392103195190429688e+00
4.042646408081054688e+00
3.994670152664184570e+00
3.922169923782348633e+00
4.657935142517089844e+00
1.900965571403503418e+00
7.054337501525878906e+00
4.848947525024414062e-01
8.102834701538085938e+00
2.400148391723632812e+00
4.308993339538574219e+00
3.245501995086669922e+00
4.572874069213867188e+00
2.769671916961669922e+00
6.432840347290039062e+00
2.385437965393066406e+00
6.477160453796386719e+00
1.725068211555480957e+00
5.739356994628906250e+00
4.092780113220214844e+00
3.682204723358154297e+00
4.556929588317871094e+00
3.645364046096801758e+00
3.748368024826049805e+00
3.498156547546386719e+00
4.915904998779296875e+00
4.406200408935546875e+00
3.035999298095703125e+00
6.741683483123779297e+00
1.240514039993286133e+00
6.758234024047851562e+00
2.674922704696655273e+00
4.778506755828857422e+00
4.386296749114990234e+00
3.337805509567260742e+00
3.938389301300048828e+00
3.624543190002441406e+00
3.200125455856323242e+00
2.600203752517700195e+00
4.938536643981933594e+00
3.861565828323364258e+00
3.237869977951049805e+00
4.228002548217773438e+00
3.529081821441650391e+00
3.841664791107177734e+00
3.375493526458740234e+00
5.167523384094238281e+00
1.601259350776672363e+00
7.174298286437988281e+00
5.264593124389648438e+00
2.452201604843139648e+00
4.526922702789306641e+00
4.076769828796386719e+00
3.308721065521240234e+00
3.843462228775024414e+00
3.463493347167968750e+00
3.227449178695678711e+00
4.127276420593261719e+00
2.737491130828857422e+00
4.872170925140380859e+00
3.138092041015625000e+00
3.347504138946533203e+00
3.819870710372924805e+00
4.764640808105468750e+00
2.477069377899169922e+00
5.286172866821289062e+00
2.654134511947631836e+00
5.084931850433349609e+00
3.862376689910888672e+00
3.472758769989013672e+00
4.527083396911621094e+00
3.395165681838989258e+00
4.633073329925537109e+00
2.783961296081542969e+00
4.324323654174804688e+00
3.777389526367187500e+00
4.297360420227050781e+00
2.635192155838012695e+00
4.291843414306640625e+00
2.472217082977294922e+00
4.592535972595214844e+00
2.584611892700195312e+00
4.477338790893554688e+00
3.171618223190307617e+00
4.639836311340332031e+00
3.503147840499877930e+00
2.961071968078613281e+00
5.158836364746093750e+00
3.999880790710449219e+00
2.580406188964843750e+00
4.975990772247314453e+00
3.197855949401855469e+00
4.941636085510253906e+00
3.380311012268066406e+00
4.988053321838378906e+00
3.609369993209838867e+00
4.001433372497558594e+00
3.564048290252685547e+00
4.591551303863525391e+00
3.651855468750000000e+00
5.886002540588378906e+00
2.656078815460205078e+00
5.722476005554199219e+00
3.980155467987060547e+00
3.966676712036132812e+00
4.900057315826416016e+00
3.362366437911987305e+00
5.374889373779296875e+00
3.988890409469604492e+00
3.622526884078979492e+00
5.027204036712646484e+00
4.380694389343261719e+00
3.796536922454833984e+00
3.911023616790771484e+00
3.552578449249267578e+00
5.345820426940917969e+00
2.693758487701416016e+00
5.517707347869873047e+00
3.803895473480224609e+00
4.709726810455322266e+00
3.135927200317382812e+00
6.523282051086425781e+00
4.802104532718658447e-01
8.665515899658203125e+00
3.203496932983398438e+00
4.064548015594482422e+00
3.902382612228393555e+00
4.224753856658935547e+00
2.780820846557617188e+00
6.124996662139892578e+00
2.205238819122314453e+00
5.293121814727783203e+00
2.807963371276855469e+00
4.656623840332031250e+00
3.445807695388793945e+00
3.281646013259887695e+00
3.721917152404785156e+00
3.287940979003906250e+00
4.263388156890869141e+00
3.288010597229003906e+00
3.683131694793701172e+00
4.386577606201171875e+00
2.558667659759521484e+00
5.433222770690917969e+00
3.678257942199707031e+00
3.185066938400268555e+00
4.670640945434570312e+00
3.009762525558471680e+00
5.050861358642578125e+00
3.044007062911987305e+00
4.667183399200439453e+00
3.846232414245605469e+00
3.573345661163330078e+00
3.835746049880981445e+00
3.054302692413330078e+00
5.155980110168457031e+00
2.697699069976806641e+00
5.638887882232666016e+00
2.335634946823120117e+00
6.542584419250488281e+00
3.056096792221069336e+00
4.629871845245361328e+00
4.268274307250976562e+00
3.347434520721435547e+00
4.342541217803955078e+00
3.295307159423828125e+00
4.312544345855712891e+00
4.393757820129394531e+00
2.347622871398925781e+00
5.987240791320800781e+00
2.056390523910522461e+00
6.012066841125488281e+00
3.076425552368164062e+00
3.552840709686279297e+00
4.088352203369140625e+00
3.481570720672607422e+00
4.392767906188964844e+00
2.867148876190185547e+00
5.099693298339843750e+00
2.980212688446044922e+00
4.209195137023925781e+00
3.689404726028442383e+00
4.178855895996093750e+00
3.242173671722412109e+00
3.132282972335815430e+00
4.926604270935058594e+00
3.147919654846191406e+00
3.442966699600219727e+00
3.533838987350463867e+00
3.842633724212646484e+00
2.828273773193359375e+00
4.116533756256103516e+00
3.092128992080688477e+00
3.536472320556640625e+00
3.326011180877685547e+00
4.882693767547607422e+00
2.013603687286376953e+00
5.558045864105224609e+00
3.364563703536987305e+00
3.908926963806152344e+00
3.220865488052368164e+00
3.901398181915283203e+00
3.423948049545288086e+00
3.479255914688110352e+00
3.380644321441650391e+00
3.745193719863891602e+00
2.536339521408081055e+00
4.709889888763427734e+00
3.820394039154052734e+00
2.766899585723876953e+00
4.648546695709228516e+00
2.774904727935791016e+00
4.136819839477539062e+00
3.676659584045410156e+00
3.967740774154663086e+00
3.087966918945312500e+00
3.455145835876464844e+00
4.009123802185058594e+00
3.367835521697998047e+00
4.470726490020751953e+00
2.878569602966308594e+00
5.257182121276855469e+00
3.331992149353027344e+00
4.207829475402832031e+00
4.415507316589355469e+00
3.362653732299804688e+00
4.353091239929199219e+00
3.643329143524169922e+00
2.856263160705566406e+00
5.706540107727050781e+00
3.314264297485351562e+00
5.121654510498046875e+00
2.097746849060058594e+00
5.651778697967529297e+00
1.682119131088256836e+00
6.461750984191894531e+00
1.711200714111328125e+00
7.274671554565429688e+00
1.637722611427307129e+00
5.851687431335449219e+00
3.534367084503173828e+00
4.281249046325683594e+00
3.655523300170898438e+00
3.963142156600952148e+00
4.181138992309570312e+00
3.235416173934936523e+00
5.571280479431152344e+00
3.011267662048339844e+00
6.034012794494628906e+00
2.733548164367675781e+00
6.491801738739013672e+00
2.528268337249755859e+00
6.180561065673828125e+00
1.230849266052246094e+00
9.203264236450195312e+00
3.920167446136474609e+00
4.019985198974609375e+00
4.332659721374511719e+00
3.554426908493041992e+00
3.400768756866455078e+00
4.817252159118652344e+00
3.733649730682373047e+00
4.651076316833496094e+00
3.495688438415527344e+00
5.718106269836425781e+00
2.193027734756469727e+00
5.867895126342773438e+00
1.183688759803771973e+00
9.479644775390625000e+00
4.514505386352539062e+00
2.116936683654785156e+00
6.571186065673828125e+00
1.828330397605895996e+00
5.554682731628417969e+00
3.182854175567626953e+00
2.967106103897094727e+00
3.675300121307373047e+00
3.884888648986816406e+00
3.304433107376098633e+00
3.712480068206787109e+00
4.067306518554687500e+00
2.855309247970581055e+00
4.376144409179687500e+00
3.548754692077636719e+00
4.281136512756347656e+00
3.167032957077026367e+00
4.241965293884277344e+00
3.918627738952636719e+00
2.631712436676025391e+00
6.275953769683837891e+00
2.509486913681030273e+00
6.038307189941406250e+00
2.524655342102050781e+00
5.683130741119384766e+00
4.008506774902343750e+00
3.489347696304321289e+00
3.456266641616821289e+00
7.013651371002197266e+00
2.048526287078857422e+00
6.194949626922607422e+00
2.841473579406738281e+00
4.407840728759765625e+00
4.065324306488037109e+00
2.998022079467773438e+00
4.852628707885742188e+00
2.477280378341674805e+00
4.037460327148437500e+00
4.347407341003417969e+00
3.045248031616210938e+00
4.795584201812744141e+00
2.694876670837402344e+00
4.589376449584960938e+00
3.391676187515258789e+00
4.000794410705566406e+00
4.330673217773437500e+00
3.565544128417968750e+00
3.407906532287597656e+00
4.648610591888427734e+00
3.371434688568115234e+00
5.471210002899169922e+00
3.160936832427978516e+00
4.154383182525634766e+00
4.101214885711669922e+00
3.500128269195556641e+00
4.683578491210937500e+00
3.082316398620605469e+00
5.927341938018798828e+00
3.022451877593994141e+00
5.717495441436767578e+00
2.990266799926757812e+00
6.160850524902343750e+00
3.662608146667480469e+00
3.262922048568725586e+00
5.609444618225097656e+00
3.399153709411621094e+00
3.614871025085449219e+00
4.534715652465820312e+00
3.114441156387329102e+00
4.333156108856201172e+00
3.601602077484130859e+00
3.769424200057983398e+00
3.358286857604980469e+00
3.617343425750732422e+00
4.147353172302246094e+00
3.225535631179809570e+00
4.706116199493408203e+00
2.699692010879516602e+00
4.940504074096679688e+00
3.189274787902832031e+00
3.611226320266723633e+00
4.582746505737304688e+00
2.901336193084716797e+00
3.830597162246704102e+00
3.504287242889404297e+00
3.364686012268066406e+00
3.468130588531494141e+00
3.960330963134765625e+00
3.678675889968872070e+00
3.940406322479248047e+00
3.098731994628906250e+00
4.473958969116210938e+00
3.709389448165893555e+00
3.453752040863037109e+00
4.597505569458007812e+00
2.337758541107177734e+00
4.851306438446044922e+00
3.806332588195800781e+00
3.245373249053955078e+00
5.147667407989501953e+00
3.874207019805908203e+00
3.533832788467407227e+00
4.533209800720214844e+00
3.354107856750488281e+00
4.324446678161621094e+00
3.061596393585205078e+00
4.698477745056152344e+00
4.646875381469726562e+00
3.961233615875244141e+00
4.411313056945800781e+00
3.298865079879760742e+00
4.876398086547851562e+00
3.929788589477539062e+00
3.881203174591064453e+00
3.694824695587158203e+00
4.571717262268066406e+00
2.942152023315429688e+00
4.978482246398925781e+00
3.481113672256469727e+00
4.395082473754882812e+00
4.148981094360351562e+00
3.222215175628662109e+00
5.436943054199218750e+00
3.895468711853027344e+00
3.823710203170776367e+00
4.827423572540283203e+00
3.099818229675292969e+00
5.668548583984375000e+00
1.573089122772216797e+00
6.935464859008789062e+00
5.077995061874389648e-01
9.574604034423828125e+00
2.235639333724975586e+00
5.519104957580566406e+00
1.901288270950317383e+00
6.414294242858886719e+00
2.054354906082153320e+00
6.518967628479003906e+00
2.251634359359741211e+00
5.308110713958740234e+00
1.385228395462036133e+00
9.023328781127929688e+00
1.807580471038818359e+00
5.626448631286621094e+00
2.569614410400390625e+00
3.737555027008056641e+00
4.248990058898925781e+00
3.410140037536621094e+00
3.447062730789184570e+00
4.364889144897460938e+00
3.336232185363769531e+00
4.843899250030517578e+00
2.720092773437500000e+00
6.326858520507812500e+00
3.694288969039916992e+00
4.387680530548095703e+00
3.737229347229003906e+00
3.578978300094604492e+00
4.196591377258300781e+00
3.335447311401367188e+00
3.734685420989990234e+00
4.194784641265869141e+00
3.396999359130859375e+00
4.828270435333251953e+00
3.085995674133300781e+00
3.936691761016845703e+00
3.610057353973388672e+00
4.078808784484863281e+00
3.833434343338012695e+00
2.793540954589843750e+00
5.264429569244384766e+00
3.580730676651000977e+00
3.131655931472778320e+00
5.182535648345947266e+00
3.170723438262939453e+00
4.459381103515625000e+00
3.310818195343017578e+00
3.376077651977539062e+00
4.507670402526855469e+00
3.517092704772949219e+00
2.894243240356445312e+00
5.008344173431396484e+00
3.924724578857421875e+00
3.808035850524902344e+00
3.776293516159057617e+00
3.315506935119628906e+00
4.446089744567871094e+00
3.243077278137207031e+00
3.687194824218750000e+00
4.301359176635742188e+00
2.598902225494384766e+00
5.138002395629882812e+00
3.232744693756103516e+00
3.251239061355590820e+00
4.590385437011718750e+00
2.426254272460937500e+00
4.618053436279296875e+00
3.325762271881103516e+00
3.719047069549560547e+00
3.761128664016723633e+00
3.794546365737915039e+00
3.835859775543212891e+00
4.352692604064941406e+00
3.638965129852294922e+00
2.554068565368652344e+00
6.843490600585937500e+00
2.321189880371093750e+00
5.556238174438476562e+00
2.502999544143676758e+00
5.014381885528564453e+00
3.767561435699462891e+00
3.409526824951171875e+00
4.707542419433593750e+00
2.060118198394775391e+00
5.592201232910156250e+00
2.859590053558349609e+00
5.753828048706054688e+00
1.865600228309631348e+00
7.095923423767089844e+00
1.832716226577758789e+00
6.485140323638916016e+00
2.115861415863037109e+00
5.489115715026855469e+00
3.286070823669433594e+00
4.934777259826660156e+00
2.832134962081909180e+00
4.824312210083007812e+00
4.323841094970703125e+00
3.192997694015502930e+00
4.444250106811523438e+00
3.973609209060668945e+00
2.925046682357788086e+00
4.823522567749023438e+00
3.178280830383300781e+00
4.000064373016357422e+00
4.232225894927978516e+00
3.427529573440551758e+00
3.959078788757324219e+00
4.026762008666992188e+00
3.461369514465332031e+00
6.068776130676269531e+00
2.110632419586181641e+00
5.457822322845458984e+00
2.310515403747558594e+00
7.101664543151855469e+00
3.512842178344726562e+00
3.780235767364501953e+00
4.941192626953125000e+00
3.109317779541015625e+00
4.908602714538574219e+00
2.949284076690673828e+00
4.856260776519775391e+00
2.931480884552001953e+00
4.566416740417480469e+00
4.506608963012695312e+00
3.433923482894897461e+00
4.248723983764648438e+00
3.925632476806640625e+00
3.269860029220581055e+00
5.929441452026367188e+00
2.884821414947509766e+00
4.966386318206787109e+00
5.991257667541503906e+00
2.901247739791870117e+00
6.062729835510253906e+00
2.913892269134521484e+00
5.857729911804199219e+00
3.451990842819213867e+00
3.245009660720825195e+00
5.675218582153320312e+00
3.917131900787353516e+00
3.353474140167236328e+00
5.665621757507324219e+00
3.702006578445434570e+00
3.362754344940185547e+00
5.241994857788085938e+00
2.874248027801513672e+00
4.664532184600830078e+00
3.646189212799072266e+00
3.945482254028320312e+00
2.905104160308837891e+00
4.865859031677246094e+00
3.276467084884643555e+00
3.502410888671875000e+00
4.630796432495117188e+00
3.707071304321289062e+00
3.230391025543212891e+00
4.775497436523437500e+00
2.686335563659667969e+00
5.223906040191650391e+00
2.377429485321044922e+00
5.219618797302246094e+00
2.046061992645263672e+00
7.442568302154541016e+00
2.727984428405761719e+00
6.048679351806640625e+00
1.577906250953674316e+00
5.963413238525390625e+00
4.825536727905273438e+00
2.528065681457519531e+00
6.667597770690917969e+00
3.662559032440185547e+00
3.675990581512451172e+00
4.257936954498291016e+00
3.267930984497070312e+00
3.897516727447509766e+00
3.568770647048950195e+00
2.835907220840454102e+00
4.589234352111816406e+00
2.784978866577148438e+00
4.345763683319091797e+00
3.598846435546875000e+00
4.145120143890380859e+00
3.646124362945556641e+00
4.022962570190429688e+00
3.791562557220458984e+00
3.827082157135009766e+00
3.697465181350708008e+00
3.793537378311157227e+00
3.626379966735839844e+00
3.836790323257446289e+00
4.148931980133056641e+00
3.622879981994628906e+00
3.605338811874389648e+00
5.376976966857910156e+00
2.783797025680541992e+00
4.989449501037597656e+00
3.841090202331542969e+00
4.971811294555664062e+00
2.848733425140380859e+00
6.166904449462890625e+00
2.168924808502197266e+00
6.770024299621582031e+00
2.198938608169555664e+00
8.856739044189453125e+00
2.856038093566894531e+00
4.663017272949218750e+00
4.217102050781250000e+00
3.126503944396972656e+00
4.513661384582519531e+00
3.185724496841430664e+00
4.672139167785644531e+00
3.803175449371337891e+00
3.503571510314941406e+00
5.440531730651855469e+00
2.346023559570312500e+00
5.817615509033203125e+00
5.780891776084899902e-01
9.047066688537597656e+00
2.325891256332397461e+00
5.862330913543701172e+00
2.383081197738647461e+00
5.750583648681640625e+00
3.340046405792236328e+00
4.559702873229980469e+00
3.329379081726074219e+00
4.781024932861328125e+00
3.492121219635009766e+00
4.633513450622558594e+00
4.037564277648925781e+00
3.668027162551879883e+00
4.749283313751220703e+00
3.683191776275634766e+00
4.146787166595458984e+00
4.162315845489501953e+00
3.703238487243652344e+00
4.090312004089355469e+00
3.650907754898071289e+00
3.490265846252441406e+00
4.699032783508300781e+00
3.691389560699462891e+00
3.703271865844726562e+00
4.019661426544189453e+00
4.184334754943847656e+00
2.526852130889892578e+00
6.140623569488525391e+00
3.116896629333496094e+00
3.520608663558959961e+00
5.615365982055664062e+00
2.863397359848022461e+00
5.005837917327880859e+00
3.205403804779052734e+00
3.997889280319213867e+00
3.856344699859619141e+00
3.684938430786132812e+00
4.120078086853027344e+00
3.305821418762207031e+00
4.887219429016113281e+00
3.049720525741577148e+00
4.425443649291992188e+00
3.475607872009277344e+00
3.833369493484497070e+00
3.920686721801757812e+00
2.505683183670043945e+00
5.541745185852050781e+00
3.222296953201293945e+00
4.027667045593261719e+00
3.956910133361816406e+00
3.461196422576904297e+00
3.659231662750244141e+00
3.170787096023559570e+00
4.430149078369140625e+00
2.994682312011718750e+00
3.864774703979492188e+00
3.539835453033447266e+00
4.336469650268554688e+00
2.651618719100952148e+00
4.385129451751708984e+00
3.554096698760986328e+00
3.402066230773925781e+00
5.006621837615966797e+00
3.338466644287109375e+00
3.466742992401123047e+00
4.153349876403808594e+00
3.844529628753662109e+00
3.279198646545410156e+00
5.232192039489746094e+00
3.240830183029174805e+00
4.772662639617919922e+00
3.076317071914672852e+00
5.454308986663818359e+00
2.766262531280517578e+00
7.894040107727050781e+00
1.740617156028747559e+00
6.942613601684570312e+00
3.596832036972045898e+00
3.965805053710937500e+00
4.317821502685546875e+00
4.611151695251464844e+00
2.173657894134521484e+00
7.051456928253173828e+00
2.187405109405517578e+00
6.200072288513183594e+00
2.713258743286132812e+00
4.217213153839111328e+00
5.107794761657714844e+00
3.407408475875854492e+00
4.925921440124511719e+00
3.409171342849731445e+00
4.523272037506103516e+00
4.580654144287109375e+00
3.514452934265136719e+00
5.539081096649169922e+00
3.734758853912353516e+00
4.081153869628906250e+00
4.477499961853027344e+00
3.441148757934570312e+00
4.201213836669921875e+00
3.653925180435180664e+00
3.559505939483642578e+00
3.340550899505615234e+00
5.049833297729492188e+00
2.538280725479125977e+00
4.815517425537109375e+00
4.083693981170654297e+00
4.117641925811767578e+00
4.011518478393554688e+00
3.528094291687011719e+00
3.310854911804199219e+00
4.453783988952636719e+00
2.006167650222778320e+00
6.161387443542480469e+00
5.930650234222412109e-01
7.991232395172119141e+00
4.240744590759277344e+00
3.513569831848144531e+00
6.402345657348632812e+00
2.509060144424438477e+00
4.995921134948730469e+00
3.797733306884765625e+00
3.525005578994750977e+00
4.628636360168457031e+00
2.984727859497070312e+00
4.875098228454589844e+00
3.632991313934326172e+00
3.765578508377075195e+00
3.177641391754150391e+00
4.687341690063476562e+00
3.738893032073974609e+00
3.421982765197753906e+00
4.995446205139160156e+00
3.188248157501220703e+00
3.815721511840820312e+00
3.964833021163940430e+00
4.452777385711669922e+00
2.925316810607910156e+00
5.717122077941894531e+00
3.099659442901611328e+00
4.182047843933105469e+00
4.675241470336914062e+00
3.039150714874267578e+00
4.399764060974121094e+00
3.177780151367187500e+00
5.226244926452636719e+00
3.363158226013183594e+00
5.871617317199707031e+00
3.307005882263183594e+00
4.521015167236328125e+00
3.674932956695556641e+00
3.922626495361328125e+00
3.658221006393432617e+00
3.466179847717285156e+00
4.920408248901367188e+00
3.815080165863037109e+00
3.628638744354248047e+00
3.905138492584228516e+00
4.153425693511962891e+00
4.491175651550292969e+00
3.726714849472045898e+00
5.384057044982910156e+00
2.493070840835571289e+00
6.203030586242675781e+00
4.107858180999755859e+00
4.371767044067382812e+00
3.765276193618774414e+00
4.532625198364257812e+00
3.916224241256713867e+00
4.220460891723632812e+00
4.033455848693847656e+00
5.342721939086914062e+00
2.650185108184814453e+00
8.215341567993164062e+00
1.186413049697875977e+00
6.160638332366943359e+00
3.254975080490112305e+00
3.891640663146972656e+00
5.346879959106445312e+00
3.619059562683105469e+00
5.456300258636474609e+00
2.600022792816162109e+00
6.131110668182373047e+00
2.329503774642944336e+00
5.686671257019042969e+00
2.327430486679077148e+00
7.062698364257812500e+00
1.014306783676147461e+00
6.612233161926269531e+00
1.688857913017272949e+00
5.424324035644531250e+00
4.131477355957031250e+00
4.038412094116210938e+00
4.455100059509277344e+00
3.596170663833618164e+00
3.069404363632202148e+00
4.792019844055175781e+00
2.227233409881591797e+00
5.981829166412353516e+00
3.407897949218750000e+00
4.131814002990722656e+00
4.119612693786621094e+00
3.538363933563232422e+00
4.151394844055175781e+00
3.524748325347900391e+00
4.160395145416259766e+00
3.312064170837402344e+00
3.851238489151000977e+00
4.239237785339355469e+00
2.641504287719726562e+00
5.435455322265625000e+00
1.897499322891235352e+00
6.697026252746582031e+00
4.511935234069824219e+00
2.964806079864501953e+00
6.541268348693847656e+00
3.335236072540283203e+00
3.906188011169433594e+00
4.332696914672851562e+00
3.416000843048095703e+00
3.999706268310546875e+00
4.664797782897949219e+00
2.913017749786376953e+00
5.138869285583496094e+00
2.572897672653198242e+00
6.732121467590332031e+00
2.179019212722778320e+00
6.131009101867675781e+00
4.407117843627929688e+00
2.916848182678222656e+00
6.490324020385742188e+00
1.898891687393188477e+00
5.724574089050292969e+00
4.170866966247558594e+00
3.227175474166870117e+00
4.949103355407714844e+00
3.632856845855712891e+00
4.074009418487548828e+00
3.489114999771118164e+00
4.533765792846679688e+00
4.169375419616699219e+00
2.866861820220947266e+00
4.694845199584960938e+00
2.962309837341308594e+00
5.477756500244140625e+00
3.112479209899902344e+00
3.694565296173095703e+00
4.906409263610839844e+00
3.332757472991943359e+00
5.116101264953613281e+00
2.749616146087646484e+00
4.535608291625976562e+00
3.760227680206298828e+00
3.319897890090942383e+00
5.424773216247558594e+00
2.614544391632080078e+00
5.135478019714355469e+00
3.806392908096313477e+00
3.819855451583862305e+00
4.662709236145019531e+00
3.893835783004760742e+00
3.082302570343017578e+00
5.558080673217773438e+00
3.627843379974365234e+00
4.158093452453613281e+00
3.507956981658935547e+00
5.220106124877929688e+00
4.329126358032226562e+00
2.704373598098754883e+00
5.079889297485351562e+00
3.734078168869018555e+00
3.399240493774414062e+00
4.609939098358154297e+00
3.246053457260131836e+00
6.211987972259521484e+00
2.772495031356811523e+00
6.579620838165283203e+00
2.486823081970214844e+00
5.685538768768310547e+00
3.195352077484130859e+00
5.456762313842773438e+00
4.253831386566162109e+00
3.326300621032714844e+00
4.711535453796386719e+00
3.434189319610595703e+00
4.669149398803710938e+00
3.249502897262573242e+00
3.152422428131103516e+00
5.480689048767089844e+00
3.469265460968017578e+00
3.788708686828613281e+00
3.346770286560058594e+00
4.139057159423828125e+00
2.882785797119140625e+00
4.881667137145996094e+00
2.754402160644531250e+00
4.663131713867187500e+00
3.442670822143554688e+00
2.734969615936279297e+00
5.589614391326904297e+00
1.165181159973144531e+00
6.726688385009765625e+00
4.806359410285949707e-01
7.360059738159179688e+00
2.451385498046875000e+00
4.207576751708984375e+00
3.833211421966552734e+00
4.297093391418457031e+00
2.256894111633300781e+00
8.134288787841796875e+00
7.740309238433837891e-01
5.698389053344726562e+00
1.840724468231201172e+00
4.738631248474121094e+00
1.766557574272155762e+00
4.086488723754882812e+00
1.841994285583496094e+00
5.487444877624511719e+00
1.074388742446899414e+00
5.926361083984375000e+00
4.397546291351318359e+00
2.410720348358154297e+00
5.175350666046142578e+00
2.384593963623046875e+00
5.013952255249023438e+00
2.949531078338623047e+00
3.425724029541015625e+00
4.319281101226806641e+00
3.358944892883300781e+00
4.967966079711914062e+00
3.469179153442382812e+00
3.423033714294433594e+00
2.989162921905517578e+00
4.233575820922851562e+00
3.241498947143554688e+00
3.566657543182373047e+00
3.662063360214233398e+00
4.391641616821289062e+00
2.305031061172485352e+00
5.577855110168457031e+00
3.206246376037597656e+00
3.889848709106445312e+00
4.097719192504882812e+00
3.582165241241455078e+00
3.916122913360595703e+00
3.607067584991455078e+00
3.993007421493530273e+00
3.261044979095458984e+00
4.272827148437500000e+00
2.753661632537841797e+00
5.150606155395507812e+00
2.524669885635375977e+00
4.122662544250488281e+00
4.251386165618896484e+00
2.774942636489868164e+00
4.703757286071777344e+00
2.847737789154052734e+00
4.173134803771972656e+00
3.574625492095947266e+00
4.035667419433593750e+00
3.651420831680297852e+00
3.435239315032958984e+00
3.503238916397094727e+00
3.821751356124877930e+00
3.642134189605712891e+00
4.093725204467773438e+00
3.566502094268798828e+00
3.592600822448730469e+00
3.107177495956420898e+00
3.650384902954101562e+00
3.799351692199707031e+00
3.895761251449584961e+00
3.559477329254150391e+00
4.449022293090820312e+00
3.353517770767211914e+00
3.197434425354003906e+00
3.673789739608764648e+00
5.041919708251953125e+00
1.865350008010864258e+00
6.518666744232177734e+00
1.883266210556030273e+00
5.165577888488769531e+00
5.677148818969726562e+00
3.477197170257568359e+00
3.830934762954711914e+00
4.041181087493896484e+00
3.501608371734619141e+00
3.880651950836181641e+00
3.644984245300292969e+00
3.556396007537841797e+00
4.445927619934082031e+00
2.838203430175781250e+00
5.339358329772949219e+00
3.011092901229858398e+00
4.061946868896484375e+00
3.709928512573242188e+00
3.526932477951049805e+00
4.030090808868408203e+00
3.070427894592285156e+00
5.076406955718994141e+00
2.016494512557983398e+00
5.646731376647949219e+00
3.392195463180541992e+00
3.748484373092651367e+00
4.064235210418701172e+00
3.107822179794311523e+00
4.188119411468505859e+00
3.928276062011718750e+00
2.942793846130371094e+00
4.796899795532226562e+00
2.156222343444824219e+00
5.123836517333984375e+00
1.474929809570312500e+00
5.743989944458007812e+00
1.344684839248657227e+00
5.296380996704101562e+00
4.082620143890380859e+00
3.358747005462646484e+00
4.859125137329101562e+00
2.613161087036132812e+00
6.826447010040283203e+00
3.381494522094726562e+00
5.398098945617675781e+00
4.058857917785644531e+00
3.589035511016845703e+00
3.429766654968261719e+00
3.373953819274902344e+00
4.963921546936035156e+00
2.422086477279663086e+00
5.714875221252441406e+00
2.278936862945556641e+00
5.674005508422851562e+00
3.938584804534912109e+00
3.040567159652709961e+00
4.879326343536376953e+00
2.641163110733032227e+00
5.650499820709228516e+00
1.930075168609619141e+00
5.729065895080566406e+00
3.108459949493408203e+00
3.475001811981201172e+00
4.780736923217773438e+00
2.104950904846191406e+00
5.461507320404052734e+00
1.997126579284667969e+00
6.367227554321289062e+00
1.732703685760498047e+00
5.301147460937500000e+00
4.485986709594726562e+00
1.710654973983764648e+00
6.139600276947021484e+00
2.460433959960937500e+00
5.703114986419677734e+00
2.845872163772583008e+00
4.456828117370605469e+00
3.921172142028808594e+00
3.189201116561889648e+00
4.332280635833740234e+00
3.900817155838012695e+00
3.228885173797607422e+00
4.435028076171875000e+00
3.986880779266357422e+00
3.669126510620117188e+00
3.144466400146484375e+00
4.296162128448486328e+00
2.579721212387084961e+00
5.801393985748291016e+00
3.504026412963867188e+00
3.061904907226562500e+00
4.998951911926269531e+00
3.260489940643310547e+00
4.518474578857421875e+00
4.078057289123535156e+00
3.825229167938232422e+00
3.476752758026123047e+00
3.866688251495361328e+00
2.713841915130615234e+00
4.889410972595214844e+00
3.209050178527832031e+00
3.712963581085205078e+00
2.830129623413085938e+00
4.637797355651855469e+00
2.485535860061645508e+00
4.252657890319824219e+00
2.956035852432250977e+00
4.294601440429687500e+00
3.338891983032226562e+00
2.583030700683593750e+00
5.300005435943603516e+00
1.834864616394042969e+00
6.031738758087158203e+00
2.475391864776611328e+00
5.816173553466796875e+00
3.109616756439208984e+00
3.629412889480590820e+00
3.558884620666503906e+00
4.133535861968994141e+00
2.317176580429077148e+00
6.162662506103515625e+00
1.196948766708374023e+00
6.213995456695556641e+00
2.688553333282470703e+00
2.991553306579589844e+00
3.175264358520507812e+00
3.311475515365600586e+00
2.355531692504882812e+00
5.453459739685058594e+00
2.583715915679931641e+00
3.943967342376708984e+00
2.145873546600341797e+00
6.294269084930419922e+00
2.509366035461425781e+00
4.410314559936523438e+00
4.036692142486572266e+00
3.887098789215087891e+00
4.291646480560302734e+00
3.487437248229980469e+00
4.570977210998535156e+00
3.069618701934814453e+00
4.727761745452880859e+00
4.480556011199951172e+00
2.696099281311035156e+00
5.558410644531250000e+00
3.696821689605712891e+00
3.094521045684814453e+00
4.645761489868164062e+00
2.611999988555908203e+00
4.691731452941894531e+00
3.621347665786743164e+00
2.542204856872558594e+00
5.414535045623779297e+00
2.418424844741821289e+00
4.559572219848632812e+00
3.777495384216308594e+00
3.413228034973144531e+00
4.513346672058105469e+00
2.866380214691162109e+00
4.483905792236328125e+00
2.442755699157714844e+00
5.227245330810546875e+00
2.190421581268310547e+00
4.911775588989257812e+00
3.666939258575439453e+00
3.777412176132202148e+00
3.545152902603149414e+00
2.691725492477416992e+00
4.323379039764404297e+00
2.797722101211547852e+00
3.982986450195312500e+00
2.874299049377441406e+00
3.701455593109130859e+00
3.393056869506835938e+00
3.527354240417480469e+00
3.065663814544677734e+00
3.139134407043457031e+00
3.885353803634643555e+00
3.847468376159667969e+00
3.304045677185058594e+00
3.225132226943969727e+00
4.677873611450195312e+00
1.627454042434692383e+00
5.195330142974853516e+00
1.495764732360839844e+00
5.134073257446289062e+00
2.266112327575683594e+00
3.652297496795654297e+00
4.632046222686767578e+00
2.517982006072998047e+00
6.417322158813476562e+00
5.640370249748229980e-01
8.271696090698242188e+00
4.035268783569335938e+00
3.133739471435546875e+00
5.490768909454345703e+00
3.257678985595703125e+00
4.325314521789550781e+00
3.585698366165161133e+00
3.566352605819702148e+00
2.964646816253662109e+00
5.105639934539794922e+00
3.157893657684326172e+00
3.939732551574707031e+00
4.139743804931640625e+00
2.824750900268554688e+00
4.593845367431640625e+00
1.832502961158752441e+00
6.257105827331542969e+00
2.787528753280639648e+00
5.167726516723632812e+00
3.871680974960327148e+00
2.717386245727539062e+00
5.717983245849609375e+00
2.496868610382080078e+00
4.847083091735839844e+00
3.490860462188720703e+00
3.671923160552978516e+00
4.657950878143310547e+00
3.274382114410400391e+00
4.533936500549316406e+00
2.738783836364746094e+00
6.123047351837158203e+00
3.298193454742431641e+00
4.738156318664550781e+00
4.073575019836425781e+00
3.874371051788330078e+00
3.426957845687866211e+00
4.308682441711425781e+00
3.070540428161621094e+00
5.247375488281250000e+00
2.133890151977539062e+00
5.987945079803466797e+00
3.295575141906738281e+00
3.905192375183105469e+00
3.415493249893188477e+00
4.104577064514160156e+00
2.575675487518310547e+00
5.795041084289550781e+00
2.661368846893310547e+00
3.318885326385498047e+00
5.304200649261474609e+00
1.426276445388793945e+00
5.441888809204101562e+00
2.434576272964477539e+00
4.082661628723144531e+00
3.105755567550659180e+00
3.995343208312988281e+00
2.612710952758789062e+00
6.771931171417236328e+00
1.779615283012390137e+00
6.484080314636230469e+00
3.183840751647949219e+00
5.035578727722167969e+00
3.186645030975341797e+00
4.444429397583007812e+00
4.222279071807861328e+00
3.275645256042480469e+00
4.908185482025146484e+00
2.974437952041625977e+00
4.757222175598144531e+00
3.730425119400024414e+00
3.510039806365966797e+00
3.931545257568359375e+00
4.486794948577880859e+00
3.397715568542480469e+00
4.067534446716308594e+00
3.679601192474365234e+00
4.509141921997070312e+00
4.283288002014160156e+00
3.036331415176391602e+00
5.574939727783203125e+00
2.910435676574707031e+00
5.627210617065429688e+00
3.875350475311279297e+00
3.591279506683349609e+00
4.793252944946289062e+00
2.493863582611083984e+00
5.550772666931152344e+00
2.622399330139160156e+00
6.085305690765380859e+00
3.499489784240722656e+00
3.842256307601928711e+00
4.783772468566894531e+00
3.386718273162841797e+00
3.825422525405883789e+00
4.313627719879150391e+00
3.293442726135253906e+00
3.655797958374023438e+00
4.531969070434570312e+00
2.719212055206298828e+00
5.479157924652099609e+00
1.736827731132507324e+00
6.724285602569580078e+00
7.647596597671508789e-01
7.048007011413574219e+00
7.623976469039916992e-01
5.313041687011718750e+00
1.379508137702941895e+00
3.738116025924682617e+00
2.362872600555419922e+00
4.476868629455566406e+00
1.508244276046752930e+00
5.149073600769042969e+00
3.423769474029541016e+00
3.730647802352905273e+00
4.717914104461669922e+00
2.132964372634887695e+00
7.046769142150878906e+00
2.372102260589599609e+00
5.138281822204589844e+00
2.658185005187988281e+00
6.712225914001464844e+00
1.762173056602478027e+00
6.386277198791503906e+00
4.023653030395507812e+00
2.837992668151855469e+00
5.361453533172607422e+00
3.104084491729736328e+00
4.754118442535400391e+00
3.448202371597290039e+00
4.089708805084228516e+00
4.257380485534667969e+00
2.757990837097167969e+00
5.911051273345947266e+00
2.580922126770019531e+00
5.187063217163085938e+00
3.451007604598999023e+00
3.922155380249023438e+00
3.878432035446166992e+00
3.338694095611572266e+00
4.603950500488281250e+00
1.454908132553100586e+00
6.998889923095703125e+00
1.532168507575988770e+00
4.690143585205078125e+00
3.787746667861938477e+00
2.880227565765380859e+00
5.473931312561035156e+00
2.523859977722167969e+00
4.995208740234375000e+00
2.693643569946289062e+00
4.603291511535644531e+00
3.417835474014282227e+00
3.150332212448120117e+00
4.132978916168212891e+00
2.291361331939697266e+00
5.136307716369628906e+00
2.794101715087890625e+00
3.278015613555908203e+00
4.664000511169433594e+00
3.753703117370605469e+00
3.309926748275756836e+00
3.253135681152343750e+00
4.168585777282714844e+00
3.859381914138793945e+00
1.554615855216979980e+00
5.962794780731201172e+00
2.785538673400878906e+00
5.110902786254882812e+00
2.802756786346435547e+00
3.548942089080810547e+00
3.812794446945190430e+00
3.675034046173095703e+00
2.186857700347900391e+00
5.727490901947021484e+00
2.948329448699951172e+00
3.589275360107421875e+00
3.955525159835815430e+00
2.409048080444335938e+00
4.607313632965087891e+00
3.007402896881103516e+00
3.976169109344482422e+00
3.675518035888671875e+00
3.100157499313354492e+00
3.492582082748413086e+00
4.470786094665527344e+00
2.458227157592773438e+00
4.959990501403808594e+00
1.667348146438598633e+00
5.743451595306396484e+00
1.340959310531616211e+00
6.324839591979980469e+00
2.152265548706054688e+00
3.060265302658081055e+00
4.858268737792968750e+00
1.626531243324279785e+00
6.747028350830078125e+00
1.790272235870361328e+00
5.629083633422851562e+00
4.446861267089843750e+00
2.548257827758789062e+00
5.200762271881103516e+00
2.407510757446289062e+00
5.099414825439453125e+00
4.705640792846679688e+00
3.067460298538208008e+00
2.863302230834960938e+00
4.912220954895019531e+00
2.678274154663085938e+00
5.183388710021972656e+00
2.687622070312500000e+00
4.953052520751953125e+00
3.394901514053344727e+00
3.997301101684570312e+00
3.208946943283081055e+00
3.452586889266967773e+00
4.439298152923583984e+00
2.721043348312377930e+00
4.856452941894531250e+00
3.039595127105712891e+00
3.527483940124511719e+00
3.738076925277709961e+00
3.845743656158447266e+00
3.238428115844726562e+00
3.653178691864013672e+00
3.367889404296875000e+00
4.698841094970703125e+00
2.604692697525024414e+00
4.202583789825439453e+00
4.186556339263916016e+00
2.261912822723388672e+00
5.386816024780273438e+00
1.918030142784118652e+00
6.747402667999267578e+00
3.375965833663940430e+00
3.052817344665527344e+00
5.699828147888183594e+00
1.976423978805541992e+00
5.490097999572753906e+00
3.478650569915771484e+00
4.285995006561279297e+00
3.381560087203979492e+00
4.496971130371093750e+00
3.055897712707519531e+00
4.078763008117675781e+00
3.248429775238037109e+00
5.132804393768310547e+00
2.960078954696655273e+00
5.121092319488525391e+00
3.168748378753662109e+00
4.323536872863769531e+00
4.722418785095214844e+00
3.698723077774047852e+00
3.629918098449707031e+00
4.347500801086425781e+00
2.913827657699584961e+00
4.891064643859863281e+00
3.169880867004394531e+00
3.752543449401855469e+00
4.214334011077880859e+00
2.218199014663696289e+00
5.424983978271484375e+00
2.083556890487670898e+00
5.222093582153320312e+00
3.416943073272705078e+00
3.835700750350952148e+00
2.873179435729980469e+00
5.579395771026611328e+00
2.182842254638671875e+00
5.313092231750488281e+00
2.473744153976440430e+00
5.077459812164306641e+00
3.233516216278076172e+00
3.847031116485595703e+00
3.833809852600097656e+00
3.501342535018920898e+00
4.228440284729003906e+00
4.001936435699462891e+00
4.062944412231445312e+00
3.955399990081787109e+00
2.926338911056518555e+00
6.871841430664062500e+00
1.207586765289306641e+00
7.902403831481933594e+00
8.126639723777770996e-01
6.025795936584472656e+00
8.843061923980712891e-01
6.037117958068847656e+00
2.341909646987915039e+00
3.856013298034667969e+00
3.606902122497558594e+00
2.085412979125976562e+00
4.831095218658447266e+00
2.232367992401123047e+00
3.462249755859375000e+00
3.904701709747314453e+00
3.275482177734375000e+00
4.159413814544677734e+00
3.551090717315673828e+00
4.110990047454833984e+00
2.878361940383911133e+00
5.452281475067138672e+00
1.953601121902465820e+00
6.070162773132324219e+00
2.946962356567382812e+00
3.964919805526733398e+00
3.936674118041992188e+00
3.230708599090576172e+00
4.891151428222656250e+00
1.606363058090209961e+00
5.926087856292724609e+00
1.631725072860717773e+00
6.644615173339843750e+00
1.361825585365295410e+00
6.178340911865234375e+00
3.849437236785888672e+00
3.858682394027709961e+00
4.650154113769531250e+00
3.284821987152099609e+00
3.893626213073730469e+00
3.799678802490234375e+00
3.714373588562011719e+00
3.577654838562011719e+00
4.006681442260742188e+00
3.998564958572387695e+00
2.721775293350219727e+00
4.790398597717285156e+00
3.342567920684814453e+00
3.370326757431030273e+00
4.335279464721679688e+00
2.852122545242309570e+00
5.199529647827148438e+00
2.985050439834594727e+00
4.726171493530273438e+00
3.234292507171630859e+00
4.451807498931884766e+00
3.149264335632324219e+00
4.333557128906250000e+00
2.988908290863037109e+00
3.731628417968750000e+00
3.488960742950439453e+00
3.818320274353027344e+00
4.268980026245117188e+00
2.091852903366088867e+00
5.111482620239257812e+00
1.898394346237182617e+00
4.857259750366210938e+00
3.170487642288208008e+00
4.106505870819091797e+00
3.348220348358154297e+00
3.209478855133056641e+00
3.289585590362548828e+00
2.870381116867065430e+00
4.906836986541748047e+00
3.453658819198608398e+00
2.522471427917480469e+00
4.067561626434326172e+00
2.758286952972412109e+00
3.643042087554931641e+00
2.114740610122680664e+00
6.722418308258056641e+00
2.054744243621826172e+00
4.559439659118652344e+00
2.160531997680664062e+00
5.038098335266113281e+00
3.585711479187011719e+00
3.772135972976684570e+00
3.562583446502685547e+00
2.961575031280517578e+00
4.979198455810546875e+00
2.675876140594482422e+00
3.577629089355468750e+00
3.627182960510253906e+00
3.841379165649414062e+00
2.755964517593383789e+00
4.314340591430664062e+00
4.260581493377685547e+00
3.064004898071289062e+00
4.239399909973144531e+00
2.237468242645263672e+00
4.904687881469726562e+00
3.200621843338012695e+00
2.813839435577392578e+00
4.424284934997558594e+00
4.056387901306152344e+00
2.471339464187622070e+00
4.512665271759033203e+00
3.077761650085449219e+00
3.247035264968872070e+00
3.647859573364257812e+00
2.942233085632324219e+00
4.492622375488281250e+00
3.079982995986938477e+00
3.866320610046386719e+00
3.815193891525268555e+00
2.574267864227294922e+00
4.393884658813476562e+00
3.577053546905517578e+00
3.493632316589355469e+00
3.952017784118652344e+00
2.682618618011474609e+00
6.004945755004882812e+00
9.724447131156921387e-01
6.158969402313232422e+00
2.981556415557861328e+00
4.350595951080322266e+00
2.478286027908325195e+00
4.891023159027099609e+00
2.451328754425048828e+00
4.800107955932617188e+00
1.512748241424560547e+00
8.295227050781250000e+00
1.238042712211608887e+00
7.669033527374267578e+00
2.820383548736572266e+00
5.862576484680175781e+00
2.259665489196777344e+00
5.996479988098144531e+00
8.688246011734008789e-01
6.292674541473388672e+00
1.487398982048034668e+00
6.008365631103515625e+00
4.743920326232910156e+00
2.872565746307373047e+00
5.055183410644531250e+00
3.262587547302246094e+00
4.179891586303710938e+00
3.161748409271240234e+00
4.135927677154541016e+00
3.128966808319091797e+00
4.675154685974121094e+00
3.318360805511474609e+00
4.329182624816894531e+00
4.239205360412597656e+00
2.921405553817749023e+00
3.435854196548461914e+00
4.510269165039062500e+00
3.504589557647705078e+00
3.672655582427978516e+00
3.739975929260253906e+00
4.170236587524414062e+00
3.716197013854980469e+00
2.577782154083251953e+00
5.571403026580810547e+00
3.155046224594116211e+00
3.697974205017089844e+00
2.872082710266113281e+00
5.046442508697509766e+00
2.544045448303222656e+00
4.922840118408203125e+00
2.807378292083740234e+00
4.768160343170166016e+00
4.274346351623535156e+00
2.962368011474609375e+00
5.069746017456054688e+00
2.872060775756835938e+00
4.758896827697753906e+00
2.364388942718505859e+00
6.640303134918212891e+00
2.745298147201538086e+00
4.711726188659667969e+00
3.215037107467651367e+00
3.702093362808227539e+00
6.125896453857421875e+00
1.680579781532287598e+00
6.138606071472167969e+00
1.371557235717773438e+00
5.204140186309814453e+00
3.343335628509521484e+00
3.170663356781005859e+00
4.686365127563476562e+00
2.382520198822021484e+00
3.785076856613159180e+00
4.679776668548583984e+00
3.840212106704711914e+00
4.459232807159423828e+00
2.867750167846679688e+00
5.835521697998046875e+00
1.580950260162353516e+00
4.843020439147949219e+00
2.911298513412475586e+00
3.869341373443603516e+00
3.769981384277343750e+00
2.988068580627441406e+00
4.661516189575195312e+00
2.665762901306152344e+00
4.027155399322509766e+00
4.366442680358886719e+00
2.792041778564453125e+00
4.580652713775634766e+00
2.035371780395507812e+00
5.370105266571044922e+00
2.957174062728881836e+00
4.201084136962890625e+00
3.209857940673828125e+00
3.822095155715942383e+00
3.372825384140014648e+00
4.054302215576171875e+00
4.018921375274658203e+00
3.875262260437011719e+00
3.049146652221679688e+00
3.579627037048339844e+00
3.566164016723632812e+00
4.363902091979980469e+00
3.691854476928710938e+00
2.815204620361328125e+00
5.153403282165527344e+00
2.738224983215332031e+00
4.353271484375000000e+00
3.217535495758056641e+00
3.873157978057861328e+00
3.511469602584838867e+00
3.573445081710815430e+00
3.228443145751953125e+00
4.181005001068115234e+00
4.143643379211425781e+00
2.434165954589843750e+00
5.700347423553466797e+00
2.788365840911865234e+00
3.858408451080322266e+00
4.907886505126953125e+00
3.097949266433715820e+00
4.510320663452148438e+00
3.501659393310546875e+00
4.454007148742675781e+00
2.051440238952636719e+00
5.905754566192626953e+00
3.542701959609985352e+00
2.308069229125976562e+00
5.931738853454589844e+00
2.576900005340576172e+00
5.452658653259277344e+00
4.012602806091308594e+00
3.541452407836914062e+00
6.483904361724853516e+00
3.375352382659912109e+00
4.387884616851806641e+00
4.673998832702636719e+00
3.699533939361572266e+00
4.311409950256347656e+00
3.984752178192138672e+00
5.070728778839111328e+00
2.980406999588012695e+00
3.402273416519165039e+00
6.178100585937500000e+00
2.084676742553710938e+00
5.115401268005371094e+00
3.492934226989746094e+00
5.363705635070800781e+00
2.728714942932128906e+00
4.406417846679687500e+00
3.785644531250000000e+00
3.070741653442382812e+00
5.104395866394042969e+00
2.877714157104492188e+00
5.083275794982910156e+00
3.220025539398193359e+00
4.424879074096679688e+00
2.478004455566406250e+00
5.221488952636718750e+00
1.837824821472167969e+00
5.327885627746582031e+00
4.602964818477630615e-01
6.978415489196777344e+00
1.492289423942565918e+00
4.808368682861328125e+00
3.099014759063720703e+00
3.975381374359130859e+00
3.235757589340209961e+00
2.881526231765747070e+00
4.811574459075927734e+00
9.366250634193420410e-01
6.364262580871582031e+00
2.170703887939453125e+00
3.794769763946533203e+00
3.348763942718505859e+00
3.225756168365478516e+00
3.939238071441650391e+00
3.278654098510742188e+00
4.338363647460937500e+00
3.825585842132568359e+00
3.162712574005126953e+00
5.511130332946777344e+00
1.982507228851318359e+00
6.677766799926757812e+00
3.297291517257690430e+00
4.415952682495117188e+00
4.447783470153808594e+00
3.764248371124267578e+00
2.653153419494628906e+00
4.690080642700195312e+00
3.863108634948730469e+00
3.313292980194091797e+00
3.761581182479858398e+00
3.823722362518310547e+00
3.674047470092773438e+00
3.126050472259521484e+00
3.871424436569213867e+00
3.599780797958374023e+00
3.063426494598388672e+00
4.340809345245361328e+00
2.586840629577636719e+00
4.664208412170410156e+00
3.615488767623901367e+00
2.732680559158325195e+00
5.215031147003173828e+00
4.166166305541992188e+00
1.966741442680358887e+00
5.404417991638183594e+00
3.581763267517089844e+00
3.147027969360351562e+00
4.250072479248046875e+00
3.875573635101318359e+00
2.516313314437866211e+00
5.844885826110839844e+00
1.321506619453430176e+00
7.035795211791992188e+00
1.637276887893676758e+00
6.450349807739257812e+00
3.252498388290405273e+00
3.930850505828857422e+00
5.198698043823242188e+00
1.990034222602844238e+00
5.616981983184814453e+00
2.748109817504882812e+00
5.468857288360595703e+00
2.238172769546508789e+00
5.654552459716796875e+00
3.296866416931152344e+00
3.395112991333007812e+00
4.582027435302734375e+00
2.245289564132690430e+00
5.584203720092773438e+00
4.327668190002441406e+00
2.535016536712646484e+00
4.558749198913574219e+00
3.103014945983886719e+00
3.571986436843872070e+00
3.950168132781982422e+00
3.045651674270629883e+00
3.584393978118896484e+00
4.502803802490234375e+00
3.588998317718505859e+00
4.351736545562744141e+00
2.525477170944213867e+00
5.281543731689453125e+00
3.453580617904663086e+00
3.685696601867675781e+00
4.152107238769531250e+00
2.415246963500976562e+00
5.064007759094238281e+00
2.386672973632812500e+00
5.094619750976562500e+00
2.719729423522949219e+00
5.213854789733886719e+00
1.739927291870117188e+00
5.514124393463134766e+00
3.263013601303100586e+00
3.531498670578002930e+00
4.694485664367675781e+00
3.418826580047607422e+00
3.560770988464355469e+00
3.341344833374023438e+00
2.751298427581787109e+00
4.954691886901855469e+00
8.479615449905395508e-01
7.030502796173095703e+00
3.331331491470336914e+00
2.900141239166259766e+00
5.259119033813476562e+00
2.374595642089843750e+00
5.475037097930908203e+00
3.264117240905761719e+00
3.031131029129028320e+00
5.236907005310058594e+00
1.700212359428405762e+00
5.998327255249023438e+00
3.564569950103759766e+00
2.589314460754394531e+00
5.345394611358642578e+00
3.620939016342163086e+00
4.461835861206054688e+00
2.586577653884887695e+00
5.391488552093505859e+00
1.654726982116699219e+00
4.746352195739746094e+00
2.953545808792114258e+00
1.890074491500854492e+00
3.808053970336914062e+00
2.388288021087646484e+00
5.421208381652832031e+00
6.677526831626892090e-01
6.652721405029296875e+00
2.897454738616943359e+00
2.767845630645751953e+00
3.757978439331054688e+00
1.605469703674316406e+00
5.521175384521484375e+00
2.047588348388671875e+00
5.189173698425292969e+00
1.987434387207031250e+00
4.958891868591308594e+00
4.145484447479248047e+00
2.049268722534179688e+00
6.520992279052734375e+00
1.976444363594055176e+00
4.750641822814941406e+00
4.339879512786865234e+00
2.712478637695312500e+00
4.117475509643554688e+00
4.364978790283203125e+00
3.500097751617431641e+00
3.417653322219848633e+00
3.763643503189086914e+00
4.740500926971435547e+00
1.158549785614013672e+00
7.128187179565429688e+00
2.100486755371093750e+00
4.488595962524414062e+00
3.454054117202758789e+00
4.408179283142089844e+00
2.629427433013916016e+00
5.149930000305175781e+00
3.187561273574829102e+00
4.783341407775878906e+00
2.595049381256103516e+00
5.121375560760498047e+00
3.847176074981689453e+00
3.640716552734375000e+00
4.909716606140136719e+00
3.595554113388061523e+00
3.446746587753295898e+00
4.243700027465820312e+00
2.691591739654541016e+00
4.535290718078613281e+00
2.824703693389892578e+00
3.791756868362426758e+00
3.153005123138427734e+00
4.296356678009033203e+00
2.707777976989746094e+00
4.261298179626464844e+00
2.730304718017578125e+00
4.659832000732421875e+00
1.884111881256103516e+00
5.203217029571533203e+00
2.503460884094238281e+00
4.055688381195068359e+00
2.990335464477539062e+00
4.988539695739746094e+00
3.415867328643798828e+00
2.669566154479980469e+00
5.530632495880126953e+00
3.166869401931762695e+00
4.316339492797851562e+00
2.411816120147705078e+00
5.312419891357421875e+00
2.819789648056030273e+00
4.379818916320800781e+00
2.697345256805419922e+00
4.437896728515625000e+00
3.156788825988769531e+00
4.653907775878906250e+00
2.111026763916015625e+00
4.754403114318847656e+00
2.861239910125732422e+00
4.875948905944824219e+00
2.384656906127929688e+00
5.718028068542480469e+00
2.303369998931884766e+00
5.310582160949707031e+00
4.320901870727539062e+00
2.484934329986572266e+00
6.299470901489257812e+00
3.967021942138671875e+00
2.430372238159179688e+00
7.656617164611816406e+00
2.765273094177246094e+00
5.592838287353515625e+00
3.910809993743896484e+00
3.158289909362792969e+00
3.454238414764404297e+00
3.857361793518066406e+00
3.339232444763183594e+00
4.534750461578369141e+00
2.677286148071289062e+00
5.563282012939453125e+00
3.391668081283569336e+00
3.714898347854614258e+00
4.506155014038085938e+00
2.006108760833740234e+00
5.421136856079101562e+00
2.238752126693725586e+00
4.322995185852050781e+00
2.550390720367431641e+00
5.901454925537109375e+00
2.152535200119018555e+00
5.633106708526611328e+00
4.427180290222167969e+00
2.688679218292236328e+00
5.333099365234375000e+00
9.855634570121765137e-01
7.275077819824218750e+00
1.119827270507812500e+00
8.633330345153808594e+00
1.453336715698242188e+00
6.104332923889160156e+00
3.739811182022094727e+00
3.704335212707519531e+00
4.040257453918457031e+00
1.848233222961425781e+00
7.433395385742187500e+00
1.118917942047119141e+00
6.470592021942138672e+00
2.422340393066406250e+00
4.406051635742187500e+00
4.497570037841796875e+00
3.356019020080566406e+00
3.314010858535766602e+00
2.996263027191162109e+00
4.552888870239257812e+00
2.587932825088500977e+00
4.449433326721191406e+00
3.393689632415771484e+00
4.115649223327636719e+00
3.804286003112792969e+00
3.890922546386718750e+00
2.124370574951171875e+00
6.549301624298095703e+00
4.262131690979003906e+00
2.373661994934082031e+00
5.534706115722656250e+00
2.013102054595947266e+00
4.864250183105468750e+00
4.339045047760009766e+00
3.330777645111083984e+00
4.090523719787597656e+00
3.972228050231933594e+00
3.434269905090332031e+00
4.494275093078613281e+00
2.905186176300048828e+00
4.176491737365722656e+00
4.033732414245605469e+00
2.607656002044677734e+00
5.193139076232910156e+00
2.705485582351684570e+00
4.424388885498046875e+00
2.794461727142333984e+00
4.255069255828857422e+00
3.445420265197753906e+00
4.041279792785644531e+00
4.010489463806152344e+00
2.836339950561523438e+00
4.597627162933349609e+00
2.881453752517700195e+00
4.794530391693115234e+00
2.290425539016723633e+00
3.668516159057617188e+00
4.209657192230224609e+00
3.643006801605224609e+00
2.922578811645507812e+00
4.071525573730468750e+00
3.265110015869140625e+00
4.923641204833984375e+00
2.427640438079833984e+00
4.156734466552734375e+00
3.488247632980346680e+00
5.014730930328369141e+00
2.247835397720336914e+00
5.226075172424316406e+00
2.567993164062500000e+00
4.455592632293701172e+00
3.420436859130859375e+00
3.967316150665283203e+00
3.460114002227783203e+00
3.604876041412353516e+00
3.717990875244140625e+00
2.888116359710693359e+00
3.276166439056396484e+00
4.196585178375244141e+00
2.340282440185546875e+00
4.718150138854980469e+00
2.000592231750488281e+00
5.393747329711914062e+00
2.878570795059204102e+00
5.501615524291992188e+00
2.811426639556884766e+00
4.515996932983398438e+00
2.864192008972167969e+00
4.332319259643554688e+00
2.821523189544677734e+00
3.908782482147216797e+00
2.921539783477783203e+00
4.038183212280273438e+00
3.099182844161987305e+00
3.769475460052490234e+00
3.881186008453369141e+00
3.527000904083251953e+00
2.512277603149414062e+00
4.665381908416748047e+00
3.979114532470703125e+00
2.859558820724487305e+00
4.784824371337890625e+00
1.923815727233886719e+00
5.877358436584472656e+00
1.868584513664245605e+00
5.250159263610839844e+00
4.040991783142089844e+00
3.179699897766113281e+00
4.753018379211425781e+00
3.475786685943603516e+00
4.283596038818359375e+00
1.865183353424072266e+00
6.869194984436035156e+00
1.481275081634521484e+00
5.733959674835205078e+00
3.383870601654052734e+00
3.793454647064208984e+00
3.979423046112060547e+00
4.474637508392333984e+00
4.654398918151855469e+00
2.890732049942016602e+00
5.249268054962158203e+00
2.393194198608398438e+00
5.115686416625976562e+00
3.486818790435791016e+00
3.162844181060791016e+00
4.399997711181640625e+00
3.627696990966796875e+00
3.357550144195556641e+00
2.383771419525146484e+00
6.255727767944335938e+00
2.034527301788330078e+00
5.168012142181396484e+00
2.619569778442382812e+00
4.494797706604003906e+00
2.625514745712280273e+00
3.386214733123779297e+00
4.875097274780273438e+00
2.720764160156250000e+00
4.951640129089355469e+00
2.792197227478027344e+00
4.478199005126953125e+00
3.099065303802490234e+00
3.837169170379638672e+00
2.450711488723754883e+00
5.464752197265625000e+00
2.784783840179443359e+00
3.636943817138671875e+00
4.119524955749511719e+00
3.170957088470458984e+00
3.098951101303100586e+00
3.844794750213623047e+00
2.887223005294799805e+00
3.901338338851928711e+00
3.402575492858886719e+00
2.736751556396484375e+00
4.188372135162353516e+00
2.965616941452026367e+00
3.973900318145751953e+00
3.728020191192626953e+00
2.092245578765869141e+00
4.435621738433837891e+00
3.324276447296142578e+00
4.040441513061523438e+00
2.902705192565917969e+00
3.972214698791503906e+00
2.941001653671264648e+00
3.682880163192749023e+00
3.079245090484619141e+00
3.393247127532958984e+00
3.290115118026733398e+00
2.987043857574462891e+00
4.463493347167968750e+00
2.485842466354370117e+00
4.083390235900878906e+00
3.218820333480834961e+00
3.603585243225097656e+00
4.753512859344482422e+00
2.277925252914428711e+00
4.762722969055175781e+00
2.021358728408813477e+00
5.316054344177246094e+00
4.086222648620605469e+00
3.443578004837036133e+00
2.681993007659912109e+00
5.212989807128906250e+00
1.541163682937622070e+00
5.299126625061035156e+00
3.214159011840820312e+00
3.605604648590087891e+00
2.324337244033813477e+00
5.989111900329589844e+00
2.590752124786376953e+00
5.648144721984863281e+00
4.203217029571533203e+00
2.402980327606201172e+00
6.798164844512939453e+00
4.081819534301757812e+00
2.533976316452026367e+00
4.864065170288085938e+00
3.944444656372070312e+00
2.193380355834960938e+00
5.902740955352783203e+00
2.397283792495727539e+00
5.260255813598632812e+00
1.509450674057006836e+00
6.201930046081542969e+00
3.014048814773559570e+00
3.231681108474731445e+00
4.408443450927734375e+00
2.742800951004028320e+00
4.217121124267578125e+00
2.318032741546630859e+00
5.140838623046875000e+00
4.109036445617675781e+00
3.207754135131835938e+00
4.294643402099609375e+00
3.350644111633300781e+00
2.792528629302978516e+00
4.821156501770019531e+00
2.994430541992187500e+00
4.958336830139160156e+00
2.641969203948974609e+00
4.195520401000976562e+00
4.821561813354492188e+00
2.005927324295043945e+00
6.053967475891113281e+00
1.014926433563232422e+00
7.312048912048339844e+00
2.572102546691894531e+00
6.872654438018798828e+00
8.893600106239318848e-01
9.009235382080078125e+00
1.244716644287109375e+00
6.260796546936035156e+00
8.342121243476867676e-01
5.189668655395507812e+00
4.221261978149414062e+00
2.695461273193359375e+00
5.374982833862304688e+00
1.204100728034973145e+00
6.788931846618652344e+00
2.100191831588745117e+00
6.371276378631591797e+00
2.555778741836547852e+00
4.816507339477539062e+00
3.760068893432617188e+00
3.728631973266601562e+00
4.459427833557128906e+00
3.802176713943481445e+00
4.033995628356933594e+00
4.200417041778564453e+00
4.595864295959472656e+00
3.165125370025634766e+00
2.939845085144042969e+00
5.336541175842285156e+00
1.855309963226318359e+00
5.142898559570312500e+00
3.781044483184814453e+00
2.624231100082397461e+00
6.056337833404541016e+00
1.929991483688354492e+00
4.466865062713623047e+00
3.850976705551147461e+00
4.308678627014160156e+00
3.245699882507324219e+00
3.826308727264404297e+00
3.769947528839111328e+00
3.696497440338134766e+00
3.479232788085937500e+00
4.302976608276367188e+00
2.444706916809082031e+00
5.891006946563720703e+00
3.159460067749023438e+00
3.562190532684326172e+00
3.648678779602050781e+00
2.288294076919555664e+00
5.114101886749267578e+00
2.800007820129394531e+00
4.623039245605468750e+00
3.317881584167480469e+00
3.362826108932495117e+00
3.682893991470336914e+00
3.477919578552246094e+00
3.224874734878540039e+00
2.690915822982788086e+00
4.484000205993652344e+00
2.461784362792968750e+00
3.998522758483886719e+00
4.389694213867187500e+00
2.896236896514892578e+00
3.566286087036132812e+00
2.921000003814697266e+00
3.794398307800292969e+00
3.760356187820434570e+00
2.411082029342651367e+00
3.040683031082153320e+00
4.068695068359375000e+00
3.445207118988037109e+00
3.248227119445800781e+00
3.008156776428222656e+00
3.087630748748779297e+00
3.387102127075195312e+00
3.288837909698486328e+00
2.284422874450683594e+00
5.943249702453613281e+00
2.130332231521606445e+00
5.067019939422607422e+00
3.846533775329589844e+00
2.505689144134521484e+00
5.926907539367675781e+00
2.963733673095703125e+00
3.246359348297119141e+00
5.627705097198486328e+00
1.977690458297729492e+00
4.184244155883789062e+00
3.423344135284423828e+00
4.526389122009277344e+00
2.319230318069458008e+00
6.322340965270996094e+00
2.010506629943847656e+00
4.284837722778320312e+00
4.094771385192871094e+00
2.945715188980102539e+00
4.158662796020507812e+00
3.049489021301269531e+00
2.342269897460937500e+00
4.586676597595214844e+00
3.541742324829101562e+00
2.907707214355468750e+00
3.711048603057861328e+00
2.798557043075561523e+00
4.158302307128906250e+00
3.419089317321777344e+00
3.941180467605590820e+00
2.864959716796875000e+00
3.615017890930175781e+00
3.468469142913818359e+00
3.465692281723022461e+00
3.230483770370483398e+00
2.598841428756713867e+00
5.341112613677978516e+00
1.422698259353637695e+00
5.334662437438964844e+00
3.219262599945068359e+00
4.133699417114257812e+00
2.842299461364746094e+00
4.811547756195068359e+00
3.775943756103515625e+00
3.141848564147949219e+00
3.131103277206420898e+00
4.237414360046386719e+00
2.670249462127685547e+00
4.824922561645507812e+00
3.433246612548828125e+00
3.257350444793701172e+00
3.954285383224487305e+00
3.890824794769287109e+00
2.957098960876464844e+00
4.620890617370605469e+00
3.550987243652343750e+00
2.141505241394042969e+00
5.980819225311279297e+00
4.930770695209503174e-01
8.984138488769531250e+00
1.030666232109069824e+00
6.406102180480957031e+00
2.032800197601318359e+00
7.599118709564208984e+00
1.145383596420288086e+00
6.704298019409179688e+00
4.111472129821777344e+00
3.132614850997924805e+00
5.365058898925781250e+00
2.650976181030273438e+00
6.353096008300781250e+00
2.441015243530273438e+00
5.513173103332519531e+00
2.128720045089721680e+00
5.379125595092773438e+00
5.050551414489746094e+00
1.780811190605163574e+00
5.439832687377929688e+00
4.123147010803222656e+00
2.660585641860961914e+00
4.460929870605468750e+00
3.275051593780517578e+00
3.800226688385009766e+00
2.692569732666015625e+00
4.849720954895019531e+00
3.315608263015747070e+00
3.389529705047607422e+00
3.778991699218750000e+00
2.233855009078979492e+00
5.227124691009521484e+00
4.470517158508300781e+00
1.703538298606872559e+00
6.127201080322265625e+00
3.083223342895507812e+00
2.556610345840454102e+00
5.741719722747802734e+00
3.727343559265136719e+00
2.566163539886474609e+00
4.703735351562500000e+00
3.697234392166137695e+00
3.310265541076660156e+00
5.088006973266601562e+00
2.346324920654296875e+00
5.381567955017089844e+00
2.702092647552490234e+00
3.388249158859252930e+00
4.525097370147705078e+00
2.970661163330078125e+00
4.261249542236328125e+00
3.382058382034301758e+00
3.509476900100708008e+00
4.758053302764892578e+00
3.418862819671630859e+00
4.414853096008300781e+00
3.340757608413696289e+00
4.029915809631347656e+00
3.138176441192626953e+00
5.340296745300292969e+00
2.986800670623779297e+00
3.937266349792480469e+00
4.091188907623291016e+00
3.185223579406738281e+00
4.034304141998291016e+00
4.962481498718261719e+00
2.237392902374267578e+00
5.429090499877929688e+00
4.804929733276367188e+00
3.630744934082031250e+00
3.503470182418823242e+00
4.133311271667480469e+00
4.868526935577392578e+00
3.453009366989135742e+00
2.823527812957763672e+00
4.097854614257812500e+00
4.027934551239013672e+00
2.595565080642700195e+00
3.965704679489135742e+00
3.048025608062744141e+00
4.909209728240966797e+00
2.920682191848754883e+00
2.356676578521728516e+00
5.237374305725097656e+00
3.439920425415039062e+00
3.156128883361816406e+00
4.034641742706298828e+00
3.415808677673339844e+00
1.592046737670898438e+00
6.429577827453613281e+00
3.277473688125610352e+00
3.461306571960449219e+00
4.165777683258056641e+00
3.132834434509277344e+00
3.451234340667724609e+00
3.952207565307617188e+00
2.218737125396728516e+00
5.067821502685546875e+00
2.320806026458740234e+00
3.685946941375732422e+00
3.834363698959350586e+00
4.229712009429931641e+00
3.163109540939331055e+00
3.457292079925537109e+00
3.364870071411132812e+00
3.415975570678710938e+00
3.796771049499511719e+00
3.191337585449218750e+00
3.926201820373535156e+00
3.794739484786987305e+00
3.133623123168945312e+00
3.723587751388549805e+00
3.664105653762817383e+00
2.948044776916503906e+00
3.296953916549682617e+00
3.868197202682495117e+00
4.067969322204589844e+00
2.611762523651123047e+00
3.706488609313964844e+00
3.879258871078491211e+00
2.350836753845214844e+00
5.311624526977539062e+00
2.181879997253417969e+00
5.951395511627197266e+00
2.133574008941650391e+00
5.136803627014160156e+00
3.628865242004394531e+00
3.002548217773437500e+00
5.031377792358398438e+00
3.706815719604492188e+00
3.496922492980957031e+00
3.722846031188964844e+00
3.677819252014160156e+00
3.504975795745849609e+00
3.082599639892578125e+00
4.455472946166992188e+00
2.136807918548583984e+00
6.495610237121582031e+00
9.450013637542724609e-01
8.085562705993652344e+00
1.723824977874755859e+00
6.832374572753906250e+00
1.663793325424194336e+00
7.683431625366210938e+00
4.306679725646972656e+00
4.273224353790283203e+00
3.326481342315673828e+00
5.566864490509033203e+00
1.403733253479003906e+00
8.494209289550781250e+00
3.096934795379638672e+00
3.638350725173950195e+00
6.275446414947509766e+00
2.228548288345336914e+00
7.510499954223632812e+00
1.827272415161132812e+00
7.298798561096191406e+00
3.380679368972778320e+00
3.105924367904663086e+00
5.783517837524414062e+00
2.640218734741210938e+00
4.336582660675048828e+00
4.472726345062255859e+00
3.588153839111328125e+00
3.035037040710449219e+00
4.347276687622070312e+00
3.141678333282470703e+00
3.219651937484741211e+00
3.663593769073486328e+00
3.965354919433593750e+00
3.235172510147094727e+00
2.906036376953125000e+00
4.887364387512207031e+00
2.384621620178222656e+00
5.025741100311279297e+00
4.026107788085937500e+00
2.722996950149536133e+00
4.285134315490722656e+00
4.139850616455078125e+00
2.658384323120117188e+00
5.134275436401367188e+00
3.282032489776611328e+00
3.164415836334228516e+00
3.909418582916259766e+00
4.015369415283203125e+00
2.523942232131958008e+00
5.170045852661132812e+00
3.943091869354248047e+00
3.005645275115966797e+00
3.361943244934082031e+00
3.619245529174804688e+00
3.952648162841796875e+00
2.719887018203735352e+00
5.119310379028320312e+00
3.545225143432617188e+00
3.420724153518676758e+00
3.155850887298583984e+00
4.099411010742187500e+00
2.780315876007080078e+00
4.684466838836669922e+00
1.727236390113830566e+00
6.657874584197998047e+00
2.689359426498413086e+00
3.479027509689331055e+00
5.296468734741210938e+00
3.568179130554199219e+00
3.701030969619750977e+00
5.432874679565429688e+00
3.699698448181152344e+00
3.699339389801025391e+00
4.806862831115722656e+00
3.289952754974365234e+00
4.402963638305664062e+00
3.965523719787597656e+00
2.710286617279052734e+00
6.615318775177001953e+00
2.229764461517333984e+00
5.115146636962890625e+00
3.417375087738037109e+00
3.636668443679809570e+00
4.470591545104980469e+00
3.622766256332397461e+00
4.812542438507080078e+00
3.880104303359985352e+00
3.430393218994140625e+00
4.055895805358886719e+00
3.416818380355834961e+00
3.650114536285400391e+00
4.271422386169433594e+00
2.000733375549316406e+00
7.518489837646484375e+00
2.612008810043334961e+00
6.086890220642089844e+00
1.906498908996582031e+00
6.022706985473632812e+00
4.989710330963134766e+00
2.430263519287109375e+00
7.634796142578125000e+00
1.104584932327270508e+00
6.316246986389160156e+00
3.564162492752075195e+00
4.095073699951171875e+00
3.899579524993896484e+00
4.005950927734375000e+00
3.344514369964599609e+00
4.625765800476074219e+00
4.295055389404296875e+00
2.834522008895874023e+00
6.633381843566894531e+00
2.268445491790771484e+00
6.809395313262939453e+00
3.370873689651489258e+00
5.302105903625488281e+00
4.685220241546630859e+00
4.216917991638183594e+00
3.122747898101806641e+00
4.855135440826416016e+00
3.852621793746948242e+00
2.539556980133056641e+00
6.452280044555664062e+00
1.398275375366210938e+00
8.522893905639648438e+00
1.439474344253540039e+00
5.747105598449707031e+00
1.484248042106628418e+00
5.650297641754150391e+00
3.925990104675292969e+00
2.582482814788818359e+00
6.436747550964355469e+00
1.913338303565979004e+00
6.251832008361816406e+00
2.771213054656982422e+00
4.426689147949218750e+00
4.096289634704589844e+00
3.534260034561157227e+00
3.268726825714111328e+00
4.658102035522460938e+00
3.397373676300048828e+00
3.322038173675537109e+00
4.618067741394042969e+00
3.243677377700805664e+00
3.663194656372070312e+00
4.343794822692871094e+00
3.903558731079101562e+00
3.609363317489624023e+00
3.735453128814697266e+00
3.941569328308105469e+00
3.772435188293457031e+00
4.682534217834472656e+00
3.702388286590576172e+00
3.604293346405029297e+00
3.925416946411132812e+00
4.075250148773193359e+00
3.714980602264404297e+00
3.432719707489013672e+00
3.441592216491699219e+00
4.082205295562744141e+00
3.015161037445068359e+00
3.933353900909423828e+00
3.271186828613281250e+00
3.477175712585449219e+00
4.229598999023437500e+00
3.844584226608276367e+00
3.398659229278564453e+00
4.191843509674072266e+00
3.432039737701416016e+00
3.618255138397216797e+00
2.359312295913696289e+00
5.023834228515625000e+00
2.515990018844604492e+00
4.450943946838378906e+00
3.360815048217773438e+00
3.478366851806640625e+00
4.693774223327636719e+00
3.386533498764038086e+00
3.738321781158447266e+00
3.882798671722412109e+00
4.689880371093750000e+00
3.140587329864501953e+00
4.513731002807617188e+00
2.789144754409790039e+00
5.106513977050781250e+00
3.098495483398437500e+00
3.945788145065307617e+00
4.677779197692871094e+00
3.357936382293701172e+00
3.860221385955810547e+00
4.677326202392578125e+00
4.213246345520019531e+00
2.805228471755981445e+00
4.953751564025878906e+00
3.494851827621459961e+00
4.593845367431640625e+00
3.557326555252075195e+00
3.473305702209472656e+00
4.079048633575439453e+00
3.356480598449707031e+00
3.233406543731689453e+00
4.174430370330810547e+00
2.804516553878784180e+00
4.107582092285156250e+00
3.884719848632812500e+00
2.606093406677246094e+00
4.351806640625000000e+00
2.171717643737792969e+00
5.680307388305664062e+00
4.024824142456054688e+00
3.348722219467163086e+00
4.517963409423828125e+00
2.859297275543212891e+00
4.774713516235351562e+00
2.700953722000122070e+00
6.097227573394775391e+00
1.462506532669067383e+00
6.358943462371826172e+00
7.172044515609741211e-01
9.633419036865234375e+00
1.365637063980102539e+00
7.467728614807128906e+00
6.572042107582092285e-01
6.866261482238769531e+00
1.052126884460449219e+00
7.577672481536865234e+00
2.653807401657104492e+00
4.137481689453125000e+00
4.166006088256835938e+00
4.471268653869628906e+00
2.546662330627441406e+00
5.885668754577636719e+00
2.770568132400512695e+00
4.877352714538574219e+00
4.182835102081298828e+00
3.485208034515380859e+00
4.911836624145507812e+00
2.906984090805053711e+00
4.687133789062500000e+00
3.232207775115966797e+00
4.673005104064941406e+00
3.386983633041381836e+00
3.904760599136352539e+00
3.028797864913940430e+00
3.532361984252929688e+00
3.637354373931884766e+00
4.045934200286865234e+00
2.878667354583740234e+00
5.277672290802001953e+00
2.572983980178833008e+00
4.726846694946289062e+00
3.320056915283203125e+00
3.965656280517578125e+00
3.887459516525268555e+00
4.202140808105468750e+00
4.619821548461914062e+00
2.809324502944946289e+00
6.042289257049560547e+00
2.200127601623535156e+00
6.275193214416503906e+00
3.718990087509155273e+00
4.753062248229980469e+00
3.780905246734619141e+00
4.542067050933837891e+00
3.615919589996337891e+00
3.516433715820312500e+00
3.894357681274414062e+00
3.752568721771240234e+00
3.212227344512939453e+00
2.617023229598999023e+00
5.249045372009277344e+00
3.081707477569580078e+00
3.597704887390136719e+00
4.521007061004638672e+00
3.398478507995605469e+00
4.218461036682128906e+00
3.870476245880126953e+00
3.137194633483886719e+00
4.574168205261230469e+00
3.401486635208129883e+00
3.823469161987304688e+00
4.361365795135498047e+00
1.362128734588623047e+00
5.374749183654785156e+00
2.880478143692016602e+00
3.617381095886230469e+00
3.739245891571044922e+00
3.782934665679931641e+00
4.374460697174072266e+00
3.675567150115966797e+00
2.838847160339355469e+00
5.612151145935058594e+00
1.598830580711364746e+00
7.810801506042480469e+00
3.733424186706542969e+00
2.625864028930664062e+00
6.185397624969482422e+00
3.956331491470336914e+00
3.152036190032958984e+00
3.489464521408081055e+00
5.591216087341308594e+00
2.869785785675048828e+00
6.005051136016845703e+00
3.831198215484619141e+00
2.402922153472900391e+00
6.821063041687011719e+00
1.189504861831665039e+00
7.814092159271240234e+00
1.694328546524047852e+00
5.095890045166015625e+00
4.774926185607910156e+00
2.722638607025146484e+00
4.247795104980468750e+00
2.093464612960815430e+00
6.790989875793457031e+00
2.409257411956787109e+00
5.927186012268066406e+00
3.718409061431884766e+00
3.833239078521728516e+00
3.363982200622558594e+00
4.790835380554199219e+00
3.723057746887207031e+00
3.477083683013916016e+00
5.165501594543457031e+00
4.354115962982177734e+00
1.866816759109497070e+00
6.338122367858886719e+00
1.798373341560363770e+00
4.027814865112304688e+00
3.539610862731933594e+00
2.824330806732177734e+00
5.896404743194580078e+00
2.344314575195312500e+00
5.561359405517578125e+00
3.379240751266479492e+00
3.694288253784179688e+00
5.567631721496582031e+00
2.429265975952148438e+00
5.864997863769531250e+00
2.629947185516357422e+00
6.683477401733398438e+00
3.608990669250488281e+00
4.277879714965820312e+00
6.683306217193603516e+00
2.257436752319335938e+00
5.730746269226074219e+00
3.506609439849853516e+00
3.492028713226318359e+00
4.984179496765136719e+00
4.212817192077636719e+00
1.882235050201416016e+00
8.151446342468261719e+00
8.272220492362976074e-01
5.868878364562988281e+00
2.866092205047607422e+00
3.476787567138671875e+00
5.022851943969726562e+00
3.727434635162353516e+00
3.009802818298339844e+00
4.305427551269531250e+00
4.562586784362792969e+00
2.891808032989501953e+00
4.473233222961425781e+00
3.858668327331542969e+00
1.215744972229003906e+00
6.360621452331542969e+00
2.627887248992919922e+00
5.001422405242919922e+00
3.844730377197265625e+00
3.966119050979614258e+00
3.490260362625122070e+00
3.449539661407470703e+00
3.753293991088867188e+00
3.393094539642333984e+00
4.792091369628906250e+00
3.912016153335571289e+00
2.525115966796875000e+00
5.563814163208007812e+00
4.025033950805664062e+00
2.699675083160400391e+00
3.591945171356201172e+00
4.883216381072998047e+00
2.297057628631591797e+00
3.998975276947021484e+00
1.558689475059509277e+00
6.706314086914062500e+00
2.270926713943481445e+00
5.669645309448242188e+00
2.610419988632202148e+00
4.070201873779296875e+00
4.406828880310058594e+00
3.013744831085205078e+00
3.482214212417602539e+00
4.531966686248779297e+00
3.347962617874145508e+00
3.730563640594482422e+00
5.510164260864257812e+00
4.651286125183105469e+00
3.132395505905151367e+00
4.530369758605957031e+00
4.549053192138671875e+00
3.513486862182617188e+00
3.563836574554443359e+00
5.100351333618164062e+00
2.648482322692871094e+00
5.427437305450439453e+00
3.435860157012939453e+00
3.729440212249755859e+00
4.768013000488281250e+00
3.750033617019653320e+00
3.246889829635620117e+00
3.851962089538574219e+00
2.738273382186889648e+00
3.608329057693481445e+00
4.126340866088867188e+00
2.826226949691772461e+00
5.181387901306152344e+00
3.734863758087158203e+00
2.999419689178466797e+00
4.998294353485107422e+00
1.865335345268249512e+00
6.857981681823730469e+00
2.703236818313598633e+00
3.758152961730957031e+00
5.322903633117675781e+00
3.324855566024780273e+00
4.524338722229003906e+00
3.973632097244262695e+00
2.188965797424316406e+00
6.615756034851074219e+00
1.886652588844299316e+00
4.204841136932373047e+00
4.802700042724609375e+00
2.574159860610961914e+00
3.755418777465820312e+00
4.488539695739746094e+00
2.843277692794799805e+00
3.331432819366455078e+00
5.300812244415283203e+00
3.132440567016601562e+00
4.435678958892822266e+00
3.388197422027587891e+00
4.021173954010009766e+00
3.620446443557739258e+00
4.275739192962646484e+00
4.365464210510253906e+00
2.541012763977050781e+00
6.336122512817382812e+00
4.415702819824218750e+00
2.172930240631103516e+00
6.006157875061035156e+00
4.579394340515136719e+00
3.021571159362792969e+00
4.856942176818847656e+00
3.624742507934570312e+00
3.368248701095581055e+00
4.303901672363281250e+00
4.183101177215576172e+00
3.152494430541992188e+00
3.429719209671020508e+00
3.536695480346679688e+00
3.208639860153198242e+00
3.612108230590820312e+00
4.125190258026123047e+00
3.280740976333618164e+00
3.697607040405273438e+00
4.550268173217773438e+00
3.842904090881347656e+00
3.608903169631958008e+00
4.624093055725097656e+00
4.341419219970703125e+00
3.055136203765869141e+00
4.908616065979003906e+00
3.572991847991943359e+00
4.846770763397216797e+00
3.985143899917602539e+00
3.050600051879882812e+00
4.513463973999023438e+00
5.056883811950683594e+00
2.963530778884887695e+00
5.064056396484375000e+00
3.014824628829956055e+00
4.825438499450683594e+00
1.606549501419067383e+00
8.734355926513671875e+00
1.570098161697387695e+00
8.199588775634765625e+00
5.087478160858154297e-01
9.154815673828125000e+00
6.399382352828979492e-01
9.171132087707519531e+00
6.774852275848388672e-01
9.328882217407226562e+00
5.772149562835693359e-01
7.916035652160644531e+00
9.536361098289489746e-01
4.556949615478515625e+00
3.823025703430175781e+00
2.572903156280517578e+00
3.783713817596435547e+00
2.875027656555175781e+00
4.763859272003173828e+00
2.241632938385009766e+00
5.493595600128173828e+00
3.596441745758056641e+00
3.905990123748779297e+00
4.556262016296386719e+00
3.230822086334228516e+00
4.431125164031982422e+00
4.261822700500488281e+00
3.264417886734008789e+00
4.434879302978515625e+00
3.448963165283203125e+00
2.827402114868164062e+00
5.487354755401611328e+00
3.835431098937988281e+00
3.496325969696044922e+00
4.276179313659667969e+00
3.876073360443115234e+00
2.626015186309814453e+00
4.475227355957031250e+00
2.976649284362792969e+00
5.098026275634765625e+00
2.393943786621093750e+00
4.322503089904785156e+00
3.982859134674072266e+00
3.355335712432861328e+00
5.148808002471923828e+00
1.624754190444946289e+00
6.776187896728515625e+00
4.664842605590820312e+00
2.897946357727050781e+00
5.160180091857910156e+00
4.159078121185302734e+00
2.575411796569824219e+00
5.593595981597900391e+00
1.662115573883056641e+00
5.607345104217529297e+00
3.455075502395629883e+00
2.903738498687744141e+00
3.674155950546264648e+00
3.860077857971191406e+00
3.514378547668457031e+00
2.779450893402099609e+00
4.807309150695800781e+00
3.093019485473632812e+00
3.134567260742187500e+00
3.616594552993774414e+00
2.870110034942626953e+00
3.438710927963256836e+00
4.340517044067382812e+00
3.553115367889404297e+00
2.215626239776611328e+00
5.173117637634277344e+00
2.079221248626708984e+00
6.300242424011230469e+00
2.453412294387817383e+00
3.479821205139160156e+00
4.243077278137207031e+00
3.780208110809326172e+00
2.480391502380371094e+00
4.395851612091064453e+00
3.076422214508056641e+00
3.299076795578002930e+00
3.554702997207641602e+00
3.444692134857177734e+00
3.687517166137695312e+00
3.401569366455078125e+00
3.215299606323242188e+00
3.987945556640625000e+00
3.328735351562500000e+00
2.611470699310302734e+00
4.004363536834716797e+00
3.679454088211059570e+00
1.879310369491577148e+00
4.717996597290039062e+00
2.984086036682128906e+00
3.556067466735839844e+00
3.878783702850341797e+00
3.931322813034057617e+00
3.022115707397460938e+00
3.008847236633300781e+00
3.702234745025634766e+00
3.977328062057495117e+00
3.630447626113891602e+00
3.506609916687011719e+00
3.682121753692626953e+00
3.660284996032714844e+00
3.514211416244506836e+00
3.058167219161987305e+00
3.933359622955322266e+00
4.102047443389892578e+00
3.721577167510986328e+00
3.500745296478271484e+00
3.345359325408935547e+00
3.664526939392089844e+00
4.171606540679931641e+00
3.398536682128906250e+00
3.685869216918945312e+00
4.198502540588378906e+00
2.332450389862060547e+00
5.819504737854003906e+00
3.355762004852294922e+00
3.360619068145751953e+00
4.004932403564453125e+00
3.988294839859008789e+00
2.966716527938842773e+00
3.964061021804809570e+00
1.764844894409179688e+00
6.694581985473632812e+00
2.542533874511718750e+00
6.971797466278076172e+00
1.587771654129028320e+00
6.644631385803222656e+00
4.720274925231933594e+00
3.258034706115722656e+00
4.544685363769531250e+00
4.226649284362792969e+00
6.090592145919799805e-01
