Epoch,Train Accuracy,Validation Accuracy
1,0.4988,0.8197500000000001
2,0.6864,0.8849
3,0.7382000000000001,0.90795
4,0.7702,0.9246500000000001
5,0.7861,0.92805
6,0.7956500000000001,0.9306000000000001
7,0.79915,0.94045
8,0.8190500000000001,0.94045
9,0.8176,0.94125
10,0.81515,0.9436500000000001
