6.231096982955932617e-01
3.540416061878204346e-02
2.068365216255187988e-01
3.442509174346923828e-01
1.267734318971633911e-01
7.270866632461547852e-02
1.654857099056243896e-01
1.737635433673858643e-01
9.324705600738525391e-02
7.041181623935699463e-02
1.556155085563659668e-01
7.082441449165344238e-02
8.195731043815612793e-02
1.215063780546188354e-01
4.017832875251770020e-02
1.134654954075813293e-01
7.795758545398712158e-02
4.814265668392181396e-02
7.072812318801879883e-02
5.132808536291122437e-02
3.897859901189804077e-02
7.949938625097274780e-02
1.829501613974571228e-02
7.693745940923690796e-02
1.974972337484359741e-02
5.130786448717117310e-02
2.960175462067127228e-02
2.716865204274654388e-02
1.967754662036895752e-01
2.240639787487452850e-06
9.704767762741539627e-07
8.744536899030208588e-05
6.553795188665390015e-02
5.204678326845169067e-02
5.505980923771858215e-03
3.665662556886672974e-02
4.557845368981361389e-02
7.047174032777547836e-03
5.233488976955413818e-02
2.817047294229269028e-03
6.630747020244598389e-02
3.724319685716181993e-04
1.681292662397027016e-03
9.162813425064086914e-02
3.428301351959817111e-05
3.717510116985067725e-05
2.350892173126339912e-03
2.369425743818283081e-01
1.294281903874150430e-10
5.894430993649835138e-13
1.215066458906677305e-13
6.691239766041731651e-14
1.034241187700471465e-13
1.704781471155089601e-13
2.671199849854644093e-13
1.502416680648765990e-12
1.438592300839758309e-11
5.437862604651400034e-09
1.136144965130370110e-05
3.563601896166801453e-02
1.411354690790176392e-01
3.033807161045842804e-08
3.105066648245724537e-09
9.195455419330755831e-08
1.586865619174204767e-05
9.873412549495697021e-03
3.594182431697845459e-01
2.684466537949958820e-11
4.504038114694353112e-11
2.242324086410008022e-07
1.217179559171199799e-02
8.026827573776245117e-01
3.647848245691420743e-07
1.012968198210728588e-07
2.141679033229593188e-05
1.313527463935315609e-03
1.589987128973007202e-01
5.512778759002685547e-01
8.819256436254363507e-07
1.728072675177827477e-05
2.425264799967408180e-03
2.009719908237457275e-01
7.602851092815399170e-02
1.347850169986486435e-02
8.393229544162750244e-02
8.712636679410934448e-02
5.675196647644042969e-02
3.784837126731872559e-01
3.082728653680533171e-05
7.854825817048549652e-04
6.390255689620971680e-02
4.520597457885742188e-01
6.952334661036729813e-04
5.807861685752868652e-03
1.964113265275955200e-01
9.768711775541305542e-02
1.509147286415100098e-01
4.322336241602897644e-02
8.589573204517364502e-02
8.482383191585540771e-02
4.270881414413452148e-02
1.468550860881805420e-01
1.295745745301246643e-02
6.805028021335601807e-02
1.631981283426284790e-01
2.490128390491008759e-03
2.794620022177696228e-02
3.981214761734008789e-01
3.504937922116369009e-05
1.887042224407196045e-01
2.409384846687316895e-01
2.212237101048231125e-03
3.347995504736900330e-02
2.487909495830535889e-01
3.421207517385482788e-02
3.803230077028274536e-02
1.858819276094436646e-01
1.172872632741928101e-02
4.848410487174987793e-01
2.717916213441640139e-04
4.762273281812667847e-03
2.338977307081222534e-01
1.260467767715454102e-01
2.948446199297904968e-02
8.584649860858917236e-02
3.008477389812469482e-01
1.890220912173390388e-03
2.764263749122619629e-02
2.660739421844482422e-01
1.015609502792358398e-02
5.484212189912796021e-02
1.850526630878448486e-01
1.012661233544349670e-01
5.186415463685989380e-02
1.958250999450683594e-01
4.771021194756031036e-03
2.661744654178619385e-01
4.795458167791366577e-03
2.350244298577308655e-02
1.711922585964202881e-01
6.882552057504653931e-03
1.410678774118423462e-01
4.195839166641235352e-02
5.982228368520736694e-02
6.714481115341186523e-02
6.885439157485961914e-02
4.200898483395576477e-02
1.426411867141723633e-01
1.779931411147117615e-02
2.698565125465393066e-01
1.694768853485584259e-02
2.812592387199401855e-01
4.272655583918094635e-03
3.883347511291503906e-01
6.229653372429311275e-04
3.907820675522089005e-03
1.854743659496307373e-01
1.560785062611103058e-02
4.344527050852775574e-02
1.002753823995590210e-01
4.287616908550262451e-02
7.728645205497741699e-02
3.581771999597549438e-02
4.482976719737052917e-02
6.846190989017486572e-02
3.792762011289596558e-02
7.797637581825256348e-02
4.027897864580154419e-02
3.123595416545867920e-01
7.830593967810273170e-04
5.816981196403503418e-01
2.823701606757822447e-06
1.245618750544963405e-05
1.900479546748101711e-03
1.768274903297424316e-01
1.341227628290653229e-02
2.604246512055397034e-02
3.153473511338233948e-02
2.210116386413574219e-02
4.479426145553588867e-02
4.140371084213256836e-02
3.975773602724075317e-02
3.865398839116096497e-02
3.618880733847618103e-02
4.563225433230400085e-02
1.067461818456649780e-01
1.384432613849639893e-02
3.641354665160179138e-02
5.848782882094383240e-02
1.200020164251327515e-01
3.251874819397926331e-03
9.983416646718978882e-03
1.028448343276977539e-01
2.006230875849723816e-02
7.519885152578353882e-02
2.421724051237106323e-02
1.608533039689064026e-02
7.609649747610092163e-02
3.130717948079109192e-02
4.465012997388839722e-02
7.443904876708984375e-02
3.695321455597877502e-02
3.504479676485061646e-02
8.885025978088378906e-02
1.675131358206272125e-02
5.009160563349723816e-02
6.530100852251052856e-02
2.909075282514095306e-02
9.119802713394165039e-02
4.579237196594476700e-03
4.066375643014907837e-02
2.280464917421340942e-01
1.332886495220009238e-05
5.195356061449274421e-05
1.022330299019813538e-02
3.870156407356262207e-01
4.736594405585492495e-07
1.144741617054023664e-07
3.693178314279066399e-06
2.410212345421314240e-02
6.433826684951782227e-01
4.230661033943761140e-06
1.852655783295631409e-03
1.866449564695358276e-01
6.733667850494384766e-02
3.978301212191581726e-02
3.506842628121376038e-02
7.233166694641113281e-02
7.048618048429489136e-02
3.239797800779342651e-02
6.114162877202033997e-02
5.236105993390083313e-02
5.607017129659652710e-02
4.887442290782928467e-02
7.911258339881896973e-01
3.511896939016878605e-04
9.964412450790405273e-02
5.977206826210021973e-01
1.384588424116373062e-03
3.705107606947422028e-03
4.087975621223449707e-02
1.692247688770294189e-01
6.406005471944808960e-02
2.667864039540290833e-02
3.223375976085662842e-02
1.062834560871124268e-01
5.441386997699737549e-02
3.333054482936859131e-02
1.182020157575607300e-01
2.603732608258724213e-02
4.871473833918571472e-02
8.940030634403228760e-02
4.338348284363746643e-02
1.611588448286056519e-01
2.337971935048699379e-03
1.682187989354133606e-02
2.489108443260192871e-01
4.096112214028835297e-03
6.629676558077335358e-03
2.755386754870414734e-02
9.988793730735778809e-02
3.500963002443313599e-02
5.831604450941085815e-02
6.028814241290092468e-02
4.750810563564300537e-02
7.849671691656112671e-02
6.564351916313171387e-02
1.029076352715492249e-01
3.490072116255760193e-02
9.188904613256454468e-02
4.563782364130020142e-02
8.658973872661590576e-02
7.249948382377624512e-02
4.618591070175170898e-02
1.290374994277954102e-01
8.251526951789855957e-02
1.163533702492713928e-01
7.703460007905960083e-02
1.375197172164916992e-01
1.208804398775100708e-01
2.857946455478668213e-01
2.025903388857841492e-02
3.244878053665161133e-01
1.164340879768133163e-02
5.146022140979766846e-02
5.138212442398071289e-01
9.287855937145650387e-05
3.390420600771903992e-02
4.971401095390319824e-01
2.978521632030606270e-03
1.155009493231773376e-02
1.041387915611267090e-01
3.675661385059356689e-01
1.155139040201902390e-02
2.084144577383995056e-02
1.384405791759490967e-01
2.057841569185256958e-01
2.840485423803329468e-02
9.811843931674957275e-02
2.400582879781723022e-01
1.347608584910631180e-02
7.809786498546600342e-02
3.166785240173339844e-01
9.683780372142791748e-03
1.071050316095352173e-01
3.160184621810913086e-01
2.670023590326309204e-02
3.716637939214706421e-02
2.679859995841979980e-01
2.327520027756690979e-02
6.998914480209350586e-02
2.800067067146301270e-01
4.924088250845670700e-03
1.426881253719329834e-01
1.337577998638153076e-01
2.496010810136795044e-02
4.378850013017654419e-02
2.671386003494262695e-01
1.737751765176653862e-03
2.830218151211738586e-02
1.674190163612365723e-01
3.626567870378494263e-02
2.726543694734573364e-02
8.123936504125595093e-02
1.597321331501007080e-01
2.157087437808513641e-02
9.296964108943939209e-02
2.037224322557449341e-01
1.083586923778057098e-02
1.218775436282157898e-01
4.130019620060920715e-02
2.194799184799194336e-01
5.957563873380422592e-03
2.078027576208114624e-01
9.553113952279090881e-03
5.288527160882949829e-02
7.807826250791549683e-02
8.870270848274230957e-02
3.910934925079345703e-02
5.851285904645919800e-02
5.887508392333984375e-02
7.751262187957763672e-02
2.620094828307628632e-02
4.674449563026428223e-02
2.206264138221740723e-01
1.814148854464292526e-03
1.625469326972961426e-01
1.346490252763032913e-02
2.433842048048973083e-02
1.618614196777343750e-01
7.949688471853733063e-03
1.778816618025302887e-02
1.121928393840789795e-01
4.111323505640029907e-02
4.211073368787765503e-02
5.901058390736579895e-02
8.014341443777084351e-02
3.422863408923149109e-02
4.390630125999450684e-01
2.979731000959873199e-02
6.767261028289794922e-01
4.792387597262859344e-03
1.286244858056306839e-02
2.537302970886230469e-01
2.782434821128845215e-01
7.480052113533020020e-02
3.593134284019470215e-01
1.434524357318878174e-01
2.968457341194152832e-01
1.648051738739013672e-01
6.244480609893798828e-02
3.402338922023773193e-01
3.083910234272480011e-02
1.834613531827926636e-01
1.551336646080017090e-01
2.006900012493133545e-01
4.650767147541046143e-02
1.352715194225311279e-01
2.619452476501464844e-01
9.267827123403549194e-02
2.230017185211181641e-01
6.201204657554626465e-02
3.868941664695739746e-01
5.656898021697998047e-03
1.559462547302246094e-01
2.657497227191925049e-01
1.214326545596122742e-02
2.236717194318771362e-02
1.531797647476196289e-01
1.230017244815826416e-01
8.558053523302078247e-02
1.297831982374191284e-01
5.009191110730171204e-02
2.480741441249847412e-01
1.111578568816184998e-02
1.453568041324615479e-01
8.698381483554840088e-02
7.079149037599563599e-02
8.549779653549194336e-02
6.937746703624725342e-02
8.021119236946105957e-02
8.351152390241622925e-02
6.163130328059196472e-02
6.200044602155685425e-02
6.090697646141052246e-02
8.017797768115997314e-02
2.101554349064826965e-02
5.569940805435180664e-02
8.999416232109069824e-02
6.720678508281707764e-02
6.210436299443244934e-02
6.351054459810256958e-02
4.539625346660614014e-02
7.579305768013000488e-02
5.962292850017547607e-02
4.888570308685302734e-02
7.649724185466766357e-02
1.950290426611900330e-02
1.100720390677452087e-01
5.671480670571327209e-03
2.235816046595573425e-02
1.683432459831237793e-01
7.628621533513069153e-03
2.708649039268493652e-01
1.696344232186675072e-03
2.893838286399841309e-01
3.167696297168731689e-02
7.411219179630279541e-02
2.235818803310394287e-01
3.333485918119549751e-03
2.133276760578155518e-01
3.737682010978460312e-03
2.488645017147064209e-01
6.374911754392087460e-04
7.173465192317962646e-02
3.473475575447082520e-01
3.758016973733901978e-04
5.200105905532836914e-01
4.032034892588853836e-03
1.709672957658767700e-01
2.868401408195495605e-01
2.927152253687381744e-02
2.981031537055969238e-01
2.425522543489933014e-02
1.293881535530090332e-01
1.189367771148681641e-01
5.864048376679420471e-02
9.930863231420516968e-02
2.464445382356643677e-01
1.238724775612354279e-02
1.049032062292098999e-01
2.170681059360504150e-01
3.166455775499343872e-02
1.288568675518035889e-01
2.294357568025588989e-01
8.378279395401477814e-03
5.012166500091552734e-01
2.146631479263305664e-03
3.644456863403320312e-01
1.582819409668445587e-02
7.988099753856658936e-02
3.308424651622772217e-01
1.197390258312225342e-02
2.490471303462982178e-01
5.593673884868621826e-02
6.364297866821289062e-02
1.849797815084457397e-01
6.888192892074584961e-02
4.162172600626945496e-02
2.734065651893615723e-01
8.427741006016731262e-03
4.584756121039390564e-02
2.421804219484329224e-01
1.489860191941261292e-02
3.726860284805297852e-01
2.869864925742149353e-03
5.764045193791389465e-02
2.624700665473937988e-01
2.192800305783748627e-02
1.604857668280601501e-02
1.343892067670822144e-01
1.262660622596740723e-01
4.554823040962219238e-02
1.177976876497268677e-01
8.953910320997238159e-02
5.997329577803611755e-02
1.393065750598907471e-01
8.904398977756500244e-02
1.890206634998321533e-01
7.303733378648757935e-02
1.145690605044364929e-01
1.762608438730239868e-01
2.397015318274497986e-02
4.206521809101104736e-02
1.191744580864906311e-01
5.471964180469512939e-02
6.708979606628417969e-02
6.251232326030731201e-02
3.169071972370147705e-01
7.903038640506565571e-04
3.705324977636337280e-02
2.685319185256958008e-01
1.063545513898134232e-02
5.084456875920295715e-02
1.753821820020675659e-01
3.638513758778572083e-02
1.036560982465744019e-01
2.202198803424835205e-01
8.239141898229718208e-04
1.437028348445892334e-01
9.011898934841156006e-02
6.573154032230377197e-02
4.465503245592117310e-02
1.254985928535461426e-01
1.146987378597259521e-01
9.513930976390838623e-02
2.094120979309082031e-01
4.146034829318523407e-03
2.570113241672515869e-01
2.312253694981336594e-03
1.783612743020057678e-02
1.806264668703079224e-01
1.576844789087772369e-02
9.380348026752471924e-02
5.221845954656600952e-02
1.550087332725524902e-01
1.336358487606048584e-02
5.292569398880004883e-01
3.969138197135180235e-04
2.072934508323669434e-01
1.863498240709304810e-01
3.322491049766540527e-02
1.582901477813720703e-01
9.508436918258666992e-02
1.424849480390548706e-01
2.476412057876586914e-02
2.784130275249481201e-01
3.590960986912250519e-03
7.151963710784912109e-01
7.410414982587099075e-04
2.386176437139511108e-01
2.443513125181198120e-01
5.691858381032943726e-02
1.780402064323425293e-01
3.166460990905761719e-01
3.230090439319610596e-02
7.416540384292602539e-01
2.031823620200157166e-03
8.489362895488739014e-02
2.659301757812500000e-01
6.638555973768234253e-02
6.099238246679306030e-02
9.649969637393951416e-02
2.929168641567230225e-01
2.609883248805999756e-02
1.310494840145111084e-01
2.705164551734924316e-01
4.858715087175369263e-02
9.813527017831802368e-02
2.935406565666198730e-01
1.585733518004417419e-02
7.039404660463333130e-02
2.908786535263061523e-01
1.048500649631023407e-02
6.382983922958374023e-02
1.900226920843124390e-01
2.718244493007659912e-02
4.990522563457489014e-02
1.068985760211944580e-01
1.092947870492935181e-01
1.007616370916366577e-01
1.680986583232879639e-01
1.967832818627357483e-02
1.385493576526641846e-01
3.874324262142181396e-02
1.918575167655944824e-01
2.200309187173843384e-02
4.067908227443695068e-02
2.301963865756988525e-01
9.465732611715793610e-03
2.262772433459758759e-02
1.502579152584075928e-01
4.153005778789520264e-02
9.447101503610610962e-02
7.009524852037429810e-02
1.686281114816665649e-01
1.884639635682106018e-02
1.635724008083343506e-01
4.931767284870147705e-02
6.861455738544464111e-02
2.270275652408599854e-01
7.058217190206050873e-03
3.095613792538642883e-02
2.646615505218505859e-01
3.645565360784530640e-03
3.849117755889892578e-01
2.047575078904628754e-03
5.789779592305421829e-03
3.114148378372192383e-01
1.567286625504493713e-02
4.945047199726104736e-02
3.811824321746826172e-01
2.966237720102071762e-03
3.422327712178230286e-02
2.931149601936340332e-01
1.932190731167793274e-02
2.158076688647270203e-02
2.963124513626098633e-01
8.065241388976573944e-03
2.985309362411499023e-01
1.278720889240503311e-02
8.710356056690216064e-02
6.420095264911651611e-02
1.309637129306793213e-01
5.083330720663070679e-02
3.531920313835144043e-01
2.297189785167574883e-04
6.320553421974182129e-01
8.097109198570251465e-02
9.458056092262268066e-02
1.730621159076690674e-01
4.696119204163551331e-02
3.613126277923583984e-01
3.834048751741647720e-03
6.397815942764282227e-01
4.354990553110837936e-03
1.393190491944551468e-02
4.369435906410217285e-01
8.874145150184631348e-02
2.479957044124603271e-01
1.193438842892646790e-01
1.654571890830993652e-01
2.160256206989288330e-01
5.331682041287422180e-02
8.987042307853698730e-02
2.726392745971679688e-01
2.406426891684532166e-02
1.076128333806991577e-01
1.320524811744689941e-01
6.425738334655761719e-02
1.400325894355773926e-01
1.447722017765045166e-01
1.122977882623672485e-01
7.474287599325180054e-02
2.316600829362869263e-01
2.133308723568916321e-02
1.226772442460060120e-01
2.331603467464447021e-01
1.575732976198196411e-02
3.295354843139648438e-01
9.534670971333980560e-03
4.720939695835113525e-02
1.492474675178527832e-01
7.692833244800567627e-02
6.800816953182220459e-02
7.614842057228088379e-02
1.254035681486129761e-01
3.200340270996093750e-02
1.293797492980957031e-01
1.004237756133079529e-01
6.674195826053619385e-02
1.287264525890350342e-01
1.330609172582626343e-01
7.216304540634155273e-02
1.534437686204910278e-01
4.928814247250556946e-02
1.085548773407936096e-01
1.210905238986015320e-01
3.649526834487915039e-02
3.068826794624328613e-01
4.939122125506401062e-03
1.195230800658464432e-02
1.332035809755325317e-01
1.613677144050598145e-01
1.527107134461402893e-02
6.333840638399124146e-02
1.783144474029541016e-01
7.044614851474761963e-02
9.452906996011734009e-02
1.512666344642639160e-01
2.625494450330734253e-02
1.703619807958602905e-01
3.156721591949462891e-02
1.496338248252868652e-01
3.643594682216644287e-02
2.581154704093933105e-01
1.448508235625922680e-03
1.285600364208221436e-01
1.403549611568450928e-01
4.258042573928833008e-02
9.922792017459869385e-02
9.442480653524398804e-02
9.120669960975646973e-02
2.164196968078613281e-01
8.671142160892486572e-03
5.594397783279418945e-01
7.730237557552754879e-04
2.333808392286300659e-01
9.860586374998092651e-02
4.418395459651947021e-02
3.489577770233154297e-01
6.186295766383409500e-03
4.874723553657531738e-01
6.539518479257822037e-03
2.518359422683715820e-01
8.945341408252716064e-02
4.656469449400901794e-02
1.453478932380676270e-01
1.046757996082305908e-01
9.355127066373825073e-02
2.938271760940551758e-01
1.270411442965269089e-02
4.117183983325958252e-01
2.264589443802833557e-02
1.080048922449350357e-02
5.548011511564254761e-02
2.512599229812622070e-01
3.128978610038757324e-02
9.049736708402633667e-02
2.843908667564392090e-01
1.144942641258239746e-02
1.880308091640472412e-01
6.423011422157287598e-02
4.634524136781692505e-02
8.902023732662200928e-02
1.118007302284240723e-01
5.622080713510513306e-02
2.311644554138183594e-01
3.493290022015571594e-02
5.536758899688720703e-02
1.505459547042846680e-01
6.249373406171798706e-02
2.066405564546585083e-01
3.325650840997695923e-02
4.525115340948104858e-02
2.547371685504913330e-01
3.870216384530067444e-02
5.952607840299606323e-02
7.032857835292816162e-02
1.769089698791503906e-01
3.531664609909057617e-02
7.685442268848419189e-02
1.654433310031890869e-01
2.067406289279460907e-02
2.844090163707733154e-01
8.317054249346256256e-03
1.282309740781784058e-01
1.346879899501800537e-01
4.907561466097831726e-02
2.119353264570236206e-01
1.434608548879623413e-02
4.899877905845642090e-01
4.469303530640900135e-04
1.479377411305904388e-02
4.601656794548034668e-01
5.929129663854837418e-03
5.667951703071594238e-01
2.543889917433261871e-03
2.215081453323364258e-01
1.375797092914581299e-01
2.161163464188575745e-02
9.970343112945556641e-02
1.684260070323944092e-01
2.212737314403057098e-02
3.416303992271423340e-01
1.303523196838796139e-03
5.622185468673706055e-01
4.412031732499599457e-03
1.331731583923101425e-02
3.654039204120635986e-01
2.496008761227130890e-02
5.841196328401565552e-02
1.778452396392822266e-01
6.887988746166229248e-02
6.518977135419845581e-02
1.096041351556777954e-01
1.388484835624694824e-01
2.879144251346588135e-02
1.173563748598098755e-01
6.980669498443603516e-02
1.138855516910552979e-01
1.325291693210601807e-01
9.626364707946777344e-02
1.971194297075271606e-01
2.517115511000156403e-02
2.010779678821563721e-01
1.627578400075435638e-02
1.626603305339813232e-01
1.067688167095184326e-01
3.722763061523437500e-02
7.418461143970489502e-02
1.454644948244094849e-01
3.304571285843849182e-02
2.117028385400772095e-01
2.004315331578254700e-02
1.249335557222366333e-01
2.186732366681098938e-02
1.643543690443038940e-01
2.022270858287811279e-02
8.595044165849685669e-02
2.563744187355041504e-01
1.096305437386035919e-02
2.388200312852859497e-01
5.397286266088485718e-03
8.653311431407928467e-02
1.735221743583679199e-01
2.245531603693962097e-02
2.181522250175476074e-01
3.670109808444976807e-02
4.631157964468002319e-02
2.189117670059204102e-01
1.946674287319183350e-02
2.036885619163513184e-01
5.474023893475532532e-02
7.050578296184539795e-02
2.083520293235778809e-01
2.445167489349842072e-02
1.462078392505645752e-01
4.384933039546012878e-02
1.305729597806930542e-01
8.311912417411804199e-02
7.969704270362854004e-02
1.852807700634002686e-01
1.292876899242401123e-02
5.867032706737518311e-02
1.080946028232574463e-01
1.037328690290451050e-01
4.527752101421356201e-02
9.447846561670303345e-02
8.947023004293441772e-02
1.252215206623077393e-01
2.951720952987670898e-01
1.344616641290485859e-03
6.947709321975708008e-01
9.835760283749550581e-05
1.985764801502227783e-01
2.772908210754394531e-01
2.829581312835216522e-02
1.086529493331909180e-01
3.457872867584228516e-01
6.887058727443218231e-03
1.588662713766098022e-01
1.035755574703216553e-01
7.703635841608047485e-02
3.955719470977783203e-01
8.509845938533544540e-04
5.641640424728393555e-01
7.401786744594573975e-03
9.891900420188903809e-02
2.487500607967376709e-01
7.854856550693511963e-02
4.341572523117065430e-02
8.142609894275665283e-02
2.616189718246459961e-01
1.458013989031314850e-02
5.266478657722473145e-01
1.290219835937023163e-03
3.318497911095619202e-02
1.592651456594467163e-01
9.890958666801452637e-02
5.652431398630142212e-02
1.107855588197708130e-01
1.191710531711578369e-01
1.592300236225128174e-01
1.201403960585594177e-01
1.248482912778854370e-01
7.772761583328247070e-02
3.472936153411865234e-01
1.978819025680422783e-03
2.370621263980865479e-01
7.631292939186096191e-02
5.107984319329261780e-02
8.191188424825668335e-02
7.930578291416168213e-02
1.062780320644378662e-01
9.844449907541275024e-02
4.709216952323913574e-02
7.402050495147705078e-02
5.585362389683723450e-02
1.431117951869964600e-01
3.591451421380043030e-02
1.360477507114410400e-01
1.152693927288055420e-01
1.289753913879394531e-01
1.010217294096946716e-01
9.378831088542938232e-02
9.304113686084747314e-02
9.438993036746978760e-02
9.506057202816009521e-02
1.294072270393371582e-01
1.239568740129470825e-01
8.466333150863647461e-02
1.224311888217926025e-01
5.336640402674674988e-02
1.566709280014038086e-01
3.404582291841506958e-02
1.397310197353363037e-01
1.202653795480728149e-01
4.724747687578201294e-02
3.662654459476470947e-01
2.704555634409189224e-03
6.653933972120285034e-02
2.700287103652954102e-01
1.239422708749771118e-02
1.843060851097106934e-01
6.093550473451614380e-02
3.590483218431472778e-02
9.732024371623992920e-02
1.005906760692596436e-01
5.804124474525451660e-02
3.772467970848083496e-01
2.184158889576792717e-03
2.108132839202880859e-01
2.247905880212783813e-01
1.357433479279279709e-02
1.073480919003486633e-01
3.086136579513549805e-01
2.798951696604490280e-03
5.044925212860107422e-01
9.561835322529077530e-04
9.260108321905136108e-02
1.881997734308242798e-01
2.432795614004135132e-02
1.432880312204360962e-01
1.767285466194152832e-01
3.041089698672294617e-02
2.424295097589492798e-01
3.110611438751220703e-02
4.476408660411834717e-02
1.509958505630493164e-01
7.634929567575454712e-02
9.680384397506713867e-02
7.319444417953491211e-02
1.562248170375823975e-01
3.764123097062110901e-02
2.521598339080810547e-01
6.313173472881317139e-02
1.442649029195308685e-02
8.478849381208419800e-02
6.760001182556152344e-02
1.609747409820556641e-01
2.358694002032279968e-02
3.621853590011596680e-01
6.318097934126853943e-03
1.407301723957061768e-01
8.785701543092727661e-02
1.254870593547821045e-01
7.965141534805297852e-02
6.705289334058761597e-02
4.976916015148162842e-01
8.761161006987094879e-05
2.183063328266143799e-01
1.192189157009124756e-01
3.922964259982109070e-02
1.406573504209518433e-01
2.256712019443511963e-01
6.378064304590225220e-02
3.866473734378814697e-01
3.727584611624479294e-03
1.527724862098693848e-01
2.104275226593017578e-01
1.452802959829568863e-02
1.979894638061523438e-01
1.296184957027435303e-01
7.241119444370269775e-02
3.532938361167907715e-01
1.392370276153087616e-02
7.688467502593994141e-01
1.196298515424132347e-03
5.283835530281066895e-02
2.224276959896087646e-01
1.522650122642517090e-01
6.329195946455001831e-02
1.809715330600738525e-01
1.040703654289245605e-01
8.353550732135772705e-02
2.022949159145355225e-01
7.176622748374938965e-02
1.955973953008651733e-01
2.415914461016654968e-02
2.544899582862854004e-01
4.362260922789573669e-02
1.204983741044998169e-01
1.173279583454132080e-01
6.597783416509628296e-02
2.004237473011016846e-01
7.269600033760070801e-02
2.360162436962127686e-01
4.945340380072593689e-02
1.804422885179519653e-01
4.180012643337249756e-02
1.347677856683731079e-01
1.204798817634582520e-01
3.098616376519203186e-02
3.191080093383789062e-01
6.445042323321104050e-03
1.129539310932159424e-01
8.071319758892059326e-02
9.276388585567474365e-02
1.076214239001274109e-01
4.791167750954627991e-02
1.075919941067695618e-01
1.330180764198303223e-01
6.209742650389671326e-02
2.091407328844070435e-01
4.585751146078109741e-02
1.215532869100570679e-01
1.155139803886413574e-01
8.960674703121185303e-02
1.220494881272315979e-01
2.897283434867858887e-02
2.150599658489227295e-01
1.413095556199550629e-02
2.734871506690979004e-01
4.033249337226152420e-03
4.339092597365379333e-02
1.887086629867553711e-01
1.990376599133014679e-02
7.315233349800109863e-02
2.032902836799621582e-01
2.257794886827468872e-02
2.417457103729248047e-01
7.193986326456069946e-03
1.960334777832031250e-01
3.396650031208992004e-02
2.273288071155548096e-01
2.256771177053451538e-02
1.814107745885848999e-01
8.408127725124359131e-02
4.452206194400787354e-02
1.404274553060531616e-01
3.854099661111831665e-02
1.507025510072708130e-01
3.803056478500366211e-02
2.815476655960083008e-01
1.745187863707542419e-02
6.914937496185302734e-02
2.913695275783538818e-01
1.493555679917335510e-02
2.564074397087097168e-01
1.616121642291545868e-02
4.803232848644256592e-02
3.171410560607910156e-01
6.188313709571957588e-04
4.298089146614074707e-01
1.437576254829764366e-03
8.543014526367187500e-02
2.109975665807723999e-01
1.197542529553174973e-02
1.335354000329971313e-01
1.832335889339447021e-01
5.275846272706985474e-02
6.468445062637329102e-01
2.637798897922039032e-04
7.811219990253448486e-02
2.731544971466064453e-01
2.255701273679733276e-02
2.654515393078327179e-02
1.609458029270172119e-01
5.960937216877937317e-02
3.188461065292358398e-01
6.548364646732807159e-03
8.616134524345397949e-01
3.208548296242952347e-03
6.921983510255813599e-02
5.336928367614746094e-01
4.435102920979261398e-03
1.021631583571434021e-01
2.475859969854354858e-01
9.966644644737243652e-02
1.977695077657699585e-01
4.736913740634918213e-02
2.355904877185821533e-01
1.012772768735885620e-01
8.298943936824798584e-02
1.918465048074722290e-01
1.051733195781707764e-01
7.051478326320648193e-02
3.401954770088195801e-01
1.537169888615608215e-02
6.787423044443130493e-02
2.099119871854782104e-01
6.917367130517959595e-02
1.282687783241271973e-01
9.404760599136352539e-02
1.405671238899230957e-01
7.292703539133071899e-02
1.109241992235183716e-01
1.228464469313621521e-01
6.266484409570693970e-02
6.948711723089218140e-02
2.131341248750686646e-01
2.207465097308158875e-02
1.945202499628067017e-01
8.063574135303497314e-02
6.818085163831710815e-02
6.700143218040466309e-02
1.879440248012542725e-01
4.688379168510437012e-02
7.936252653598785400e-02
1.671376526355743408e-01
6.284231692552566528e-02
1.279893368482589722e-01
9.977486729621887207e-02
1.464553624391555786e-01
7.140769064426422119e-02
1.066388487815856934e-01
7.040130347013473511e-02
8.830292522907257080e-02
1.183047592639923096e-01
5.530286207795143127e-02
2.174993455410003662e-01
1.325754448771476746e-02
5.984375253319740295e-02
1.164502725005149841e-01
1.103994846343994141e-01
4.975460842251777649e-02
3.416571617126464844e-01
1.785229425877332687e-03
1.365234255790710449e-01
1.288736313581466675e-01
9.022429585456848145e-02
8.936128020286560059e-02
2.242173105478286743e-01
1.803544536232948303e-02
2.703714668750762939e-01
4.780974984169006348e-02
1.460010111331939697e-01
1.929937005043029785e-01
2.602148428559303284e-02
3.557883948087692261e-02
1.899125874042510986e-01
3.576250374317169189e-02
9.376049041748046875e-02
8.037424832582473755e-02
8.893299102783203125e-02
7.258632779121398926e-02
2.037832438945770264e-01
7.427452597767114639e-03
5.103150010108947754e-02
3.935003876686096191e-01
3.634502354543656111e-04
6.290332227945327759e-02
4.394984245300292969e-01
4.820062778890132904e-03
3.072779178619384766e-01
5.543368309736251831e-02
7.057924568653106689e-02
3.454823493957519531e-01
2.392381057143211365e-02
8.745586872100830078e-02
3.500133752822875977e-01
5.456828698515892029e-02
5.905147641897201538e-02
2.074055969715118408e-01
6.628460437059402466e-02
1.544421166181564331e-01
5.908634886145591736e-02
2.125327289104461670e-01
2.014157176017761230e-02
8.266231417655944824e-02
7.104383409023284912e-02
1.220718473196029663e-01
9.900560975074768066e-02
8.185070008039474487e-02
1.552958786487579346e-01
4.391246289014816284e-02
1.744153797626495361e-01
6.532490998506546021e-02
1.780721545219421387e-01
5.847302824258804321e-02
1.084051355719566345e-01
1.971524506807327271e-01
2.396675385534763336e-02
6.577643752098083496e-02
2.403477430343627930e-01
5.932942032814025879e-03
4.896836355328559875e-02
1.862215995788574219e-01
2.006168290972709656e-02
3.874244540929794312e-02
3.249989151954650879e-01
4.119093064218759537e-03
4.199621826410293579e-02
2.856380343437194824e-01
3.612915426492691040e-02
5.159781873226165771e-02
1.795037537813186646e-01
2.232367172837257385e-02
2.426914572715759277e-01
1.413688156753778458e-02
1.422593146562576294e-01
1.532280445098876953e-01
7.169136404991149902e-02
7.598064094781875610e-02
7.602820545434951782e-02
8.633737266063690186e-02
8.018870651721954346e-02
1.003099530935287476e-01
1.152337044477462769e-01
1.302913278341293335e-01
9.677097201347351074e-02
1.381287127733230591e-01
1.141046434640884399e-01
1.432950198650360107e-01
1.052081137895584106e-01
1.668618172407150269e-01
5.443681031465530396e-02
7.986607402563095093e-02
1.120236143469810486e-01
2.121673226356506348e-01
1.832327619194984436e-02
3.961980044841766357e-01
1.003152923658490181e-03
2.934702904894948006e-03
1.092685386538505554e-01
1.531767100095748901e-01
5.361684784293174744e-02
2.477919459342956543e-01
6.895177997648715973e-03
6.788478493690490723e-01
5.087040335638448596e-05
1.735142916440963745e-01
2.788281142711639404e-01
1.681311242282390594e-02
4.809849262237548828e-01
3.048598393797874451e-02
8.847188949584960938e-02
3.804799318313598633e-01
2.428177371621131897e-02
2.191496342420578003e-01
1.489640623331069946e-01
8.181396126747131348e-02
1.741357594728469849e-01
6.597176194190979004e-02
3.058838844299316406e-01
1.412361767143011093e-02
2.324409037828445435e-01
8.862478286027908325e-02
6.001209840178489685e-02
1.330974102020263672e-01
1.898105144500732422e-01
3.561912104487419128e-02
1.491442918777465820e-01
1.135772466659545898e-01
6.613691151142120361e-02
2.964550256729125977e-01
1.888197474181652069e-02
1.657487452030181885e-01
3.996541723608970642e-02
1.578682065010070801e-01
2.544366195797920227e-02
1.269181370735168457e-01
1.076330840587615967e-01
5.636085569858551025e-02
4.854180216789245605e-01
1.322136493399739265e-03
1.817320287227630615e-01
1.079814583063125610e-01
3.216545283794403076e-02
7.768857479095458984e-02
1.831029355525970459e-01
1.152694076299667358e-01
4.874173179268836975e-02
1.091068089008331299e-01
1.134974509477615356e-01
9.353373944759368896e-02
1.223769187927246094e-01
5.564161390066146851e-02
1.266569197177886963e-01
1.004683151841163635e-01
6.069420650601387024e-02
1.242058873176574707e-01
1.044086068868637085e-01
1.003720015287399292e-01
3.989104554057121277e-02
7.582434266805648804e-02
5.368882417678833008e-02
2.756627202033996582e-01
6.245079450309276581e-03
1.409493982791900635e-01
1.781257688999176025e-01
2.615907974541187286e-02
5.897605791687965393e-02
2.822618484497070312e-01
1.443763449788093567e-02
1.074986457824707031e-01
8.008827269077301025e-02
3.931250423192977905e-02
4.584672451019287109e-01
6.842892616987228394e-04
4.519092142581939697e-01
4.264430142939090729e-03
4.091928899288177490e-02
3.424289524555206299e-01
2.653137780725955963e-03
9.716057032346725464e-02
3.228241205215454102e-01
1.653783023357391357e-02
1.048562824726104736e-01
2.030705064535140991e-01
1.750618033111095428e-02
2.885135710239410400e-01
1.916977763175964355e-02
2.297835946083068848e-01
9.222929179668426514e-02
3.314949572086334229e-02
2.462316006422042847e-01
1.882392540574073792e-02
3.171742707490921021e-02
2.989906370639801025e-01
1.294638589024543762e-02
9.408469498157501221e-02
1.699306219816207886e-01
3.419915214180946350e-02
2.510707080364227295e-01
3.101710230112075806e-02
9.795036911964416504e-02
1.515046060085296631e-01
3.099569678306579590e-02
2.039046287536621094e-01
3.111737780272960663e-02
1.042067483067512512e-01
2.567795515060424805e-01
6.375138182193040848e-03
1.326929330825805664e-01
1.952460259199142456e-01
1.970008388161659241e-02
7.229006290435791016e-02
2.102193832397460938e-01
1.134125702083110809e-02
9.842306375503540039e-02
1.802702397108078003e-01
1.475525368005037308e-02
4.327313229441642761e-02
5.277794599533081055e-01
9.487923671258613467e-05
3.203311562538146973e-01
4.064389318227767944e-02
1.005005538463592529e-01
1.417370736598968506e-01
5.769037455320358276e-02
1.137173846364021301e-01
1.308180093765258789e-01
1.893199086189270020e-01
5.980921164155006409e-02
1.883177012205123901e-01
9.180861711502075195e-02
1.149459928274154663e-01
8.697706460952758789e-02
2.018003463745117188e-01
2.583115920424461365e-02
1.183722615242004395e-01
2.602977156639099121e-01
1.672811061143875122e-02
2.015513479709625244e-01
5.294127017259597778e-02
6.652662903070449829e-02
2.008826434612274170e-01
1.381496805697679520e-02
2.022924423217773438e-01
5.141074582934379578e-02
1.032019555568695068e-01
5.643777176737785339e-02
1.502382159233093262e-01
6.321929395198822021e-02
1.104456111788749695e-01
1.048860996961593628e-01
1.419324278831481934e-01
4.605429247021675110e-02
1.061747521162033081e-01
1.214579790830612183e-01
1.911855340003967285e-01
8.290538936853408813e-02
2.044090926647186279e-01
1.737760752439498901e-02
1.197827979922294617e-01
1.202491819858551025e-01
2.736818790435791016e-02
2.908363938331604004e-01
1.411531679332256317e-02
3.268988132476806641e-01
2.165294019505381584e-03
1.758127808570861816e-01
1.604443937540054321e-01
4.559206217527389526e-02
2.054723203182220459e-01
1.273072510957717896e-01
7.905235141515731812e-02
1.103401035070419312e-01
1.437930464744567871e-01
3.607675060629844666e-02
2.631729543209075928e-01
5.815143231302499771e-03
6.787516176700592041e-02
1.774712055921554565e-01
2.257100492715835571e-02
1.933916509151458740e-01
6.345903873443603516e-02
1.479012072086334229e-01
8.193737268447875977e-02
1.235793605446815491e-01
1.114667057991027832e-01
1.243635341525077820e-01
5.423305928707122803e-02
8.036283403635025024e-02
3.819845914840698242e-01
5.761780776083469391e-04
5.064403414726257324e-01
5.035117501392960548e-04
4.938802719116210938e-01
2.157378569245338440e-02
7.677008956670761108e-02
2.049413621425628662e-01
1.266080886125564575e-01
6.623929738998413086e-02
4.703139066696166992e-01
1.150586409494280815e-03
8.993435651063919067e-02
2.348633557558059692e-01
6.675855815410614014e-02
2.623447403311729431e-02
2.698074579238891602e-01
2.717228233814239502e-02
2.873110175132751465e-01
1.248186454176902771e-02
5.701060295104980469e-01
1.339510548859834671e-03
8.215990662574768066e-02
2.475515455007553101e-01
3.241596743464469910e-02
4.225541651248931885e-02
1.092779338359832764e-01
1.669578552246093750e-01
6.399998813867568970e-02
1.775938868522644043e-01
6.775616109371185303e-02
1.710815131664276123e-01
1.787805408239364624e-01
8.822667598724365234e-02
3.388059139251708984e-01
1.011363416910171509e-02
4.490163326263427734e-01
1.404218282550573349e-02
1.197550147771835327e-01
2.170242518186569214e-01
8.580321818590164185e-02
4.449483007192611694e-02
1.555612236261367798e-01
4.213913530111312866e-02
7.457299530506134033e-02
3.610966205596923828e-01
1.747845439240336418e-03
2.426449954509735107e-01
6.719784438610076904e-02
6.485545635223388672e-02
1.631901860237121582e-01
5.051118880510330200e-02
2.060730755329132080e-01
6.329210102558135986e-02
2.833352982997894287e-01
1.528132613748311996e-02
2.348416745662689209e-01
4.999902471899986267e-02
4.047844558954238892e-02
7.973653078079223633e-02
8.741812407970428467e-02
9.907899051904678345e-02
8.467613160610198975e-02
1.686616837978363037e-01
2.167710661888122559e-02
1.140133142471313477e-01
2.159330546855926514e-01
3.624267131090164185e-02
1.647616326808929443e-01
8.314467966556549072e-02
1.167032867670059204e-01
9.533445537090301514e-02
6.304494291543960571e-02
1.193759739398956299e-01
1.329477578401565552e-01
6.848151981830596924e-02
2.424748837947845459e-01
1.986037567257881165e-02
1.223799437284469604e-01
1.210841387510299683e-01
4.691062867641448975e-02
6.662553548812866211e-02
2.721144556999206543e-01
1.410029642283916473e-02
6.000468730926513672e-01
3.036374109797179699e-04
1.007307022809982300e-01
1.790897250175476074e-01
3.617367893457412720e-02
1.077301353216171265e-01
1.858131140470504761e-01
4.988924413919448853e-02
2.282961755990982056e-01
4.752191156148910522e-02
1.704882085323333740e-01
3.229440748691558838e-02
9.856784343719482422e-02
1.244250833988189697e-01
3.791586682200431824e-02
1.518134474754333496e-01
7.295446842908859253e-02
4.715234413743019104e-02
2.668273448944091797e-01
1.022401638329029083e-02
3.730157017707824707e-01
3.429755568504333496e-03
6.069406494498252869e-02
2.681254744529724121e-01
1.174422446638345718e-03
1.568993479013442993e-01
1.430537998676300049e-01
2.918706275522708893e-02
8.410895615816116333e-02
1.656017005443572998e-01
3.351696580648422241e-02
2.157198190689086914e-01
2.881112508475780487e-02
5.031223297119140625e-01
1.782567822374403477e-03
7.632549107074737549e-02
2.509399652481079102e-01
3.577785566449165344e-03
4.611854255199432373e-02
4.200078845024108887e-01
1.449847477488219738e-03
4.974459111690521240e-01
2.122123166918754578e-02
3.774844855070114136e-02
2.969335913658142090e-01
8.431690745055675507e-03
6.250006705522537231e-02
2.588239312171936035e-01
1.777289994060993195e-02
4.440975934267044067e-02
2.134436070919036865e-01
4.138235002756118774e-02
3.234586864709854126e-02
2.122114896774291992e-01
1.875377818942070007e-02
2.023616433143615723e-01
5.810467898845672607e-02
9.978766739368438721e-02
2.099051922559738159e-01
1.365370750427246094e-01
7.403688877820968628e-02
6.766210496425628662e-02
1.349368095397949219e-01
1.065535321831703186e-01
1.843140572309494019e-01
4.431883245706558228e-02
1.032366678118705750e-01
1.624221652746200562e-01
3.762089833617210388e-02
2.263672649860382080e-01
2.955608628690242767e-02
2.978827059268951416e-01
1.754242181777954102e-02
1.208877712488174438e-01
1.790370345115661621e-01
3.822659328579902649e-02
1.214995011687278748e-01
1.218609064817428589e-01
4.815883189439773560e-02
1.651771962642669678e-01
6.599877029657363892e-02
7.173825800418853760e-02
6.401833891868591309e-02
5.175671726465225220e-02
1.477044224739074707e-01
1.836162060499191284e-02
2.168984413146972656e-01
2.340554259717464447e-02
1.255535483360290527e-01
1.095385774970054626e-01
2.504614889621734619e-01
1.263603288680315018e-02
6.087663173675537109e-01
1.822696765884757042e-03
6.541351974010467529e-02
1.608436107635498047e-01
8.157961070537567139e-02
1.237274035811424255e-01
5.178957432508468628e-02
2.148013710975646973e-01
4.210875183343887329e-02
2.094430923461914062e-01
1.048292666673660278e-01
6.166416406631469727e-02
2.279347181320190430e-01
1.422237418591976166e-02
8.831327408552169800e-02
1.120446324348449707e-01
4.115280508995056152e-02
7.469230890274047852e-02
1.584372669458389282e-01
4.386991262435913086e-02
3.046856522560119629e-01
3.312134649604558945e-03
2.500768601894378662e-01
1.730978116393089294e-02
4.362010210752487183e-02
1.696976572275161743e-01
2.534449286758899689e-02
8.208765089511871338e-02
1.685099005699157715e-01
3.553005680441856384e-02
8.566714078187942505e-02
1.495619118213653564e-01
7.144966721534729004e-02
4.472231119871139526e-02
1.237042844295501709e-01
7.946440577507019043e-02
5.381722003221511841e-02
1.211041212081909180e-01
6.113456934690475464e-02
1.450226306915283203e-01
7.409363240003585815e-02
1.519760191440582275e-01
4.269310086965560913e-02
1.271894723176956177e-01
8.412836492061614990e-02
4.527843371033668518e-02
1.355783343315124512e-01
7.985235005617141724e-02
9.224508702754974365e-02
2.649676203727722168e-01
9.402118623256683350e-03
1.227369979023933411e-01
1.715151369571685791e-01
1.517332158982753754e-02
6.215383112430572510e-02
9.297540038824081421e-02
2.248170375823974609e-01
1.842940784990787506e-02
2.238664627075195312e-01
3.753499686717987061e-02
1.797388307750225067e-02
9.154838323593139648e-02
1.868121325969696045e-01
2.373025193810462952e-02
9.315821528434753418e-02
5.108320713043212891e-02
1.034996584057807922e-01
2.261767536401748657e-01
1.409024186432361603e-02
1.449663937091827393e-01
5.121041089296340942e-02
1.622496992349624634e-01
1.990181766450405121e-02
7.731904834508895874e-02
1.687579303979873657e-01
8.892573416233062744e-02
2.180429697036743164e-01
3.336882218718528748e-02
1.434116363525390625e-01
3.678628057241439819e-02
1.369736194610595703e-01
3.022570163011550903e-02
3.339948877692222595e-02
1.689050048589706421e-01
2.813756652176380157e-02
2.076242715120315552e-01
2.237127348780632019e-02
7.600490748882293701e-02
8.565273135900497437e-02
9.700895845890045166e-02
3.363694623112678528e-02
1.385320127010345459e-01
3.056845255196094513e-02
1.456312388181686401e-01
4.479990154504776001e-02
8.808182179927825928e-02
1.325226873159408569e-01
3.798493742942810059e-02
1.347791254520416260e-01
3.895431384444236755e-02
9.676573425531387329e-02
8.139998465776443481e-02
4.243669658899307251e-02
1.084435433149337769e-01
7.000856846570968628e-02
8.627088367938995361e-02
3.560112416744232178e-02
1.018537580966949463e-01
1.066646650433540344e-01
1.743222214281558990e-02
3.027573227882385254e-01
2.276070415973663330e-03
8.666976690292358398e-01
3.501979401335120201e-03
1.996023654937744141e-01
9.190305322408676147e-02
1.456348299980163574e-01
1.731236875057220459e-01
8.659736812114715576e-02
2.079032063484191895e-01
7.745084166526794434e-02
2.207402288913726807e-01
9.331539273262023926e-02
1.510370224714279175e-01
7.366503775119781494e-02
6.246535181999206543e-01
4.286907642381265759e-05
7.624453902244567871e-01
2.743065415415912867e-04
7.680647969245910645e-01
8.761142380535602570e-03
5.840943660587072372e-03
1.746174693107604980e-01
2.755125761032104492e-01
4.990106076002120972e-02
4.565305113792419434e-01
5.461447406560182571e-03
5.567368268966674805e-01
4.969707876443862915e-02
8.947780728340148926e-02
2.913876175880432129e-01
5.693549662828445435e-02
1.563314646482467651e-01
1.257700324058532715e-01
2.536662817001342773e-01
5.358370393514633179e-02
5.028871297836303711e-01
1.771483453921973705e-03
9.314345195889472961e-03
5.178150534629821777e-01
1.652559265494346619e-02
5.070452764630317688e-02
6.094576120376586914e-01
3.927626647055149078e-03
1.766281425952911377e-01
2.542731761932373047e-01
3.131340071558952332e-02
7.207933813333511353e-02
4.129391908645629883e-01
4.403778910636901855e-02
3.124748468399047852e-01
7.915982604026794434e-02
2.095952928066253662e-01
8.674431592226028442e-02
1.092880070209503174e-01
6.689839065074920654e-02
1.492798328399658203e-01
1.453780829906463623e-01
5.960896983742713928e-02
1.417487561702728271e-01
7.294836640357971191e-02
8.844981342554092407e-02
1.370016485452651978e-01
1.062624007463455200e-01
7.575058192014694214e-02
1.163194254040718079e-01
1.562442034482955933e-01
8.424273133277893066e-02
2.453451454639434814e-01
1.270459778606891632e-02
4.547699540853500366e-02
2.159720212221145630e-01
2.998210676014423370e-02
8.893293887376785278e-02
2.873080074787139893e-01
2.393062785267829895e-02
8.405789732933044434e-02
1.385602653026580811e-01
8.018826693296432495e-02
1.131472811102867126e-01
1.272271126508712769e-01
1.036666184663772583e-01
2.129280418157577515e-01
2.898186072707176208e-02
1.588944941759109497e-01
1.190161034464836121e-01
5.276153981685638428e-02
3.943604230880737305e-01
5.578759126365184784e-03
3.494297266006469727e-01
1.220826245844364166e-02
2.451184205710887909e-02
1.858681440353393555e-01
4.267554730176925659e-02
2.025139331817626953e-01
8.702175319194793701e-02
2.248803675174713135e-01
1.640826091170310974e-02
1.166208758950233459e-01
1.009490117430686951e-01
1.055868417024612427e-01
9.819965064525604248e-02
2.528469562530517578e-01
8.102443069219589233e-03
2.031906694173812866e-01
5.409887060523033142e-02
3.498699516057968140e-02
1.500762104988098145e-01
2.681278437376022339e-02
7.003415375947952271e-02
1.288633048534393311e-01
1.660708934068679810e-01
2.045766636729240417e-02
1.388188302516937256e-01
9.082043170928955078e-02
3.810243308544158936e-02
8.361645042896270752e-02
1.006689667701721191e-01
7.410220801830291748e-02
8.424447476863861084e-02
7.446701824665069580e-02
1.620788276195526123e-01
4.005350172519683838e-02
2.155438214540481567e-01
3.953078761696815491e-02
1.010706573724746704e-01
1.183178126811981201e-01
2.162795886397361755e-02
5.813855305314064026e-02
7.571555674076080322e-02
8.925536274909973145e-02
3.573358431458473206e-02
1.183923780918121338e-01
4.632296785712242126e-02
5.125281959772109985e-02
1.158861815929412842e-01
3.071040660142898560e-02
1.347657442092895508e-01
6.581255048513412476e-02
7.679961621761322021e-02
1.452422738075256348e-01
3.745680674910545349e-02
1.404346823692321777e-01
6.221338361501693726e-02
7.024598121643066406e-02
1.931188106536865234e-01
3.852870687842369080e-02
1.091086715459823608e-01
2.247394919395446777e-01
6.530101411044597626e-03
2.330359816551208496e-01
1.476902328431606293e-02
3.278331458568572998e-02
1.186378225684165955e-01
1.241471916437149048e-01
4.307467117905616760e-02
2.628105282783508301e-01
1.257093995809555054e-02
1.954593360424041748e-01
2.990263514220714569e-02
5.870727077126502991e-02
1.544934660196304321e-01
4.381553456187248230e-02
7.737162709236145020e-02
1.226678043603897095e-01
6.043039634823799133e-02
2.663529515266418457e-01
5.410936195403337479e-03
4.476121366024017334e-01
4.545582458376884460e-03
9.635194204747676849e-03
8.357898145914077759e-02
1.846524477005004883e-01
2.933200262486934662e-02
1.725699007511138916e-01
6.607016921043395996e-02
3.742941617965698242e-01
2.922991523519158363e-03
6.406786441802978516e-01
7.820972823537886143e-04
1.868483424186706543e-02
2.983645498752593994e-01
7.649482227861881256e-03
5.435694754123687744e-02
2.088342159986495972e-01
1.941564306616783142e-02
2.018517255783081055e-01
2.055508196353912354e-01
2.376763522624969482e-02
1.219778507947921753e-01
1.442349851131439209e-01
7.395243644714355469e-02
1.412919461727142334e-01
7.519190013408660889e-02
3.838156908750534058e-02
1.124373525381088257e-01
1.596349775791168213e-01
4.163831099867820740e-02
1.328930258750915527e-01
1.215978115797042847e-01
1.040358096361160278e-01
2.091675847768783569e-01
6.302340328693389893e-02
3.764378130435943604e-01
6.003266666084527969e-03
5.642442405223846436e-02
1.456535756587982178e-01
1.219137981534004211e-01
1.544035132974386215e-02
7.391225546598434448e-02
2.305709570646286011e-01
2.561089023947715759e-02
1.870561242103576660e-01
6.975512206554412842e-02
5.874607712030410767e-02
1.465098410844802856e-01
5.325431749224662781e-02
6.182270124554634094e-02
2.332688868045806885e-01
1.586161553859710693e-02
3.097384274005889893e-01
2.590926736593246460e-02
6.913738697767257690e-02
1.590713858604431152e-01
3.860081359744071960e-02
7.700079679489135742e-02
2.019906044006347656e-01
1.874943450093269348e-02
8.151645958423614502e-02
2.284576892852783203e-01
1.420093514025211334e-02
8.250629901885986328e-02
8.087921887636184692e-02
7.905052602291107178e-02
3.816299885511398315e-02
2.851210236549377441e-01
9.342992678284645081e-03
5.559513568878173828e-01
7.100716698914766312e-03
3.630076944828033447e-01
2.693054080009460449e-02
3.145619928836822510e-01
3.996041417121887207e-02
1.927564442157745361e-01
1.390488743782043457e-01
3.357185795903205872e-02
5.184075832366943359e-01
6.504594348371028900e-04
3.748826980590820312e-01
9.304165095090866089e-02
4.389180615544319153e-02
1.042058765888214111e-01
1.785581409931182861e-01
9.183795750141143799e-02
3.058130741119384766e-01
2.128080278635025024e-02
1.032839864492416382e-01
1.563038378953933716e-01
6.840573251247406006e-02
5.260910093784332275e-02
2.230933308601379395e-01
2.639139629900455475e-02
1.304701268672943115e-01
2.254648208618164062e-01
1.710145175457000732e-02
1.553183794021606445e-01
8.265244215726852417e-02
6.522140651941299438e-02
7.926875352859497070e-02
9.464551508426666260e-02
1.124492585659027100e-01
7.286205887794494629e-02
5.876861140131950378e-02
1.540488898754119873e-01
3.991607576608657837e-02
1.762062013149261475e-01
4.426668956875801086e-02
2.731765806674957275e-01
1.910698972642421722e-02
5.977742373943328857e-02
2.125184237957000732e-01
5.375702679157257080e-02
1.431358456611633301e-01
1.612242758274078369e-01
5.078302696347236633e-02
7.657931745052337646e-02
1.365723162889480591e-01
6.676769256591796875e-02
1.275372803211212158e-01
8.631797134876251221e-02
1.915134191513061523e-01
4.468793421983718872e-02
8.201131224632263184e-02
1.229853332042694092e-01
5.693513154983520508e-02
2.215071171522140503e-01
2.573977783322334290e-02
1.337548196315765381e-01
1.057647168636322021e-01
2.940282039344310760e-02
1.241456270217895508e-01
1.183283552527427673e-01
3.019843995571136475e-02
1.135053187608718872e-01
1.118038594722747803e-01
8.744005113840103149e-02
2.400675415992736816e-01
8.153781294822692871e-03
1.513976603746414185e-01
1.350995004177093506e-01
2.131362631916999817e-02
1.276230663061141968e-01
8.060448616743087769e-02
3.316139802336692810e-02
2.447076737880706787e-01
2.746205590665340424e-02
2.531716525554656982e-01
6.644535809755325317e-03
1.401871442794799805e-01
6.625463068485260010e-02
5.263852328062057495e-02
1.975980401039123535e-01
2.543195150792598724e-02
1.747603714466094971e-01
2.472021430730819702e-02
2.302894890308380127e-01
2.619879320263862610e-02
1.705021858215332031e-01
4.400854557752609253e-02
1.021501794457435608e-01
8.728143572807312012e-02
3.513246029615402222e-02
2.140210270881652832e-01
9.155280888080596924e-03
1.477515548467636108e-01
5.903661623597145081e-02
7.265949994325637817e-02
1.272593438625335693e-01
9.170094132423400879e-02
1.185191124677658081e-01
4.922854900360107422e-02
1.338923424482345581e-01
6.575040519237518311e-02
5.382955074310302734e-02
2.029716372489929199e-01
7.725731004029512405e-03
3.380073010921478271e-01
5.759174469858407974e-03
4.454147815704345703e-02
4.914700984954833984e-01
1.298444112762808800e-04
3.979939818382263184e-01
4.393889382481575012e-02
1.899358332157135010e-01
1.870819926261901855e-02
8.879464864730834961e-01
6.050536758266389370e-04
1.305370032787322998e-01
2.735739648342132568e-01
6.204212829470634460e-02
9.717024862766265869e-02
2.733588218688964844e-01
2.386555820703506470e-02
2.335340976715087891e-01
6.195731461048126221e-02
2.594026923179626465e-01
3.344187512993812561e-02
5.005118250846862793e-01
4.464401397854089737e-03
7.390480041503906250e-01
6.438633427023887634e-03
1.231529265642166138e-01
2.684572041034698486e-01
9.168568253517150879e-02
1.336685419082641602e-01
2.572571933269500732e-01
5.885881930589675903e-02
1.592338681221008301e-01
1.525877416133880615e-01
1.757101714611053467e-01
4.828853905200958252e-02
8.555510044097900391e-01
2.170885854866355658e-04
1.153182797133922577e-02
2.420145869255065918e-01
8.211816847324371338e-02
5.561655759811401367e-02
1.556184440851211548e-01
1.628924608230590820e-01
1.006847769021987915e-01
3.507319986820220947e-01
1.824083924293518066e-02
1.319590806961059570e-01
2.325085252523422241e-01
5.906011536717414856e-02
7.490780949592590332e-02
1.243680119514465332e-01
2.190359085798263550e-01
9.615460038185119629e-02
1.206305921077728271e-01
1.888426691293716431e-01
3.391024470329284668e-02
2.604241073131561279e-01
4.620283469557762146e-02
1.566505283117294312e-01
1.141802668571472168e-01
1.335404217243194580e-01
9.388916194438934326e-02
8.495779335498809814e-02
1.353431940078735352e-01
1.349048465490341187e-01
9.464184939861297607e-02
3.048656582832336426e-01
1.932651363313198090e-02
8.478436619043350220e-02
2.341530025005340576e-01
3.412270545959472656e-02
6.566424667835235596e-02
3.009546101093292236e-01
2.267111092805862427e-02
2.753490209579467773e-01
4.624879360198974609e-02
5.365838110446929932e-02
1.468807607889175415e-01
6.648136675357818604e-02
1.427852809429168701e-01
9.093999117612838745e-02
1.176101714372634888e-01
1.222498193383216858e-01
9.791135787963867188e-02
2.134205996990203857e-01
3.550699725747108459e-02
9.653518348932266235e-02
1.773355305194854736e-01
3.102323785424232483e-02
9.727369993925094604e-02
1.740063130855560303e-01
3.429444879293441772e-02
6.097967922687530518e-02
1.445485651493072510e-01
1.044066697359085083e-01
4.135159403085708618e-02
1.931558102369308472e-01
2.636083401739597321e-02
6.163289397954940796e-02
1.362142711877822876e-01
6.033338978886604309e-02
8.874521404504776001e-02
8.189663290977478027e-02
1.073384732007980347e-01
1.226769015192985535e-01
8.065360784530639648e-02
7.544620335102081299e-02
1.152634322643280029e-01
7.813064754009246826e-02
9.429828822612762451e-02
6.751841306686401367e-02
6.948156654834747314e-02
1.224412098526954651e-01
1.114071011543273926e-01
8.479606360197067261e-02
1.755549013614654541e-01
1.853428967297077179e-02
9.454715251922607422e-02
1.518531143665313721e-01
8.008185029029846191e-02
9.358957409858703613e-02
2.145207524299621582e-01
9.197193197906017303e-03
2.539309561252593994e-01
1.148330047726631165e-02
1.921731829643249512e-01
3.158010169863700867e-02
1.386050283908843994e-01
9.401859343051910400e-02
6.412254273891448975e-02
1.135267093777656555e-01
1.184060722589492798e-01
1.173012629151344299e-01
5.302584543824195862e-02
1.317563951015472412e-01
1.044263616204261780e-01
1.333999335765838623e-01
6.750355660915374756e-02
9.499209374189376831e-02
8.494722843170166016e-02
1.311706602573394775e-01
5.444314330816268921e-02
9.221268445253372192e-02
7.305525243282318115e-02
5.862645059823989868e-02
1.050249412655830383e-01
6.811518222093582153e-02
8.415523916482925415e-02
1.160910427570343018e-01
2.718075737357139587e-02
1.393109858036041260e-01
6.310908496379852295e-02
6.212584674358367920e-02
1.451261639595031738e-01
6.535710394382476807e-02
2.605326771736145020e-01
1.579907350242137909e-02
1.089353486895561218e-01
1.184111684560775757e-01
7.727896422147750854e-02
4.014683887362480164e-02
1.678424179553985596e-01
1.617640629410743713e-02
1.624521613121032715e-01
1.099809259176254272e-01
3.813678771257400513e-02
2.289252281188964844e-01
3.470483422279357910e-02
8.918829262256622314e-02
8.584477007389068604e-02
7.452821731567382812e-02
7.746964693069458008e-02
8.689448982477188110e-02
6.613887846469879150e-02
2.540439963340759277e-01
8.116819895803928375e-03
5.468467473983764648e-01
5.869177170097827911e-03
5.827946662902832031e-01
3.614539164118468761e-04
3.010872602462768555e-01
6.268523633480072021e-02
8.712019026279449463e-02
6.703138351440429688e-02
2.299339324235916138e-01
2.068494260311126709e-02
7.067430615425109863e-01
6.141402409411966801e-04
2.935293316841125488e-01
1.669747382402420044e-01
3.403987362980842590e-02
1.124142631888389587e-01
1.980901658535003662e-01
5.123453587293624878e-02
8.337628096342086792e-02
1.217515617609024048e-01
8.912584930658340454e-02
1.660990417003631592e-01
1.069837063550949097e-01
1.704455614089965820e-01
4.398658126592636108e-02
3.931397199630737305e-01
4.397170618176460266e-03
2.012681961059570312e-02
2.379763424396514893e-01
5.377302318811416626e-02
7.905371487140655518e-02
1.442586332559585571e-01
1.039153337478637695e-01
9.958428144454956055e-02
1.696659326553344727e-01
3.017894551157951355e-02
8.135418593883514404e-02
1.107065975666046143e-01
7.608834654092788696e-02
1.479369997978210449e-01
4.433374106884002686e-02
1.296461820602416992e-01
1.312275379896163940e-01
5.771716311573982239e-02
2.591424584388732910e-01
1.461826730519533157e-02
1.599304676055908203e-01
7.903409004211425781e-02
1.011719554662704468e-01
1.604092419147491455e-01
6.938260048627853394e-02
2.776690125465393066e-01
2.418613433837890625e-02
1.116624549031257629e-01
1.821340769529342651e-01
2.926021441817283630e-02
3.396597504615783691e-02
2.319755107164382935e-01
5.208995193243026733e-02
7.012858986854553223e-02
1.250238567590713501e-01
8.769056946039199829e-02
9.880540519952774048e-02
6.896571069955825806e-02
1.311029791831970215e-01
8.383950591087341309e-02
3.184862732887268066e-01
3.848905442282557487e-03
2.199291735887527466e-01
6.632523238658905029e-02
4.267165437340736389e-02
1.237611621618270874e-01
7.476277649402618408e-02
7.707113027572631836e-02
1.448054760694503784e-01
8.140342682600021362e-02
4.778267443180084229e-02
3.471221029758453369e-01
1.043316256254911423e-02
6.083037704229354858e-02
8.940313756465911865e-02
5.977224931120872498e-02
7.255676388740539551e-02
9.210813045501708984e-02
4.591657221317291260e-02
1.409697830677032471e-01
1.351499855518341064e-01
6.431871652603149414e-02
1.673896759748458862e-01
2.161692082881927490e-02
4.238801822066307068e-02
1.580761671066284180e-01
4.498584568500518799e-02
2.808062434196472168e-01
2.256426587700843811e-02
2.986229062080383301e-01
2.355188596993684769e-03
5.304244756698608398e-01
7.456654217094182968e-03
1.775980889797210693e-01
1.272347420454025269e-01
4.571263492107391357e-02
4.808894991874694824e-01
1.452624332159757614e-03
2.433044314384460449e-01
4.544356465339660645e-02
2.963843569159507751e-02
3.991589546203613281e-01
3.151723183691501617e-03
8.889814615249633789e-01
5.989594137645326555e-05
1.050461679697036743e-01
2.268254309892654419e-01
2.609676495194435120e-02
1.901157200336456299e-01
2.411459684371948242e-01
2.981744334101676941e-02
7.334097623825073242e-01
9.820129722356796265e-03
4.351215362548828125e-01
2.738021314144134521e-02
6.636714935302734375e-02
2.086096256971359253e-01
8.186887204647064209e-02
1.405405849218368530e-01
2.447831481695175171e-01
1.959851756691932678e-02
4.029388129711151123e-01
2.684253640472888947e-02
1.546141654253005981e-01
9.680764377117156982e-02
1.432039886713027954e-01
9.626967459917068481e-02
1.518037319183349609e-01
1.881788074970245361e-01
7.945930957794189453e-02
1.574759483337402344e-01
1.939923763275146484e-01
6.757974624633789062e-02
1.633073985576629639e-01
1.471639871597290039e-01
4.054294526576995850e-02
7.007626444101333618e-02
1.345000416040420532e-01
1.227857619524002075e-01
1.011360734701156616e-01
1.557161211967468262e-01
8.459495007991790771e-02
1.511704027652740479e-01
2.071506083011627197e-01
4.192806035280227661e-02
8.346046507358551025e-02
2.625381350517272949e-01
3.783382102847099304e-02
8.832366019487380981e-02
1.862847805023193359e-01
8.062294125556945801e-02
1.058292984962463379e-01
1.515905559062957764e-01
1.010203734040260315e-01
8.730672299861907959e-02
1.619012653827667236e-01
8.569055050611495972e-02
1.452260911464691162e-01
5.702069774270057678e-02
1.158738136291503906e-01
1.259613782167434692e-01
9.056067466735839844e-02
6.405881047248840332e-02
1.239113658666610718e-01
9.895281493663787842e-02
4.090845584869384766e-02
1.367989033460617065e-01
6.538046151399612427e-02
6.187539547681808472e-02
9.656708687543869019e-02
1.176898255944252014e-01
7.596221566200256348e-02
5.866896733641624451e-02
1.867572069168090820e-01
3.107657842338085175e-02
6.591071188449859619e-02
1.570902764797210693e-01
9.200160205364227295e-02
7.376492023468017578e-02
8.442682027816772461e-02
1.930745542049407959e-01
5.519311502575874329e-02
9.863367676734924316e-02
1.250807642936706543e-01
6.010054796934127808e-02
1.728617697954177856e-01
3.679721802473068237e-02
2.190641611814498901e-01
5.600494518876075745e-02
8.415596932172775269e-02
2.002237886190414429e-01
2.567698433995246887e-02
1.900458782911300659e-01
4.764447361230850220e-02
1.540207564830780029e-01
5.628605186939239502e-02
6.767586618661880493e-02
1.130977272987365723e-01
5.320195481181144714e-02
2.844312787055969238e-01
6.764248479157686234e-03
7.237514853477478027e-02
3.236835002899169922e-01
4.757312126457691193e-03
1.453656256198883057e-01
1.158569082617759705e-01
3.390980511903762817e-02
1.326780319213867188e-01
8.851421624422073364e-02
7.599060237407684326e-02
2.088558822870254517e-01
1.884709671139717102e-02
1.571172177791595459e-01
6.607303768396377563e-02
9.794716536998748779e-02
1.251095831394195557e-01
4.626598954200744629e-02
2.098539769649505615e-01
3.212523460388183594e-02
8.786592632532119751e-02
2.059584856033325195e-01
3.562723100185394287e-02
1.375433504581451416e-01
1.292626559734344482e-01
4.121125489473342896e-02
6.899646669626235962e-02
1.082371696829795837e-01
7.932762801647186279e-02
1.056775152683258057e-01
6.574408710002899170e-02
1.397425234317779541e-01
1.048364043235778809e-01
8.090306818485260010e-02
2.633123397827148438e-01
1.584059000015258789e-02
3.325906097888946533e-01
1.201469544321298599e-02
2.356970310211181641e-01
3.325922787189483643e-02
1.104595586657524109e-01
6.757622212171554565e-02
1.063909456133842468e-01
1.009619086980819702e-01
1.126719415187835693e-01
1.054250746965408325e-01
1.152996569871902466e-01
1.468240022659301758e-01
5.002042651176452637e-02
2.153989672660827637e-01
9.962091222405433655e-03
2.703400254249572754e-01
3.208395093679428101e-02
6.972785294055938721e-02
1.319497227668762207e-01
5.134346708655357361e-02
1.159549579024314880e-01
8.851067721843719482e-02
1.058313846588134766e-01
9.480971097946166992e-02
1.131811589002609253e-01
7.594347000122070312e-02
1.262046694755554199e-01
7.996895909309387207e-02
5.436670780181884766e-02
1.069582775235176086e-01
1.275716722011566162e-01
8.912153542041778564e-02
7.546168565750122070e-02
1.403244733810424805e-01
4.547008126974105835e-02
1.538194119930267334e-01
5.871763452887535095e-02
1.787460744380950928e-01
3.051959909498691559e-02
2.860016822814941406e-01
7.775165140628814697e-03
1.122305840253829956e-01
8.559861779212951660e-02
2.914324961602687836e-02
8.940373361110687256e-02
1.319022774696350098e-01
4.209703207015991211e-02
1.477188467979431152e-01
9.287032485008239746e-02
1.147866100072860718e-01
4.068408533930778503e-02
9.952510893344879150e-02
1.030487269163131714e-01
6.731380522251129150e-02
2.248036563396453857e-01
1.038634590804576874e-02
2.396134436130523682e-01
3.100553713738918304e-02
8.499696850776672363e-02
1.437091231346130371e-01
3.315043076872825623e-02
1.783221364021301270e-01
4.162026569247245789e-02
1.231009364128112793e-01
1.537241339683532715e-01
2.041877619922161102e-02
3.476324379444122314e-01
1.348916068673133850e-02
3.298142254352569580e-01
3.232507966458797455e-03
2.547103762626647949e-01
1.030485238879919052e-02
1.063889488577842712e-01
1.714175045490264893e-01
3.906188160181045532e-02
4.904671907424926758e-01
2.018738165497779846e-02
5.223661661148071289e-01
5.055422894656658173e-03
3.922736644744873047e-01
8.630439639091491699e-02
4.199507087469100952e-02
1.045232638716697693e-01
1.806482672691345215e-01
4.500458762049674988e-02
5.468791723251342773e-01
4.680006531998515129e-04
6.060065031051635742e-01
1.056940667331218719e-02
1.118977516889572144e-01
2.974565327167510986e-01
1.000033169984817505e-01
2.187092304229736328e-01
1.803867220878601074e-01
1.143533140420913696e-01
3.612535297870635986e-01
3.715339349582791328e-03
3.787990212440490723e-01
2.427946962416172028e-02
6.972174346446990967e-02
4.596521258354187012e-01
1.829891698434948921e-03
3.236685991287231445e-01
6.315122544765472412e-02
7.149922847747802734e-02
3.702001571655273438e-01
7.502771914005279541e-03
4.315434694290161133e-01
2.080334350466728210e-02
9.500165283679962158e-02
1.712933778762817383e-01
9.115486592054367065e-02
6.721718609333038330e-02
2.389957457780838013e-01
2.776823006570339203e-02
3.810978531837463379e-01
1.442139595746994019e-02
1.035251095890998840e-01
1.209149509668350220e-01
9.570132195949554443e-02
4.673922434449195862e-02
1.316951811313629150e-01
2.325105667114257812e-01
2.635862678289413452e-02
1.612398922443389893e-01
1.179619282484054565e-01
8.302459865808486938e-02
1.962044835090637207e-01
1.230053752660751343e-01
8.632239699363708496e-02
1.649059653282165527e-01
5.560068786144256592e-02
4.704690724611282349e-02
1.980512738227844238e-01
2.400816977024078369e-02
1.439093798398971558e-01
8.681252598762512207e-02
9.727929532527923584e-02
7.994552701711654663e-02
4.945107549428939819e-02
2.448581457138061523e-01
2.789664268493652344e-02
3.262770175933837891e-01
1.538056973367929459e-02
1.691183149814605713e-01
6.151858717203140259e-02
6.458748877048492432e-02
1.253685355186462402e-01
1.125734895467758179e-01
7.177858799695968628e-02
1.871103942394256592e-01
3.289866447448730469e-02
1.811984032392501831e-01
4.658671468496322632e-02
4.433988779783248901e-02
9.128719568252563477e-02
1.230033561587333679e-01
6.839010119438171387e-02
1.939673721790313721e-01
4.083549976348876953e-02
1.640320271253585815e-01
4.830453544855117798e-02
8.444012701511383057e-02
1.190665960311889648e-01
1.280479580163955688e-01
7.290735840797424316e-02
6.564159691333770752e-02
1.081912815570831299e-01
9.377127885818481445e-02
5.682066082954406738e-02
8.481178432703018188e-02
1.034479588270187378e-01
9.040351957082748413e-02
1.428276300430297852e-01
5.218432843685150146e-02
1.766417175531387329e-01
2.837664261460304260e-02
2.109193801879882812e-01
3.960684686899185181e-02
1.069780960679054260e-01
5.648913234472274780e-02
1.005182117223739624e-01
7.672295719385147095e-02
9.290292859077453613e-02
1.636800765991210938e-01
3.924911841750144958e-02
2.915214598178863525e-01
5.158114247024059296e-03
2.207696139812469482e-01
3.564814105629920959e-02
2.732809633016586304e-02
9.805475920438766479e-02
8.478271961212158203e-02
7.180708646774291992e-02
1.391554176807403564e-01
5.599911510944366455e-02
1.352569609880447388e-01
7.887617498636245728e-02
5.317936092615127563e-02
1.540167629718780518e-01
5.721567943692207336e-02
1.039505451917648315e-01
1.391569077968597412e-01
3.652917221188545227e-02
2.282539904117584229e-01
1.905387267470359802e-02
4.198726117610931396e-01
2.387549728155136108e-03
2.831479310989379883e-01
4.530958086252212524e-02
3.072972297668457031e-01
1.078221108764410019e-02
4.955936968326568604e-02
1.291402280330657959e-01
6.887464225292205811e-02
4.242699593305587769e-02
3.008478879928588867e-01
1.507992390543222427e-02
7.259669154882431030e-02
1.600359082221984863e-01
6.508771330118179321e-02
3.412214666604995728e-02
2.027064859867095947e-01
2.982402592897415161e-02
7.230906188488006592e-02
8.497805893421173096e-02
1.248914897441864014e-01
4.814889281988143921e-02
3.494604229927062988e-01
1.681118085980415344e-02
2.236794084310531616e-01
5.568724870681762695e-02
2.652689814567565918e-02
2.075459510087966919e-01
1.472582109272480011e-02
5.390113592147827148e-01
5.471372511237859726e-03
6.409614086151123047e-01
1.303131226450204849e-03
2.277370542287826538e-01
1.090007573366165161e-01
4.422520101070404053e-02
1.558443307876586914e-01
2.152808904647827148e-01
4.038135707378387451e-02
3.338087201118469238e-01
1.512232236564159393e-02
1.597536355257034302e-01
1.416016221046447754e-01
7.842940092086791992e-02
1.973558664321899414e-01
5.027854442596435547e-02
2.515408694744110107e-01
3.109681606292724609e-02
7.842217385768890381e-02
1.585910320281982422e-01
7.817414402961730957e-02
3.298643976449966431e-02
2.512650787830352783e-01
1.814196631312370300e-02
2.120698094367980957e-01
5.530219897627830505e-02
3.746223822236061096e-02
9.222190082073211670e-02
1.063795611262321472e-01
1.203153356909751892e-01
7.750220596790313721e-02
1.482018083333969116e-01
6.758791953325271606e-02
9.349735081195831299e-02
5.961006134748458862e-02
1.408391147851943970e-01
6.345730274915695190e-02
2.829630970954895020e-01
6.134603638201951981e-03
4.721003025770187378e-02
2.411628961563110352e-01
7.872193120419979095e-03
5.785997584462165833e-02
2.097803354263305664e-01
7.115587592124938965e-03
1.445782780647277832e-01
1.913809180259704590e-01
3.218660503625869751e-02
4.627320915460586548e-02
2.397321909666061401e-01
8.136603981256484985e-03
8.390274643898010254e-02
2.271405309438705444e-01
2.429003827273845673e-02
7.358787953853607178e-02
2.785279154777526855e-01
1.986079663038253784e-02
3.441904187202453613e-01
2.303856424987316132e-02
5.065559968352317810e-02
1.757217794656753540e-01
5.062573030591011047e-02
1.234811097383499146e-01
9.622508287429809570e-02
8.560158312320709229e-02
1.928550601005554199e-01
2.562301233410835266e-02
2.598567605018615723e-01
3.425700962543487549e-02
1.839733868837356567e-01
4.114140570163726807e-02
1.596843898296356201e-01
6.991438567638397217e-02
2.082605063915252686e-01
2.957476675510406494e-02
1.281722784042358398e-01
6.665129214525222778e-02
1.143888682126998901e-01
6.683163344860076904e-02
1.821456253528594971e-01
1.747382618486881256e-02
3.844364285469055176e-01
1.914732530713081360e-02
5.560771822929382324e-01
2.517058514058589935e-03
2.290066033601760864e-01
4.455175623297691345e-02
3.696094453334808350e-02
1.208595931529998779e-01
1.236987933516502380e-01
1.614639312028884888e-01
5.640412122011184692e-02
1.648353338241577148e-01
1.025790870189666748e-01
5.653862655162811279e-02
1.487961858510971069e-01
8.444787561893463135e-02
1.486698836088180542e-01
3.343511745333671570e-02
2.411550581455230713e-01
2.316702716052532196e-02
3.556806445121765137e-01
2.860079985111951828e-03
7.174158692359924316e-01
9.055236005224287510e-04
2.076995372772216797e-01
1.303417086601257324e-01
6.665206700563430786e-02
1.525287479162216187e-01
1.247108131647109985e-01
1.023176684975624084e-01
1.657864451408386230e-01
1.247996240854263306e-01
1.205666139721870422e-01
8.039188385009765625e-02
3.308376669883728027e-01
5.010335240513086319e-03
3.811117708683013916e-01
1.983139477670192719e-02
2.163883745670318604e-01
7.553933560848236084e-02
9.183826297521591187e-02
2.302868664264678955e-01
7.683573663234710693e-02
1.646706163883209229e-01
9.043591469526290894e-02
2.218188941478729248e-01
1.098992601037025452e-01
1.013515070080757141e-01
1.238083392381668091e-01
8.064904808998107910e-02
1.149240434169769287e-01
7.008160650730133057e-02
1.451399773359298706e-01
8.433318883180618286e-02
7.228340953588485718e-02
1.172163933515548706e-01
1.994794607162475586e-01
3.460330516099929810e-02
2.043295502662658691e-01
4.161103814840316772e-02
2.336133122444152832e-01
2.310658805072307587e-02
1.239523142576217651e-01
7.870437204837799072e-02
9.818325936794281006e-02
2.904594540596008301e-01
9.755541570484638214e-03
2.431519180536270142e-01
4.048680141568183899e-02
6.206553429365158081e-02
1.908220797777175903e-01
2.286203391849994659e-02
5.628474801778793335e-02
4.103347063064575195e-01
2.963034436106681824e-03
2.700140476226806641e-01
7.038094848394393921e-02
6.924908608198165894e-02
1.229221075773239136e-01
6.923400610685348511e-02
1.214010268449783325e-01
8.461251854896545410e-02
8.092261850833892822e-02
2.165459692478179932e-01
4.351331666111946106e-02
2.064368426799774170e-01
4.670910537242889404e-02
1.414485573768615723e-01
5.768646299839019775e-02
7.904133945703506470e-02
1.260093897581100464e-01
7.253025472164154053e-02
1.235317140817642212e-01
1.140909343957901001e-01
6.707648932933807373e-02
1.198143288493156433e-01
7.907571643590927124e-02
7.634891569614410400e-02
6.555106490850448608e-02
1.615557968616485596e-01
5.814214050769805908e-02
1.549620926380157471e-01
5.950291454792022705e-02
8.541864156723022461e-02
1.287825107574462891e-01
6.920309364795684814e-02
1.029443293809890747e-01
1.173101514577865601e-01
6.595052033662796021e-02
1.211271435022354126e-01
9.046062827110290527e-02
6.935238093137741089e-02
1.572327911853790283e-01
4.579168558120727539e-02
9.070295095443725586e-02
7.245270907878875732e-02
1.773578375577926636e-01
4.182554408907890320e-02
3.234591186046600342e-01
1.732131093740463257e-02
4.354207217693328857e-01
8.503878489136695862e-04
2.212376743555068970e-01
7.118213921785354614e-02
4.166346043348312378e-02
1.154239252209663391e-01
7.305411249399185181e-02
7.304704934358596802e-02
3.153708577156066895e-01
9.524334222078323364e-03
6.210358142852783203e-01
1.651382073760032654e-03
3.858200907707214355e-01
6.250271946191787720e-02
6.384819746017456055e-02
1.678550690412521362e-01
4.679905250668525696e-02
1.600634157657623291e-01
6.460347771644592285e-02
3.953440785408020020e-01
3.515498014166951180e-03
2.988824844360351562e-01
2.272343635559082031e-02
5.123262852430343628e-02
2.355409562587738037e-01
1.662978716194629669e-02
7.753688097000122070e-02
2.405629158020019531e-01
4.585555940866470337e-02
8.808764070272445679e-02
2.495084404945373535e-01
3.045665845274925232e-02
2.921324074268341064e-01
3.564222902059555054e-02
5.078210830688476562e-01
3.238281235098838806e-03
9.441693872213363647e-02
2.181776762008666992e-01
4.985994845628738403e-02
7.663066685199737549e-02
1.399309635162353516e-01
1.385289430618286133e-01
6.866343319416046143e-02
2.587181031703948975e-01
2.970425039529800415e-02
2.372556328773498535e-01
4.824301600456237793e-02
5.812283605337142944e-02
1.183049976825714111e-01
7.931892573833465576e-02
1.839895546436309814e-01
7.647955417633056641e-02
1.125295758247375488e-01
1.489585638046264648e-01
6.952525675296783447e-02
7.734477519989013672e-02
1.830606758594512939e-01
4.255486279726028442e-02
1.359138339757919312e-01
8.970536291599273682e-02
6.340567022562026978e-02
1.381658315658569336e-01
8.812373876571655273e-02
1.207742318511009216e-01
6.853766739368438721e-02
9.034013748168945312e-02
1.243347451090812683e-01
5.390123650431632996e-02
1.646241545677185059e-01
4.780631512403488159e-02
9.775626659393310547e-02
1.318891644477844238e-01
3.833211958408355713e-02
8.597884327173233032e-02
1.298567950725555420e-01
6.209343671798706055e-02
6.310160458087921143e-02
1.824575364589691162e-01
1.667162030935287476e-02
1.534293889999389648e-01
6.874893605709075928e-02
7.753720879554748535e-02
1.213537752628326416e-01
6.242851167917251587e-02
1.600365042686462402e-01
3.306257724761962891e-02
1.046271398663520813e-01
1.164440959692001343e-01
5.579350143671035767e-02
1.240675672888755798e-01
7.854589819908142090e-02
7.987304776906967163e-02
7.501830160617828369e-02
1.738623231649398804e-01
3.764645755290985107e-02
9.549322724342346191e-02
1.014917045831680298e-01
7.422339171171188354e-02
1.244496256113052368e-01
4.879279434680938721e-02
6.239086017012596130e-02
2.112386226654052734e-01
4.015458002686500549e-02
8.031526207923889160e-02
2.344442009925842285e-01
1.682000979781150818e-02
1.410422772169113159e-01
7.315333187580108643e-02
1.163062006235122681e-01
5.158756673336029053e-02
1.186265647411346436e-01
1.285428702831268311e-01
2.208774536848068237e-02
2.362952828407287598e-01
1.718753390014171600e-02
2.124931514263153076e-01
5.206271633505821228e-02
6.782403588294982910e-02
8.502013981342315674e-02
1.212297677993774414e-01
3.323038667440414429e-02
1.673070490360260010e-01
8.047720044851303101e-02
5.092032998800277710e-02
8.819331228733062744e-02
1.234841123223304749e-01
7.329690456390380859e-02
6.737130880355834961e-02
1.556960046291351318e-01
3.589842841029167175e-02
1.487864851951599121e-01
5.459839850664138794e-02
6.525976955890655518e-02
1.905977725982666016e-01
1.114214118570089340e-02
1.599947810173034668e-01
3.916391357779502869e-02
1.588552743196487427e-01
4.045364260673522949e-02
4.209610074758529663e-02
1.183149591088294983e-01
4.390481859445571899e-02
1.259698271751403809e-01
9.348499029874801636e-02
1.382823735475540161e-01
6.013065576553344727e-02
9.756068885326385498e-02
1.325252950191497803e-01
2.109192870557308197e-02
2.349541336297988892e-01
5.885629355907440186e-02
1.444240957498550415e-01
3.990327939391136169e-02
5.497280508279800415e-02
9.575986862182617188e-02
8.309385925531387329e-02
1.121403723955154419e-01
7.391008734703063965e-02
4.709362611174583435e-02
1.934546977281570435e-01
3.373046219348907471e-02
9.339627623558044434e-02
6.477896869182586670e-02
3.819923847913742065e-02
1.067671477794647217e-01
1.110895276069641113e-01
6.907899677753448486e-02
1.740409582853317261e-01
2.507334202527999878e-02
1.599709540605545044e-01
5.390588194131851196e-02
5.372512340545654297e-02
9.806272387504577637e-02
1.042342782020568848e-01
7.342320680618286133e-02
1.014590784907341003e-01
5.334658920764923096e-02
1.705511659383773804e-01
2.545673027634620667e-02
1.740334481000900269e-01
3.045532666146755219e-02
1.300339400768280029e-01
5.088374018669128418e-02
9.446291625499725342e-02
4.641870781779289246e-02
9.674995392560958862e-02
1.093488782644271851e-01
5.975715816020965576e-02
5.361685901880264282e-02
1.199824139475822449e-01
9.257429838180541992e-02
9.263750910758972168e-02
5.097445100545883179e-02
7.798163592815399170e-02
5.635214596986770630e-02
7.055497169494628906e-01
7.737716659903526306e-04
9.037787914276123047e-01
6.982346996665000916e-03
3.541836142539978027e-01
2.006779313087463379e-01
7.047499716281890869e-02
2.950496673583984375e-01
1.327244043350219727e-01
2.159144878387451172e-01
2.218971252441406250e-01
1.718009114265441895e-01
1.915060877799987793e-01
7.855190336704254150e-02
3.357985317707061768e-01
2.082099765539169312e-02
4.523177742958068848e-01
3.357230871915817261e-02
1.760946363210678101e-01
1.853348463773727417e-01
1.818785667419433594e-01
1.241025179624557495e-01
3.496101498603820801e-01
9.079373441636562347e-03
7.956870794296264648e-01
8.063774439506232738e-04
2.136261463165283203e-01
1.809304803609848022e-01
1.040100902318954468e-01
1.153816729784011841e-01
2.749540805816650391e-01
1.138006672263145447e-01
1.332979202270507812e-01
4.661657810211181641e-01
3.165695117786526680e-03
6.544702649116516113e-01
9.772401303052902222e-03
2.218034714460372925e-01
2.310903221368789673e-01
8.890780806541442871e-02
1.430567502975463867e-01
3.351548910140991211e-01
4.333218932151794434e-02
4.631067812442779541e-01
1.416947692632675171e-02
4.639200121164321899e-02
3.510385751724243164e-01
1.925228722393512726e-02
4.327826201915740967e-01
1.969410851597785950e-02
7.259897887706756592e-02
3.137312233448028564e-01
3.603123873472213745e-02
6.543791294097900391e-01
1.172620453871786594e-03
2.612119317054748535e-01
1.689032167196273804e-01
6.779596954584121704e-02
2.063897550106048584e-01
9.020774066448211670e-02
2.932891249656677246e-01
3.143088892102241516e-02
3.021690845489501953e-01
4.616585373878479004e-02
3.320443332195281982e-01
2.406716719269752502e-02
2.571373283863067627e-01
7.606352865695953369e-02
1.063026562333106995e-01
2.165622413158416748e-01
1.082785874605178833e-01
1.158215627074241638e-01
2.877388596534729004e-01
4.268215596675872803e-02
4.097242951393127441e-01
2.847000397741794586e-02
6.449522078037261963e-02
1.429632604122161865e-01
1.212097704410552979e-01
7.762458920478820801e-02
1.813544034957885742e-01
1.006239727139472961e-01
7.805708050727844238e-02
1.280172765254974365e-01
1.704468131065368652e-01
5.251545459032058716e-02
1.309596300125122070e-01
9.536963701248168945e-02
7.507300376892089844e-02
1.537495851516723633e-01
6.189547851681709290e-02
1.177860200405120850e-01
1.067629680037498474e-01
1.658545136451721191e-01
4.668023064732551575e-02
8.407312631607055664e-02
1.800504326820373535e-01
5.662699043750762939e-02
1.751993298530578613e-01
9.043712168931961060e-02
7.564246654510498047e-02
1.439747065305709839e-01
6.230144202709197998e-02
1.243883296847343445e-01
6.703421473503112793e-02
1.233572140336036682e-01
8.389967679977416992e-02
1.074589565396308899e-01
9.066613763570785522e-02
1.438244581222534180e-01
6.905927509069442749e-02
1.386629045009613037e-01
1.054181531071662903e-01
1.093434393405914307e-01
9.736557304859161377e-02
1.125387996435165405e-01
1.637766659259796143e-01
5.968739837408065796e-02
1.895861029624938965e-01
8.441704511642456055e-02
3.845383971929550171e-02
1.868852823972702026e-01
4.173300415277481079e-02
7.408824563026428223e-02
2.077884078025817871e-01
6.551216542720794678e-02
6.131179630756378174e-02
2.727754712104797363e-01
1.663783192634582520e-02
2.407401204109191895e-01
2.968085557222366333e-02
4.754596948623657227e-02
2.353522777557373047e-01
2.629982493817806244e-02
8.115719258785247803e-02
1.873974353075027466e-01
2.413131482899188995e-02
1.978236585855484009e-01
4.592537879943847656e-02
1.209901645779609680e-01
1.139420419931411743e-01
9.072284400463104248e-02
5.230236425995826721e-02
2.141568064689636230e-01
4.290183633565902710e-02
1.059013009071350098e-01
1.088396757841110229e-01
8.197455853223800659e-02
6.389597058296203613e-02
1.276427805423736572e-01
4.528892040252685547e-02
1.016307175159454346e-01
1.078760027885437012e-01
4.730753973126411438e-02
1.789153963327407837e-01
2.878598123788833618e-02
6.550732254981994629e-02
8.559261262416839600e-02
7.154649496078491211e-02
9.955595433712005615e-02
7.678470015525817871e-02
9.202581644058227539e-02
5.421071127057075500e-02
1.161093115806579590e-01
8.797237277030944824e-02
3.753006830811500549e-02
2.892005443572998047e-01
9.867263026535511017e-03
9.608259797096252441e-02
1.779596656560897827e-01
2.975330129265785217e-02
9.020569920539855957e-02
1.546828299760818481e-01
2.769749425351619720e-02
1.348271667957305908e-01
8.189983665943145752e-02
4.812014102935791016e-02
4.017467796802520752e-01
3.008318599313497543e-03
2.938629388809204102e-01
2.295850403606891632e-02
1.269775815308094025e-02
1.247659474611282349e-01
9.847488999366760254e-02
4.594964534044265747e-02
1.239058896899223328e-01
5.154907703399658203e-02
8.891989290714263916e-02
2.411796525120735168e-02
4.843400120735168457e-01
4.210025537759065628e-03
6.907734870910644531e-01
5.210230592638254166e-04
6.040635332465171814e-02
2.847142219543457031e-01
7.789632678031921387e-02
1.371388137340545654e-01
1.684606373310089111e-01
4.102416336536407471e-02
7.662461996078491211e-01
2.213986590504646301e-03
6.031761169433593750e-01
1.167627889662981033e-02
6.587150096893310547e-01
1.034674607217311859e-02
1.178288310766220093e-01
2.144725322723388672e-01
1.088303476572036743e-01
1.239464879035949707e-01
1.293307244777679443e-01
1.980356276035308838e-01
1.151712089776992798e-01
1.963890790939331055e-01
3.527318686246871948e-02
1.412132382392883301e-01
5.942212790250778198e-02
1.111309677362442017e-01
2.186215221881866455e-01
4.470775276422500610e-02
3.027215898036956787e-01
5.494061857461929321e-02
9.875232726335525513e-02
1.235878765583038330e-01
1.062807440757751465e-01
1.215364933013916016e-01
9.623708575963973999e-02
2.203713804483413696e-01
3.388436883687973022e-02
2.719788253307342529e-01
2.097778394818305969e-02
8.440428227186203003e-02
1.128995046019554138e-01
8.230227231979370117e-02
6.701669096946716309e-02
1.283676177263259888e-01
1.559929102659225464e-01
6.538803130388259888e-02
2.358451783657073975e-01
6.767459213733673096e-02
1.716040074825286865e-01
8.020353317260742188e-02
1.566790044307708740e-01
8.849717676639556885e-02
8.191305398941040039e-02
1.409993469715118408e-01
1.161016151309013367e-01
1.101729273796081543e-01
2.105929404497146606e-01
2.347828820347785950e-02
1.427864730358123779e-01
1.396266818046569824e-01
5.625351145863533020e-02
1.559528410434722900e-01
9.119170904159545898e-02
6.618995964527130127e-02
2.028028964996337891e-01
5.183614045381546021e-02
8.078348636627197266e-02
1.807650029659271240e-01
6.833113729953765869e-02
1.242886111140251160e-01
1.030749306082725525e-01
1.317520141601562500e-01
1.377185583114624023e-01
6.214463710784912109e-02
2.298690080642700195e-01
2.355015277862548828e-02
1.006882935762405396e-01
9.264896810054779053e-02
7.686641067266464233e-02
9.266720712184906006e-02
7.786703109741210938e-02
1.301479190587997437e-01
1.125973388552665710e-01
4.763372242450714111e-02
1.627258956432342529e-01
3.317738324403762817e-02
1.396753937005996704e-01
9.058088064193725586e-02
7.390734553337097168e-02
2.077231258153915405e-01
2.937831915915012360e-02
1.260004788637161255e-01
8.328541368246078491e-02
8.607009798288345337e-02
1.563845425844192505e-01
7.673092186450958252e-02
5.051144212484359741e-02
1.853563785552978516e-01
4.481010884046554565e-02
1.586868762969970703e-01
5.100671201944351196e-02
8.528144657611846924e-02
1.129311621189117432e-01
5.747034400701522827e-02
1.403470337390899658e-01
7.329672574996948242e-02
2.346651852130889893e-01
1.388716883957386017e-02
4.894582629203796387e-01
1.257605617865920067e-03
3.596991300582885742e-01
4.158098250627517700e-02
5.898027122020721436e-02
2.778674364089965820e-01
3.783501684665679932e-02
9.520906209945678711e-02
2.737334966659545898e-01
1.565522700548171997e-02
3.133179545402526855e-01
1.614283770322799683e-02
1.018776744604110718e-01
1.296701580286026001e-01
5.166370421648025513e-02
1.252989470958709717e-01
1.454342901706695557e-01
7.653056085109710693e-02
1.002890616655349731e-01
7.874549925327301025e-02
1.720798313617706299e-01
4.091463983058929443e-02
6.896261870861053467e-02
1.297944486141204834e-01
5.032776296138763428e-02
1.309953927993774414e-01
9.297179430723190308e-02
5.157199129462242126e-02
8.781994134187698364e-02
1.957897245883941650e-01
2.865012176334857941e-02
1.081952750682830811e-01
1.582711637020111084e-01
4.316955432295799255e-02
4.423669725656509399e-02
1.077425032854080200e-01
1.211425438523292542e-01
3.513526171445846558e-02
1.489938795566558838e-01
1.237315610051155090e-01
5.663752555847167969e-02
1.159765124320983887e-01
6.909989565610885620e-02
9.620737284421920776e-02
1.444665789604187012e-01
6.348466128110885620e-02
1.403816193342208862e-01
1.178300231695175171e-01
7.714205980300903320e-02
2.384771704673767090e-01
2.056110836565494537e-02
3.629209846258163452e-02
2.897326350212097168e-01
1.198492385447025299e-02
3.865048885345458984e-01
2.464825985953211784e-03
1.881311535835266113e-01
7.174654304981231689e-02
2.972347289323806763e-02
7.980810850858688354e-02
1.185604855418205261e-01
6.438727676868438721e-02
2.137672454118728638e-01
4.288127645850181580e-02
1.301948130130767822e-01
1.268787533044815063e-01
5.463854968547821045e-02
5.045186728239059448e-02
1.320638209581375122e-01
6.417823582887649536e-02
6.588947772979736328e-02
2.278743833303451538e-01
1.360057666897773743e-02
2.152155935764312744e-01
9.485137462615966797e-02
2.023585140705108643e-02
8.467543125152587891e-02
2.468175590038299561e-01
1.721215620636940002e-02
7.503828406333923340e-02
2.043458819389343262e-01
6.957710534334182739e-02
6.511403620243072510e-02
1.688265055418014526e-01
3.491763398051261902e-02
2.152957320213317871e-01
4.838995635509490967e-02
1.702684313058853149e-01
3.881503641605377197e-02
1.727549135684967041e-01
5.238099023699760437e-02
2.930744588375091553e-01
8.370628580451011658e-03
1.597537696361541748e-01
5.865141376852989197e-02
1.059194356203079224e-01
7.776589691638946533e-02
1.121240779757499695e-01
8.510253578424453735e-02
2.472137510776519775e-01
9.902266785502433777e-03
1.138026565313339233e-01
9.823427349328994751e-02
6.116800755262374878e-02
1.133726611733436584e-01
7.122960686683654785e-02
1.037649512290954590e-01
4.768612235784530640e-02
2.153488993644714355e-01
2.657935768365859985e-02
1.226612702012062073e-01
1.153893172740936279e-01
8.704235404729843140e-02
1.186970472335815430e-01
5.208422243595123291e-02
6.647903472185134888e-02
2.496846467256546021e-01
2.120136469602584839e-02
3.661555647850036621e-01
5.256552249193191528e-03
2.276925295591354370e-01
2.832447923719882965e-02
1.019220650196075439e-01
1.648653596639633179e-01
2.559256181120872498e-02
2.033365368843078613e-01
3.046387247741222382e-02
1.229868829250335693e-01
7.940661162137985229e-02
1.551097333431243896e-01
2.293939143419265747e-02
4.597534537315368652e-01
2.018252853304147720e-03
1.530443727970123291e-01
4.608684033155441284e-02
1.827708035707473755e-01
3.358516097068786621e-02
1.664428859949111938e-01
1.001569032669067383e-01
5.699185281991958618e-02
1.640233546495437622e-01
3.663995489478111267e-02
7.385620474815368652e-02
2.228280305862426758e-01
5.107912421226501465e-02
1.223432645201683044e-01
7.320512831211090088e-02
1.772349774837493896e-01
5.095155537128448486e-02
1.977244466543197632e-01
1.772616058588027954e-02
1.066784709692001343e-01
8.914835751056671143e-02
6.472263485193252563e-02
8.927890658378601074e-02
8.643427491188049316e-02
8.569377660751342773e-02
1.098038181662559509e-01
1.021719649434089661e-01
1.290877461433410645e-01
5.770929157733917236e-02
1.960301697254180908e-01
3.035020083189010620e-02
1.662296652793884277e-01
8.869004249572753906e-02
8.129078149795532227e-02
6.141230463981628418e-02
1.825474053621292114e-01
2.163953706622123718e-02
5.028721094131469727e-01
1.265811547636985779e-02
6.134516000747680664e-01
1.925350748933851719e-03
5.895516872406005859e-01
5.115385167300701141e-03
4.793202280998229980e-01
3.364479541778564453e-02
1.613698899745941162e-01
1.715328395366668701e-01
1.237988919019699097e-01
2.956879138946533203e-01
2.948166057467460632e-02
5.876543521881103516e-01
5.266171880066394806e-03
1.076876074075698853e-01
2.489049732685089111e-01
5.113830417394638062e-02
3.572778105735778809e-01
1.424739696085453033e-02
1.179018765687942505e-01
2.420140355825424194e-01
6.151486188173294067e-02
4.000417590141296387e-01
7.791083306074142456e-03
1.146329566836357117e-01
3.749051392078399658e-01
7.768681272864341736e-03
2.117783427238464355e-01
9.623143821954727173e-02
7.770469784736633301e-02
1.230454966425895691e-01
9.619118273258209229e-02
6.601042300462722778e-02
1.697073578834533691e-01
8.012065291404724121e-02
2.654738128185272217e-01
1.069257035851478577e-02
1.976022273302078247e-01
5.564457923173904419e-02
1.323364675045013428e-01
7.667300105094909668e-02
2.517624497413635254e-01
4.593884199857711792e-02
3.681007027626037598e-01
7.103641517460346222e-03
2.464756965637207031e-01
6.969419866800308228e-02
3.617646545171737671e-02
1.320849359035491943e-01
7.830456644296646118e-02
2.200990915298461914e-01
4.246937111020088196e-02
2.193028032779693604e-01
5.621261894702911377e-02
1.894117146730422974e-01
5.469191819429397583e-02
6.294431537389755249e-02
9.429652243852615356e-02
1.051547080278396606e-01
1.364545524120330811e-01
9.446807205677032471e-02
8.364789187908172607e-02
1.488709151744842529e-01
4.889836907386779785e-02
8.047286421060562134e-02
2.246858179569244385e-01
4.024663567543029785e-02
1.501526981592178345e-01
4.808982834219932556e-02
9.587591886520385742e-02
1.163311153650283813e-01
7.930552959442138672e-02
1.912179887294769287e-01
4.005321860313415527e-02
1.568171679973602295e-01
7.138757407665252686e-02
6.428769230842590332e-02
1.858352422714233398e-01
4.093275219202041626e-02
9.206130355596542358e-02
1.001670658588409424e-01
7.712234556674957275e-02
1.098670065402984619e-01
2.052094787359237671e-01
2.435594052076339722e-02
8.165652304887771606e-02
3.251737654209136963e-01
1.804741472005844116e-02
4.937617182731628418e-01
3.182270098477602005e-03
1.266517341136932373e-01
1.018848568201065063e-01
9.544004499912261963e-02
9.211491048336029053e-02
1.002262607216835022e-01
1.259055435657501221e-01
2.742713689804077148e-02
3.399195969104766846e-01
1.849320903420448303e-02
4.402491450309753418e-01
1.613292098045349121e-02
5.199733376502990723e-02
1.913901269435882568e-01
5.717848986387252808e-02
9.140431880950927734e-02
1.582206636667251587e-01
5.965600907802581787e-02
1.250235736370086670e-01
1.502051055431365967e-01
4.339240491390228271e-02
2.625310122966766357e-01
1.733789592981338501e-02
4.342445433139801025e-01
9.341071126982569695e-04
2.763495147228240967e-01
6.782823801040649414e-02
5.057511106133460999e-02
2.661466598510742188e-01
2.259561792016029358e-02
9.457752853631973267e-02
1.585970818996429443e-01
5.753164738416671753e-02
1.215076819062232971e-01
7.937015593051910400e-02
1.483213156461715698e-01
5.083756148815155029e-02
1.530071496963500977e-01
4.326938465237617493e-02
1.441062092781066895e-01
7.686112821102142334e-02
1.381083279848098755e-01
9.008201956748962402e-02
7.737229019403457642e-02
1.684271693229675293e-01
5.083885788917541504e-02
1.275630295276641846e-01
7.476897537708282471e-02
5.877847224473953247e-02
8.451649546623229980e-02
6.595098972320556641e-02
2.016399651765823364e-01
6.934298574924468994e-02
4.819022864103317261e-02
3.188136219978332520e-01
1.484150346368551254e-02
2.925103902816772461e-01
3.655649721622467041e-02
4.136519506573677063e-02
1.445761471986770630e-01
7.585213333368301392e-02
2.764701098203659058e-02
1.662428528070449829e-01
7.873319089412689209e-02
1.504202336072921753e-01
1.090860441327095032e-01
4.184309393167495728e-02
1.263734102249145508e-01
9.684847295284271240e-02
9.055140614509582520e-02
5.926932394504547119e-02
1.806694865226745605e-01
1.723388209939002991e-02
2.487965077161788940e-01
2.911855652928352356e-02
9.852275252342224121e-02
8.535146713256835938e-02
4.676702246069908142e-02
8.020752668380737305e-02
1.935046017169952393e-01
2.115549892187118530e-02
2.154293358325958252e-01
6.293781846761703491e-02
8.681580424308776855e-02
1.009980440139770508e-01
1.323842108249664307e-01
3.199115023016929626e-02
1.823614537715911865e-01
4.486623033881187439e-02
1.189073175191879272e-01
8.557093143463134766e-02
6.404912471771240234e-02
1.650419235229492188e-01
3.537973389029502869e-02
2.958722710609436035e-01
1.549271959811449051e-02
7.482382059097290039e-01
4.914183955406770110e-05
5.034999847412109375e-01
7.968241348862648010e-03
9.875625967979431152e-01
1.657216548919677734e-01
1.442386060953140259e-01
4.212142825126647949e-01
2.490608394145965576e-01
1.928607225418090820e-01
5.070879459381103516e-01
7.854644954204559326e-02
3.153761625289916992e-01
2.374908626079559326e-01
2.772887945175170898e-01
2.973400354385375977e-01
1.258489489555358887e-01
5.149534344673156738e-01
2.465727552771568298e-02
3.397585749626159668e-01
1.542584449052810669e-01
7.237467169761657715e-02
3.954733312129974365e-01
7.019864022731781006e-02
3.943194746971130371e-01
8.088506758213043213e-02
5.010056495666503906e-01
3.478413075208663940e-02
2.811542153358459473e-01
1.825224906206130981e-01
4.165829718112945557e-02
2.505457401275634766e-01
8.783629536628723145e-02
1.321032047271728516e-01
2.544750571250915527e-01
9.519459307193756104e-02
1.534277647733688354e-01
2.088962495326995850e-01
7.412467896938323975e-02
3.587591052055358887e-01
2.751127444207668304e-02
9.850759059190750122e-02
2.232281118631362915e-01
4.909481853246688843e-02
1.377470344305038452e-01
1.256631165742874146e-01
9.143427014350891113e-02
1.259115040302276611e-01
1.187855154275894165e-01
1.453193128108978271e-01
1.213004961609840393e-01
9.580369293689727783e-02
1.088461726903915405e-01
1.425151526927947998e-01
4.968890920281410217e-02
1.948146224021911621e-01
4.595861956477165222e-02
4.984562844038009644e-02
1.679176390171051025e-01
1.187531799077987671e-01
1.152881607413291931e-01
2.536745667457580566e-01
3.710907325148582458e-02
1.355618089437484741e-01
1.734534949064254761e-01
5.892182514071464539e-02
1.143166720867156982e-01
1.071210280060768127e-01
6.699463725090026855e-02
9.023327380418777466e-02
1.278678178787231445e-01
8.202263712882995605e-02
8.659316599369049072e-02
9.945803880691528320e-02
1.855477690696716309e-01
3.449386358261108398e-02
8.919747173786163330e-02
1.619780361652374268e-01
5.584730952978134155e-02
9.213800728321075439e-02
1.773988157510757446e-01
5.983084067702293396e-02
9.454935044050216675e-02
1.577834486961364746e-01
5.983719602227210999e-02
1.322824060916900635e-01
8.772938698530197144e-02
1.568512320518493652e-01
1.371223628520965576e-01
4.135771095752716064e-02
2.141092270612716675e-01
7.063811272382736206e-02
1.243898272514343262e-01
1.747900247573852539e-01
3.597133234143257141e-02
1.953885108232498169e-01
3.197750821709632874e-02
1.122894659638404846e-01
1.314352899789810181e-01
3.999429196119308472e-02
1.609995514154434204e-01
5.744085088372230530e-02
1.118328571319580078e-01
6.833764910697937012e-02
1.105283200740814209e-01
1.180485412478446960e-01
7.248398661613464355e-02
1.356839239597320557e-01
8.550021797418594360e-02
1.528591513633728027e-01
6.953600049018859863e-02
2.739461362361907959e-01
1.977831311523914337e-02
3.011072278022766113e-01
7.295619696378707886e-03
5.813419446349143982e-02
2.494736015796661377e-01
2.797190845012664795e-02
8.455326408147811890e-02
2.057014703750610352e-01
1.183805987238883972e-02
1.366954594850540161e-01
9.390065073966979980e-02
5.880220234394073486e-02
9.170859307050704956e-02
2.251156270503997803e-01
2.771713584661483765e-02
3.205575346946716309e-01
2.055718004703521729e-02
7.253336906433105469e-02
2.201543152332305908e-01
1.999719068408012390e-02
1.247741058468818665e-01
1.401425451040267944e-01
6.180771812796592712e-02
1.332004666328430176e-01
1.541511863470077515e-01
3.668495267629623413e-02
7.683610916137695312e-02
1.699769496917724609e-01
3.397670388221740723e-02
1.568097770214080811e-01
6.503199785947799683e-02
1.320127248764038086e-01
4.919937625527381897e-02
2.079442441463470459e-01
3.577231988310813904e-02
1.848757863044738770e-01
4.273692891001701355e-02
1.558632254600524902e-01
2.596057765185832977e-02
2.679954767227172852e-01
3.825537115335464478e-02
6.947435438632965088e-02
1.713910251855850220e-01
4.548947513103485107e-02
1.033528894186019897e-01
1.491216570138931274e-01
5.640451610088348389e-02
2.575958073139190674e-01
2.598940022289752960e-02
3.389061093330383301e-01
1.307579223066568375e-02
7.956096529960632324e-02
1.417711377143859863e-01
6.040736660361289978e-02
1.193111315369606018e-01
1.332823783159255981e-01
7.787115126848220825e-02
1.405974030494689941e-01
5.114571005105972290e-02
1.980185061693191528e-01
2.719131112098693848e-02
1.306702494621276855e-01
7.805284112691879272e-02
1.146791875362396240e-01
7.639626413583755493e-02
1.201988905668258667e-01
9.813745319843292236e-02
5.814451724290847778e-02
1.676459908485412598e-01
7.270123064517974854e-02
8.421163260936737061e-02
3.011061251163482666e-01
1.210252661257982254e-02
1.684512048959732056e-01
6.350213289260864258e-02
6.099705398082733154e-02
1.282980591058731079e-01
1.103326603770256042e-01
7.577709853649139404e-02
1.475425362586975098e-01
5.610240995883941650e-02
8.829296380281448364e-02
1.379708945751190186e-01
7.398245483636856079e-02
9.825874865055084229e-02
8.791095018386840820e-02
1.310640275478363037e-01
9.732799232006072998e-02
3.118195943534374237e-02
2.503311634063720703e-01
1.862403377890586853e-02
3.975317478179931641e-01
3.034470602869987488e-03
4.065099358558654785e-01
7.756480947136878967e-03
5.121465921401977539e-01
1.172248646616935730e-02
7.395734637975692749e-02
2.066615372896194458e-01
3.739800304174423218e-02
1.349431127309799194e-01
2.578352987766265869e-01
3.495561331510543823e-02
2.747588157653808594e-01
3.074779175221920013e-02
1.159162372350692749e-01
7.194168865680694580e-02
2.241728305816650391e-01
4.472632333636283875e-02
3.741378784179687500e-01
1.662855967879295349e-02
5.241213440895080566e-01
7.739471737295389175e-03
2.013650238513946533e-01
8.970068395137786865e-02
1.050509214401245117e-01
1.821150183677673340e-01
6.424179673194885254e-02
1.287552118301391602e-01
1.094155162572860718e-01
1.002698913216590881e-01
1.139816045761108398e-01
1.337052285671234131e-01
7.238320261240005493e-02
2.862205803394317627e-01
1.259663421660661697e-02
3.346405923366546631e-01
1.468311157077550888e-02
4.452014714479446411e-02
1.971487849950790405e-01
3.280446678400039673e-02
1.319524347782135010e-01
1.989635676145553589e-01
3.878834843635559082e-02
3.711598515510559082e-01
2.037332206964492798e-02
8.337918668985366821e-02
2.762813568115234375e-01
2.044143900275230408e-02
1.092461347579956055e-01
2.524341940879821777e-01
3.144328296184539795e-02
1.597675830125808716e-01
1.523851454257965088e-01
3.667846322059631348e-02
2.523379921913146973e-01
3.302525356411933899e-02
2.515794932842254639e-01
4.236188903450965881e-02
4.480066522955894470e-02
1.270053535699844360e-01
6.307005882263183594e-02
6.511914730072021484e-02
1.860717386007308960e-01
4.824166744947433472e-02
3.141000866889953613e-01
3.209828957915306091e-02
2.520318925380706787e-01
3.400821238756179810e-02
4.690647125244140625e-02
2.518514394760131836e-01
2.772597596049308777e-02
1.140293329954147339e-01
1.217054799199104309e-01
5.786878615617752075e-02
6.477940827608108521e-02
1.407987177371978760e-01
1.408329010009765625e-01
7.266765832901000977e-02
2.372820675373077393e-01
3.209190443158149719e-02
7.163651287555694580e-02
1.160791665315628052e-01
9.404626488685607910e-02
5.808841437101364136e-02
1.753180623054504395e-01
4.435625672340393066e-02
8.183340728282928467e-02
1.076193824410438538e-01
9.262187778949737549e-02
7.812097668647766113e-02
8.388368785381317139e-02
1.474761366844177246e-01
6.322050094604492188e-02
4.317439720034599304e-02
1.500033587217330933e-01
7.908529788255691528e-02
8.366107940673828125e-02
1.257129758596420288e-01
7.681004703044891357e-02
9.384378045797348022e-02
1.140452474355697632e-01
8.560468256473541260e-02
5.961745604872703552e-02
1.640392243862152100e-01
6.845316290855407715e-02
1.174604371190071106e-01
3.207197040319442749e-02
7.740840315818786621e-02
1.860250681638717651e-01
2.178622037172317505e-02
1.004201918840408325e-01
8.285298198461532593e-02
1.349750459194183350e-01
5.641042441129684448e-02
1.686389446258544922e-01
4.006896540522575378e-02
8.404170721769332886e-02
1.592602729797363281e-01
2.178821340203285217e-02
1.581517159938812256e-01
7.873906940221786499e-02
7.469974458217620850e-02
1.661821901798248291e-01
3.977473825216293335e-02
1.337103545665740967e-01
3.529032319784164429e-02
1.514341980218887329e-01
5.559541657567024231e-02
1.231601536273956299e-01
8.277484774589538574e-02
7.747052609920501709e-02
5.489876866340637207e-02
1.299023628234863281e-01
6.743375211954116821e-02
4.160948842763900757e-02
1.966521143913269043e-01
2.248498983681201935e-02
3.000593371689319611e-02
1.601950526237487793e-01
5.651551857590675354e-02
6.046830490231513977e-02
1.527734398841857910e-01
5.019817501306533813e-02
1.391670107841491699e-01
3.740656375885009766e-02
2.922363281250000000e-01
6.491843145340681076e-03
1.908264458179473877e-01
1.586060971021652222e-02
7.940148562192916870e-02
8.542305231094360352e-02
1.058465093374252319e-01
3.563182801008224487e-02
1.491773277521133423e-01
7.521291077136993408e-02
5.742823705077171326e-02
7.343007624149322510e-02
6.883653998374938965e-02
2.389943450689315796e-01
1.440779678523540497e-02
1.027682274580001831e-01
9.082549065351486206e-02
5.473505705595016479e-02
1.531433761119842529e-01
3.405089676380157471e-02
2.376941740512847900e-01
3.824094310402870178e-02
5.373813509941101074e-01
4.865048453211784363e-03
8.409779071807861328e-01
9.930523810908198357e-05
6.370109915733337402e-01
3.624308854341506958e-02
1.918988227844238281e-01
1.677020788192749023e-01
1.549300104379653931e-01
3.360245823860168457e-01
5.269503965973854065e-02
4.331610798835754395e-01
2.002469263970851898e-02
6.024066209793090820e-01
1.064351107925176620e-02
1.646039634943008423e-01
3.468962311744689941e-01
1.999274268746376038e-02
3.918807506561279297e-01
4.892920702695846558e-02
1.072042733430862427e-01
2.207444608211517334e-01
7.213866710662841797e-02
1.186588406562805176e-01
1.192785799503326416e-01
1.809175312519073486e-01
8.714284002780914307e-02
3.121732771396636963e-01
7.117937318980693817e-03
3.811509907245635986e-01
1.594864763319492340e-02
5.583326518535614014e-02
4.028589725494384766e-01
1.250785216689109802e-02
4.603756666183471680e-01
2.939580939710140228e-02
1.988117992877960205e-01
1.512043476104736328e-01
1.091527491807937622e-01
1.502307057380676270e-01
1.193007752299308777e-01
2.380079776048660278e-01
3.867016732692718506e-02
2.079051136970520020e-01
4.971555620431900024e-02
1.050730422139167786e-01
8.469368517398834229e-02
1.098970994353294373e-01
1.219102591276168823e-01
1.520099937915802002e-01
1.144479066133499146e-01
1.104572638869285583e-01
2.405164539813995361e-01
1.855136640369892120e-02
2.075172662734985352e-01
7.013601809740066528e-02
7.016721367835998535e-02
2.021766602993011475e-01
3.548561409115791321e-02
2.189944833517074585e-01
3.989337384700775146e-02
7.585623115301132202e-02
1.517042964696884155e-01
8.012475073337554932e-02
8.302131295204162598e-02
1.506659686565399170e-01
8.002157509326934814e-02
1.166822463274002075e-01
6.509895622730255127e-02
3.084042668342590332e-01
1.633703522384166718e-02
2.148290872573852539e-01
1.734524071216583252e-01
1.541798375546932220e-02
4.037412106990814209e-01
6.635436788201332092e-03
2.603294253349304199e-01
2.105057239532470703e-02
3.220214694738388062e-02
2.537937462329864502e-01
3.028221428394317627e-02
1.964781135320663452e-01
9.142343699932098389e-02
5.153658613562583923e-02
2.948184907436370850e-01
2.084558643400669098e-02
8.309273421764373779e-02
2.022004425525665283e-01
3.817367553710937500e-02
6.536938250064849854e-02
1.533067673444747925e-01
5.019022524356842041e-02
1.866125762462615967e-01
3.842095285654067993e-02
1.982270330190658569e-01
5.820313096046447754e-02
6.266634911298751831e-02
2.484213858842849731e-01
3.419959172606468201e-02
4.471615701913833618e-02
1.633743196725845337e-01
5.494444817304611206e-02
1.887452006340026855e-01
4.707765579223632812e-02
4.481803253293037415e-02
2.373493015766143799e-01
3.353325277566909790e-02
1.071377098560333252e-01
2.153434902429580688e-01
2.048852667212486267e-02
3.655611276626586914e-01
6.678469944745302200e-03
1.917813569307327271e-01
1.055424511432647705e-01
3.553404286503791809e-02
1.982090920209884644e-01
3.042539209127426147e-02
1.082010120153427124e-01
9.714451432228088379e-02
8.671742677688598633e-02
7.172513753175735474e-02
9.615290910005569458e-02
9.673357754945755005e-02
1.265539526939392090e-01
5.733001232147216797e-02
7.356587052345275879e-02
2.360334992408752441e-01
2.436515688896179199e-02
1.119215041399002075e-01
1.283483058214187622e-01
3.983617946505546570e-02
6.884916126728057861e-02
2.036745697259902954e-01
3.119311854243278503e-02
1.114487797021865845e-01
8.627032488584518433e-02
9.794762730598449707e-02
1.354923844337463379e-01
7.315258681774139404e-02
9.612464904785156250e-02
1.100660637021064758e-01
1.352346241474151611e-01
5.421668291091918945e-02
1.223405450582504272e-01
7.870369404554367065e-02
9.330527484416961670e-02
1.453408300876617432e-01
3.246337920427322388e-02
8.331393450498580933e-02
1.016629636287689209e-01
8.408571779727935791e-02
9.126839041709899902e-02
7.650530338287353516e-02
5.625397339463233948e-02
3.970814943313598633e-01
5.893541034311056137e-03
5.262866020202636719e-01
6.380127742886543274e-03
2.769852578639984131e-01
5.448309704661369324e-02
4.981555789709091187e-02
1.767709255218505859e-01
6.670744717121124268e-02
1.508761942386627197e-01
4.979415237903594971e-02
5.612413585186004639e-02
1.298173218965530396e-01
7.280290126800537109e-02
2.631793320178985596e-01
3.132608160376548767e-02
3.812051713466644287e-01
1.018810551613569260e-02
1.088776290416717529e-01
1.549088060855865479e-01
3.070924617350101471e-02
1.089289262890815735e-01
1.214874535799026489e-01
5.802454799413681030e-02
9.587145596742630005e-02
1.748226732015609741e-01
7.784213870763778687e-02
2.967749536037445068e-01
1.023278478533029556e-02
1.113490536808967590e-01
1.735668331384658813e-01
2.141163311898708344e-02
1.030789837241172791e-01
1.102612912654876709e-01
6.462757289409637451e-02
1.283640861511230469e-01
1.074525564908981323e-01
5.778308212757110596e-02
7.144603878259658813e-02
3.518896996974945068e-01
3.169159870594739914e-03
7.108303904533386230e-02
3.266474008560180664e-01
5.966293625533580780e-03
2.152988314628601074e-01
3.600129857659339905e-02
1.449311077594757080e-01
9.549545496702194214e-02
4.925318062305450439e-02
1.124070733785629272e-01
1.833282709121704102e-01
3.897181898355484009e-02
1.910761594772338867e-01
4.235354065895080566e-02
3.797372803092002869e-02
1.576366871595382690e-01
2.255471237003803253e-02
3.615742325782775879e-01
7.486345246434211731e-03
1.584335863590240479e-01
7.946708798408508301e-02
5.868005752563476562e-02
5.005525797605514526e-02
2.291935086250305176e-01
2.896166965365409851e-02
2.270810008049011230e-01
3.416042774915695190e-02
2.454270422458648682e-01
2.869283966720104218e-02
3.060941770672798157e-02
2.575949430465698242e-01
2.085185423493385315e-02
1.381664723157882690e-01
8.444315195083618164e-02
5.941336601972579956e-02
1.667122840881347656e-01
2.856319025158882141e-02
2.038411498069763184e-01
4.592446982860565186e-02
7.586143165826797485e-02
1.516791433095932007e-01
4.561575874686241150e-02
8.113254606723785400e-02
1.583868712186813354e-01
3.660570457577705383e-02
8.665571361780166626e-02
1.214367076754570007e-01
4.974120855331420898e-02
1.250952035188674927e-01
5.207602307200431824e-02
4.340062662959098816e-02
1.159685030579566956e-01
9.708596765995025635e-02
8.160365372896194458e-02
6.706056743860244751e-02
1.022256612777709961e-01
9.537601470947265625e-02
1.284216046333312988e-01
4.262810945510864258e-02
2.369790077209472656e-01
1.645604148507118225e-02
3.872395455837249756e-01
7.939478382468223572e-03
1.257262229919433594e-01
6.434416025876998901e-02
6.287196278572082520e-02
1.072046756744384766e-01
3.522803634405136108e-02
1.957998126745223999e-01
1.081858202815055847e-01
6.921873986721038818e-02
1.602605283260345459e-01
2.698018588125705719e-02
4.271309673786163330e-01
3.563841339200735092e-03
4.440400302410125732e-01
2.132601570338010788e-03
7.766811251640319824e-01
1.071081496775150299e-04
9.422558546066284180e-01
3.200822323560714722e-02
3.312187790870666504e-01
1.183473616838455200e-01
1.145325824618339539e-01
3.545565605163574219e-01
6.515289843082427979e-02
6.056443452835083008e-01
2.994757518172264099e-02
2.643815279006958008e-01
1.798010766506195068e-01
1.004606559872627258e-01
4.816631674766540527e-01
2.946948260068893433e-02
2.603597939014434814e-01
1.557284891605377197e-01
7.385700941085815430e-02
2.982596755027770996e-01
9.345087409019470215e-02
1.541900932788848877e-01
2.343977093696594238e-01
6.035223603248596191e-02
3.977536559104919434e-01
2.525453642010688782e-02
2.630141079425811768e-01
1.040052250027656555e-01
7.980325818061828613e-02
1.383426934480667114e-01
1.396935880184173584e-01
2.060581296682357788e-01
1.107139140367507935e-01
1.639398187398910522e-01
1.240406408905982971e-01
8.670541644096374512e-02
3.034363985061645508e-01
2.864426001906394958e-02
1.549413800239562988e-01
1.678010821342468262e-01
4.507077485322952271e-02
9.776767343282699585e-02
1.219092532992362976e-01
1.558784842491149902e-01
5.339878797531127930e-02
4.182974100112915039e-01
4.301543347537517548e-03
1.871632337570190430e-01
1.654950082302093506e-01
6.323471665382385254e-02
1.969094574451446533e-01
8.988283574581146240e-02
1.144275814294815063e-01
2.244631946086883545e-01
5.712336301803588867e-02
1.937149763107299805e-01
4.354451224207878113e-02
1.337702870368957520e-01
8.584335446357727051e-02
1.011299192905426025e-01
7.001225650310516357e-02
2.339027822017669678e-01
2.022882550954818726e-02
1.402035951614379883e-01
2.653729915618896484e-01
3.617211058735847473e-02
4.425470530986785889e-02
1.033317521214485168e-01
1.631996035575866699e-01
6.932899355888366699e-02
1.210678294301033020e-01
7.271876186132431030e-02
2.363285869359970093e-01
3.051130846142768860e-02
1.416563391685485840e-01
1.930162161588668823e-01
2.327814325690269470e-02
8.795228600502014160e-02
1.041482388973236084e-01
1.145038455724716187e-01
5.923936516046524048e-02
2.042907774448394775e-01
5.809054523706436157e-02
1.054501682519912720e-01
1.131083965301513672e-01
8.038817346096038818e-02
1.145289167761802673e-01
7.674366980791091919e-02
1.468767374753952026e-01
5.478344112634658813e-02
5.446433648467063904e-02
1.418313682079315186e-01
1.001651883125305176e-01
5.675151944160461426e-02
1.488175094127655029e-01
5.624660477042198181e-02
1.779500544071197510e-01
8.520571887493133545e-02
5.933348089456558228e-02
1.400639265775680542e-01
5.105211585760116577e-02
1.142081990838050842e-01
9.490498900413513184e-02
9.803198277950286865e-02
1.358930766582489014e-01
3.269668295979499817e-02
4.562656953930854797e-02
2.410357892513275146e-01
2.929837815463542938e-02
1.496106944978237152e-02
2.964116930961608887e-01
3.783240541815757751e-02
7.440084964036941528e-02
1.224314048886299133e-01
6.037578731775283813e-02
1.763210296630859375e-01
2.200741693377494812e-02
5.282071232795715332e-02
1.989921033382415771e-01
2.460661903023719788e-02
2.286779582500457764e-01
3.847698867321014404e-02
3.070596978068351746e-02
6.893603801727294922e-01
1.440123654901981354e-03
2.088259905576705933e-01
5.534499883651733398e-02
1.397090703248977661e-01
1.971324533224105835e-01
7.451942563056945801e-02
6.955282092094421387e-01
2.830564044415950775e-03
7.936652898788452148e-01
3.154237288981676102e-03
5.089697837829589844e-01
1.177307143807411194e-01
1.264373064041137695e-01
3.111943304538726807e-01
8.173288404941558838e-02
3.443850278854370117e-01
1.028438210487365723e-01
4.447952806949615479e-01
2.866117097437381744e-02
2.984780967235565186e-01
8.564658463001251221e-02
1.159323230385780334e-01
1.337972730398178101e-01
1.144862622022628784e-01
2.938719987869262695e-01
3.300005942583084106e-02
2.590053379535675049e-01
1.039388328790664673e-01
6.528817862272262573e-02
1.224905550479888916e-01
8.198705315589904785e-02
1.404142379760742188e-01
1.240546852350234985e-01
9.020100533962249756e-02
1.566776037216186523e-01
1.889085173606872559e-01
7.527466118335723877e-02
9.040385484695434570e-02
2.237153053283691406e-01
6.591777503490447998e-02
9.171643853187561035e-02
1.783730685710906982e-01
1.282351315021514893e-01
5.738635733723640442e-02
1.206051111221313477e-01
7.453501969575881958e-02
1.566063463687896729e-01
6.635967642068862915e-02
1.695206016302108765e-01
8.876535296440124512e-02
8.416928350925445557e-02
2.084444165229797363e-01
5.911283195018768311e-02
1.002288460731506348e-01
2.250369340181350708e-01
2.963745594024658203e-02
1.378522515296936035e-01
9.597036242485046387e-02
1.011716201901435852e-01
1.002099588513374329e-01
1.470855623483657837e-01
6.290587782859802246e-02
1.697286218404769897e-01
6.802770495414733887e-02
1.639912724494934082e-01
6.225737556815147400e-02
1.095983237028121948e-01
1.241188645362854004e-01
5.727179348468780518e-02
7.660844177007675171e-02
2.660753726959228516e-01
1.891591772437095642e-02
6.816717237234115601e-02
2.360924482345581055e-01
2.420975267887115479e-02
3.756028413772583008e-02
1.736750304698944092e-01
7.636904716491699219e-02
2.683548256754875183e-02
3.002050220966339111e-01
2.048164606094360352e-02
1.616159826517105103e-01
1.099348142743110657e-01
7.883977890014648438e-02
9.373924881219863892e-02
4.398820549249649048e-02
2.166843712329864502e-01
3.260230273008346558e-02
1.557076424360275269e-01
1.215045899152755737e-01
4.547908529639244080e-02
2.352260947227478027e-01
2.250541374087333679e-02
1.721433103084564209e-01
7.005371898412704468e-02
5.319761857390403748e-02
1.660359501838684082e-01
5.472721904516220093e-02
6.364277005195617676e-02
1.163160651922225952e-01
7.881913334131240845e-02
8.429385721683502197e-02
9.915724396705627441e-02
9.636236727237701416e-02
7.278071343898773193e-02
1.276770979166030884e-01
7.750669866800308228e-02
1.141463220119476318e-01
3.427508100867271423e-02
2.283310443162918091e-01
1.914949528872966766e-02
1.464795470237731934e-01
1.296550929546356201e-01
2.965235710144042969e-02
6.534396857023239136e-02
2.891048192977905273e-01
1.370162423700094223e-02
2.278379201889038086e-01
4.801262915134429932e-02
4.650993645191192627e-02
1.109957695007324219e-01
1.768640130758285522e-01
1.358878426253795624e-02
3.255710601806640625e-01
1.628080755472183228e-02
7.484404742717742920e-02
1.441938877105712891e-01
2.254603058099746704e-02
3.775152564048767090e-02
1.618569493293762207e-01
6.827338784933090210e-02
8.965561538934707642e-02
1.301896423101425171e-01
5.019439011812210083e-02
5.947795882821083069e-02
1.593829542398452759e-01
4.547850042581558228e-02
1.043598279356956482e-01
1.498675942420959473e-01
4.564365744590759277e-02
3.456608206033706665e-02
2.039784193038940430e-01
2.845794521272182465e-02
2.134996056556701660e-01
2.056089788675308228e-02
5.176423117518424988e-02
1.860844790935516357e-01
4.390656203031539917e-02
5.575471743941307068e-02
1.138885319232940674e-01
8.067708462476730347e-02
4.644929617643356323e-02
1.626400649547576904e-01
4.590097814798355103e-02
4.559256136417388916e-02
1.681378483772277832e-01
6.254963576793670654e-02
7.563211768865585327e-02
1.106775552034378052e-01
1.175357475876808167e-01
3.212409839034080505e-02
2.099418044090270996e-01
2.003619447350502014e-02
5.076983571052551270e-02
8.884949982166290283e-02
1.635958254337310791e-01
3.492780402302742004e-02
2.634659707546234131e-01
2.913258224725723267e-02
1.073642969131469727e-01
1.236159652471542358e-01
2.354991436004638672e-02
4.742936789989471436e-02
8.253332227468490601e-02
