7.496387362480163574e-01
5.545552968978881836e-01
9.264240264892578125e-01
9.504106044769287109e-01
9.374020099639892578e-01
8.634220957756042480e-01
8.597097992897033691e-01
9.055243730545043945e-01
9.231277108192443848e-01
9.412068128585815430e-01
9.324208498001098633e-01
8.995914459228515625e-01
9.325267672538757324e-01
9.084746241569519043e-01
9.313360452651977539e-01
9.275292754173278809e-01
9.491257071495056152e-01
9.331359267234802246e-01
9.518172740936279297e-01
9.726252555847167969e-01
9.455207586288452148e-01
9.663128852844238281e-01
9.445704221725463867e-01
9.639816284179687500e-01
9.745853543281555176e-01
9.733849763870239258e-01
9.775322675704956055e-01
8.960204720497131348e-01
9.692380428314208984e-01
9.431409835815429688e-01
9.571183919906616211e-01
9.686095118522644043e-01
9.903299808502197266e-01
9.900609850883483887e-01
9.814058542251586914e-01
9.712119102478027344e-01
9.668159484863281250e-01
9.662403464317321777e-01
9.878913760185241699e-01
9.057630300521850586e-01
9.815505743026733398e-01
9.774396419525146484e-01
9.806957244873046875e-01
9.960128068923950195e-01
9.811134338378906250e-01
9.794548153877258301e-01
9.926944971084594727e-01
9.951235651969909668e-01
8.599405884742736816e-01
9.475157260894775391e-01
9.730002284049987793e-01
9.931302666664123535e-01
9.964228868484497070e-01
9.984080791473388672e-01
9.992009997367858887e-01
9.990452527999877930e-01
9.977357387542724609e-01
9.968215823173522949e-01
9.994597434997558594e-01
9.995142221450805664e-01
9.989020824432373047e-01
9.573106169700622559e-01
9.531289339065551758e-01
9.770832657814025879e-01
9.719980359077453613e-01
9.968810081481933594e-01
9.981445074081420898e-01
4.352479577064514160e-01
9.861049056053161621e-01
9.763848781585693359e-01
9.917218685150146484e-01
9.943281412124633789e-01
6.274306774139404297e-01
7.630575895309448242e-01
9.212648868560791016e-01
9.669184684753417969e-01
9.977491497993469238e-01
9.864048361778259277e-01
6.552155017852783203e-01
9.298422336578369141e-01
9.740761518478393555e-01
9.815347194671630859e-01
9.624169468879699707e-01
9.502026438713073730e-01
9.568750858306884766e-01
9.281400442123413086e-01
8.674214482307434082e-01
9.578363895416259766e-01
5.590631961822509766e-01
9.891878366470336914e-01
9.894908666610717773e-01
9.846673011779785156e-01
7.637441158294677734e-01
7.970104813575744629e-01
9.635126590728759766e-01
9.267747402191162109e-01
9.215682148933410645e-01
9.133601188659667969e-01
8.880802392959594727e-01
9.517952203750610352e-01
9.180796146392822266e-01
9.221264123916625977e-01
9.197856187820434570e-01
9.195392131805419922e-01
9.595263004302978516e-01
8.877161145210266113e-01
9.484034776687622070e-01
9.231215715408325195e-01
2.825158238410949707e-01
9.905390143394470215e-01
9.806966781616210938e-01
8.162990212440490723e-01
9.407510757446289062e-01
9.776082038879394531e-01
9.025552272796630859e-01
9.299744367599487305e-01
9.745215177536010742e-01
7.379304170608520508e-01
9.787390232086181641e-01
4.360069036483764648e-01
9.333343505859375000e-01
9.743563532829284668e-01
9.864443540573120117e-01
9.489046931266784668e-01
8.653900623321533203e-01
9.329265356063842773e-01
7.917981147766113281e-01
8.885868191719055176e-01
9.514797925949096680e-01
8.619015216827392578e-01
9.105140566825866699e-01
8.893738985061645508e-01
8.780701160430908203e-01
9.351602196693420410e-01
9.179320931434631348e-01
7.021604776382446289e-01
9.648087024688720703e-01
9.591462612152099609e-01
9.318861961364746094e-01
9.124072790145874023e-01
7.736818194389343262e-01
9.675842523574829102e-01
9.353450536727905273e-01
9.411478042602539062e-01
9.301203489303588867e-01
9.474876523017883301e-01
9.053331613540649414e-01
9.319893121719360352e-01
7.594148516654968262e-01
9.887577295303344727e-01
8.308863639831542969e-01
9.312446117401123047e-01
6.407037973403930664e-01
9.575388431549072266e-01
8.085165023803710938e-01
8.746861219406127930e-01
9.605996608734130859e-01
9.522013068199157715e-01
9.457134008407592773e-01
9.348862171173095703e-01
9.215327501296997070e-01
9.143866896629333496e-01
9.402473568916320801e-01
9.735689163208007812e-01
9.566149115562438965e-01
9.494469165802001953e-01
9.209258556365966797e-01
8.896889090538024902e-01
9.714502096176147461e-01
4.869055747985839844e-01
9.872558116912841797e-01
6.571400761604309082e-01
8.826199769973754883e-01
9.723083972930908203e-01
9.885113239288330078e-01
9.306054115295410156e-01
9.505183696746826172e-01
9.754775762557983398e-01
9.566777944564819336e-01
9.557424187660217285e-01
9.709764122962951660e-01
9.738508462905883789e-01
9.620012044906616211e-01
9.731697440147399902e-01
9.267627000808715820e-01
9.638356566429138184e-01
9.449079036712646484e-01
9.043645858764648438e-01
9.139853715896606445e-01
9.760637283325195312e-01
9.214272499084472656e-01
9.247584342956542969e-01
9.618877172470092773e-01
9.374832510948181152e-01
9.688295125961303711e-01
9.685044288635253906e-01
9.600533246994018555e-01
9.819722175598144531e-01
9.463989734649658203e-01
9.164983034133911133e-01
9.785128235816955566e-01
9.428107738494873047e-01
9.673266410827636719e-01
9.668470621109008789e-01
9.261693954467773438e-01
9.716866612434387207e-01
9.597503542900085449e-01
9.300689697265625000e-01
9.680311083793640137e-01
9.141154885292053223e-01
9.212238788604736328e-01
9.712514877319335938e-01
8.418482542037963867e-01
9.059727787971496582e-01
9.625205993652343750e-01
9.708889722824096680e-01
8.919280767440795898e-01
9.031717777252197266e-01
9.626184105873107910e-01
9.671404361724853516e-01
9.923387765884399414e-01
1.838372945785522461e-01
8.107497692108154297e-01
9.815853834152221680e-01
9.886614084243774414e-01
9.762656688690185547e-01
9.513088464736938477e-01
9.806891679763793945e-01
9.346004724502563477e-01
9.345824718475341797e-01
9.485372900962829590e-01
9.350783824920654297e-01
9.495639801025390625e-01
7.008466124534606934e-01
9.874992966651916504e-01
2.543674707412719727e-01
9.122750163078308105e-01
9.713509082794189453e-01
4.770525097846984863e-01
8.555331230163574219e-01
9.523078799247741699e-01
9.856948256492614746e-01
9.781212806701660156e-01
9.573156833648681641e-01
9.174329042434692383e-01
9.675037860870361328e-01
9.519463777542114258e-01
9.130779504776000977e-01
9.434046745300292969e-01
9.332758784294128418e-01
9.288409948348999023e-01
9.126888513565063477e-01
8.777954578399658203e-01
9.511668682098388672e-01
7.506666779518127441e-01
9.211218357086181641e-01
9.713657498359680176e-01
8.048927783966064453e-01
9.019851088523864746e-01
9.644904136657714844e-01
9.858021736145019531e-01
9.731428623199462891e-01
9.781167507171630859e-01
9.510902166366577148e-01
9.542362093925476074e-01
9.252982735633850098e-01
9.089048504829406738e-01
8.986996412277221680e-01
8.872939348220825195e-01
9.317215681076049805e-01
9.481506347656250000e-01
9.315778613090515137e-01
9.460480213165283203e-01
8.755810856819152832e-01
9.273179769515991211e-01
9.127808809280395508e-01
9.075430035591125488e-01
9.322158098220825195e-01
9.250798225402832031e-01
8.118491768836975098e-01
9.184737205505371094e-01
6.824935078620910645e-01
9.490242600440979004e-01
8.902324438095092773e-01
8.344254493713378906e-01
9.539507627487182617e-01
4.079841673374176025e-01
9.598330855369567871e-01
9.876329898834228516e-01
8.744600415229797363e-01
8.034529685974121094e-01
8.652861118316650391e-01
9.619972705841064453e-01
8.423643708229064941e-01
9.039970636367797852e-01
9.254987239837646484e-01
9.146773815155029297e-01
8.234614133834838867e-01
9.112788438796997070e-01
9.489847421646118164e-01
8.043562769889831543e-01
9.117503762245178223e-01
9.308525323867797852e-01
6.493950486183166504e-01
9.383329153060913086e-01
9.483796358108520508e-01
7.706175446510314941e-01
8.444055914878845215e-01
9.302116632461547852e-01
8.618062138557434082e-01
9.054386019706726074e-01
9.438793659210205078e-01
6.927286982536315918e-01
9.346443414688110352e-01
9.780876636505126953e-01
9.225369691848754883e-01
8.775290250778198242e-01
9.498233199119567871e-01
7.211759090423583984e-01
9.099680185317993164e-01
9.786436557769775391e-01
9.688947200775146484e-01
9.089688658714294434e-01
9.249389767646789551e-01
9.607353806495666504e-01
8.661616444587707520e-01
9.273818731307983398e-01
8.734900355339050293e-01
8.367162942886352539e-01
9.544101357460021973e-01
8.680406808853149414e-01
9.317854642868041992e-01
7.344495654106140137e-01
9.729222655296325684e-01
9.159927368164062500e-01
8.890092372894287109e-01
9.635717868804931641e-01
9.574537277221679688e-01
9.147023558616638184e-01
9.501341581344604492e-01
9.294985532760620117e-01
9.521518945693969727e-01
9.200446605682373047e-01
9.300867915153503418e-01
9.710597991943359375e-01
6.657621860504150391e-01
9.155393838882446289e-01
9.535429477691650391e-01
9.664033651351928711e-01
9.847351312637329102e-01
9.502843618392944336e-01
8.912837505340576172e-01
9.623450636863708496e-01
9.727321863174438477e-01
9.480396509170532227e-01
9.514307975769042969e-01
9.524773359298706055e-01
8.411209583282470703e-01
9.704800248146057129e-01
4.005611538887023926e-01
9.779224395751953125e-01
6.862784028053283691e-01
7.211667299270629883e-01
9.425225257873535156e-01
9.330625534057617188e-01
7.277823686599731445e-01
8.534681797027587891e-01
7.098175883293151855e-01
8.243579268455505371e-01
7.795863151550292969e-01
8.002774715423583984e-01
9.148086905479431152e-01
7.645428180694580078e-01
8.792538046836853027e-01
8.496396541595458984e-01
8.740051984786987305e-01
8.388330936431884766e-01
8.739508390426635742e-01
8.405140042304992676e-01
7.126047015190124512e-01
9.218515157699584961e-01
8.046895861625671387e-01
9.234121441841125488e-01
5.543570518493652344e-01
9.145453572273254395e-01
9.684540629386901855e-01
8.705523610115051270e-01
8.964001536369323730e-01
9.355268478393554688e-01
9.311608076095581055e-01
9.153100848197937012e-01
8.906000852584838867e-01
8.537643551826477051e-01
9.364826083183288574e-01
7.442992329597473145e-01
9.153624773025512695e-01
9.564418792724609375e-01
9.185783863067626953e-01
9.234167933464050293e-01
9.414122700691223145e-01
8.742616176605224609e-01
9.171482920646667480e-01
9.463341236114501953e-01
9.039690494537353516e-01
9.302890896797180176e-01
9.503546953201293945e-01
9.446773529052734375e-01
9.576689600944519043e-01
9.031872749328613281e-01
9.256893396377563477e-01
9.084165096282958984e-01
9.493514299392700195e-01
9.444282054901123047e-01
9.142338633537292480e-01
9.347108602523803711e-01
9.282642602920532227e-01
9.493751525878906250e-01
9.091983437538146973e-01
9.696513414382934570e-01
9.278540611267089844e-01
9.343590736389160156e-01
9.465081095695495605e-01
8.365658521652221680e-01
9.614087343215942383e-01
5.456674695014953613e-01
9.769324064254760742e-01
8.917981386184692383e-01
9.054760932922363281e-01
9.643771648406982422e-01
8.476784825325012207e-01
9.254873394966125488e-01
8.046150207519531250e-01
9.313560724258422852e-01
9.157730340957641602e-01
9.589274525642395020e-01
9.707310199737548828e-01
3.694967627525329590e-01
9.791250228881835938e-01
6.060063242912292480e-01
9.563310742378234863e-01
9.565150141716003418e-01
7.342513203620910645e-01
9.599744081497192383e-01
8.275511264801025391e-01
9.331364631652832031e-01
9.531585574150085449e-01
8.902904987335205078e-01
8.909159898757934570e-01
9.192470908164978027e-01
8.070228099822998047e-01
9.298163652420043945e-01
9.481579065322875977e-01
8.984748721122741699e-01
8.924952745437622070e-01
9.403698444366455078e-01
6.279973387718200684e-01
9.764165878295898438e-01
5.679825544357299805e-01
9.731508493423461914e-01
8.216969370841979980e-01
9.010289907455444336e-01
8.973682522773742676e-01
6.679677963256835938e-01
9.311619997024536133e-01
8.559268712997436523e-01
8.607808351516723633e-01
9.153603315353393555e-01
8.725540041923522949e-01
8.374801278114318848e-01
9.449026584625244141e-01
7.743943929672241211e-01
9.172375202178955078e-01
9.595180749893188477e-01
7.643256187438964844e-01
9.643697738647460938e-01
6.631945967674255371e-01
9.421623945236206055e-01
9.771467447280883789e-01
9.192413091659545898e-01
8.980247974395751953e-01
9.766190648078918457e-01
9.327986240386962891e-01
8.697565793991088867e-01
9.412844181060791016e-01
9.281278848648071289e-01
8.957949280738830566e-01
9.438689947128295898e-01
8.706536293029785156e-01
8.638956546783447266e-01
8.394018411636352539e-01
8.497112989425659180e-01
9.557182788848876953e-01
8.978805541992187500e-01
9.378243684768676758e-01
9.703510999679565430e-01
9.468078613281250000e-01
9.504978060722351074e-01
8.593567609786987305e-01
9.498158693313598633e-01
6.219903230667114258e-01
9.475014805793762207e-01
9.807286262512207031e-01
8.902451395988464355e-01
9.375876188278198242e-01
9.552497863769531250e-01
8.687946796417236328e-01
9.167488217353820801e-01
9.677280187606811523e-01
6.252256035804748535e-01
9.809919595718383789e-01
9.634237289428710938e-01
9.380010366439819336e-01
9.306806325912475586e-01
9.460272192955017090e-01
8.809201121330261230e-01
8.476327657699584961e-01
9.314253330230712891e-01
7.459617853164672852e-01
9.788569211959838867e-01
8.188350796699523926e-01
9.666228294372558594e-01
9.796255826950073242e-01
9.265865087509155273e-01
9.292584657669067383e-01
9.073792099952697754e-01
9.403512477874755859e-01
7.329187989234924316e-01
9.812880158424377441e-01
3.995856344699859619e-01
9.568279981613159180e-01
9.041060209274291992e-01
8.797584176063537598e-01
8.569635152816772461e-01
8.417343497276306152e-01
9.482485651969909668e-01
8.373863697052001953e-01
9.564096331596374512e-01
5.816195011138916016e-01
9.924255609512329102e-01
4.325827360153198242e-01
9.418989419937133789e-01
9.509612321853637695e-01
8.059401512145996094e-01
9.047521352767944336e-01
8.909744620323181152e-01
4.903406798839569092e-01
9.548861980438232422e-01
3.013882637023925781e-01
9.459415674209594727e-01
9.560929536819458008e-01
9.364377260208129883e-01
9.077159166336059570e-01
8.614609241485595703e-01
9.199957251548767090e-01
7.573736906051635742e-01
8.694322109222412109e-01
9.062886238098144531e-01
7.864138484001159668e-01
8.325602412223815918e-01
9.334377646446228027e-01
7.756371498107910156e-01
8.634763956069946289e-01
9.690924882888793945e-01
7.453212141990661621e-01
9.283442497253417969e-01
9.581937193870544434e-01
9.269717335700988770e-01
9.314889311790466309e-01
9.511911869049072266e-01
9.061084389686584473e-01
8.426616191864013672e-01
9.289455413818359375e-01
8.486254215240478516e-01
9.543218612670898438e-01
8.681666851043701172e-01
9.492299556732177734e-01
8.722642660140991211e-01
9.363477826118469238e-01
9.582987427711486816e-01
8.757647275924682617e-01
8.908592462539672852e-01
9.721601605415344238e-01
9.488910436630249023e-01
9.368864893913269043e-01
8.731623291969299316e-01
9.413304328918457031e-01
8.227854967117309570e-01
9.501990675926208496e-01
8.914400339126586914e-01
8.691484928131103516e-01
9.249373674392700195e-01
8.638102412223815918e-01
9.448928236961364746e-01
9.588724374771118164e-01
5.758877992630004883e-01
9.797747135162353516e-01
8.296300172805786133e-01
7.934091687202453613e-01
9.766126871109008789e-01
8.870075345039367676e-01
8.656215071678161621e-01
9.489853978157043457e-01
6.590471267700195312e-01
9.399237632751464844e-01
9.799349308013916016e-01
9.041310548782348633e-01
8.883448243141174316e-01
9.638878107070922852e-01
5.894858837127685547e-01
9.633829593658447266e-01
8.285006880760192871e-01
9.761772155761718750e-01
9.292976260185241699e-01
9.277669191360473633e-01
8.557348251342773438e-01
9.719579219818115234e-01
1.829270720481872559e-01
9.920012950897216797e-01
8.485321402549743652e-01
8.763155937194824219e-01
8.956412076950073242e-01
8.039592504501342773e-01
8.970437049865722656e-01
3.853597044944763184e-01
9.749293327331542969e-01
6.840715408325195312e-01
8.334313631057739258e-01
9.549440145492553711e-01
6.514124870300292969e-01
7.886407375335693359e-01
7.970041036605834961e-01
7.988607883453369141e-01
8.924132585525512695e-01
8.767021894454956055e-01
8.430140614509582520e-01
8.937606811523437500e-01
7.980921268463134766e-01
9.570528864860534668e-01
9.346274137496948242e-01
8.517191410064697266e-01
9.100879430770874023e-01
8.463222980499267578e-01
8.859949111938476562e-01
8.779441118240356445e-01
9.450269937515258789e-01
7.921218872070312500e-01
8.939987421035766602e-01
9.247670173645019531e-01
6.788464784622192383e-01
9.742087125778198242e-01
7.957701683044433594e-01
9.342593550682067871e-01
9.588225483894348145e-01
9.238033890724182129e-01
8.756797313690185547e-01
9.506490230560302734e-01
9.374675750732421875e-01
8.675851821899414062e-01
9.185616374015808105e-01
9.321351051330566406e-01
8.609895110130310059e-01
9.412554502487182617e-01
8.497012257575988770e-01
8.833113312721252441e-01
9.324483871459960938e-01
8.893729448318481445e-01
9.344086050987243652e-01
9.076298475265502930e-01
7.886838316917419434e-01
9.402677416801452637e-01
8.220783472061157227e-01
9.148038029670715332e-01
9.676470756530761719e-01
9.462130069732666016e-01
9.096581935882568359e-01
9.112559556961059570e-01
9.235530495643615723e-01
9.056938886642456055e-01
8.596910834312438965e-01
8.928762674331665039e-01
8.952374458312988281e-01
9.121819138526916504e-01
8.579500913619995117e-01
9.178736209869384766e-01
8.493319749832153320e-01
9.428092837333679199e-01
7.141279578208923340e-01
9.649049043655395508e-01
9.255212545394897461e-01
8.867397904396057129e-01
9.590430259704589844e-01
9.332928657531738281e-01
8.379030823707580566e-01
9.462949037551879883e-01
6.450096368789672852e-01
9.885490536689758301e-01
2.953252196311950684e-01
9.803205728530883789e-01
9.464701414108276367e-01
8.235234022140502930e-01
9.482586979866027832e-01
6.315107941627502441e-01
9.165656566619873047e-01
6.172190904617309570e-01
9.403985738754272461e-01
9.122631549835205078e-01
8.866363763809204102e-01
9.404621720314025879e-01
9.274796247482299805e-01
8.560369610786437988e-01
8.748867511749267578e-01
5.575629472732543945e-01
9.779256582260131836e-01
8.808732032775878906e-01
8.619098067283630371e-01
9.456357955932617188e-01
9.653148055076599121e-01
8.441683053970336914e-01
8.802950382232666016e-01
9.447829723358154297e-01
6.102580428123474121e-01
9.631689786911010742e-01
9.474104642868041992e-01
9.420141577720642090e-01
9.639645814895629883e-01
9.257109165191650391e-01
7.952829599380493164e-01
9.051660299301147461e-01
8.888842463493347168e-01
9.275664091110229492e-01
9.087996482849121094e-01
7.888767123222351074e-01
9.841538071632385254e-01
8.490931987762451172e-01
9.043281078338623047e-01
9.076879024505615234e-01
8.895217180252075195e-01
9.402517080307006836e-01
8.997356295585632324e-01
9.487180709838867188e-01
8.763095140457153320e-01
9.230131506919860840e-01
9.600968360900878906e-01
7.985610365867614746e-01
9.476290941238403320e-01
7.326967716217041016e-01
9.563258886337280273e-01
9.298406839370727539e-01
9.053664207458496094e-01
9.134703278541564941e-01
6.617196798324584961e-01
9.894943237304687500e-01
5.810215473175048828e-01
8.752976655960083008e-01
9.534227252006530762e-01
5.440759062767028809e-01
9.674688577651977539e-01
4.231440424919128418e-01
9.561597108840942383e-01
9.631454944610595703e-01
8.797296285629272461e-01
9.046023488044738770e-01
9.345970153808593750e-01
7.958188056945800781e-01
9.494909644126892090e-01
4.225616455078125000e-01
9.802211523056030273e-01
7.794005870819091797e-01
7.627823352813720703e-01
9.855188131332397461e-01
8.588123917579650879e-01
8.692472577095031738e-01
9.274424314498901367e-01
9.142298698425292969e-01
8.468165397644042969e-01
9.583258628845214844e-01
9.164470434188842773e-01
8.728981018066406250e-01
9.418123364448547363e-01
9.179551601409912109e-01
8.806837201118469238e-01
8.482114076614379883e-01
8.817503452301025391e-01
8.958345651626586914e-01
8.868390321731567383e-01
9.251705408096313477e-01
7.455745935440063477e-01
9.333357214927673340e-01
9.456089735031127930e-01
9.311780929565429688e-01
9.253895282745361328e-01
9.003892540931701660e-01
8.344111442565917969e-01
9.666270017623901367e-01
8.552092313766479492e-01
9.093461036682128906e-01
8.885976076126098633e-01
9.778231382369995117e-01
8.985524177551269531e-01
8.721592426300048828e-01
9.291346073150634766e-01
7.936286926269531250e-01
9.199055433273315430e-01
8.333712816238403320e-01
9.465612769126892090e-01
9.756888747215270996e-01
7.566334009170532227e-01
9.465972185134887695e-01
8.910033702850341797e-01
8.848387002944946289e-01
9.520627856254577637e-01
7.901074886322021484e-01
9.528905153274536133e-01
9.086066484451293945e-01
8.526582717895507812e-01
8.907737135887145996e-01
8.426361083984375000e-01
9.615181684494018555e-01
8.707299232482910156e-01
9.546198844909667969e-01
9.501514434814453125e-01
8.101078271865844727e-01
9.522539377212524414e-01
8.772174119949340820e-01
9.625962376594543457e-01
9.001300334930419922e-01
9.096049666404724121e-01
9.206537008285522461e-01
9.196966886520385742e-01
8.777085542678833008e-01
7.861843109130859375e-01
9.775735139846801758e-01
4.466966092586517334e-01
9.899083375930786133e-01
4.439280629158020020e-01
9.766930937767028809e-01
9.329217076301574707e-01
8.530961871147155762e-01
8.360355496406555176e-01
9.063640832901000977e-01
6.921364068984985352e-01
9.686156511306762695e-01
9.331435561180114746e-01
8.295896649360656738e-01
9.017988443374633789e-01
3.166856765747070312e-01
9.948831796646118164e-01
6.381298303604125977e-01
8.939000964164733887e-01
9.404435157775878906e-01
9.164658784866333008e-01
8.524934649467468262e-01
9.400706887245178223e-01
9.426021575927734375e-01
6.068593263626098633e-01
9.709284305572509766e-01
5.500296950340270996e-01
9.100186824798583984e-01
9.788492321968078613e-01
9.800748825073242188e-01
9.528136849403381348e-01
9.248375296592712402e-01
8.735674619674682617e-01
8.915283679962158203e-01
8.418436646461486816e-01
9.047988653182983398e-01
8.433215618133544922e-01
9.058173894882202148e-01
4.488904774188995361e-01
9.893791675567626953e-01
9.904870986938476562e-01
9.318646192550659180e-01
9.554644823074340820e-01
8.982666730880737305e-01
9.290108680725097656e-01
9.307637214660644531e-01
9.052459001541137695e-01
9.237634539604187012e-01
9.404038786888122559e-01
9.374933242797851562e-01
8.632861375808715820e-01
9.205501675605773926e-01
8.597167730331420898e-01
8.574527502059936523e-01
8.949307203292846680e-01
8.836971521377563477e-01
9.441543817520141602e-01
8.719657063484191895e-01
8.729884028434753418e-01
8.948063850402832031e-01
8.375912308692932129e-01
9.053481817245483398e-01
9.465147852897644043e-01
8.912720084190368652e-01
9.388702511787414551e-01
8.529382944107055664e-01
9.183757305145263672e-01
9.186902046203613281e-01
7.476072907447814941e-01
9.706396460533142090e-01
5.651777386665344238e-01
9.597562551498413086e-01
9.838444590568542480e-01
7.544094324111938477e-01
9.528778195381164551e-01
9.407263398170471191e-01
9.113671779632568359e-01
9.352244138717651367e-01
9.116531610488891602e-01
7.896024584770202637e-01
9.391966462135314941e-01
5.328415036201477051e-01
9.626564979553222656e-01
9.557008743286132812e-01
8.315442204475402832e-01
8.814551830291748047e-01
9.397237300872802734e-01
5.106928348541259766e-01
9.800333976745605469e-01
6.242372393608093262e-01
9.371317028999328613e-01
9.768993854522705078e-01
8.199852705001831055e-01
8.961486816406250000e-01
9.502365589141845703e-01
7.627302408218383789e-01
9.413641095161437988e-01
8.866961598396301270e-01
9.017164707183837891e-01
9.071645736694335938e-01
9.065105915069580078e-01
9.274169206619262695e-01
9.194249510765075684e-01
8.926946520805358887e-01
7.187384366989135742e-01
9.949942231178283691e-01
8.677831888198852539e-01
9.175788164138793945e-01
9.439290761947631836e-01
9.475919604301452637e-01
9.736917018890380859e-01
7.272693514823913574e-01
9.573037624359130859e-01
7.073714733123779297e-01
9.473273754119873047e-01
9.161810874938964844e-01
9.085302352905273438e-01
8.964948654174804688e-01
8.082687258720397949e-01
9.530084133148193359e-01
2.007438689470291138e-01
9.926387071609497070e-01
9.847515225410461426e-01
8.783721923828125000e-01
9.064544439315795898e-01
8.709065914154052734e-01
8.008954524993896484e-01
9.805059432983398438e-01
6.317251920700073242e-01
9.682872295379638672e-01
9.523335695266723633e-01
7.014715671539306641e-01
9.518528580665588379e-01
9.430097937583923340e-01
8.022140264511108398e-01
8.639830350875854492e-01
5.118648409843444824e-01
9.812853336334228516e-01
3.255279660224914551e-01
9.716040492057800293e-01
9.877263307571411133e-01
9.575921297073364258e-01
8.039727807044982910e-01
8.850228786468505859e-01
9.397505521774291992e-01
8.345373868942260742e-01
9.423341751098632812e-01
8.395231366157531738e-01
8.798336982727050781e-01
8.161443471908569336e-01
9.392925500869750977e-01
8.465180397033691406e-01
9.201859235763549805e-01
9.186279773712158203e-01
8.764718770980834961e-01
8.877109289169311523e-01
7.807477712631225586e-01
9.163507819175720215e-01
8.027089834213256836e-01
9.327898025512695312e-01
8.380123972892761230e-01
9.179736375808715820e-01
9.435165524482727051e-01
7.853603959083557129e-01
9.261506199836730957e-01
6.848906278610229492e-01
9.615728855133056641e-01
9.584702253341674805e-01
9.273788928985595703e-01
9.264404177665710449e-01
9.019438028335571289e-01
9.023237228393554688e-01
9.082334041595458984e-01
8.281458616256713867e-01
9.206453561782836914e-01
8.198272585868835449e-01
9.333226680755615234e-01
8.917237520217895508e-01
8.860146403312683105e-01
9.291999340057373047e-01
8.687713146209716797e-01
9.416544437408447266e-01
7.361459732055664062e-01
9.876428842544555664e-01
8.363596796989440918e-01
9.250355362892150879e-01
9.738284945487976074e-01
8.648216128349304199e-01
9.110406637191772461e-01
9.443168044090270996e-01
8.208154439926147461e-01
9.495093822479248047e-01
7.760975360870361328e-01
9.008201956748962402e-01
8.534365892410278320e-01
9.206660389900207520e-01
8.073157072067260742e-01
9.136660695075988770e-01
9.062684178352355957e-01
9.310551881790161133e-01
9.407364130020141602e-01
8.421828150749206543e-01
9.518562555313110352e-01
8.259976506233215332e-01
9.446329474449157715e-01
7.986807227134704590e-01
8.898237347602844238e-01
9.686203002929687500e-01
6.841644644737243652e-01
9.754365682601928711e-01
9.112696051597595215e-01
8.437484502792358398e-01
9.683617353439331055e-01
5.201373696327209473e-01
9.855613708496093750e-01
5.907282233238220215e-01
9.742754697799682617e-01
9.850907325744628906e-01
8.559886217117309570e-01
8.716939687728881836e-01
9.358084797859191895e-01
6.784016489982604980e-01
9.854173660278320312e-01
1.228908896446228027e-01
9.604299068450927734e-01
9.975677728652954102e-01
9.856572151184082031e-01
9.620396494865417480e-01
9.181616902351379395e-01
8.617308139801025391e-01
9.474316835403442383e-01
3.285182118415832520e-01
9.988794326782226562e-01
6.973326802253723145e-01
7.706351280212402344e-01
9.739600419998168945e-01
6.407330036163330078e-01
8.733796477317810059e-01
8.984669446945190430e-01
8.536485433578491211e-01
8.915039300918579102e-01
7.398356199264526367e-01
8.882714509963989258e-01
8.190981745719909668e-01
8.448165655136108398e-01
9.319922924041748047e-01
8.484326601028442383e-01
7.718183398246765137e-01
9.312741756439208984e-01
8.330235481262207031e-01
8.822855353355407715e-01
8.977007269859313965e-01
8.546057939529418945e-01
9.302065372467041016e-01
8.577169775962829590e-01
9.261211156845092773e-01
9.055716991424560547e-01
8.748699426651000977e-01
9.173765778541564941e-01
9.024599790573120117e-01
8.932557106018066406e-01
9.454470872879028320e-01
7.470600605010986328e-01
8.996053934097290039e-01
9.212491512298583984e-01
9.321119785308837891e-01
8.878628015518188477e-01
9.170080423355102539e-01
8.902810811996459961e-01
8.925459384918212891e-01
9.121484756469726562e-01
8.682708144187927246e-01
9.124982357025146484e-01
8.429567813873291016e-01
8.926227092742919922e-01
9.131984710693359375e-01
9.193810820579528809e-01
8.947508335113525391e-01
9.144017696380615234e-01
9.424952864646911621e-01
8.350725173950195312e-01
9.556462764739990234e-01
8.519898653030395508e-01
9.424597024917602539e-01
9.529184699058532715e-01
8.883236646652221680e-01
7.688820362091064453e-01
9.655418395996093750e-01
5.660244226455688477e-01
9.615288972854614258e-01
9.632407426834106445e-01
8.904703855514526367e-01
8.986353874206542969e-01
8.979943990707397461e-01
7.497271895408630371e-01
9.194786548614501953e-01
7.839229106903076172e-01
9.070112705230712891e-01
9.443248510360717773e-01
8.758319616317749023e-01
8.897439241409301758e-01
9.148942232131958008e-01
8.912485837936401367e-01
9.155747890472412109e-01
9.400547742843627930e-01
9.359638094902038574e-01
8.276262283325195312e-01
9.308663606643676758e-01
8.524594306945800781e-01
9.164838790893554688e-01
9.558581709861755371e-01
4.467681348323822021e-01
9.801139235496520996e-01
9.672046899795532227e-01
6.367888450622558594e-01
9.274348020553588867e-01
8.412483334541320801e-01
8.154528141021728516e-01
9.461119771003723145e-01
7.547453641891479492e-01
8.397894501686096191e-01
9.342471361160278320e-01
7.722085118293762207e-01
8.934570550918579102e-01
8.877531290054321289e-01
8.758072257041931152e-01
8.727195262908935547e-01
8.677766323089599609e-01
9.152806997299194336e-01
8.845248222351074219e-01
9.450005292892456055e-01
8.962260484695434570e-01
8.843511343002319336e-01
9.225547313690185547e-01
9.075093269348144531e-01
9.076273441314697266e-01
8.381708860397338867e-01
9.207776188850402832e-01
8.038930892944335938e-01
9.429326653480529785e-01
9.206268191337585449e-01
8.080047965049743652e-01
9.532152414321899414e-01
8.751840591430664062e-01
8.887441158294677734e-01
9.653037190437316895e-01
7.749328613281250000e-01
9.355802536010742188e-01
9.839416742324829102e-01
8.765364289283752441e-01
8.672451972961425781e-01
9.529759883880615234e-01
6.991679668426513672e-01
8.635330796241760254e-01
9.855790734291076660e-01
8.975834846496582031e-01
9.030711650848388672e-01
9.277224540710449219e-01
8.071714639663696289e-01
9.398373961448669434e-01
7.946926951408386230e-01
9.106590151786804199e-01
8.501043915748596191e-01
9.022674560546875000e-01
9.386814832687377930e-01
8.830071091651916504e-01
9.269766807556152344e-01
9.110306501388549805e-01
8.735052943229675293e-01
8.962521553039550781e-01
9.125074148178100586e-01
8.580540418624877930e-01
9.033738374710083008e-01
8.896998167037963867e-01
8.411031365394592285e-01
8.368912339210510254e-01
9.069625139236450195e-01
9.426950216293334961e-01
9.135009050369262695e-01
8.656058311462402344e-01
9.124221205711364746e-01
6.358982324600219727e-01
9.673607349395751953e-01
8.346695899963378906e-01
8.349291682243347168e-01
9.883236885070800781e-01
9.794007539749145508e-01
8.366359472274780273e-01
9.250954389572143555e-01
6.390158534049987793e-01
9.926302433013916016e-01
2.198029756546020508e-01
9.748678803443908691e-01
9.525361061096191406e-01
6.025141477584838867e-01
9.860084056854248047e-01
6.975923776626586914e-01
8.220670819282531738e-01
9.839333295822143555e-01
6.715772151947021484e-01
9.514662027359008789e-01
8.719214200973510742e-01
8.654240369796752930e-01
9.134168624877929688e-01
7.411932945251464844e-01
9.630158543586730957e-01
6.189945936203002930e-01
9.756121635437011719e-01
9.434483051300048828e-01
8.536701202392578125e-01
8.833833932876586914e-01
9.297270774841308594e-01
7.982155084609985352e-01
9.045902490615844727e-01
9.697824120521545410e-01
8.434972167015075684e-01
7.848355770111083984e-01
8.084113597869873047e-01
9.630683064460754395e-01
9.013423919677734375e-01
9.415278434753417969e-01
8.793269991874694824e-01
9.556336998939514160e-01
9.347951412200927734e-01
7.136521339416503906e-01
9.511210918426513672e-01
4.639608860015869141e-01
9.795154333114624023e-01
9.847292900085449219e-01
9.158657789230346680e-01
9.167600274085998535e-01
8.649803996086120605e-01
9.060231447219848633e-01
8.754036426544189453e-01
9.017916321754455566e-01
9.291395545005798340e-01
8.542962074279785156e-01
9.202820062637329102e-01
8.733424544334411621e-01
9.348437786102294922e-01
8.977223634719848633e-01
8.936741352081298828e-01
8.701550960540771484e-01
9.016516804695129395e-01
9.236869812011718750e-01
9.199842810630798340e-01
9.651549458503723145e-01
8.544152975082397461e-01
9.481637477874755859e-01
6.786968111991882324e-01
9.304866194725036621e-01
9.745754003524780273e-01
8.446842432022094727e-01
8.964610099792480469e-01
9.552477598190307617e-01
7.706047892570495605e-01
9.507838487625122070e-01
9.339570403099060059e-01
7.990686297416687012e-01
9.752391576766967773e-01
3.456384539604187012e-01
9.894510507583618164e-01
7.709848880767822266e-01
8.975278139114379883e-01
9.927363395690917969e-01
6.671879887580871582e-01
9.479638338088989258e-01
8.877425193786621094e-01
8.232338428497314453e-01
8.863692879676818848e-01
9.231290817260742188e-01
7.655448913574218750e-01
9.502479434013366699e-01
7.349076867103576660e-01
9.346171021461486816e-01
8.399111032485961914e-01
8.614564538002014160e-01
9.589807987213134766e-01
8.523381948471069336e-01
8.580683469772338867e-01
9.826282262802124023e-01
7.701683640480041504e-01
9.153878688812255859e-01
9.562014341354370117e-01
8.009907007217407227e-01
8.728059530258178711e-01
8.219045996665954590e-01
9.497725963592529297e-01
9.086582064628601074e-01
8.309264183044433594e-01
9.604197144508361816e-01
8.246965408325195312e-01
9.196982383728027344e-01
9.499807357788085938e-01
6.901321411132812500e-01
9.482972025871276855e-01
9.338687658309936523e-01
8.335350155830383301e-01
9.084396362304687500e-01
9.662082195281982422e-01
7.751535177230834961e-01
9.550748467445373535e-01
9.656378030776977539e-01
8.580070734024047852e-01
8.579631447792053223e-01
9.799370169639587402e-01
1.964359879493713379e-01
9.734407067298889160e-01
9.608694911003112793e-01
9.182118177413940430e-01
9.241646528244018555e-01
8.777292966842651367e-01
9.376697540283203125e-01
8.545297384262084961e-01
8.807358741760253906e-01
7.958570122718811035e-01
8.982421159744262695e-01
8.503214120864868164e-01
9.296652674674987793e-01
8.827184438705444336e-01
9.536322951316833496e-01
7.922343611717224121e-01
9.045009016990661621e-01
8.910869359970092773e-01
6.991373300552368164e-01
9.629247188568115234e-01
9.609899520874023438e-01
9.018339514732360840e-01
9.140137434005737305e-01
7.724912762641906738e-01
9.405168890953063965e-01
9.142163991928100586e-01
9.079884290695190430e-01
9.192094802856445312e-01
8.578367829322814941e-01
9.030835628509521484e-01
9.535441398620605469e-01
8.224577903747558594e-01
9.183593988418579102e-01
9.201875925064086914e-01
9.289335012435913086e-01
8.638293147087097168e-01
8.388384580612182617e-01
8.452805280685424805e-01
9.125671386718750000e-01
7.785935401916503906e-01
9.625463485717773438e-01
9.591346383094787598e-01
7.790261507034301758e-01
9.742300510406494141e-01
7.514741420745849609e-01
9.333916902542114258e-01
6.914666891098022461e-01
9.449043869972229004e-01
9.645487070083618164e-01
8.075779676437377930e-01
8.665668964385986328e-01
8.498579263687133789e-01
8.672077655792236328e-01
8.871389031410217285e-01
9.174327254295349121e-01
7.784453034400939941e-01
9.867895841598510742e-01
7.835279703140258789e-01
9.372946023941040039e-01
9.791067838668823242e-01
8.200659155845642090e-01
9.454021453857421875e-01
7.938919067382812500e-01
9.618706107139587402e-01
8.668798208236694336e-01
9.161981344223022461e-01
7.968018054962158203e-01
9.609094262123107910e-01
8.875864744186401367e-01
8.844070434570312500e-01
9.639851450920104980e-01
3.575008511543273926e-01
9.905719757080078125e-01
4.913632869720458984e-01
9.878872632980346680e-01
8.179820775985717773e-01
8.450211286544799805e-01
9.766167402267456055e-01
9.252015352249145508e-01
7.000057697296142578e-01
9.417972564697265625e-01
4.637826383113861084e-01
9.750746488571166992e-01
9.918169975280761719e-01
9.377200603485107422e-01
8.150238990783691406e-01
9.525507688522338867e-01
8.172229528427124023e-01
8.540733456611633301e-01
6.262380480766296387e-01
9.753592014312744141e-01
5.179494023323059082e-01
9.856646060943603516e-01
9.814071059226989746e-01
9.155002832412719727e-01
9.007076621055603027e-01
8.478513956069946289e-01
9.528266191482543945e-01
8.207228779792785645e-01
9.242833852767944336e-01
8.467946052551269531e-01
8.497102260589599609e-01
8.874517679214477539e-01
7.550785541534423828e-01
9.511929750442504883e-01
5.841684937477111816e-01
9.705957770347595215e-01
7.313299179077148438e-01
8.618540763854980469e-01
9.386972188949584961e-01
8.191142082214355469e-01
9.019286632537841797e-01
9.617810845375061035e-01
9.236979484558105469e-01
7.914154529571533203e-01
9.493831396102905273e-01
5.513967275619506836e-01
9.792664051055908203e-01
9.097593426704406738e-01
9.312445521354675293e-01
9.535255432128906250e-01
8.505724668502807617e-01
9.154531955718994141e-01
7.637782692909240723e-01
9.364923238754272461e-01
6.226617693901062012e-01
9.493157267570495605e-01
9.509391188621520996e-01
9.286752939224243164e-01
9.624543190002441406e-01
8.916187882423400879e-01
9.233476519584655762e-01
8.698663711547851562e-01
9.735435843467712402e-01
8.300868272781372070e-01
8.790541887283325195e-01
9.125767350196838379e-01
7.815482616424560547e-01
9.098991155624389648e-01
9.010344743728637695e-01
9.021928310394287109e-01
9.500941038131713867e-01
8.632042407989501953e-01
8.965770006179809570e-01
9.312116503715515137e-01
7.567524909973144531e-01
9.530696868896484375e-01
7.596408128738403320e-01
9.408088922500610352e-01
9.494973421096801758e-01
9.264129996299743652e-01
8.807616233825683594e-01
8.815746903419494629e-01
5.727359056472778320e-01
9.911608695983886719e-01
4.331027269363403320e-01
9.675630331039428711e-01
9.795079231262207031e-01
9.060432910919189453e-01
9.193462133407592773e-01
9.021147489547729492e-01
8.215451240539550781e-01
8.711223602294921875e-01
8.069578409194946289e-01
9.559330940246582031e-01
8.678358793258666992e-01
9.489694833755493164e-01
9.417324066162109375e-01
8.882764577865600586e-01
9.128615856170654297e-01
9.144193530082702637e-01
8.922297954559326172e-01
9.077032208442687988e-01
6.202577352523803711e-01
9.901309013366699219e-01
7.925181984901428223e-01
9.212924242019653320e-01
9.684766530990600586e-01
6.507685780525207520e-01
9.537268877029418945e-01
9.346520900726318359e-01
8.802850842475891113e-01
8.902636170387268066e-01
9.559601545333862305e-01
8.743004798889160156e-01
9.088809490203857422e-01
6.378438472747802734e-01
9.899452924728393555e-01
5.234649777412414551e-01
9.528991580009460449e-01
9.934086799621582031e-01
9.130331873893737793e-01
8.674359917640686035e-01
9.286307692527770996e-01
3.397384285926818848e-01
9.783334732055664062e-01
8.070538640022277832e-01
8.595398664474487305e-01
9.808304309844970703e-01
7.360050082206726074e-01
9.408652782440185547e-01
9.836016893386840820e-01
8.416268229484558105e-01
9.004241228103637695e-01
9.486742615699768066e-01
8.900535106658935547e-01
8.956212401390075684e-01
9.413327574729919434e-01
8.329966068267822266e-01
9.331672191619873047e-01
8.719259500503540039e-01
8.947497606277465820e-01
7.630097866058349609e-01
9.138364791870117188e-01
9.238884449005126953e-01
8.775644302368164062e-01
9.061176180839538574e-01
8.394652605056762695e-01
9.143751859664916992e-01
8.151080012321472168e-01
9.174205064773559570e-01
9.431717991828918457e-01
8.217920660972595215e-01
9.494872093200683594e-01
7.819914817810058594e-01
9.673737287521362305e-01
7.623336315155029297e-01
9.088520407676696777e-01
9.514008760452270508e-01
8.481500148773193359e-01
8.850890398025512695e-01
9.312407970428466797e-01
8.664723634719848633e-01
9.303591251373291016e-01
9.005365371704101562e-01
9.117710590362548828e-01
9.195437431335449219e-01
9.356790781021118164e-01
9.533443450927734375e-01
7.982917428016662598e-01
9.704458117485046387e-01
8.850104808807373047e-01
8.907074928283691406e-01
8.321198821067810059e-01
9.070204496383666992e-01
5.703592300415039062e-01
9.932151436805725098e-01
6.704695224761962891e-01
9.416112899780273438e-01
9.462208151817321777e-01
8.762279152870178223e-01
9.337422847747802734e-01
8.243998289108276367e-01
9.246467351913452148e-01
7.709741592407226562e-01
9.209344387054443359e-01
8.491805791854858398e-01
8.445560932159423828e-01
9.199557900428771973e-01
7.982199192047119141e-01
9.543061256408691406e-01
9.854654669761657715e-01
9.161707162857055664e-01
9.132923483848571777e-01
9.057766199111938477e-01
7.718902826309204102e-01
9.821703433990478516e-01
6.455518007278442383e-01
9.563758373260498047e-01
9.230707287788391113e-01
9.226688146591186523e-01
9.714412093162536621e-01
8.415256738662719727e-01
9.446481466293334961e-01
9.163851737976074219e-01
8.595557212829589844e-01
8.853657245635986328e-01
9.319083690643310547e-01
8.922531008720397949e-01
8.967388868331909180e-01
9.500449299812316895e-01
9.003890752792358398e-01
9.072808027267456055e-01
9.301996827125549316e-01
8.986179828643798828e-01
8.903569579124450684e-01
8.516367077827453613e-01
9.332192540168762207e-01
8.408015966415405273e-01
9.242605566978454590e-01
9.330873489379882812e-01
9.182578325271606445e-01
9.092460870742797852e-01
9.008436799049377441e-01
8.179208040237426758e-01
9.268180131912231445e-01
6.420017480850219727e-01
9.847976565361022949e-01
9.735598564147949219e-01
8.846549987792968750e-01
8.985957503318786621e-01
9.398939013481140137e-01
8.932442665100097656e-01
7.199294567108154297e-01
9.642739295959472656e-01
9.388049840927124023e-01
9.003665447235107422e-01
8.746325969696044922e-01
9.616934061050415039e-01
8.763908147811889648e-01
9.494068026542663574e-01
9.095605611801147461e-01
8.539448976516723633e-01
9.372695684432983398e-01
7.791815996170043945e-01
9.410251975059509277e-01
8.959597349166870117e-01
9.653455615043640137e-01
8.938606381416320801e-01
9.213701486587524414e-01
9.394686222076416016e-01
7.781774997711181641e-01
8.995106220245361328e-01
8.469012975692749023e-01
9.371400475502014160e-01
8.363855481147766113e-01
9.406396150588989258e-01
9.619653224945068359e-01
9.205494523048400879e-01
9.429284334182739258e-01
7.796007990837097168e-01
9.764007329940795898e-01
8.975963592529296875e-01
9.437324404716491699e-01
9.142404794692993164e-01
9.150289297103881836e-01
9.079174995422363281e-01
9.316176772117614746e-01
8.892539739608764648e-01
9.401082396507263184e-01
8.601052761077880859e-01
9.521693587303161621e-01
9.193363785743713379e-01
9.271362423896789551e-01
9.215148687362670898e-01
8.731915354728698730e-01
8.967284560203552246e-01
9.703987836837768555e-01
8.845562934875488281e-01
9.479161500930786133e-01
8.763294816017150879e-01
9.580596685409545898e-01
8.909786939620971680e-01
9.698079228401184082e-01
9.096736311912536621e-01
8.494964838027954102e-01
9.698299169540405273e-01
3.762900829315185547e-01
9.985842704772949219e-01
5.867472887039184570e-01
9.659948945045471191e-01
8.460644483566284180e-01
8.524864912033081055e-01
8.822600245475769043e-01
8.255817890167236328e-01
9.356505870819091797e-01
7.706186771392822266e-01
8.287993073463439941e-01
8.434965610504150391e-01
9.039661884307861328e-01
7.627526521682739258e-01
9.736704826354980469e-01
3.667192161083221436e-02
9.927632808685302734e-01
2.870925366878509521e-01
9.883399605751037598e-01
8.820483684539794922e-01
7.461835145950317383e-01
9.166838526725769043e-01
9.319093227386474609e-01
6.759749650955200195e-01
9.426720142364501953e-01
3.933179378509521484e-01
9.554383754730224609e-01
8.121526837348937988e-01
7.799463272094726562e-01
9.255956411361694336e-01
8.096080422401428223e-01
8.543986082077026367e-01
7.869048118591308594e-01
8.593161106109619141e-01
6.242143511772155762e-01
9.760231971740722656e-01
6.545885801315307617e-01
7.877088785171508789e-01
9.821903705596923828e-01
7.264342308044433594e-01
7.494176030158996582e-01
9.855139255523681641e-01
4.231373071670532227e-01
9.050742387771606445e-01
9.747568368911743164e-01
8.863366842269897461e-01
8.098201751708984375e-01
8.786679506301879883e-01
6.683381795883178711e-01
8.918743133544921875e-01
7.322341203689575195e-01
8.861173391342163086e-01
8.528721332550048828e-01
9.384042024612426758e-01
8.663421869277954102e-01
9.058954119682312012e-01
8.991545438766479492e-01
8.466224670410156250e-01
9.298980832099914551e-01
8.973302841186523438e-01
8.449095487594604492e-01
8.976396918296813965e-01
9.177298545837402344e-01
8.897886276245117188e-01
8.960368633270263672e-01
8.494558334350585938e-01
7.873100042343139648e-01
9.191122651100158691e-01
8.801063299179077148e-01
9.160741567611694336e-01
9.287438392639160156e-01
8.615514039993286133e-01
8.337118625640869141e-01
9.015892744064331055e-01
8.102461099624633789e-01
9.106946587562561035e-01
9.389516115188598633e-01
8.795935511589050293e-01
8.993161916732788086e-01
8.923965096473693848e-01
7.579332590103149414e-01
9.635545015335083008e-01
7.550901174545288086e-01
9.234623312950134277e-01
8.914011716842651367e-01
8.096066713333129883e-01
9.231026172637939453e-01
5.304611921310424805e-01
9.823762178421020508e-01
8.664616346359252930e-01
9.372129440307617188e-01
9.382547736167907715e-01
8.880267143249511719e-01
8.405798077583312988e-01
8.209443688392639160e-01
9.300726652145385742e-01
8.052678108215332031e-01
9.625107049942016602e-01
9.103415012359619141e-01
8.371087312698364258e-01
8.538242578506469727e-01
9.494798779487609863e-01
6.564534306526184082e-01
9.824140071868896484e-01
9.581573605537414551e-01
9.002971649169921875e-01
9.488579630851745605e-01
8.781229257583618164e-01
8.939150571823120117e-01
8.879995942115783691e-01
9.576300978660583496e-01
7.779130339622497559e-01
9.647906422615051270e-01
9.507114291191101074e-01
9.298423528671264648e-01
8.638762831687927246e-01
9.499827623367309570e-01
9.077223539352416992e-01
9.240365028381347656e-01
8.898655176162719727e-01
9.057085514068603516e-01
7.995454072952270508e-01
9.682893753051757812e-01
8.035249710083007812e-01
9.716290235519409180e-01
9.629128575325012207e-01
9.164972305297851562e-01
9.421415328979492188e-01
9.440941214561462402e-01
9.566411972045898438e-01
8.655828237533569336e-01
9.531602859497070312e-01
9.375647306442260742e-01
9.486466646194458008e-01
9.625880122184753418e-01
8.745418787002563477e-01
9.242932200431823730e-01
9.032937288284301758e-01
8.904488086700439453e-01
9.132375121116638184e-01
8.631628751754760742e-01
9.430452585220336914e-01
9.304622411727905273e-01
8.737612962722778320e-01
9.144349098205566406e-01
8.014551997184753418e-01
9.026026725769042969e-01
9.328330159187316895e-01
6.820864081382751465e-01
9.796428084373474121e-01
9.545683860778808594e-01
9.398354291915893555e-01
9.062924385070800781e-01
9.435107707977294922e-01
8.005836009979248047e-01
9.470984339714050293e-01
7.402825951576232910e-01
9.596693515777587891e-01
9.141789078712463379e-01
9.026140570640563965e-01
9.198823571205139160e-01
8.859387636184692383e-01
9.179024696350097656e-01
9.531737565994262695e-01
8.313117623329162598e-01
9.619537591934204102e-01
4.521480202674865723e-01
9.957041144371032715e-01
8.960443735122680664e-01
8.889739513397216797e-01
9.543803930282592773e-01
9.749915599822998047e-01
8.460195064544677734e-01
9.192371368408203125e-01
8.127343654632568359e-01
9.210003614425659180e-01
4.223835468292236328e-01
9.883938431739807129e-01
6.549502611160278320e-01
9.025505781173706055e-01
9.721834659576416016e-01
7.997660040855407715e-01
9.702299237251281738e-01
9.736385345458984375e-01
6.992996335029602051e-01
9.166729450225830078e-01
9.309285879135131836e-01
7.909175157546997070e-01
8.730103969573974609e-01
8.968534469604492188e-01
8.475770950317382812e-01
9.304769039154052734e-01
9.425281286239624023e-01
8.429057598114013672e-01
9.512205123901367188e-01
9.480173587799072266e-01
8.146553635597229004e-01
9.456251263618469238e-01
9.000785946846008301e-01
8.171327114105224609e-01
9.224160313606262207e-01
7.031970024108886719e-01
9.456593990325927734e-01
7.281414270401000977e-01
9.201570153236389160e-01
9.764664173126220703e-01
9.505211710929870605e-01
8.707991838455200195e-01
9.192928671836853027e-01
9.297935962677001953e-01
7.140609025955200195e-01
9.666184782981872559e-01
9.222112894058227539e-01
8.779314756393432617e-01
9.435653686523437500e-01
9.153965711593627930e-01
8.831096887588500977e-01
9.219740629196166992e-01
7.171196341514587402e-01
9.640469551086425781e-01
8.631569147109985352e-01
9.035840630531311035e-01
9.209722876548767090e-01
8.466697931289672852e-01
9.051095247268676758e-01
9.616495370864868164e-01
8.411566019058227539e-01
8.594714403152465820e-01
9.766662716865539551e-01
8.257092833518981934e-01
9.303632378578186035e-01
9.625738859176635742e-01
9.413605928421020508e-01
8.418402671813964844e-01
9.646779298782348633e-01
5.964040756225585938e-01
9.924161434173583984e-01
6.437829136848449707e-01
9.810702204704284668e-01
6.413137912750244141e-01
9.385878443717956543e-01
7.194734811782836914e-01
9.200266599655151367e-01
8.945152759552001953e-01
7.432477474212646484e-01
9.790523052215576172e-01
2.077153474092483521e-01
9.880608320236206055e-01
9.383718967437744141e-01
9.095518589019775391e-01
9.131546020507812500e-01
8.888406753540039062e-01
7.448961734771728516e-01
9.381886720657348633e-01
7.512405514717102051e-01
9.302514791488647461e-01
9.402130842208862305e-01
9.361029267311096191e-01
8.460422158241271973e-01
9.070595502853393555e-01
7.783943414688110352e-01
9.189134240150451660e-01
9.722906351089477539e-01
7.374465465545654297e-01
9.562402963638305664e-01
9.474090933799743652e-01
9.135043621063232422e-01
9.219638705253601074e-01
8.821184039115905762e-01
9.283595085144042969e-01
8.877178430557250977e-01
9.025422334671020508e-01
9.548578262329101562e-01
8.289883732795715332e-01
9.546211957931518555e-01
7.952082157135009766e-01
9.639804363250732422e-01
7.784688472747802734e-01
8.922373056411743164e-01
9.475102424621582031e-01
7.550002932548522949e-01
9.090408086776733398e-01
9.198986291885375977e-01
8.795120716094970703e-01
8.960711956024169922e-01
9.592095017433166504e-01
8.534706830978393555e-01
9.143205881118774414e-01
8.649363517761230469e-01
8.967663049697875977e-01
8.735397458076477051e-01
9.496541023254394531e-01
9.099966287612915039e-01
8.459994792938232422e-01
9.262496829032897949e-01
7.989517450332641602e-01
9.526494145393371582e-01
9.666409492492675781e-01
8.630332350730895996e-01
9.342845678329467773e-01
9.459064602851867676e-01
8.862473964691162109e-01
9.335574507713317871e-01
8.564144372940063477e-01
8.515175580978393555e-01
9.253731966018676758e-01
7.180278897285461426e-01
9.616646170616149902e-01
9.648545384407043457e-01
8.651504516601562500e-01
9.533171653747558594e-01
9.430867433547973633e-01
8.459922075271606445e-01
9.054168462753295898e-01
7.541445493698120117e-01
9.689746499061584473e-01
7.902816534042358398e-01
9.430665373802185059e-01
9.026619791984558105e-01
9.184547662734985352e-01
9.276330471038818359e-01
8.303119540214538574e-01
9.412891864776611328e-01
8.403699398040771484e-01
9.214130640029907227e-01
8.074283003807067871e-01
9.478074312210083008e-01
8.524137139320373535e-01
9.262318611145019531e-01
9.211103916168212891e-01
8.773564100265502930e-01
9.627479314804077148e-01
7.689943313598632812e-01
9.783285260200500488e-01
9.256142377853393555e-01
9.119929075241088867e-01
8.709717988967895508e-01
8.872676491737365723e-01
9.446855783462524414e-01
8.561174869537353516e-01
9.362912178039550781e-01
9.043527245521545410e-01
8.849517703056335449e-01
9.691515564918518066e-01
7.293104529380798340e-01
9.749578237533569336e-01
8.595923185348510742e-01
8.606138229370117188e-01
9.797713160514831543e-01
1.540218889713287354e-01
9.940636157989501953e-01
9.082937240600585938e-01
9.357535839080810547e-01
5.460970997810363770e-01
9.979689121246337891e-01
4.057612121105194092e-01
9.230647087097167969e-01
9.353334903717041016e-01
8.018757700920104980e-01
8.407351374626159668e-01
9.421322941780090332e-01
7.574876546859741211e-01
9.347176551818847656e-01
7.935280203819274902e-01
9.122301340103149414e-01
6.798523664474487305e-01
9.731974601745605469e-01
3.460662364959716797e-01
9.953263998031616211e-01
6.880301237106323242e-01
8.601664304733276367e-01
9.244104623794555664e-01
7.832689881324768066e-01
7.897737622261047363e-01
9.166589975357055664e-01
7.672164440155029297e-01
8.630209565162658691e-01
8.391748666763305664e-01
8.823002576828002930e-01
5.176920294761657715e-01
9.753057956695556641e-01
3.221034109592437744e-01
8.930308818817138672e-01
9.821544289588928223e-01
9.580174088478088379e-01
9.112487435340881348e-01
8.802850246429443359e-01
8.670306205749511719e-01
7.316910624504089355e-01
9.233585596084594727e-01
7.260429263114929199e-01
9.280724525451660156e-01
9.098609685897827148e-01
8.759592771530151367e-01
8.926256895065307617e-01
8.834890127182006836e-01
8.450873494148254395e-01
7.851860523223876953e-01
9.281743764877319336e-01
9.372617602348327637e-01
7.570000886917114258e-01
9.083208441734313965e-01
8.209069371223449707e-01
8.894431591033935547e-01
8.960008621215820312e-01
9.305588006973266602e-01
8.827903270721435547e-01
8.781185150146484375e-01
8.799849748611450195e-01
8.918759822845458984e-01
7.511485815048217773e-01
9.614540338516235352e-01
7.731773853302001953e-01
9.162136316299438477e-01
9.618322253227233887e-01
8.261045217514038086e-01
8.773410320281982422e-01
9.149394035339355469e-01
6.130834817886352539e-01
9.638395905494689941e-01
8.462333083152770996e-01
9.011796712875366211e-01
9.439108371734619141e-01
8.669030070304870605e-01
9.291828870773315430e-01
8.888956308364868164e-01
8.982534408569335938e-01
8.691457509994506836e-01
8.339877128601074219e-01
9.527190327644348145e-01
8.129602670669555664e-01
9.253877401351928711e-01
9.355800747871398926e-01
8.765439391136169434e-01
8.676556348800659180e-01
9.509794712066650391e-01
9.199976921081542969e-01
8.776435852050781250e-01
8.853334188461303711e-01
8.990009427070617676e-01
8.571729660034179688e-01
9.615744352340698242e-01
8.629369735717773438e-01
8.937031030654907227e-01
9.615533351898193359e-01
9.062942266464233398e-01
8.993680477142333984e-01
9.281336069107055664e-01
8.664195537567138672e-01
8.779186010360717773e-01
9.285316467285156250e-01
8.558773994445800781e-01
9.379715919494628906e-01
9.025070071220397949e-01
9.266372919082641602e-01
9.130962491035461426e-01
9.284505844116210938e-01
8.813343644142150879e-01
8.619544506072998047e-01
8.602880239486694336e-01
9.610722661018371582e-01
8.726335167884826660e-01
9.169164896011352539e-01
8.932046890258789062e-01
9.052113890647888184e-01
8.498462438583374023e-01
9.414626359939575195e-01
7.456615567207336426e-01
9.743881821632385254e-01
7.586427927017211914e-01
9.548356533050537109e-01
8.198767900466918945e-01
9.487699270248413086e-01
9.315489530563354492e-01
8.725711703300476074e-01
8.930923342704772949e-01
8.810412883758544922e-01
9.105923771858215332e-01
8.530304431915283203e-01
9.288434982299804688e-01
8.378903865814208984e-01
9.309450984001159668e-01
8.782881498336791992e-01
9.299557209014892578e-01
8.573244810104370117e-01
9.457875490188598633e-01
8.864274024963378906e-01
9.467517137527465820e-01
9.321880340576171875e-01
9.178599119186401367e-01
9.283277988433837891e-01
8.783797621726989746e-01
9.444102644920349121e-01
9.536495208740234375e-01
8.256337642669677734e-01
9.592641592025756836e-01
9.358550310134887695e-01
8.815500140190124512e-01
9.244331121444702148e-01
8.177097439765930176e-01
9.469852447509765625e-01
7.632642984390258789e-01
9.546182155609130859e-01
9.402991533279418945e-01
9.318941831588745117e-01
8.925435543060302734e-01
9.722288846969604492e-01
8.092914819717407227e-01
9.362113475799560547e-01
9.366217851638793945e-01
8.029791116714477539e-01
9.444243311882019043e-01
8.184187412261962891e-01
9.591616392135620117e-01
9.202519655227661133e-01
9.285569787025451660e-01
9.379414319992065430e-01
9.164655208587646484e-01
8.688424825668334961e-01
9.582572579383850098e-01
6.036509275436401367e-01
9.914040565490722656e-01
5.059343576431274414e-01
9.897993803024291992e-01
2.621972560882568359e-01
9.826472997665405273e-01
9.439389705657958984e-01
8.968082070350646973e-01
8.965784311294555664e-01
9.390960931777954102e-01
6.049868464469909668e-01
9.916170835494995117e-01
2.069187313318252563e-01
9.856903553009033203e-01
9.816566109657287598e-01
8.869916200637817383e-01
8.406358957290649414e-01
9.491961598396301270e-01
8.841458559036254883e-01
9.012876152992248535e-01
9.263219833374023438e-01
8.660894632339477539e-01
8.596775531768798828e-01
8.975592255592346191e-01
8.962990045547485352e-01
7.269645929336547852e-01
9.664169549942016602e-01
6.787694096565246582e-01
9.082068800926208496e-01
9.582141637802124023e-01
8.903390169143676758e-01
8.701033592224121094e-01
9.569467306137084961e-01
8.610029816627502441e-01
8.248340487480163574e-01
9.535782337188720703e-01
8.714982271194458008e-01
9.156902432441711426e-01
9.424672126770019531e-01
8.750127553939819336e-01
9.221506714820861816e-01
8.703560829162597656e-01
9.119576215744018555e-01
9.443353414535522461e-01
7.712416648864746094e-01
9.446857571601867676e-01
7.548234462738037109e-01
9.560678005218505859e-01
9.517189264297485352e-01
8.673896789550781250e-01
9.302787780761718750e-01
7.274233102798461914e-01
9.529669284820556641e-01
7.354366779327392578e-01
9.320671558380126953e-01
9.659624099731445312e-01
8.797286748886108398e-01
8.638283014297485352e-01
9.663815498352050781e-01
8.555077910423278809e-01
9.203677177429199219e-01
9.128413796424865723e-01
8.929961919784545898e-01
8.989827036857604980e-01
9.063687920570373535e-01
8.889902830123901367e-01
7.842212319374084473e-01
9.669110774993896484e-01
5.888761878013610840e-01
9.727407693862915039e-01
9.268287420272827148e-01
9.225000143051147461e-01
9.294904470443725586e-01
9.224810600280761719e-01
8.729690313339233398e-01
9.276332259178161621e-01
9.336366653442382812e-01
7.513096332550048828e-01
9.727053046226501465e-01
7.091786265373229980e-01
9.567489624023437500e-01
9.694287776947021484e-01
9.310673475265502930e-01
9.561805725097656250e-01
9.445230960845947266e-01
8.852108716964721680e-01
8.955891728401184082e-01
8.748578429222106934e-01
8.459871411323547363e-01
9.455885887145996094e-01
9.161254167556762695e-01
9.012252688407897949e-01
9.532390832901000977e-01
7.747061252593994141e-01
9.650436639785766602e-01
7.730460166931152344e-01
9.578584432601928711e-01
5.265339612960815430e-01
9.826363325119018555e-01
7.351392507553100586e-01
9.582843184471130371e-01
9.014343023300170898e-01
7.167901396751403809e-01
9.707629680633544922e-01
3.525613844394683838e-01
9.796226024627685547e-01
9.579339027404785156e-01
8.217062950134277344e-01
9.657105803489685059e-01
4.109787940979003906e-01
9.984899163246154785e-01
2.054921388626098633e-01
9.682135581970214844e-01
9.899052381515502930e-01
7.815852165222167969e-01
8.858680129051208496e-01
9.151834249496459961e-01
5.368373394012451172e-01
9.937632083892822266e-01
4.748398661613464355e-01
9.760415554046630859e-01
7.614362239837646484e-01
9.121505022048950195e-01
9.476861953735351562e-01
7.981783747673034668e-01
8.506401777267456055e-01
9.211825132369995117e-01
6.450470685958862305e-01
9.259479641914367676e-01
7.328476309776306152e-01
9.414951801300048828e-01
9.091215133666992188e-01
9.054105281829833984e-01
8.976989984512329102e-01
8.255497217178344727e-01
8.915160298347473145e-01
8.101933002471923828e-01
8.929606080055236816e-01
8.625738024711608887e-01
7.696354389190673828e-01
9.110497236251831055e-01
9.535166025161743164e-01
8.513036966323852539e-01
9.323723316192626953e-01
9.015040397644042969e-01
8.893748521804809570e-01
8.793844580650329590e-01
9.078844785690307617e-01
8.357348442077636719e-01
8.615141510963439941e-01
8.699716329574584961e-01
8.311699032783508301e-01
8.624746799468994141e-01
9.299726486206054688e-01
7.848609685897827148e-01
9.395843744277954102e-01
8.820308446884155273e-01
8.801351785659790039e-01
8.725218772888183594e-01
9.142367839813232422e-01
8.742256760597229004e-01
8.836568593978881836e-01
9.239858388900756836e-01
8.160306215286254883e-01
9.230738282203674316e-01
8.605751395225524902e-01
9.048046469688415527e-01
8.845059275627136230e-01
9.423540830612182617e-01
8.583674430847167969e-01
9.105391502380371094e-01
9.424567222595214844e-01
8.489692211151123047e-01
9.510524272918701172e-01
9.417036771774291992e-01
8.971427679061889648e-01
8.990861177444458008e-01
9.187898635864257812e-01
8.630053400993347168e-01
8.892638683319091797e-01
9.710671901702880859e-01
8.792591094970703125e-01
8.878262042999267578e-01
9.019337296485900879e-01
9.441491365432739258e-01
9.026509523391723633e-01
8.381274938583374023e-01
9.271656274795532227e-01
8.364782333374023438e-01
9.220424890518188477e-01
9.285511970520019531e-01
8.554486036300659180e-01
9.165635108947753906e-01
8.383235931396484375e-01
9.217463135719299316e-01
8.408041596412658691e-01
9.195852279663085938e-01
8.897335529327392578e-01
8.385357856750488281e-01
9.393490552902221680e-01
8.000869750976562500e-01
9.587126970291137695e-01
9.138386249542236328e-01
8.945173025131225586e-01
9.464914202690124512e-01
8.147971034049987793e-01
9.667620658874511719e-01
7.426885366439819336e-01
9.088733196258544922e-01
9.544705748558044434e-01
7.202239036560058594e-01
9.429721832275390625e-01
9.633259773254394531e-01
8.429552316665649414e-01
9.191905260086059570e-01
9.297778606414794922e-01
8.594310283660888672e-01
9.510438442230224609e-01
7.780683636665344238e-01
9.434232711791992188e-01
9.222276210784912109e-01
8.867457509040832520e-01
9.391062259674072266e-01
8.250429630279541016e-01
9.494893550872802734e-01
8.380055427551269531e-01
9.236165285110473633e-01
9.484553933143615723e-01
7.904535531997680664e-01
8.944054841995239258e-01
9.397418498992919922e-01
9.152747392654418945e-01
9.228217601776123047e-01
9.277634620666503906e-01
9.070004224777221680e-01
9.046866297721862793e-01
9.099626541137695312e-01
8.941723108291625977e-01
8.942227959632873535e-01
8.061505556106567383e-01
9.567306041717529297e-01
6.641861200332641602e-01
9.765337705612182617e-01
6.587455868721008301e-01
9.712599515914916992e-01
8.856627941131591797e-01
9.434279203414916992e-01
8.966675996780395508e-01
9.176850318908691406e-01
8.928716182708740234e-01
8.965356349945068359e-01
8.952441215515136719e-01
8.804492950439453125e-01
8.910053372383117676e-01
8.510909080505371094e-01
9.718691110610961914e-01
6.924638748168945312e-01
9.688632488250732422e-01
8.533324003219604492e-01
9.029481410980224609e-01
9.410257339477539062e-01
9.004248380661010742e-01
9.262305498123168945e-01
8.815821409225463867e-01
8.977682590484619141e-01
8.790628314018249512e-01
9.174457788467407227e-01
9.081416130065917969e-01
8.942377567291259766e-01
9.455630779266357422e-01
9.063975811004638672e-01
9.106410741806030273e-01
8.973530530929565430e-01
9.015729427337646484e-01
8.920475244522094727e-01
9.124436378479003906e-01
8.874346613883972168e-01
9.258356094360351562e-01
8.425385355949401855e-01
9.275698065757751465e-01
7.920804023742675781e-01
9.519010186195373535e-01
7.687893509864807129e-01
9.484704732894897461e-01
9.342906475067138672e-01
9.429394602775573730e-01
9.300415515899658203e-01
9.087764024734497070e-01
8.621425032615661621e-01
8.929448127746582031e-01
8.697021007537841797e-01
9.461942315101623535e-01
8.848012685775756836e-01
9.408996105194091797e-01
9.016587734222412109e-01
8.313894271850585938e-01
9.672254323959350586e-01
7.542499303817749023e-01
9.846049547195434570e-01
8.833806514739990234e-01
9.302036762237548828e-01
8.981344103813171387e-01
8.479290604591369629e-01
9.157255291938781738e-01
8.459730148315429688e-01
9.211429357528686523e-01
9.484771490097045898e-01
7.174685597419738770e-01
9.915351867675781250e-01
7.374637126922607422e-01
9.718569517135620117e-01
5.992183685302734375e-01
9.904807806015014648e-01
8.708343505859375000e-01
9.337615370750427246e-01
9.304960966110229492e-01
7.478814125061035156e-01
9.704222083091735840e-01
5.825378894805908203e-01
9.452981948852539062e-01
3.986447453498840332e-01
9.607141017913818359e-01
9.166668653488159180e-01
8.583200573921203613e-01
9.031009674072265625e-01
9.265177249908447266e-01
7.028911709785461426e-01
9.621902108192443848e-01
1.930160224437713623e-01
9.883469343185424805e-01
7.568765878677368164e-01
8.638417124748229980e-01
9.264425039291381836e-01
7.322100996971130371e-01
8.757358789443969727e-01
7.908282279968261719e-01
7.005423307418823242e-01
9.733504056930541992e-01
5.813066363334655762e-01
9.849487543106079102e-01
8.298490047454833984e-01
8.245086669921875000e-01
9.744650125503540039e-01
4.954464733600616455e-01
9.839873313903808594e-01
8.636208772659301758e-01
7.838734388351440430e-01
9.707593321800231934e-01
4.280414581298828125e-01
9.733027219772338867e-01
7.748087048530578613e-01
9.562087059020996094e-01
8.894928097724914551e-01
9.207309484481811523e-01
8.884247541427612305e-01
9.305744171142578125e-01
6.668668389320373535e-01
9.391842484474182129e-01
6.937037706375122070e-01
9.387657642364501953e-01
9.594525694847106934e-01
9.396464824676513672e-01
9.008128046989440918e-01
8.309782743453979492e-01
9.240707159042358398e-01
7.702417373657226562e-01
9.337739944458007812e-01
9.172022342681884766e-01
8.204189538955688477e-01
9.076986312866210938e-01
8.615328073501586914e-01
8.571011424064636230e-01
9.367308616638183594e-01
8.942568302154541016e-01
8.784518241882324219e-01
9.345436096191406250e-01
8.225640058517456055e-01
9.187004566192626953e-01
8.816303610801696777e-01
9.369366168975830078e-01
9.307926297187805176e-01
8.395649790763854980e-01
9.614018201828002930e-01
6.677646636962890625e-01
9.719444513320922852e-01
7.654100060462951660e-01
9.497582912445068359e-01
8.958064317703247070e-01
9.095503091812133789e-01
9.260340929031372070e-01
9.289159774780273438e-01
8.223201036453247070e-01
9.084509611129760742e-01
7.861261963844299316e-01
9.545028209686279297e-01
9.315760135650634766e-01
9.208724498748779297e-01
8.955566883087158203e-01
9.252254962921142578e-01
8.256607651710510254e-01
9.561201333999633789e-01
7.909485697746276855e-01
9.499472975730895996e-01
9.038549661636352539e-01
8.621596097946166992e-01
9.188253879547119141e-01
8.855104446411132812e-01
9.073712229728698730e-01
9.017116427421569824e-01
9.315958023071289062e-01
9.159110784530639648e-01
9.136408567428588867e-01
9.307339787483215332e-01
8.891183137893676758e-01
8.887791633605957031e-01
9.202184677124023438e-01
8.692740201950073242e-01
9.693414568901062012e-01
7.576158046722412109e-01
9.396992921829223633e-01
8.693504929542541504e-01
9.427320957183837891e-01
9.153760075569152832e-01
9.145109057426452637e-01
9.313196539878845215e-01
8.691926002502441406e-01
9.312648773193359375e-01
7.934976220130920410e-01
9.808572530746459961e-01
6.450005769729614258e-01
9.816117286682128906e-01
9.146372079849243164e-01
9.395160079002380371e-01
9.482448697090148926e-01
9.277526140213012695e-01
8.803929090499877930e-01
9.424167275428771973e-01
8.218429684638977051e-01
9.453781247138977051e-01
9.265935420989990234e-01
8.665623068809509277e-01
9.336920976638793945e-01
8.533647060394287109e-01
9.119049310684204102e-01
9.513140916824340820e-01
8.033906817436218262e-01
9.684337377548217773e-01
7.448725700378417969e-01
9.768052697181701660e-01
6.409867405891418457e-01
9.411528110504150391e-01
7.199760675430297852e-01
9.707963466644287109e-01
7.874723672866821289e-01
9.226371049880981445e-01
9.640164375305175781e-01
9.472224712371826172e-01
7.685731053352355957e-01
9.633096456527709961e-01
7.710137367248535156e-01
9.572098255157470703e-01
9.379264116287231445e-01
9.328820705413818359e-01
8.352820873260498047e-01
9.512342214584350586e-01
8.573402166366577148e-01
9.357559680938720703e-01
9.476584196090698242e-01
9.485632181167602539e-01
7.956967353820800781e-01
9.197196960449218750e-01
6.336338520050048828e-01
9.694499969482421875e-01
9.110786318778991699e-01
9.068582653999328613e-01
9.631919860839843750e-01
6.696166396141052246e-01
9.947519302368164062e-01
3.993578255176544189e-01
9.919688701629638672e-01
3.208074271678924561e-01
9.789013266563415527e-01
9.807214736938476562e-01
8.916885852813720703e-01
8.375968933105468750e-01
8.904011249542236328e-01
7.567843198776245117e-01
9.599342346191406250e-01
7.337887883186340332e-01
9.269452691078186035e-01
9.362608194351196289e-01
8.098994493484497070e-01
9.504877328872680664e-01
7.276707887649536133e-01
9.787970781326293945e-01
8.170256614685058594e-01
9.004701972007751465e-01
9.565984010696411133e-01
9.580309987068176270e-01
8.261770009994506836e-01
9.455863833427429199e-01
7.131502628326416016e-01
9.578456878662109375e-01
9.539046287536621094e-01
8.988355398178100586e-01
9.306271076202392578e-01
9.242065548896789551e-01
9.087601900100708008e-01
8.510531187057495117e-01
8.761064410209655762e-01
8.902122378349304199e-01
9.261699914932250977e-01
8.789725899696350098e-01
9.399683475494384766e-01
7.989630103111267090e-01
9.761998057365417480e-01
7.961064577102661133e-01
8.729690313339233398e-01
9.724397659301757812e-01
8.543375134468078613e-01
9.257008433341979980e-01
9.524385333061218262e-01
7.576746940612792969e-01
9.001203179359436035e-01
9.178528785705566406e-01
8.689740300178527832e-01
8.892669677734375000e-01
9.661644697189331055e-01
7.770136594772338867e-01
9.238026738166809082e-01
9.709635376930236816e-01
8.389676213264465332e-01
8.907037973403930664e-01
9.416019320487976074e-01
6.005575656890869141e-01
9.853154420852661133e-01
8.415014743804931641e-01
9.172381162643432617e-01
9.244349598884582520e-01
8.566375970840454102e-01
9.404776096343994141e-01
9.103665351867675781e-01
8.303817510604858398e-01
9.311767220497131348e-01
7.834072709083557129e-01
9.362777471542358398e-01
8.123641610145568848e-01
9.428921937942504883e-01
8.379662036895751953e-01
9.307203292846679688e-01
8.610763549804687500e-01
9.358727335929870605e-01
8.356271982192993164e-01
9.111046195030212402e-01
8.950488567352294922e-01
9.206163287162780762e-01
8.854982852935791016e-01
9.732095003128051758e-01
7.271716594696044922e-01
9.812890887260437012e-01
5.618193745613098145e-01
9.615005254745483398e-01
4.689360558986663818e-01
9.902096986770629883e-01
9.705516099929809570e-01
9.036928415298461914e-01
9.256929159164428711e-01
8.456766009330749512e-01
9.324529170989990234e-01
8.157961368560791016e-01
8.998730182647705078e-01
8.968658447265625000e-01
8.535237908363342285e-01
9.357767105102539062e-01
8.541539907455444336e-01
9.452024698257446289e-01
8.166185021400451660e-01
9.723262786865234375e-01
7.716743946075439453e-01
9.554189443588256836e-01
4.614629745483398438e-01
9.960707426071166992e-01
4.270111322402954102e-01
9.649863839149475098e-01
9.358041286468505859e-01
8.432749509811401367e-01
8.612779974937438965e-01
8.622355461120605469e-01
8.978480696678161621e-01
8.300383687019348145e-01
8.440974354743957520e-01
9.433350563049316406e-01
8.165998458862304688e-01
9.640992283821105957e-01
5.923331379890441895e-01
9.672383069992065430e-01
6.993628740310668945e-01
9.584958553314208984e-01
8.633561134338378906e-01
8.667961955070495605e-01
8.937966227531433105e-01
8.058239221572875977e-01
9.323635697364807129e-01
8.188462853431701660e-01
8.661184310913085938e-01
8.465844392776489258e-01
8.543580770492553711e-01
9.257755279541015625e-01
8.797265291213989258e-01
9.255338907241821289e-01
8.629624843597412109e-01
9.199266433715820312e-01
9.079587459564208984e-01
9.011362791061401367e-01
8.549047708511352539e-01
9.251433610916137695e-01
8.319169282913208008e-01
9.415686726570129395e-01
7.813838124275207520e-01
9.529795646667480469e-01
8.309409022331237793e-01
9.415158629417419434e-01
9.035880565643310547e-01
8.447906970977783203e-01
9.249963760375976562e-01
6.212782859802246094e-01
9.798977375030517578e-01
9.149807691574096680e-01
8.849178552627563477e-01
9.761013984680175781e-01
8.904713392257690430e-01
7.903405427932739258e-01
9.721308946609497070e-01
5.422954559326171875e-01
9.558099508285522461e-01
8.875352144241333008e-01
9.096370935440063477e-01
9.280692338943481445e-01
9.007684588432312012e-01
9.234714508056640625e-01
9.055484533309936523e-01
8.806629776954650879e-01
8.936504125595092773e-01
7.833359241485595703e-01
9.512822628021240234e-01
7.777932882308959961e-01
9.654187560081481934e-01
8.908731937408447266e-01
9.157737493515014648e-01
9.323341846466064453e-01
8.840880393981933594e-01
9.224882125854492188e-01
8.674564361572265625e-01
8.914130330085754395e-01
9.083575606346130371e-01
9.283117651939392090e-01
9.305561780929565430e-01
9.019996523857116699e-01
8.805395364761352539e-01
8.541192412376403809e-01
9.156518578529357910e-01
9.099231958389282227e-01
8.881000280380249023e-01
9.496569633483886719e-01
8.518834114074707031e-01
9.040976762771606445e-01
9.172172546386718750e-01
8.864027261734008789e-01
8.943746089935302734e-01
9.128526449203491211e-01
8.484218120574951172e-01
9.483237862586975098e-01
8.868150711059570312e-01
9.337978363037109375e-01
8.766030669212341309e-01
9.438828825950622559e-01
7.351143360137939453e-01
9.708669185638427734e-01
6.986151933670043945e-01
9.746778011322021484e-01
4.356814920902252197e-01
9.863119125366210938e-01
9.690023660659790039e-01
9.000840187072753906e-01
9.536874294281005859e-01
9.442978501319885254e-01
8.160176277160644531e-01
9.639696478843688965e-01
5.246877670288085938e-01
9.909375905990600586e-01
2.627424597740173340e-01
9.943534135818481445e-01
8.778156638145446777e-01
8.911988735198974609e-01
9.508542418479919434e-01
8.810319304466247559e-01
9.267567396163940430e-01
7.600620985031127930e-01
9.611991643905639648e-01
5.624772310256958008e-01
9.731560945510864258e-01
9.013806581497192383e-01
8.575866222381591797e-01
9.460756778717041016e-01
8.437440395355224609e-01
9.149859547615051270e-01
9.545181989669799805e-01
8.690500259399414062e-01
8.426196575164794922e-01
9.177268743515014648e-01
7.875954508781433105e-01
8.986720442771911621e-01
6.382491588592529297e-01
9.828790426254272461e-01
4.455933272838592529e-01
9.715297222137451172e-01
9.851955175399780273e-01
8.614344596862792969e-01
9.219970107078552246e-01
9.167220592498779297e-01
9.009698629379272461e-01
8.192764520645141602e-01
9.446003437042236328e-01
6.812483072280883789e-01
9.831934571266174316e-01
8.788169026374816895e-01
9.342775344848632812e-01
9.276996850967407227e-01
8.776499629020690918e-01
8.804091811180114746e-01
8.496333360671997070e-01
8.855256438255310059e-01
9.170962572097778320e-01
8.576228618621826172e-01
8.988646864891052246e-01
9.377322196960449219e-01
8.027088642120361328e-01
9.604384899139404297e-01
9.139374494552612305e-01
8.944860696792602539e-01
8.934682607650756836e-01
8.953064680099487305e-01
9.138970971107482910e-01
9.025914669036865234e-01
8.892896175384521484e-01
9.350324869155883789e-01
8.376855850219726562e-01
9.382283687591552734e-01
8.562306165695190430e-01
9.316468238830566406e-01
9.243264198303222656e-01
8.646491765975952148e-01
9.277122616767883301e-01
8.975438475608825684e-01
9.047009944915771484e-01
9.018242359161376953e-01
9.494653940200805664e-01
7.753738164901733398e-01
9.577441215515136719e-01
9.195783138275146484e-01
9.222267866134643555e-01
9.061160087585449219e-01
8.828934431076049805e-01
9.210375547409057617e-01
8.577220439910888672e-01
9.245166778564453125e-01
9.246864318847656250e-01
8.650639057159423828e-01
9.331928491592407227e-01
8.918924331665039062e-01
9.479111433029174805e-01
8.767929077148437500e-01
9.118903875350952148e-01
8.826918005943298340e-01
9.280784726142883301e-01
8.756418824195861816e-01
9.013754129409790039e-01
9.717887043952941895e-01
9.063527584075927734e-01
8.401292562484741211e-01
9.658048152923583984e-01
8.881402015686035156e-01
8.067719936370849609e-01
9.613724946975708008e-01
8.288925290107727051e-01
9.314433336257934570e-01
9.241342544555664062e-01
9.375386834144592285e-01
8.436617255210876465e-01
9.150156974792480469e-01
9.604166746139526367e-01
8.456075191497802734e-01
8.954064249992370605e-01
8.108140230178833008e-01
9.280692338943481445e-01
8.795300722122192383e-01
9.471440315246582031e-01
9.275273680686950684e-01
9.318917989730834961e-01
8.057775497436523438e-01
9.648940563201904297e-01
8.922863006591796875e-01
9.109646677970886230e-01
9.139186143875122070e-01
9.053818583488464355e-01
9.028902649879455566e-01
9.069087505340576172e-01
9.128586649894714355e-01
8.361402750015258789e-01
9.533331394195556641e-01
9.080120325088500977e-01
8.716967701911926270e-01
9.615876674652099609e-01
8.034345507621765137e-01
9.577554464340209961e-01
8.576204776763916016e-01
9.782708287239074707e-01
9.188762903213500977e-01
9.192186594009399414e-01
9.390608072280883789e-01
8.948600292205810547e-01
9.175490140914916992e-01
8.380727767944335938e-01
9.353094696998596191e-01
8.597738742828369141e-01
9.223762750625610352e-01
9.539013504981994629e-01
7.747239470481872559e-01
9.468171000480651855e-01
8.155132532119750977e-01
9.352160692214965820e-01
9.303746819496154785e-01
9.399276375770568848e-01
9.108796715736389160e-01
9.015170335769653320e-01
9.303380250930786133e-01
9.102373123168945312e-01
8.714714050292968750e-01
9.441484808921813965e-01
8.411573171615600586e-01
9.557016491889953613e-01
9.623614549636840820e-01
9.014095067977905273e-01
9.255765676498413086e-01
9.172536134719848633e-01
8.618395328521728516e-01
9.410188198089599609e-01
8.212092518806457520e-01
9.267518520355224609e-01
9.463413953781127930e-01
9.110436439514160156e-01
8.958262205123901367e-01
9.198362827301025391e-01
8.988931775093078613e-01
9.319225549697875977e-01
8.414028286933898926e-01
9.754129648208618164e-01
7.964400053024291992e-01
9.678415060043334961e-01
8.647205829620361328e-01
9.395369291305541992e-01
9.212351441383361816e-01
9.342283606529235840e-01
8.925399780273437500e-01
9.406805038452148438e-01
8.920577764511108398e-01
9.575951695442199707e-01
8.882038593292236328e-01
9.083213806152343750e-01
9.082688093185424805e-01
9.258994460105895996e-01
9.415567517280578613e-01
9.556868076324462891e-01
6.901184320449829102e-01
9.885715842247009277e-01
1.778624802827835083e-01
9.994951486587524414e-01
2.759485244750976562e-01
9.780372381210327148e-01
9.110417366027832031e-01
7.686777114868164062e-01
8.353153467178344727e-01
8.056150674819946289e-01
8.319742679595947266e-01
7.869697213172912598e-01
8.225595355033874512e-01
8.544788360595703125e-01
7.833315134048461914e-01
9.270839691162109375e-01
6.214747428894042969e-01
9.752295613288879395e-01
8.121807575225830078e-01
8.497598767280578613e-01
8.016966581344604492e-01
8.438345193862915039e-01
7.254682779312133789e-01
8.842329978942871094e-01
3.376581072807312012e-01
9.938536882400512695e-01
4.259898364543914795e-01
9.456528425216674805e-01
9.233301281929016113e-01
8.955749273300170898e-01
7.891362905502319336e-01
8.566831350326538086e-01
8.245964050292968750e-01
7.697093486785888672e-01
9.398862719535827637e-01
2.875647544860839844e-01
9.783271551132202148e-01
4.182457625865936279e-01
9.725901484489440918e-01
9.265859127044677734e-01
8.928791284561157227e-01
8.272289633750915527e-01
8.882585763931274414e-01
5.440044403076171875e-01
9.671174287796020508e-01
8.123222589492797852e-01
9.008918404579162598e-01
9.479795098304748535e-01
6.417195796966552734e-01
9.330610036849975586e-01
6.718284487724304199e-01
9.200054407119750977e-01
9.663268327713012695e-01
5.363990068435668945e-01
9.601049423217773438e-01
2.824376225471496582e-01
9.895102977752685547e-01
9.427597522735595703e-01
8.391503095626831055e-01
9.103580713272094727e-01
7.699806690216064453e-01
9.308803081512451172e-01
6.904305219650268555e-01
9.289817214012145996e-01
7.234154939651489258e-01
9.544668793678283691e-01
6.890726685523986816e-01
9.150353074073791504e-01
8.823629021644592285e-01
9.101766347885131836e-01
8.135708570480346680e-01
8.710160255432128906e-01
8.208419680595397949e-01
8.815345764160156250e-01
5.937860012054443359e-01
9.307430386543273926e-01
8.330075740814208984e-01
8.808969855308532715e-01
9.166722297668457031e-01
8.869386315345764160e-01
8.428857326507568359e-01
9.030438661575317383e-01
9.059867262840270996e-01
8.756921291351318359e-01
8.393291234970092773e-01
9.390964508056640625e-01
7.921071052551269531e-01
9.614080190658569336e-01
8.933069705963134766e-01
8.835871815681457520e-01
9.241916537284851074e-01
8.659102916717529297e-01
8.826645016670227051e-01
8.824927210807800293e-01
9.526369571685791016e-01
8.233414888381958008e-01
9.362856149673461914e-01
9.050303697586059570e-01
7.891653776168823242e-01
9.389079213142395020e-01
8.824735879898071289e-01
8.741950988769531250e-01
9.347950220108032227e-01
8.351840972900390625e-01
9.324392080307006836e-01
8.756792545318603516e-01
9.126121997833251953e-01
8.636535406112670898e-01
9.377480745315551758e-01
8.603531122207641602e-01
9.118189811706542969e-01
8.293424844741821289e-01
9.114038944244384766e-01
8.841646909713745117e-01
8.865189552307128906e-01
9.239479303359985352e-01
8.368297815322875977e-01
9.103949069976806641e-01
7.886795401573181152e-01
9.389625787734985352e-01
9.226450920104980469e-01
8.493360280990600586e-01
9.529786109924316406e-01
8.457558155059814453e-01
8.856315612792968750e-01
9.429157376289367676e-01
8.918939828872680664e-01
8.224758505821228027e-01
9.576772451400756836e-01
7.568176388740539551e-01
9.504414796829223633e-01
8.340348005294799805e-01
8.683711290359497070e-01
9.725027084350585938e-01
8.926309943199157715e-01
8.714751005172729492e-01
9.207333326339721680e-01
8.049582839012145996e-01
9.417012333869934082e-01
8.242326974868774414e-01
9.261394739151000977e-01
9.478496313095092773e-01
8.840454816818237305e-01
8.520114421844482422e-01
9.381791353225708008e-01
8.085660934448242188e-01
9.142804145812988281e-01
9.426805973052978516e-01
8.943552970886230469e-01
9.049674272537231445e-01
9.345307946205139160e-01
8.882061839103698730e-01
9.090123176574707031e-01
9.330761432647705078e-01
8.239015340805053711e-01
9.582849740982055664e-01
8.701757788658142090e-01
9.589090943336486816e-01
9.237568378448486328e-01
9.206801652908325195e-01
9.134946465492248535e-01
9.233953952789306641e-01
9.289649724960327148e-01
8.790127038955688477e-01
9.328212738037109375e-01
9.336475133895874023e-01
8.184386491775512695e-01
9.684799313545227051e-01
7.350553274154663086e-01
9.249110817909240723e-01
9.772862195968627930e-01
8.081993460655212402e-01
9.278981685638427734e-01
9.522829055786132812e-01
8.433372378349304199e-01
9.459076523780822754e-01
9.368871450424194336e-01
7.546148300170898438e-01
9.871922731399536133e-01
5.028853416442871094e-01
9.839895963668823242e-01
9.471553564071655273e-01
8.721538782119750977e-01
9.592227935791015625e-01
9.596577882766723633e-01
8.589408397674560547e-01
9.606981277465820312e-01
9.226832389831542969e-01
9.217165708541870117e-01
8.096704483032226562e-01
9.773951768875122070e-01
4.673384726047515869e-01
9.818753600120544434e-01
2.686189413070678711e-01
9.687746763229370117e-01
9.902515411376953125e-01
8.775455951690673828e-01
8.491873145103454590e-01
8.733366727828979492e-01
7.125675082206726074e-01
9.951776862144470215e-01
2.964139580726623535e-01
9.473241567611694336e-01
2.258630096912384033e-01
9.897171258926391602e-01
6.492178440093994141e-01
8.650898933410644531e-01
9.720908403396606445e-01
8.231699466705322266e-01
8.970530033111572266e-01
8.290587663650512695e-01
8.545094132423400879e-01
7.668752670288085938e-01
9.277737140655517578e-01
8.091369867324829102e-01
9.284993410110473633e-01
9.244652986526489258e-01
8.452798724174499512e-01
9.127589464187622070e-01
7.053365707397460938e-01
9.509834051132202148e-01
8.181140422821044922e-01
9.001009464263916016e-01
9.106241464614868164e-01
8.997233510017395020e-01
9.136322736740112305e-01
8.434548377990722656e-01
9.126023054122924805e-01
7.452473640441894531e-01
9.440283179283142090e-01
7.965307235717773438e-01
9.389993548393249512e-01
9.706928133964538574e-01
8.884464502334594727e-01
9.021831750869750977e-01
9.019441604614257812e-01
9.201856851577758789e-01
7.783455848693847656e-01
9.412485361099243164e-01
7.779416441917419434e-01
9.347490668296813965e-01
8.596234321594238281e-01
9.322317838668823242e-01
8.915066719055175781e-01
8.552488088607788086e-01
9.137591123580932617e-01
8.668373823165893555e-01
7.967141866683959961e-01
9.628476500511169434e-01
7.657451033592224121e-01
9.359048604965209961e-01
9.295735359191894531e-01
8.037856817245483398e-01
9.322208762168884277e-01
9.191213846206665039e-01
8.625470399856567383e-01
9.261056184768676758e-01
8.538402318954467773e-01
8.625785112380981445e-01
9.336575865745544434e-01
8.505782485008239746e-01
8.706235885620117188e-01
9.241849184036254883e-01
8.743412494659423828e-01
8.926074504852294922e-01
8.092469573020935059e-01
9.560357332229614258e-01
8.191245794296264648e-01
9.234677553176879883e-01
9.099271297454833984e-01
9.184483289718627930e-01
9.490480422973632812e-01
8.331093192100524902e-01
9.151099920272827148e-01
9.531577229499816895e-01
8.486071825027465820e-01
9.525670409202575684e-01
8.352079987525939941e-01
9.378008246421813965e-01
8.927263021469116211e-01
8.610913753509521484e-01
9.338060617446899414e-01
8.320926427841186523e-01
9.408596158027648926e-01
8.801966905593872070e-01
8.873600959777832031e-01
9.082003235816955566e-01
9.063996076583862305e-01
8.793520927429199219e-01
9.361072182655334473e-01
8.241298198699951172e-01
9.088445901870727539e-01
8.907188773155212402e-01
9.296276569366455078e-01
9.392479658126831055e-01
8.510195612907409668e-01
9.458104968070983887e-01
8.328078389167785645e-01
9.430329799652099609e-01
6.494888067245483398e-01
9.851903915405273438e-01
5.297495126724243164e-01
9.880836009979248047e-01
8.332131505012512207e-01
8.607577085494995117e-01
9.392306208610534668e-01
8.232370615005493164e-01
8.480819463729858398e-01
9.373753070831298828e-01
6.551991701126098633e-01
9.777102470397949219e-01
8.114371299743652344e-01
9.185134768486022949e-01
9.524335861206054688e-01
8.953226804733276367e-01
8.983974456787109375e-01
8.367639780044555664e-01
8.926542401313781738e-01
9.396846294403076172e-01
8.346416950225830078e-01
9.734644889831542969e-01
8.730676770210266113e-01
9.089689850807189941e-01
9.372215270996093750e-01
8.519302010536193848e-01
9.499899148941040039e-01
9.341560006141662598e-01
8.897590637207031250e-01
8.510571718215942383e-01
9.521397948265075684e-01
8.308311104774475098e-01
8.654755353927612305e-01
9.688878059387207031e-01
9.132385253906250000e-01
8.828774094581604004e-01
9.674341678619384766e-01
9.328600168228149414e-01
8.475733399391174316e-01
8.881566524505615234e-01
9.393327236175537109e-01
8.541084527969360352e-01
9.571528434753417969e-01
8.839176893234252930e-01
9.090596437454223633e-01
9.180930256843566895e-01
8.289803266525268555e-01
9.349892735481262207e-01
8.533388376235961914e-01
8.126006126403808594e-01
9.384715557098388672e-01
8.758974075317382812e-01
8.749368786811828613e-01
9.743998050689697266e-01
6.888928413391113281e-01
9.703860282897949219e-01
5.656651258468627930e-01
9.721073508262634277e-01
9.768803119659423828e-01
9.193017482757568359e-01
9.227569699287414551e-01
9.246437549591064453e-01
8.479038476943969727e-01
9.518963098526000977e-01
8.116210699081420898e-01
8.759213685989379883e-01
9.236382246017456055e-01
9.416360855102539062e-01
8.843912482261657715e-01
9.453644156455993652e-01
9.017839431762695312e-01
8.781682252883911133e-01
9.767071604728698730e-01
6.445932984352111816e-01
9.698469638824462891e-01
9.792537093162536621e-01
8.599063754081726074e-01
8.865162730216979980e-01
9.634062051773071289e-01
8.040069341659545898e-01
9.239752888679504395e-01
9.058568477630615234e-01
8.671455979347229004e-01
8.949975967407226562e-01
9.537346363067626953e-01
7.652612328529357910e-01
9.745776057243347168e-01
8.220319747924804688e-01
9.295703172683715820e-01
8.189359307289123535e-01
9.498842954635620117e-01
7.906017303466796875e-01
9.792834520339965820e-01
7.328108549118041992e-01
9.508328437805175781e-01
8.928447961807250977e-01
9.068771600723266602e-01
9.153255224227905273e-01
9.148111939430236816e-01
8.182171583175659180e-01
9.453052878379821777e-01
7.370805740356445312e-01
9.717356562614440918e-01
9.120734333992004395e-01
9.080150723457336426e-01
8.947529792785644531e-01
9.341148138046264648e-01
9.380372762680053711e-01
8.189352750778198242e-01
9.588995575904846191e-01
8.018831014633178711e-01
9.420265555381774902e-01
8.872952461242675781e-01
9.265753626823425293e-01
9.033975005149841309e-01
9.251971244812011719e-01
8.503685593605041504e-01
9.764576554298400879e-01
6.868120431900024414e-01
9.780448675155639648e-01
6.170742511749267578e-01
9.835847020149230957e-01
8.503475189208984375e-01
9.678230285644531250e-01
9.242089986801147461e-01
7.958455085754394531e-01
9.803547263145446777e-01
8.643797039985656738e-01
9.305909872055053711e-01
8.956029415130615234e-01
9.359753727912902832e-01
6.960821151733398438e-01
9.848691225051879883e-01
5.310380458831787109e-01
9.791378378868103027e-01
9.235000014305114746e-01
9.210075736045837402e-01
8.453160524368286133e-01
9.225065708160400391e-01
9.307007193565368652e-01
8.740581274032592773e-01
9.581705331802368164e-01
9.074841737747192383e-01
8.464679718017578125e-01
9.280657768249511719e-01
8.233444690704345703e-01
9.335139393806457520e-01
9.019372463226318359e-01
8.879904747009277344e-01
8.068872690200805664e-01
9.736387729644775391e-01
8.264265060424804688e-01
9.488889575004577637e-01
9.285644292831420898e-01
9.319511651992797852e-01
9.167566895484924316e-01
9.551771879196166992e-01
8.832383155822753906e-01
8.940846920013427734e-01
8.906780481338500977e-01
8.990957736968994141e-01
8.582597970962524414e-01
9.266857504844665527e-01
8.055849075317382812e-01
9.246209859848022461e-01
9.249183535575866699e-01
9.011759757995605469e-01
9.186301231384277344e-01
9.167239665985107422e-01
6.878380179405212402e-01
9.807335138320922852e-01
4.066638350486755371e-01
9.928237199783325195e-01
2.152777761220932007e-01
9.948533773422241211e-01
5.448666810989379883e-01
9.878528714179992676e-01
7.150309681892395020e-01
9.264091253280639648e-01
9.133304357528686523e-01
8.000767230987548828e-01
8.773232698440551758e-01
5.453197956085205078e-01
9.836114645004272461e-01
6.092756986618041992e-01
9.415959715843200684e-01
9.668244123458862305e-01
6.791334748268127441e-01
9.389187693595886230e-01
7.356482148170471191e-01
8.960441946983337402e-01
9.051395654678344727e-01
7.108403444290161133e-01
9.704582691192626953e-01
6.847674846649169922e-01
8.456131219863891602e-01
9.590213298797607422e-01
6.380177736282348633e-01
9.488103389739990234e-01
8.844472765922546387e-01
9.021299481391906738e-01
9.229248762130737305e-01
9.254533052444458008e-01
8.506816625595092773e-01
9.222325682640075684e-01
8.050493597984313965e-01
9.497303962707519531e-01
7.073161602020263672e-01
9.440112709999084473e-01
9.048256278038024902e-01
9.197111129760742188e-01
7.781770229339599609e-01
9.441123008728027344e-01
7.170957922935485840e-01
9.743373394012451172e-01
6.095045804977416992e-01
9.846291542053222656e-01
9.234881997108459473e-01
8.967816829681396484e-01
9.073082804679870605e-01
8.680351376533508301e-01
9.347693920135498047e-01
7.533819675445556641e-01
8.923652768135070801e-01
7.877451181411743164e-01
9.499495029449462891e-01
8.901996016502380371e-01
9.335933923721313477e-01
9.292162656784057617e-01
8.498309850692749023e-01
8.998456001281738281e-01
9.038966894149780273e-01
8.560281395912170410e-01
9.352784156799316406e-01
8.903881311416625977e-01
8.355440497398376465e-01
9.537822008132934570e-01
7.829700708389282227e-01
9.390005469322204590e-01
9.145670533180236816e-01
9.408451318740844727e-01
8.737612962722778320e-01
8.742315173149108887e-01
9.399501681327819824e-01
7.955877780914306641e-01
9.279921054840087891e-01
9.287664890289306641e-01
8.429287672042846680e-01
9.365917444229125977e-01
8.626697063446044922e-01
9.368391036987304688e-01
9.172081947326660156e-01
8.976805210113525391e-01
8.152492046356201172e-01
9.638770818710327148e-01
8.520150780677795410e-01
8.303800225257873535e-01
9.849673509597778320e-01
6.265998482704162598e-01
9.659057259559631348e-01
4.183010160923004150e-01
9.798265099525451660e-01
9.735467433929443359e-01
8.886733055114746094e-01
9.183778762817382812e-01
9.197437763214111328e-01
9.564236402511596680e-01
8.074069023132324219e-01
9.651300907135009766e-01
5.938298702239990234e-01
9.539831280708312988e-01
7.160947322845458984e-01
9.317544698715209961e-01
9.582604765892028809e-01
8.569495677947998047e-01
9.256644248962402344e-01
9.064191579818725586e-01
8.605846166610717773e-01
8.592724204063415527e-01
9.199950098991394043e-01
8.192124366760253906e-01
9.593709707260131836e-01
7.095772624015808105e-01
9.808501005172729492e-01
5.285770297050476074e-01
9.917010068893432617e-01
9.468719959259033203e-01
7.966001629829406738e-01
9.663878083229064941e-01
7.815297842025756836e-01
9.030740261077880859e-01
9.373453855514526367e-01
8.714122772216796875e-01
9.034384489059448242e-01
8.839101791381835938e-01
9.138703942298889160e-01
8.798087239265441895e-01
9.601880311965942383e-01
8.180145621299743652e-01
9.399531483650207520e-01
8.659267425537109375e-01
9.289341568946838379e-01
9.324663877487182617e-01
8.257145881652832031e-01
9.644455313682556152e-01
8.218292593955993652e-01
9.201920032501220703e-01
9.358748197555541992e-01
9.377145767211914062e-01
9.242470860481262207e-01
8.393250703811645508e-01
9.171175360679626465e-01
9.048677086830139160e-01
8.142521381378173828e-01
9.730473756790161133e-01
6.093788146972656250e-01
9.847258329391479492e-01
8.427218198776245117e-01
9.215456247329711914e-01
9.634289741516113281e-01
9.589985609054565430e-01
8.542573451995849609e-01
9.384456872940063477e-01
8.073378801345825195e-01
9.076884984970092773e-01
9.407870769500732422e-01
8.671424388885498047e-01
9.442731142044067383e-01
8.707417249679565430e-01
8.932552933692932129e-01
9.159207344055175781e-01
9.531183242797851562e-01
7.430160045623779297e-01
9.444974660873413086e-01
8.462991118431091309e-01
9.669982790946960449e-01
9.482995271682739258e-01
8.985254168510437012e-01
9.084975719451904297e-01
9.452357292175292969e-01
7.639207243919372559e-01
9.534109830856323242e-01
8.449745774269104004e-01
9.119140505790710449e-01
9.418835043907165527e-01
8.879041671752929688e-01
8.370665907859802246e-01
9.490932226181030273e-01
8.333324790000915527e-01
9.624270200729370117e-01
9.051367044448852539e-01
8.987699151039123535e-01
9.562411308288574219e-01
7.294037938117980957e-01
9.780101180076599121e-01
5.798512697219848633e-01
9.954508543014526367e-01
4.344844073057174683e-02
9.444240927696228027e-01
9.341552853584289551e-02
9.994757175445556641e-01
6.513400673866271973e-01
6.322985887527465820e-01
8.352495431900024414e-01
6.824882626533508301e-01
6.704555153846740723e-01
9.057630896568298340e-01
5.472079515457153320e-01
8.567138314247131348e-01
7.557158470153808594e-01
6.945714950561523438e-01
8.890050649642944336e-01
5.820155143737792969e-01
9.533732533454895020e-01
5.086640119552612305e-01
9.621362090110778809e-01
9.067366123199462891e-01
7.071503996849060059e-01
9.059613943099975586e-01
6.230177283287048340e-01
9.256101846694946289e-01
6.121352314949035645e-01
9.560121297836303711e-01
5.346820354461669922e-01
9.077587723731994629e-01
9.181151986122131348e-01
7.590405344963073730e-01
9.037156701087951660e-01
8.395578861236572266e-01
7.930273413658142090e-01
9.277684092521667480e-01
8.386577963829040527e-01
8.147186636924743652e-01
9.077601432800292969e-01
7.101072072982788086e-01
9.618753790855407715e-01
6.807219386100769043e-01
9.258762598037719727e-01
9.585197567939758301e-01
8.009873628616333008e-01
9.077941775321960449e-01
8.958632946014404297e-01
8.801739215850830078e-01
8.902269005775451660e-01
8.696534037590026855e-01
8.602736592292785645e-01
8.949973583221435547e-01
8.814971446990966797e-01
8.462699651718139648e-01
9.398386478424072266e-01
8.063691854476928711e-01
9.532812833786010742e-01
9.080823659896850586e-01
9.155547618865966797e-01
8.708652257919311523e-01
8.745081424713134766e-01
8.050966858863830566e-01
9.035094976425170898e-01
8.095974326133728027e-01
8.942126035690307617e-01
8.928022980690002441e-01
8.539394140243530273e-01
8.967012166976928711e-01
9.611696004867553711e-01
8.793292045593261719e-01
8.990170955657958984e-01
9.141170978546142578e-01
9.357613921165466309e-01
8.969762325286865234e-01
8.609780073165893555e-01
9.441518187522888184e-01
8.333842158317565918e-01
8.988987207412719727e-01
9.202694892883300781e-01
8.744385242462158203e-01
8.737560510635375977e-01
9.325631856918334961e-01
8.696447610855102539e-01
8.501914739608764648e-01
9.567739367485046387e-01
8.583636283874511719e-01
9.019783735275268555e-01
8.555660843849182129e-01
8.732993602752685547e-01
9.234039783477783203e-01
7.854543924331665039e-01
9.404560327529907227e-01
8.434830904006958008e-01
8.504801988601684570e-01
9.468749761581420898e-01
7.966187000274658203e-01
9.561126232147216797e-01
8.554796576499938965e-01
8.885698318481445312e-01
9.473503828048706055e-01
8.168881535530090332e-01
9.675817489624023438e-01
8.638055324554443359e-01
9.378612041473388672e-01
8.665251731872558594e-01
9.138934612274169922e-01
9.081829190254211426e-01
8.664977550506591797e-01
9.457306861877441406e-01
8.564227819442749023e-01
8.755549788475036621e-01
7.988056540489196777e-01
9.831384420394897461e-01
6.598991751670837402e-01
9.809815883636474609e-01
8.020896911621093750e-01
8.832396864891052246e-01
9.826375246047973633e-01
8.276405334472656250e-01
9.140152931213378906e-01
9.365788698196411133e-01
7.588626742362976074e-01
9.675307273864746094e-01
9.310777783393859863e-01
9.154219627380371094e-01
8.859820365905761719e-01
9.039894342422485352e-01
7.273464798927307129e-01
9.513043165206909180e-01
7.792865037918090820e-01
8.916848301887512207e-01
9.708970189094543457e-01
7.960427999496459961e-01
9.236810207366943359e-01
9.124322533607482910e-01
8.345980048179626465e-01
9.034789800643920898e-01
9.006692767143249512e-01
9.001867771148681641e-01
9.262894392013549805e-01
9.227292537689208984e-01
8.161362409591674805e-01
9.369127154350280762e-01
8.776613473892211914e-01
9.560267925262451172e-01
8.197085857391357422e-01
9.602096676826477051e-01
7.872068881988525391e-01
9.342212677001953125e-01
8.933531045913696289e-01
9.460666775703430176e-01
7.719728946685791016e-01
9.580457210540771484e-01
8.458515405654907227e-01
8.737603425979614258e-01
9.403226971626281738e-01
8.666135668754577637e-01
9.183735251426696777e-01
9.305845499038696289e-01
7.886621952056884766e-01
9.700416326522827148e-01
6.619561314582824707e-01
9.829664230346679688e-01
7.856774330139160156e-01
9.381667375564575195e-01
9.581339359283447266e-01
8.528503775596618652e-01
8.828440904617309570e-01
8.830298185348510742e-01
8.868616819381713867e-01
9.455786347389221191e-01
8.182929754257202148e-01
9.651334881782531738e-01
8.102505207061767578e-01
9.544383287429809570e-01
8.736019134521484375e-01
9.363423585891723633e-01
8.892478942871093750e-01
9.161169528961181641e-01
9.017946720123291016e-01
8.675137758255004883e-01
9.149213433265686035e-01
9.184330701828002930e-01
7.744997739791870117e-01
9.613233804702758789e-01
7.168397307395935059e-01
9.694204330444335938e-01
8.981419801712036133e-01
8.983141183853149414e-01
9.022865295410156250e-01
8.932019472122192383e-01
9.246679544448852539e-01
8.743578195571899414e-01
8.818631172180175781e-01
9.071227312088012695e-01
9.276220202445983887e-01
8.819490671157836914e-01
9.098297357559204102e-01
8.923746347427368164e-01
8.869284391403198242e-01
9.385020732879638672e-01
8.301433324813842773e-01
9.677047729492187500e-01
7.109977602958679199e-01
9.766781330108642578e-01
5.762937068939208984e-01
9.780312180519104004e-01
5.238238573074340820e-01
9.817613959312438965e-01
6.786144971847534180e-01
9.562438130378723145e-01
9.642069339752197266e-01
8.556315302848815918e-01
7.843117117881774902e-01
9.132414460182189941e-01
7.129887342453002930e-01
9.596585631370544434e-01
8.416697978973388672e-01
9.595690965652465820e-01
8.360322117805480957e-01
9.676996469497680664e-01
6.816970109939575195e-01
9.533125758171081543e-01
6.090086102485656738e-01
9.847407341003417969e-01
4.444906413555145264e-01
9.762315750122070312e-01
9.259055852890014648e-01
8.628275990486145020e-01
9.122884273529052734e-01
8.318422436714172363e-01
9.440395832061767578e-01
9.082872271537780762e-01
8.842179775238037109e-01
8.558060526847839355e-01
9.314209222793579102e-01
7.974570393562316895e-01
9.934732317924499512e-01
5.490145087242126465e-01
9.869161248207092285e-01
8.694126605987548828e-01
8.892202377319335938e-01
9.796283245086669922e-01
8.379447460174560547e-01
9.051861763000488281e-01
9.143646359443664551e-01
7.330845594406127930e-01
9.660341739654541016e-01
6.862913966178894043e-01
9.393686056137084961e-01
9.485146999359130859e-01
7.496119737625122070e-01
9.022095799446105957e-01
9.464347362518310547e-01
7.296445369720458984e-01
9.110827445983886719e-01
9.453489780426025391e-01
7.909399867057800293e-01
9.046759605407714844e-01
7.438822388648986816e-01
9.602141380310058594e-01
8.853943347930908203e-01
9.052928686141967773e-01
9.676007628440856934e-01
9.030692577362060547e-01
8.698711395263671875e-01
9.619711041450500488e-01
7.240117788314819336e-01
9.639378190040588379e-01
6.675974130630493164e-01
9.719738960266113281e-01
9.097499847412109375e-01
7.981107831001281738e-01
9.689218401908874512e-01
7.836726307868957520e-01
9.424348473548889160e-01
9.716924428939819336e-01
8.989144563674926758e-01
8.790295124053955078e-01
8.575927019119262695e-01
9.490618705749511719e-01
7.633266448974609375e-01
9.619390368461608887e-01
8.519748449325561523e-01
9.044476747512817383e-01
9.284501671791076660e-01
9.367724657058715820e-01
8.493121862411499023e-01
9.389867782592773438e-01
8.680174350738525391e-01
9.365671277046203613e-01
9.273521900177001953e-01
8.933590650558471680e-01
9.362742900848388672e-01
8.422307968139648438e-01
9.349330663681030273e-01
9.330325126647949219e-01
8.637347221374511719e-01
9.501868486404418945e-01
8.905261754989624023e-01
8.621706962585449219e-01
9.548921585083007812e-01
8.652642965316772461e-01
8.959643840789794922e-01
9.252676963806152344e-01
9.040579795837402344e-01
8.805637359619140625e-01
8.878930807113647461e-01
9.153198599815368652e-01
9.317247271537780762e-01
9.191423058509826660e-01
8.853030800819396973e-01
9.328487515449523926e-01
9.059064388275146484e-01
9.143050312995910645e-01
8.387835621833801270e-01
9.505900144577026367e-01
8.445152044296264648e-01
9.519331455230712891e-01
8.382534980773925781e-01
9.323021173477172852e-01
9.504988193511962891e-01
8.103017807006835938e-01
9.521632194519042969e-01
9.023481607437133789e-01
8.515757322311401367e-01
9.412410259246826172e-01
8.628202676773071289e-01
9.302829504013061523e-01
8.726140856742858887e-01
9.434648156166076660e-01
8.714693784713745117e-01
9.094945788383483887e-01
9.054113626480102539e-01
9.450910091400146484e-01
8.836055994033813477e-01
9.338628053665161133e-01
9.051367640495300293e-01
8.568755388259887695e-01
9.652165174484252930e-01
8.910127878189086914e-01
8.812432885169982910e-01
9.673045873641967773e-01
9.111667275428771973e-01
8.843188285827636719e-01
9.465556740760803223e-01
8.905087113380432129e-01
9.360359907150268555e-01
7.557014226913452148e-01
9.711206555366516113e-01
7.433701157569885254e-01
9.399564266204833984e-01
8.864108324050903320e-01
9.558875560760498047e-01
9.179446697235107422e-01
9.512331485748291016e-01
8.418585062026977539e-01
9.611495733261108398e-01
9.085284471511840820e-01
9.316822290420532227e-01
9.303089380264282227e-01
8.368694186210632324e-01
9.799436330795288086e-01
7.848216295242309570e-01
9.616845846176147461e-01
9.651520848274230957e-01
8.468077182769775391e-01
9.726644754409790039e-01
8.089249730110168457e-01
9.490004777908325195e-01
6.979721784591674805e-01
9.886007308959960938e-01
3.942217230796813965e-01
9.911055564880371094e-01
2.569309994578361511e-02
9.960590600967407227e-01
7.148662209510803223e-01
8.814563155174255371e-01
8.923177123069763184e-01
7.482309937477111816e-01
8.658957481384277344e-01
6.226072907447814941e-01
9.317271113395690918e-01
5.084162950515747070e-01
9.739913344383239746e-01
5.726816654205322266e-01
9.428640007972717285e-01
9.512904882431030273e-01
5.586558580398559570e-01
9.551239013671875000e-01
8.314148187637329102e-01
8.120991587638854980e-01
9.381427764892578125e-01
8.193995952606201172e-01
9.070304632186889648e-01
8.439892530441284180e-01
8.992171287536621094e-01
7.443203926086425781e-01
9.368474483489990234e-01
6.399931907653808594e-01
9.871607422828674316e-01
8.424251079559326172e-01
7.976684570312500000e-01
9.672542810440063477e-01
5.145744085311889648e-01
9.777834415435791016e-01
6.548328399658203125e-01
9.270122051239013672e-01
8.931485414505004883e-01
8.764756321907043457e-01
8.221315145492553711e-01
7.836626768112182617e-01
9.018491506576538086e-01
7.649723291397094727e-01
9.601703882217407227e-01
8.851240277290344238e-01
9.454407691955566406e-01
9.089409112930297852e-01
8.956522941589355469e-01
8.429569005966186523e-01
9.098595380783081055e-01
8.533178567886352539e-01
8.405709266662597656e-01
9.296417832374572754e-01
7.105675935745239258e-01
9.524167776107788086e-01
8.978704214096069336e-01
8.747341036796569824e-01
9.179890155792236328e-01
7.582951188087463379e-01
9.596315622329711914e-01
8.817705512046813965e-01
8.771429061889648438e-01
9.229555130004882812e-01
9.304552078247070312e-01
8.608971834182739258e-01
9.337424039840698242e-01
8.664378523826599121e-01
9.164538979530334473e-01
8.240141272544860840e-01
9.510639905929565430e-01
5.989916920661926270e-01
9.561651945114135742e-01
9.428297281265258789e-01
6.771150231361389160e-01
9.535260200500488281e-01
6.232676506042480469e-01
9.802424907684326172e-01
9.004831314086914062e-01
8.910190463066101074e-01
9.603501558303833008e-01
7.304874062538146973e-01
9.415731430053710938e-01
9.207329750061035156e-01
7.966209650039672852e-01
9.716302156448364258e-01
7.453504204750061035e-01
8.994112014770507812e-01
9.478982090950012207e-01
8.913979530334472656e-01
8.991737961769104004e-01
9.476087093353271484e-01
8.612967729568481445e-01
9.235267043113708496e-01
7.589240670204162598e-01
9.605348110198974609e-01
9.008171558380126953e-01
8.181585073471069336e-01
9.397414922714233398e-01
8.830833435058593750e-01
8.498689532279968262e-01
9.927484393119812012e-01
7.936623692512512207e-01
9.677546620368957520e-01
8.939996957778930664e-01
8.475146293640136719e-01
9.435091018676757812e-01
7.953633069992065430e-01
9.220041632652282715e-01
9.448491334915161133e-01
6.863971948623657227e-01
9.750064611434936523e-01
6.454930901527404785e-01
9.688407778739929199e-01
9.577120542526245117e-01
8.106839060783386230e-01
9.739111661911010742e-01
8.324117660522460938e-01
9.600846171379089355e-01
8.714417815208435059e-01
9.213170409202575684e-01
9.208532571792602539e-01
9.300463199615478516e-01
8.844427466392517090e-01
9.145481586456298828e-01
9.192341566085815430e-01
8.168359994888305664e-01
9.659513235092163086e-01
8.193564414978027344e-01
9.257563352584838867e-01
9.530848264694213867e-01
9.090387225151062012e-01
8.488188982009887695e-01
9.652034640312194824e-01
8.418279886245727539e-01
9.100296497344970703e-01
9.249332547187805176e-01
8.739371299743652344e-01
9.451187849044799805e-01
8.394428491592407227e-01
9.094031453132629395e-01
9.068623781204223633e-01
9.359647035598754883e-01
8.919081091880798340e-01
8.803795576095581055e-01
8.727053999900817871e-01
8.927778005599975586e-01
9.538484811782836914e-01
8.691741228103637695e-01
9.421690106391906738e-01
9.269986152648925781e-01
9.042793512344360352e-01
8.972900509834289551e-01
9.261412620544433594e-01
8.326647281646728516e-01
9.710898399353027344e-01
4.331171214580535889e-01
9.932253956794738770e-01
5.853134989738464355e-01
9.795472621917724609e-01
9.100257158279418945e-01
8.745450973510742188e-01
9.079740047454833984e-01
8.499289751052856445e-01
9.584263563156127930e-01
9.347037672996520996e-01
8.842304944992065430e-01
9.299068450927734375e-01
8.512682914733886719e-01
8.712691068649291992e-01
6.783998012542724609e-01
9.808440804481506348e-01
6.869550943374633789e-01
9.753164649009704590e-01
9.311969280242919922e-01
8.596590161323547363e-01
9.415565133094787598e-01
9.442955255508422852e-01
8.852097988128662109e-01
8.792481422424316406e-01
8.872594833374023438e-01
7.757507562637329102e-01
9.763156175613403320e-01
6.784813404083251953e-01
9.558418989181518555e-01
9.429520964622497559e-01
8.436739444732666016e-01
9.454398751258850098e-01
9.375297427177429199e-01
8.933653831481933594e-01
8.842322826385498047e-01
9.462546110153198242e-01
8.721292018890380859e-01
8.410733938217163086e-01
9.668393731117248535e-01
6.188929677009582520e-01
9.414515495300292969e-01
9.725675582885742188e-01
7.150284647941589355e-01
9.694432616233825684e-01
7.918933033943176270e-01
9.566276073455810547e-01
9.471432566642761230e-01
8.919776678085327148e-01
8.638707995414733887e-01
9.187850356101989746e-01
7.855584621429443359e-01
9.580385684967041016e-01
9.286248683929443359e-01
9.030308723449707031e-01
9.823665022850036621e-01
6.877087354660034180e-01
9.867911934852600098e-01
6.945567727088928223e-01
9.647274017333984375e-01
9.395316839218139648e-01
9.335467815399169922e-01
8.440858721733093262e-01
9.738711714744567871e-01
7.485379576683044434e-01
9.630326628684997559e-01
7.495018243789672852e-01
9.629652500152587891e-01
8.580143451690673828e-01
8.750827312469482422e-01
9.828906059265136719e-01
7.858433127403259277e-01
9.534347653388977051e-01
9.348605871200561523e-01
8.800805807113647461e-01
9.459257125854492188e-01
7.771071195602416992e-01
9.462862014770507812e-01
8.691550493240356445e-01
8.943274021148681641e-01
9.464747905731201172e-01
9.084993600845336914e-01
8.704093694686889648e-01
9.658061265945434570e-01
8.231201767921447754e-01
9.555429220199584961e-01
9.297960996627807617e-01
8.828001618385314941e-01
9.058851003646850586e-01
9.620164036750793457e-01
9.272925853729248047e-01
8.803936243057250977e-01
9.166076779365539551e-01
9.195184111595153809e-01
9.242722392082214355e-01
8.867079615592956543e-01
9.254176616668701172e-01
9.286344051361083984e-01
8.140050768852233887e-01
9.753470420837402344e-01
5.967534780502319336e-01
9.907684922218322754e-01
7.823268771171569824e-01
9.609803557395935059e-01
8.841201066970825195e-01
9.284914135932922363e-01
9.594647884368896484e-01
8.419210910797119141e-01
8.967710733413696289e-01
8.804407119750976562e-01
8.649181127548217773e-01
9.762974977493286133e-01
6.963177919387817383e-01
9.856308698654174805e-01
5.981884002685546875e-01
9.891823530197143555e-01
3.250269889831542969e-01
9.973452091217041016e-01
1.159541122615337372e-02
9.992378950119018555e-01
3.401911854743957520e-01
9.828222990036010742e-01
8.732624053955078125e-01
7.381846904754638672e-01
8.998804092407226562e-01
5.264042615890502930e-01
9.707659482955932617e-01
4.878856539726257324e-01
9.331522583961486816e-01
9.126638770103454590e-01
6.816134452819824219e-01
9.378159046173095703e-01
5.681738853454589844e-01
9.467495679855346680e-01
9.419639110565185547e-01
7.707597017288208008e-01
8.728285431861877441e-01
8.313167095184326172e-01
8.068110346794128418e-01
9.084242582321166992e-01
6.889730691909790039e-01
9.595261216163635254e-01
6.512818336486816406e-01
9.328404068946838379e-01
8.899344205856323242e-01
8.957026004791259766e-01
8.876264691352844238e-01
7.874991297721862793e-01
8.537802696228027344e-01
8.275765180587768555e-01
8.687167167663574219e-01
8.900458812713623047e-01
8.096174597740173340e-01
9.383888244628906250e-01
6.628349423408508301e-01
9.305438995361328125e-01
9.675022363662719727e-01
8.715893030166625977e-01
9.131802320480346680e-01
8.830634355545043945e-01
9.288792610168457031e-01
7.378357052803039551e-01
9.735953807830810547e-01
5.718614459037780762e-01
9.338185191154479980e-01
9.090991020202636719e-01
8.282108306884765625e-01
9.174117445945739746e-01
8.659746646881103516e-01
8.455402255058288574e-01
8.738481402397155762e-01
8.128967285156250000e-01
9.182105660438537598e-01
8.128870725631713867e-01
9.271416664123535156e-01
9.363890886306762695e-01
9.187948107719421387e-01
8.386381864547729492e-01
9.126431345939636230e-01
7.532917857170104980e-01
9.176421165466308594e-01
9.051216840744018555e-01
8.604341745376586914e-01
8.823243379592895508e-01
8.909791707992553711e-01
9.232589602470397949e-01
8.839157223701477051e-01
9.127442836761474609e-01
8.183473348617553711e-01
9.651282429695129395e-01
7.948191761970520020e-01
8.480371236801147461e-01
9.684962630271911621e-01
8.261908888816833496e-01
9.254125356674194336e-01
9.295947551727294922e-01
9.212751388549804688e-01
8.443598747253417969e-01
9.100825190544128418e-01
8.320916891098022461e-01
9.324258565902709961e-01
9.069095849990844727e-01
8.801674842834472656e-01
9.078953862190246582e-01
8.847174644470214844e-01
9.121587276458740234e-01
9.100362062454223633e-01
8.861193060874938965e-01
9.488033056259155273e-01
8.935083150863647461e-01
8.550169467926025391e-01
9.325510263442993164e-01
8.550637960433959961e-01
9.175033569335937500e-01
8.950375318527221680e-01
8.765553236007690430e-01
9.562671184539794922e-01
8.654109239578247070e-01
9.081655740737915039e-01
8.755165338516235352e-01
8.964183926582336426e-01
9.503215551376342773e-01
9.071137905120849609e-01
8.272633552551269531e-01
9.575330018997192383e-01
9.460257887840270996e-01
7.470926046371459961e-01
9.894651174545288086e-01
8.879737854003906250e-01
9.009215235710144043e-01
9.313567280769348145e-01
8.202491998672485352e-01
9.596881866455078125e-01
8.784782886505126953e-01
8.857855796813964844e-01
9.686748385429382324e-01
7.882058620452880859e-01
9.396773576736450195e-01
9.436346292495727539e-01
7.033456563949584961e-01
9.924743771553039551e-01
2.973996400833129883e-01
9.697899222373962402e-01
8.584632873535156250e-01
8.957762718200683594e-01
8.639587163925170898e-01
6.899399757385253906e-01
9.894006252288818359e-01
9.641738235950469971e-02
9.946408271789550781e-01
1.952403485774993896e-01
9.806226491928100586e-01
7.475795149803161621e-01
7.975857257843017578e-01
9.689145088195800781e-01
7.005351781845092773e-01
9.062104821205139160e-01
6.188153028488159180e-01
9.122805595397949219e-01
5.800875425338745117e-01
9.688923358917236328e-01
8.583185076713562012e-01
9.465964436531066895e-01
9.130675792694091797e-01
7.697229385375976562e-01
9.431509971618652344e-01
6.187291145324707031e-01
9.600346088409423828e-01
8.831039667129516602e-01
9.078037738800048828e-01
9.209892749786376953e-01
8.312606811523437500e-01
9.231323003768920898e-01
9.277642965316772461e-01
8.375025987625122070e-01
8.359575271606445312e-01
8.765479326248168945e-01
8.654676675796508789e-01
8.627299666404724121e-01
9.300944209098815918e-01
8.387645483016967773e-01
8.534901142120361328e-01
8.762694597244262695e-01
8.883012533187866211e-01
8.882845044136047363e-01
9.241513013839721680e-01
8.841773867607116699e-01
9.046080112457275391e-01
8.249733448028564453e-01
9.307755231857299805e-01
9.006224870681762695e-01
8.568644523620605469e-01
9.151419401168823242e-01
8.448007106781005859e-01
8.426309823989868164e-01
9.463712573051452637e-01
8.067224025726318359e-01
9.355534911155700684e-01
8.925991058349609375e-01
8.932722806930541992e-01
8.473669886589050293e-01
9.163068532943725586e-01
8.442821502685546875e-01
9.208552241325378418e-01
8.316680788993835449e-01
9.422002434730529785e-01
8.542852401733398438e-01
9.193819761276245117e-01
9.183607101440429688e-01
8.905416727066040039e-01
8.442001938819885254e-01
9.421517252922058105e-01
7.220013141632080078e-01
9.370170831680297852e-01
9.826622605323791504e-01
8.765936493873596191e-01
8.602703809738159180e-01
9.820577502250671387e-01
9.218245744705200195e-01
8.000234961509704590e-01
9.523170590400695801e-01
7.233058214187622070e-01
9.458053708076477051e-01
9.065359830856323242e-01
9.205415248870849609e-01
9.215180873870849609e-01
8.564686775207519531e-01
9.406707286834716797e-01
8.028467893600463867e-01
9.388473033905029297e-01
8.931779861450195312e-01
8.261729478836059570e-01
9.685949087142944336e-01
7.258480787277221680e-01
9.706446528434753418e-01
9.258942008018493652e-01
8.584809303283691406e-01
9.514731168746948242e-01
8.781062364578247070e-01
9.022260904312133789e-01
9.165104627609252930e-01
9.230486154556274414e-01
8.727940320968627930e-01
9.459086656570434570e-01
9.281256794929504395e-01
8.471923470497131348e-01
9.221544265747070312e-01
8.749732971191406250e-01
9.527385234832763672e-01
8.241333961486816406e-01
9.743387103080749512e-01
7.489814758300781250e-01
9.719082117080688477e-01
9.385906457901000977e-01
9.155948162078857422e-01
8.112244606018066406e-01
9.580633640289306641e-01
6.970167160034179688e-01
9.713261127471923828e-01
9.026814103126525879e-01
8.638370037078857422e-01
9.424371719360351562e-01
9.800204634666442871e-01
6.334456801414489746e-01
9.824023246765136719e-01
7.849582433700561523e-01
9.719736576080322266e-01
9.766944646835327148e-01
9.170306921005249023e-01
8.971072435379028320e-01
9.331195950508117676e-01
8.412800431251525879e-01
9.708795547485351562e-01
9.059782624244689941e-01
9.029855132102966309e-01
9.381420612335205078e-01
8.953447341918945312e-01
8.498808145523071289e-01
8.868045806884765625e-01
9.669685363769531250e-01
9.358804225921630859e-01
8.257715702056884766e-01
9.537537693977355957e-01
8.150734305381774902e-01
9.756951332092285156e-01
8.828520178794860840e-01
8.561046719551086426e-01
9.777439832687377930e-01
8.987830877304077148e-01
8.869406580924987793e-01
9.516576528549194336e-01
9.213275313377380371e-01
8.823992609977722168e-01
8.973889350891113281e-01
9.459315538406372070e-01
8.410089015960693359e-01
9.557722806930541992e-01
8.783878087997436523e-01
8.983681797981262207e-01
9.390090703964233398e-01
9.270389080047607422e-01
7.969909310340881348e-01
9.777027964591979980e-01
8.994952440261840820e-01
9.332922101020812988e-01
8.840278387069702148e-01
9.714004397392272949e-01
7.518042325973510742e-01
9.524432420730590820e-01
8.297511339187622070e-01
8.965308070182800293e-01
9.182648658752441406e-01
9.265674352645874023e-01
9.477132558822631836e-01
9.522326588630676270e-01
