6.838392615318298340e-01
8.720967173576354980e-01
8.280591964721679688e-01
7.002997398376464844e-01
6.402198076248168945e-01
5.705297589302062988e-01
6.436796188354492188e-01
4.813960492610931396e-01
5.014313459396362305e-01
3.979957103729248047e-01
3.723144531250000000e-01
3.064771890640258789e-01
5.121628642082214355e-01
1.443808525800704956e-01
8.898149132728576660e-01
2.228106930851936340e-02
7.481209635734558105e-01
1.476328447461128235e-02
6.207963824272155762e-01
1.089188456535339355e-02
6.044523119926452637e-01
7.722235284745693207e-03
7.161977291107177734e-01
4.449988715350627899e-03
7.155717015266418457e-01
9.995249565690755844e-04
4.147362336516380310e-02
9.769695401191711426e-01
1.241353456862270832e-04
8.365877438336610794e-04
5.159621238708496094e-01
4.673187620937824249e-03
1.186171025037765503e-01
7.697641849517822266e-01
2.055519689747598022e-05
5.546143802348524332e-05
4.005355387926101685e-02
9.726136326789855957e-01
1.472308122174581513e-05
7.645319783478043973e-06
1.043503638356924057e-03
2.919560372829437256e-01
2.211779654026031494e-01
6.014912948012351990e-02
5.212647914886474609e-01
2.626153582241386175e-04
2.610119292512536049e-03
6.062347888946533203e-01
3.346304220031015575e-05
5.644806151394732296e-05
6.352834869176149368e-03
6.391633749008178711e-01
2.080130216199904680e-04
2.146894577890634537e-03
8.359377384185791016e-01
1.138327526859939098e-03
1.236275862902402878e-02
3.527499139308929443e-01
1.388273537158966064e-01
2.205504029989242554e-01
9.613874554634094238e-02
4.785982370376586914e-01
1.534096337854862213e-02
2.989549636840820312e-01
3.900108039379119873e-01
1.075326353311538696e-01
4.072502851486206055e-01
1.259424984455108643e-01
3.362058401107788086e-01
1.595062464475631714e-01
5.514428615570068359e-01
2.580317109823226929e-02
6.906892657279968262e-01
4.585743695497512817e-02
4.121553897857666016e-01
2.862703800201416016e-01
2.811908721923828125e-01
5.278987288475036621e-01
1.481037735939025879e-01
6.089000701904296875e-01
1.182720959186553955e-01
5.006226301193237305e-01
2.024531811475753784e-01
4.787023365497589111e-01
2.202525138854980469e-01
5.911069512367248535e-01
2.187619209289550781e-01
5.301282405853271484e-01
2.104651480913162231e-01
2.640217542648315430e-01
4.705230295658111572e-01
2.224732637405395508e-01
7.127134203910827637e-01
5.354014784097671509e-02
5.683754682540893555e-01
1.793773621320724487e-01
4.376534819602966309e-01
3.630628883838653564e-01
4.781696796417236328e-01
3.130891919136047363e-01
4.470999538898468018e-01
1.901383697986602783e-01
5.283937454223632812e-01
2.451852560043334961e-01
4.446642994880676270e-01
2.934619784355163574e-01
3.499822914600372314e-01
2.865967154502868652e-01
4.517794549465179443e-01
3.461051881313323975e-01
4.815881252288818359e-01
2.491783499717712402e-01
4.309476315975189209e-01
2.226269394159317017e-01
4.714084267616271973e-01
3.446653485298156738e-01
3.484851419925689697e-01
2.763789296150207520e-01
3.942221403121948242e-01
2.540682554244995117e-01
5.029814243316650391e-01
3.345654606819152832e-01
2.510114312171936035e-01
3.689138889312744141e-01
2.473284602165222168e-01
6.167483329772949219e-01
2.337248623371124268e-01
4.627299010753631592e-01
2.395585477352142334e-01
2.789335250854492188e-01
4.418670535087585449e-01
2.888098955154418945e-01
5.344258546829223633e-01
2.219443917274475098e-01
3.401371836662292480e-01
2.448027282953262329e-01
3.415701389312744141e-01
4.620081484317779541e-01
3.711368739604949951e-01
3.016119599342346191e-01
3.533431291580200195e-01
2.930253446102142334e-01
4.710966348648071289e-01
1.927710771560668945e-01
4.985988736152648926e-01
2.436270117759704590e-01
3.535386323928833008e-01
5.434740781784057617e-01
1.950372457504272461e-01
4.153128862380981445e-01
3.365613222122192383e-01
3.072352409362792969e-01
2.732285857200622559e-01
2.909488081932067871e-01
3.927685022354125977e-01
2.842299044132232666e-01
3.950876891613006592e-01
3.628384768962860107e-01
4.094754457473754883e-01
1.858726739883422852e-01
5.287731885910034180e-01
8.035366237163543701e-02
4.691722989082336426e-01
3.376300930976867676e-01
3.780143260955810547e-01
2.496470808982849121e-01
4.193349480628967285e-01
9.464070200920104980e-02
4.868526756763458252e-01
2.314648628234863281e-01
3.489636480808258057e-01
3.620533943176269531e-01
2.684782743453979492e-01
3.807303309440612793e-01
1.483409106731414795e-01
5.324143171310424805e-01
1.023276075720787048e-01
4.872874915599822998e-01
3.417115807533264160e-01
2.109962701797485352e-01
2.914371490478515625e-01
2.433643490076065063e-01
1.862432658672332764e-01
5.411248803138732910e-01
1.149699240922927856e-01
4.498785138130187988e-01
9.246493875980377197e-02
3.408434391021728516e-01
2.415291070938110352e-01
1.852041184902191162e-01
2.923969626426696777e-01
2.311626821756362915e-01
3.630678057670593262e-01
1.415628790855407715e-01
1.799682527780532837e-01
4.354468286037445068e-01
8.973540365695953369e-02
1.653960049152374268e-01
4.210908412933349609e-01
1.255580931901931763e-01
3.403086960315704346e-01
1.778389215469360352e-01
2.736778259277343750e-01
3.718156814575195312e-01
1.992147564888000488e-01
2.885061800479888916e-01
1.638251245021820068e-01
2.853857576847076416e-01
1.845642030239105225e-01
1.409775614738464355e-01
2.341259419918060303e-01
1.477128863334655762e-01
1.214343830943107605e-01
2.356862425804138184e-01
1.301074326038360596e-01
2.805411219596862793e-01
1.408179998397827148e-01
1.818447709083557129e-01
2.713804841041564941e-01
4.732606559991836548e-02
2.278592437505722046e-01
2.816614806652069092e-01
2.451388537883758545e-02
7.818066328763961792e-02
2.819743156433105469e-01
3.105924092233181000e-02
1.290512979030609131e-01
2.095841318368911743e-01
9.395598620176315308e-02
1.175947934389114380e-01
2.609145641326904297e-01
1.102323681116104126e-01
2.319691479206085205e-01
1.346022486686706543e-01
6.205102205276489258e-01
1.521622762084007263e-02
2.361968606710433960e-01
1.910242885351181030e-01
8.717583864927291870e-02
1.336727142333984375e-01
3.790266513824462891e-01
1.254541873931884766e-01
1.065691336989402771e-01
1.681213527917861938e-01
2.085046321153640747e-01
2.038415372371673584e-01
1.276195347309112549e-01
3.004686236381530762e-01
5.674551427364349365e-02
9.798485040664672852e-02
2.597733736038208008e-01
5.803906172513961792e-02
8.418221771717071533e-02
2.312948107719421387e-01
1.095470935106277466e-01
1.136990338563919067e-01
3.445565104484558105e-01
5.620868504047393799e-02
2.335475683212280273e-01
1.993132531642913818e-01
8.279280364513397217e-02
1.684907078742980957e-01
1.744820177555084229e-01
1.101465225219726562e-01
1.407262086868286133e-01
1.579373180866241455e-01
2.554004788398742676e-01
6.051325798034667969e-02
1.337203830480575562e-01
2.600182294845581055e-01
7.645665854215621948e-02
2.010398805141448975e-01
1.144436895847320557e-01
3.698369264602661133e-01
3.797338902950286865e-02
6.127709150314331055e-01
1.559118926525115967e-01
2.804755568504333496e-01
3.411918282508850098e-01
2.262869030237197876e-01
2.660132646560668945e-01
3.487134873867034912e-01
2.556673586368560791e-01
5.348719358444213867e-01
5.302125215530395508e-02
6.830531358718872070e-01
6.572726368904113770e-02
3.836077451705932617e-01
3.045067489147186279e-01
2.479289025068283081e-01
3.870213031768798828e-01
6.643783301115036011e-02
4.071812629699707031e-01
4.614588990807533264e-02
1.744481623172760010e-01
2.082174271345138550e-01
1.568944305181503296e-01
1.373173296451568604e-01
1.577640473842620850e-01
1.496346741914749146e-01
9.839257597923278809e-02
3.468479514122009277e-01
6.197145581245422363e-02
4.125734567642211914e-01
6.341874599456787109e-02
8.889043331146240234e-02
2.396890521049499512e-01
1.206002607941627502e-01
2.344349026679992676e-01
1.272913217544555664e-01
2.978371083736419678e-01
8.435257524251937866e-02
4.899542033672332764e-01
3.683672845363616943e-02
2.797700166702270508e-01
2.742079496383666992e-01
9.041505306959152222e-02
2.075707614421844482e-01
1.844284534454345703e-01
2.243646532297134399e-01
1.215696707367897034e-01
5.016272664070129395e-01
8.263470232486724854e-02
2.285638451576232910e-01
4.631046056747436523e-01
1.360474228858947754e-01
5.830878019332885742e-01
3.261984586715698242e-01
5.115826129913330078e-01
4.204268455505371094e-01
3.208020031452178955e-01
3.972911834716796875e-01
2.759703993797302246e-01
3.038017749786376953e-01
4.844799339771270752e-01
3.385482430458068848e-01
4.389825761318206787e-01
3.417759537696838379e-01
3.871482312679290771e-01
3.087956905364990234e-01
3.668602705001831055e-01
2.971082031726837158e-01
4.195724129676818848e-01
1.418326199054718018e-01
5.853712558746337891e-01
9.777606278657913208e-02
6.140858530998229980e-01
1.490860283374786377e-01
4.435485899448394775e-01
2.561964392662048340e-01
3.237851858139038086e-01
3.602491319179534912e-01
2.212682962417602539e-01
3.278999626636505127e-01
2.357684522867202759e-01
4.363104104995727539e-01
1.841374635696411133e-01
3.738997578620910645e-01
3.099773824214935303e-01
4.432121515274047852e-01
1.584096997976303101e-01
5.667184591293334961e-01
2.341510951519012451e-01
5.060930252075195312e-01
2.000756859779357910e-01
4.689201414585113525e-01
1.846797168254852295e-01
3.541952371597290039e-01
3.461297750473022461e-01
2.833389639854431152e-01
5.242052078247070312e-01
1.088057607412338257e-01
6.555940508842468262e-01
2.097122669219970703e-01
4.837208390235900879e-01
2.296771407127380371e-01
3.626874089241027832e-01
3.044934272766113281e-01
5.778992176055908203e-01
2.615260481834411621e-01
5.481536388397216797e-01
9.786313772201538086e-02
4.406021535396575928e-01
2.677543163299560547e-01
3.048298954963684082e-01
4.453007876873016357e-01
2.491758167743682861e-01
5.795234441757202148e-01
1.198820993304252625e-01
7.204971313476562500e-01
1.962759941816329956e-01
4.024331569671630859e-01
4.080328345298767090e-01
3.126904368400573730e-01
1.942737102508544922e-01
4.645272791385650635e-01
1.121379435062408447e-01
6.897813677787780762e-01
2.156461626291275024e-01
4.745061397552490234e-01
2.891057729721069336e-01
5.059376955032348633e-01
1.920406669378280640e-01
4.960596859455108643e-01
1.447545886039733887e-01
5.962086915969848633e-01
2.607477903366088867e-01
5.399584174156188965e-01
1.768710911273956299e-01
4.876962304115295410e-01
3.794585168361663818e-01
4.629305303096771240e-01
4.614433944225311279e-01
5.253489017486572266e-01
3.880546689033508301e-01
3.968639373779296875e-01
2.753255367279052734e-01
2.616928219795227051e-01
3.566808998584747314e-01
2.364247590303421021e-01
4.908233582973480225e-01
1.312139928340911865e-01
6.606049537658691406e-01
2.571000158786773682e-01
5.800259113311767578e-01
4.135887324810028076e-02
4.605306386947631836e-01
1.820314526557922363e-01
2.910186946392059326e-01
3.767912387847900391e-01
2.419972419738769531e-01
5.143649578094482422e-01
8.800390362739562988e-02
6.180995106697082520e-01
1.935045719146728516e-01
1.925779879093170166e-01
3.607439398765563965e-01
1.865867972373962402e-01
4.378677606582641602e-01
2.902442216873168945e-01
3.708758354187011719e-01
3.079592585563659668e-01
4.937213659286499023e-01
3.185060918331146240e-01
2.937877178192138672e-01
2.575666308403015137e-01
3.793021440505981445e-01
4.276292324066162109e-01
4.037195146083831787e-01
4.881156682968139648e-01
3.052508533000946045e-01
4.853083491325378418e-01
2.579443454742431641e-01
3.324446082115173340e-01
4.814908504486083984e-01
1.635547727346420288e-01
7.776916027069091797e-01
6.594491004943847656e-02
4.252288937568664551e-01
3.755182027816772461e-01
2.399370372295379639e-01
2.775129675865173340e-01
1.340056657791137695e-01
3.699166178703308105e-01
1.180939450860023499e-01
3.873275816440582275e-01
2.131785452365875244e-01
2.774573266506195068e-01
4.779334068298339844e-01
3.617586567997932434e-02
2.752151489257812500e-01
5.635009407997131348e-01
2.192367911338806152e-01
5.188328027725219727e-01
5.318561196327209473e-01
6.045973896980285645e-01
2.429374456405639648e-01
3.520403504371643066e-01
3.631130754947662354e-01
3.962264657020568848e-01
4.104865193367004395e-01
4.342126250267028809e-01
3.738571405410766602e-01
5.136798024177551270e-01
2.281690835952758789e-01
5.592713356018066406e-01
2.323987931013107300e-01
6.951562166213989258e-01
9.142550826072692871e-02
5.532110929489135742e-01
3.713034987449645996e-01
2.838622331619262695e-01
3.137012124061584473e-01
4.445116519927978516e-01
2.929672300815582275e-01
4.204196333885192871e-01
2.203042209148406982e-01
3.178868889808654785e-01
4.192792177200317383e-01
2.720401883125305176e-01
3.867008388042449951e-01
3.178977966308593750e-01
1.992322653532028198e-01
3.356797099113464355e-01
2.296628206968307495e-01
3.556345403194427490e-01
2.866237163543701172e-01
2.513484954833984375e-01
3.553713560104370117e-01
3.359093070030212402e-01
1.961716711521148682e-01
5.464766025543212891e-01
4.785666242241859436e-02
5.556015372276306152e-01
9.148025512695312500e-02
6.256515383720397949e-01
1.186070218682289124e-01
5.304263830184936523e-01
2.596376836299896240e-01
3.808817863464355469e-01
3.374664783477783203e-01
2.468461096286773682e-01
3.044311702251434326e-01
3.676176071166992188e-01
2.065767347812652588e-01
4.153773188591003418e-01
2.795976996421813965e-01
3.228924274444580078e-01
3.738980591297149658e-01
2.230907231569290161e-01
4.597863554954528809e-01
2.388629019260406494e-01
4.408098459243774414e-01
2.450405210256576538e-01
4.666332602500915527e-01
3.767256140708923340e-01
3.643604218959808350e-01
4.502948820590972900e-01
2.633354067802429199e-01
4.812774658203125000e-01
3.014221191406250000e-01
2.731479704380035400e-01
5.452783107757568359e-01
2.674909234046936035e-01
5.243310928344726562e-01
2.182618230581283569e-01
5.166527032852172852e-01
1.474830657243728638e-01
3.684982359409332275e-01
3.797480463981628418e-01
2.039997726678848267e-01
3.907356262207031250e-01
3.358243107795715332e-01
3.052326440811157227e-01
3.182893991470336914e-01
3.412976861000061035e-01
2.256637215614318848e-01
3.074773550033569336e-01
3.071667253971099854e-01
3.388188481330871582e-01
2.445428669452667236e-01
3.480789661407470703e-01
2.618671953678131104e-01
3.098860383033752441e-01
1.821942180395126343e-01
4.397527277469635010e-01
1.518867313861846924e-01
6.263664960861206055e-01
1.365855783224105835e-01
4.636243581771850586e-01
3.386339843273162842e-01
2.156526595354080200e-01
4.521363377571105957e-01
2.649255990982055664e-01
2.046742737293243408e-01
5.299445390701293945e-01
1.430541127920150757e-01
4.991711378097534180e-01
1.519496440887451172e-01
3.852469623088836670e-01
3.357218801975250244e-01
1.753494292497634888e-01
5.435855388641357422e-01
1.437559723854064941e-01
4.178153276443481445e-01
3.209044337272644043e-01
3.516222238540649414e-01
2.225208282470703125e-01
2.908253073692321777e-01
3.543626666069030762e-01
2.756156623363494873e-01
3.676275610923767090e-01
2.483295202255249023e-01
3.946171402931213379e-01
1.495420187711715698e-01
4.901858568191528320e-01
1.132315546274185181e-01
4.918430149555206299e-01
1.677058786153793335e-01
2.492141872644424438e-01
5.825209617614746094e-01
1.000847965478897095e-01
5.398138761520385742e-01
1.592338234186172485e-01
2.882884740829467773e-01
3.971133232116699219e-01
2.357828319072723389e-01
2.236772477626800537e-01
6.331692934036254883e-01
8.628925681114196777e-02
4.579660296440124512e-01
3.380895256996154785e-01
1.861518025398254395e-01
2.777098119258880615e-01
3.846935629844665527e-01
2.324739098548889160e-01
3.625894188880920410e-01
3.124431967735290527e-01
3.385894894599914551e-01
3.679538369178771973e-01
1.699220240116119385e-01
7.028744816780090332e-01
4.023895040154457092e-02
6.141782402992248535e-01
1.448963582515716553e-01
3.668155372142791748e-01
2.080717235803604126e-01
3.151404559612274170e-01
2.719405889511108398e-01
3.320873379707336426e-01
3.489348292350769043e-01
1.635309755802154541e-01
5.651470422744750977e-01
8.432357758283615112e-02
5.558872222900390625e-01
1.792335063219070435e-01
3.896344006061553955e-01
4.181317687034606934e-01
2.808911800384521484e-01
2.841523587703704834e-01
3.781508803367614746e-01
2.111606895923614502e-01
3.570974469184875488e-01
3.324505686759948730e-01
3.175137639045715332e-01
4.606278836727142334e-01
1.733382642269134521e-01
5.301857590675354004e-01
1.313377320766448975e-01
3.242462277412414551e-01
2.227488756179809570e-01
2.573636174201965332e-01
2.986920177936553955e-01
4.640275835990905762e-01
2.000710070133209229e-01
6.768221855163574219e-01
5.115842446684837341e-02
3.255516290664672852e-01
3.651788234710693359e-01
2.016981244087219238e-01
6.082714796066284180e-01
1.717543601989746094e-01
3.280853629112243652e-01
2.739664316177368164e-01
1.734017431735992432e-01
3.471638560295104980e-01
2.568886876106262207e-01
3.079957962036132812e-01
2.913398742675781250e-01
3.124722838401794434e-01
2.951633334159851074e-01
1.900950670242309570e-01
4.574623703956604004e-01
8.504876494407653809e-02
7.109997272491455078e-01
9.738148748874664307e-02
2.898056805133819580e-01
4.309941530227661133e-01
1.503298580646514893e-01
3.510699272155761719e-01
3.095670044422149658e-01
2.883342504501342773e-01
2.492844015359878540e-01
5.288887023925781250e-01
1.422004699707031250e-01
3.077366948127746582e-01
3.496395945549011230e-01
2.247018516063690186e-01
3.868600428104400635e-01
1.902595609426498413e-01
3.335806131362915039e-01
2.027097344398498535e-01
4.970202147960662842e-01
1.126498952507972717e-01
6.281579732894897461e-01
7.750391960144042969e-02
4.864972531795501709e-01
3.409115672111511230e-01
3.393278121948242188e-01
3.860599398612976074e-01
2.729115486145019531e-01
4.448566436767578125e-01
4.836087822914123535e-01
1.797436177730560303e-01
4.613464176654815674e-01
3.969923853874206543e-01
1.862264573574066162e-01
5.985448956489562988e-01
1.430312395095825195e-01
3.027183711528778076e-01
6.118800044059753418e-01
7.790569216012954712e-02
3.076187074184417725e-01
4.764911532402038574e-01
9.693856537342071533e-02
5.486401915550231934e-01
1.080725416541099548e-01
3.426979780197143555e-01
4.472503662109375000e-01
2.215926647186279297e-01
5.199576616287231445e-01
2.739032506942749023e-01
2.378170937299728394e-01
3.482000827789306641e-01
2.344042807817459106e-01
4.028444886207580566e-01
4.918730854988098145e-01
1.032603010535240173e-01
5.872363448143005371e-01
1.618500798940658569e-01
3.386935293674468994e-01
5.261281728744506836e-01
1.060468927025794983e-01
6.024224162101745605e-01
1.528111696243286133e-01
5.036413669586181641e-01
3.082892298698425293e-01
2.511214017868041992e-01
3.802232146263122559e-01
2.768943309783935547e-01
4.770537614822387695e-01
2.438437491655349731e-01
6.269749999046325684e-01
1.164671406149864197e-01
5.639458298683166504e-01
2.970713973045349121e-01
4.231479763984680176e-01
4.348396658897399902e-01
2.766101360321044922e-01
3.552844524383544922e-01
3.700669407844543457e-01
2.436966896057128906e-01
6.054971814155578613e-01
1.494094431400299072e-01
5.915768146514892578e-01
2.962933182716369629e-01
3.406120240688323975e-01
4.199824929237365723e-01
4.786473214626312256e-01
3.966152667999267578e-01
3.727825880050659180e-01
4.681066572666168213e-01
2.308786511421203613e-01
2.984454631805419922e-01
4.937641620635986328e-01
1.875458955764770508e-01
3.570330440998077393e-01
3.971197605133056641e-01
2.541594803333282471e-01
3.190314471721649170e-01
3.625400662422180176e-01
3.086055219173431396e-01
4.318391978740692139e-01
3.227334320545196533e-01
3.825053274631500244e-01
2.988460063934326172e-01
5.171056985855102539e-01
2.108794301748275757e-01
5.268511772155761719e-01
2.012640684843063354e-01
4.681332111358642578e-01
1.491700112819671631e-01
3.070499300956726074e-01
4.040943980216979980e-01
1.753992140293121338e-01
5.752487182617187500e-01
1.763553023338317871e-01
4.742937982082366943e-01
1.980743259191513062e-01
5.089341998100280762e-01
2.700397372245788574e-01
4.297268986701965332e-01
3.240571618080139160e-01
2.933120131492614746e-01
3.337995707988739014e-01
3.027249574661254883e-01
3.805496096611022949e-01
3.056168854236602783e-01
3.630825281143188477e-01
3.760599493980407715e-01
3.625184893608093262e-01
4.023545384407043457e-01
3.684619963169097900e-01
4.836823940277099609e-01
1.617762744426727295e-01
5.098447799682617188e-01
1.748568117618560791e-01
3.934829831123352051e-01
2.860381901264190674e-01
3.763199150562286377e-01
1.957618892192840576e-01
4.750219285488128662e-01
1.762578785419464111e-01
3.609912097454071045e-01
4.056857824325561523e-01
1.245279461145401001e-01
5.452390909194946289e-01
2.082644104957580566e-01
4.735164344310760498e-01
3.597227334976196289e-01
3.533380627632141113e-01
3.113480806350708008e-01
4.510825276374816895e-01
2.184231281280517578e-01
4.909746944904327393e-01
2.521417737007141113e-01
3.682104945182800293e-01
2.874107360839843750e-01
5.470182895660400391e-01
2.187511175870895386e-01
4.267004728317260742e-01
3.146372437477111816e-01
3.996713757514953613e-01
3.055523633956909180e-01
4.089496135711669922e-01
2.600890994071960449e-01
4.394120573997497559e-01
3.068187236785888672e-01
5.198873281478881836e-01
2.037862241268157959e-01
5.246403217315673828e-01
1.987058818340301514e-01
5.043515563011169434e-01
2.369562983512878418e-01
4.639511406421661377e-01
2.675185501575469971e-01
3.028989434242248535e-01
4.831992983818054199e-01
2.152821123600006104e-01
3.738362789154052734e-01
3.873095214366912842e-01
3.682598769664764404e-01
2.223845720291137695e-01
4.456055760383605957e-01
2.691547870635986328e-01
3.125050663948059082e-01
5.342596173286437988e-01
2.381310760974884033e-01
5.550736188888549805e-01
3.142064809799194336e-01
4.532052874565124512e-01
3.657887279987335205e-01
4.763188660144805908e-01
2.283976376056671143e-01
4.410256445407867432e-01
2.876017391681671143e-01
2.826171517372131348e-01
2.815014421939849854e-01
2.903058230876922607e-01
3.805465698242187500e-01
2.316957712173461914e-01
4.352272748947143555e-01
2.592644095420837402e-01
2.891619205474853516e-01
3.351579606533050537e-01
3.879203498363494873e-01
3.192048966884613037e-01
2.086214423179626465e-01
3.454423844814300537e-01
2.534293532371520996e-01
3.986508846282958984e-01
3.186000585556030273e-01
4.003416895866394043e-01
4.087449312210083008e-01
2.675629854202270508e-01
3.996597826480865479e-01
3.758856654167175293e-01
2.361045181751251221e-01
4.857966899871826172e-01
2.107091993093490601e-01
4.337049722671508789e-01
2.830809056758880615e-01
3.821119070053100586e-01
3.040892779827117920e-01
4.820482432842254639e-01
2.227931618690490723e-01
4.495004713535308838e-01
2.582086622714996338e-01
4.353376626968383789e-01
2.614246606826782227e-01
5.636135339736938477e-01
1.624556779861450195e-01
6.896791458129882812e-01
1.255133152008056641e-01
4.533623456954956055e-01
3.966012001037597656e-01
2.830209732055664062e-01
5.038578510284423828e-01
2.045596987009048462e-01
4.328879117965698242e-01
3.047639727592468262e-01
4.316608309745788574e-01
3.598266243934631348e-01
3.084275722503662109e-01
4.462786018848419189e-01
2.626126706600189209e-01
4.173336625099182129e-01
4.044913053512573242e-01
2.952745854854583740e-01
4.222872853279113770e-01
2.454041689634323120e-01
4.474898874759674072e-01
2.008935213088989258e-01
4.343503713607788086e-01
1.755399703979492188e-01
5.321588516235351562e-01
1.250155866146087646e-01
4.896214902400970459e-01
2.284970581531524658e-01
4.508152604103088379e-01
2.565207183361053467e-01
3.377676308155059814e-01
4.961566329002380371e-01
1.764016896486282349e-01
5.264853239059448242e-01
1.321292668581008911e-01
6.241718530654907227e-01
3.548383712768554688e-01
2.829671502113342285e-01
4.472760260105133057e-01
3.371591269969940186e-01
3.479273319244384766e-01
4.724988043308258057e-01
2.154695987701416016e-01
4.415090382099151611e-01
2.522069513797760010e-01
4.600285291671752930e-01
3.073598742485046387e-01
5.226600170135498047e-01
1.815887987613677979e-01
5.979309678077697754e-01
7.802414894104003906e-02
4.789411127567291260e-01
1.300392001867294312e-01
5.940661430358886719e-01
1.930265724658966064e-01
3.923921883106231689e-01
3.430357873439788818e-01
2.771264016628265381e-01
4.687069058418273926e-01
1.865675896406173706e-01
4.845867156982421875e-01
3.691065013408660889e-01
2.145042717456817627e-01
4.138163924217224121e-01
1.661777198314666748e-01
4.158001542091369629e-01
2.597827017307281494e-01
4.418462216854095459e-01
3.314955830574035645e-01
4.226549863815307617e-01
4.041141867637634277e-01
1.874762922525405884e-01
3.953682780265808105e-01
4.171788096427917480e-01
1.213234663009643555e-01
7.209424972534179688e-01
6.421536207199096680e-02
3.537550866603851318e-01
3.397498726844787598e-01
2.288982719182968140e-01
5.466791391372680664e-01
2.446670234203338623e-01
3.443568348884582520e-01
4.258227646350860596e-01
2.489146441221237183e-01
2.954789400100708008e-01
5.721772909164428711e-01
8.178846538066864014e-02
5.176601409912109375e-01
2.601445913314819336e-01
3.195006251335144043e-01
4.852931201457977295e-01
3.324126601219177246e-01
4.749207198619842529e-01
1.973842829465866089e-01
6.200072765350341797e-01
2.212153673171997070e-01
3.013004362583160400e-01
4.524999856948852539e-01
2.180403470993041992e-01
3.156130313873291016e-01
4.010809659957885742e-01
1.647046357393264771e-01
5.568977594375610352e-01
1.430770903825759888e-01
4.617177844047546387e-01
2.287241816520690918e-01
3.962504565715789795e-01
4.452754259109497070e-01
2.126935273408889771e-01
6.192476749420166016e-01
1.720398664474487305e-01
4.946799874305725098e-01
1.265130788087844849e-01
4.317011237144470215e-01
2.957500219345092773e-01
3.855930566787719727e-01
3.453583717346191406e-01
2.292967438697814941e-01
5.365574955940246582e-01
1.395967453718185425e-01
4.023339748382568359e-01
2.742469906806945801e-01
2.886346876621246338e-01
4.442588090896606445e-01
1.778338849544525146e-01
3.472206890583038330e-01
2.528665363788604736e-01
2.522122859954833984e-01
3.182290196418762207e-01
3.739522397518157959e-01
3.276455402374267578e-01
3.138324022293090820e-01
2.637218832969665527e-01
2.615348696708679199e-01
3.126949667930603027e-01
2.432109415531158447e-01
4.572778046131134033e-01
2.109765559434890747e-01
4.642245173454284668e-01
2.200436294078826904e-01
2.847020030021667480e-01
4.705761671066284180e-01
1.947669684886932373e-01
3.924128413200378418e-01
2.565804123878479004e-01
4.235519170761108398e-01
2.998385429382324219e-01
4.595568776130676270e-01
2.612492442131042480e-01
4.258387088775634766e-01
3.123883008956909180e-01
2.283212691545486450e-01
4.479907453060150146e-01
2.158656120300292969e-01
3.305453658103942871e-01
2.770825028419494629e-01
2.116132378578186035e-01
2.459528446197509766e-01
3.351176977157592773e-01
1.604230999946594238e-01
3.459325432777404785e-01
3.039094507694244385e-01
2.246050238609313965e-01
3.516097664833068848e-01
1.524794101715087891e-01
4.311128854751586914e-01
1.220367625355720520e-01
4.955660700798034668e-01
8.058835566043853760e-02
2.361305356025695801e-01
3.126217722892761230e-01
8.230517804622650146e-02
4.071599841117858887e-01
2.012764513492584229e-01
6.392062902450561523e-01
1.205232366919517517e-02
8.369118571281433105e-01
6.723009049892425537e-02
4.601467251777648926e-01
4.179552793502807617e-01
2.046798020601272583e-01
4.454258382320404053e-01
3.620573580265045166e-01
3.109902739524841309e-01
6.314998269081115723e-01
6.817698478698730469e-02
6.485397815704345703e-01
3.159844875335693359e-01
3.503895998001098633e-01
3.503089547157287598e-01
3.150948286056518555e-01
3.223401010036468506e-01
3.708264827728271484e-01
3.696053028106689453e-01
4.599286913871765137e-01
3.259694874286651611e-01
3.465169072151184082e-01
3.650057315826416016e-01
3.706777989864349365e-01
3.748100996017456055e-01
2.186126410961151123e-01
5.159118771553039551e-01
3.362836837768554688e-01
4.274063706398010254e-01
2.866857647895812988e-01
2.800276875495910645e-01
3.372455239295959473e-01
2.636452019214630127e-01
3.836556077003479004e-01
2.255230545997619629e-01
5.489898324012756348e-01
1.685254275798797607e-01
4.675797820091247559e-01
2.355001121759414673e-01
3.550004959106445312e-01
4.020310342311859131e-01
2.237896472215652466e-01
4.858098030090332031e-01
1.078735217452049255e-01
4.102890491485595703e-01
2.438679933547973633e-01
3.818643391132354736e-01
2.762210369110107422e-01
3.134850263595581055e-01
3.076343238353729248e-01
5.507159233093261719e-01
1.043729335069656372e-01
6.577047705650329590e-01
8.270504325628280640e-02
4.879564642906188965e-01
2.602399587631225586e-01
4.220407605171203613e-01
2.607527077198028564e-01
3.706443309783935547e-01
4.763933420181274414e-01
1.597330421209335327e-01
4.891504645347595215e-01
1.971781849861145020e-01
4.247855544090270996e-01
1.599578261375427246e-01
5.835118293762207031e-01
1.221478208899497986e-01
3.941381573677062988e-01
2.281690090894699097e-01
1.668897122144699097e-01
4.348454773426055908e-01
1.762609481811523438e-01
4.343882501125335693e-01
2.881424725055694580e-01
4.434595108032226562e-01
1.823425292968750000e-01
4.777690172195434570e-01
1.562323272228240967e-01
2.514712810516357422e-01
3.060655891895294189e-01
3.279076218605041504e-01
2.048688828945159912e-01
4.091084003448486328e-01
1.471265852451324463e-01
3.471362590789794922e-01
3.636497259140014648e-01
2.966415882110595703e-01
2.978074550628662109e-01
3.649631142616271973e-01
2.288204878568649292e-01
4.749456346035003662e-01
2.235831320285797119e-01
4.951576590538024902e-01
2.058674246072769165e-01
3.454716205596923828e-01
2.721149027347564697e-01
3.471752703189849854e-01
1.615480780601501465e-01
4.808875918388366699e-01
1.029452458024024963e-01
3.799467086791992188e-01
2.785812616348266602e-01
2.009123265743255615e-01
2.832313477993011475e-01
4.509276747703552246e-01
2.397660613059997559e-01
4.252519905567169189e-01
2.241032421588897705e-01
1.868261992931365967e-01
4.214879870414733887e-01
1.491586267948150635e-01
3.211313486099243164e-01
1.936929523944854736e-01
2.717341780662536621e-01
3.722163438796997070e-01
2.265208959579467773e-01
4.918450117111206055e-01
8.715933561325073242e-02
4.843246638774871826e-01
1.833352744579315186e-01
2.369661629199981689e-01
2.599995732307434082e-01
2.563289999961853027e-01
1.892552077770233154e-01
5.310651063919067383e-01
7.302705943584442139e-02
4.499325752258300781e-01
1.902924925088882446e-01
3.415153622627258301e-01
2.154077142477035522e-01
4.052623212337493896e-01
1.429643481969833374e-01
5.609899163246154785e-01
2.126114666461944580e-01
5.531839728355407715e-01
1.204905658960342407e-02
9.347437620162963867e-01
3.363960981369018555e-02
3.704040348529815674e-01
4.839887917041778564e-01
1.547882556915283203e-01
4.800784587860107422e-01
2.226193249225616455e-01
3.693040311336517334e-01
2.818030118942260742e-01
3.387537300586700439e-01
1.842562258243560791e-01
4.144772291183471680e-01
1.775746345520019531e-01
3.627987205982208252e-01
2.103203237056732178e-01
3.797077238559722900e-01
1.931869387626647949e-01
3.570784628391265869e-01
2.447350174188613892e-01
2.823771536350250244e-01
2.892999053001403809e-01
3.308628797531127930e-01
1.698524951934814453e-01
3.707700669765472412e-01
1.957903653383255005e-01
3.710017800331115723e-01
3.816071152687072754e-01
2.658524513244628906e-01
2.811918556690216064e-01
4.117144942283630371e-01
2.399192452430725098e-01
4.228524565696716309e-01
1.882489323616027832e-01
4.667947292327880859e-01
1.705321222543716431e-01
4.481391012668609619e-01
2.111816406250000000e-01
5.215669870376586914e-01
1.072834879159927368e-01
2.547132372856140137e-01
4.854012131690979004e-01
1.559130549430847168e-01
3.797464370727539062e-01
3.201110363006591797e-01
2.580538392066955566e-01
2.967475056648254395e-01
5.053794384002685547e-01
1.979095637798309326e-01
3.519873619079589844e-01
3.291081786155700684e-01
1.609408408403396606e-01
2.133869975805282593e-01
4.630223512649536133e-01
1.636889874935150146e-01
4.952743053436279297e-01
1.463574320077896118e-01
7.576125860214233398e-01
7.700210809707641602e-02
5.698909759521484375e-01
2.739737629890441895e-01
1.528160125017166138e-01
3.099330067634582520e-01
2.390863001346588135e-01
2.354115545749664307e-01
3.096988797187805176e-01
2.609412074089050293e-01
1.855018883943557739e-01
3.561003506183624268e-01
1.739554256200790405e-01
4.247333407402038574e-01
1.661816388368606567e-01
4.406156539916992188e-01
1.430165171623229980e-01
3.716978728771209717e-01
1.791359782218933105e-01
4.363520145416259766e-01
2.040484547615051270e-01
2.604510784149169922e-01
4.930031299591064453e-01
1.944265365600585938e-01
4.318450391292572021e-01
2.577989995479583740e-01
3.547285199165344238e-01
1.400932073593139648e-01
4.243173897266387939e-01
1.804364919662475586e-01
3.938055634498596191e-01
1.295274496078491211e-01
6.283241510391235352e-01
1.373305618762969971e-01
4.824911355972290039e-01
1.947082281112670898e-01
6.018244624137878418e-01
7.553003728389739990e-02
6.262453794479370117e-01
8.828103542327880859e-02
3.153797984123229980e-01
3.581238985061645508e-01
2.659509181976318359e-01
3.749062418937683105e-01
2.840340137481689453e-01
2.915271818637847900e-01
5.338856577873229980e-01
9.343953430652618408e-02
3.796324431896209717e-01
4.068201780319213867e-01
1.855685412883758545e-01
2.867488563060760498e-01
4.853042066097259521e-01
1.754808723926544189e-01
4.068530797958374023e-01
3.101106882095336914e-01
4.690140783786773682e-01
1.418939530849456787e-01
5.740631818771362305e-01
1.224472224712371826e-01
3.911938667297363281e-01
2.589779496192932129e-01
3.513671755790710449e-01
2.657312750816345215e-01
4.586026668548583984e-01
1.902572512626647949e-01
4.871844053268432617e-01
1.292502880096435547e-01
6.239486932754516602e-01
1.050210297107696533e-01
3.252630233764648438e-01
2.771662175655364990e-01
2.395097911357879639e-01
5.035258531570434570e-01
1.265858411788940430e-01
4.944217503070831299e-01
1.881841272115707397e-01
3.274982273578643799e-01
3.637126088142395020e-01
3.151521980762481689e-01
2.644180655479431152e-01
4.147989749908447266e-01
2.641005218029022217e-01
3.125268518924713135e-01
3.011558949947357178e-01
1.931248903274536133e-01
3.103804290294647217e-01
5.575965642929077148e-01
6.290113925933837891e-02
6.870236396789550781e-01
1.366570740938186646e-01
5.537904500961303711e-01
2.432381212711334229e-01
3.873248100280761719e-01
2.907731533050537109e-01
2.872767150402069092e-01
4.346204400062561035e-01
2.274099886417388916e-01
5.910316705703735352e-01
7.356798648834228516e-02
7.294532060623168945e-01
7.927747070789337158e-02
4.807533621788024902e-01
3.536110222339630127e-01
2.675675153732299805e-01
6.122320890426635742e-01
1.100465282797813416e-01
4.065900146961212158e-01
3.601635098457336426e-01
2.247280776500701904e-01
3.978273868560791016e-01
2.336578220129013062e-01
3.262444734573364258e-01
2.576271891593933105e-01
4.861268699169158936e-01
3.085994720458984375e-01
3.327227830886840820e-01
4.320324063301086426e-01
2.759980559349060059e-01
4.497833847999572754e-01
2.058700621128082275e-01
3.464168906211853027e-01
2.888241410255432129e-01
2.880094349384307861e-01
3.625230789184570312e-01
2.108525037765502930e-01
3.431569337844848633e-01
3.184023499488830566e-01
2.622912526130676270e-01
4.654749929904937744e-01
3.104382157325744629e-01
3.454877734184265137e-01
3.025926947593688965e-01
4.169989228248596191e-01
2.108975946903228760e-01
4.031017124652862549e-01
3.270548582077026367e-01
2.465073466300964355e-01
3.000078201293945312e-01
2.921947240829467773e-01
2.929459214210510254e-01
2.904077768325805664e-01
3.423820436000823975e-01
3.010183870792388916e-01
2.376519143581390381e-01
3.916342258453369141e-01
2.317761629819869995e-01
2.836042940616607666e-01
2.848762869834899902e-01
3.450606465339660645e-01
3.002480268478393555e-01
2.608747482299804688e-01
3.636752963066101074e-01
2.591287493705749512e-01
2.738216221332550049e-01
3.085855245590209961e-01
3.178829252719879150e-01
1.979613006114959717e-01
3.470598161220550537e-01
3.186949491500854492e-01
3.770440816879272461e-01
2.202374041080474854e-01
3.459495007991790771e-01
3.973661065101623535e-01
2.380906045436859131e-01
2.936745882034301758e-01
3.722768425941467285e-01
2.340712100267410278e-01
4.663399159908294678e-01
1.904636621475219727e-01
7.117793560028076172e-01
2.337621450424194336e-01
5.331616997718811035e-01
2.354781031608581543e-01
5.800333023071289062e-01
1.907057315111160278e-01
4.849521219730377197e-01
1.865847706794738770e-01
4.546458125114440918e-01
1.901786029338836670e-01
5.540959835052490234e-01
1.901504099369049072e-01
3.306185901165008545e-01
2.123091816902160645e-01
3.784641027450561523e-01
2.687476873397827148e-01
3.205248117446899414e-01
3.680500388145446777e-01
1.472996473312377930e-01
2.477282136678695679e-01
2.969436645507812500e-01
3.331249356269836426e-01
3.157411515712738037e-01
2.641327083110809326e-01
4.555718898773193359e-01
2.507975995540618896e-01
3.979492187500000000e-01
1.905096918344497681e-01
3.929254412651062012e-01
2.650584876537322998e-01
3.495408892631530762e-01
3.264199495315551758e-01
2.712027430534362793e-01
3.425658047199249268e-01
2.405505478382110596e-01
3.870072960853576660e-01
1.700722277164459229e-01
4.690272212028503418e-01
1.497116982936859131e-01
3.660441637039184570e-01
2.946345508098602295e-01
2.437027692794799805e-01
2.785800099372863770e-01
3.628427684307098389e-01
1.748551130294799805e-01
4.820310175418853760e-01
2.340624779462814331e-01
2.177326977252960205e-01
3.760641217231750488e-01
2.145046889781951904e-01
2.842209935188293457e-01
2.452305555343627930e-01
3.636175692081451416e-01
2.504476904869079590e-01
4.011588394641876221e-01
2.104774713516235352e-01
4.665825963020324707e-01
1.291949748992919922e-01
4.911926984786987305e-01
1.479999125003814697e-01
6.799813508987426758e-01
5.766426026821136475e-02
5.844414234161376953e-01
5.495908483862876892e-02
6.305302381515502930e-01
1.749037802219390869e-01
3.275876641273498535e-01
2.488969266414642334e-01
3.143377006053924561e-01
3.935489356517791748e-01
1.711708754301071167e-01
2.901115417480468750e-01
3.460383415222167969e-01
2.221938520669937134e-01
3.419939875602722168e-01
2.530819177627563477e-01
2.842520177364349365e-01
1.707777529954910278e-01
3.699173927307128906e-01
2.203102409839630127e-01
1.468236446380615234e-01
4.419404864311218262e-01
8.893513679504394531e-02
5.016571283340454102e-01
1.176050975918769836e-01
3.551160693168640137e-01
2.801138460636138916e-01
2.216145247220993042e-01
3.029382228851318359e-01
2.035401761531829834e-01
3.721918463706970215e-01
1.436315327882766724e-01
3.802142143249511719e-01
2.117573469877243042e-01
2.903047204017639160e-01
3.139096498489379883e-01
3.598471879959106445e-01
2.303858697414398193e-01
5.087310075759887695e-01
6.465366482734680176e-02
3.190268576145172119e-01
3.179492950439453125e-01
1.928953528404235840e-01
2.306369841098785400e-01
3.827462792396545410e-01
1.321132481098175049e-01
2.582231462001800537e-01
2.165668606758117676e-01
2.011521011590957642e-01
2.804884314537048340e-01
1.596701741218566895e-01
2.935938835144042969e-01
2.769009470939636230e-01
1.491604298353195190e-01
3.538656532764434814e-01
1.326587200164794922e-01
2.636413574218750000e-01
2.942353487014770508e-01
9.663704037666320801e-02
5.873241424560546875e-01
6.029642745852470398e-02
7.107132673263549805e-01
1.561808772385120392e-02
8.740247488021850586e-01
8.393344283103942871e-02
3.318043947219848633e-01
4.070897996425628662e-01
2.878903746604919434e-01
2.927104234695434570e-01
3.950868546962738037e-01
2.205564677715301514e-01
3.613128662109375000e-01
5.019351243972778320e-01
1.884666532278060913e-01
4.318390190601348877e-01
2.517901659011840820e-01
2.442034482955932617e-01
3.474209606647491455e-01
2.410232573747634888e-01
4.571309685707092285e-01
1.170816272497177124e-01
5.160416364669799805e-01
1.101982519030570984e-01
3.110705614089965820e-01
2.534834444522857666e-01
2.651312351226806641e-01
4.374352097511291504e-01
1.804483830928802490e-01
4.367005228996276855e-01
1.156952679157257080e-01
1.989771127700805664e-01
3.286423087120056152e-01
1.800670325756072998e-01
3.197942078113555908e-01
2.336426377296447754e-01
3.085390031337738037e-01
3.898849785327911377e-01
2.450380772352218628e-01
3.114643096923828125e-01
1.829938888549804688e-01
2.908147871494293213e-01
2.860444784164428711e-01
2.848091125488281250e-01
2.535597681999206543e-01
3.246964216232299805e-01
1.562798023223876953e-01
2.292548418045043945e-01
2.171808779239654541e-01
2.383270263671875000e-01
3.763411045074462891e-01
1.656222790479660034e-01
5.320963859558105469e-01
9.531067311763763428e-02
4.362274408340454102e-01
1.947116851806640625e-01
2.552711069583892822e-01
3.400424420833587646e-01
8.442022651433944702e-02
5.190357565879821777e-01
6.237620115280151367e-02
2.722150087356567383e-01
3.594226539134979248e-01
1.220903620123863220e-01
5.168513059616088867e-01
1.316674053668975830e-01
3.594236075878143311e-01
3.040627837181091309e-01
1.719888448715209961e-01
6.468145251274108887e-01
7.052324712276458740e-02
5.075820684432983398e-01
2.346986830234527588e-01
3.624471127986907959e-01
3.162249922752380371e-01
2.487693876028060913e-01
4.351959824562072754e-01
1.656173169612884521e-01
4.048230051994323730e-01
2.655479311943054199e-01
6.311250329017639160e-01
6.210324168205261230e-02
3.217278122901916504e-01
5.991337299346923828e-01
8.751335740089416504e-02
2.730772197246551514e-01
3.586610853672027588e-01
1.882503628730773926e-01
4.077563881874084473e-01
2.002460956573486328e-01
5.437687635421752930e-01
1.770178079605102539e-01
6.145515441894531250e-01
7.439832389354705811e-02
6.900217533111572266e-01
5.700974911451339722e-02
6.740646362304687500e-01
1.663922369480133057e-01
3.587610721588134766e-01
3.001068830490112305e-01
2.426148653030395508e-01
5.601317882537841797e-01
2.172484695911407471e-01
3.926070034503936768e-01
4.173053801059722900e-01
3.464005589485168457e-01
2.039526104927062988e-01
5.574069619178771973e-01
1.480087339878082275e-01
3.241435289382934570e-01
3.574579656124114990e-01
4.435223340988159180e-01
2.150079756975173950e-01
4.229369461536407471e-01
2.319422662258148193e-01
5.004266500473022461e-01
3.866089284420013428e-01
3.117875158786773682e-01
2.669752240180969238e-01
3.755783140659332275e-01
2.402189671993255615e-01
4.257483780384063721e-01
3.094455003738403320e-01
2.992621660232543945e-01
3.158253431320190430e-01
2.799298763275146484e-01
3.301841020584106445e-01
2.245257198810577393e-01
4.699196815490722656e-01
2.237547039985656738e-01
3.485912978649139404e-01
3.477210998535156250e-01
1.870420724153518677e-01
3.440105915069580078e-01
3.300921916961669922e-01
1.928099691867828369e-01
3.924613595008850098e-01
1.428194046020507812e-01
3.601450026035308838e-01
2.299110144376754761e-01
3.473171591758728027e-01
2.289087474346160889e-01
3.172988891601562500e-01
3.661056160926818848e-01
2.553455233573913574e-01
2.603695392608642578e-01
4.018387794494628906e-01
1.368163824081420898e-01
3.617981672286987305e-01
2.235509157180786133e-01
3.285396099090576172e-01
1.746940165758132935e-01
4.465632140636444092e-01
1.284353733062744141e-01
4.760670065879821777e-01
1.289310753345489502e-01
6.113623380661010742e-01
1.081142872571945190e-01
2.931115031242370605e-01
4.236769676208496094e-01
1.295884549617767334e-01
3.183502256870269775e-01
3.275311589241027832e-01
2.709393501281738281e-01
2.953923046588897705e-01
2.092671692371368408e-01
4.686878323554992676e-01
1.498891115188598633e-01
4.522686004638671875e-01
2.080332040786743164e-01
1.886236518621444702e-01
3.089601993560791016e-01
1.998013257980346680e-01
3.423670828342437744e-01
2.423787713050842285e-01
3.970283567905426025e-01
1.839338541030883789e-01
3.803136050701141357e-01
1.461716890335083008e-01
2.961503267288208008e-01
2.695801854133605957e-01
2.601141333580017090e-01
2.149536609649658203e-01
3.160179257392883301e-01
1.821308284997940063e-01
3.462507128715515137e-01
1.909499466419219971e-01
2.966970205307006836e-01
2.757635712623596191e-01
1.752333492040634155e-01
2.420199364423751831e-01
2.594206333160400391e-01
2.361253947019577026e-01
2.882584631443023682e-01
2.135491371154785156e-01
2.939981222152709961e-01
3.810310959815979004e-01
1.198994964361190796e-01
3.467243313789367676e-01
1.307750344276428223e-01
3.620319366455078125e-01
2.031539380550384521e-01
4.240108728408813477e-01
2.313423901796340942e-01
4.410727620124816895e-01
1.559339314699172974e-01
3.677147328853607178e-01
1.571938246488571167e-01
4.639656543731689453e-01
8.681765943765640259e-02
4.395051002502441406e-01
1.724248528480529785e-01
2.916736304759979248e-01
3.305026292800903320e-01
2.925570607185363770e-01
3.194552361965179443e-01
3.150551915168762207e-01
2.254523932933807373e-01
4.804718792438507080e-01
1.116704568266868591e-01
5.032811760902404785e-01
1.829892843961715698e-01
5.198540687561035156e-01
4.045085236430168152e-02
5.453153848648071289e-01
8.931687474250793457e-02
3.226865231990814209e-01
2.877345681190490723e-01
2.096125483512878418e-01
2.684767842292785645e-01
3.253939747810363770e-01
1.859658360481262207e-01
2.646006941795349121e-01
3.741354048252105713e-01
1.199720352888107300e-01
3.750405311584472656e-01
1.618799865245819092e-01
1.604324281215667725e-01
4.529741108417510986e-01
6.510107219219207764e-02
3.807214796543121338e-01
1.650480926036834717e-01
3.176179528236389160e-01
1.100637763738632202e-01
5.692645907402038574e-01
8.117222785949707031e-02
5.705925226211547852e-01
5.982871353626251221e-02
6.432763934135437012e-01
1.252989917993545532e-01
2.555638849735260010e-01
3.775550127029418945e-01
2.791385948657989502e-01
2.026320397853851318e-01
4.788886308670043945e-01
1.454974412918090820e-01
2.131901532411575317e-01
4.615126252174377441e-01
8.118705451488494873e-02
4.490855336189270020e-01
2.335971593856811523e-01
2.849380970001220703e-01
3.328786194324493408e-01
2.507592737674713135e-01
4.025018513202667236e-01
2.321366369724273682e-01
2.943506836891174316e-01
4.132212400436401367e-01
1.013849303126335144e-01
4.952233135700225830e-01
1.902529895305633545e-01
2.127397358417510986e-01
4.379745721817016602e-01
1.373932957649230957e-01
4.020670652389526367e-01
2.238328903913497925e-01
3.179297745227813721e-01
2.563714087009429932e-01
4.276812970638275146e-01
1.840839684009552002e-01
1.934621036052703857e-01
4.722530841827392578e-01
8.770359307527542114e-02
5.791435241699218750e-01
1.198425218462944031e-01
2.760490179061889648e-01
2.496041357517242432e-01
3.478298783302307129e-01
1.771571934223175049e-01
3.298004269599914551e-01
1.510965824127197266e-01
2.679243981838226318e-01
3.327251672744750977e-01
1.668574064970016479e-01
5.221320986747741699e-01
6.493897736072540283e-02
5.014792680740356445e-01
1.108478903770446777e-01
2.844729423522949219e-01
3.520806431770324707e-01
2.229159176349639893e-01
2.905586361885070801e-01
3.420743346214294434e-01
1.988600790500640869e-01
4.111091494560241699e-01
1.043208837509155273e-01
4.471197724342346191e-01
1.377102732658386230e-01
4.936872124671936035e-01
8.155007660388946533e-02
5.883543491363525391e-01
9.252816438674926758e-02
5.451054573059082031e-01
8.771128952503204346e-02
5.769927501678466797e-01
1.786917746067047119e-01
2.775795161724090576e-01
2.873921394348144531e-01
3.370589613914489746e-01
2.164632380008697510e-01
2.517290115356445312e-01
2.429404109716415405e-01
3.672924637794494629e-01
1.938708126544952393e-01
4.853640794754028320e-01
1.325568556785583496e-01
4.711704850196838379e-01
1.070016622543334961e-01
5.928573012351989746e-01
8.778963983058929443e-02
4.331583976745605469e-01
1.624827384948730469e-01
4.884203076362609863e-01
1.246477514505386353e-01
4.665089547634124756e-01
1.126143336296081543e-01
5.269436836242675781e-01
1.238228827714920044e-01
4.035086631774902344e-01
1.487144529819488525e-01
3.814769089221954346e-01
1.973530203104019165e-01
2.811740040779113770e-01
3.234808743000030518e-01
1.820788979530334473e-01
4.561891257762908936e-01
1.076135486364364624e-01
2.597287297248840332e-01
2.864440083503723145e-01
2.534093558788299561e-01
2.257731109857559204e-01
3.183004260063171387e-01
1.541097760200500488e-01
4.785718023777008057e-01
1.052645742893218994e-01
4.949865341186523438e-01
1.619309931993484497e-01
2.197174578905105591e-01
1.462190151214599609e-01
5.501869916915893555e-01
6.862650811672210693e-02
6.415139436721801758e-01
6.810122728347778320e-02
6.060805916786193848e-01
5.613794177770614624e-02
7.120970487594604492e-01
8.745285868644714355e-02
4.576976299285888672e-01
1.482076346874237061e-01
4.485521912574768066e-01
1.882990300655364990e-01
3.911576867103576660e-01
2.501866817474365234e-01
2.568871974945068359e-01
2.843040227890014648e-01
2.182980477809906006e-01
3.048289120197296143e-01
3.159278631210327148e-01
1.781820356845855713e-01
4.312708973884582520e-01
1.263629347085952759e-01
4.386341869831085205e-01
1.464360207319259644e-01
5.874908566474914551e-01
7.115752995014190674e-02
4.101902246475219727e-01
2.190716564655303955e-01
3.256106078624725342e-01
2.029489874839782715e-01
4.188176095485687256e-01
1.247606277465820312e-01
4.197862744331359863e-01
1.679212450981140137e-01
2.842281758785247803e-01
2.730407714843750000e-01
3.018105030059814453e-01
2.399373799562454224e-01
3.807650804519653320e-01
1.538010239601135254e-01
4.628143906593322754e-01
8.982308208942413330e-02
2.933731079101562500e-01
2.314711064100265503e-01
2.873020172119140625e-01
2.866092920303344727e-01
1.942093670368194580e-01
3.796743452548980713e-01
8.505374193191528320e-02
4.281769692897796631e-01
1.928703933954238892e-01
1.995402872562408447e-01
3.854425549507141113e-01
1.540370285511016846e-01
4.602275490760803223e-01
7.300969958305358887e-02
3.803608417510986328e-01
2.356103509664535522e-01
2.145486474037170410e-01
3.126331865787506104e-01
2.016237378120422363e-01
4.141681790351867676e-01
1.175065487623214722e-01
4.643296897411346436e-01
9.985101222991943359e-02
5.861859321594238281e-01
6.009668856859207153e-02
6.151230335235595703e-01
5.720260366797447205e-02
3.587650656700134277e-01
1.530495434999465942e-01
2.115918993949890137e-01
3.638546466827392578e-01
2.150432616472244263e-01
2.820047736167907715e-01
2.647934556007385254e-01
1.143161952495574951e-01
2.644470334053039551e-01
3.024219572544097900e-01
1.745384484529495239e-01
3.247200250625610352e-01
2.575405836105346680e-01
2.596086561679840088e-01
2.933189272880554199e-01
2.190713882446289062e-01
3.890703320503234863e-01
1.129601448774337769e-01
3.557551503181457520e-01
1.122460812330245972e-01
4.224595725536346436e-01
9.340259432792663574e-02
5.369383096694946289e-01
1.445024311542510986e-01
5.370107889175415039e-01
7.883623242378234863e-02
5.349271297454833984e-01
1.001794859766960144e-01
5.010818839073181152e-01
7.298814505338668823e-02
6.540842652320861816e-01
9.496490657329559326e-02
3.854771852493286133e-01
2.523736953735351562e-01
2.896048426628112793e-01
2.981134951114654541e-01
1.841409802436828613e-01
3.807984888553619385e-01
1.745983362197875977e-01
3.976556062698364258e-01
2.171756923198699951e-01
4.681984186172485352e-01
7.245351374149322510e-02
4.828693270683288574e-01
1.029459536075592041e-01
4.637448489665985107e-01
1.408546268939971924e-01
3.885998427867889404e-01
2.173946499824523926e-01
2.445537149906158447e-01
2.535925507545471191e-01
2.226483672857284546e-01
4.054071307182312012e-01
1.082954853773117065e-01
6.095345616340637207e-01
8.221942931413650513e-02
4.951680302619934082e-01
1.341892033815383911e-01
3.384959399700164795e-01
3.125018775463104248e-01
1.491883695125579834e-01
3.503443598747253418e-01
1.907317936420440674e-01
2.116567641496658325e-01
3.742562532424926758e-01
1.732616722583770752e-01
2.882533073425292969e-01
1.860342770814895630e-01
2.690926790237426758e-01
1.893605291843414307e-01
2.812815904617309570e-01
1.255263835191726685e-01
3.149603009223937988e-01
8.415819704532623291e-02
3.275159895420074463e-01
1.163177490234375000e-01
2.594363689422607422e-01
1.343676745891571045e-01
3.702943921089172363e-01
1.668812930583953857e-01
2.766854166984558105e-01
2.424940615892410278e-01
2.189884483814239502e-01
2.532615065574645996e-01
1.971962153911590576e-01
2.997010350227355957e-01
2.541173696517944336e-01
2.556999921798706055e-01
4.819352030754089355e-01
5.150368437170982361e-02
4.976407289505004883e-01
9.382112324237823486e-02
2.916103005409240723e-01
1.844791471958160400e-01
2.534872889518737793e-01
2.240237295627593994e-01
2.084574103355407715e-01
4.016438424587249756e-01
1.358619034290313721e-01
6.308029890060424805e-01
1.320636831223964691e-02
3.951370120048522949e-01
2.019739747047424316e-01
2.199776619672775269e-01
4.609072208404541016e-01
1.314097791910171509e-01
4.245449602603912354e-01
7.528626173734664917e-02
5.806249976158142090e-01
8.314754068851470947e-02
6.381728053092956543e-01
6.886402517557144165e-02
5.915322303771972656e-01
1.694090664386749268e-01
4.381657838821411133e-01
2.787615656852722168e-01
1.917914450168609619e-01
3.911523520946502686e-01
1.969526708126068115e-01
2.153582870960235596e-01
1.793511807918548584e-01
5.171545743942260742e-01
5.415503308176994324e-02
3.898071050643920898e-01
1.975576132535934448e-01
2.180174440145492554e-01
4.299961328506469727e-01
1.621713936328887939e-01
5.475513339042663574e-01
9.568760544061660767e-02
5.164370536804199219e-01
7.958878576755523682e-02
2.890353798866271973e-01
2.972670793533325195e-01
1.147041320800781250e-01
4.548989534378051758e-01
1.699900478124618530e-01
3.608784377574920654e-01
2.844955623149871826e-01
1.521960496902465820e-01
4.214308857917785645e-01
1.223627179861068726e-01
2.926029264926910400e-01
2.450104355812072754e-01
3.922079503536224365e-01
2.179446518421173096e-01
3.405689001083374023e-01
1.806683391332626343e-01
3.630656003952026367e-01
2.318772971630096436e-01
2.309077382087707520e-01
1.706924438476562500e-01
3.330580592155456543e-01
1.373064517974853516e-01
4.182478785514831543e-01
1.049635112285614014e-01
4.136114120483398438e-01
2.665306925773620605e-01
1.728317290544509888e-01
3.238656222820281982e-01
2.959853112697601318e-01
1.388433426618576050e-01
4.322938919067382812e-01
1.544689089059829712e-01
2.118481099605560303e-01
2.584485411643981934e-01
2.657178640365600586e-01
2.590103447437286377e-01
1.824298202991485596e-01
3.546725511550903320e-01
8.167783915996551514e-02
2.828018665313720703e-01
1.757640093564987183e-01
2.500535845756530762e-01
2.247772812843322754e-01
2.531771361827850342e-01
1.428856551647186279e-01
3.797555267810821533e-01
9.258078038692474365e-02
5.020476579666137695e-01
5.312141776084899902e-02
6.219195127487182617e-01
5.573543533682823181e-02
4.487195312976837158e-01
1.019427180290222168e-01
6.253947019577026367e-01
5.778331309556961060e-02
5.396378040313720703e-01
1.551179736852645874e-01
3.675806522369384766e-01
9.990037977695465088e-02
5.201109051704406738e-01
5.237109959125518799e-02
6.906700134277343750e-01
7.263775169849395752e-02
3.968183696269989014e-01
2.332181334495544434e-01
2.632255554199218750e-01
2.720061540603637695e-01
3.097193837165832520e-01
2.709317803382873535e-01
4.219943881034851074e-01
9.537058323621749878e-02
4.025949239730834961e-01
1.595853567123413086e-01
3.832913935184478760e-01
1.591292917728424072e-01
5.279437303543090820e-01
1.059318780899047852e-01
6.332387328147888184e-01
9.698912501335144043e-02
7.718701362609863281e-01
3.690478950738906860e-02
3.656699061393737793e-01
3.251907825469970703e-01
1.578442752361297607e-01
3.926571011543273926e-01
2.182793915271759033e-01
2.979860603809356689e-01
2.380903959274291992e-01
2.812478244304656982e-01
2.479798048734664917e-01
3.466134071350097656e-01
1.662821769714355469e-01
3.090605735778808594e-01
2.202167958021163940e-01
2.031383812427520752e-01
2.644042670726776123e-01
2.715336680412292480e-01
3.251650929450988770e-01
1.776902824640274048e-01
4.062548875808715820e-01
2.255752384662628174e-01
2.851291000843048096e-01
3.682568371295928955e-01
1.184304654598236084e-01
3.838145136833190918e-01
1.958801299333572388e-01
3.358514904975891113e-01
2.047836631536483765e-01
3.135780096054077148e-01
2.021940648555755615e-01
2.086080163717269897e-01
3.048710823059082031e-01
1.987386941909790039e-01
2.487264573574066162e-01
1.930500566959381104e-01
3.151558339595794678e-01
1.542988121509552002e-01
3.930343687534332275e-01
2.008083760738372803e-01
1.458937823772430420e-01
5.348404645919799805e-01
6.147576868534088135e-02
7.019339799880981445e-01
2.416151762008666992e-02
2.711109817028045654e-01
3.891129791736602783e-01
6.988915801048278809e-02
4.795047938823699951e-01
1.251039057970046997e-01
4.656430482864379883e-01
7.691630721092224121e-02
4.411195516586303711e-01
1.836283802986145020e-01
2.846644520759582520e-01
2.663986086845397949e-01
1.236241757869720459e-01
3.428361415863037109e-01
3.168512880802154541e-01
1.761535108089447021e-01
4.688539206981658936e-01
1.149439215660095215e-01
2.645790278911590576e-01
2.589457631111145020e-01
1.731365174055099487e-01
4.633065462112426758e-01
8.813013136386871338e-02
5.042153000831604004e-01
1.274147778749465942e-01
3.104705214500427246e-01
3.233995437622070312e-01
3.493473529815673828e-01
2.020986676216125488e-01
4.243565797805786133e-01
1.013984084129333496e-01
4.550003409385681152e-01
1.579863727092742920e-01
5.070680379867553711e-01
3.106849640607833862e-02
5.236727595329284668e-01
1.416131705045700073e-01
3.445914983749389648e-01
2.266158759593963623e-01
2.981115877628326416e-01
4.304389357566833496e-01
2.160486578941345215e-01
3.082991242408752441e-01
2.768740057945251465e-01
3.045908510684967041e-01
2.032558321952819824e-01
2.318358570337295532e-01
2.828158438205718994e-01
8.277296274900436401e-02
4.511274099349975586e-01
1.159310638904571533e-01
3.328516483306884766e-01
2.415381968021392822e-01
2.383988797664642334e-01
2.483214139938354492e-01
3.506867289543151855e-01
1.129352450370788574e-01
4.668546020984649658e-01
1.190365403890609741e-01
3.452599048614501953e-01
1.455807387828826904e-01
3.410175442695617676e-01
1.819549798965454102e-01
2.553804218769073486e-01
3.365519642829895020e-01
2.856508791446685791e-01
1.603156924247741699e-01
5.526224374771118164e-01
6.815999746322631836e-02
5.592874884605407715e-01
6.011044234037399292e-02
3.183282017707824707e-01
2.780447006225585938e-01
3.109468221664428711e-01
2.254465520381927490e-01
2.975997626781463623e-01
2.347623407840728760e-01
3.880490660667419434e-01
9.561793506145477295e-02
7.073588371276855469e-01
5.997795611619949341e-02
4.395586848258972168e-01
5.100677907466888428e-02
3.094438314437866211e-01
2.736194431781768799e-01
1.495229601860046387e-01
4.764493703842163086e-01
8.655710518360137939e-02
4.904867112636566162e-01
1.062901914119720459e-01
5.188955068588256836e-01
1.405184268951416016e-01
2.816114425659179688e-01
3.099001944065093994e-01
1.546052992343902588e-01
3.829225897789001465e-01
2.555150985717773438e-01
1.918075829744338989e-01
3.382476270198822021e-01
2.076894044876098633e-01
1.499315798282623291e-01
3.491706252098083496e-01
1.813599467277526855e-01
2.238275706768035889e-01
3.300024867057800293e-01
1.301395148038864136e-01
2.401638180017471313e-01
2.616229653358459473e-01
2.403314709663391113e-01
2.097723782062530518e-01
5.117927789688110352e-01
5.351897329092025757e-02
6.614565253257751465e-01
7.067339122295379639e-02
5.505070090293884277e-01
2.224337309598922729e-02
6.836402416229248047e-01
1.198725700378417969e-01
6.319607496261596680e-01
5.142789334058761597e-02
5.657694339752197266e-01
2.246937006711959839e-01
4.273946285247802734e-01
2.635127305984497070e-01
3.515290021896362305e-01
3.645789623260498047e-01
2.889386415481567383e-01
3.464288711547851562e-01
3.264575600624084473e-01
2.682641446590423584e-01
1.829538792371749878e-01
4.458456635475158691e-01
1.995854824781417847e-01
5.372529029846191406e-01
7.856619358062744141e-02
4.744123220443725586e-01
1.762679815292358398e-01
3.431131839752197266e-01
1.134542152285575867e-01
3.934597373008728027e-01
2.339196801185607910e-01
2.532910704612731934e-01
2.711164653301239014e-01
3.214386999607086182e-01
1.706862151622772217e-01
2.898590564727783203e-01
2.478148341178894043e-01
2.502379715442657471e-01
2.478225678205490112e-01
2.873048782348632812e-01
2.431321889162063599e-01
3.904142081737518311e-01
7.961653172969818115e-02
5.557851791381835938e-01
1.440398693084716797e-01
4.501133263111114502e-01
2.059579640626907349e-01
4.186745285987854004e-01
1.955521404743194580e-01
2.675831317901611328e-01
2.923354506492614746e-01
1.871386468410491943e-01
3.964380919933319092e-01
1.313106417655944824e-01
5.800064206123352051e-01
1.190546303987503052e-01
7.096176743507385254e-01
6.099352985620498657e-02
4.127340912818908691e-01
2.015544176101684570e-01
4.421854317188262939e-01
8.626485615968704224e-02
5.809233188629150391e-01
1.298892349004745483e-01
3.488060235977172852e-01
3.018326163291931152e-01
2.655441164970397949e-01
3.693202733993530273e-01
1.418458819389343262e-01
5.105995535850524902e-01
7.298729568719863892e-02
3.715181350708007812e-01
3.164610266685485840e-01
1.971366703510284424e-01
4.093427062034606934e-01
1.747788935899734497e-01
3.362234234809875488e-01
1.417987793684005737e-01
3.366082906723022461e-01
1.681577861309051514e-01
3.076493144035339355e-01
2.694689035415649414e-01
2.146324813365936279e-01
3.980747163295745850e-01
1.421109735965728760e-01
4.194988012313842773e-01
1.729238331317901611e-01
2.638944387435913086e-01
1.804566979408264160e-01
2.739385664463043213e-01
1.790465116500854492e-01
3.169011473655700684e-01
1.372413188219070435e-01
3.520180583000183105e-01
1.121522486209869385e-01
2.476505190134048462e-01
2.814948558807373047e-01
2.527180314064025879e-01
2.128512561321258545e-01
3.054027557373046875e-01
1.920885443687438965e-01
2.832727432250976562e-01
1.243858784437179565e-01
4.385640323162078857e-01
4.812551289796829224e-02
6.319562792778015137e-01
1.481745578348636627e-02
5.484046936035156250e-01
8.068844676017761230e-02
4.535067975521087646e-01
1.143896728754043579e-01
4.856222867965698242e-01
1.198286488652229309e-01
4.038156270980834961e-01
8.558335155248641968e-02
3.480670452117919922e-01
3.166417777538299561e-01
1.481900662183761597e-01
4.751351475715637207e-01
1.151872724294662476e-01
4.457673430442810059e-01
1.307341009378433228e-01
2.778712511062622070e-01
2.096254080533981323e-01
3.256927132606506348e-01
2.580861449241638184e-01
2.382054924964904785e-01
5.227964520454406738e-01
9.382781386375427246e-02
3.542084097862243652e-01
1.419129073619842529e-01
2.736454606056213379e-01
1.555867791175842285e-01
3.583715558052062988e-01
1.200207024812698364e-01
3.962371349334716797e-01
1.257538646459579468e-01
4.934355020523071289e-01
1.652512401342391968e-01
2.547848522663116455e-01
1.847812533378601074e-01
2.670634686946868896e-01
1.590004861354827881e-01
1.622784286737442017e-01
7.294110059738159180e-01
2.398774959146976471e-02
6.419012546539306641e-01
7.324802875518798828e-02
6.535756587982177734e-01
5.557808652520179749e-02
4.888685047626495361e-01
1.483014374971389771e-01
4.322313964366912842e-01
1.706179976463317871e-01
2.133750319480895996e-01
5.319068431854248047e-01
4.200869798660278320e-02
7.452770471572875977e-01
4.334073513746261597e-02
4.488665461540222168e-01
1.584278047084808350e-01
2.910150289535522461e-01
2.679839730262756348e-01
3.381167054176330566e-01
2.156177908182144165e-01
3.439128994941711426e-01
2.743183970451354980e-01
3.726013898849487305e-01
1.507963389158248901e-01
2.105648219585418701e-01
3.020873665809631348e-01
2.563453912734985352e-01
2.998438179492950439e-01
2.343732118606567383e-01
2.822192907333374023e-01
2.017916142940521240e-01
3.682012557983398438e-01
1.111491620540618896e-01
5.199284553527832031e-01
1.128573641180992126e-01
5.168240666389465332e-01
7.175075262784957886e-02
5.205037593841552734e-01
8.039242029190063477e-02
3.820447921752929688e-01
2.526402175426483154e-01
3.262680768966674805e-01
1.913170218467712402e-01
3.805857896804809570e-01
1.185399889945983887e-01
4.200628399848937988e-01
6.515979766845703125e-02
4.032868146896362305e-01
1.540599763393402100e-01
1.443253457546234131e-01
3.232171535491943359e-01
2.207749485969543457e-01
2.294387519359588623e-01
2.441256344318389893e-01
4.586398005485534668e-01
1.115978062152862549e-01
5.965529084205627441e-01
8.318723738193511963e-02
4.450648725032806396e-01
1.189643144607543945e-01
4.220257699489593506e-01
9.806756675243377686e-02
5.123904943466186523e-01
9.442357718944549561e-02
4.475035071372985840e-01
1.046075820922851562e-01
3.313283920288085938e-01
2.139180898666381836e-01
2.068951576948165894e-01
4.269895553588867188e-01
5.275209248065948486e-02
2.982097864151000977e-01
3.795310854911804199e-01
1.103454232215881348e-01
4.490663409233093262e-01
1.531283259391784668e-01
3.483652174472808838e-01
1.777249425649642944e-01
4.867580235004425049e-01
5.977216362953186035e-02
5.561206340789794922e-01
9.505693614482879639e-02
4.017009139060974121e-01
1.958416700363159180e-01
1.900790333747863770e-01
2.797790765762329102e-01
3.152051866054534912e-01
2.950921952724456787e-01
2.041744589805603027e-01
5.604749917984008789e-01
7.107504457235336304e-02
2.399422526359558105e-01
3.169418573379516602e-01
1.269509196281433105e-01
2.311061471700668335e-01
5.808308124542236328e-01
5.526430904865264893e-02
4.908356070518493652e-01
1.990081369876861572e-01
2.296577394008636475e-01
1.929156035184860229e-01
4.597269296646118164e-01
5.750273913145065308e-02
6.232300400733947754e-01
2.085729688405990601e-02
4.862127900123596191e-01
9.899061918258666992e-02
3.292758166790008545e-01
1.903650760650634766e-01
2.005734443664550781e-01
3.222010135650634766e-01
2.060123682022094727e-01
1.761194169521331787e-01
3.642801046371459961e-01
8.693507313728332520e-02
4.497280716896057129e-01
1.308206915855407715e-01
3.642274737358093262e-01
1.983557045459747314e-01
2.902812361717224121e-01
2.338720560073852539e-01
2.415580302476882935e-01
1.975379586219787598e-01
3.810917139053344727e-01
5.279240012168884277e-02
7.169082760810852051e-01
3.145708516240119934e-02
4.744015634059906006e-01
6.034922599792480469e-02
5.617235898971557617e-01
9.998461604118347168e-02
4.765912294387817383e-01
1.667619049549102783e-01
3.795199394226074219e-01
2.336522340774536133e-01
3.243711888790130615e-01
2.897608578205108643e-01
1.339327692985534668e-01
4.453710913658142090e-01
1.210263147950172424e-01
3.308115899562835693e-01
1.765346378087997437e-01
2.570011019706726074e-01
2.645518779754638672e-01
3.530816435813903809e-01
2.452719509601593018e-01
2.284547090530395508e-01
3.009200692176818848e-01
1.752843558788299561e-01
4.010587632656097412e-01
8.430744707584381104e-02
5.011171102523803711e-01
6.867043673992156982e-02
6.375422477722167969e-01
7.298230379819869995e-02
6.581083536148071289e-01
2.067195996642112732e-02
4.904326498508453369e-01
3.063016533851623535e-01
1.230128556489944458e-01
6.221509575843811035e-01
1.325579136610031128e-01
4.067589342594146729e-01
2.050956487655639648e-01
3.249199986457824707e-01
2.139124423265457153e-01
1.492525786161422729e-01
3.929948210716247559e-01
1.517071872949600220e-01
3.262872099876403809e-01
1.504920274019241333e-01
5.248295068740844727e-01
1.330267190933227539e-01
3.316837549209594727e-01
2.650577127933502197e-01
2.746111452579498291e-01
3.448992371559143066e-01
3.540061712265014648e-01
1.937318444252014160e-01
4.953901767730712891e-01
5.963566154241561890e-02
3.999358713626861572e-01
1.584307253360748291e-01
4.258052110671997070e-01
7.955662161111831665e-02
4.136828184127807617e-01
2.622311711311340332e-01
2.056016623973846436e-01
3.631619513034820557e-01
9.560550749301910400e-02
4.250377714633941650e-01
1.590602993965148926e-01
2.319128960371017456e-01
2.018492519855499268e-01
2.538936138153076172e-01
4.961401820182800293e-01
4.737008363008499146e-02
6.443912386894226074e-01
7.147110998630523682e-02
5.277006626129150391e-01
1.279896646738052368e-01
4.842627942562103271e-01
8.869677037000656128e-02
5.985295176506042480e-01
6.010404601693153381e-02
3.399002552032470703e-01
2.570878565311431885e-01
1.721818447113037109e-01
2.721670269966125488e-01
2.233126759529113770e-01
3.015407919883728027e-01
3.784809112548828125e-01
9.534518420696258545e-02
5.975923538208007812e-01
6.395178288221359253e-02
4.053959846496582031e-01
1.971579641103744507e-01
3.930500149726867676e-01
8.108250051736831665e-02
4.724682271480560303e-01
1.879192292690277100e-01
2.495615631341934204e-01
4.690216183662414551e-01
1.035761088132858276e-01
3.938249945640563965e-01
2.820626497268676758e-01
1.933099031448364258e-01
2.701322734355926514e-01
3.924442529678344727e-01
1.518959105014801025e-01
3.927628397941589355e-01
1.136790513992309570e-01
5.393944978713989258e-01
6.774456799030303955e-02
4.557858109474182129e-01
1.864326894283294678e-01
1.859674453735351562e-01
3.687942326068878174e-01
1.181994974613189697e-01
2.438365221023559570e-01
2.630177438259124756e-01
2.800558507442474365e-01
3.655350208282470703e-01
1.756977736949920654e-01
4.313547313213348389e-01
8.362068980932235718e-02
4.222729206085205078e-01
1.397869139909744263e-01
2.539675533771514893e-01
2.842524647712707520e-01
1.181315556168556213e-01
4.682265520095825195e-01
5.740317329764366150e-02
4.477388858795166016e-01
7.127581536769866943e-02
3.634816408157348633e-01
1.634312868118286133e-01
2.668586969375610352e-01
2.266237735748291016e-01
2.856649756431579590e-01
1.998402625322341919e-01
4.980864524841308594e-01
9.459514915943145752e-02
4.632036089897155762e-01
2.579512596130371094e-01
2.267637699842453003e-01
3.653202950954437256e-01
2.043765485286712646e-01
3.858107924461364746e-01
1.110537648200988770e-01
4.977519512176513672e-01
6.234346330165863037e-02
4.186146259307861328e-01
1.609409004449844360e-01
2.465084791183471680e-01
1.066189557313919067e-01
6.795139312744140625e-01
3.752104239538311958e-03
3.760339319705963135e-01
2.242324203252792358e-01
3.489165008068084717e-01
1.088869571685791016e-01
5.176993012428283691e-01
1.688063144683837891e-01
4.383033514022827148e-01
3.399014472961425781e-02
4.295207858085632324e-01
2.132819741964340210e-01
1.611941158771514893e-01
3.910818397998809814e-01
1.361352205276489258e-01
1.929925680160522461e-01
5.775870084762573242e-01
1.363074183464050293e-01
4.650943279266357422e-01
1.671257615089416504e-01
5.580316781997680664e-01
5.573064833879470825e-02
6.489088535308837891e-01
4.342876002192497253e-02
7.746207118034362793e-01
2.583431638777256012e-02
4.740772843360900879e-01
2.237489372491836548e-01
3.124201893806457520e-01
5.010984539985656738e-01
1.895044445991516113e-01
4.064879715442657471e-01
2.256926596164703369e-01
4.280101656913757324e-01
1.067049205303192139e-01
6.847137808799743652e-01
7.267895340919494629e-02
3.597267568111419678e-01
3.375831842422485352e-01
1.321659833192825317e-01
4.268188178539276123e-01
2.545428872108459473e-01
1.313436776399612427e-01
5.303509235382080078e-01
1.203415542840957642e-01
3.168930709362030029e-01
1.800366044044494629e-01
3.933696746826171875e-01
2.136265784502029419e-01
3.390175402164459229e-01
1.478507518768310547e-01
3.537547886371612549e-01
2.757755517959594727e-01
2.413820475339889526e-01
9.814672917127609253e-02
2.378059178590774536e-01
3.569253087043762207e-01
7.371549308300018311e-02
3.799980580806732178e-01
1.968464404344558716e-01
1.360013484954833984e-01
2.924499809741973877e-01
3.979324698448181152e-01
1.849855631589889526e-01
5.295435190200805664e-01
6.858682632446289062e-02
4.188212156295776367e-01
2.788525223731994629e-01
1.935948431491851807e-01
2.750828862190246582e-01
1.013679951429367065e-01
3.269875347614288330e-01
3.368870168924331665e-02
4.684220552444458008e-01
2.665814943611621857e-02
4.842529892921447754e-01
1.378309875726699829e-01
1.255078613758087158e-01
3.620985150337219238e-01
1.498627066612243652e-01
2.676744461059570312e-01
2.745994925498962402e-01
2.403968125581741333e-01
1.977943480014801025e-01
1.534008383750915527e-01
4.695176482200622559e-01
3.131875768303871155e-02
5.953061580657958984e-01
2.256244570016860962e-01
5.697946548461914062e-01
3.295786306262016296e-02
8.920106291770935059e-01
6.761643290519714355e-02
4.356677532196044922e-01
2.931016683578491211e-01
2.620574831962585449e-01
3.199304640293121338e-01
3.775629997253417969e-01
2.718840241432189941e-01
4.494313597679138184e-01
1.738876998424530029e-01
3.450620770454406738e-01
3.464984297752380371e-01
1.178020015358924866e-01
4.244774281978607178e-01
2.772124409675598145e-01
2.052630782127380371e-01
4.933801889419555664e-01
1.856069266796112061e-01
4.444525837898254395e-01
2.329359650611877441e-01
3.792365193367004395e-01
1.687457859516143799e-01
5.294240117073059082e-01
1.043701469898223877e-01
6.625893712043762207e-01
1.344458758831024170e-01
5.409297943115234375e-01
9.642937779426574707e-02
6.361168622970581055e-01
1.293017566204071045e-01
3.567233383655548096e-01
3.346879482269287109e-01
2.003653347492218018e-01
4.984401762485504150e-01
1.854042410850524902e-01
2.912282943725585938e-01
2.850316166877746582e-01
2.666370868682861328e-01
4.332878589630126953e-01
6.512495875358581543e-02
4.834924042224884033e-01
9.337296336889266968e-02
5.307234525680541992e-01
1.139437183737754822e-01
4.483162760734558105e-01
1.927605271339416504e-01
3.519173264503479004e-01
1.911719143390655518e-01
4.326088726520538330e-01
1.472062468528747559e-01
4.049117565155029297e-01
2.802455127239227295e-01
3.122062683105468750e-01
1.829252094030380249e-01
4.865970015525817871e-01
1.641022562980651855e-01
5.924898386001586914e-01
1.817241013050079346e-01
4.279372096061706543e-01
2.533345520496368408e-01
4.270883798599243164e-01
2.902586460113525391e-01
3.286795914173126221e-01
2.629747986793518066e-01
3.096413016319274902e-01
2.138764411211013794e-01
3.544982373714447021e-01
1.977852731943130493e-01
3.852741718292236328e-01
2.801060378551483154e-01
4.353012740612030029e-01
7.028848677873611450e-02
3.723335564136505127e-01
2.891759872436523438e-01
2.268816232681274414e-01
4.604187309741973877e-01
1.014465317130088806e-01
4.179231524467468262e-01
2.160613983869552612e-01
2.921880483627319336e-01
3.939489722251892090e-01
1.571916937828063965e-01
2.958579957485198975e-01
2.155010104179382324e-01
3.878217339515686035e-01
5.376355350017547607e-02
6.714679002761840820e-01
1.345603168010711670e-02
4.587391018867492676e-01
6.569936871528625488e-02
3.008530139923095703e-01
2.751035690307617188e-01
2.570282220840454102e-01
4.869786202907562256e-01
1.857903003692626953e-01
6.386150121688842773e-01
6.754738092422485352e-02
3.485005497932434082e-01
3.136288225650787354e-01
1.298051625490188599e-01
3.288896679878234863e-01
1.190599948167800903e-01
1.748933941125869751e-01
3.521993756294250488e-01
1.492791622877120972e-01
4.508382678031921387e-01
1.433156728744506836e-01
5.038173198699951172e-01
8.697290718555450439e-02
4.199867844581604004e-01
1.002254635095596313e-01
2.963411808013916016e-01
2.291292101144790649e-01
2.410363256931304932e-01
1.900582164525985718e-01
3.963373303413391113e-01
6.890998780727386475e-02
5.650309324264526367e-01
1.154265925288200378e-01
2.457786649465560913e-01
2.857320308685302734e-01
2.568866610527038574e-01
1.133653521537780762e-01
3.944618105888366699e-01
1.972011774778366089e-01
2.769863903522491455e-01
1.996857225894927979e-01
2.269465178251266479e-01
2.968442440032958984e-01
1.692583262920379639e-01
4.186889827251434326e-01
9.000079333782196045e-02
4.930766224861145020e-01
1.230875030159950256e-01
3.823149800300598145e-01
1.818214654922485352e-01
2.922139763832092285e-01
2.182168662548065186e-01
1.548475623130798340e-01
5.196290612220764160e-01
3.085371851921081543e-02
6.318824291229248047e-01
7.803067564964294434e-02
3.861899375915527344e-01
1.099710613489151001e-01
3.129467964172363281e-01
1.787682324647903442e-01
1.943236589431762695e-01
2.567797005176544189e-01
3.984698951244354248e-01
9.358882904052734375e-02
6.206844449043273926e-01
2.336419932544231415e-02
5.500738620758056641e-01
8.461927622556686401e-02
4.843101501464843750e-01
1.315641403198242188e-01
3.754889070987701416e-01
2.210482060909271240e-01
3.546446859836578369e-01
2.972755432128906250e-01
1.797416061162948608e-01
5.446017980575561523e-01
8.531731367111206055e-02
6.325953602790832520e-01
5.632422119379043579e-02
4.270811975002288818e-01
2.765775918960571289e-01
1.865100264549255371e-01
3.059666752815246582e-01
2.584972083568572998e-01
2.764427661895751953e-01
3.768710196018218994e-01
2.297538220882415771e-01
2.038268893957138062e-01
4.637970924377441406e-01
4.671370238065719604e-02
6.445780396461486816e-01
3.708441182971000671e-02
5.475572347640991211e-01
1.281758993864059448e-01
4.900246858596801758e-01
1.662985086441040039e-01
5.191955566406250000e-01
1.227859780192375183e-01
6.260616779327392578e-01
1.042084991931915283e-01
6.775842905044555664e-01
1.053422689437866211e-01
3.213865160942077637e-01
4.118557274341583252e-01
2.004583030939102173e-01
5.508013963699340820e-01
7.795954495668411255e-02
5.442605018615722656e-01
1.114183887839317322e-01
2.845000624656677246e-01
3.505533635616302490e-01
2.068353742361068726e-01
3.315070271492004395e-01
2.442525625228881836e-01
4.051888883113861084e-01
1.964022517204284668e-01
4.302656054496765137e-01
1.066858544945716858e-01
4.936354458332061768e-01
1.382858753204345703e-01
3.247395157814025879e-01
4.479662775993347168e-01
4.951247945427894592e-02
5.806611776351928711e-01
1.301103830337524414e-01
4.667519927024841309e-01
2.298987507820129395e-01
3.289246559143066406e-01
2.836062312126159668e-01
2.111603319644927979e-01
2.283238619565963745e-01
3.508619368076324463e-01
1.993474513292312622e-01
1.527650356292724609e-01
5.933487415313720703e-01
4.513657093048095703e-02
3.114228248596191406e-01
3.622584939002990723e-01
1.426977664232254028e-01
4.663993120193481445e-01
1.271839290857315063e-01
4.164732694625854492e-01
1.798045337200164795e-01
2.458777427673339844e-01
3.525980710983276367e-01
1.618111729621887207e-01
4.044468998908996582e-01
1.553931534290313721e-01
1.885559111833572388e-01
4.194848239421844482e-01
1.026591137051582336e-01
6.160703301429748535e-01
6.196480989456176758e-02
8.184309005737304688e-01
2.165186777710914612e-02
1.195582598447799683e-01
5.843946933746337891e-01
1.128389537334442139e-01
4.666841626167297363e-01
2.249355167150497437e-01
4.577401876449584961e-01
1.147971749305725098e-01
5.650067925453186035e-01
8.033043146133422852e-02
4.138773083686828613e-01
1.767954081296920776e-01
2.132170200347900391e-01
3.542040586471557617e-01
2.391289174556732178e-01
2.702733874320983887e-01
2.202212214469909668e-01
2.607530057430267334e-01
1.619945466518402100e-01
4.559656977653503418e-01
4.190625250339508057e-02
2.019666433334350586e-01
4.632971882820129395e-01
6.152665987610816956e-02
4.263453483581542969e-01
8.795173466205596924e-02
6.177655458450317383e-01
6.426004320383071899e-02
7.864683866500854492e-01
2.578240633010864258e-02
3.020314574241638184e-01
4.538828730583190918e-01
9.232702106237411499e-02
6.062499284744262695e-01
1.084506064653396606e-01
3.862546682357788086e-01
1.319912821054458618e-01
3.152166604995727539e-01
3.178960978984832764e-01
1.612359583377838135e-01
4.572840034961700439e-01
1.425532400608062744e-01
2.220278978347778320e-01
2.755297720432281494e-01
1.257579624652862549e-01
3.822440803050994873e-01
2.095023691654205322e-01
2.297947406768798828e-01
2.207633405923843384e-01
2.950943708419799805e-01
1.748554408550262451e-01
3.028512597084045410e-01
2.355345487594604492e-01
2.774120271205902100e-01
3.078219890594482422e-01
1.968908309936523438e-01
4.994409978389739990e-01
2.635221928358078003e-02
7.113201022148132324e-01
7.376408576965332031e-02
3.403654098510742188e-01
2.695431113243103027e-01
3.454059362411499023e-01
1.801426410675048828e-01
4.961047172546386719e-01
9.254330396652221680e-02
4.344188570976257324e-01
2.284680306911468506e-01
2.011733055114746094e-01
3.843183815479278564e-01
1.555841565132141113e-01
4.263601005077362061e-01
1.243253871798515320e-01
5.852276086807250977e-01
6.617332994937896729e-02
7.367947101593017578e-01
1.206213831901550293e-01
5.765106081962585449e-01
1.316916048526763916e-01
3.720498681068420410e-01
2.712124884128570557e-01
2.031684219837188721e-01
3.455374538898468018e-01
1.578593105077743530e-01
5.315207242965698242e-01
4.750906303524971008e-02
4.368061721324920654e-01
1.557805240154266357e-01
5.668911933898925781e-01
5.395292490720748901e-02
3.098323941230773926e-01
3.763527274131774902e-01
6.768260896205902100e-02
4.550062716007232666e-01
1.187915727496147156e-01
2.924091219902038574e-01
2.447137683629989624e-01
1.985404193401336670e-01
2.830101847648620605e-01
1.134369224309921265e-01
4.929454326629638672e-01
1.195894032716751099e-01
4.252472519874572754e-01
1.284434497356414795e-01
5.327824354171752930e-01
8.370433002710342407e-02
2.328078597784042358e-01
3.707133531570434570e-01
2.069689631462097168e-01
1.503935456275939941e-01
4.959384799003601074e-01
1.970378458499908447e-01
4.738614559173583984e-01
1.057939678430557251e-01
4.555959701538085938e-01
1.898023635149002075e-01
4.136936068534851074e-01
1.327822208404541016e-01
2.213450074195861816e-01
6.645658612251281738e-01
5.529569089412689209e-02
5.838525891304016113e-01
2.112611234188079834e-01
5.612977743148803711e-01
1.758093237876892090e-01
2.666983902454376221e-01
1.684533059597015381e-01
6.515223979949951172e-01
3.926318511366844177e-02
4.175425767898559570e-01
4.349766969680786133e-01
1.870999932289123535e-01
5.171751976013183594e-01
1.738956570625305176e-01
4.181560277938842773e-01
2.320481985807418823e-01
3.497598171234130859e-01
2.969020307064056396e-01
2.763805389404296875e-01
1.405410766601562500e-01
4.762270152568817139e-01
1.740643680095672607e-01
2.097319215536117554e-01
4.036393761634826660e-01
1.034542620182037354e-01
4.770645797252655029e-01
1.945985704660415649e-01
2.733460962772369385e-01
2.838419675827026367e-01
2.234665155410766602e-01
2.806291282176971436e-01
3.391659855842590332e-01
1.517063379287719727e-01
3.094387054443359375e-01
3.634618520736694336e-01
1.940711140632629395e-01
2.560292482376098633e-01
1.979161798954010010e-01
5.755574107170104980e-01
1.822537556290626526e-02
4.352896809577941895e-01
1.086261048913002014e-01
2.453735172748565674e-01
2.082012742757797241e-01
2.989944517612457275e-01
9.117768704891204834e-02
6.612863540649414062e-01
3.627489507198333740e-02
5.219169855117797852e-01
9.303778409957885742e-02
3.889762163162231445e-01
4.408104345202445984e-02
6.117080450057983398e-01
8.044377714395523071e-02
4.132501482963562012e-01
2.986817061901092529e-01
1.018156558275222778e-01
6.347937583923339844e-01
4.956595227122306824e-02
3.997254371643066406e-01
1.818622946739196777e-01
1.140734553337097168e-01
3.391788303852081299e-01
2.822097539901733398e-01
2.158427536487579346e-01
2.371643036603927612e-01
3.399056792259216309e-01
1.672662496566772461e-01
2.924377918243408203e-01
2.503794431686401367e-01
4.149490296840667725e-01
9.318557381629943848e-02
7.226709723472595215e-01
3.971134498715400696e-02
6.824345588684082031e-01
2.061520069837570190e-01
3.030873239040374756e-01
3.338543772697448730e-01
3.744145035743713379e-01
3.238586187362670898e-01
3.928805887699127197e-01
1.929998695850372314e-01
3.146034181118011475e-01
3.815641999244689941e-01
1.892541646957397461e-01
3.186643123626708984e-01
1.660358905792236328e-01
5.090857744216918945e-01
7.274723798036575317e-02
3.127701282501220703e-01
1.939387917518615723e-01
2.176419794559478760e-01
3.518426418304443359e-01
1.161566972732543945e-01
2.628574967384338379e-01
6.937292218208312988e-02
7.857910394668579102e-01
8.851171284914016724e-02
4.901241362094879150e-01
4.835320264101028442e-02
7.759846448898315430e-01
8.339524269104003906e-02
3.595361709594726562e-01
3.366719484329223633e-01
1.112047508358955383e-01
5.786365270614624023e-01
1.295799911022186279e-01
4.930067658424377441e-01
5.216868966817855835e-02
4.577106833457946777e-01
2.031286060810089111e-01
4.395176172256469727e-01
1.407022774219512939e-01
4.007410705089569092e-01
1.847593337297439575e-01
2.409237474203109741e-01
4.178256988525390625e-01
1.394481211900711060e-01
3.435850739479064941e-01
1.877845823764801025e-01
3.247741460800170898e-01
1.835418790578842163e-01
4.878673851490020752e-01
1.607330441474914551e-01
3.473942875862121582e-01
2.073092758655548096e-01
1.751953959465026855e-01
3.499923646450042725e-01
1.751038432121276855e-01
3.925586640834808350e-01
2.782918810844421387e-01
2.960771918296813965e-01
2.119510024785995483e-01
4.008637666702270508e-01
2.011895328760147095e-01
2.986037135124206543e-01
1.818111240863800049e-01
4.671227335929870605e-01
3.412618860602378845e-02
7.932302355766296387e-01
2.550853043794631958e-02
4.357938468456268311e-01
3.091600537300109863e-01
2.534602582454681396e-01
3.879446983337402344e-01
2.498705685138702393e-01
4.606800675392150879e-01
1.119650602340698242e-01
6.953392028808593750e-01
5.304606258869171143e-02
5.078158974647521973e-01
2.757331132888793945e-01
1.027244627475738525e-01
5.450854301452636719e-01
1.184594184160232544e-01
2.398180812597274780e-01
4.020990133285522461e-01
2.582700252532958984e-01
2.293827682733535767e-01
3.490636944770812988e-01
1.455802917480468750e-01
4.511187076568603516e-01
6.256853044033050537e-02
1.728779971599578857e-01
5.917041301727294922e-01
5.255988240242004395e-02
4.194157421588897705e-01
3.616212606430053711e-01
1.182341948151588440e-01
4.364908635616302490e-01
1.835188865661621094e-01
3.703216612339019775e-01
1.486545056104660034e-01
2.179704606533050537e-01
3.211267590522766113e-01
1.636397540569305420e-01
3.559128940105438232e-01
2.612510919570922852e-01
2.968454360961914062e-01
1.501430869102478027e-01
4.256384372711181641e-01
1.654666215181350708e-01
3.657559156417846680e-01
2.027135789394378662e-01
2.184553146362304688e-01
3.650057315826416016e-01
7.858342677354812622e-02
4.929032027721405029e-01
1.139545366168022156e-01
4.021258056163787842e-01
1.750648319721221924e-01
2.817798256874084473e-01
1.938971877098083496e-01
3.748021721839904785e-01
1.046546921133995056e-01
6.905006170272827148e-01
3.613769635558128357e-02
5.289453864097595215e-01
4.036343097686767578e-02
6.693148612976074219e-01
1.716781407594680786e-01
2.509327828884124756e-01
3.641169071197509766e-01
1.431958824396133423e-01
3.491052091121673584e-01
1.953210681676864624e-01
3.447802364826202393e-01
2.020659446716308594e-01
3.179683983325958252e-01
2.992190718650817871e-01
2.549378871917724609e-01
5.269544124603271484e-01
3.615105897188186646e-02
6.620459556579589844e-01
9.250504523515701294e-02
4.766424596309661865e-01
1.923906505107879639e-01
5.360877513885498047e-01
1.869667470455169678e-01
3.987213969230651855e-01
1.457553207874298096e-01
4.623122513294219971e-01
6.693205982446670532e-02
6.755248308181762695e-01
5.725025758147239685e-02
2.998458445072174072e-01
3.597969114780426025e-01
1.538787782192230225e-01
3.838879466056823730e-01
2.351631671190261841e-01
1.715267896652221680e-01
3.801905810832977295e-01
1.707987189292907715e-01
3.199686706066131592e-01
2.916564047336578369e-01
2.738028168678283691e-01
1.019753664731979370e-01
3.485088944435119629e-01
1.681319773197174072e-01
3.836466073989868164e-01
1.287977397441864014e-01
3.872379660606384277e-01
1.785604506731033325e-01
3.086786270141601562e-01
1.883438229560852051e-01
5.083850622177124023e-01
7.208811491727828979e-02
5.415776968002319336e-01
1.471948623657226562e-01
2.717329859733581543e-01
2.266945540904998779e-01
2.179811298847198486e-01
3.417999148368835449e-01
6.249471381306648254e-02
6.896212100982666016e-01
3.266507387161254883e-02
2.201538532972335815e-01
3.583709597587585449e-01
1.380741298198699951e-01
1.780504584312438965e-01
3.853644132614135742e-01
1.274543553590774536e-01
4.922782182693481445e-01
1.535882204771041870e-01
2.103704810142517090e-01
5.318183898925781250e-01
4.332312196493148804e-02
7.942737340927124023e-01
2.557260356843471527e-02
7.364773750305175781e-01
1.477463990449905396e-01
3.840525746345520020e-01
3.622971773147583008e-01
2.148869335651397705e-01
4.242906272411346436e-01
9.227517247200012207e-02
4.523661136627197266e-01
2.756127417087554932e-01
1.763085126876831055e-01
3.909177482128143311e-01
2.596122920513153076e-01
4.045352935791015625e-01
1.204221248626708984e-01
4.868181347846984863e-01
1.456912457942962646e-01
2.121713012456893921e-01
3.322417289018630981e-02
7.438652515411376953e-01
1.969026401638984680e-02
6.574593782424926758e-01
2.471793442964553833e-02
7.591651678085327148e-01
3.001065254211425781e-01
2.688682675361633301e-01
4.262343645095825195e-01
2.220343053340911865e-01
5.692287683486938477e-01
2.439470589160919189e-01
6.064174175262451172e-01
2.100063562393188477e-01
4.685831665992736816e-01
3.831586539745330811e-01
1.868562996387481689e-01
6.387796401977539062e-01
1.720880568027496338e-01
5.262296795845031738e-01
3.906722962856292725e-01
2.237656414508819580e-01
4.555785655975341797e-01
2.619179189205169678e-01
3.252407014369964600e-01
3.362703025341033936e-01
3.243934512138366699e-01
3.925013542175292969e-01
2.723904252052307129e-01
2.651630640029907227e-01
3.329261541366577148e-01
2.185598760843276978e-01
5.133073329925537109e-01
1.111211329698562622e-01
5.677449703216552734e-01
1.074247658252716064e-01
5.162112712860107422e-01
1.128305122256278992e-01
4.202136397361755371e-01
2.811546027660369873e-01
3.291616141796112061e-01
2.419579923152923584e-01
2.704778313636779785e-01
4.055228829383850098e-01
1.409311741590499878e-01
3.669577240943908691e-01
2.423775047063827515e-01
2.902020812034606934e-01
2.590826153755187988e-01
2.287333309650421143e-01
3.926839232444763184e-01
3.216761350631713867e-01
1.948369741439819336e-01
5.361433029174804688e-01
3.259394690394401550e-02
4.550166130065917969e-01
2.442797124385833740e-01
2.159889638423919678e-01
2.810296416282653809e-01
3.381659686565399170e-01
3.055954277515411377e-01
3.473942279815673828e-01
2.660113871097564697e-01
2.383778989315032959e-01
2.431600093841552734e-01
3.344351053237915039e-01
2.416046261787414551e-01
1.821443736553192139e-01
4.894410371780395508e-01
1.244811713695526123e-01
2.376080602407455444e-01
4.191026091575622559e-01
6.238158792257308960e-02
4.023567736148834229e-01
2.136075794696807861e-01
1.031076982617378235e-01
6.081254482269287109e-01
5.720729380846023560e-02
5.196737051010131836e-01
3.088290244340896606e-02
5.170027613639831543e-01
1.794423758983612061e-01
3.478262722492218018e-01
2.994584441184997559e-01
2.730503082275390625e-01
2.433411478996276855e-01
3.707787096500396729e-01
1.535853743553161621e-01
2.121556103229522705e-01
3.680440485477447510e-01
6.611318141222000122e-02
3.022493422031402588e-01
2.346895635128021240e-01
1.758636236190795898e-01
3.707584142684936523e-01
1.335656344890594482e-01
5.158258080482482910e-01
2.380005568265914917e-01
4.234240353107452393e-01
3.702057525515556335e-02
5.718299150466918945e-01
6.106451898813247681e-02
4.443575143814086914e-01
2.198059856891632080e-01
2.979972958564758301e-01
2.708383798599243164e-01
2.417825162410736084e-01
2.604755759239196777e-01
3.321927487850189209e-01
1.655484735965728760e-01
4.757786393165588379e-01
9.772653132677078247e-02
6.817269325256347656e-01
7.366566359996795654e-02
6.050191521644592285e-01
1.288458406925201416e-01
1.847439855337142944e-01
3.820412755012512207e-01
1.602096855640411377e-01
4.503358602523803711e-01
1.126806139945983887e-01
3.857166469097137451e-01
1.587187945842742920e-01
3.196213543415069580e-01
1.450946927070617676e-01
1.953758001327514648e-01
3.158310651779174805e-01
2.009876370429992676e-01
2.341729402542114258e-01
3.242101669311523438e-01
2.811149358749389648e-01
1.236507222056388855e-01
4.626979231834411621e-01
1.320746541023254395e-01
4.001166820526123047e-01
5.785521119832992554e-02
4.096782803535461426e-01
1.204323023557662964e-01
1.924666166305541992e-01
5.256685614585876465e-01
7.151950895786285400e-02
4.106543064117431641e-01
1.440447717905044556e-01
3.393483161926269531e-01
2.032205760478973389e-01
4.729045033454895020e-01
1.086659207940101624e-01
2.070893049240112305e-01
2.423753738403320312e-01
2.557381689548492432e-01
1.353207230567932129e-01
5.154973268508911133e-01
2.118882089853286743e-01
3.700991868972778320e-01
1.831314265727996826e-01
3.440575301647186279e-01
1.884751319885253906e-01
5.329996347427368164e-01
2.041429467499256134e-02
5.121194124221801758e-01
7.506459951400756836e-02
3.668617308139801025e-01
1.843867301940917969e-01
2.777112722396850586e-01
2.399949729442596436e-01
1.877339482307434082e-01
2.721216380596160889e-01
3.106133341789245605e-01
1.480429768562316895e-01
3.814850747585296631e-01
8.402883261442184448e-02
3.371883630752563477e-01
1.448812782764434814e-01
2.157553434371948242e-01
2.800246179103851318e-01
1.944657564163208008e-01
2.540334165096282959e-01
1.436300128698348999e-01
5.960508584976196289e-01
2.093961462378501892e-02
7.600701451301574707e-01
9.375167079269886017e-03
7.152975797653198242e-01
1.454368829727172852e-01
3.728600740432739258e-01
4.573549628257751465e-01
2.140247672796249390e-01
5.730838775634765625e-01
1.699613779783248901e-01
4.357354044914245605e-01
1.951278299093246460e-01
2.535667419433593750e-01
4.805204272270202637e-01
5.672379955649375916e-02
4.931589961051940918e-01
1.531687974929809570e-01
2.297816276550292969e-01
2.934464216232299805e-01
3.744236230850219727e-01
2.133743762969970703e-01
4.362860321998596191e-01
1.208349242806434631e-01
5.303237438201904297e-01
5.255652964115142822e-02
5.308895111083984375e-01
1.771784424781799316e-01
4.405287206172943115e-01
1.728247404098510742e-01
3.256614506244659424e-01
2.019168436527252197e-01
3.972399830818176270e-01
1.566812992095947266e-01
2.816596627235412598e-01
2.257521450519561768e-01
2.279292643070220947e-01
4.277696609497070312e-01
8.651719987392425537e-02
5.427613258361816406e-01
1.711179614067077637e-01
2.448196113109588623e-01
4.085501730442047119e-01
1.410156786441802979e-01
3.780939579010009766e-01
1.533300280570983887e-01
2.059687674045562744e-01
2.737025618553161621e-01
1.716621220111846924e-01
3.434944152832031250e-01
1.250037252902984619e-01
4.214317798614501953e-01
6.751771271228790283e-02
6.537803411483764648e-01
7.367993891239166260e-02
5.835072994232177734e-01
2.140840739011764526e-01
4.794424176216125488e-01
2.993670701980590820e-01
4.523732066154479980e-01
2.017203867435455322e-01
4.385838508605957031e-01
1.578594446182250977e-01
6.793051958084106445e-01
1.033233851194381714e-01
5.206453800201416016e-01
1.879031360149383545e-01
1.521512120962142944e-01
5.819117426872253418e-01
1.049485504627227783e-01
2.786667346954345703e-01
3.521512150764465332e-01
1.736243665218353271e-01
5.876086950302124023e-01
8.459883183240890503e-02
5.724864006042480469e-01
1.127791255712509155e-01
3.556782007217407227e-01
1.683650314807891846e-01
3.463553786277770996e-01
1.473596990108489990e-01
4.372243881225585938e-01
1.214431673288345337e-01
6.073486208915710449e-01
9.634022414684295654e-02
3.805947005748748779e-01
2.813227176666259766e-01
5.153043270111083984e-01
8.178889006376266479e-02
6.246389746665954590e-01
8.042179048061370850e-02
6.043248176574707031e-01
8.126012980937957764e-02
5.657864809036254883e-01
6.761994957923889160e-02
3.022183179855346680e-01
3.222094476222991943e-01
2.004107981920242310e-01
4.092507958412170410e-01
2.346101850271224976e-01
2.455272823572158813e-01
2.627419531345367432e-01
2.671544551849365234e-01
2.357765734195709229e-01
2.416559457778930664e-01
2.994693517684936523e-01
1.574188917875289917e-01
3.182245194911956787e-01
3.235384225845336914e-01
7.841391861438751221e-02
7.189884185791015625e-01
5.619974806904792786e-02
5.680921077728271484e-01
5.629977583885192871e-02
6.809642314910888672e-01
6.259503960609436035e-02
6.045886278152465820e-01
1.774780154228210449e-01
4.532471895217895508e-01
2.044738382101058960e-01
4.422603547573089600e-01
2.198694348335266113e-01
5.594363212585449219e-01
8.785492181777954102e-02
2.521842122077941895e-01
4.612604677677154541e-01
1.210356652736663818e-01
4.731752872467041016e-01
1.596176624298095703e-01
3.697289526462554932e-01
2.618908286094665527e-01
2.392545491456985474e-01
3.446772098541259766e-01
1.901883333921432495e-01
3.318464756011962891e-01
2.501848936080932617e-01
2.766827642917633057e-01
1.764857769012451172e-01
5.252976417541503906e-01
7.910384237766265869e-02
2.729951143264770508e-01
3.631723523139953613e-01
2.167537808418273926e-01
3.465023040771484375e-01
1.517223715782165527e-01
2.293680906295776367e-01
4.531966447830200195e-01
7.634212821722030640e-02
5.532330274581909180e-01
6.340579688549041748e-02
3.709098100662231445e-01
2.031080573797225952e-01
2.957846522331237793e-01
1.606604009866714478e-01
3.334190845489501953e-01
1.791608333587646484e-01
5.096375346183776855e-01
3.173353523015975952e-02
3.392714858055114746e-01
2.466953396797180176e-01
2.175570577383041382e-01
3.115307688713073730e-01
3.032181262969970703e-01
3.143402934074401855e-01
2.800499200820922852e-01
2.173108756542205811e-01
1.276732534170150757e-01
3.887038826942443848e-01
1.555774807929992676e-01
2.891060411930084229e-01
2.057580649852752686e-01
2.887946963310241699e-01
2.350855618715286255e-01
1.116665154695510864e-01
3.919880390167236328e-01
2.459915280342102051e-01
8.915976434946060181e-02
6.478027105331420898e-01
8.363381028175354004e-02
8.515834808349609375e-02
6.183255314826965332e-01
7.614663988351821899e-02
4.056358635425567627e-01
2.006111443042755127e-01
3.483435809612274170e-01
1.326571702957153320e-01
4.668742120265960693e-01
1.300447732210159302e-01
3.559779524803161621e-01
1.349866390228271484e-01
4.566263258457183838e-01
1.258724629878997803e-01
5.425444841384887695e-01
7.029831409454345703e-02
6.659805178642272949e-01
5.886378511786460876e-02
8.472030162811279297e-01
8.783634006977081299e-02
7.575155496597290039e-01
6.787730753421783447e-02
5.729252099990844727e-01
2.332308590412139893e-01
2.085480391979217529e-01
4.545450210571289062e-01
1.925619393587112427e-01
5.145795345306396484e-01
1.478798687458038330e-01
5.352687835693359375e-01
1.722956895828247070e-01
4.402977824211120605e-01
1.902264356613159180e-01
3.771851062774658203e-01
4.348061680793762207e-01
1.069746911525726318e-01
4.177207648754119873e-01
1.754808723926544189e-01
3.398461639881134033e-01
2.060504257678985596e-01
2.518120408058166504e-01
1.929430812597274780e-01
4.367986321449279785e-01
7.849610596895217896e-02
4.157590270042419434e-01
8.392854034900665283e-02
3.022632002830505371e-01
2.691667675971984863e-01
2.507573068141937256e-01
2.652166187763214111e-01
2.858147621154785156e-01
1.919751316308975220e-01
4.080954194068908691e-01
1.314106583595275879e-01
4.957198798656463623e-01
1.246155649423599243e-01
2.977633178234100342e-01
2.669875621795654297e-01
7.511018216609954834e-02
6.219310760498046875e-01
2.958309464156627655e-02
5.830541253089904785e-01
1.426061987876892090e-01
5.623145103454589844e-01
1.316765248775482178e-01
4.674165546894073486e-01
3.346108794212341309e-01
2.927346229553222656e-01
4.250530004501342773e-01
2.452203631401062012e-01
3.358628749847412109e-01
2.545803785324096680e-01
1.553633660078048706e-01
6.408932805061340332e-01
4.875292256474494934e-02
5.890303850173950195e-01
2.333059459924697876e-01
2.685678005218505859e-01
3.455010056495666504e-01
1.726611256599426270e-01
3.398139476776123047e-01
2.342156916856765747e-01
3.035553693771362305e-01
1.935751736164093018e-01
5.878484249114990234e-01
4.330791905522346497e-02
3.967873752117156982e-01
2.975429296493530273e-01
2.493200302124023438e-01
3.823857605457305908e-01
1.446783095598220825e-01
7.192353010177612305e-01
3.393715620040893555e-02
5.901484489440917969e-01
1.365491449832916260e-01
3.579390048980712891e-01
3.126772046089172363e-01
2.359975874423980713e-01
5.088014602661132812e-01
1.926462352275848389e-01
4.471171498298645020e-01
1.347483694553375244e-01
4.462523758411407471e-01
7.742984592914581299e-02
4.759231805801391602e-01
1.450206339359283447e-01
3.358122706413269043e-01
1.718395650386810303e-01
2.739109694957733154e-01
3.497823476791381836e-01
1.212297603487968445e-01
3.917638659477233887e-01
9.473226219415664673e-02
3.671809136867523193e-01
2.057578712701797485e-01
3.226676583290100098e-01
3.304823338985443115e-01
2.176292389631271362e-01
2.987337410449981689e-01
2.719359397888183594e-01
9.985410422086715698e-02
5.438441038131713867e-01
9.910045564174652100e-02
4.643023312091827393e-01
1.705587208271026611e-01
2.204032689332962036e-01
4.163098633289337158e-01
9.131053090095520020e-02
6.656415462493896484e-01
5.644996091723442078e-02
2.360030859708786011e-01
3.705298900604248047e-01
1.644850969314575195e-01
2.621181607246398926e-01
1.850547343492507935e-01
3.571915030479431152e-01
2.567119002342224121e-01
2.820622324943542480e-01
2.533006966114044189e-01
3.932972550392150879e-01
6.203841045498847961e-02
5.510597229003906250e-01
7.385040819644927979e-02
4.438906311988830566e-01
1.599017679691314697e-01
1.186696588993072510e-01
5.240775346755981445e-01
9.096573293209075928e-02
5.049285888671875000e-01
1.515048891305923462e-01
5.166245102882385254e-01
1.648637950420379639e-01
1.678985357284545898e-01
6.057897806167602539e-01
8.512838184833526611e-02
6.301863193511962891e-01
8.915962278842926025e-02
4.715527892112731934e-01
1.540102660655975342e-01
3.527688980102539062e-01
3.488242030143737793e-01
1.525832861661911011e-01
7.131958603858947754e-01
7.418302446603775024e-02
3.280746042728424072e-01
3.610841631889343262e-01
2.361942529678344727e-01
2.574351727962493896e-01
1.390529572963714600e-01
3.844197690486907959e-01
2.372788041830062866e-01
1.970694810152053833e-01
2.603646516799926758e-01
4.009308218955993652e-01
1.630708873271942139e-01
2.770638465881347656e-01
1.157812476158142090e-01
3.844071626663208008e-01
2.180716395378112793e-01
1.884357631206512451e-01
3.338376283645629883e-01
1.845408380031585693e-01
2.378809154033660889e-01
5.670917034149169922e-01
3.127410635352134705e-02
3.249121904373168945e-01
4.908104538917541504e-01
1.123616248369216919e-01
4.460211396217346191e-01
1.698396354913711548e-01
4.331711530685424805e-01
1.150746643543243408e-01
5.673855543136596680e-01
5.071870982646942139e-02
5.316392183303833008e-01
1.288518905639648438e-01
3.298677206039428711e-01
3.529414236545562744e-01
2.304952144622802734e-01
4.957028031349182129e-01
1.300283372402191162e-01
4.580256342887878418e-01
7.219247519969940186e-02
5.041093230247497559e-01
9.747442603111267090e-02
3.735789656639099121e-01
1.144377738237380981e-01
5.560707449913024902e-01
8.977066725492477417e-02
5.942853689193725586e-01
7.591792941093444824e-02
5.324449539184570312e-01
1.418382227420806885e-01
3.485002517700195312e-01
2.660094201564788818e-01
2.614861130714416504e-01
3.121704161167144775e-01
2.436751127243041992e-01
1.821227520704269409e-01
4.298994839191436768e-01
1.207756251096725464e-01
4.946083426475524902e-01
1.290002465248107910e-01
3.755041956901550293e-01
2.008650302886962891e-01
3.616786003112792969e-01
2.137623131275177002e-01
2.426594048738479614e-01
2.435032129287719727e-01
1.410747617483139038e-01
3.325120210647583008e-01
1.077448725700378418e-01
4.676917493343353271e-01
8.572332561016082764e-02
4.311888515949249268e-01
1.007307469844818115e-01
3.539655804634094238e-01
2.689075171947479248e-01
1.672758013010025024e-01
3.379288613796234131e-01
1.923149526119232178e-01
2.467043846845626831e-01
3.208366334438323975e-01
1.116023361682891846e-01
2.447103410959243774e-01
3.198065161705017090e-01
9.937083721160888672e-02
5.294275283813476562e-01
7.058200985193252563e-02
5.054029226303100586e-01
1.476322114467620850e-01
5.930088758468627930e-01
1.989942193031311035e-01
2.872801125049591064e-01
3.624086380004882812e-01
1.877120882272720337e-01
4.771764278411865234e-01
1.014393046498298645e-01
6.778712272644042969e-01
1.074697449803352356e-01
1.672803461551666260e-01
4.728854298591613770e-01
1.611262559890747070e-01
4.078078866004943848e-01
2.004668116569519043e-01
1.558173000812530518e-01
4.054948985576629639e-01
2.096574902534484863e-01
1.811572313308715820e-01
4.791474342346191406e-01
1.728336215019226074e-01
3.517136275768280029e-01
4.064584374427795410e-01
1.668995171785354614e-01
3.056406378746032715e-01
2.652040123939514160e-01
3.409819006919860840e-01
3.001682162284851074e-01
1.944230645895004272e-01
3.099964559078216553e-01
2.229682803153991699e-01
6.503561735153198242e-01
1.070842519402503967e-02
4.770092368125915527e-01
3.642230629920959473e-01
3.165757954120635986e-01
3.853319883346557617e-01
2.676321268081665039e-01
6.403642892837524414e-01
8.619357645511627197e-02
4.953194260597229004e-01
2.038232088088989258e-01
3.909432291984558105e-01
2.022048830986022949e-01
4.396542310714721680e-01
1.387281417846679688e-01
4.247592091560363770e-01
2.774103283882141113e-01
1.847276687622070312e-01
1.830755919218063354e-01
5.367910861968994141e-01
4.249373450875282288e-02
5.105301141738891602e-01
2.149992436170578003e-01
2.070739269256591797e-01
4.625115394592285156e-01
1.022029966115951538e-01
3.271061778068542480e-01
7.316792011260986328e-02
6.544967889785766602e-01
5.198559910058975220e-02
3.106066584587097168e-01
3.608914315700531006e-01
1.519053578376770020e-01
4.522764682769775391e-01
1.251339614391326904e-01
4.226918816566467285e-01
8.880393952131271362e-02
4.065976142883300781e-01
8.149847388267517090e-02
6.418916583061218262e-01
3.577740490436553955e-02
4.764980971813201904e-01
1.645512282848358154e-01
1.627250909805297852e-01
2.384899556636810303e-01
3.746728897094726562e-01
1.254239827394485474e-01
2.738195657730102539e-01
2.884540259838104248e-01
1.837819218635559082e-01
3.883869647979736328e-01
1.599706113338470459e-01
2.961143255233764648e-01
1.812279075384140015e-01
2.296204119920730591e-01
2.589345574378967285e-01
1.599914431571960449e-01
2.984532117843627930e-01
2.359076440334320068e-01
1.344449073076248169e-01
4.136862158775329590e-01
1.712035536766052246e-01
3.152796924114227295e-01
2.347529977560043335e-01
1.934007108211517334e-01
4.315631985664367676e-01
1.143436878919601440e-01
5.101522803306579590e-01
6.389106810092926025e-02
3.787473738193511963e-01
1.084450632333755493e-01
4.707347452640533447e-01
8.984684199094772339e-02
5.036875605583190918e-01
8.180795609951019287e-02
3.718082308769226074e-01
1.657808721065521240e-01
6.232155561447143555e-01
3.641519695520401001e-02
3.303199410438537598e-01
2.150533795356750488e-01
1.907950341701507568e-01
2.048783600330352783e-01
1.797634661197662354e-01
4.585644900798797607e-01
6.439740955829620361e-02
2.856324911117553711e-01
2.572363018989562988e-01
2.175954282283782959e-01
3.513735532760620117e-01
1.040790528059005737e-01
5.393133163452148438e-01
5.657652765512466431e-02
7.998408079147338867e-01
1.271199733018875122e-01
1.885633170604705811e-01
5.594385862350463867e-01
1.793614923954010010e-01
4.236989915370941162e-01
2.085908949375152588e-01
4.635225534439086914e-01
1.381505429744720459e-01
5.156852006912231445e-01
1.308376789093017578e-01
3.149400949478149414e-01
2.762035429477691650e-01
1.727771759033203125e-01
5.304967164993286133e-01
7.635128498077392578e-02
5.168077945709228516e-01
1.342044919729232788e-01
5.138021111488342285e-01
1.111349612474441528e-01
4.721066355705261230e-01
1.141668260097503662e-01
3.528360128402709961e-01
2.078886777162551880e-01
3.437417149543762207e-01
8.898812532424926758e-02
2.211189866065979004e-01
4.953056275844573975e-01
1.078335493803024292e-01
5.915617942810058594e-01
5.548232048749923706e-02
7.168062925338745117e-01
4.355962201952934265e-02
4.568057656288146973e-01
1.865981072187423706e-01
2.574941515922546387e-01
2.969789206981658936e-01
3.467150926589965820e-01
2.134768366813659668e-01
5.592839717864990234e-01
1.134576350450515747e-01
5.828973650932312012e-01
1.269488036632537842e-01
3.198886811733245850e-01
1.547609418630599976e-01
2.553320527076721191e-01
3.733431100845336914e-01
1.685718595981597900e-01
2.354291975498199463e-01
4.023905992507934570e-01
1.373783946037292480e-01
5.720585584640502930e-01
8.717682212591171265e-02
4.478463530540466309e-01
1.944042295217514038e-01
5.262571573257446289e-01
9.553404152393341064e-02
2.257529795169830322e-01
5.263937711715698242e-01
8.285037428140640259e-02
6.272135972976684570e-01
1.068146973848342896e-01
4.533002972602844238e-01
1.553337126970291138e-01
3.169122934341430664e-01
1.111275553703308105e-01
7.077938318252563477e-01
4.435507953166961670e-02
3.259222507476806641e-01
4.149975776672363281e-01
1.529960185289382935e-01
3.310696184635162354e-01
3.278545141220092773e-01
1.409379988908767700e-01
4.324339628219604492e-01
1.604549884796142578e-01
2.644192576408386230e-01
4.455462098121643066e-01
1.895731091499328613e-01
2.531341016292572021e-01
5.692191123962402344e-01
3.954924643039703369e-02
4.074248075485229492e-01
2.067392766475677490e-01
3.444034159183502197e-01
2.431205511093139648e-01
3.461090624332427979e-01
1.160613894462585449e-01
4.575005769729614258e-01
1.528789699077606201e-01
3.091469407081604004e-01
2.396867573261260986e-01
2.215185165405273438e-01
8.523890376091003418e-02
7.051964998245239258e-01
1.119850389659404755e-02
4.947960376739501953e-01
1.295855492353439331e-01
6.648039817810058594e-01
9.664382040500640869e-02
3.004311323165893555e-01
4.234470725059509277e-01
8.635173738002777100e-02
6.598160266876220703e-01
1.144812852144241333e-01
5.294435024261474609e-01
1.034869775176048279e-01
4.288486838340759277e-01
2.772364616394042969e-01
3.012965321540832520e-01
2.329900264739990234e-01
4.542542099952697754e-01
8.389134705066680908e-02
3.898757994174957275e-01
1.981307119131088257e-01
2.196275591850280762e-01
3.910216391086578369e-01
1.580921113491058350e-01
3.591436147689819336e-01
2.885105013847351074e-01
1.452536880970001221e-01
4.702836871147155762e-01
8.405683934688568115e-02
4.986290335655212402e-01
1.683166623115539551e-01
2.413327097892761230e-01
3.787111639976501465e-01
2.008232623338699341e-01
1.810904145240783691e-01
3.535121679306030273e-01
1.574673354625701904e-01
5.085300207138061523e-01
6.920664757490158081e-02
2.296430766582489014e-01
2.840944826602935791e-01
2.828618288040161133e-01
1.856591850519180298e-01
2.576897144317626953e-01
2.395635843276977539e-01
1.680149435997009277e-01
3.107064068317413330e-01
1.840425729751586914e-01
3.725638389587402344e-01
1.452295184135437012e-01
4.123485684394836426e-01
1.295979470014572144e-01
2.530438601970672607e-01
1.959950178861618042e-01
2.556680738925933838e-01
1.298806667327880859e-01
3.619947731494903564e-01
9.014362096786499023e-02
6.795966625213623047e-01
2.126041613519191742e-02
6.218729019165039062e-01
4.601659625768661499e-02
8.017221093177795410e-01
8.901059627532958984e-02
2.871355712413787842e-01
3.280474245548248291e-01
2.974205613136291504e-01
3.777478039264678955e-01
2.097170948982238770e-01
4.137449860572814941e-01
1.580988466739654541e-01
7.120649814605712891e-01
4.692998901009559631e-02
3.504858613014221191e-01
3.267388939857482910e-01
2.011042982339859009e-01
3.673836886882781982e-01
3.411305546760559082e-01
1.997656226158142090e-01
4.320794343948364258e-01
1.225760430097579956e-01
3.867110610008239746e-01
1.490972191095352173e-01
2.963306009769439697e-01
4.070674180984497070e-01
9.732693433761596680e-02
4.285876452922821045e-01
5.177167057991027832e-02
6.604651212692260742e-01
3.397768735885620117e-02
7.177541255950927734e-01
1.888048835098743439e-02
7.579768896102905273e-01
9.747581928968429565e-02
5.673563480377197266e-01
7.434317469596862793e-02
5.022690296173095703e-01
2.794547677040100098e-01
1.869040429592132568e-01
5.568879246711730957e-01
1.120843812823295593e-01
3.675013184547424316e-01
3.787363767623901367e-01
2.579998970031738281e-01
4.190565645694732666e-01
2.804255485534667969e-01
2.126016616821289062e-01
3.933593034744262695e-01
1.010230705142021179e-01
4.003423154354095459e-01
1.780991256237030029e-01
2.118875086307525635e-01
3.091176152229309082e-01
2.396715730428695679e-01
3.119066357612609863e-01
2.487331330776214600e-01
2.451112866401672363e-01
2.560154199600219727e-01
2.743561565876007080e-01
3.372159004211425781e-01
2.313221693038940430e-01
2.434520423412322998e-01
2.583256065845489502e-01
2.573885321617126465e-01
4.224703609943389893e-01
1.319623887538909912e-01
2.782030403614044189e-01
3.512504696846008301e-01
1.008933782577514648e-01
5.384714007377624512e-01
7.993720471858978271e-02
5.085766315460205078e-01
1.901570856571197510e-01
3.268005251884460449e-01
1.852069944143295288e-01
4.749960601329803467e-01
1.871607303619384766e-01
2.597432732582092285e-01
1.740288138389587402e-01
1.593458652496337891e-01
4.745593965053558350e-01
6.042937561869621277e-02
6.709644794464111328e-01
5.367815122008323669e-02
4.679795503616333008e-01
2.231521755456924438e-01
3.311350941658020020e-01
1.790167093276977539e-01
3.068665564060211182e-01
2.149206995964050293e-01
2.625488936901092529e-01
4.043980240821838379e-01
1.173977702856063843e-01
3.313124179840087891e-01
3.404262959957122803e-01
7.197269797325134277e-02
6.096909046173095703e-01
6.144473701715469360e-02
5.690296888351440430e-01
1.399945020675659180e-01
5.001708269119262695e-01
1.169450953602790833e-01
5.523186922073364258e-01
6.729745119810104370e-02
4.071938395500183105e-01
2.984821200370788574e-01
1.603646874427795410e-01
5.310863256454467773e-01
1.180893331766128540e-01
3.775491714477539062e-01
3.343711793422698975e-01
1.261652708053588867e-01
5.027256608009338379e-01
1.643264591693878174e-01
2.541974782943725586e-01
1.750300228595733643e-01
2.066811919212341309e-01
3.345082700252532959e-01
2.191415876150131226e-01
3.297566771507263184e-01
1.626458019018173218e-01
2.796919941902160645e-01
3.398264050483703613e-01
2.132603228092193604e-01
2.530127167701721191e-01
2.892936468124389648e-01
2.106425464153289795e-01
2.781737446784973145e-01
2.290092259645462036e-01
4.066388010978698730e-01
1.051532030105590820e-01
4.983841776847839355e-01
8.001660555601119995e-02
7.820411324501037598e-01
7.392375171184539795e-02
5.767878293991088867e-01
6.780499219894409180e-02
5.388290882110595703e-01
2.560611665248870850e-01
2.835823297500610352e-01
3.854783773422241211e-01
1.219139695167541504e-01
4.928357005119323730e-01
9.008062630891799927e-02
1.777096092700958252e-01
5.264960527420043945e-01
1.751472651958465576e-01
4.647694230079650879e-01
1.367674171924591064e-01
5.809828042984008789e-01
8.930730074644088745e-02
3.936121463775634766e-01
2.730899155139923096e-01
2.161738574504852295e-01
3.082315921783447266e-01
2.920124530792236328e-01
2.516989707946777344e-01
4.489214718341827393e-01
1.200753524899482727e-01
5.458410382270812988e-01
1.508300155401229858e-01
4.459707736968994141e-01
2.965673804283142090e-01
3.135962784290313721e-01
2.749076187610626221e-01
2.403111010789871216e-01
2.807313203811645508e-01
2.757595777511596680e-01
2.602722644805908203e-01
2.414798736572265625e-01
2.265814542770385742e-01
1.865847557783126831e-01
1.503822803497314453e-01
4.364427328109741211e-01
1.407575309276580811e-01
5.208265781402587891e-01
1.412510573863983154e-01
7.601736187934875488e-01
4.350344836711883545e-02
4.710107147693634033e-01
2.177621573209762573e-01
3.115618228912353516e-01
2.845337986946105957e-01
2.973424494266510010e-01
3.692789673805236816e-01
1.853482872247695923e-01
3.807220458984375000e-01
1.506884694099426270e-01
2.890042662620544434e-01
1.589876115322113037e-01
3.234078884124755859e-01
1.423066109418869019e-01
1.908980160951614380e-01
2.719781994819641113e-01
2.699951529502868652e-01
3.287975192070007324e-01
2.254517227411270142e-01
3.573755323886871338e-01
1.617549359798431396e-01
5.464166402816772461e-01
8.447556197643280029e-02
4.578540623188018799e-01
1.664020717144012451e-01
4.813128709793090820e-01
1.357175260782241821e-01
4.672238230705261230e-01
1.330187320709228516e-01
3.850587606430053711e-01
1.874636709690093994e-01
3.287079632282257080e-01
1.867411732673645020e-01
3.464667201042175293e-01
2.000679373741149902e-01
9.825155138969421387e-02
5.085611343383789062e-01
9.876088052988052368e-02
3.188207745552062988e-01
3.763625621795654297e-01
8.134974539279937744e-02
5.820575952529907227e-01
4.383795708417892456e-02
7.473695278167724609e-01
3.710703551769256592e-02
6.132537126541137695e-01
1.783668994903564453e-01
2.990277707576751709e-01
4.060737788677215576e-01
1.879588216543197632e-01
4.969055652618408203e-01
2.008088678121566772e-01
3.527781367301940918e-01
2.419884949922561646e-01
2.821684479713439941e-01
3.958797454833984375e-01
8.248904347419738770e-02
6.662830710411071777e-01
1.255726218223571777e-01
5.294506549835205078e-01
1.468621492385864258e-01
3.063686192035675049e-01
4.103017747402191162e-01
2.234028279781341553e-01
2.097156941890716553e-01
4.462156295776367188e-01
1.506946086883544922e-01
3.704078197479248047e-01
3.533285856246948242e-01
1.366011798381805420e-01
4.331068992614746094e-01
1.980787068605422974e-01
3.552478551864624023e-01
2.620428204536437988e-01
2.310823202133178711e-01
4.421857595443725586e-01
1.452744603157043457e-01
3.249484896659851074e-01
1.151291728019714355e-01
4.154198765754699707e-01
2.001468539237976074e-01
1.888396739959716797e-01
2.897346615791320801e-01
1.940148472785949707e-01
1.164365112781524658e-01
4.800688624382019043e-01
1.458625346422195435e-01
4.195231795310974121e-01
2.043075710535049438e-01
2.442552745342254639e-01
4.735334217548370361e-01
1.302086412906646729e-01
4.152906835079193115e-01
1.814441382884979248e-01
5.318568944931030273e-01
6.013296544551849365e-02
7.021677494049072266e-01
4.126433283090591431e-02
5.274348258972167969e-01
1.546342074871063232e-01
5.346648693084716797e-01
1.462020128965377808e-01
3.343717455863952637e-01
3.006659150123596191e-01
2.045677006244659424e-01
2.165897339582443237e-01
4.638981223106384277e-01
1.648130714893341064e-01
