6.895470619201660156e-01
6.211126446723937988e-01
4.707024693489074707e-01
4.499990940093994141e-01
5.188879966735839844e-01
6.014358997344970703e-01
5.584038496017456055e-01
5.465862751007080078e-01
6.468104124069213867e-01
6.595938205718994141e-01
5.766612291336059570e-01
6.921566128730773926e-01
7.184492349624633789e-01
7.477357387542724609e-01
7.327612638473510742e-01
5.968061685562133789e-01
7.331548333168029785e-01
6.596787571907043457e-01
8.107593059539794922e-01
6.896971464157104492e-01
7.776788473129272461e-01
7.926540374755859375e-01
8.215796947479248047e-01
6.550109982490539551e-01
7.813558578491210938e-01
6.818399429321289062e-01
7.800903320312500000e-01
8.602870106697082520e-01
7.015355229377746582e-01
7.098207473754882812e-01
8.656438589096069336e-01
8.415437936782836914e-01
8.371242284774780273e-01
8.924800157546997070e-01
7.675889730453491211e-01
7.408242225646972656e-01
8.436850905418395996e-01
9.006420969963073730e-01
8.121713399887084961e-01
6.795893311500549316e-01
8.769320249557495117e-01
9.124376773834228516e-01
8.921244144439697266e-01
8.667356967926025391e-01
8.455094695091247559e-01
6.899110078811645508e-01
8.328208923339843750e-01
8.821249008178710938e-01
8.262251615524291992e-01
7.821267843246459961e-01
8.311160802841186523e-01
9.011741876602172852e-01
8.442093133926391602e-01
8.150737285614013672e-01
8.536406755447387695e-01
6.877876520156860352e-01
7.622520327568054199e-01
8.691055774688720703e-01
7.816942334175109863e-01
7.822806239128112793e-01
7.564326524734497070e-01
8.120153546333312988e-01
5.912863612174987793e-01
7.744134068489074707e-01
8.001136779785156250e-01
7.220259904861450195e-01
7.959332466125488281e-01
7.313464283943176270e-01
7.541879415512084961e-01
6.582949161529541016e-01
7.914939522743225098e-01
4.490379691123962402e-01
8.783792853355407715e-01
4.678878784179687500e-01
7.681360244750976562e-01
6.522325873374938965e-01
5.828512310981750488e-01
7.758169174194335938e-01
4.738475978374481201e-01
7.226091623306274414e-01
5.193226337432861328e-01
6.910756826400756836e-01
5.297785997390747070e-01
7.379842996597290039e-01
5.032061338424682617e-01
7.231783866882324219e-01
3.652739524841308594e-01
7.088056802749633789e-01
6.584104895591735840e-01
6.523123383522033691e-01
7.362712621688842773e-01
4.522143304347991943e-01
6.818143725395202637e-01
2.339385598897933960e-01
7.514580488204956055e-01
5.339273214340209961e-01
7.045896053314208984e-01
5.957785248756408691e-01
6.681522130966186523e-01
5.844506025314331055e-01
7.234197854995727539e-01
4.997549653053283691e-01
7.187666296958923340e-01
6.018804907798767090e-01
6.163977384567260742e-01
5.626019239425659180e-01
6.260012388229370117e-01
6.606397628784179688e-01
6.637309193611145020e-01
5.928356647491455078e-01
6.440843343734741211e-01
5.046191215515136719e-01
7.624791860580444336e-01
6.178530454635620117e-01
7.288993000984191895e-01
5.352680683135986328e-01
5.947894454002380371e-01
5.871586799621582031e-01
7.268680334091186523e-01
5.911166667938232422e-01
6.843892335891723633e-01
5.841782093048095703e-01
6.373262405395507812e-01
7.919722795486450195e-01
6.237956881523132324e-01
7.150337696075439453e-01
3.962833285331726074e-01
6.017146110534667969e-01
6.326044797897338867e-01
6.418249607086181641e-01
7.710682153701782227e-01
5.194205045700073242e-01
6.668446063995361328e-01
5.745490789413452148e-01
7.448941469192504883e-01
6.810430288314819336e-01
6.628474593162536621e-01
6.404575109481811523e-01
5.756472349166870117e-01
6.279327273368835449e-01
6.999140977859497070e-01
6.130689382553100586e-01
6.476622819900512695e-01
5.388731956481933594e-01
7.174510955810546875e-01
5.305929183959960938e-01
7.209275960922241211e-01
7.607617378234863281e-01
4.968260526657104492e-01
6.207007169723510742e-01
6.441853642463684082e-01
6.796037554740905762e-01
7.120471000671386719e-01
6.646448373794555664e-01
6.951282024383544922e-01
5.974873304367065430e-01
7.118552923202514648e-01
5.155282616615295410e-01
6.097876429557800293e-01
5.252464413642883301e-01
8.318622708320617676e-01
4.498905837535858154e-01
7.081758975982666016e-01
6.704109907150268555e-01
6.772391200065612793e-01
6.419808864593505859e-01
7.598302960395812988e-01
5.202498435974121094e-01
8.400192856788635254e-01
6.193522810935974121e-01
7.082145214080810547e-01
6.628004908561706543e-01
6.319476366043090820e-01
6.987085938453674316e-01
5.722048878669738770e-01
8.065680265426635742e-01
4.508017301559448242e-01
7.263615131378173828e-01
6.606819629669189453e-01
6.561588048934936523e-01
7.769824266433715820e-01
7.630050182342529297e-01
6.152387857437133789e-01
8.380953073501586914e-01
4.079807400703430176e-01
7.881039977073669434e-01
5.633056163787841797e-01
8.238443136215209961e-01
7.856732606887817383e-01
7.656646966934204102e-01
7.458570003509521484e-01
6.422235965728759766e-01
8.181098699569702148e-01
7.323285341262817383e-01
6.837723255157470703e-01
8.346781134605407715e-01
7.767465710639953613e-01
7.937408089637756348e-01
8.046360611915588379e-01
6.159343719482421875e-01
7.974779605865478516e-01
7.706413269042968750e-01
7.840205430984497070e-01
7.010180950164794922e-01
7.080125808715820312e-01
7.617174386978149414e-01
7.449739575386047363e-01
7.486745119094848633e-01
8.340133428573608398e-01
8.136102557182312012e-01
7.536916732788085938e-01
8.405883312225341797e-01
7.559127807617187500e-01
8.771162033081054688e-01
8.130015730857849121e-01
8.122394680976867676e-01
7.804927825927734375e-01
7.750489711761474609e-01
8.803511857986450195e-01
8.040704131126403809e-01
7.680523395538330078e-01
8.798201084136962891e-01
7.848946452140808105e-01
8.513602018356323242e-01
9.163355827331542969e-01
7.622678875923156738e-01
8.598889112472534180e-01
8.621280193328857422e-01
8.475155830383300781e-01
7.726389765739440918e-01
8.503750562667846680e-01
7.994696497917175293e-01
8.890115618705749512e-01
6.214901208877563477e-01
8.821396231651306152e-01
3.071755468845367432e-01
8.876163959503173828e-01
9.072558879852294922e-01
9.008369445800781250e-01
7.841454744338989258e-01
7.021905779838562012e-01
7.920811176300048828e-01
8.067851662635803223e-01
8.847922682762145996e-01
7.992553710937500000e-01
8.483467102050781250e-01
6.997085809707641602e-01
8.484898805618286133e-01
7.979646921157836914e-01
8.258488178253173828e-01
8.481016755104064941e-01
8.645893335342407227e-01
8.443873524665832520e-01
8.143858909606933594e-01
8.710936307907104492e-01
8.734893798828125000e-01
9.027552008628845215e-01
6.744771003723144531e-01
8.763101100921630859e-01
9.230756759643554688e-01
8.832010030746459961e-01
8.973038196563720703e-01
8.932350873947143555e-01
8.390657901763916016e-01
8.361986279487609863e-01
9.033612608909606934e-01
8.624418377876281738e-01
8.197511434555053711e-01
8.938487172126770020e-01
9.027508497238159180e-01
8.278895020484924316e-01
8.630726337432861328e-01
7.786788940429687500e-01
8.113477230072021484e-01
3.631288409233093262e-01
9.640734195709228516e-01
7.957540154457092285e-01
7.476527690887451172e-01
7.441816329956054688e-01
7.591476440429687500e-01
7.094365954399108887e-01
7.400257587432861328e-01
4.846460819244384766e-01
7.989118099212646484e-01
2.988956272602081299e-01
8.537355661392211914e-01
4.609017670154571533e-01
7.449257969856262207e-01
6.957321166992187500e-01
5.673434138298034668e-01
7.394582033157348633e-01
5.684028267860412598e-01
8.760300874710083008e-01
6.252704262733459473e-01
8.013104200363159180e-01
7.866901159286499023e-01
8.049672842025756836e-01
8.184103965759277344e-01
8.208205103874206543e-01
8.567637205123901367e-01
7.049649953842163086e-01
8.767710924148559570e-01
5.102615356445312500e-01
8.492156267166137695e-01
8.255485296249389648e-01
7.963686585426330566e-01
8.999487161636352539e-01
7.988370656967163086e-01
8.094614744186401367e-01
6.845345497131347656e-01
8.438385128974914551e-01
6.932146549224853516e-01
8.835902214050292969e-01
5.349659919738769531e-01
8.342322111129760742e-01
9.018619060516357422e-01
7.483980059623718262e-01
8.475191593170166016e-01
8.465490341186523438e-01
9.011858105659484863e-01
6.123031377792358398e-01
8.561950922012329102e-01
6.033660173416137695e-01
7.773723602294921875e-01
7.715022563934326172e-01
5.272427201271057129e-01
7.654306888580322266e-01
5.456484556198120117e-01
5.657532811164855957e-01
5.759413838386535645e-01
6.176989078521728516e-01
7.286988496780395508e-01
6.933878660202026367e-01
5.586612820625305176e-01
7.317243218421936035e-01
5.388467311859130859e-01
6.484117507934570312e-01
5.785766243934631348e-01
5.782433748245239258e-01
6.346631050109863281e-01
6.820945739746093750e-01
5.933343768119812012e-01
7.805591821670532227e-01
5.173623561859130859e-01
8.109302520751953125e-01
4.097097516059875488e-01
8.939697742462158203e-01
4.395301043987274170e-01
7.953117489814758301e-01
6.383783817291259766e-01
6.922177076339721680e-01
6.597875356674194336e-01
7.252031564712524414e-01
7.462350130081176758e-01
6.330603361129760742e-01
7.688692808151245117e-01
6.236250400543212891e-01
7.180379629135131836e-01
6.246399879455566406e-01
7.592087388038635254e-01
4.551662504673004150e-01
7.633230686187744141e-01
4.772106409072875977e-01
7.622343301773071289e-01
4.900877177715301514e-01
8.105385303497314453e-01
6.209354400634765625e-01
7.442249655723571777e-01
7.442913055419921875e-01
5.548273324966430664e-01
8.334180712699890137e-01
3.363885283470153809e-01
8.335126042366027832e-01
5.489934086799621582e-01
7.486383914947509766e-01
5.482918620109558105e-01
7.495732307434082031e-01
6.677517294883728027e-01
5.984482169151306152e-01
4.813257753849029541e-01
7.075774669647216797e-01
4.197229444980621338e-01
8.237527012825012207e-01
7.007380723953247070e-01
6.402184367179870605e-01
7.106783986091613770e-01
5.139518976211547852e-01
7.725463509559631348e-01
2.771274447441101074e-01
8.715403079986572266e-01
4.722644984722137451e-01
6.605165004730224609e-01
6.329594254493713379e-01
6.619376540184020996e-01
6.521023511886596680e-01
7.662382125854492188e-01
3.984974622726440430e-01
8.687530755996704102e-01
5.764372944831848145e-01
5.970731377601623535e-01
6.225064396858215332e-01
6.860611438751220703e-01
5.359961986541748047e-01
7.536774873733520508e-01
5.165755748748779297e-01
8.057452440261840820e-01
4.948387145996093750e-01
6.213142871856689453e-01
4.760982394218444824e-01
7.420548200607299805e-01
5.474909543991088867e-01
5.502669811248779297e-01
5.245099067687988281e-01
5.042831897735595703e-01
5.805857181549072266e-01
6.734843254089355469e-01
6.781011819839477539e-01
7.031586170196533203e-01
7.647906541824340820e-01
6.182333230972290039e-01
7.912622690200805664e-01
3.262110352516174316e-01
8.490067124366760254e-01
5.471355915069580078e-01
6.841893792152404785e-01
2.888402342796325684e-01
8.670461177825927734e-01
7.279802560806274414e-01
7.767536640167236328e-01
7.087655663490295410e-01
5.847855210304260254e-01
7.809916734695434570e-01
2.458942532539367676e-01
8.563491106033325195e-01
7.101521492004394531e-01
7.370319366455078125e-01
7.614246606826782227e-01
6.157241463661193848e-01
7.073467969894409180e-01
6.544882059097290039e-01
7.053840160369873047e-01
5.689702033996582031e-01
6.082637310028076172e-01
6.143447160720825195e-01
8.194811344146728516e-01
7.848666310310363770e-01
7.359181642532348633e-01
5.958820581436157227e-01
5.598506927490234375e-01
6.153411865234375000e-01
5.359998941421508789e-01
6.796455979347229004e-01
6.273376345634460449e-01
6.825445294380187988e-01
6.779867410659790039e-01
3.797817230224609375e-01
9.016517400741577148e-01
3.198781311511993408e-01
6.905475854873657227e-01
7.156805992126464844e-01
6.604715585708618164e-01
7.547615766525268555e-01
6.215451955795288086e-01
8.725446462631225586e-01
6.029558181762695312e-01
8.404707312583923340e-01
5.152124166488647461e-01
8.221769332885742188e-01
8.749161958694458008e-01
4.731482863426208496e-01
7.711378931999206543e-01
8.628581762313842773e-01
5.048301219940185547e-01
7.046436071395874023e-01
5.124310851097106934e-01
7.741693854331970215e-01
6.248151063919067383e-01
7.279481887817382812e-01
8.050035238265991211e-01
6.621236801147460938e-01
5.266331434249877930e-01
5.429725646972656250e-01
5.583816766738891602e-01
6.977505087852478027e-01
4.922201037406921387e-01
7.005672454833984375e-01
3.960840404033660889e-01
8.261437416076660156e-01
2.569585442543029785e-01
7.624145746231079102e-01
6.943800449371337891e-01
6.509622931480407715e-01
5.649160742759704590e-01
6.756231188774108887e-01
5.608689785003662109e-01
7.250185012817382812e-01
6.158920526504516602e-01
7.299984693527221680e-01
7.430887222290039062e-01
5.736017227172851562e-01
6.527351140975952148e-01
7.343499064445495605e-01
6.069175004959106445e-01
8.099733591079711914e-01
6.063755750656127930e-01
7.430850267410278320e-01
7.370576858520507812e-01
6.635781526565551758e-01
6.913786530494689941e-01
6.790362596511840820e-01
5.536211729049682617e-01
8.348650932312011719e-01
3.556530773639678955e-01
8.111698627471923828e-01
6.447570919990539551e-01
8.664473891258239746e-01
3.910770416259765625e-01
7.295320034027099609e-01
5.477514266967773438e-01
6.507519483566284180e-01
6.490274071693420410e-01
6.938908696174621582e-01
7.422096133232116699e-01
7.192673683166503906e-01
6.332536935806274414e-01
6.924643516540527344e-01
6.638285517692565918e-01
6.788332462310791016e-01
7.297458648681640625e-01
6.362521648406982422e-01
7.295448780059814453e-01
5.793590545654296875e-01
7.372531890869140625e-01
5.851244330406188965e-01
7.256159186363220215e-01
7.077853679656982422e-01
5.969183444976806641e-01
7.255715727806091309e-01
6.146217584609985352e-01
6.816653609275817871e-01
7.010092735290527344e-01
6.611901521682739258e-01
6.845597624778747559e-01
4.416484832763671875e-01
6.828188896179199219e-01
4.463347196578979492e-01
7.940596342086791992e-01
5.313541889190673828e-01
6.617406606674194336e-01
7.564100027084350586e-01
6.125290393829345703e-01
6.773024201393127441e-01
6.746904850006103516e-01
6.549398899078369141e-01
6.660503149032592773e-01
7.255824804306030273e-01
7.080901861190795898e-01
7.287617921829223633e-01
7.001479864120483398e-01
7.376551032066345215e-01
6.543195247650146484e-01
7.042101025581359863e-01
6.648918986320495605e-01
7.633622884750366211e-01
6.587243676185607910e-01
8.193945884704589844e-01
4.890522360801696777e-01
8.185939788818359375e-01
4.173223674297332764e-01
7.579370737075805664e-01
7.110664844512939453e-01
5.705263018608093262e-01
8.476120233535766602e-01
6.836721897125244141e-01
5.978618860244750977e-01
8.172107338905334473e-01
5.309953093528747559e-01
7.735003232955932617e-01
6.004633903503417969e-01
7.306255102157592773e-01
7.600340843200683594e-01
5.456491708755493164e-01
7.986479401588439941e-01
5.263562202453613281e-01
7.438632249832153320e-01
5.881317257881164551e-01
7.184574604034423828e-01
7.014366388320922852e-01
7.365903854370117188e-01
7.445585131645202637e-01
6.084042787551879883e-01
7.239937782287597656e-01
5.710834264755249023e-01
7.374701499938964844e-01
5.964062213897705078e-01
7.994315028190612793e-01
5.682201385498046875e-01
7.728803753852844238e-01
6.382941603660583496e-01
6.480662822723388672e-01
8.200917243957519531e-01
4.186890423297882080e-01
7.912890911102294922e-01
5.968139767646789551e-01
6.868118047714233398e-01
8.446781635284423828e-01
6.861552000045776367e-01
6.223410367965698242e-01
7.974261641502380371e-01
3.898600339889526367e-01
7.595853805541992188e-01
7.454342842102050781e-01
6.860191822052001953e-01
7.424964904785156250e-01
7.954320311546325684e-01
6.683625578880310059e-01
7.445558905601501465e-01
6.181931495666503906e-01
6.823768615722656250e-01
7.105280160903930664e-01
4.800037443637847900e-01
8.405286669731140137e-01
2.470129877328872681e-01
8.444406986236572266e-01
5.346292853355407715e-01
8.209842443466186523e-01
6.775437593460083008e-01
6.984917521476745605e-01
7.262169122695922852e-01
6.696686744689941406e-01
7.629451751708984375e-01
5.494117140769958496e-01
8.037768006324768066e-01
4.166193008422851562e-01
8.212239742279052734e-01
5.651693940162658691e-01
6.899067163467407227e-01
6.445327997207641602e-01
6.237047910690307617e-01
7.042894363403320312e-01
7.289054393768310547e-01
6.998676657676696777e-01
7.439273595809936523e-01
6.935691833496093750e-01
6.392488479614257812e-01
6.971957683563232422e-01
5.203158855438232422e-01
7.482962608337402344e-01
5.284091234207153320e-01
7.861747145652770996e-01
7.471924424171447754e-01
7.722756266593933105e-01
6.920223236083984375e-01
6.915483474731445312e-01
3.526593744754791260e-01
9.200855493545532227e-01
4.978075325489044189e-01
8.757802844047546387e-01
8.184214830398559570e-01
5.345251560211181641e-01
7.109743952751159668e-01
4.553112387657165527e-01
7.636611461639404297e-01
8.057452440261840820e-01
6.197303533554077148e-01
8.078027367591857910e-01
6.544778347015380859e-01
7.111682891845703125e-01
6.820164918899536133e-01
7.132072448730468750e-01
7.713468074798583984e-01
6.215904355049133301e-01
8.460452556610107422e-01
3.907620906829833984e-01
8.867958784103393555e-01
5.021336078643798828e-01
7.151430845260620117e-01
7.875524759292602539e-01
6.250055432319641113e-01
7.451287508010864258e-01
6.350054144859313965e-01
7.058457136154174805e-01
4.945908486843109131e-01
8.084646463394165039e-01
5.470083951950073242e-01
7.541657686233520508e-01
7.520683407783508301e-01
6.035703420639038086e-01
7.669999599456787109e-01
6.555599570274353027e-01
7.818965911865234375e-01
6.307776570320129395e-01
8.098520040512084961e-01
4.260957241058349609e-01
8.833029270172119141e-01
4.282752275466918945e-01
7.315298318862915039e-01
5.496134757995605469e-01
6.912585496902465820e-01
6.943906545639038086e-01
6.385707855224609375e-01
4.318331778049468994e-01
7.985315918922424316e-01
5.705565214157104492e-01
7.266770005226135254e-01
6.057742834091186523e-01
4.831952750682830811e-01
8.755613565444946289e-01
6.277116537094116211e-01
6.200387477874755859e-01
8.821101784706115723e-01
4.170722067356109619e-01
6.724380850791931152e-01
8.505762815475463867e-01
5.261205434799194336e-01
8.494603633880615234e-01
6.476551890373229980e-01
7.174757122993469238e-01
7.326000928878784180e-01
4.608142673969268799e-01
6.998705267906188965e-01
6.267013549804687500e-01
7.098017930984497070e-01
7.365016937255859375e-01
6.397097706794738770e-01
5.941785573959350586e-01
6.863453388214111328e-01
5.312759876251220703e-01
8.339241743087768555e-01
5.086537599563598633e-01
6.953943371772766113e-01
7.537331581115722656e-01
3.630390763282775879e-01
7.874696850776672363e-01
4.800240397453308105e-01
7.949646711349487305e-01
5.837236642837524414e-01
6.622911691665649414e-01
7.686794996261596680e-01
6.309854984283447266e-01
7.486523389816284180e-01
3.998104929924011230e-01
7.734268307685852051e-01
4.083299040794372559e-01
7.810285091400146484e-01
5.967704653739929199e-01
5.295077562332153320e-01
5.984711647033691406e-01
6.068505048751831055e-01
7.094490528106689453e-01
7.380028963088989258e-01
5.433198213577270508e-01
8.004783987998962402e-01
3.738594651222229004e-01
7.460520863533020020e-01
5.960533022880554199e-01
5.754076242446899414e-01
6.817158460617065430e-01
5.684530735015869141e-01
5.780158042907714844e-01
5.138604640960693359e-01
6.721679568290710449e-01
6.295684576034545898e-01
6.285353899002075195e-01
8.063347339630126953e-01
5.913640856742858887e-01
6.488904953002929688e-01
6.872946023941040039e-01
6.678967475891113281e-01
7.200141549110412598e-01
7.260264158248901367e-01
6.338932514190673828e-01
6.572751998901367188e-01
6.435627937316894531e-01
7.017593383789062500e-01
5.667752027511596680e-01
6.697896718978881836e-01
5.048186779022216797e-01
7.485250234603881836e-01
4.941781163215637207e-01
7.838351130485534668e-01
5.699551105499267578e-01
7.910939455032348633e-01
7.362264990806579590e-01
4.771795570850372314e-01
7.109763622283935547e-01
4.720642268657684326e-01
8.231935501098632812e-01
5.815137624740600586e-01
7.064340710639953613e-01
5.126909017562866211e-01
6.773446798324584961e-01
6.659972667694091797e-01
7.178202867507934570e-01
6.685305833816528320e-01
6.535213589668273926e-01
7.042121887207031250e-01
5.945088863372802734e-01
6.261208057403564453e-01
7.070324420928955078e-01
6.066471338272094727e-01
6.422045230865478516e-01
5.141551494598388672e-01
7.551310062408447266e-01
4.136524200439453125e-01
8.299000859260559082e-01
5.760431289672851562e-01
7.664971351623535156e-01
6.296724677085876465e-01
7.577300667762756348e-01
5.309860706329345703e-01
7.888733148574829102e-01
6.175600886344909668e-01
7.554532289505004883e-01
7.838541269302368164e-01
5.094155073165893555e-01
8.168551921844482422e-01
5.747047066688537598e-01
6.868996620178222656e-01
5.952907204627990723e-01
6.360212564468383789e-01
6.168082356452941895e-01
7.197474241256713867e-01
5.255988836288452148e-01
7.478535175323486328e-01
6.375271677970886230e-01
7.231238484382629395e-01
5.542373657226562500e-01
7.400587797164916992e-01
4.714454114437103271e-01
7.263379693031311035e-01
6.074995994567871094e-01
7.279010415077209473e-01
5.287401080131530762e-01
7.006814479827880859e-01
5.366815328598022461e-01
7.029626965522766113e-01
5.749780535697937012e-01
6.556214094161987305e-01
4.069468975067138672e-01
7.766770124435424805e-01
5.726029872894287109e-01
7.093132734298706055e-01
4.848885834217071533e-01
7.261300086975097656e-01
6.314707994461059570e-01
6.189016103744506836e-01
7.513912916183471680e-01
6.309573650360107422e-01
6.569049954414367676e-01
5.893491506576538086e-01
7.436392307281494141e-01
5.704712867736816406e-01
7.718446254730224609e-01
6.471758484840393066e-01
5.920270085334777832e-01
7.409060597419738770e-01
4.392113089561462402e-01
7.195081710815429688e-01
5.072632431983947754e-01
6.440050601959228516e-01
5.846689343452453613e-01
6.675193905830383301e-01
5.072524547576904297e-01
7.078993916511535645e-01
7.239687442779541016e-01
6.994441747665405273e-01
7.097079753875732422e-01
6.261551380157470703e-01
7.645203471183776855e-01
5.664135217666625977e-01
7.038205862045288086e-01
7.091413736343383789e-01
6.815909147262573242e-01
6.568164825439453125e-01
6.263676881790161133e-01
7.230177521705627441e-01
7.167155146598815918e-01
7.865965366363525391e-01
6.874840259552001953e-01
7.021340131759643555e-01
5.232539176940917969e-01
6.187447309494018555e-01
6.576999425888061523e-01
5.487942099571228027e-01
6.605244278907775879e-01
6.881067752838134766e-01
5.639991760253906250e-01
7.895187139511108398e-01
5.420061349868774414e-01
7.575865983963012695e-01
6.277570724487304688e-01
6.858084797859191895e-01
5.817918181419372559e-01
6.709685921669006348e-01
5.367244482040405273e-01
7.525504827499389648e-01
5.925505161285400391e-01
6.900802254676818848e-01
5.501246452331542969e-01
6.989281177520751953e-01
4.001861810684204102e-01
7.662001848220825195e-01
4.229607880115509033e-01
7.499213218688964844e-01
6.823829412460327148e-01
5.678271055221557617e-01
7.314320206642150879e-01
5.505587458610534668e-01
7.370033264160156250e-01
5.892436504364013672e-01
6.752990484237670898e-01
6.104933023452758789e-01
6.261337995529174805e-01
7.002381682395935059e-01
5.702933073043823242e-01
6.201605796813964844e-01
6.280399560928344727e-01
5.745660066604614258e-01
6.683696508407592773e-01
5.726479887962341309e-01
7.144629359245300293e-01
5.967690348625183105e-01
7.935214042663574219e-01
4.693694114685058594e-01
8.153567314147949219e-01
5.355105400085449219e-01
7.625679373741149902e-01
5.249084234237670898e-01
8.114858865737915039e-01
6.609979867935180664e-01
5.549237728118896484e-01
6.566915512084960938e-01
5.515462160110473633e-01
7.721398472785949707e-01
4.579063653945922852e-01
8.036524653434753418e-01
5.657031536102294922e-01
5.547127723693847656e-01
7.370911836624145508e-01
6.240621805191040039e-01
6.011996269226074219e-01
7.188686132431030273e-01
5.992935299873352051e-01
7.758609056472778320e-01
5.487943887710571289e-01
6.679977774620056152e-01
5.053282380104064941e-01
6.527240276336669922e-01
4.007712304592132568e-01
8.560721278190612793e-01
4.977827072143554688e-01
8.604466915130615234e-01
4.807841181755065918e-01
8.159325122833251953e-01
5.122210979461669922e-01
7.611389756202697754e-01
6.423696279525756836e-01
6.165284514427185059e-01
7.192804217338562012e-01
4.975661337375640869e-01
6.736950874328613281e-01
6.108482480049133301e-01
5.900938510894775391e-01
8.519560694694519043e-01
6.351139545440673828e-01
7.965787053108215332e-01
6.378943920135498047e-01
7.483632564544677734e-01
5.165563821792602539e-01
6.731219291687011719e-01
7.071486711502075195e-01
5.991268157958984375e-01
6.504414081573486328e-01
7.852529883384704590e-01
4.207337498664855957e-01
8.769007921218872070e-01
5.360514521598815918e-01
7.699692249298095703e-01
7.261223793029785156e-01
5.979752540588378906e-01
7.302508950233459473e-01
5.505881309509277344e-01
7.102784514427185059e-01
7.349186539649963379e-01
6.102475523948669434e-01
6.559845209121704102e-01
7.977732419967651367e-01
3.665599822998046875e-01
7.602757215499877930e-01
7.107200622558593750e-01
6.099571585655212402e-01
6.578178405761718750e-01
5.316686630249023438e-01
7.593519091606140137e-01
4.346932172775268555e-01
7.525410652160644531e-01
5.683066844940185547e-01
5.813115239143371582e-01
7.550780773162841797e-01
6.891453266143798828e-01
6.906045079231262207e-01
7.400063872337341309e-01
5.030784606933593750e-01
7.130402326583862305e-01
5.112469196319580078e-01
7.559969425201416016e-01
5.999259948730468750e-01
6.231675148010253906e-01
6.473382115364074707e-01
3.763082027435302734e-01
7.475612163543701172e-01
5.245571732521057129e-01
8.343755602836608887e-01
5.317310690879821777e-01
7.052453756332397461e-01
6.447502970695495605e-01
6.408616304397583008e-01
6.930086016654968262e-01
5.019232034683227539e-01
8.462499976158142090e-01
5.117271542549133301e-01
7.754912376403808594e-01
7.163513302803039551e-01
6.004146337509155273e-01
7.528597712516784668e-01
5.840085148811340332e-01
7.196732759475708008e-01
7.681536674499511719e-01
7.388833761215209961e-01
6.423977613449096680e-01
6.754193305969238281e-01
6.651851534843444824e-01
7.249100208282470703e-01
7.196818590164184570e-01
7.401127815246582031e-01
7.603894472122192383e-01
6.473236680030822754e-01
7.299097776412963867e-01
5.713875889778137207e-01
7.242960929870605469e-01
6.854034662246704102e-01
6.104832887649536133e-01
7.122251987457275391e-01
6.556259393692016602e-01
7.626822590827941895e-01
5.126380920410156250e-01
7.699290513992309570e-01
5.363861322402954102e-01
7.963147163391113281e-01
4.788382351398468018e-01
7.261874675750732422e-01
6.636418104171752930e-01
6.217985153198242188e-01
8.014711737632751465e-01
6.079162359237670898e-01
7.347509264945983887e-01
6.888610124588012695e-01
7.695004940032958984e-01
7.117685079574584961e-01
7.729035019874572754e-01
6.818006038665771484e-01
6.739406585693359375e-01
7.530123591423034668e-01
6.926822662353515625e-01
7.554039955139160156e-01
7.334505319595336914e-01
7.905969619750976562e-01
5.516921281814575195e-01
7.918642759323120117e-01
6.549379229545593262e-01
8.087568283081054688e-01
8.872584104537963867e-01
6.279333829879760742e-01
8.643840551376342773e-01
5.892791748046875000e-01
8.375595808029174805e-01
2.716246247291564941e-01
9.032031297683715820e-01
3.865080475807189941e-01
7.781444787979125977e-01
6.420052051544189453e-01
5.753877162933349609e-01
6.579511761665344238e-01
5.731946229934692383e-01
4.563689529895782471e-01
8.007813096046447754e-01
3.325274884700775146e-01
8.532425165176391602e-01
5.167912840843200684e-01
5.804743766784667969e-01
6.950806379318237305e-01
6.586854457855224609e-01
7.090482115745544434e-01
6.299130916595458984e-01
6.329069733619689941e-01
6.850627660751342773e-01
5.767279863357543945e-01
6.358587741851806641e-01
6.490392088890075684e-01
6.477823257446289062e-01
7.234813570976257324e-01
5.164991021156311035e-01
6.775214076042175293e-01
5.036804676055908203e-01
6.406248807907104492e-01
7.493251562118530273e-01
7.084327936172485352e-01
7.840263843536376953e-01
6.698936223983764648e-01
7.663161754608154297e-01
5.102897882461547852e-01
8.213312625885009766e-01
4.714302420616149902e-01
7.411042451858520508e-01
6.556813716888427734e-01
6.691851615905761719e-01
6.795513629913330078e-01
5.259096622467041016e-01
7.669379115104675293e-01
5.504467487335205078e-01
7.426983118057250977e-01
6.363801956176757812e-01
7.327125072479248047e-01
6.854515671730041504e-01
7.287925481796264648e-01
5.952755212783813477e-01
6.845753192901611328e-01
4.305936694145202637e-01
8.501247763633728027e-01
3.895261287689208984e-01
7.745944261550903320e-01
6.601841449737548828e-01
7.457574605941772461e-01
6.372008323669433594e-01
5.775213241577148438e-01
6.953796148300170898e-01
5.117288827896118164e-01
7.886654138565063477e-01
6.362005472183227539e-01
7.184916734695434570e-01
5.062226057052612305e-01
7.945609092712402344e-01
4.539906382560729980e-01
7.894585132598876953e-01
7.724626064300537109e-01
6.820746064186096191e-01
8.453877568244934082e-01
6.816361546516418457e-01
6.897345781326293945e-01
6.024729013442993164e-01
6.709520816802978516e-01
5.387309789657592773e-01
7.815092802047729492e-01
6.790365576744079590e-01
8.066976070404052734e-01
7.275033593177795410e-01
7.010297775268554688e-01
6.769497394561767578e-01
8.129037022590637207e-01
6.072772145271301270e-01
7.671073675155639648e-01
6.320084929466247559e-01
6.483992338180541992e-01
6.851075887680053711e-01
7.842049002647399902e-01
5.629559755325317383e-01
7.437024116516113281e-01
6.179040670394897461e-01
7.784410715103149414e-01
5.699082016944885254e-01
7.784954309463500977e-01
6.895190477371215820e-01
7.004395723342895508e-01
6.086471080780029297e-01
8.292534351348876953e-01
5.501565933227539062e-01
7.478176355361938477e-01
7.491526603698730469e-01
7.398875355720520020e-01
6.382537484169006348e-01
7.246060371398925781e-01
5.123660564422607422e-01
7.541668415069580078e-01
7.162860631942749023e-01
6.648802757263183594e-01
8.400062322616577148e-01
6.346703767776489258e-01
7.994441986083984375e-01
6.934680938720703125e-01
7.574954032897949219e-01
7.692323923110961914e-01
5.375843048095703125e-01
7.473508715629577637e-01
5.128757953643798828e-01
8.304063081741333008e-01
6.925205588340759277e-01
7.401396632194519043e-01
7.527827024459838867e-01
8.002945184707641602e-01
6.151127815246582031e-01
7.879285812377929688e-01
5.312978029251098633e-01
7.313607335090637207e-01
6.944094896316528320e-01
7.358283400535583496e-01
7.604972124099731445e-01
7.632164955139160156e-01
4.468345344066619873e-01
8.305996060371398926e-01
5.514001846313476562e-01
7.401289939880371094e-01
2.072789967060089111e-01
9.647112488746643066e-01
4.013825058937072754e-01
7.363318204879760742e-01
7.514234781265258789e-01
4.557440280914306641e-01
7.899243235588073730e-01
5.863722562789916992e-01
7.209919691085815430e-01
6.259514689445495605e-01
7.414863705635070801e-01
6.613440513610839844e-01
8.227229118347167969e-01
6.326921582221984863e-01
7.822042107582092285e-01
6.992641687393188477e-01
8.272579908370971680e-01
6.311210393905639648e-01
7.490124106407165527e-01
7.255697846412658691e-01
7.488757371902465820e-01
6.644887328147888184e-01
7.782790660858154297e-01
6.451537609100341797e-01
8.320996165275573730e-01
6.536393165588378906e-01
6.352308392524719238e-01
6.784045696258544922e-01
7.001006007194519043e-01
6.383235454559326172e-01
7.315238714218139648e-01
5.215540528297424316e-01
7.043464779853820801e-01
6.133956313133239746e-01
8.375993967056274414e-01
5.934072136878967285e-01
7.303308248519897461e-01
5.654053688049316406e-01
7.494797706604003906e-01
6.148511171340942383e-01
7.074724435806274414e-01
8.394151329994201660e-01
6.019855737686157227e-01
7.340915799140930176e-01
6.774551868438720703e-01
6.779477596282958984e-01
6.163926720619201660e-01
7.486154437065124512e-01
5.651170015335083008e-01
7.389617562294006348e-01
7.721215486526489258e-01
7.940779924392700195e-01
6.672488451004028320e-01
7.774811983108520508e-01
5.904872417449951172e-01
8.050447106361389160e-01
3.217873871326446533e-01
8.662782907485961914e-01
3.537274897098541260e-01
7.181773185729980469e-01
7.366170883178710938e-01
7.086485624313354492e-01
8.400022387504577637e-01
7.814642190933227539e-01
7.993321418762207031e-01
6.482460498809814453e-01
7.543509006500244141e-01
6.947542428970336914e-01
8.417030572891235352e-01
6.822035908699035645e-01
8.166127800941467285e-01
4.361763894557952881e-01
8.254626989364624023e-01
7.020616531372070312e-01
8.056976199150085449e-01
6.465348005294799805e-01
7.429999709129333496e-01
7.100356221199035645e-01
6.110082268714904785e-01
7.356374263763427734e-01
5.363149642944335938e-01
7.079933285713195801e-01
6.285266876220703125e-01
8.105695843696594238e-01
6.370946168899536133e-01
8.134608268737792969e-01
6.164010167121887207e-01
6.977545022964477539e-01
4.730044901371002197e-01
8.230464458465576172e-01
5.302770137786865234e-01
7.672052383422851562e-01
4.884078502655029297e-01
8.472279310226440430e-01
3.795776963233947754e-01
9.070483446121215820e-01
5.626603960990905762e-01
8.029237985610961914e-01
7.179108858108520508e-01
5.691101551055908203e-01
7.814207077026367188e-01
5.628563761711120605e-01
6.377793550491333008e-01
7.368217110633850098e-01
5.260284543037414551e-01
7.721647024154663086e-01
7.703540325164794922e-01
6.427803039550781250e-01
6.454007625579833984e-01
7.516983747482299805e-01
5.929564833641052246e-01
7.704299688339233398e-01
5.033586025238037109e-01
7.717475891113281250e-01
5.131005644798278809e-01
7.115668654441833496e-01
5.724732875823974609e-01
7.453926801681518555e-01
6.324993371963500977e-01
8.027122020721435547e-01
6.109979152679443359e-01
6.996568441390991211e-01
5.843504071235656738e-01
7.905911207199096680e-01
4.480630457401275635e-01
8.684481978416442871e-01
5.027310848236083984e-01
8.159868717193603516e-01
7.656304240226745605e-01
6.447383165359497070e-01
8.596220016479492188e-01
4.906337261199951172e-01
7.691795825958251953e-01
5.698996186256408691e-01
8.034098148345947266e-01
6.092613339424133301e-01
6.838624477386474609e-01
6.116190552711486816e-01
6.619680523872375488e-01
5.949795246124267578e-01
7.339743375778198242e-01
7.227199673652648926e-01
7.245305776596069336e-01
6.700185537338256836e-01
7.591591477394104004e-01
3.992576301097869873e-01
9.327452182769775391e-01
4.678030312061309814e-01
7.023367285728454590e-01
5.958026647567749023e-01
7.107856273651123047e-01
7.598867416381835938e-01
6.281411051750183105e-01
7.497426271438598633e-01
5.271056890487670898e-01
8.389035463333129883e-01
3.462724089622497559e-01
8.378754854202270508e-01
3.249731063842773438e-01
8.024020195007324219e-01
6.821863651275634766e-01
4.894896149635314941e-01
7.741158008575439453e-01
4.260199666023254395e-01
7.169278264045715332e-01
7.281798124313354492e-01
6.465579271316528320e-01
7.534253001213073730e-01
6.744225621223449707e-01
7.119398117065429688e-01
6.530145406723022461e-01
6.789617538452148438e-01
5.711398124694824219e-01
6.863628625869750977e-01
7.370514869689941406e-01
5.233693122863769531e-01
7.267743349075317383e-01
6.143268346786499023e-01
6.416894197463989258e-01
7.063601016998291016e-01
6.659387350082397461e-01
7.675030231475830078e-01
6.751302480697631836e-01
7.618569135665893555e-01
7.133994102478027344e-01
5.456749200820922852e-01
6.897296905517578125e-01
6.003917455673217773e-01
7.310929298400878906e-01
6.155587434768676758e-01
7.382509708404541016e-01
5.851428508758544922e-01
7.524317502975463867e-01
6.165353059768676758e-01
6.906232833862304688e-01
7.800362706184387207e-01
6.650588512420654297e-01
7.229668498039245605e-01
6.727967262268066406e-01
7.608817219734191895e-01
6.901488304138183594e-01
6.099802255630493164e-01
7.688395977020263672e-01
7.240749597549438477e-01
6.876310110092163086e-01
6.417486071586608887e-01
6.803991198539733887e-01
6.963146924972534180e-01
6.333308815956115723e-01
7.375946044921875000e-01
6.787326931953430176e-01
6.450080275535583496e-01
7.412118315696716309e-01
7.765861749649047852e-01
7.016931772232055664e-01
7.249346971511840820e-01
6.007014513015747070e-01
7.398600578308105469e-01
6.354445219039916992e-01
6.599497795104980469e-01
7.143999338150024414e-01
6.493378877639770508e-01
7.649557590484619141e-01
7.644381523132324219e-01
5.646927356719970703e-01
7.767331004142761230e-01
4.724882245063781738e-01
8.616461753845214844e-01
5.117460489273071289e-01
6.578306555747985840e-01
3.947445452213287354e-01
7.728469371795654297e-01
4.551473259925842285e-01
7.140772342681884766e-01
4.837690591812133789e-01
7.772774100303649902e-01
4.531918168067932129e-01
8.129708766937255859e-01
6.834754943847656250e-01
7.133456468582153320e-01
6.416848897933959961e-01
8.054658174514770508e-01
6.384066343307495117e-01
5.994015336036682129e-01
7.501863241195678711e-01
7.247040271759033203e-01
7.939089536666870117e-01
6.404993534088134766e-01
7.587066292762756348e-01
7.229752540588378906e-01
5.711948275566101074e-01
7.116775512695312500e-01
6.139701604843139648e-01
7.931296229362487793e-01
5.896652936935424805e-01
7.810635566711425781e-01
6.000267267227172852e-01
7.474821805953979492e-01
6.561891436576843262e-01
6.775391101837158203e-01
7.872265577316284180e-01
6.198718547821044922e-01
7.768621444702148438e-01
5.518532991409301758e-01
7.951261997222900391e-01
5.579168796539306641e-01
7.725363373756408691e-01
7.698260545730590820e-01
7.021318674087524414e-01
7.107120752334594727e-01
7.654350996017456055e-01
5.948397517204284668e-01
7.271556258201599121e-01
6.753684282302856445e-01
6.297414302825927734e-01
8.322275280952453613e-01
7.446720600128173828e-01
7.626140117645263672e-01
7.442998886108398438e-01
7.711563110351562500e-01
5.973465442657470703e-01
6.899610161781311035e-01
5.906942486763000488e-01
8.076939582824707031e-01
5.537101030349731445e-01
7.613778114318847656e-01
4.803817570209503174e-01
8.767560124397277832e-01
4.620465040206909180e-01
8.652862906455993652e-01
3.420846164226531982e-01
8.704911470413208008e-01
6.365586519241333008e-01
7.412413954734802246e-01
6.662219762802124023e-01
6.380717158317565918e-01
7.256448268890380859e-01
6.920125484466552734e-01
7.220784425735473633e-01
7.322055101394653320e-01
5.935676097869873047e-01
7.458012104034423828e-01
7.080187201499938965e-01
7.529458999633789062e-01
6.833242177963256836e-01
8.061354160308837891e-01
7.566144466400146484e-01
6.989233493804931641e-01
7.986739277839660645e-01
5.040632486343383789e-01
8.685613870620727539e-01
6.079712510108947754e-01
7.789831757545471191e-01
7.863240838050842285e-01
7.198798656463623047e-01
7.451533079147338867e-01
6.472136378288269043e-01
7.928261756896972656e-01
6.710494756698608398e-01
7.351371049880981445e-01
7.325066328048706055e-01
7.313962578773498535e-01
7.553868889808654785e-01
6.983037590980529785e-01
5.487135052680969238e-01
8.759671449661254883e-01
5.434831976890563965e-01
7.475628256797790527e-01
8.419373035430908203e-01
7.533097267150878906e-01
6.632804274559020996e-01
8.346518278121948242e-01
6.591430902481079102e-01
8.481712341308593750e-01
7.570439577102661133e-01
7.791028022766113281e-01
8.236542940139770508e-01
7.523258924484252930e-01
7.044279575347900391e-01
8.149834871292114258e-01
6.334974765777587891e-01
8.255643844604492188e-01
7.334052324295043945e-01
7.755650281906127930e-01
8.408023118972778320e-01
5.871134996414184570e-01
8.433302640914916992e-01
3.905010521411895752e-01
8.994748592376708984e-01
1.860431879758834839e-01
9.773598909378051758e-01
4.033467173576354980e-01
7.041512727737426758e-01
7.598717212677001953e-01
6.286083459854125977e-01
6.556990146636962891e-01
7.748540043830871582e-01
6.212619543075561523e-01
6.284500956535339355e-01
7.110041379928588867e-01
5.379775762557983398e-01
6.975581645965576172e-01
6.840073466300964355e-01
7.176816463470458984e-01
7.053685188293457031e-01
6.647510528564453125e-01
7.347888946533203125e-01
5.027455687522888184e-01
7.792714834213256836e-01
6.624624729156494141e-01
7.770625352859497070e-01
6.892637014389038086e-01
7.117567658424377441e-01
7.315539717674255371e-01
5.715335607528686523e-01
8.547261357307434082e-01
6.668741106986999512e-01
7.809373140335083008e-01
8.295179605484008789e-01
7.030888795852661133e-01
7.799573540687561035e-01
7.548999190330505371e-01
6.773660182952880859e-01
6.766470074653625488e-01
6.404637098312377930e-01
7.687262892723083496e-01
7.548311948776245117e-01
6.867140531539916992e-01
7.210660576820373535e-01
7.328951358795166016e-01
6.358401775360107422e-01
8.417390584945678711e-01
7.174881696701049805e-01
8.037679791450500488e-01
7.983910441398620605e-01
7.761979103088378906e-01
6.996061801910400391e-01
5.113801360130310059e-01
7.903550267219543457e-01
5.719026327133178711e-01
8.296668529510498047e-01
6.916524171829223633e-01
7.616913318634033203e-01
8.449433445930480957e-01
5.451936721801757812e-01
8.980868458747863770e-01
5.721028447151184082e-01
7.997730374336242676e-01
8.296836614608764648e-01
5.648471117019653320e-01
8.265846967697143555e-01
5.857019424438476562e-01
7.618702650070190430e-01
7.388513088226318359e-01
5.925093889236450195e-01
8.638733029365539551e-01
3.697865605354309082e-01
8.778244853019714355e-01
5.942701101303100586e-01
7.113499045372009277e-01
6.681405305862426758e-01
6.026605963706970215e-01
7.739424705505371094e-01
5.492507219314575195e-01
7.587789297103881836e-01
3.712356090545654297e-01
9.033138751983642578e-01
5.486596822738647461e-01
7.484133243560791016e-01
8.057453632354736328e-01
5.270081758499145508e-01
8.670318126678466797e-01
7.808862924575805664e-01
7.296966314315795898e-01
7.621442079544067383e-01
5.838981270790100098e-01
7.780014872550964355e-01
4.413008391857147217e-01
7.616369128227233887e-01
3.023356795310974121e-01
9.160747528076171875e-01
2.892756760120391846e-01
8.722108006477355957e-01
4.705704748630523682e-01
8.123978376388549805e-01
7.214956879615783691e-01
5.765469074249267578e-01
7.365853190422058105e-01
5.220156311988830566e-01
5.793384313583374023e-01
6.686137914657592773e-01
6.671386361122131348e-01
4.699500799179077148e-01
8.226713538169860840e-01
6.484056711196899414e-01
8.054205179214477539e-01
5.828340053558349609e-01
6.950223445892333984e-01
5.844779014587402344e-01
7.531546950340270996e-01
6.310275793075561523e-01
7.202607393264770508e-01
5.706447362899780273e-01
7.402642965316772461e-01
7.165963053703308105e-01
7.597531080245971680e-01
6.380112171173095703e-01
6.633937358856201172e-01
7.286927700042724609e-01
5.971634387969970703e-01
6.744179725646972656e-01
6.717338562011718750e-01
7.838740348815917969e-01
6.177872419357299805e-01
7.387667894363403320e-01
6.900801658630371094e-01
6.758542060852050781e-01
7.652370929718017578e-01
5.744917392730712891e-01
7.796738147735595703e-01
7.241650223731994629e-01
6.143557429313659668e-01
7.834621071815490723e-01
6.590945720672607422e-01
7.938640713691711426e-01
6.454707980155944824e-01
7.755963802337646484e-01
6.405670642852783203e-01
6.889756917953491211e-01
6.543501615524291992e-01
6.805847883224487305e-01
6.617758274078369141e-01
7.932623028755187988e-01
6.451679468154907227e-01
7.879148721694946289e-01
6.879537105560302734e-01
7.678316235542297363e-01
5.913887023925781250e-01
8.016099929809570312e-01
6.365387439727783203e-01
8.284441232681274414e-01
4.524026513099670410e-01
8.389096260070800781e-01
5.975098609924316406e-01
7.070382833480834961e-01
8.073881864547729492e-01
6.341055631637573242e-01
7.305868864059448242e-01
6.934727430343627930e-01
7.458351850509643555e-01
7.640535831451416016e-01
6.419582366943359375e-01
7.802889943122863770e-01
5.273896455764770508e-01
7.744482755661010742e-01
7.013041973114013672e-01
7.322753667831420898e-01
8.199765682220458984e-01
6.775974035263061523e-01
7.133329510688781738e-01
6.561992764472961426e-01
7.518168687820434570e-01
6.297262907028198242e-01
8.173838853836059570e-01
6.317403912544250488e-01
7.638989686965942383e-01
7.561436295509338379e-01
7.653351426124572754e-01
7.183985114097595215e-01
8.108549118041992188e-01
6.553846597671508789e-01
7.608392834663391113e-01
7.317517399787902832e-01
7.211931347846984863e-01
7.721042037010192871e-01
7.604456543922424316e-01
7.609821557998657227e-01
7.342470288276672363e-01
7.524439096450805664e-01
8.239504098892211914e-01
7.088133692741394043e-01
6.681303977966308594e-01
7.958430051803588867e-01
6.339261531829833984e-01
8.350121974945068359e-01
7.340464591979980469e-01
8.276939988136291504e-01
6.685590744018554688e-01
7.011609673500061035e-01
6.075002551078796387e-01
6.843650937080383301e-01
6.806457638740539551e-01
7.972227334976196289e-01
6.329410076141357422e-01
8.528891801834106445e-01
4.947401285171508789e-01
8.929213881492614746e-01
6.981930136680603027e-01
7.557706236839294434e-01
7.098293304443359375e-01
6.128233671188354492e-01
7.075637578964233398e-01
7.229481339454650879e-01
6.390349864959716797e-01
7.305887937545776367e-01
5.809010863304138184e-01
7.655331492424011230e-01
6.022791266441345215e-01
8.070048093795776367e-01
4.256173372268676758e-01
8.831783533096313477e-01
6.125266551971435547e-01
7.831824421882629395e-01
7.070522904396057129e-01
7.394161820411682129e-01
7.053458690643310547e-01
8.207622766494750977e-01
7.051052451133728027e-01
7.522683739662170410e-01
7.867910861968994141e-01
6.527533531188964844e-01
7.580116987228393555e-01
7.123883366584777832e-01
8.052623271942138672e-01
8.571559786796569824e-01
5.411320924758911133e-01
8.106808662414550781e-01
7.820082902908325195e-01
8.695570230484008789e-01
5.621921420097351074e-01
8.957692980766296387e-01
4.473264217376708984e-01
8.796366453170776367e-01
3.376309573650360107e-01
8.227640986442565918e-01
6.363191604614257812e-01
8.108050823211669922e-01
8.045809864997863770e-01
7.018103599548339844e-01
5.877075195312500000e-01
7.380187511444091797e-01
6.563769578933715820e-01
7.372668385505676270e-01
8.410922884941101074e-01
5.585908889770507812e-01
8.435204625129699707e-01
6.508721113204956055e-01
7.257096767425537109e-01
6.957724094390869141e-01
6.580536961555480957e-01
7.246648073196411133e-01
6.477278470993041992e-01
6.930329799652099609e-01
8.086090683937072754e-01
5.033215284347534180e-01
8.623553514480590820e-01
7.183824181556701660e-01
6.772750616073608398e-01
8.028121590614318848e-01
6.790139675140380859e-01
7.251051664352416992e-01
6.747069358825683594e-01
6.823651790618896484e-01
6.009057760238647461e-01
7.638570070266723633e-01
6.742358207702636719e-01
7.118147611618041992e-01
8.333034515380859375e-01
4.386371374130249023e-01
9.160262346267700195e-01
6.578748226165771484e-01
7.346861362457275391e-01
6.695003509521484375e-01
7.887270450592041016e-01
6.326495409011840820e-01
8.599452376365661621e-01
7.848097085952758789e-01
7.433742284774780273e-01
7.981376647949218750e-01
5.434023141860961914e-01
8.730589151382446289e-01
5.072495341300964355e-01
9.126453995704650879e-01
7.152585983276367188e-01
7.286933064460754395e-01
7.182015180587768555e-01
6.788266897201538086e-01
6.612471342086791992e-01
7.419956922531127930e-01
5.943832397460937500e-01
8.581982851028442383e-01
5.915764570236206055e-01
8.220297098159790039e-01
5.334008932113647461e-01
8.325279355049133301e-01
5.134046077728271484e-01
8.768141269683837891e-01
5.216652750968933105e-01
8.521516323089599609e-01
3.998455107212066650e-01
9.013833999633789062e-01
6.351028084754943848e-01
7.362899780273437500e-01
7.397140264511108398e-01
7.292549610137939453e-01
6.545585393905639648e-01
7.673734426498413086e-01
7.470242977142333984e-01
7.541764974594116211e-01
5.718976259231567383e-01
7.852960228919982910e-01
5.465754270553588867e-01
8.037463426589965820e-01
4.439547359943389893e-01
9.135935306549072266e-01
5.188925862312316895e-01
7.824265360832214355e-01
6.197150945663452148e-01
8.176227807998657227e-01
4.599822759628295898e-01
8.714429140090942383e-01
5.385652780532836914e-01
8.364973664283752441e-01
5.617462992668151855e-01
8.960514664649963379e-01
6.713391542434692383e-01
7.945953011512756348e-01
6.847485303878784180e-01
7.133958339691162109e-01
7.656049728393554688e-01
5.873844623565673828e-01
8.716538548469543457e-01
5.969785451889038086e-01
8.358298540115356445e-01
8.005534410476684570e-01
7.171421647071838379e-01
6.830817461013793945e-01
8.108785152435302734e-01
6.201044321060180664e-01
8.328204751014709473e-01
5.651775598526000977e-01
8.338097929954528809e-01
7.269392013549804688e-01
7.906829118728637695e-01
5.818512439727783203e-01
9.010959863662719727e-01
4.553379416465759277e-01
9.125550985336303711e-01
4.908393025398254395e-01
8.654009699821472168e-01
3.055583238601684570e-01
8.802176713943481445e-01
4.476546645164489746e-01
8.414156436920166016e-01
6.038206815719604492e-01
7.967538833618164062e-01
5.982848405838012695e-01
7.518932819366455078e-01
6.598997116088867188e-01
6.830221414566040039e-01
7.841441631317138672e-01
7.290724515914916992e-01
7.578895688056945801e-01
7.644666433334350586e-01
6.433837413787841797e-01
8.399051427841186523e-01
5.578974485397338867e-01
8.281447291374206543e-01
4.978748559951782227e-01
8.767824172973632812e-01
4.461018443107604980e-01
8.641403913497924805e-01
7.274898290634155273e-01
7.636414766311645508e-01
6.232173442840576172e-01
7.938332557678222656e-01
5.912681818008422852e-01
8.255503177642822266e-01
6.780094504356384277e-01
8.237274885177612305e-01
7.275338768959045410e-01
7.370934486389160156e-01
6.452414989471435547e-01
7.820666432380676270e-01
5.842114686965942383e-01
8.946034312248229980e-01
5.481401681900024414e-01
8.279497027397155762e-01
7.522863745689392090e-01
7.718961238861083984e-01
6.795144677162170410e-01
7.075238227844238281e-01
8.257189393043518066e-01
5.765302777290344238e-01
7.620821595191955566e-01
7.162539958953857422e-01
7.434520721435546875e-01
8.047678470611572266e-01
6.354256868362426758e-01
8.070400953292846680e-01
5.535277128219604492e-01
8.059390783309936523e-01
8.129513263702392578e-01
7.004257440567016602e-01
7.777213454246520996e-01
6.464680433273315430e-01
7.982292175292968750e-01
6.119938492774963379e-01
8.532894849777221680e-01
6.003878116607666016e-01
8.768517971038818359e-01
3.243249058723449707e-01
8.846258521080017090e-01
5.420428514480590820e-01
8.782876133918762207e-01
7.717366218566894531e-01
7.558082342147827148e-01
7.544589042663574219e-01
6.453182697296142578e-01
7.772915363311767578e-01
8.144901394844055176e-01
7.289934158325195312e-01
7.759092450141906738e-01
7.739091515541076660e-01
7.278064489364624023e-01
7.263022065162658691e-01
7.076954841613769531e-01
7.024748325347900391e-01
7.889295816421508789e-01
6.627165079116821289e-01
7.923095226287841797e-01
6.478277444839477539e-01
8.428798913955688477e-01
6.633454561233520508e-01
8.680469989776611328e-01
5.591391324996948242e-01
8.618690967559814453e-01
4.629573822021484375e-01
8.262127637863159180e-01
5.083456039428710938e-01
8.759381175041198730e-01
5.960144996643066406e-01
8.629536628723144531e-01
4.671358466148376465e-01
9.078416824340820312e-01
5.607143640518188477e-01
7.330607771873474121e-01
7.006283998489379883e-01
7.090326547622680664e-01
7.597750425338745117e-01
6.685837507247924805e-01
8.262731432914733887e-01
5.756394863128662109e-01
8.209935426712036133e-01
5.759496092796325684e-01
7.523083686828613281e-01
5.201796293258666992e-01
8.262616395950317383e-01
5.996422767639160156e-01
8.706724047660827637e-01
6.255517005920410156e-01
6.712930798530578613e-01
7.209153771400451660e-01
7.579009532928466797e-01
7.436889410018920898e-01
6.689038276672363281e-01
8.398369550704956055e-01
5.651472806930541992e-01
8.620971441268920898e-01
4.637234807014465332e-01
8.298983573913574219e-01
6.330595016479492188e-01
7.522106170654296875e-01
7.779282331466674805e-01
6.940650939941406250e-01
8.466020822525024414e-01
7.158035039901733398e-01
7.271851301193237305e-01
8.277244567871093750e-01
6.494381427764892578e-01
7.652928829193115234e-01
7.218537330627441406e-01
8.025248050689697266e-01
7.322109937667846680e-01
8.286213278770446777e-01
7.246649265289306641e-01
8.364930748939514160e-01
7.093644142150878906e-01
8.599671125411987305e-01
7.246630191802978516e-01
8.384029865264892578e-01
7.708178758621215820e-01
7.981181144714355469e-01
6.902363300323486328e-01
7.428936958312988281e-01
7.899618744850158691e-01
7.266632914543151855e-01
8.109331130981445312e-01
7.534018754959106445e-01
7.612336874008178711e-01
7.249076366424560547e-01
5.322523117065429688e-01
8.922680616378784180e-01
4.699596762657165527e-01
9.272186756134033203e-01
7.020134925842285156e-01
8.246798515319824219e-01
7.311937212944030762e-01
8.390677571296691895e-01
7.560201883316040039e-01
7.220550775527954102e-01
7.911246418952941895e-01
5.093612670898437500e-01
8.651522994041442871e-01
4.124786555767059326e-01
8.955909013748168945e-01
7.741970419883728027e-01
6.654649972915649414e-01
8.151842355728149414e-01
6.154761910438537598e-01
9.043043851852416992e-01
5.516523122787475586e-01
8.947788476943969727e-01
4.566154778003692627e-01
8.976185321807861328e-01
3.846258521080017090e-01
8.274316191673278809e-01
4.897902607917785645e-01
7.499580383300781250e-01
7.044205069541931152e-01
6.678290963172912598e-01
8.157010078430175781e-01
6.983531713485717773e-01
9.040542244911193848e-01
6.400734782218933105e-01
8.587708473205566406e-01
5.474517345428466797e-01
7.632312774658203125e-01
7.288630008697509766e-01
6.964501142501831055e-01
7.481935024261474609e-01
5.168087482452392578e-01
8.296197056770324707e-01
4.822492003440856934e-01
8.655621409416198730e-01
5.777842402458190918e-01
8.105227947235107422e-01
8.109472990036010742e-01
6.227421760559082031e-01
8.964698910713195801e-01
5.853513479232788086e-01
7.264901995658874512e-01
7.358204126358032227e-01
6.397492885589599609e-01
8.674885034561157227e-01
6.663333177566528320e-01
7.749645709991455078e-01
6.496113538742065430e-01
7.349059581756591797e-01
6.409797668457031250e-01
7.797697186470031738e-01
7.322986125946044922e-01
7.346727848052978516e-01
7.371677160263061523e-01
7.382143139839172363e-01
7.558835744857788086e-01
8.280567526817321777e-01
6.668410301208496094e-01
8.463171720504760742e-01
4.878442883491516113e-01
8.483714461326599121e-01
7.221117019653320312e-01
6.988802552223205566e-01
7.509081363677978516e-01
7.573682069778442383e-01
5.589096546173095703e-01
8.372663855552673340e-01
7.306894063949584961e-01
8.058733940124511719e-01
7.597813010215759277e-01
7.831974029541015625e-01
7.525959014892578125e-01
7.166235446929931641e-01
8.063639998435974121e-01
5.931944251060485840e-01
8.776316642761230469e-01
8.047914505004882812e-01
8.192766904830932617e-01
7.328941226005554199e-01
8.026729822158813477e-01
6.995235085487365723e-01
8.854583501815795898e-01
6.051040887832641602e-01
9.114525914192199707e-01
4.467574357986450195e-01
8.849616646766662598e-01
3.830238580703735352e-01
8.955669403076171875e-01
6.014556884765625000e-01
9.192767739295959473e-01
4.557381868362426758e-01
8.483352065086364746e-01
5.182145833969116211e-01
8.521373271942138672e-01
6.399778723716735840e-01
8.893970847129821777e-01
3.813036978244781494e-01
9.187877774238586426e-01
4.723283052444458008e-01
8.263620138168334961e-01
7.567760348320007324e-01
7.238514423370361328e-01
7.223849296569824219e-01
7.325816154479980469e-01
6.421374082565307617e-01
7.874383926391601562e-01
5.654757022857666016e-01
8.497219085693359375e-01
6.647621989250183105e-01
8.560825586318969727e-01
5.603983402252197266e-01
7.725341916084289551e-01
4.611564874649047852e-01
8.786672949790954590e-01
3.999367356300354004e-01
9.281678199768066406e-01
3.490161299705505371e-01
8.162212371826171875e-01
7.994035482406616211e-01
5.546847581863403320e-01
7.913172841072082520e-01
6.958778500556945801e-01
8.007147312164306641e-01
7.348194122314453125e-01
6.776790618896484375e-01
7.947767972946166992e-01
7.928746342658996582e-01
6.443986892700195312e-01
7.953171730041503906e-01
6.930348277091979980e-01
8.174216747283935547e-01
7.632271051406860352e-01
7.297458648681640625e-01
7.696161270141601562e-01
6.004154086112976074e-01
7.905886173248291016e-01
6.473623514175415039e-01
7.586147785186767578e-01
7.561145424842834473e-01
5.766284465789794922e-01
7.963584661483764648e-01
7.415759563446044922e-01
7.035233974456787109e-01
6.805356740951538086e-01
7.681776285171508789e-01
7.422600984573364258e-01
7.140907049179077148e-01
8.389217257499694824e-01
7.305692434310913086e-01
8.166164755821228027e-01
7.556184530258178711e-01
8.114054799079895020e-01
6.420691013336181641e-01
8.004493713378906250e-01
7.433496713638305664e-01
6.774835586547851562e-01
8.761842250823974609e-01
3.847216367721557617e-01
9.274713397026062012e-01
3.501167297363281250e-01
9.052847027778625488e-01
8.760828375816345215e-01
4.916670322418212891e-01
8.716516494750976562e-01
5.844097733497619629e-01
8.593554496765136719e-01
5.254918336868286133e-01
8.402113318443298340e-01
6.818442344665527344e-01
7.789529561996459961e-01
8.299056291580200195e-01
6.664964556694030762e-01
7.722169160842895508e-01
7.778898477554321289e-01
5.595942139625549316e-01
8.275389671325683594e-01
6.785571575164794922e-01
7.546954154968261719e-01
7.905873656272888184e-01
6.613787412643432617e-01
9.019823074340820312e-01
4.567805230617523193e-01
8.937457799911499023e-01
6.284084320068359375e-01
7.724021673202514648e-01
6.775237321853637695e-01
7.082389593124389648e-01
6.054797172546386719e-01
8.597365617752075195e-01
5.928564667701721191e-01
8.365250229835510254e-01
6.154242753982543945e-01
8.625556826591491699e-01
3.839920163154602051e-01
8.884342312812805176e-01
6.291791200637817383e-01
8.373640775680541992e-01
6.501679420471191406e-01
6.223462820053100586e-01
7.833456397056579590e-01
5.960372090339660645e-01
7.858843803405761719e-01
6.456418037414550781e-01
7.838155031204223633e-01
6.630504727363586426e-01
8.465664386749267578e-01
8.115377426147460938e-01
6.524488329887390137e-01
8.988465666770935059e-01
5.984283685684204102e-01
8.057966232299804688e-01
7.497591972351074219e-01
7.137964367866516113e-01
7.683561444282531738e-01
8.266781568527221680e-01
5.451288223266601562e-01
8.685066699981689453e-01
6.166437864303588867e-01
8.723518848419189453e-01
6.511873006820678711e-01
8.191397190093994141e-01
7.272969484329223633e-01
6.988358497619628906e-01
7.308265566825866699e-01
7.684206962585449219e-01
5.811605453491210938e-01
8.497432470321655273e-01
4.878964722156524658e-01
8.935585618019104004e-01
5.219200849533081055e-01
8.364442586898803711e-01
6.714968681335449219e-01
7.996088266372680664e-01
6.750809550285339355e-01
7.911495566368103027e-01
6.482860445976257324e-01
8.350527286529541016e-01
4.555623531341552734e-01
8.910851478576660156e-01
4.483376145362854004e-01
8.621885776519775391e-01
6.241865158081054688e-01
8.868352770805358887e-01
8.230752348899841309e-01
6.776652336120605469e-01
7.923579216003417969e-01
5.658131241798400879e-01
8.552080392837524414e-01
5.177601575851440430e-01
8.905196189880371094e-01
6.141720414161682129e-01
7.440263628959655762e-01
7.533953189849853516e-01
6.620073914527893066e-01
7.435679435729980469e-01
7.639462351799011230e-01
5.927241444587707520e-01
8.697029948234558105e-01
8.117200136184692383e-01
6.793398261070251465e-01
8.628580570220947266e-01
7.351558804512023926e-01
7.341287136077880859e-01
8.252980709075927734e-01
7.503319382667541504e-01
7.772754430770874023e-01
8.105334639549255371e-01
7.118599414825439453e-01
6.562386751174926758e-01
8.227615356445312500e-01
3.613178730010986328e-01
9.062098860740661621e-01
4.064016640186309814e-01
9.408171176910400391e-01
2.198925465345382690e-01
9.522131681442260742e-01
5.289353132247924805e-01
8.400161266326904297e-01
3.079913258552551270e-01
8.321146368980407715e-01
5.810309648513793945e-01
7.582219243049621582e-01
6.538077592849731445e-01
6.269829869270324707e-01
6.864212751388549805e-01
5.940627455711364746e-01
6.467376947402954102e-01
7.364517450332641602e-01
7.655832767486572266e-01
6.450541019439697266e-01
8.138511180877685547e-01
5.331285595893859863e-01
8.458838462829589844e-01
4.444660246372222900e-01
9.033119082450866699e-01
7.309170961380004883e-01
8.058590888977050781e-01
5.986481904983520508e-01
7.828205823898315430e-01
7.014323472976684570e-01
7.332481145858764648e-01
6.997522115707397461e-01
7.531571388244628906e-01
7.014996409416198730e-01
7.950935363769531250e-01
7.025865316390991211e-01
7.500284314155578613e-01
7.725777626037597656e-01
7.418626546859741211e-01
6.124070882797241211e-01
8.500220775604248047e-01
5.765652060508728027e-01
8.549305200576782227e-01
5.859257578849792480e-01
7.160283327102661133e-01
5.275839567184448242e-01
7.520471811294555664e-01
6.913920044898986816e-01
7.843602895736694336e-01
7.427258491516113281e-01
7.166152000427246094e-01
8.237723112106323242e-01
5.901816487312316895e-01
8.459793329238891602e-01
4.342864453792572021e-01
8.448060154914855957e-01
3.682450056076049805e-01
7.481881380081176758e-01
6.669400930404663086e-01
8.071116209030151367e-01
4.662151634693145752e-01
8.865942955017089844e-01
6.235489845275878906e-01
7.927980422973632812e-01
6.694225072860717773e-01
6.796715855598449707e-01
7.830885648727416992e-01
5.220724344253540039e-01
8.814705610275268555e-01
5.560876131057739258e-01
8.649635314941406250e-01
7.846974730491638184e-01
5.711912512779235840e-01
8.074622154235839844e-01
6.477326154708862305e-01
7.719012498855590820e-01
7.784059047698974609e-01
8.282798528671264648e-01
6.310397386550903320e-01
7.924404740333557129e-01
7.592139244079589844e-01
6.465600728988647461e-01
7.757325172424316406e-01
5.664730072021484375e-01
8.420854806900024414e-01
7.093568444252014160e-01
7.969938516616821289e-01
8.237459659576416016e-01
7.995951175689697266e-01
6.775654554367065430e-01
8.539118766784667969e-01
6.709259748458862305e-01
8.555969595909118652e-01
7.258617877960205078e-01
7.748701572418212891e-01
7.905470132827758789e-01
7.434932589530944824e-01
7.132763862609863281e-01
7.492523789405822754e-01
7.141700983047485352e-01
8.094387054443359375e-01
6.637084484100341797e-01
8.906428813934326172e-01
5.485441684722900391e-01
9.144506454467773438e-01
2.845881581306457520e-01
8.985813856124877930e-01
5.017597675323486328e-01
8.927257657051086426e-01
5.617051720619201660e-01
8.863145112991333008e-01
6.560684442520141602e-01
8.200157880783081055e-01
6.309336423873901367e-01
8.361090421676635742e-01
7.688015699386596680e-01
6.416023969650268555e-01
8.219215869903564453e-01
5.176308751106262207e-01
8.542447090148925781e-01
6.908632516860961914e-01
8.222551345825195312e-01
6.910862922668457031e-01
7.598971128463745117e-01
7.598571777343750000e-01
5.779937505722045898e-01
8.577865362167358398e-01
4.412080049514770508e-01
8.482713103294372559e-01
7.847766876220703125e-01
8.509175181388854980e-01
7.593839168548583984e-01
8.673840761184692383e-01
6.082596778869628906e-01
8.253226280212402344e-01
5.378942489624023438e-01
9.038727283477783203e-01
6.555237770080566406e-01
7.257618308067321777e-01
7.860131263732910156e-01
8.177824616432189941e-01
7.193418145179748535e-01
6.979947090148925781e-01
9.199317693710327148e-01
2.359251230955123901e-01
8.808788061141967773e-01
4.439830183982849121e-01
9.379625916481018066e-01
4.457049071788787842e-01
8.895663619041442871e-01
5.541692972183227539e-01
7.878534793853759766e-01
7.141619920730590820e-01
6.861650943756103516e-01
8.500130176544189453e-01
3.060810565948486328e-01
9.221739172935485840e-01
4.535206854343414307e-01
8.585267663002014160e-01
6.861301660537719727e-01
7.790062427520751953e-01
6.876492500305175781e-01
7.525444030761718750e-01
6.606464385986328125e-01
7.391810417175292969e-01
6.033534407615661621e-01
7.707288265228271484e-01
7.923108935356140137e-01
8.449286222457885742e-01
7.410552501678466797e-01
7.168701887130737305e-01
7.173298597335815430e-01
6.975411772727966309e-01
7.445223331451416016e-01
6.898508071899414062e-01
7.866418361663818359e-01
5.435780286788940430e-01
8.521398305892944336e-01
5.787702798843383789e-01
8.554383516311645508e-01
5.447075366973876953e-01
8.599923849105834961e-01
5.528734922409057617e-01
7.920029163360595703e-01
6.449234485626220703e-01
7.562608718872070312e-01
6.600533127784729004e-01
8.300351500511169434e-01
6.366859674453735352e-01
8.377742171287536621e-01
6.106644272804260254e-01
8.718414306640625000e-01
7.693492770195007324e-01
7.206463813781738281e-01
9.026923179626464844e-01
7.283759117126464844e-01
7.578516602516174316e-01
6.861476898193359375e-01
7.523813843727111816e-01
4.821000993251800537e-01
8.701423406600952148e-01
4.804974198341369629e-01
8.839540481567382812e-01
5.883998274803161621e-01
8.390544056892395020e-01
5.747426748275756836e-01
8.664498925209045410e-01
5.828133821487426758e-01
8.855739235877990723e-01
6.646407842636108398e-01
7.301232814788818359e-01
8.019808530807495117e-01
6.942929029464721680e-01
8.713072538375854492e-01
5.680829286575317383e-01
8.318839669227600098e-01
8.451822996139526367e-01
5.394816398620605469e-01
8.377029895782470703e-01
5.647180676460266113e-01
8.097639083862304688e-01
6.572352051734924316e-01
8.883957862854003906e-01
3.833242952823638916e-01
9.121493101119995117e-01
5.146576166152954102e-01
8.507227897644042969e-01
7.495725154876708984e-01
7.724373340606689453e-01
7.503458261489868164e-01
7.168945074081420898e-01
7.763186097145080566e-01
4.944511055946350098e-01
8.734600543975830078e-01
5.538500547409057617e-01
8.170585632324218750e-01
8.602695465087890625e-01
7.785224318504333496e-01
6.365554332733154297e-01
8.666369915008544922e-01
3.850452899932861328e-01
8.654499053955078125e-01
7.052885293960571289e-01
7.411084771156311035e-01
7.462891340255737305e-01
8.359286189079284668e-01
5.655250549316406250e-01
8.283360004425048828e-01
4.300984144210815430e-01
9.333254694938659668e-01
7.133096456527709961e-01
7.925877571105957031e-01
7.278904914855957031e-01
7.832288146018981934e-01
7.861360907554626465e-01
6.810591220855712891e-01
7.774742841720581055e-01
8.585174083709716797e-01
6.406303644180297852e-01
8.744464516639709473e-01
6.012244820594787598e-01
8.117688894271850586e-01
7.102513909339904785e-01
7.555052042007446289e-01
6.973024606704711914e-01
7.798604965209960938e-01
7.816795110702514648e-01
8.224437236785888672e-01
4.721280932426452637e-01
9.249809980392456055e-01
3.841186761856079102e-01
8.418802022933959961e-01
5.183292627334594727e-01
9.151104688644409180e-01
5.288052558898925781e-01
7.720403671264648438e-01
5.832643508911132812e-01
7.880042195320129395e-01
6.333444118499755859e-01
7.085374593734741211e-01
7.871455550193786621e-01
7.200605869293212891e-01
8.344727158546447754e-01
5.680490732192993164e-01
8.317660093307495117e-01
7.835287451744079590e-01
7.952116131782531738e-01
6.926838159561157227e-01
7.162290215492248535e-01
7.176465392112731934e-01
7.276444435119628906e-01
7.389947175979614258e-01
7.275327444076538086e-01
8.584370613098144531e-01
5.598355531692504883e-01
8.729234933853149414e-01
4.172545671463012695e-01
9.295140504837036133e-01
4.679495692253112793e-01
8.526167273521423340e-01
2.661082148551940918e-01
9.189714193344116211e-01
7.947824001312255859e-01
5.347152948379516602e-01
8.929306268692016602e-01
4.831310212612152100e-01
7.900567054748535156e-01
6.422393321990966797e-01
7.874679565429687500e-01
7.475693225860595703e-01
7.677271962165832520e-01
7.953357696533203125e-01
6.951125264167785645e-01
8.109111785888671875e-01
6.030199527740478516e-01
8.356323242187500000e-01
5.232286453247070312e-01
8.125272989273071289e-01
7.008858919143676758e-01
6.941673159599304199e-01
6.827355027198791504e-01
7.238314747810363770e-01
5.842556357383728027e-01
8.715847134590148926e-01
5.479396581649780273e-01
8.756890892982482910e-01
6.363964080810546875e-01
8.655152320861816406e-01
5.453010797500610352e-01
8.686968684196472168e-01
7.413913011550903320e-01
5.894275903701782227e-01
8.399558663368225098e-01
5.526378154754638672e-01
8.783707618713378906e-01
7.129452228546142578e-01
8.195025920867919922e-01
7.245900630950927734e-01
7.403538227081298828e-01
8.151900768280029297e-01
4.629028737545013428e-01
8.778835535049438477e-01
5.168463587760925293e-01
8.676266670227050781e-01
4.957987368106842041e-01
8.382322192192077637e-01
4.504365921020507812e-01
9.116132259368896484e-01
5.475756525993347168e-01
7.778005599975585938e-01
7.775711417198181152e-01
7.225246429443359375e-01
8.351768851280212402e-01
7.378866076469421387e-01
6.882348060607910156e-01
7.849498391151428223e-01
5.025935769081115723e-01
8.647878170013427734e-01
5.051873326301574707e-01
8.446552753448486328e-01
6.076981425285339355e-01
8.235448598861694336e-01
5.508815050125122070e-01
8.731206655502319336e-01
7.101380825042724609e-01
6.472850441932678223e-01
7.449270486831665039e-01
6.293908357620239258e-01
8.033427596092224121e-01
7.253485918045043945e-01
7.127020955085754395e-01
7.407410144805908203e-01
7.652567028999328613e-01
6.449304819107055664e-01
8.462183475494384766e-01
5.483148694038391113e-01
8.998539447784423828e-01
4.618229866027832031e-01
8.188484907150268555e-01
7.540875077247619629e-01
6.854006052017211914e-01
8.854235410690307617e-01
6.990119814872741699e-01
7.862682938575744629e-01
7.596526145935058594e-01
6.796630024909973145e-01
7.315998077392578125e-01
6.421679258346557617e-01
8.788630962371826172e-01
5.564941763877868652e-01
8.902072310447692871e-01
6.501327753067016602e-01
7.738103866577148438e-01
9.028222560882568359e-01
6.458114981651306152e-01
8.650329113006591797e-01
5.912597179412841797e-01
8.583233952522277832e-01
5.974780321121215820e-01
8.397627472877502441e-01
7.109196186065673828e-01
8.180028200149536133e-01
7.316809892654418945e-01
7.644411921501159668e-01
6.641230583190917969e-01
8.637857437133789062e-01
4.592369198799133301e-01
8.042141199111938477e-01
7.049480676651000977e-01
6.964896321296691895e-01
7.425718307495117188e-01
6.962723135948181152e-01
7.352906465530395508e-01
5.298486351966857910e-01
8.901484608650207520e-01
5.723299384117126465e-01
8.949477672576904297e-01
6.118364334106445312e-01
8.677344322204589844e-01
7.227438092231750488e-01
8.882771134376525879e-01
2.789959311485290527e-01
8.705819845199584961e-01
7.371727824211120605e-01
8.334655761718750000e-01
5.825409293174743652e-01
8.762259483337402344e-01
5.160583257675170898e-01
8.741468191146850586e-01
4.558866620063781738e-01
9.038575887680053711e-01
7.696079015731811523e-01
6.433383226394653320e-01
8.417701721191406250e-01
6.972982883453369141e-01
6.568771600723266602e-01
9.104497432708740234e-01
4.622298479080200195e-01
7.387182712554931641e-01
4.962629675865173340e-01
8.678565025329589844e-01
3.999464213848114014e-01
9.376325607299804688e-01
3.740564286708831787e-01
9.481309652328491211e-01
2.875533103942871094e-01
8.593901395797729492e-01
7.086886167526245117e-01
6.412241458892822266e-01
7.154139280319213867e-01
5.641031861305236816e-01
8.195178508758544922e-01
6.303147077560424805e-01
8.458256125450134277e-01
3.833511471748352051e-01
9.208489656448364258e-01
4.798818230628967285e-01
7.433345317840576172e-01
8.608783483505249023e-01
5.274087190628051758e-01
8.434954881668090820e-01
7.798877954483032227e-01
5.684796571731567383e-01
8.888093233108520508e-01
6.141310930252075195e-01
7.797168493270874023e-01
7.134243249893188477e-01
8.105642795562744141e-01
5.672679543495178223e-01
8.440808653831481934e-01
6.499637365341186523e-01
8.180701136589050293e-01
6.602518558502197266e-01
7.678381204605102539e-01
7.822525501251220703e-01
7.848991751670837402e-01
8.135750293731689453e-01
5.921380519866943359e-01
8.964939117431640625e-01
7.598328590393066406e-01
7.785321474075317383e-01
8.284870386123657227e-01
6.119444370269775391e-01
6.239416599273681641e-01
8.444831371307373047e-01
4.666420519351959229e-01
7.854062318801879883e-01
7.272443771362304688e-01
6.948248147964477539e-01
7.355675101280212402e-01
7.963929176330566406e-01
8.932836055755615234e-01
7.703049182891845703e-01
7.974530458450317383e-01
4.876289069652557373e-01
9.023453593254089355e-01
8.186244964599609375e-01
6.856272220611572266e-01
8.436857461929321289e-01
7.258402109146118164e-01
7.925586700439453125e-01
6.985542774200439453e-01
7.366910576820373535e-01
7.724258899688720703e-01
8.652837276458740234e-01
8.517851829528808594e-01
2.394676506519317627e-01
9.329580068588256836e-01
5.469149351119995117e-01
7.992691993713378906e-01
1.739019006490707397e-01
9.592533111572265625e-01
3.775212168693542480e-01
7.754881381988525391e-01
7.634185552597045898e-01
7.067758440971374512e-01
6.750178337097167969e-01
6.562213897705078125e-01
6.208179593086242676e-01
7.134793996810913086e-01
4.937775433063507080e-01
8.534122705459594727e-01
8.257633447647094727e-01
6.118466258049011230e-01
7.290560007095336914e-01
6.592360734939575195e-01
6.579998135566711426e-01
8.498862385749816895e-01
5.138984322547912598e-01
7.348307371139526367e-01
6.505296826362609863e-01
8.124659657478332520e-01
5.619194507598876953e-01
8.236672878265380859e-01
4.455249905586242676e-01
8.204450607299804688e-01
4.369229078292846680e-01
8.441898822784423828e-01
4.327546954154968262e-01
8.852770328521728516e-01
5.006583929061889648e-01
7.785306572914123535e-01
7.509433031082153320e-01
5.474161505699157715e-01
8.267619609832763672e-01
5.900516510009765625e-01
7.369059324264526367e-01
7.377974987030029297e-01
6.386334300041198730e-01
8.271416425704956055e-01
5.432416200637817383e-01
8.893815279006958008e-01
5.509595274925231934e-01
8.694723844528198242e-01
5.316371917724609375e-01
8.746800422668457031e-01
5.891712307929992676e-01
7.987339496612548828e-01
5.821563005447387695e-01
8.298420310020446777e-01
6.112906336784362793e-01
8.101633787155151367e-01
6.563987135887145996e-01
7.702444195747375488e-01
5.293768644332885742e-01
8.020417690277099609e-01
4.428920745849609375e-01
8.844856023788452148e-01
4.783927500247955322e-01
7.670364975929260254e-01
5.734322071075439453e-01
7.099632024765014648e-01
6.288644671440124512e-01
6.682990789413452148e-01
6.857451200485229492e-01
7.295048236846923828e-01
7.057824134826660156e-01
7.562140822410583496e-01
6.746332645416259766e-01
7.320838570594787598e-01
6.546263098716735840e-01
7.983288764953613281e-01
5.734086036682128906e-01
7.409944534301757812e-01
7.413183450698852539e-01
5.630168914794921875e-01
8.886295557022094727e-01
5.799136757850646973e-01
8.125705122947692871e-01
7.471083998680114746e-01
6.271153688430786133e-01
6.818126440048217773e-01
6.500918865203857422e-01
8.607751131057739258e-01
6.092367172241210938e-01
8.851659297943115234e-01
6.349191665649414062e-01
8.901511430740356445e-01
3.820163607597351074e-01
9.463016986846923828e-01
7.583236694335937500e-01
7.856174707412719727e-01
7.171088457107543945e-01
6.879506111145019531e-01
7.589850425720214844e-01
3.782202601432800293e-01
9.136854410171508789e-01
4.880089163780212402e-01
7.753295302391052246e-01
7.725252509117126465e-01
7.123266458511352539e-01
8.036031723022460938e-01
7.088849544525146484e-01
8.301563262939453125e-01
7.998423576354980469e-01
6.669306755065917969e-01
7.440267205238342285e-01
5.705860853195190430e-01
8.448066115379333496e-01
5.172454714775085449e-01
9.002578854560852051e-01
6.703310012817382812e-01
8.356539011001586914e-01
7.160266637802124023e-01
8.461142778396606445e-01
6.817662119865417480e-01
8.292557597160339355e-01
3.750354349613189697e-01
9.467343688011169434e-01
6.378585696220397949e-01
8.182660937309265137e-01
7.774235606193542480e-01
7.778179049491882324e-01
7.379341125488281250e-01
7.966436743736267090e-01
7.313116788864135742e-01
7.632623910903930664e-01
7.685368061065673828e-01
7.102231383323669434e-01
7.484632730484008789e-01
6.249325275421142578e-01
8.973512053489685059e-01
5.315456390380859375e-01
8.468757867813110352e-01
5.505461692810058594e-01
8.498297929763793945e-01
6.588932275772094727e-01
8.676295876502990723e-01
7.283031344413757324e-01
7.496418952941894531e-01
8.723080158233642578e-01
3.381931185722351074e-01
9.311227202415466309e-01
6.304150819778442383e-01
8.105034232139587402e-01
6.627582311630249023e-01
8.382441997528076172e-01
7.499713897705078125e-01
7.953230142593383789e-01
7.317581176757812500e-01
8.319159746170043945e-01
5.403593778610229492e-01
9.002511501312255859e-01
4.221933484077453613e-01
9.021385908126831055e-01
3.440267443656921387e-01
9.204379320144653320e-01
7.041431069374084473e-01
7.910810708999633789e-01
6.175484657287597656e-01
7.687054872512817383e-01
6.935256123542785645e-01
6.678534746170043945e-01
8.671137094497680664e-01
3.347996473312377930e-01
9.233635067939758301e-01
4.366948008537292480e-01
8.526725172996520996e-01
7.577543854713439941e-01
6.329604387283325195e-01
7.726236581802368164e-01
7.129100561141967773e-01
6.834764480590820312e-01
7.174671888351440430e-01
7.680513858795166016e-01
6.431239247322082520e-01
8.599522113800048828e-01
4.478917717933654785e-01
9.404312372207641602e-01
2.656258940696716309e-01
8.657535910606384277e-01
5.542222261428833008e-01
8.183441162109375000e-01
5.665725469589233398e-01
8.318401575088500977e-01
4.240800738334655762e-01
9.032545685768127441e-01
3.589403033256530762e-01
8.823867440223693848e-01
5.777002573013305664e-01
7.059552669525146484e-01
7.021082043647766113e-01
5.573726892471313477e-01
8.231865167617797852e-01
4.346360564231872559e-01
8.994551897048950195e-01
5.511606931686401367e-01
8.186568021774291992e-01
7.915594577789306641e-01
6.536161899566650391e-01
7.758022546768188477e-01
6.065160036087036133e-01
7.558017969131469727e-01
6.668368577957153320e-01
8.085082769393920898e-01
5.236080288887023926e-01
8.843296170234680176e-01
6.222472190856933594e-01
7.023414373397827148e-01
7.265934348106384277e-01
4.965013265609741211e-01
8.965467214584350586e-01
6.132706403732299805e-01
7.345573902130126953e-01
5.903705358505249023e-01
7.217326164245605469e-01
7.291799783706665039e-01
7.992395162582397461e-01
7.086385488510131836e-01
7.299821972846984863e-01
7.811475992202758789e-01
7.246479392051696777e-01
8.626623153686523438e-01
4.531078040599822998e-01
7.777680754661560059e-01
8.319359421730041504e-01
6.241667866706848145e-01
8.761374950408935547e-01
5.265263915061950684e-01
8.432819843292236328e-01
7.563917636871337891e-01
6.887443065643310547e-01
7.678583264350891113e-01
6.322194337844848633e-01
7.892317771911621094e-01
8.078616857528686523e-01
7.412022352218627930e-01
9.194496870040893555e-01
4.925923645496368408e-01
8.761499524116516113e-01
3.603556752204895020e-01
9.370609521865844727e-01
5.913043022155761719e-01
5.941543579101562500e-01
9.122001528739929199e-01
5.075043439865112305e-01
7.920301556587219238e-01
5.521799921989440918e-01
8.330371975898742676e-01
3.920771479606628418e-01
8.283099532127380371e-01
4.969462156295776367e-01
8.942524790763854980e-01
7.804004549980163574e-01
7.334743738174438477e-01
7.444321513175964355e-01
6.771941781044006348e-01
7.736219167709350586e-01
7.632561326026916504e-01
7.617329359054565430e-01
5.828695297241210938e-01
8.543123006820678711e-01
7.100094556808471680e-01
8.108752965927124023e-01
8.486061692237854004e-01
5.277671813964843750e-01
9.297085404396057129e-01
6.351280212402343750e-01
8.440089225769042969e-01
3.649241924285888672e-01
8.640244007110595703e-01
2.633892297744750977e-01
8.370032310485839844e-01
7.802090644836425781e-01
4.142456650733947754e-01
8.979712724685668945e-01
5.757644176483154297e-01
8.783096075057983398e-01
6.481887102127075195e-01
7.942218184471130371e-01
7.558550834655761719e-01
5.841881036758422852e-01
8.187435865402221680e-01
6.834738850593566895e-01
8.537703752517700195e-01
8.546705245971679688e-01
6.097883582115173340e-01
7.804565429687500000e-01
7.666412591934204102e-01
7.533574104309082031e-01
7.538241147994995117e-01
7.167161107063293457e-01
7.455655336380004883e-01
7.881081104278564453e-01
6.613144874572753906e-01
7.577058076858520508e-01
7.456243634223937988e-01
6.643150448799133301e-01
8.533444404602050781e-01
2.554630637168884277e-01
9.661985635757446289e-01
5.986028909683227539e-01
8.091852068901062012e-01
7.287987470626831055e-01
7.190089225769042969e-01
5.626444816589355469e-01
8.171426653861999512e-01
5.683507323265075684e-01
8.672714233398437500e-01
7.293599843978881836e-01
6.408800482749938965e-01
7.796061038970947266e-01
6.439809799194335938e-01
8.331397771835327148e-01
6.007488965988159180e-01
8.969354629516601562e-01
3.316191434860229492e-01
9.157178401947021484e-01
3.670345842838287354e-01
8.413440585136413574e-01
4.911477565765380859e-01
8.057751059532165527e-01
6.928063035011291504e-01
6.803349256515502930e-01
8.160426616668701172e-01
5.934721827507019043e-01
9.354594945907592773e-01
3.798248171806335449e-01
8.616198301315307617e-01
7.003059387207031250e-01
8.446133136749267578e-01
3.966532349586486816e-01
9.216573238372802734e-01
8.451466560363769531e-01
5.625463128089904785e-01
8.814050555229187012e-01
6.920742392539978027e-01
7.619228363037109375e-01
7.687650918960571289e-01
6.988992691040039062e-01
7.858146429061889648e-01
6.287525892257690430e-01
9.116131067276000977e-01
5.922698974609375000e-01
8.008253574371337891e-01
5.796173810958862305e-01
7.890266180038452148e-01
6.623058915138244629e-01
7.512614727020263672e-01
7.793897390365600586e-01
7.695708274841308594e-01
6.644877791404724121e-01
7.621656656265258789e-01
5.837862491607666016e-01
8.220009803771972656e-01
5.084701776504516602e-01
8.381015658378601074e-01
5.927154421806335449e-01
7.742442488670349121e-01
6.320450305938720703e-01
7.918080091476440430e-01
8.676943778991699219e-01
1.847636103630065918e-01
8.558992743492126465e-01
5.358984470367431641e-01
8.279144167900085449e-01
6.566548943519592285e-01
6.877377033233642578e-01
6.108690500259399414e-01
8.425756096839904785e-01
3.587047457695007324e-01
8.069516420364379883e-01
7.365465760231018066e-01
5.081102848052978516e-01
8.236944079399108887e-01
5.221801400184631348e-01
7.338501214981079102e-01
5.953693389892578125e-01
7.101809978485107422e-01
7.412277460098266602e-01
8.380194902420043945e-01
5.584805011749267578e-01
8.154443502426147461e-01
7.262504696846008301e-01
7.277897596359252930e-01
8.411366343498229980e-01
5.602944493293762207e-01
8.399581313133239746e-01
6.428854465484619141e-01
7.091299295425415039e-01
7.707874774932861328e-01
7.153247594833374023e-01
7.407408952713012695e-01
8.457888364791870117e-01
6.817306280136108398e-01
7.607729434967041016e-01
7.217622995376586914e-01
6.745640635490417480e-01
6.834852695465087891e-01
7.227195501327514648e-01
8.639634847640991211e-01
4.186481535434722900e-01
9.204612374305725098e-01
7.797558903694152832e-01
7.907261848449707031e-01
8.294467926025390625e-01
8.552423715591430664e-01
5.034614801406860352e-01
9.074350595474243164e-01
3.101313710212707520e-01
8.665724992752075195e-01
6.007795929908752441e-01
8.761851787567138672e-01
6.715954542160034180e-01
8.982132673263549805e-01
4.139376282691955566e-01
7.766456604003906250e-01
7.429749369621276855e-01
5.036673545837402344e-01
9.333121180534362793e-01
5.366576313972473145e-01
7.946658134460449219e-01
7.841235995292663574e-01
7.295033931732177734e-01
7.723328471183776855e-01
7.190930843353271484e-01
7.434346079826354980e-01
7.331539392471313477e-01
8.482606410980224609e-01
6.010046005249023438e-01
8.754727840423583984e-01
7.603528499603271484e-01
7.897928953170776367e-01
2.455600500106811523e-01
9.406743645668029785e-01
1.899405419826507568e-01
9.496105909347534180e-01
6.380052566528320312e-01
6.948954463005065918e-01
6.898685693740844727e-01
6.400281190872192383e-01
6.186814308166503906e-01
7.528400421142578125e-01
5.851150751113891602e-01
7.406778931617736816e-01
7.875992059707641602e-01
6.296629905700683594e-01
8.371536135673522949e-01
6.667275428771972656e-01
8.109959363937377930e-01
5.591601133346557617e-01
8.037151098251342773e-01
8.092197179794311523e-01
6.687628030776977539e-01
8.538725376129150391e-01
7.868151068687438965e-01
8.331405520439147949e-01
5.735323429107666016e-01
9.542456269264221191e-01
4.766911864280700684e-01
8.252098560333251953e-01
3.510054349899291992e-01
9.356598854064941406e-01
4.435009956359863281e-01
7.437964081764221191e-01
8.279262781143188477e-01
5.379433631896972656e-01
8.011031746864318848e-01
5.918993949890136719e-01
8.891231417655944824e-01
4.777597188949584961e-01
8.236072063446044922e-01
5.377718806266784668e-01
7.848902940750122070e-01
6.452916860580444336e-01
8.455815315246582031e-01
6.563020944595336914e-01
7.233599424362182617e-01
7.702007293701171875e-01
6.627523899078369141e-01
7.524061203002929688e-01
6.547507643699645996e-01
8.261373043060302734e-01
5.935451984405517578e-01
8.571667075157165527e-01
6.097713708877563477e-01
7.717891931533813477e-01
8.454350233078002930e-01
7.210366129875183105e-01
8.208361864089965820e-01
6.092749834060668945e-01
7.415107488632202148e-01
6.845582723617553711e-01
7.306622862815856934e-01
7.025235891342163086e-01
7.428627014160156250e-01
7.271828651428222656e-01
7.383136749267578125e-01
6.767099499702453613e-01
8.669604063034057617e-01
3.206523060798645020e-01
9.584789276123046875e-01
3.237701654434204102e-01
8.766176104545593262e-01
7.519443631172180176e-01
6.165933609008789062e-01
7.835916280746459961e-01
5.862532854080200195e-01
7.357077598571777344e-01
4.243058562278747559e-01
9.336907267570495605e-01
2.661852240562438965e-01
7.725311517715454102e-01
8.263252973556518555e-01
4.732519984245300293e-01
9.490751028060913086e-01
6.916869878768920898e-01
7.296465635299682617e-01
6.978365778923034668e-01
6.736840605735778809e-01
6.694487929344177246e-01
7.795088291168212891e-01
5.765821337699890137e-01
8.847821950912475586e-01
6.230572462081909180e-01
7.718577384948730469e-01
9.154577255249023438e-01
4.097515046596527100e-01
8.069177269935607910e-01
8.197623491287231445e-01
5.367231369018554688e-01
8.338491916656494141e-01
6.946291923522949219e-01
7.782182693481445312e-01
7.586082220077514648e-01
7.777664661407470703e-01
8.046889901161193848e-01
7.279047966003417969e-01
7.171754837036132812e-01
7.050940990447998047e-01
8.419939279556274414e-01
6.050252914428710938e-01
8.554964065551757812e-01
6.415789127349853516e-01
7.774760723114013672e-01
7.399984598159790039e-01
6.731815338134765625e-01
8.067222833633422852e-01
6.150490641593933105e-01
8.807187676429748535e-01
4.871364831924438477e-01
8.672314882278442383e-01
6.818039417266845703e-01
7.321411371231079102e-01
7.305839061737060547e-01
8.679215908050537109e-01
4.556517601013183594e-01
9.102865457534790039e-01
2.710219025611877441e-01
9.497556090354919434e-01
3.813483119010925293e-01
9.470740556716918945e-01
6.758498549461364746e-01
6.765584945678710938e-01
8.113815188407897949e-01
7.193006277084350586e-01
7.832838296890258789e-01
6.506335139274597168e-01
8.168017864227294922e-01
6.727536916732788086e-01
7.732425928115844727e-01
7.036571502685546875e-01
5.879566669464111328e-01
8.020319938659667969e-01
3.963472247123718262e-01
9.326091408729553223e-01
4.812184870243072510e-01
8.483517169952392578e-01
5.574615001678466797e-01
7.386968731880187988e-01
5.105093717575073242e-01
7.633946537971496582e-01
6.262239217758178711e-01
8.160784840583801270e-01
3.737316727638244629e-01
9.508076906204223633e-01
4.871839880943298340e-01
8.274630308151245117e-01
8.614913225173950195e-01
6.533551216125488281e-01
7.752815485000610352e-01
6.562795042991638184e-01
7.581877112388610840e-01
8.082452416419982910e-01
7.345489859580993652e-01
6.438568830490112305e-01
7.839543819427490234e-01
7.778058648109436035e-01
6.882120370864868164e-01
7.683627605438232422e-01
6.258531212806701660e-01
8.207577466964721680e-01
7.269464731216430664e-01
8.412125706672668457e-01
6.140743494033813477e-01
8.383835554122924805e-01
6.978908777236938477e-01
8.144980669021606445e-01
4.250018894672393799e-01
8.799455761909484863e-01
5.958965420722961426e-01
8.486538529396057129e-01
6.720284223556518555e-01
7.690793275833129883e-01
8.375650644302368164e-01
5.561988353729248047e-01
9.490189552307128906e-01
4.879461228847503662e-01
8.377726078033447266e-01
8.496398925781250000e-01
6.939303874969482422e-01
7.873906493186950684e-01
8.558213114738464355e-01
5.261859893798828125e-01
9.126710891723632812e-01
7.347256541252136230e-01
5.575594305992126465e-01
9.006062746047973633e-01
3.439142704010009766e-01
9.732189178466796875e-01
1.627277135848999023e-01
9.370890855789184570e-01
4.783744513988494873e-01
7.751140594482421875e-01
6.069859266281127930e-01
6.759280562400817871e-01
7.821650505065917969e-01
5.410788059234619141e-01
7.840055227279663086e-01
7.556040287017822266e-01
7.511253952980041504e-01
6.834557056427001953e-01
6.903866529464721680e-01
8.497166633605957031e-01
5.272654294967651367e-01
8.533564805984497070e-01
6.312499046325683594e-01
8.764873147010803223e-01
8.601197004318237305e-01
8.876388072967529297e-01
1.400382816791534424e-01
8.472557067871093750e-01
8.586993813514709473e-02
8.617833852767944336e-01
5.261572599411010742e-01
6.639509797096252441e-01
7.924110293388366699e-01
5.371861457824707031e-01
7.295479774475097656e-01
4.971600174903869629e-01
5.799495577812194824e-01
4.993022084236145020e-01
7.483091354370117188e-01
7.469030618667602539e-01
5.123337507247924805e-01
8.502814173698425293e-01
4.115353226661682129e-01
6.660296916961669922e-01
7.001100778579711914e-01
5.635616183280944824e-01
7.777212858200073242e-01
6.290950775146484375e-01
7.299128174781799316e-01
6.764476299285888672e-01
6.554849743843078613e-01
5.784015059471130371e-01
7.460879087448120117e-01
7.456776499748229980e-01
7.160705327987670898e-01
6.168258190155029297e-01
8.315691947937011719e-01
3.912623524665832520e-01
8.999537229537963867e-01
4.208842515945434570e-01
9.134637117385864258e-01
5.745086669921875000e-01
7.812007665634155273e-01
6.220300793647766113e-01
7.838225364685058594e-01
7.249628901481628418e-01
6.713007092475891113e-01
8.130276203155517578e-01
6.602001786231994629e-01
7.695869207382202148e-01
5.998260974884033203e-01
7.584661841392517090e-01
7.684925794601440430e-01
7.464198470115661621e-01
6.808196306228637695e-01
7.000384926795959473e-01
6.636476516723632812e-01
8.728600740432739258e-01
3.340716063976287842e-01
9.004827141761779785e-01
7.475036382675170898e-01
7.321325540542602539e-01
7.523705959320068359e-01
6.273770928382873535e-01
6.999143362045288086e-01
7.023793458938598633e-01
7.031953930854797363e-01
7.757259607315063477e-01
6.644154787063598633e-01
7.365874052047729492e-01
7.610136270523071289e-01
5.821628570556640625e-01
8.428490161895751953e-01
5.837907791137695312e-01
7.875442504882812500e-01
8.184621334075927734e-01
5.163781642913818359e-01
8.792552351951599121e-01
6.640055179595947266e-01
7.721979618072509766e-01
8.847410678863525391e-01
4.216033816337585449e-01
8.742724061012268066e-01
3.799500763416290283e-01
9.463850259780883789e-01
6.705964803695678711e-01
7.458908557891845703e-01
6.666898727416992188e-01
6.996742486953735352e-01
6.501510143280029297e-01
8.100889325141906738e-01
6.991758346557617188e-01
7.173247337341308594e-01
8.812156915664672852e-01
6.407999396324157715e-01
8.604800105094909668e-01
8.164857625961303711e-01
7.307757735252380371e-01
8.467304706573486328e-01
5.847679376602172852e-01
7.653697729110717773e-01
6.476018428802490234e-01
8.680601119995117188e-01
3.701038062572479248e-01
8.810423612594604492e-01
5.087941288948059082e-01
8.770509958267211914e-01
6.219131946563720703e-01
7.415298223495483398e-01
7.916026711463928223e-01
7.235899567604064941e-01
6.518778800964355469e-01
8.051417469978332520e-01
5.726039409637451172e-01
8.472151160240173340e-01
4.528082013130187988e-01
9.214679002761840820e-01
3.318200409412384033e-01
9.181754589080810547e-01
6.879618167877197266e-01
7.264385819435119629e-01
8.239111304283142090e-01
5.569172501564025879e-01
8.985372185707092285e-01
5.602449178695678711e-01
8.558086752891540527e-01
6.622008681297302246e-01
8.331100940704345703e-01
7.265980839729309082e-01
7.627421617507934570e-01
8.570615649223327637e-01
6.959880590438842773e-01
6.766312122344970703e-01
8.104410171508789062e-01
7.743610143661499023e-01
6.201500892639160156e-01
8.921232223510742188e-01
5.114687681198120117e-01
8.472277522087097168e-01
7.212892174720764160e-01
8.721714019775390625e-01
6.995923519134521484e-01
6.785601377487182617e-01
8.008359074592590332e-01
5.591220855712890625e-01
8.615161180496215820e-01
6.250817775726318359e-01
8.728942871093750000e-01
6.422833204269409180e-01
7.559642791748046875e-01
7.353175878524780273e-01
7.539306879043579102e-01
8.573702573776245117e-01
8.380703926086425781e-01
6.630265712738037109e-01
7.852337956428527832e-01
5.601413846015930176e-01
8.177633881568908691e-01
6.071259975433349609e-01
8.353593349456787109e-01
6.150718331336975098e-01
8.545000553131103516e-01
3.212602138519287109e-01
9.303314685821533203e-01
6.076159477233886719e-01
8.579667806625366211e-01
7.074822187423706055e-01
7.417050600051879883e-01
7.715675830841064453e-01
7.902070283889770508e-01
7.506957054138183594e-01
8.358047604560852051e-01
6.546661853790283203e-01
8.067694902420043945e-01
7.060445547103881836e-01
8.497899770736694336e-01
7.530047297477722168e-01
7.806261181831359863e-01
7.751962542533874512e-01
7.498891353607177734e-01
7.965781092643737793e-01
7.287888526916503906e-01
8.591910600662231445e-01
2.153222858905792236e-01
9.260674715042114258e-01
7.809868454933166504e-02
9.210402369499206543e-01
5.311495065689086914e-01
7.361072301864624023e-01
7.213887572288513184e-01
4.644550383090972900e-01
8.253039121627807617e-01
5.109075307846069336e-01
8.192203640937805176e-01
6.115543246269226074e-01
7.424954175949096680e-01
8.468984961509704590e-01
4.995889663696289062e-01
9.042806625366210938e-01
7.359110713005065918e-01
7.976334691047668457e-01
6.691633462905883789e-01
7.010102272033691406e-01
6.079373359680175781e-01
7.869577407836914062e-01
5.179841518402099609e-01
8.638393282890319824e-01
5.126188993453979492e-01
8.544610738754272461e-01
5.418717265129089355e-01
8.357442021369934082e-01
6.025474071502685547e-01
7.450667619705200195e-01
7.167819738388061523e-01
7.963849902153015137e-01
6.625858545303344727e-01
8.037644028663635254e-01
7.532687187194824219e-01
6.548656225204467773e-01
8.369040489196777344e-01
4.965046644210815430e-01
9.237926006317138672e-01
6.641905903816223145e-01
7.049021720886230469e-01
7.295051813125610352e-01
5.796491503715515137e-01
8.632217645645141602e-01
7.918310165405273438e-01
7.989394068717956543e-01
7.983422279357910156e-01
6.388400793075561523e-01
8.707862496376037598e-01
6.471284627914428711e-01
9.100052714347839355e-01
3.712590336799621582e-01
9.380162954330444336e-01
3.378100097179412842e-01
9.328940510749816895e-01
5.785716176033020020e-01
6.276034116744995117e-01
5.431163311004638672e-01
6.658989787101745605e-01
5.208259224891662598e-01
8.205947875976562500e-01
5.170428752899169922e-01
8.762834072113037109e-01
3.355910778045654297e-01
8.333520889282226562e-01
6.819973587989807129e-01
5.967640280723571777e-01
9.440126419067382812e-01
5.533467531204223633e-01
6.838858127593994141e-01
8.464838266372680664e-01
5.992450714111328125e-01
8.146401643753051758e-01
4.051789045333862305e-01
9.098892211914062500e-01
5.752626657485961914e-01
8.419058322906494141e-01
6.838637590408325195e-01
8.367193937301635742e-01
6.887793540954589844e-01
8.875526785850524902e-01
4.323287904262542725e-01
9.215561151504516602e-01
5.026158094406127930e-01
8.333382606506347656e-01
5.340367555618286133e-01
8.457611799240112305e-01
4.135142564773559570e-01
9.073172807693481445e-01
3.810632824897766113e-01
9.307027459144592285e-01
4.215366244316101074e-01
8.894130587577819824e-01
5.055606365203857422e-01
8.538326025009155273e-01
8.269370198249816895e-01
6.018157005310058594e-01
7.852233648300170898e-01
6.401775479316711426e-01
6.945902705192565918e-01
8.134439587593078613e-01
7.446949481964111328e-01
7.425873279571533203e-01
7.078135013580322266e-01
8.358421921730041504e-01
6.822987794876098633e-01
6.732885837554931641e-01
7.471114993095397949e-01
5.770686864852905273e-01
9.203500747680664062e-01
2.657343447208404541e-01
8.917995691299438477e-01
2.944904565811157227e-01
9.161108136177062988e-01
3.503954708576202393e-01
9.213490486145019531e-01
5.848489403724670410e-01
7.666575908660888672e-01
6.214262247085571289e-01
7.583484649658203125e-01
4.873228967189788818e-01
8.602690696716308594e-01
5.744559168815612793e-01
7.207940816879272461e-01
8.945770263671875000e-01
4.868984222412109375e-01
8.658125400543212891e-01
6.018170118331909180e-01
7.745362520217895508e-01
7.642107009887695312e-01
6.328462362289428711e-01
8.950988054275512695e-01
6.450650691986083984e-01
7.767788171768188477e-01
7.415932416915893555e-01
7.678983807563781738e-01
6.548695564270019531e-01
8.810200691223144531e-01
4.958277940750122070e-01
7.722295522689819336e-01
8.178194761276245117e-01
6.287003755569458008e-01
7.839831709861755371e-01
7.129219770431518555e-01
8.057999610900878906e-01
7.940794229507446289e-01
4.558397233486175537e-01
8.664866089820861816e-01
4.263952076435089111e-01
8.414672017097473145e-01
7.404711246490478516e-01
8.115552663803100586e-01
7.088973522186279297e-01
7.725473642349243164e-01
6.781158447265625000e-01
8.701378107070922852e-01
4.596621394157409668e-01
8.321094512939453125e-01
8.010601997375488281e-01
6.578465700149536133e-01
8.157497644424438477e-01
6.676205396652221680e-01
6.505953073501586914e-01
7.723067402839660645e-01
6.637402176856994629e-01
7.626552581787109375e-01
8.359091281890869141e-01
7.435367107391357422e-01
8.311921358108520508e-01
6.691708564758300781e-01
7.565068006515502930e-01
7.959256172180175781e-01
6.897969245910644531e-01
8.535327911376953125e-01
7.829726934432983398e-01
5.182408094406127930e-01
9.335852265357971191e-01
6.076725721359252930e-01
7.095510363578796387e-01
9.378873109817504883e-01
4.445032775402069092e-01
8.461534976959228516e-01
6.441429853439331055e-01
7.971639037132263184e-01
6.374168992042541504e-01
8.727612495422363281e-01
5.501930713653564453e-01
8.290721178054809570e-01
7.387173771858215332e-01
8.647189140319824219e-01
4.898576736450195312e-01
8.365770578384399414e-01
3.931246995925903320e-01
9.242523908615112305e-01
2.181643843650817871e-01
9.277009367942810059e-01
2.196770012378692627e-01
9.112172126770019531e-01
2.753375172615051270e-01
8.617805242538452148e-01
7.318146228790283203e-01
5.938848853111267090e-01
8.111426234245300293e-01
5.082224607467651367e-01
8.150948286056518555e-01
4.779008328914642334e-01
8.653204441070556641e-01
5.456660985946655273e-01
8.646706342697143555e-01
5.216202735900878906e-01
6.329259872436523438e-01
8.324306607246398926e-01
5.819094181060791016e-01
7.753258943557739258e-01
6.683623790740966797e-01
7.898507118225097656e-01
7.288673520088195801e-01
7.843788266181945801e-01
6.570326089859008789e-01
8.333015441894531250e-01
4.841342568397521973e-01
8.776355981826782227e-01
7.780343294143676758e-01
7.979792356491088867e-01
7.391703724861145020e-01
7.790678739547729492e-01
6.592864394187927246e-01
8.205327987670898438e-01
6.645981073379516602e-01
8.170238733291625977e-01
5.534604787826538086e-01
8.767628669738769531e-01
6.017596721649169922e-01
7.905052900314331055e-01
7.917830944061279297e-01
6.711469888687133789e-01
9.038059711456298828e-01
2.834326028823852539e-01
8.435733318328857422e-01
4.664737880229949951e-01
9.030035138130187988e-01
4.902849793434143066e-01
7.788800001144409180e-01
7.130148410797119141e-01
5.570868253707885742e-01
7.864714860916137695e-01
6.797326803207397461e-01
7.789822816848754883e-01
7.472547292709350586e-01
4.913298487663269043e-01
9.385384321212768555e-01
2.275463938713073730e-01
8.652538061141967773e-01
6.119642853736877441e-01
7.597916126251220703e-01
7.515196800231933594e-01
7.438013553619384766e-01
6.905176639556884766e-01
6.883957386016845703e-01
7.706617712974548340e-01
5.167373418807983398e-01
8.176116943359375000e-01
5.209604501724243164e-01
8.527698516845703125e-01
7.587361335754394531e-01
6.723767518997192383e-01
8.782907724380493164e-01
3.867229223251342773e-01
8.480298519134521484e-01
3.710163831710815430e-01
9.262380599975585938e-01
5.728178024291992188e-01
7.994365692138671875e-01
7.114420533180236816e-01
6.366053223609924316e-01
6.656488180160522461e-01
4.640454947948455811e-01
8.402857184410095215e-01
5.414427518844604492e-01
8.956387639045715332e-01
5.566878318786621094e-01
8.589479923248291016e-01
6.498768329620361328e-01
8.271347284317016602e-01
6.357144117355346680e-01
7.338606119155883789e-01
8.173637986183166504e-01
5.858145952224731445e-01
8.480748534202575684e-01
7.699930667877197266e-01
7.529636025428771973e-01
6.913218498229980469e-01
7.943186759948730469e-01
7.271071672439575195e-01
6.280072927474975586e-01
8.278368711471557617e-01
8.314346075057983398e-01
5.453864336013793945e-01
9.207198619842529297e-01
5.152682065963745117e-01
8.856920003890991211e-01
7.251140475273132324e-01
7.021499872207641602e-01
8.858190178871154785e-01
3.535167574882507324e-01
8.845852017402648926e-01
5.349417328834533691e-01
7.944151163101196289e-01
8.364402651786804199e-01
7.827441692352294922e-01
7.901889085769653320e-01
7.768399119377136230e-01
7.556374073028564453e-01
6.980371475219726562e-01
6.896063089370727539e-01
6.619151234626770020e-01
8.143430948257446289e-01
4.583451151847839355e-01
8.921670913696289062e-01
4.700798094272613525e-01
8.487739562988281250e-01
7.733964920043945312e-01
6.837024688720703125e-01
9.147128462791442871e-01
3.710779249668121338e-01
8.852436542510986328e-01
4.538642168045043945e-01
9.015296697616577148e-01
7.664043307304382324e-01
6.067358255386352539e-01
8.722966909408569336e-01
2.221383154392242432e-01
9.355750083923339844e-01
4.863881468772888184e-01
8.555949330329895020e-01
6.311033368110656738e-01
7.268978357315063477e-01
7.597794532775878906e-01
3.860619664192199707e-01
9.524196982383728027e-01
4.859410226345062256e-01
7.452062368392944336e-01
7.851309776306152344e-01
6.915662288665771484e-01
7.402803897857666016e-01
7.096289992332458496e-01
7.778937220573425293e-01
7.663561105728149414e-01
7.451487779617309570e-01
7.012984752655029297e-01
7.027126550674438477e-01
7.869743108749389648e-01
8.169838190078735352e-01
6.717773675918579102e-01
8.665722012519836426e-01
6.574921607971191406e-01
7.337129116058349609e-01
8.882461786270141602e-01
7.043420672416687012e-01
6.270898580551147461e-01
8.637622594833374023e-01
2.801916003227233887e-01
8.001366853713989258e-01
8.172867894172668457e-01
4.847461581230163574e-01
8.876098990440368652e-01
7.009930610656738281e-01
8.162349462509155273e-01
5.427349805831909180e-01
9.126487970352172852e-01
4.013799428939819336e-01
8.337812423706054688e-01
5.721670389175415039e-01
7.430723905563354492e-01
7.630978822708129883e-01
5.948957204818725586e-01
6.629973649978637695e-01
5.754879713058471680e-01
9.106889963150024414e-01
4.919052422046661377e-01
9.053615927696228027e-01
6.412036418914794922e-01
8.063688874244689941e-01
6.363774538040161133e-01
8.863600492477416992e-01
4.926951825618743896e-01
8.716681003570556641e-01
4.141066968441009521e-01
8.480179905891418457e-01
6.328740715980529785e-01
8.289682865142822266e-01
7.300766706466674805e-01
6.536611318588256836e-01
7.094479799270629883e-01
7.419925928115844727e-01
6.184021830558776855e-01
8.885922431945800781e-01
5.388000607490539551e-01
8.553258180618286133e-01
5.713322162628173828e-01
8.652006387710571289e-01
6.180336475372314453e-01
7.485499978065490723e-01
6.926224231719970703e-01
8.102837800979614258e-01
8.199782967567443848e-01
7.647712230682373047e-01
9.006951451301574707e-01
5.616567134857177734e-01
9.262315034866333008e-01
5.797066688537597656e-01
8.639726638793945312e-01
6.118639707565307617e-01
7.921507358551025391e-01
6.977794170379638672e-01
7.101261019706726074e-01
8.103666305541992188e-01
6.698940992355346680e-01
7.907781004905700684e-01
8.677737116813659668e-01
6.455138325691223145e-01
8.023139834403991699e-01
8.490554094314575195e-01
6.085895895957946777e-01
8.989102840423583984e-01
2.720754742622375488e-01
8.529788851737976074e-01
3.819439113140106201e-01
8.793574571609497070e-01
6.099760532379150391e-01
6.519100666046142578e-01
7.489295601844787598e-01
6.885046958923339844e-01
8.585276603698730469e-01
2.877953350543975830e-01
9.446519613265991211e-01
6.305370926856994629e-01
6.942776441574096680e-01
8.971316814422607422e-01
6.069146990776062012e-01
7.987279891967773438e-01
7.097243070602416992e-01
7.059580087661743164e-01
8.196624517440795898e-01
7.232170104980468750e-01
6.445977687835693359e-01
8.339400291442871094e-01
5.315048098564147949e-01
7.667862772941589355e-01
6.951014399528503418e-01
6.752811074256896973e-01
8.004167079925537109e-01
7.017661333084106445e-01
6.824893951416015625e-01
6.901933550834655762e-01
7.486708164215087891e-01
8.191936016082763672e-01
5.217527747154235840e-01
9.357139468193054199e-01
1.178478300571441650e-01
8.429344892501831055e-01
6.746441721916198730e-01
6.677263975143432617e-01
7.726679444313049316e-01
4.484810233116149902e-01
8.586701750755310059e-01
4.067174792289733887e-01
8.854731321334838867e-01
6.392383575439453125e-01
7.691303491592407227e-01
5.476663112640380859e-01
8.285851478576660156e-01
5.488846898078918457e-01
7.731664180755615234e-01
7.409348487854003906e-01
7.676467895507812500e-01
7.865560054779052734e-01
8.748461008071899414e-01
2.923164367675781250e-01
8.235250711441040039e-01
7.423425912857055664e-01
5.847562551498413086e-01
8.838673233985900879e-01
6.572986841201782227e-01
8.389097452163696289e-01
6.393477916717529297e-01
9.240344762802124023e-01
5.101728439331054688e-01
7.815830111503601074e-01
7.257294058799743652e-01
5.962773561477661133e-01
8.406004905700683594e-01
5.210441350936889648e-01
8.732247352600097656e-01
6.557689905166625977e-01
9.085114002227783203e-01
4.992420971393585205e-01
9.393337368965148926e-01
2.653703689575195312e-01
9.137896299362182617e-01
7.937713861465454102e-01
7.693957686424255371e-01
7.086817026138305664e-01
8.104013204574584961e-01
6.884522438049316406e-01
7.884565591812133789e-01
7.700538039207458496e-01
6.630390286445617676e-01
8.364008665084838867e-01
6.293836832046508789e-01
8.460278511047363281e-01
7.345340847969055176e-01
7.658204436302185059e-01
8.442128896713256836e-01
6.673102378845214844e-01
7.481803894042968750e-01
8.244218826293945312e-01
7.582043409347534180e-01
8.037475347518920898e-01
5.975922346115112305e-01
8.135985732078552246e-01
6.688982248306274414e-01
6.873078942298889160e-01
8.982075452804565430e-01
4.841786921024322510e-01
8.859320282936096191e-01
6.223637461662292480e-01
8.887774944305419922e-01
6.007659435272216797e-01
9.219895601272583008e-01
5.768019556999206543e-01
8.555475473403930664e-01
5.218399167060852051e-01
8.280471563339233398e-01
5.540643930435180664e-01
9.161847829818725586e-01
3.913806676864624023e-01
8.480229377746582031e-01
8.116031885147094727e-01
8.018695116043090820e-01
9.133720397949218750e-01
6.353641152381896973e-01
8.763879537582397461e-01
5.744990110397338867e-01
8.083077669143676758e-01
8.321207761764526367e-01
7.525161504745483398e-01
9.057816863059997559e-01
3.992567062377929688e-01
9.061100482940673828e-01
2.280584573745727539e-01
9.666814804077148438e-01
5.786477923393249512e-01
6.809356212615966797e-01
8.188496828079223633e-01
5.576278567314147949e-01
7.640616893768310547e-01
6.067527532577514648e-01
8.033561110496520996e-01
5.093378424644470215e-01
8.229415416717529297e-01
6.132886409759521484e-01
7.854911088943481445e-01
7.881521582603454590e-01
6.400847434997558594e-01
8.905507326126098633e-01
4.023206830024719238e-01
8.651199340820312500e-01
5.264654159545898438e-01
8.792870044708251953e-01
5.091106295585632324e-01
8.815746307373046875e-01
5.547851324081420898e-01
8.248651027679443359e-01
6.655396223068237305e-01
8.356626629829406738e-01
6.719352602958679199e-01
8.142768740653991699e-01
7.946341037750244141e-01
4.316958487033843994e-01
8.938903808593750000e-01
3.397071361541748047e-01
9.222397804260253906e-01
4.199421405792236328e-01
8.788462877273559570e-01
6.826636791229248047e-01
7.183901667594909668e-01
7.014028429985046387e-01
7.219609022140502930e-01
5.784696936607360840e-01
8.719763755798339844e-01
2.624817490577697754e-01
9.212754368782043457e-01
6.437911987304687500e-01
8.323522806167602539e-01
7.941262722015380859e-01
7.010492086410522461e-01
8.632268905639648438e-01
6.669148206710815430e-01
7.484458088874816895e-01
7.895169258117675781e-01
5.794125795364379883e-01
8.574537038803100586e-01
4.412798881530761719e-01
8.229105472564697266e-01
5.351150035858154297e-01
9.183870553970336914e-01
6.127507090568542480e-01
6.679428219795227051e-01
8.942506313323974609e-01
3.953163027763366699e-01
8.950289487838745117e-01
4.962209761142730713e-01
8.298976421356201172e-01
6.451264619827270508e-01
7.953621745109558105e-01
5.393449068069458008e-01
8.987879753112792969e-01
3.701878190040588379e-01
7.728110551834106445e-01
8.321121931076049805e-01
6.429160833358764648e-01
7.988853454589843750e-01
8.291529417037963867e-01
5.867165327072143555e-01
8.527616262435913086e-01
6.688979864120483398e-01
6.517075300216674805e-01
7.991762161254882812e-01
6.180379986763000488e-01
6.692813634872436523e-01
8.382141590118408203e-01
3.182582855224609375e-01
8.748706579208374023e-01
6.944736242294311523e-01
7.304412126541137695e-01
6.341778039932250977e-01
8.613930940628051758e-01
6.117994785308837891e-01
8.859497308731079102e-01
6.394210457801818848e-01
7.757499217987060547e-01
6.802628636360168457e-01
8.166555762290954590e-01
8.268078565597534180e-01
9.033936262130737305e-01
1.220110654830932617e-01
8.715858459472656250e-01
4.563710391521453857e-01
9.374530315399169922e-01
5.510320067405700684e-01
7.964294552803039551e-01
8.340450525283813477e-01
3.650593459606170654e-01
8.835012912750244141e-01
4.652023315429687500e-01
8.475668430328369141e-01
5.537507534027099609e-01
7.990599274635314941e-01
6.575886011123657227e-01
7.321323156356811523e-01
6.253835558891296387e-01
8.777912259101867676e-01
5.606900453567504883e-01
8.839264512062072754e-01
7.427535057067871094e-01
6.960558891296386719e-01
8.272616863250732422e-01
6.238415241241455078e-01
7.289135456085205078e-01
7.894278168678283691e-01
6.390020847320556641e-01
8.669614195823669434e-01
4.838263690471649170e-01
8.646539449691772461e-01
6.331111192703247070e-01
7.293243408203125000e-01
7.956330776214599609e-01
6.965548992156982422e-01
7.367636561393737793e-01
8.068659305572509766e-01
5.570415258407592773e-01
8.380086421966552734e-01
6.782915592193603516e-01
7.735490798950195312e-01
6.934820413589477539e-01
8.069657087326049805e-01
7.142497897148132324e-01
7.983177900314331055e-01
8.208378553390502930e-01
7.370570898056030273e-01
8.257740736007690430e-01
7.027394771575927734e-01
8.190480470657348633e-01
5.592377781867980957e-01
9.353148937225341797e-01
6.969025731086730957e-01
7.430388331413269043e-01
8.567413091659545898e-01
8.156857490539550781e-01
6.985603570938110352e-01
9.235676527023315430e-01
4.428897500038146973e-01
9.226800799369812012e-01
1.348933577537536621e-01
9.324890375137329102e-01
1.795292496681213379e-01
9.692279100418090820e-01
6.290526390075683594e-01
7.957469224929809570e-01
7.830475568771362305e-01
5.351501703262329102e-01
8.088755011558532715e-01
5.639665126800537109e-01
8.526588678359985352e-01
4.602923393249511719e-01
9.359595775604248047e-01
3.621181249618530273e-01
8.752177953720092773e-01
7.625921368598937988e-01
6.961330175399780273e-01
7.254555821418762207e-01
6.930835247039794922e-01
5.625976920127868652e-01
8.031581044197082520e-01
6.217681169509887695e-01
8.693012595176696777e-01
6.981835365295410156e-01
7.056742906570434570e-01
8.278468847274780273e-01
5.212646126747131348e-01
8.705904483795166016e-01
6.229310035705566406e-01
8.908345103263854980e-01
3.467430770397186279e-01
9.137576222419738770e-01
1.097548007965087891e-01
9.606651067733764648e-01
5.343053340911865234e-01
8.144772648811340332e-01
4.403805136680603027e-01
8.491749763488769531e-01
6.589615345001220703e-01
5.674331784248352051e-01
8.797348141670227051e-01
5.795552730560302734e-01
6.737701892852783203e-01
6.614992618560791016e-01
5.925515294075012207e-01
7.415330410003662109e-01
6.984829902648925781e-01
6.648918390274047852e-01
8.501434326171875000e-01
5.926440954208374023e-01
8.435658216476440430e-01
6.573483943939208984e-01
7.666500806808471680e-01
7.712748050689697266e-01
6.721813082695007324e-01
7.387853860855102539e-01
7.105034589767456055e-01
7.237203121185302734e-01
7.701385021209716797e-01
6.802824735641479492e-01
7.713389396667480469e-01
7.045583724975585938e-01
8.506058454513549805e-01
6.658040881156921387e-01
6.887438297271728516e-01
7.928572893142700195e-01
7.001208066940307617e-01
7.254120111465454102e-01
7.767891883850097656e-01
5.569387674331665039e-01
9.073447585105895996e-01
5.121842026710510254e-01
8.747682571411132812e-01
5.839948654174804688e-01
8.958423137664794922e-01
5.347730517387390137e-01
7.994858026504516602e-01
6.943639516830444336e-01
7.763738036155700684e-01
8.364129066467285156e-01
7.944547533988952637e-01
8.367114663124084473e-01
3.767870962619781494e-01
8.762351870536804199e-01
4.076424837112426758e-01
8.511303663253784180e-01
7.212792634963989258e-01
7.830405235290527344e-01
6.317156553268432617e-01
8.247671127319335938e-01
6.268134117126464844e-01
8.175736665725708008e-01
8.111689090728759766e-01
5.788106322288513184e-01
7.845856547355651855e-01
7.917051911354064941e-01
4.692984819412231445e-01
9.294296503067016602e-01
2.879724502563476562e-01
9.203401803970336914e-01
5.436050891876220703e-01
7.813813686370849609e-01
5.439840555191040039e-01
8.075879216194152832e-01
5.425884723663330078e-01
8.368678689002990723e-01
7.665907144546508789e-01
5.894070863723754883e-01
8.626624941825866699e-01
5.224400758743286133e-01
8.014994859695434570e-01
7.831637859344482422e-01
4.758351445198059082e-01
8.181948661804199219e-01
6.511260867118835449e-01
7.914988398551940918e-01
7.737463116645812988e-01
7.991516590118408203e-01
8.064169287681579590e-01
6.624026298522949219e-01
8.217138648033142090e-01
7.053221464157104492e-01
7.093899846076965332e-01
8.056113123893737793e-01
7.153348922729492188e-01
7.626861333847045898e-01
7.472746372222900391e-01
7.079316973686218262e-01
8.349503278732299805e-01
6.181401014328002930e-01
8.375926017761230469e-01
5.017620325088500977e-01
8.787778019905090332e-01
3.345322906970977783e-01
9.602482318878173828e-01
4.110433459281921387e-01
9.460684061050415039e-01
4.126511514186859131e-01
8.462827205657958984e-01
6.864567995071411133e-01
5.992836356163024902e-01
8.213331699371337891e-01
5.240171551704406738e-01
8.799358010292053223e-01
6.700034737586975098e-01
7.291907072067260742e-01
8.581732511520385742e-01
3.801159262657165527e-01
8.309768438339233398e-01
5.643992424011230469e-01
7.909681200981140137e-01
3.947855234146118164e-01
8.653992414474487305e-01
7.270367145538330078e-01
7.358551025390625000e-01
7.856092453002929688e-01
6.692341566085815430e-01
6.398688554763793945e-01
8.182722330093383789e-01
4.804103672504425049e-01
8.590621352195739746e-01
5.313571691513061523e-01
7.200648784637451172e-01
6.855803728103637695e-01
6.162612438201904297e-01
7.052752971649169922e-01
7.660363316535949707e-01
7.179554104804992676e-01
7.386795282363891602e-01
7.686952352523803711e-01
7.687628269195556641e-01
8.167494535446166992e-01
7.878477573394775391e-01
7.581041455268859863e-01
8.168351650238037109e-01
5.077998638153076172e-01
8.649160861968994141e-01
4.423107206821441650e-01
9.316527247428894043e-01
3.677593469619750977e-01
7.887808084487915039e-01
6.851424574851989746e-01
7.202697992324829102e-01
6.938565969467163086e-01
6.954379081726074219e-01
7.758681774139404297e-01
5.812484025955200195e-01
8.396180868148803711e-01
5.677947998046875000e-01
8.344033360481262207e-01
7.140189409255981445e-01
8.668298721313476562e-01
7.812609076499938965e-01
8.107128739356994629e-01
7.216761112213134766e-01
7.302909493446350098e-01
7.146385908126831055e-01
7.045872211456298828e-01
7.943829894065856934e-01
5.725989937782287598e-01
8.609215021133422852e-01
5.013297200202941895e-01
8.557831645011901855e-01
5.340404510498046875e-01
8.185492753982543945e-01
5.316588878631591797e-01
8.862323760986328125e-01
5.122675895690917969e-01
8.694866299629211426e-01
6.428253650665283203e-01
8.556226491928100586e-01
6.485227346420288086e-01
7.672502398490905762e-01
8.133616447448730469e-01
6.893059015274047852e-01
9.081199765205383301e-01
6.010543107986450195e-01
7.663984894752502441e-01
8.409585952758789062e-01
4.954355955123901367e-01
8.839604258537292480e-01
2.280874252319335938e-01
9.268931150436401367e-01
2.390372008085250854e-01
8.914860486984252930e-01
6.792969107627868652e-01
6.616445183753967285e-01
7.423692941665649414e-01
5.184448361396789551e-01
9.016181826591491699e-01
6.177616715431213379e-01
7.890372276306152344e-01
7.009937167167663574e-01
6.105448603630065918e-01
8.487350940704345703e-01
4.088195562362670898e-01
8.600822687149047852e-01
4.314004182815551758e-01
8.601077198982238770e-01
5.675829648971557617e-01
7.101600170135498047e-01
8.484955430030822754e-01
6.647485494613647461e-01
5.982198119163513184e-01
8.994606137275695801e-01
5.016970634460449219e-01
8.629997968673706055e-01
7.712073922157287598e-01
5.522229671478271484e-01
8.245266675949096680e-01
6.036614179611206055e-01
7.834098935127258301e-01
7.111032009124755859e-01
6.321939229965209961e-01
7.911410331726074219e-01
6.183493137359619141e-01
8.082342147827148438e-01
7.408354878425598145e-01
7.939867973327636719e-01
6.705018877983093262e-01
7.829585671424865723e-01
8.398187160491943359e-01
7.333499193191528320e-01
7.922163009643554688e-01
8.946756720542907715e-01
4.694400131702423096e-01
7.474356889724731445e-01
6.570407152175903320e-01
6.465765237808227539e-01
7.963236570358276367e-01
6.438788175582885742e-01
7.623767852783203125e-01
5.448542237281799316e-01
8.700413107872009277e-01
4.670696854591369629e-01
9.192799329757690430e-01
2.665590047836303711e-01
9.057811498641967773e-01
5.359828472137451172e-01
8.177632689476013184e-01
6.184014081954956055e-01
7.765321731567382812e-01
7.589710950851440430e-01
6.994050145149230957e-01
6.947447061538696289e-01
7.828930020332336426e-01
5.580618977546691895e-01
