2.009287595748901367e+00
1.679095268249511719e+00
1.219471573829650879e+00
8.399475812911987305e-01
1.108841896057128906e+00
9.721047878265380859e-01
8.553333282470703125e-01
6.968237757682800293e-01
8.802798986434936523e-01
6.263068914413452148e-01
7.279903888702392578e-01
6.991401314735412598e-01
5.629810094833374023e-01
7.477262020111083984e-01
2.763336598873138428e-01
8.017171621322631836e-01
3.844374716281890869e-01
4.070532023906707764e-01
7.249215841293334961e-01
3.496748507022857666e-01
4.060789346694946289e-01
3.205797672271728516e-01
1.582664251327514648e-01
5.461963415145874023e-01
2.374606281518936157e-01
2.010625600814819336e-01
2.289774894714355469e+00
3.518557846546173096e-01
2.328055053949356079e-01
2.772261202335357666e-01
8.257474005222320557e-02
2.928196907043457031e+00
1.191612854599952698e-01
3.525604009628295898e-01
1.835402697324752808e-01
9.945587813854217529e-02
6.993547081947326660e-02
3.540125608444213867e+00
1.209167465567588806e-01
2.737809121608734131e-01
2.794130444526672363e-01
1.282624155282974243e-01
2.631683349609375000e-01
5.483689308166503906e-01
1.729637533426284790e-01
1.549562662839889526e-01
1.466504037380218506e-01
1.668032884597778320e+00
3.625974357128143311e-01
4.970878660678863525e-01
1.239242851734161377e-01
5.517936125397682190e-02
9.252073615789413452e-02
5.016447305679321289e-01
2.977140620350837708e-02
5.665093287825584412e-02
7.638631016016006470e-02
5.165997743606567383e-01
2.034827321767807007e-01
1.339980065822601318e-01
9.846425056457519531e-02
1.281631350517272949e+00
3.758252859115600586e-01
3.525893092155456543e-01
2.604963183403015137e-01
1.900278180837631226e-01
4.050171375274658203e-02
1.502325385808944702e-01
1.876857280731201172e-01
6.497184932231903076e-02
4.312021285295486450e-02
8.741833269596099854e-02
4.379694759845733643e-01
7.434620708227157593e-02
4.088988006114959717e-01
1.515167653560638428e-01
2.021524161100387573e-01
3.730956017971038818e-01
9.538226574659347534e-02
2.555639445781707764e-01
4.630397632718086243e-02
1.036634594202041626e-01
3.204773366451263428e-01
9.077770262956619263e-02
1.145071387290954590e-01
6.684551388025283813e-02
2.783495187759399414e-01
1.446207165718078613e-01
9.754408150911331177e-02
6.573642045259475708e-02
2.968975901603698730e-01
1.461934000253677368e-01
8.309257775545120239e-02
2.474571466445922852e-01
1.816891431808471680e-01
1.050114557147026062e-01
3.665775060653686523e-01
9.014011174440383911e-02
3.743145465850830078e-01
2.600223124027252197e-01
9.552103281021118164e-02
1.217459589242935181e-01
1.493543684482574463e-01
4.158167243003845215e-01
5.785555243492126465e-01
4.962852299213409424e-01
7.916064858436584473e-01
3.126364052295684814e-01
4.022099375724792480e-01
2.830955386161804199e-01
2.458462119102478027e-01
4.757166206836700439e-01
8.832931518554687500e-01
1.670843720436096191e+00
1.893914192914962769e-01
7.423614859580993652e-01
8.729218840599060059e-01
2.155289202928543091e-01
5.622791647911071777e-01
6.428976655006408691e-01
3.251334130764007568e-01
2.172263115644454956e-01
2.642560601234436035e-01
3.161140084266662598e-01
4.855117797851562500e-01
7.627710103988647461e-01
9.841778874397277832e-01
4.831978082656860352e-01
3.540382087230682373e-01
3.880268335342407227e-01
4.047383964061737061e-01
6.005135774612426758e-01
3.998648822307586670e-01
3.139186203479766846e-01
4.261957406997680664e-01
4.650865197181701660e-01
3.843069076538085938e-01
5.049445629119873047e-01
1.195985555648803711e+00
1.137932777404785156e+00
1.043667078018188477e+00
3.790561556816101074e-01
6.489592194557189941e-01
2.922821640968322754e-01
3.582574725151062012e-01
3.754575550556182861e-01
5.388007164001464844e-01
4.766735732555389404e-01
5.030465126037597656e-01
6.732574701309204102e-01
8.143764138221740723e-01
4.177039265632629395e-01
5.947959423065185547e-01
8.855553865432739258e-01
5.816494226455688477e-01
4.733136296272277832e-01
3.405227661132812500e-01
5.000866055488586426e-01
5.024769902229309082e-01
6.236233115196228027e-01
4.869399666786193848e-01
3.874229788780212402e-01
3.133457303047180176e-01
3.928236961364746094e-01
5.739390850067138672e-01
8.632818460464477539e-01
4.095045328140258789e-01
9.801890254020690918e-01
7.928712964057922363e-01
4.733887314796447754e-01
1.076661944389343262e+00
9.333672523498535156e-01
3.848981857299804688e-01
7.554389834403991699e-01
3.203022181987762451e-01
2.798237800598144531e-01
3.344495296478271484e-01
5.123380422592163086e-01
4.047470688819885254e-01
3.796646595001220703e-01
3.503459095954895020e-01
3.152636289596557617e-01
4.010303616523742676e-01
3.264409303665161133e-01
2.962008118629455566e-01
4.081717133522033691e-01
3.097970485687255859e-01
2.293813079595565796e-01
3.039792180061340332e-01
3.577458262443542480e-01
3.357148170471191406e-01
2.499174773693084717e-01
3.587067127227783203e-01
4.132648706436157227e-01
2.700521051883697510e-01
3.519545793533325195e-01
2.521386742591857910e-01
2.108325064182281494e-01
1.520114243030548096e-01
2.114132940769195557e-01
1.474966406822204590e-01
2.596381306648254395e-01
1.732700467109680176e-01
2.415243238210678101e-01
2.831526696681976318e-01
1.757572591304779053e-01
1.431644707918167114e-01
2.374545633792877197e-01
1.447782218456268311e-01
1.585601717233657837e-01
2.674509882926940918e-01
1.518802493810653687e-01
1.708732247352600098e-01
2.577369213104248047e-01
1.389404386281967163e-01
1.615171432495117188e-01
1.413595229387283325e-01
2.893481254577636719e-01
3.853308558464050293e-01
1.733358502388000488e-01
2.773118615150451660e-01
2.971775829792022705e-01
1.181439161300659180e-01
1.263023763895034790e-01
2.494059503078460693e-01
1.721207350492477417e-01
2.610073983669281006e-01
4.056524038314819336e-01
2.278561741113662720e-01
3.582907319068908691e-01
9.973932504653930664e-01
1.080421447753906250e+00
3.039294183254241943e-01
1.218337297439575195e+00
1.919419318437576294e-01
3.683349490165710449e-01
1.090385913848876953e-01
2.789798080921173096e-01
1.403253674507141113e-01
6.754542887210845947e-02
7.812688499689102173e-02
1.823115348815917969e-01
2.084256410598754883e-01
3.380596041679382324e-01
1.962358951568603516e-01
2.255633175373077393e-01
4.066257476806640625e-01
6.893318891525268555e-01
1.532501816749572754e+00
3.786266744136810303e-01
4.944145977497100830e-01
1.954776346683502197e-01
1.593357473611831665e-01
3.305501043796539307e-01
4.194728136062622070e-01
3.682318031787872314e-01
3.414937257766723633e-01
2.578150033950805664e-01
2.290881574153900146e-01
2.160504758358001709e-01
1.352655887603759766e-01
2.551694810390472412e-01
3.793577551841735840e-01
4.437491297721862793e-01
2.979696989059448242e-01
1.852426379919052124e-01
2.533469796180725098e-01
2.660382986068725586e-01
2.549324333667755127e-01
3.494576811790466309e-01
2.983490526676177979e-01
3.101847469806671143e-01
4.364334940910339355e-01
1.465379595756530762e-01
1.201624348759651184e-01
2.155565470457077026e-01
2.122092992067337036e-01
1.561154425144195557e-01
9.318523108959197998e-02
1.928377300500869751e-01
2.617234885692596436e-01
1.574151068925857544e-01
1.566130220890045166e-01
1.158415526151657104e-01
1.928116977214813232e-01
1.859396696090698242e-01
2.796534597873687744e-01
2.717073261737823486e-01
1.602467298507690430e-01
1.905366033315658569e-01
2.131997644901275635e-01
2.764227986335754395e-01
3.027278482913970947e-01
1.168477684259414673e-01
1.208601593971252441e-01
3.413861095905303955e-01
2.151719331741333008e-01
6.363935470581054688e-01
8.252801299095153809e-01
3.880298435688018799e-01
2.360107153654098511e-01
2.466244697570800781e-01
1.229678988456726074e+00
1.140241742134094238e+00
3.122723996639251709e-01
8.954681456089019775e-02
3.835580945014953613e-01
3.275433778762817383e-01
3.768244981765747070e-01
2.945569753646850586e-01
2.376394569873809814e-01
2.426208853721618652e-01
2.642077803611755371e-01
2.621660828590393066e-01
4.335801601409912109e-01
5.223464965820312500e-01
2.001173496246337891e-01
3.120070695877075195e-01
2.661138474941253662e-01
1.930176019668579102e-01
2.398555129766464233e-01
3.155189752578735352e-01
5.759215354919433594e-01
7.411713600158691406e-01
1.587337553501129150e-01
2.157878130674362183e-01
1.216915100812911987e-01
7.494569569826126099e-02
1.943031549453735352e-01
4.854176640510559082e-01
1.914592683315277100e-01
1.474852561950683594e-01
2.029002159833908081e-01
1.940207034349441528e-01
2.257125377655029297e-01
2.526457607746124268e-01
2.481523901224136353e-01
2.142114937305450439e-01
3.294385969638824463e-01
5.256526470184326172e-01
2.144454866647720337e-01
4.482582211494445801e-01
1.769476979970932007e-01
3.324744105339050293e-01
1.019130945205688477e-01
3.161553740501403809e-01
1.268309354782104492e-01
1.363446563482284546e-01
2.596479952335357666e-01
3.729075193405151367e-01
1.872853487730026245e-01
3.448112905025482178e-01
4.881264567375183105e-01
4.986513853073120117e-01
3.228855133056640625e-01
3.019320368766784668e-01
4.192105531692504883e-01
2.664211690425872803e-01
3.208874464035034180e-01
4.159267544746398926e-01
4.687257707118988037e-01
2.759788036346435547e-01
2.590801715850830078e-01
4.381081163883209229e-01
3.520870506763458252e-01
1.937739849090576172e-01
2.603191435337066650e-01
1.594246029853820801e-01
1.669346988201141357e-01
2.452024370431900024e-01
4.137399196624755859e-01
6.116842627525329590e-01
7.165226936340332031e-01
5.984899997711181641e-01
1.683313399553298950e-01
5.762543082237243652e-01
5.366088151931762695e-01
3.271494507789611816e-01
5.184112787246704102e-01
6.611571311950683594e-01
7.134618163108825684e-01
5.258879065513610840e-01
1.854855567216873169e-01
8.375107645988464355e-01
1.286178112030029297e+00
4.618082642555236816e-01
4.178408980369567871e-01
5.455096364021301270e-01
5.768009424209594727e-01
3.611807823181152344e-01
4.727090299129486084e-01
6.130442619323730469e-01
1.155678749084472656e+00
5.455484986305236816e-01
4.261495471000671387e-01
3.024014532566070557e-01
3.804446458816528320e-01
4.164569377899169922e-01
5.426253080368041992e-01
8.377617597579956055e-01
6.156789660453796387e-01
3.321687281131744385e-01
2.685879468917846680e-01
4.423371553421020508e-01
6.825678348541259766e-01
1.099814414978027344e+00
6.612721085548400879e-01
1.131381511688232422e+00
2.879935741424560547e+00
9.462060928344726562e-01
1.037904620170593262e+00
8.023201823234558105e-01
8.559719324111938477e-01
7.043088674545288086e-01
6.221774816513061523e-01
5.135480165481567383e-01
6.709389090538024902e-01
7.436605691909790039e-01
8.133072853088378906e-01
6.325123310089111328e-01
7.907685041427612305e-01
1.249397397041320801e+00
1.830993294715881348e+00
1.838784456253051758e+00
1.439119338989257812e+00
7.676979303359985352e-01
7.170540690422058105e-01
1.084459900856018066e+00
8.134232759475708008e-01
9.897462129592895508e-01
9.023948907852172852e-01
8.189620971679687500e-01
4.417693614959716797e-01
3.454952239990234375e-01
2.042993903160095215e-01
4.644914567470550537e-01
4.592733085155487061e-01
5.339937806129455566e-01
4.010997712612152100e-01
3.868045210838317871e-01
4.269770383834838867e-01
2.381494939327239990e-01
3.180183172225952148e-01
1.264004111289978027e-01
1.998905092477798462e-01
4.610411822795867920e-01
2.942362427711486816e-01
2.367601394653320312e-01
5.439838171005249023e-01
4.652464091777801514e-01
3.470087349414825439e-01
1.044030666351318359e+00
1.737906575202941895e+00
1.409394145011901855e-01
4.150433540344238281e-01
2.040413618087768555e-01
3.125707805156707764e-01
4.276490211486816406e-01
5.328834056854248047e-01
6.043395996093750000e-01
8.483965396881103516e-01
5.606971383094787598e-01
9.821386337280273438e-01
9.455564618110656738e-01
8.129609823226928711e-01
6.274809837341308594e-01
4.640779197216033936e-01
4.270704388618469238e-01
4.602201879024505615e-01
4.506311118602752686e-01
3.464857339859008789e-01
4.956368803977966309e-01
4.308492243289947510e-01
1.399116218090057373e-01
2.376995533704757690e-01
6.756280064582824707e-01
9.086831212043762207e-01
7.868916392326354980e-01
6.171512007713317871e-01
3.435932695865631104e-01
3.938637375831604004e-01
2.699097394943237305e-01
3.330259919166564941e-01
3.187859654426574707e-01
3.492459058761596680e-01
3.139255940914154053e-01
4.325956404209136963e-01
2.277527451515197754e-01
4.302231371402740479e-01
2.796241939067840576e-01
2.876935601234436035e-01
3.514014780521392822e-01
3.989312350749969482e-01
5.134178400039672852e-01
5.206640958786010742e-01
7.008067369461059570e-01
1.111296176910400391e+00
8.260776400566101074e-01
2.598006725311279297e-01
2.655541896820068359e-01
1.631805896759033203e-01
2.284259647130966187e-01
2.632169425487518311e-01
2.337327450513839722e-01
4.596707522869110107e-01
3.751809597015380859e-01
3.430979847908020020e-01
5.585739016532897949e-01
8.782567381858825684e-01
9.920904636383056641e-01
4.078421592712402344e-01
3.272833526134490967e-01
2.813954651355743408e-01
2.677769362926483154e-01
8.532583713531494141e-01
1.207141995429992676e+00
2.968739867210388184e-01
9.671531915664672852e-01
2.780618965625762939e-01
3.320323228836059570e-01
6.061556935310363770e-01
8.274872303009033203e-01
1.552310228347778320e+00
1.570986390113830566e+00
4.212080240249633789e-01
1.189932107925415039e+00
7.510384321212768555e-01
3.350045680999755859e-01
1.341761350631713867e+00
9.404287338256835938e-01
8.327322006225585938e-01
1.039131760597229004e+00
2.850829362869262695e-01
5.489978194236755371e-01
3.666157126426696777e-01
5.642286539077758789e-01
3.845883011817932129e-01
4.700053334236145020e-01
6.169625520706176758e-01
4.758202731609344482e-01
4.725387692451477051e-01
7.435424327850341797e-01
9.643226861953735352e-01
5.784581899642944336e-01
5.591316819190979004e-01
5.773582458496093750e-01
6.453284025192260742e-01
4.666962921619415283e-01
6.100882291793823242e-01
6.079912185668945312e-01
5.915977358818054199e-01
4.319854676723480225e-01
5.386933684349060059e-01
5.136123895645141602e-01
5.175293087959289551e-01
3.837974667549133301e-01
4.620463252067565918e-01
3.603112101554870605e-01
5.586820840835571289e-01
3.525912463665008545e-01
4.875244498252868652e-01
6.648712754249572754e-01
6.347323656082153320e-01
4.300700724124908447e-01
4.787478446960449219e-01
4.419545829296112061e-01
4.127430915832519531e-01
7.788513898849487305e-01
1.119499564170837402e+00
4.141231775283813477e-01
4.057925045490264893e-01
3.731230199337005615e-01
3.724576234817504883e-01
6.450809240341186523e-01
6.197162270545959473e-01
5.133455991744995117e-01
5.075131654739379883e-01
4.342488050460815430e-01
4.277711212635040283e-01
5.698230266571044922e-01
6.012783050537109375e-01
4.949568808078765869e-01
6.001158952713012695e-01
5.488342046737670898e-01
4.880135059356689453e-01
3.779911994934082031e-01
3.539098501205444336e-01
4.525953233242034912e-01
6.869782805442810059e-01
7.109910249710083008e-01
7.577280402183532715e-01
4.966382086277008057e-01
4.418322145938873291e-01
5.530467629432678223e-01
4.291793107986450195e-01
5.647736787796020508e-01
5.378922224044799805e-01
4.359816610813140869e-01
4.072439670562744141e-01
5.488730072975158691e-01
5.697886347770690918e-01
4.592268168926239014e-01
5.804041624069213867e-01
3.889672160148620605e-01
4.382812380790710449e-01
6.991940736770629883e-01
6.414519548416137695e-01
5.948840975761413574e-01
4.672341942787170410e-01
4.596456885337829590e-01
4.343113303184509277e-01
3.839789330959320068e-01
4.610634148120880127e-01
2.715608179569244385e-01
4.418141841888427734e-01
3.683088123798370361e-01
5.503896474838256836e-01
7.159786224365234375e-01
5.303525924682617188e-01
5.650522112846374512e-01
9.689285159111022949e-01
6.172710061073303223e-01
5.029373168945312500e-01
2.736301422119140625e-01
4.076132476329803467e-01
2.082968950271606445e-01
2.384071052074432373e-01
4.186316728591918945e-01
3.855564594268798828e-01
4.416204690933227539e-01
3.650059700012207031e-01
5.008574128150939941e-01
4.799376428127288818e-01
4.841512143611907959e-01
5.701088309288024902e-01
4.507424533367156982e-01
4.676902890205383301e-01
4.266000390052795410e-01
4.339070022106170654e-01
5.659502148628234863e-01
8.433088660240173340e-01
7.084017992019653320e-01
5.155801773071289062e-01
4.446871280670166016e-01
2.662526071071624756e-01
3.732467293739318848e-01
3.968144953250885010e-01
4.683040380477905273e-01
8.140482902526855469e-01
5.022630691528320312e-01
5.035160183906555176e-01
3.827258944511413574e-01
4.765791296958923340e-01
5.430248379707336426e-01
2.465819418430328369e-01
3.222590088844299316e-01
3.953875601291656494e-01
3.425572812557220459e-01
3.960310220718383789e-01
4.509450197219848633e-01
4.513593614101409912e-01
4.484319388866424561e-01
4.374265968799591064e-01
3.359739184379577637e-01
5.108481645584106445e-01
4.106913805007934570e-01
4.943514168262481689e-01
4.136068820953369141e-01
3.469402790069580078e-01
4.106814265251159668e-01
4.840864241123199463e-01
4.926127195358276367e-01
4.169146418571472168e-01
5.968031883239746094e-01
6.472795605659484863e-01
8.615421652793884277e-01
7.552926540374755859e-01
3.788810372352600098e-01
6.266263723373413086e-01
5.511278510093688965e-01
3.536111712455749512e-01
4.043727815151214600e-01
5.611076951026916504e-01
6.582825183868408203e-01
3.622730970382690430e-01
4.380928874015808105e-01
6.166766881942749023e-01
4.935662150382995605e-01
2.934216260910034180e-01
4.271392226219177246e-01
4.028567373752593994e-01
2.478964626789093018e-01
3.792093992233276367e-01
3.213333487510681152e-01
5.005260705947875977e-01
6.461751461029052734e-01
8.833510279655456543e-01
3.346687257289886475e-01
5.412441492080688477e-01
2.905625998973846436e-01
5.133373737335205078e-01
8.475798368453979492e-01
7.533607482910156250e-01
5.542547106742858887e-01
4.023883640766143799e-01
3.044571876525878906e-01
4.135172367095947266e-01
4.065321683883666992e-01
3.288323879241943359e-01
4.227027595043182373e-01
4.893222451210021973e-01
4.514031708240509033e-01
2.983902692794799805e-01
3.813199400901794434e-01
4.702109992504119873e-01
3.808002471923828125e-01
3.265740871429443359e-01
4.316115081310272217e-01
3.283510208129882812e-01
4.068308174610137939e-01
5.211521387100219727e-01
6.166657805442810059e-01
5.953823924064636230e-01
4.449473023414611816e-01
9.533337354660034180e-01
8.646941781044006348e-01
6.070451140403747559e-01
8.895397782325744629e-01
5.128173232078552246e-01
4.686712026596069336e-01
4.222915172576904297e-01
3.668657839298248291e-01
3.974361717700958252e-01
3.964884281158447266e-01
3.912486433982849121e-01
4.050679206848144531e-01
4.277632832527160645e-01
2.300579398870468140e-01
2.857496142387390137e-01
2.826964259147644043e-01
4.294190406799316406e-01
5.776203274726867676e-01
4.528546035289764404e-01
3.089553117752075195e-01
4.076472520828247070e-01
2.991936802864074707e-01
2.960157990455627441e-01
6.452976465225219727e-01
8.959987163543701172e-01
3.776346147060394287e-01
2.411391586065292358e-01
2.833153903484344482e-01
3.220188915729522705e-01
3.079503178596496582e-01
3.828397989273071289e-01
5.647059082984924316e-01
5.017360448837280273e-01
6.692759990692138672e-01
6.752654314041137695e-01
3.076972961425781250e-01
4.057337641716003418e-01
4.182823598384857178e-01
3.807067871093750000e-01
3.150067925453186035e-01
2.600695192813873291e-01
3.323199152946472168e-01
3.841544389724731445e-01
3.908687233924865723e-01
4.087846577167510986e-01
6.181203722953796387e-01
5.173133015632629395e-01
3.447452187538146973e-01
3.605040311813354492e-01
5.281886458396911621e-01
3.570412099361419678e-01
3.854364752769470215e-01
5.724667310714721680e-01
6.913046240806579590e-01
6.819550395011901855e-01
5.631459355354309082e-01
3.132234513759613037e-01
3.389238119125366211e-01
6.206473112106323242e-01
5.227264165878295898e-01
3.555812537670135498e-01
4.399171173572540283e-01
6.836606860160827637e-01
9.993639588356018066e-01
1.165416240692138672e+00
7.038494944572448730e-01
3.921942114830017090e-01
3.745050430297851562e-01
3.400931656360626221e-01
4.437884986400604248e-01
5.492231249809265137e-01
7.244114875793457031e-01
4.542173445224761963e-01
5.282846093177795410e-01
8.548293113708496094e-01
1.537527561187744141e+00
1.993253588676452637e+00
5.594548583030700684e-01
7.785577774047851562e-01
1.140517830848693848e+00
3.716387748718261719e-01
8.569508790969848633e-01
6.585247516632080078e-01
5.289787054061889648e-01
7.651218175888061523e-01
7.648028135299682617e-01
6.470653414726257324e-01
4.704492688179016113e-01
5.936596393585205078e-01
7.481782436370849609e-01
7.095500230789184570e-01
4.542095363140106201e-01
4.059658050537109375e-01
4.291306138038635254e-01
3.661598563194274902e-01
4.701262712478637695e-01
5.758497714996337891e-01
4.894560277462005615e-01
4.125195741653442383e-01
5.529700517654418945e-01
3.220303356647491455e-01
3.657956719398498535e-01
6.352317333221435547e-01
5.093313455581665039e-01
4.266604185104370117e-01
3.710066974163055420e-01
4.784843623638153076e-01
4.253129363059997559e-01
2.461984902620315552e-01
2.968321740627288818e-01
2.985142767429351807e-01
2.796502113342285156e-01
5.081087946891784668e-01
5.204048156738281250e-01
3.572182655334472656e-01
6.814574003219604492e-01
7.215512990951538086e-01
8.187608122825622559e-01
4.502453505992889404e-01
2.733945846557617188e-01
3.224109113216400146e-01
5.142949819564819336e-01
2.952285408973693848e-01
2.675772011280059814e-01
3.847860693931579590e-01
2.850603163242340088e-01
3.112940788269042969e-01
3.014561533927917480e-01
3.444278836250305176e-01
4.260309636592864990e-01
6.857061386108398438e-01
5.923395156860351562e-01
3.872371613979339600e-01
3.589248955249786377e-01
3.041016459465026855e-01
3.496770262718200684e-01
5.160168409347534180e-01
5.098466873168945312e-01
4.176231026649475098e-01
3.485115170478820801e-01
4.962224960327148438e-01
4.160652756690979004e-01
4.550809860229492188e-01
3.695302605628967285e-01
3.093916475772857666e-01
3.805950284004211426e-01
5.246809720993041992e-01
6.584307551383972168e-01
6.579862833023071289e-01
4.703933596611022949e-01
4.453006684780120850e-01
3.496684432029724121e-01
3.139752149581909180e-01
3.774307370185852051e-01
3.387239873409271240e-01
3.535161316394805908e-01
4.973350167274475098e-01
3.056778609752655029e-01
6.348098516464233398e-01
3.713830113410949707e-01
3.695570826530456543e-01
2.622207403182983398e-01
4.685339331626892090e-01
3.877994716167449951e-01
5.266455411911010742e-01
3.681026101112365723e-01
2.826069593429565430e-01
4.475263357162475586e-01
4.160166978836059570e-01
5.745363235473632812e-01
9.505581259727478027e-01
1.301398992538452148e+00
1.118964910507202148e+00
6.658413410186767578e-01
2.099228352308273315e-01
6.589221358299255371e-01
2.748429179191589355e-01
4.672229886054992676e-01
6.875579953193664551e-01
5.195232033729553223e-01
4.447530806064605713e-01
4.317202270030975342e-01
4.126406013965606689e-01
4.878629148006439209e-01
4.332134425640106201e-01
6.338989734649658203e-01
6.568990945816040039e-01
3.234341740608215332e-01
3.523374497890472412e-01
3.775400221347808838e-01
4.794657230377197266e-01
2.954405844211578369e-01
5.251255631446838379e-01
8.654946684837341309e-01
1.252167820930480957e+00
3.860986232757568359e-01
4.723427891731262207e-01
2.342694550752639771e-01
2.266220450401306152e-01
5.929226875305175781e-01
6.686691045761108398e-01
6.404957771301269531e-01
7.830820679664611816e-01
4.690138101577758789e-01
7.559787034988403320e-01
5.135000944137573242e-01
3.595818877220153809e-01
9.216800332069396973e-01
6.574193835258483887e-01
5.141903162002563477e-01
6.477248668670654297e-01
7.557211518287658691e-01
7.439453005790710449e-01
3.894893527030944824e-01
2.489699721336364746e-01
5.380729436874389648e-01
4.341333210468292236e-01
3.827977180480957031e-01
4.339113533496856689e-01
3.235507309436798096e-01
3.472046256065368652e-01
4.030046164989471436e-01
3.373343348503112793e-01
6.277375817298889160e-01
5.465607643127441406e-01
4.367674589157104492e-01
4.355866312980651855e-01
3.590736091136932373e-01
3.704989254474639893e-01
6.116760373115539551e-01
6.798598170280456543e-01
5.390911102294921875e-01
3.657065629959106445e-01
2.643668055534362793e-01
3.566851019859313965e-01
5.189656019210815430e-01
4.011574685573577881e-01
5.540521144866943359e-01
3.110138773918151855e-01
6.058156490325927734e-01
5.355389118194580078e-01
5.946904420852661133e-01
6.673168540000915527e-01
5.242843031883239746e-01
3.261227607727050781e-01
3.785691261291503906e-01
5.073695778846740723e-01
3.959203958511352539e-01
5.651898384094238281e-01
6.004139780998229980e-01
6.119308471679687500e-01
3.740800619125366211e-01
5.716114044189453125e-01
4.048661589622497559e-01
4.768632650375366211e-01
4.574505388736724854e-01
2.627572715282440186e-01
3.655094504356384277e-01
5.604521036148071289e-01
6.154559850692749023e-01
1.127858281135559082e+00
1.760236620903015137e+00
8.111264109611511230e-01
2.601575255393981934e-01
2.814222872257232666e-01
5.942780375480651855e-01
4.594489037990570068e-01
5.540921092033386230e-01
6.843727231025695801e-01
7.453258037567138672e-01
5.690274834632873535e-01
4.606945514678955078e-01
5.913812518119812012e-01
5.002760887145996094e-01
2.153646647930145264e-01
3.134036660194396973e-01
2.725476026535034180e-01
4.462583065032958984e-01
4.111932814121246338e-01
4.975543022155761719e-01
5.150162577629089355e-01
5.738068222999572754e-01
6.191009283065795898e-01
4.392772912979125977e-01
3.962891697883605957e-01
3.001050055027008057e-01
3.805197477340698242e-01
5.322282910346984863e-01
6.137202382087707520e-01
4.272869825363159180e-01
3.456248939037322998e-01
3.408373594284057617e-01
4.166319966316223145e-01
4.363518357276916504e-01
3.880372941493988037e-01
3.535264134407043457e-01
4.501598179340362549e-01
3.987676501274108887e-01
4.790343344211578369e-01
5.689301490783691406e-01
3.214497566223144531e-01
2.801295816898345947e-01
5.062085390090942383e-01
3.845740556716918945e-01
6.472966670989990234e-01
9.122611284255981445e-01
3.564194142818450928e-01
2.434864938259124756e-01
2.014153003692626953e-01
5.973939895629882812e-01
2.873353362083435059e-01
4.149610400199890137e-01
7.386225461959838867e-01
5.687083005905151367e-01
8.301239609718322754e-01
7.053074240684509277e-01
8.158937692642211914e-01
5.981095433235168457e-01
5.927973985671997070e-01
5.203702449798583984e-01
4.361596703529357910e-01
3.912812173366546631e-01
5.378674864768981934e-01
3.800859749317169189e-01
3.759629130363464355e-01
4.910533428192138672e-01
2.931627631187438965e-01
4.524606764316558838e-01
5.097624659538269043e-01
3.430616259574890137e-01
4.452660083770751953e-01
5.744403600692749023e-01
4.474894404411315918e-01
3.403027951717376709e-01
4.693026542663574219e-01
4.079833030700683594e-01
5.368696451187133789e-01
9.317172765731811523e-01
1.260642528533935547e+00
1.957084655761718750e+00
7.177087664604187012e-01
7.740605473518371582e-01
1.401401042938232422e+00
5.978510975837707520e-01
3.462442457675933838e-01
6.225148439407348633e-01
4.591075181961059570e-01
5.057960748672485352e-01
5.841780900955200195e-01
5.089035034179687500e-01
5.908060073852539062e-01
3.066498041152954102e-01
4.924755692481994629e-01
4.439217150211334229e-01
5.790058374404907227e-01
5.934453010559082031e-01
7.418167591094970703e-01
6.276283264160156250e-01
6.822290420532226562e-01
3.804252147674560547e-01
5.425606966018676758e-01
6.532816290855407715e-01
3.910015523433685303e-01
4.287159442901611328e-01
3.279140293598175049e-01
5.272775888442993164e-01
4.491670727729797363e-01
4.598141014575958252e-01
5.185626745223999023e-01
4.716179370880126953e-01
4.904946088790893555e-01
4.114706516265869141e-01
5.476788282394409180e-01
2.322450280189514160e-01
2.909305691719055176e-01
3.646456003189086914e-01
2.110420465469360352e-01
2.059859633445739746e-01
3.769271075725555420e-01
3.850997984409332275e-01
4.782707393169403076e-01
2.453460991382598877e-01
2.677444219589233398e-01
2.987254261970520020e-01
5.516271591186523438e-01
3.941185772418975830e-01
4.972807168960571289e-01
5.765121579170227051e-01
7.142121791839599609e-01
3.757476806640625000e-01
2.042519897222518921e-01
4.409300982952117920e-01
7.963492870330810547e-01
2.699959874153137207e-01
3.699261844158172607e-01
5.741161704063415527e-01
2.779240310192108154e-01
3.017895817756652832e-01
5.438201427459716797e-01
4.945851564407348633e-01
6.691091060638427734e-01
7.367509603500366211e-01
4.613330662250518799e-01
2.827727198600769043e-01
8.113184571266174316e-01
4.478064775466918945e-01
5.105593800544738770e-01
4.945184290409088135e-01
4.397610425949096680e-01
5.378556847572326660e-01
5.543676614761352539e-01
4.481009840965270996e-01
3.663698434829711914e-01
3.053712546825408936e-01
2.647294402122497559e-01
3.937460482120513916e-01
3.219244182109832764e-01
3.253513872623443604e-01
4.937604963779449463e-01
4.385964870452880859e-01
5.502803921699523926e-01
6.972662210464477539e-01
8.834705352783203125e-01
1.420793533325195312e+00
1.484630107879638672e+00
1.186527162790298462e-01
4.529723525047302246e-01
3.054429292678833008e-01
5.149139761924743652e-01
4.558020234107971191e-01
7.546283006668090820e-01
1.125086784362792969e+00
1.142536640167236328e+00
6.946677565574645996e-01
6.446836590766906738e-01
3.565045297145843506e-01
5.415246486663818359e-01
6.278710365295410156e-01
5.399181246757507324e-01
5.745911598205566406e-01
5.076222419738769531e-01
5.135761499404907227e-01
4.273438155651092529e-01
4.713385403156280518e-01
3.348734974861145020e-01
3.257456421852111816e-01
6.340500116348266602e-01
9.360490441322326660e-01
4.840288758277893066e-01
2.988123297691345215e-01
3.610767722129821777e-01
3.242112994194030762e-01
6.909198164939880371e-01
5.711206793785095215e-01
4.176164567470550537e-01
8.021502494812011719e-01
6.957653164863586426e-01
5.595322847366333008e-01
4.047040343284606934e-01
3.222434520721435547e-01
2.746321856975555420e-01
1.901931166648864746e-01
4.596387743949890137e-01
4.893550872802734375e-01
4.550563693046569824e-01
5.611310005187988281e-01
6.072845458984375000e-01
3.570988178253173828e-01
4.669663608074188232e-01
3.976910114288330078e-01
3.837943077087402344e-01
4.488902688026428223e-01
4.416624307632446289e-01
3.851208984851837158e-01
2.582991123199462891e-01
3.196028172969818115e-01
3.142650127410888672e-01
1.715436875820159912e-01
1.874748170375823975e-01
2.577078044414520264e-01
3.369934558868408203e-01
2.414051592350006104e-01
3.423113524913787842e-01
4.077117145061492920e-01
4.843318164348602295e-01
5.106705427169799805e-01
5.186605453491210938e-01
3.803739547729492188e-01
3.160766363143920898e-01
3.180812597274780273e-01
4.952701926231384277e-01
7.691977024078369141e-01
1.075856447219848633e+00
7.728281021118164062e-01
7.851824164390563965e-01
3.052446842193603516e-01
6.461746692657470703e-01
5.220279693603515625e-01
3.767808079719543457e-01
8.600222468376159668e-01
1.167952179908752441e+00
3.978902995586395264e-01
3.979617357254028320e-01
3.262198567390441895e-01
4.491611719131469727e-01
6.870942115783691406e-01
6.740152835845947266e-01
6.940581202507019043e-01
6.053982377052307129e-01
5.680904388427734375e-01
4.043426513671875000e-01
4.677472710609436035e-01
6.003441214561462402e-01
4.404278993606567383e-01
7.208685874938964844e-01
7.692961692810058594e-01
6.248003840446472168e-01
3.333537876605987549e-01
6.294333338737487793e-01
1.826620399951934814e-01
1.908414661884307861e-01
5.567513704299926758e-01
7.087699174880981445e-01
9.178417325019836426e-01
9.550625085830688477e-01
6.969314813613891602e-01
4.968066513538360596e-01
2.653232812881469727e-01
5.274047851562500000e-01
5.745158195495605469e-01
6.051621437072753906e-01
6.335346102714538574e-01
5.784375667572021484e-01
7.007837295532226562e-01
9.094581007957458496e-01
6.828551888465881348e-01
5.653684139251708984e-01
4.704543352127075195e-01
3.359366059303283691e-01
2.305139303207397461e-01
2.737883627414703369e-01
3.792562782764434814e-01
3.209969699382781982e-01
6.280268430709838867e-01
6.713061928749084473e-01
5.932357907295227051e-01
3.825779855251312256e-01
2.659949362277984619e-01
2.311612367630004883e-01
2.978962659835815430e-01
3.792786300182342529e-01
4.970883727073669434e-01
5.112825036048889160e-01
3.666134774684906006e-01
3.660915493965148926e-01
3.519686460494995117e-01
5.284141898155212402e-01
8.143617510795593262e-01
6.119925379753112793e-01
3.342440128326416016e-01
3.267595171928405762e-01
2.072913944721221924e-01
2.922600209712982178e-01
4.024934172630310059e-01
3.007154166698455811e-01
3.924911618232727051e-01
4.925727844238281250e-01
3.893888890743255615e-01
4.371024370193481445e-01
3.034287095069885254e-01
3.020444810390472412e-01
3.241576850414276123e-01
2.602911591529846191e-01
5.759046077728271484e-01
6.759639978408813477e-01
5.171213150024414062e-01
2.511059045791625977e-01
1.695690155029296875e-01
2.215037047863006592e-01
3.665786981582641602e-01
2.270223945379257202e-01
4.473527669906616211e-01
8.023450970649719238e-01
4.389170408248901367e-01
3.379264473915100098e-01
2.307333052158355713e-01
3.608265817165374756e-01
3.239997029304504395e-01
1.882283091545104980e-01
4.475469887256622314e-01
4.672684073448181152e-01
5.527806282043457031e-01
3.540606796741485596e-01
4.984347224235534668e-01
4.217964708805084229e-01
3.667545616626739502e-01
4.327338337898254395e-01
3.554683923721313477e-01
1.786301881074905396e-01
1.788153052330017090e-01
1.269912123680114746e-01
2.095061987638473511e-01
1.856615096330642700e-01
2.468117922544479370e-01
2.155842781066894531e-01
2.659532129764556885e-01
1.126604676246643066e-01
3.274910449981689453e-01
3.136119842529296875e-01
3.572701215744018555e-01
2.918651401996612549e-01
3.280447721481323242e-01
3.589537143707275391e-01
3.057627081871032715e-01
4.508779048919677734e-01
4.284175932407379150e-01
3.094868659973144531e-01
2.851736545562744141e-01
3.496497273445129395e-01
4.925502538681030273e-01
7.528136968612670898e-01
1.074213743209838867e+00
6.634942293167114258e-01
2.652828097343444824e-01
4.907165765762329102e-01
4.637275636196136475e-01
5.274279117584228516e-01
2.428374290466308594e-01
3.446454405784606934e-01
5.343587994575500488e-01
3.544486761093139648e-01
4.500117301940917969e-01
6.030735969543457031e-01
7.132719159126281738e-01
1.323569297790527344e+00
2.166174173355102539e+00
1.542569100856781006e-01
1.145726561546325684e+00
1.204855561256408691e+00
4.649298191070556641e-01
9.203264713287353516e-01
7.176829576492309570e-01
3.300684988498687744e-01
5.366979837417602539e-01
6.590690612792968750e-01
6.807543039321899414e-01
6.775875687599182129e-01
5.283714532852172852e-01
4.336522519588470459e-01
3.641524016857147217e-01
5.073008537292480469e-01
4.699978530406951904e-01
3.589272201061248779e-01
3.100168108940124512e-01
3.840244412422180176e-01
3.356814384460449219e-01
3.555341958999633789e-01
7.464734315872192383e-01
1.020461320877075195e+00
1.204092860221862793e+00
7.467814087867736816e-01
2.262727916240692139e-01
3.349423408508300781e-01
4.103589653968811035e-01
4.247181415557861328e-01
6.767545938491821289e-01
1.139402747154235840e+00
2.509733676910400391e+00
1.309120893478393555e+00
1.093602538108825684e+00
4.102830290794372559e-01
9.095401167869567871e-01
5.984417200088500977e-01
6.525489091873168945e-01
9.835277199745178223e-01
7.590360641479492188e-01
6.497937440872192383e-01
8.886880278587341309e-01
2.596087455749511719e-01
8.035832047462463379e-01
1.494746446609497070e+00
2.139430791139602661e-01
4.837085902690887451e-01
5.964831113815307617e-01
4.007410407066345215e-01
3.951913118362426758e-01
4.214124083518981934e-01
4.219598174095153809e-01
6.777395009994506836e-01
3.701589107513427734e-01
3.769735693931579590e-01
3.467826843261718750e-01
5.072094202041625977e-01
3.085610568523406982e-01
3.633464574813842773e-01
5.430040955543518066e-01
4.629471004009246826e-01
2.176157832145690918e-01
4.463769495487213135e-01
2.528672814369201660e-01
3.519960641860961914e-01
4.569817781448364258e-01
3.908144533634185791e-01
3.849681317806243896e-01
4.888871908187866211e-01
7.811884284019470215e-01
9.789537787437438965e-01
5.023321509361267090e-01
4.534951448440551758e-01
5.333598256111145020e-01
3.425745069980621338e-01
4.390912652015686035e-01
5.690251588821411133e-01
2.381096184253692627e-01
4.194521903991699219e-01
6.703062653541564941e-01
8.346771001815795898e-01
3.186427950859069824e-01
4.817942976951599121e-01
3.654831647872924805e-01
3.906006813049316406e-01
5.238361954689025879e-01
4.021255970001220703e-01
5.103431940078735352e-01
8.408066034317016602e-01
6.691086888313293457e-01
2.656595706939697266e-01
4.424161911010742188e-01
2.681975960731506348e-01
4.252876639366149902e-01
5.726360082626342773e-01
3.365637362003326416e-01
1.744748055934906006e-01
2.370996475219726562e-01
2.552142739295959473e-01
3.891891241073608398e-01
3.413259387016296387e-01
3.687295615673065186e-01
3.574678301811218262e-01
4.000662565231323242e-01
4.678576588630676270e-01
3.327204585075378418e-01
6.370624899864196777e-01
8.285615444183349609e-01
6.548572778701782227e-01
4.143719971179962158e-01
6.186027526855468750e-01
2.477211356163024902e-01
1.968144774436950684e-01
3.267908394336700439e-01
5.744143724441528320e-01
4.556980431079864502e-01
3.664943575859069824e-01
4.725775718688964844e-01
6.055530309677124023e-01
2.444854378700256348e-01
2.987102270126342773e-01
7.117997407913208008e-01
6.281489133834838867e-01
4.037764966487884521e-01
3.330900669097900391e-01
4.562104940414428711e-01
3.007619976997375488e-01
3.794216513633728027e-01
5.182779431343078613e-01
3.541700243949890137e-01
4.472611546516418457e-01
3.966863751411437988e-01
6.663426756858825684e-01
2.263568192720413208e-01
3.429459631443023682e-01
5.030114054679870605e-01
3.423151969909667969e-01
3.363103270530700684e-01
4.076809883117675781e-01
4.867230653762817383e-01
3.877306282520294189e-01
3.209694623947143555e-01
4.834849238395690918e-01
4.267762303352355957e-01
3.745577931404113770e-01
3.995294570922851562e-01
6.565724611282348633e-01
5.540975928306579590e-01
7.367798089981079102e-01
8.112932443618774414e-01
1.268656849861145020e+00
1.404746413230895996e+00
1.490889042615890503e-01
7.068175673484802246e-01
1.370834350585937500e+00
1.494633078575134277e+00
2.616890668869018555e-01
4.222694337368011475e-01
8.878151178359985352e-01
7.495404481887817383e-01
6.269128322601318359e-01
6.132051944732666016e-01
5.321367979049682617e-01
5.214947462081909180e-01
3.313477635383605957e-01
3.729047179222106934e-01
5.169097185134887695e-01
5.084387063980102539e-01
5.929961800575256348e-01
4.750158786773681641e-01
4.526032209396362305e-01
7.302409410476684570e-01
8.305848240852355957e-01
5.606522560119628906e-01
3.691644370555877686e-01
2.178579866886138916e-01
6.012609004974365234e-01
4.284723699092864990e-01
5.053603053092956543e-01
7.005254030227661133e-01
1.273884654045104980e+00
9.235345721244812012e-01
2.867375612258911133e-01
3.982312977313995361e-01
5.471338629722595215e-01
6.705150604248046875e-01
6.783571839332580566e-01
7.504982948303222656e-01
4.380880892276763916e-01
3.956419825553894043e-01
5.019868612289428711e-01
2.330878823995590210e-01
2.629237174987792969e-01
2.768045067787170410e-01
4.741220176219940186e-01
4.280121028423309326e-01
2.510598301887512207e-01
5.160107612609863281e-01
3.644951879978179932e-01
3.818255662918090820e-01
4.510675072669982910e-01
4.471922218799591064e-01
6.972030997276306152e-01
4.866458475589752197e-01
4.692039787769317627e-01
2.925381958484649658e-01
3.872596323490142822e-01
3.730704486370086670e-01
3.455610871315002441e-01
3.667442202568054199e-01
5.391455292701721191e-01
6.226482391357421875e-01
5.696259737014770508e-01
3.228754699230194092e-01
3.189489245414733887e-01
4.988938570022583008e-01
4.794404506683349609e-01
3.864881396293640137e-01
3.048928678035736084e-01
5.043901205062866211e-01
5.828510522842407227e-01
5.370464920997619629e-01
3.223679065704345703e-01
3.756080269813537598e-01
3.949599862098693848e-01
6.346692442893981934e-01
8.789417743682861328e-01
7.710168957710266113e-01
8.390552997589111328e-01
6.489247679710388184e-01
6.416419148445129395e-01
3.605219125747680664e-01
5.549533367156982422e-01
2.810491919517517090e-01
3.684978485107421875e-01
5.887244939804077148e-01
9.069410562515258789e-01
5.741515755653381348e-01
3.071911334991455078e-01
7.357554435729980469e-01
5.657953619956970215e-01
2.433585673570632935e-01
4.290828108787536621e-01
4.105026125907897949e-01
2.982426881790161133e-01
3.803148865699768066e-01
4.557383358478546143e-01
5.816867351531982422e-01
3.916828632354736328e-01
3.041757345199584961e-01
4.093356132507324219e-01
3.351459503173828125e-01
2.607401311397552490e-01
4.825404882431030273e-01
3.292682468891143799e-01
3.271951973438262939e-01
3.750544190406799316e-01
2.901014685630798340e-01
3.183640539646148682e-01
2.129690349102020264e-01
2.510924935340881348e-01
3.502007722854614258e-01
4.536866843700408936e-01
3.727663457393646240e-01
2.243424057960510254e-01
3.922057449817657471e-01
3.624628186225891113e-01
5.385747551918029785e-01
4.370513260364532471e-01
3.345833420753479004e-01
5.510580539703369141e-01
5.405753254890441895e-01
6.244492530822753906e-01
3.724661469459533691e-01
3.108016252517700195e-01
2.504098415374755859e-01
3.291316330432891846e-01
4.237461388111114502e-01
8.501350879669189453e-01
8.022509813308715820e-01
5.669311881065368652e-01
4.085874557495117188e-01
3.425374329090118408e-01
2.654135525226593018e-01
3.352329134941101074e-01
1.597108095884323120e-01
3.012742400169372559e-01
5.347127914428710938e-01
5.481282472610473633e-01
6.232700943946838379e-01
3.365331590175628662e-01
2.641810774803161621e-01
6.024568676948547363e-01
3.519399166107177734e-01
4.095412492752075195e-01
6.428437829017639160e-01
6.425181627273559570e-01
5.217792987823486328e-01
7.957965731620788574e-01
5.807225108146667480e-01
4.882091283798217773e-01
3.302724361419677734e-01
3.949970602989196777e-01
4.153293967247009277e-01
5.102216005325317383e-01
4.734369814395904541e-01
3.603296875953674316e-01
4.700337350368499756e-01
5.157170891761779785e-01
1.295463085174560547e+00
1.184676051139831543e+00
1.915009379386901855e+00
2.309794902801513672e+00
5.207974314689636230e-01
1.002535581588745117e+00
6.754165291786193848e-01
5.701425671577453613e-01
7.732541561126708984e-01
5.524356961250305176e-01
5.140378475189208984e-01
5.525460839271545410e-01
7.227609753608703613e-01
7.837343811988830566e-01
5.768972039222717285e-01
3.983535766601562500e-01
5.792403221130371094e-01
6.251407265663146973e-01
3.402775228023529053e-01
3.973582386970520020e-01
5.216034054756164551e-01
5.009481310844421387e-01
4.251538515090942383e-01
7.118059396743774414e-01
3.823098540306091309e-01
3.416447937488555908e-01
4.022994041442871094e-01
4.569631218910217285e-01
3.414209187030792236e-01
4.417482316493988037e-01
2.506276965141296387e-01
6.596493721008300781e-01
3.336731791496276855e-01
3.472146391868591309e-01
4.323323369026184082e-01
5.228061079978942871e-01
5.820720791816711426e-01
7.008780241012573242e-01
3.317671120166778564e-01
3.338021636009216309e-01
3.225390315055847168e-01
7.413671016693115234e-01
7.910430431365966797e-01
5.340814590454101562e-01
3.834365606307983398e-01
6.206997036933898926e-01
5.143846869468688965e-01
5.006700754165649414e-01
3.058984875679016113e-01
4.886284470558166504e-01
6.022605895996093750e-01
2.126174122095108032e-01
5.948731303215026855e-01
1.254212737083435059e+00
6.688879728317260742e-01
7.726428508758544922e-01
4.498195648193359375e-01
6.893354058265686035e-01
5.998641252517700195e-01
4.501584768295288086e-01
5.566606521606445312e-01
5.219153761863708496e-01
4.589636325836181641e-01
4.131946563720703125e-01
4.449600577354431152e-01
4.345251321792602539e-01
5.557442903518676758e-01
7.071797251701354980e-01
6.512317657470703125e-01
3.913753330707550049e-01
2.775135040283203125e-01
3.160338401794433594e-01
2.686095833778381348e-01
2.849789261817932129e-01
5.002717971801757812e-01
6.587915420532226562e-01
4.929047226905822754e-01
3.959999978542327881e-01
3.109345436096191406e-01
4.886018335819244385e-01
4.445509314537048340e-01
5.169239044189453125e-01
2.338909208774566650e-01
4.631832838058471680e-01
4.611594676971435547e-01
5.604038834571838379e-01
8.789495229721069336e-01
1.267541289329528809e+00
1.237440586090087891e+00
4.182969331741333008e-01
1.002990722656250000e+00
6.613208651542663574e-01
3.551626205444335938e-01
1.006502509117126465e+00
5.895755290985107422e-01
1.850342452526092529e-01
3.704044520854949951e-01
3.735832870006561279e-01
2.542525231838226318e-01
4.080407917499542236e-01
4.652563333511352539e-01
2.226189523935317993e-01
3.608383536338806152e-01
7.030181884765625000e-01
6.668123006820678711e-01
4.451522231101989746e-01
2.638378143310546875e-01
3.811905980110168457e-01
2.753164172172546387e-01
2.447168231010437012e-01
3.774090707302093506e-01
4.140478968620300293e-01
5.940905809402465820e-01
2.657517492771148682e-01
3.090482950210571289e-01
3.218611478805541992e-01
5.286221504211425781e-01
5.532348155975341797e-01
9.629659652709960938e-01
7.315921187400817871e-01
7.199466228485107422e-01
3.864722847938537598e-01
4.214588105678558350e-01
2.909751236438751221e-01
3.602160811424255371e-01
6.064138412475585938e-01
5.901646614074707031e-01
6.371200084686279297e-01
8.598827123641967773e-01
9.553722739219665527e-01
7.355114221572875977e-01
4.354882836341857910e-01
3.616721928119659424e-01
6.009555459022521973e-01
5.224835276603698730e-01
3.277405500411987305e-01
3.791036605834960938e-01
3.943623900413513184e-01
3.747667670249938965e-01
2.282748073339462280e-01
2.896048128604888916e-01
3.796340227127075195e-01
4.650545716285705566e-01
4.177338778972625732e-01
3.527678847312927246e-01
5.157336592674255371e-01
4.961940050125122070e-01
6.560336351394653320e-01
3.767396807670593262e-01
4.499809145927429199e-01
2.856540679931640625e-01
3.399413824081420898e-01
5.193070769309997559e-01
4.673762917518615723e-01
4.161713123321533203e-01
6.007943749427795410e-01
3.370463848114013672e-01
5.039763450622558594e-01
9.885268807411193848e-01
7.329509854316711426e-01
3.566381633281707764e-01
6.953200697898864746e-01
2.318163514137268066e-01
2.973525822162628174e-01
5.437684059143066406e-01
3.101322650909423828e-01
3.317751288414001465e-01
8.485875129699707031e-01
4.630255103111267090e-01
3.967015147209167480e-01
3.581429719924926758e-01
7.158750295639038086e-01
7.666762471199035645e-01
8.717689514160156250e-01
9.602162837982177734e-01
5.926495194435119629e-01
7.496072053909301758e-01
6.617021560668945312e-01
4.828080534934997559e-01
6.632745862007141113e-01
5.772268176078796387e-01
3.287945389747619629e-01
2.968576550483703613e-01
3.699023723602294922e-01
3.328607082366943359e-01
3.367596864700317383e-01
5.104263424873352051e-01
4.180143475532531738e-01
3.528568148612976074e-01
4.005929231643676758e-01
3.352234661579132080e-01
3.706760406494140625e-01
5.392624139785766602e-01
2.159804999828338623e-01
4.523172974586486816e-01
4.442306756973266602e-01
4.500890970230102539e-01
5.068950057029724121e-01
4.059132039546966553e-01
3.703121244907379150e-01
5.532721281051635742e-01
3.791435360908508301e-01
5.677810907363891602e-01
2.067948102951049805e+00
1.581061720848083496e+00
2.971642911434173584e-01
8.026592135429382324e-01
8.747693300247192383e-01
7.120068073272705078e-01
5.628656744956970215e-01
4.711156189441680908e-01
4.971868097782135010e-01
5.726913213729858398e-01
7.348424792289733887e-01
1.132238626480102539e+00
7.463966608047485352e-01
4.074521064758300781e-01
3.959064483642578125e-01
5.185746550559997559e-01
3.564646244049072266e-01
2.300690710544586182e-01
4.355075955390930176e-01
6.051289439201354980e-01
4.086416363716125488e-01
2.739488482475280762e-01
6.009390354156494141e-01
1.019081354141235352e+00
1.272998452186584473e+00
3.747676014900207520e-01
4.180435538291931152e-01
1.624349057674407959e-01
3.874146938323974609e-01
6.144783496856689453e-01
5.326818227767944336e-01
3.293751478195190430e-01
2.824518084526062012e-01
2.970994710922241211e-01
3.132748007774353027e-01
6.871987581253051758e-01
4.789209067821502686e-01
3.198252022266387939e-01
5.369855165481567383e-01
4.367561936378479004e-01
2.827328443527221680e-01
7.589612603187561035e-01
3.290444612503051758e-01
3.587689995765686035e-01
4.534080326557159424e-01
5.689148306846618652e-01
5.087792873382568359e-01
3.285113573074340820e-01
5.286293029785156250e-01
5.799248814582824707e-01
4.534760713577270508e-01
3.576574623584747314e-01
7.398275136947631836e-01
5.281240344047546387e-01
4.612447023391723633e-01
7.328941822052001953e-01
4.229740798473358154e-01
4.483610093593597412e-01
4.526233375072479248e-01
4.170857071876525879e-01
2.004285752773284912e-01
1.871815919876098633e-01
4.109083414077758789e-01
5.836989283561706543e-01
4.258732199668884277e-01
3.881603777408599854e-01
3.582412004470825195e-01
3.768782615661621094e-01
4.064836800098419189e-01
4.059721231460571289e-01
5.634090900421142578e-01
4.848108291625976562e-01
3.059327006340026855e-01
3.534428477287292480e-01
5.038903951644897461e-01
2.585150599479675293e-01
3.577447533607482910e-01
5.502214431762695312e-01
5.769968032836914062e-01
3.629271388053894043e-01
2.540950179100036621e-01
4.118747413158416748e-01
6.318089962005615234e-01
6.033445596694946289e-01
6.518368721008300781e-01
6.196344494819641113e-01
3.651946783065795898e-01
1.973130553960800171e-01
2.116171568632125854e-01
4.107583165168762207e-01
1.964359879493713379e-01
4.254103302955627441e-01
6.341455578804016113e-01
5.765450596809387207e-01
6.021342873573303223e-01
3.018386065959930420e-01
3.798286616802215576e-01
7.259900569915771484e-01
6.900896430015563965e-01
3.879034519195556641e-01
6.082234382629394531e-01
6.570705771446228027e-01
4.322630167007446289e-01
2.455346882343292236e-01
3.268832266330718994e-01
2.422609776258468628e-01
2.521445155143737793e-01
3.098239898681640625e-01
3.303570747375488281e-01
4.501035809516906738e-01
5.079199075698852539e-01
4.647023081779479980e-01
4.312645494937896729e-01
6.279036998748779297e-01
4.750391244888305664e-01
4.420987665653228760e-01
5.290127992630004883e-01
3.228424787521362305e-01
2.544420957565307617e-01
3.758276998996734619e-01
4.245406985282897949e-01
7.869294881820678711e-01
6.135753393173217773e-01
3.050510585308074951e-01
3.296659886837005615e-01
2.822315692901611328e-01
3.958590626716613770e-01
4.741633534431457520e-01
4.895646274089813232e-01
4.045938253402709961e-01
2.744646072387695312e-01
4.048561453819274902e-01
4.380398988723754883e-01
4.711599349975585938e-01
4.382646679878234863e-01
4.017308354377746582e-01
7.114854454994201660e-01
8.840225934982299805e-01
7.023132443428039551e-01
7.069669961929321289e-01
6.463848948478698730e-01
4.818139970302581787e-01
4.630302786827087402e-01
2.820849418640136719e-01
2.139861285686492920e-01
4.703989624977111816e-01
6.491080522537231445e-01
5.925601720809936523e-01
2.973031401634216309e-01
4.633644819259643555e-01
7.833934426307678223e-01
3.970063030719757080e-01
2.438359707593917847e-01
6.301476359367370605e-01
4.316634833812713623e-01
2.472972720861434937e-01
4.378634691238403320e-01
8.746182918548583984e-01
7.841300368309020996e-01
3.522326052188873291e-01
2.745307683944702148e-01
6.679729819297790527e-01
6.494700908660888672e-01
2.948578000068664551e-01
3.369917571544647217e-01
3.609625101089477539e-01
2.505224347114562988e-01
3.303897380828857422e-01
3.935074210166931152e-01
3.216378688812255859e-01
3.232051134109497070e-01
3.902970850467681885e-01
6.412140727043151855e-01
2.520448267459869385e-01
2.626616954803466797e-01
2.314670830965042114e-01
2.640076577663421631e-01
4.861383140087127686e-01
4.843049943447113037e-01
4.017828106880187988e-01
3.128255307674407959e-01
5.067119598388671875e-01
3.304830789566040039e-01
4.004898965358734131e-01
6.993966102600097656e-01
9.397380948066711426e-01
8.998480439186096191e-01
4.427376389503479004e-01
3.069270253181457520e-01
3.645685017108917236e-01
3.744006752967834473e-01
4.729762971401214600e-01
3.974869251251220703e-01
5.399511456489562988e-01
5.016835331916809082e-01
2.308119535446166992e-01
4.124873280525207520e-01
3.421445488929748535e-01
2.563273310661315918e-01
3.042886257171630859e-01
3.849411606788635254e-01
4.504199624061584473e-01
4.258038699626922607e-01
3.170367181301116943e-01
4.380384981632232666e-01
5.875023007392883301e-01
4.729363024234771729e-01
3.211060762405395508e-01
3.542394638061523438e-01
3.275780081748962402e-01
5.895266532897949219e-01
2.348773181438446045e-01
4.488877356052398682e-01
3.810298442840576172e-01
5.167292952537536621e-01
2.616738975048065186e-01
3.830198049545288086e-01
4.612840414047241211e-01
3.890052139759063721e-01
2.317091822624206543e-01
2.912790775299072266e-01
3.527657389640808105e-01
3.904644250869750977e-01
6.113067269325256348e-01
1.113485932350158691e+00
7.213765978813171387e-01
1.888466477394104004e-01
4.348239600658416748e-01
4.698383808135986328e-01
4.489037394523620605e-01
2.619661092758178711e-01
3.867877721786499023e-01
3.639889061450958252e-01
2.401371598243713379e-01
5.253797173500061035e-01
4.759553670883178711e-01
2.077587246894836426e-01
4.353989660739898682e-01
5.568093061447143555e-01
3.783086538314819336e-01
4.732851982116699219e-01
4.288958013057708740e-01
5.227560400962829590e-01
8.855494260787963867e-01
1.560349702835083008e+00
1.209544777870178223e+00
3.325721323490142822e-01
9.848526716232299805e-01
1.053492188453674316e+00
5.013243556022644043e-01
6.279048919677734375e-01
4.089673161506652832e-01
4.707192778587341309e-01
5.824465751647949219e-01
3.183459043502807617e-01
3.899924755096435547e-01
1.130400538444519043e+00
1.346384048461914062e+00
4.150091111660003662e-01
7.042172551155090332e-01
7.320345044136047363e-01
4.097826480865478516e-01
3.864311277866363525e-01
3.746634721755981445e-01
4.498687386512756348e-01
4.789071381092071533e-01
7.375525236129760742e-01
4.942150413990020752e-01
3.974433541297912598e-01
3.689548969268798828e-01
2.853127121925354004e-01
3.931519985198974609e-01
3.964300155639648438e-01
2.843388915061950684e-01
3.337059617042541504e-01
5.044385194778442383e-01
4.318241477012634277e-01
4.437165558338165283e-01
4.068676233291625977e-01
3.842985033988952637e-01
3.496995568275451660e-01
3.772339224815368652e-01
3.153328895568847656e-01
2.608475387096405029e-01
5.333305597305297852e-01
4.113676548004150391e-01
2.746610641479492188e-01
3.311778306961059570e-01
4.271425008773803711e-01
3.413545489311218262e-01
5.698621273040771484e-01
6.663154363632202148e-01
3.882278203964233398e-01
3.473730683326721191e-01
3.482956290245056152e-01
2.716291248798370361e-01
2.636089324951171875e-01
4.653238058090209961e-01
4.718423187732696533e-01
4.479374885559082031e-01
4.930726885795593262e-01
3.509153425693511963e-01
5.603955388069152832e-01
5.740563869476318359e-01
3.352422416210174561e-01
3.638706505298614502e-01
4.577508866786956787e-01
3.931720256805419922e-01
2.923808097839355469e-01
1.809422671794891357e-01
3.209329545497894287e-01
3.651002347469329834e-01
5.981404781341552734e-01
6.040315628051757812e-01
4.869726300239562988e-01
2.974830865859985352e-01
8.276784420013427734e-01
4.503404498100280762e-01
3.933566808700561523e-01
5.148940682411193848e-01
4.243194162845611572e-01
5.242621898651123047e-01
5.170567035675048828e-01
5.898340940475463867e-01
4.421756863594055176e-01
1.046990633010864258e+00
6.059517860412597656e-01
2.048740684986114502e-01
6.701585054397583008e-01
3.959612846374511719e-01
1.920950114727020264e-01
5.454140305519104004e-01
5.011985301971435547e-01
3.555631339550018311e-01
4.630553722381591797e-01
4.380628168582916260e-01
3.515382409095764160e-01
3.540847897529602051e-01
4.670336544513702393e-01
2.890064418315887451e-01
3.520461320877075195e-01
2.278510928153991699e-01
4.357150197029113770e-01
4.970054626464843750e-01
6.511182188987731934e-01
2.443924546241760254e-01
2.389180213212966919e-01
3.982862234115600586e-01
3.202960789203643799e-01
2.721255123615264893e-01
2.920443117618560791e-01
3.207570612430572510e-01
2.653356790542602539e-01
2.520886957645416260e-01
3.019493222236633301e-01
2.218585908412933350e-01
3.929304480552673340e-01
4.491413235664367676e-01
3.450067043304443359e-01
4.359996616840362549e-01
5.319786071777343750e-01
4.565860033035278320e-01
3.171108961105346680e-01
3.005022704601287842e-01
3.376178741455078125e-01
7.541663646697998047e-01
4.879121184349060059e-01
2.105091214179992676e-01
3.791046738624572754e-01
2.842073142528533936e-01
3.266369700431823730e-01
4.467349052429199219e-01
3.541477918624877930e-01
3.706282079219818115e-01
3.611527979373931885e-01
3.253575861454010010e-01
4.389389753341674805e-01
3.623947203159332275e-01
4.427205026149749756e-01
5.176516771316528320e-01
4.070299267768859863e-01
3.467962145805358887e-01
3.606694042682647705e-01
3.182350397109985352e-01
3.945008516311645508e-01
5.180388689041137695e-01
4.503467082977294922e-01
3.210012912750244141e-01
3.453462421894073486e-01
2.627587318420410156e-01
4.459545314311981201e-01
6.783242225646972656e-01
6.891373395919799805e-01
2.914217114448547363e-01
4.279670715332031250e-01
5.323542356491088867e-01
5.682833790779113770e-01
2.145448029041290283e-01
4.751163125038146973e-01
4.230773150920867920e-01
3.707495033740997314e-01
6.966627836227416992e-01
4.303978979587554932e-01
3.584707975387573242e-01
4.218291640281677246e-01
3.899675011634826660e-01
3.658173084259033203e-01
4.003859758377075195e-01
4.470079541206359863e-01
5.220395326614379883e-01
8.242874145507812500e-01
8.841313719749450684e-01
4.217265248298645020e-01
2.635052800178527832e-01
1.937126070261001587e-01
2.887619733810424805e-01
3.232146501541137695e-01
4.132736325263977051e-01
3.369888663291931152e-01
3.044044971466064453e-01
5.414724946022033691e-01
4.478852748870849609e-01
5.380874872207641602e-01
4.166506230831146240e-01
3.401045501232147217e-01
3.610175251960754395e-01
4.274025857448577881e-01
2.143434584140777588e-01
3.311722874641418457e-01
4.861297607421875000e-01
5.572294592857360840e-01
6.406487822532653809e-01
1.077291488647460938e+00
5.469691753387451172e-01
4.055953025817871094e-01
2.804675996303558350e-01
3.925821483135223389e-01
4.769982993602752686e-01
4.362613558769226074e-01
3.652434945106506348e-01
3.667764365673065186e-01
4.316002726554870605e-01
3.166627287864685059e-01
4.825737774372100830e-01
6.013416647911071777e-01
5.606281757354736328e-01
3.031174540519714355e-01
4.325088858604431152e-01
2.611759305000305176e-01
3.051413297653198242e-01
2.964886128902435303e-01
4.129344522953033447e-01
3.504348397254943848e-01
3.323991894721984863e-01
2.970340549945831299e-01
3.777712583541870117e-01
5.223503708839416504e-01
7.991256713867187500e-01
5.824596881866455078e-01
3.533079624176025391e-01
2.975700497627258301e-01
1.476209610700607300e-01
3.425016701221466064e-01
6.860702037811279297e-01
3.364137113094329834e-01
3.533887863159179688e-01
7.179358005523681641e-01
4.725519418716430664e-01
3.144921660423278809e-01
4.488055408000946045e-01
2.915275394916534424e-01
2.233347743749618530e-01
3.226497769355773926e-01
2.946857810020446777e-01
2.247877568006515503e-01
3.783407509326934814e-01
3.723781704902648926e-01
3.062818348407745361e-01
3.578285574913024902e-01
3.115020394325256348e-01
3.201845288276672363e-01
2.042341232299804688e-01
2.882588505744934082e-01
2.840710282325744629e-01
3.493777215480804443e-01
5.756916999816894531e-01
6.371365189552307129e-01
5.627445578575134277e-01
4.594496488571166992e-01
5.452902913093566895e-01
5.328336954116821289e-01
1.470369100570678711e-01
4.159291684627532959e-01
8.460045456886291504e-01
1.433829188346862793e+00
1.146444797515869141e+00
7.774752974510192871e-01
2.961114645004272461e-01
1.607415378093719482e-01
3.499411344528198242e-01
5.281633138656616211e-01
5.508679747581481934e-01
1.169283986091613770e+00
1.447842121124267578e+00
1.667981863021850586e+00
6.058952212333679199e-01
3.022722303867340088e-01
7.366638779640197754e-01
2.885943055152893066e-01
4.247741997241973877e-01
5.442790389060974121e-01
8.183715939521789551e-01
1.112871527671813965e+00
5.837298631668090820e-01
3.616962432861328125e-01
4.780248999595642090e-01
3.905725479125976562e-01
6.283695697784423828e-01
7.689746618270874023e-01
6.406609416007995605e-01
3.993198275566101074e-01
4.981650412082672119e-01
3.364356160163879395e-01
4.135086834430694580e-01
3.559615612030029297e-01
3.343413770198822021e-01
3.955165445804595947e-01
3.891293704509735107e-01
3.736962080001831055e-01
5.620032548904418945e-01
1.022817134857177734e+00
6.887077689170837402e-01
2.371179163455963135e-01
6.528965830802917480e-01
2.316902577877044678e-01
1.995846331119537354e-01
4.246270060539245605e-01
5.307498574256896973e-01
6.311518549919128418e-01
7.546283602714538574e-01
3.635542392730712891e-01
2.526865899562835693e-01
2.350611686706542969e-01
2.771171331405639648e-01
2.357997447252273560e-01
2.989396750926971436e-01
4.291193187236785889e-01
4.394700825214385986e-01
3.202133178710937500e-01
2.073683142662048340e-01
2.274606525897979736e-01
3.854490518569946289e-01
3.287521004676818848e-01
2.775107920169830322e-01
2.759151458740234375e-01
2.680137455463409424e-01
3.870051503181457520e-01
3.155089020729064941e-01
6.378244757652282715e-01
4.872665405273437500e-01
1.635559499263763428e-01
6.735846400260925293e-01
1.172401309013366699e+00
6.501234769821166992e-01
2.841641902923583984e-01
3.284873962402343750e-01
3.135064840316772461e-01
3.663448095321655273e-01
3.953701853752136230e-01
3.501572608947753906e-01
2.676885128021240234e-01
4.236590862274169922e-01
1.885426640510559082e-01
2.670682668685913086e-01
4.322059750556945801e-01
3.354136049747467041e-01
3.691213428974151611e-01
3.565869927406311035e-01
3.034063279628753662e-01
2.186307907104492188e-01
2.352288812398910522e-01
2.518064975738525391e-01
5.508119463920593262e-01
9.672566652297973633e-01
5.203527808189392090e-01
2.345490455627441406e-01
1.750228404998779297e-01
2.189840674400329590e-01
2.715239524841308594e-01
5.171124935150146484e-01
4.172328114509582520e-01
4.776399731636047363e-01
3.322087824344635010e-01
2.415760457515716553e-01
3.408197760581970215e-01
2.480259239673614502e-01
3.771108984947204590e-01
4.088758230209350586e-01
3.115047216415405273e-01
1.831155419349670410e-01
2.795059382915496826e-01
3.493199050426483154e-01
4.771977066993713379e-01
2.441480159759521484e-01
2.775217294692993164e-01
2.127179503440856934e-01
2.094856053590774536e-01
2.767775058746337891e-01
2.321203351020812988e-01
2.478100061416625977e-01
1.828029751777648926e-01
2.816709578037261963e-01
2.274875044822692871e-01
3.268828690052032471e-01
4.389182925224304199e-01
2.631652057170867920e-01
4.026446938514709473e-01
5.782974958419799805e-01
3.456038534641265869e-01
1.627108603715896606e-01
2.801814377307891846e-01
5.167046189308166504e-01
3.567535877227783203e-01
3.700906634330749512e-01
4.777255654335021973e-01
8.087607026100158691e-01
1.377601265907287598e+00
8.587703704833984375e-01
2.901401996612548828e+00
2.220597743988037109e+00
2.968253135681152344e+00
2.723375320434570312e+00
3.696469068527221680e-01
9.488945007324218750e-01
4.010435938835144043e-01
8.677855134010314941e-01
1.027607321739196777e+00
7.695483565330505371e-01
7.980492115020751953e-01
1.010436415672302246e+00
8.385103940963745117e-01
6.980367898941040039e-01
7.408112287521362305e-01
8.204990625381469727e-01
8.421136736869812012e-01
7.445820569992065430e-01
5.543793439865112305e-01
8.550143241882324219e-01
6.562070846557617188e-01
9.624432921409606934e-01
8.993934392929077148e-01
1.031354069709777832e+00
8.670922517776489258e-01
1.035144805908203125e+00
7.701501250267028809e-01
5.762652158737182617e-01
4.673218727111816406e-01
5.745519399642944336e-01
8.244683146476745605e-01
7.432161569595336914e-01
8.925700783729553223e-01
6.486337184906005859e-01
3.500303626060485840e-01
4.085935950279235840e-01
3.523574471473693848e-01
5.052156448364257812e-01
3.595635890960693359e-01
3.890328407287597656e-01
4.065189361572265625e-01
5.639453530311584473e-01
8.460770845413208008e-01
5.727216005325317383e-01
6.570417881011962891e-01
1.070936083793640137e+00
1.307136058807373047e+00
9.771625399589538574e-01
6.189637184143066406e-01
3.629949688911437988e-01
5.127696990966796875e-01
3.167670071125030518e-01
4.826500415802001953e-01
9.852818250656127930e-01
1.674561977386474609e+00
2.250069856643676758e+00
8.945028185844421387e-01
7.719163894653320312e-01
7.827162146568298340e-01
3.817349970340728760e-01
3.982784748077392578e-01
5.261448025703430176e-01
8.839023709297180176e-01
8.599128127098083496e-01
9.937055110931396484e-01
8.626563549041748047e-01
7.255067229270935059e-01
6.452708244323730469e-01
4.644309878349304199e-01
3.684869408607482910e-01
3.406488597393035889e-01
3.437177836894989014e-01
3.821990489959716797e-01
2.389757633209228516e-01
3.459509015083312988e-01
6.004155874252319336e-01
4.327711164951324463e-01
6.996195316314697266e-01
6.520988941192626953e-01
6.522639989852905273e-01
3.746207952499389648e-01
4.909529983997344971e-01
2.585698366165161133e-01
3.450153470039367676e-01
4.198491573333740234e-01
3.985228538513183594e-01
4.960049986839294434e-01
6.211692690849304199e-01
4.107717871665954590e-01
2.990230321884155273e-01
3.505194783210754395e-01
3.807411789894104004e-01
3.959256708621978760e-01
4.837213456630706787e-01
3.114354014396667480e-01
4.709105491638183594e-01
6.376138329505920410e-01
4.701421856880187988e-01
4.201094210147857666e-01
4.189129173755645752e-01
4.323453903198242188e-01
2.159037888050079346e-01
2.864613533020019531e-01
3.623973727226257324e-01
2.644438147544860840e-01
1.977433562278747559e-01
3.001716136932373047e-01
3.685920536518096924e-01
1.679307520389556885e-01
3.763884603977203369e-01
5.058773756027221680e-01
4.607245028018951416e-01
3.480539321899414062e-01
2.902498841285705566e-01
3.103969693183898926e-01
2.669565677642822266e-01
2.759129405021667480e-01
3.319514095783233643e-01
5.085695981979370117e-01
3.994100093841552734e-01
3.394174575805664062e-01
2.884922027587890625e-01
3.611865043640136719e-01
1.754616796970367432e-01
2.586151659488677979e-01
2.584571838378906250e-01
5.770965814590454102e-01
6.047264933586120605e-01
3.553198575973510742e-01
2.370612919330596924e-01
3.266541659832000732e-01
3.759964108467102051e-01
4.012782871723175049e-01
3.254701197147369385e-01
3.463394939899444580e-01
2.832823395729064941e-01
3.713306188583374023e-01
1.885293573141098022e-01
4.033496975898742676e-01
3.182240128517150879e-01
2.277738749980926514e-01
5.702722668647766113e-01
8.049205541610717773e-01
6.869592666625976562e-01
2.920796871185302734e-01
4.476096928119659424e-01
2.068168520927429199e-01
4.205130338668823242e-01
3.630182147026062012e-01
3.353470265865325928e-01
2.640199065208435059e-01
4.221010506153106689e-01
4.022533893585205078e-01
2.261761724948883057e-01
4.022920727729797363e-01
3.241781294345855713e-01
4.882873892784118652e-01
4.229254722595214844e-01
2.631418704986572266e-01
2.311574816703796387e-01
3.057830929756164551e-01
3.307928442955017090e-01
3.750180304050445557e-01
3.830871284008026123e-01
2.737736701965332031e-01
3.133113682270050049e-01
3.843506574630737305e-01
5.919163227081298828e-01
3.537257313728332520e-01
5.134406089782714844e-01
2.971299588680267334e-01
4.354653060436248779e-01
3.385635018348693848e-01
5.055012702941894531e-01
4.236885309219360352e-01
4.076948761940002441e-01
3.840480446815490723e-01
6.013414263725280762e-01
7.524473071098327637e-01
3.947898149490356445e-01
1.696294248104095459e-01
2.237382829189300537e-01
3.728341758251190186e-01
3.573906719684600830e-01
2.974140644073486328e-01
2.642458677291870117e-01
3.905891180038452148e-01
3.738071322441101074e-01
3.511344790458679199e-01
2.936723232269287109e-01
3.773784339427947998e-01
2.402645647525787354e-01
2.824561297893524170e-01
3.100352287292480469e-01
3.001348674297332764e-01
2.477236241102218628e-01
3.111361861228942871e-01
2.934210598468780518e-01
3.787794411182403564e-01
4.406492412090301514e-01
5.362181663513183594e-01
5.514192581176757812e-01
2.329258322715759277e-01
2.789468765258789062e-01
3.711926639080047607e-01
2.116608917713165283e-01
3.163245618343353271e-01
4.021918177604675293e-01
3.470783829689025879e-01
3.480879962444305420e-01
3.798808455467224121e-01
2.343180328607559204e-01
3.072262704372406006e-01
3.428748846054077148e-01
3.030075728893280029e-01
3.393109738826751709e-01
2.815634608268737793e-01
1.660992056131362915e-01
3.282473683357238770e-01
3.007247745990753174e-01
3.292030096054077148e-01
2.771002650260925293e-01
2.615410685539245605e-01
2.334637641906738281e-01
3.130962252616882324e-01
3.016711175441741943e-01
2.976810038089752197e-01
2.454587519168853760e-01
3.619419038295745850e-01
5.110706090927124023e-01
4.594378173351287842e-01
5.998044610023498535e-01
6.946875452995300293e-01
1.200780123472213745e-01
7.692387700080871582e-01
3.019377887248992920e-01
2.669267654418945312e-01
9.321133494377136230e-01
1.200827121734619141e+00
3.842506110668182373e-01
5.070605278015136719e-01
7.211488485336303711e-01
1.550261855125427246e+00
2.584443092346191406e+00
1.460810184478759766e+00
1.537630558013916016e+00
7.154344320297241211e-01
4.532363414764404297e-01
4.976835846900939941e-01
3.422097265720367432e-01
4.410343766212463379e-01
3.774881660938262939e-01
2.500274479389190674e-01
5.677961111068725586e-01
2.759769856929779053e-01
2.318434715270996094e-01
4.015051126480102539e-01
2.924328744411468506e-01
2.691307663917541504e-01
6.048548221588134766e-01
5.508863329887390137e-01
8.267456293106079102e-01
7.309774160385131836e-01
5.884969830513000488e-01
5.262471437454223633e-01
3.313912153244018555e-01
4.369364380836486816e-01
3.678077757358551025e-01
3.976962566375732422e-01
3.653497099876403809e-01
4.968686699867248535e-01
3.232056498527526855e-01
3.939138948917388916e-01
4.561213850975036621e-01
1.703731566667556763e-01
4.773783981800079346e-01
5.133368968963623047e-01
5.600364804267883301e-01
2.709109783172607422e-01
4.133501648902893066e-01
4.579488039016723633e-01
3.532639741897583008e-01
3.717006742954254150e-01
4.486469626426696777e-01
5.017868876457214355e-01
5.321288704872131348e-01
3.121590018272399902e-01
3.234368860721588135e-01
5.728703141212463379e-01
1.789312362670898438e-01
4.331170618534088135e-01
8.858364820480346680e-01
7.000956535339355469e-01
7.226303815841674805e-01
2.833168506622314453e-01
3.077463507652282715e-01
5.036296844482421875e-01
2.323009520769119263e-01
2.053491473197937012e-01
3.621486127376556396e-01
4.260349869728088379e-01
4.235230684280395508e-01
4.560178816318511963e-01
3.522288203239440918e-01
3.770323991775512695e-01
2.917401790618896484e-01
3.639591932296752930e-01
6.321275830268859863e-01
3.229886889457702637e-01
4.201727509498596191e-01
3.523890376091003418e-01
2.427685856819152832e-01
3.172449171543121338e-01
3.426714539527893066e-01
4.264607131481170654e-01
6.592884063720703125e-01
5.205571651458740234e-01
4.009822309017181396e-01
4.456564784049987793e-01
3.009495735168457031e-01
4.464082419872283936e-01
7.395183444023132324e-01
6.031543612480163574e-01
3.732433319091796875e-01
3.627339601516723633e-01
3.813448548316955566e-01
2.598319053649902344e-01
3.435230851173400879e-01
3.349358737468719482e-01
3.477108478546142578e-01
6.548044085502624512e-01
3.671757578849792480e-01
3.417504429817199707e-01
5.470864176750183105e-01
4.993083178997039795e-01
2.659637928009033203e-01
4.266610145568847656e-01
2.474370747804641724e-01
3.962350189685821533e-01
6.548202037811279297e-01
6.509869694709777832e-01
5.496785044670104980e-01
2.275651693344116211e-01
3.667442798614501953e-01
3.978709578514099121e-01
2.864621579647064209e-01
2.708504199981689453e-01
4.617078602313995361e-01
3.599330186843872070e-01
4.367680251598358154e-01
3.103046715259552002e-01
2.530452609062194824e-01
3.337018787860870361e-01
5.205680727958679199e-01
6.396778821945190430e-01
6.587049961090087891e-01
4.463800489902496338e-01
4.359703660011291504e-01
5.877163410186767578e-01
4.057600200176239014e-01
2.120137810707092285e-01
2.829922735691070557e-01
5.360047817230224609e-01
3.255129456520080566e-01
4.979599714279174805e-01
6.389579772949218750e-01
8.213463425636291504e-01
1.104001045227050781e+00
1.006931781768798828e+00
7.119767665863037109e-01
5.314868092536926270e-01
1.766287088394165039e-01
3.222966790199279785e-01
2.424318641424179077e-01
2.959666252136230469e-01
3.868139088153839111e-01
4.774538874626159668e-01
7.163722515106201172e-01
5.730090141296386719e-01
2.510156035423278809e-01
5.524276494979858398e-01
3.261534571647644043e-01
1.710414588451385498e-01
3.594150841236114502e-01
2.500684857368469238e-01
2.270384877920150757e-01
2.068713605403900146e-01
3.217128217220306396e-01
3.056762218475341797e-01
4.738321900367736816e-01
3.995418250560760498e-01
4.333630800247192383e-01
5.011746883392333984e-01
3.001073896884918213e-01
2.073103189468383789e-01
2.640994787216186523e-01
2.683193683624267578e-01
2.263726890087127686e-01
2.378025352954864502e-01
2.046447545289993286e-01
2.699848413467407227e-01
1.718405187129974365e-01
2.161360234022140503e-01
3.466398417949676514e-01
2.108471989631652832e-01
2.366131842136383057e-01
1.720385551452636719e-01
1.704559177160263062e-01
2.602216601371765137e-01
4.331393837928771973e-01
4.743273556232452393e-01
2.717522978782653809e-01
3.222913146018981934e-01
2.810797989368438721e-01
2.718942761421203613e-01
2.918770313262939453e-01
3.268747031688690186e-01
4.908639490604400635e-01
2.262610346078872681e-01
1.862448155879974365e-01
3.326469659805297852e-01
5.746064186096191406e-01
8.459331393241882324e-01
2.858741283416748047e-01
3.833590447902679443e-01
2.355575710535049438e-01
3.230998814105987549e-01
7.857605218887329102e-01
2.595710754394531250e-01
2.494790107011795044e-01
3.930989801883697510e-01
3.682153224945068359e-01
3.293123841285705566e-01
6.974511742591857910e-01
5.857724547386169434e-01
6.652393341064453125e-01
7.738323807716369629e-01
3.659949004650115967e-01
3.295843303203582764e-01
4.048562347888946533e-01
2.429185956716537476e-01
5.054523944854736328e-01
4.270100593566894531e-01
2.917907238006591797e-01
4.478976428508758545e-01
6.011673212051391602e-01
3.032716512680053711e-01
5.133326053619384766e-01
5.773811936378479004e-01
7.789561748504638672e-01
1.181701421737670898e+00
4.817751049995422363e-01
3.459233641624450684e-01
2.250228226184844971e-01
4.813525974750518799e-01
1.276664018630981445e+00
1.249334931373596191e+00
1.157780051231384277e+00
8.675627112388610840e-01
2.401605695486068726e-01
5.560547709465026855e-01
3.100248873233795166e-01
2.926942110061645508e-01
6.528084278106689453e-01
6.458085775375366211e-01
5.692331790924072266e-01
3.802874684333801270e-01
3.388851881027221680e-01
3.826572000980377197e-01
3.534634113311767578e-01
5.285451412200927734e-01
4.215945601463317871e-01
3.598395586013793945e-01
2.192672789096832275e-01
3.044491112232208252e-01
4.026891887187957764e-01
4.087994694709777832e-01
2.270312160253524780e-01
3.162019550800323486e-01
2.536968588829040527e-01
4.391352832317352295e-01
3.587532341480255127e-01
4.726496040821075439e-01
4.385889768600463867e-01
3.853248655796051025e-01
4.121608138084411621e-01
4.519076347351074219e-01
3.589014410972595215e-01
3.293800950050354004e-01
2.816742062568664551e-01
3.727692961692810059e-01
2.975001931190490723e-01
4.014716744422912598e-01
3.924376368522644043e-01
4.576531648635864258e-01
4.235749244689941406e-01
2.917731106281280518e-01
2.520799934864044189e-01
5.390320420265197754e-01
5.737024545669555664e-01
6.295567750930786133e-01
4.087061882019042969e-01
2.415052950382232666e-01
3.763766884803771973e-01
4.865925908088684082e-01
3.149802386760711670e-01
3.462682366371154785e-01
4.369793534278869629e-01
4.489066302776336670e-01
3.431521654129028320e-01
2.964777350425720215e-01
2.457950860261917114e-01
3.753734827041625977e-01
3.630933165550231934e-01
4.199633598327636719e-01
4.408213496208190918e-01
3.395772576332092285e-01
3.413293957710266113e-01
3.002016246318817139e-01
3.157952427864074707e-01
5.335036516189575195e-01
4.115182459354400635e-01
5.152578353881835938e-01
3.859612345695495605e-01
2.896168231964111328e-01
3.441369831562042236e-01
2.532007098197937012e-01
3.826425671577453613e-01
3.112037181854248047e-01
2.899280190467834473e-01
2.704751193523406982e-01
2.311452925205230713e-01
2.551128268241882324e-01
2.744116187095642090e-01
3.741393983364105225e-01
4.857544600963592529e-01
4.814620912075042725e-01
2.519869804382324219e-01
3.559003770351409912e-01
2.286239713430404663e-01
2.399818301200866699e-01
7.077304720878601074e-01
1.576370477676391602e+00
2.217854976654052734e+00
1.118136882781982422e+00
2.433933764696121216e-01
6.158270835876464844e-01
4.346319437026977539e-01
6.095756888389587402e-01
8.013004660606384277e-01
8.460383415222167969e-01
8.512461185455322266e-01
5.612927675247192383e-01
5.686823129653930664e-01
4.300972819328308105e-01
4.646480083465576172e-01
3.865520656108856201e-01
2.884465157985687256e-01
4.490986764430999756e-01
4.828823208808898926e-01
1.946451365947723389e-01
2.427340298891067505e-01
3.184458613395690918e-01
4.542784392833709717e-01
3.772067725658416748e-01
4.278969466686248779e-01
2.832003831863403320e-01
2.847320437431335449e-01
4.052633345127105713e-01
3.662660717964172363e-01
5.278006792068481445e-01
3.113711476325988770e-01
4.921771585941314697e-01
8.972170948982238770e-01
1.183076500892639160e+00
5.879014134407043457e-01
2.282586693763732910e-01
3.100903928279876709e-01
3.013558387756347656e-01
2.509415745735168457e-01
4.368081092834472656e-01
3.850485980510711670e-01
4.987792074680328369e-01
6.116628646850585938e-01
3.823279738426208496e-01
3.551668226718902588e-01
3.508185744285583496e-01
3.767471611499786377e-01
4.121835231781005859e-01
4.974218904972076416e-01
3.024089336395263672e-01
3.766294121742248535e-01
4.024784266948699951e-01
3.333481550216674805e-01
2.783960700035095215e-01
4.296894669532775879e-01
3.991494774818420410e-01
3.118485510349273682e-01
3.923576772212982178e-01
3.205800354480743408e-01
5.169029831886291504e-01
2.931834459304809570e-01
2.337324321269989014e-01
1.881988793611526489e-01
2.435722798109054565e-01
2.743879258632659912e-01
3.263280689716339111e-01
2.859654426574707031e-01
3.091328144073486328e-01
2.337023019790649414e-01
3.958557248115539551e-01
3.285425305366516113e-01
3.703476190567016602e-01
6.820472478866577148e-01
3.963356614112854004e-01
2.311543077230453491e-01
4.880890548229217529e-01
3.190281093120574951e-01
3.412919640541076660e-01
2.409522086381912231e-01
3.605020046234130859e-01
2.877164781093597412e-01
3.955293297767639160e-01
4.727849960327148438e-01
4.304704070091247559e-01
3.000949323177337646e-01
2.847642898559570312e-01
2.679646611213684082e-01
2.489739060401916504e-01
3.832613229751586914e-01
3.143148422241210938e-01
2.153906822204589844e-01
4.825061261653900146e-01
1.080252289772033691e+00
9.242286086082458496e-01
7.516630291938781738e-01
4.984400272369384766e-01
3.712575435638427734e-01
2.979432940483093262e-01
3.847382664680480957e-01
4.858722686767578125e-01
3.822320103645324707e-01
3.268693089485168457e-01
3.485577106475830078e-01
3.919529318809509277e-01
5.148339867591857910e-01
3.466633260250091553e-01
1.785494238138198853e-01
1.833912730216979980e-01
3.192218542098999023e-01
4.844795167446136475e-01
3.392578363418579102e-01
2.429537773132324219e-01
2.978499531745910645e-01
1.740699410438537598e-01
4.976316094398498535e-01
9.517397284507751465e-01
2.029932260513305664e+00
5.944451689720153809e-01
8.385521173477172852e-01
8.602768182754516602e-01
7.488704919815063477e-01
5.345528125762939453e-01
9.158550500869750977e-01
8.483771085739135742e-01
7.570812106132507324e-01
1.083400130271911621e+00
1.615201234817504883e+00
1.923160791397094727e+00
3.279514312744140625e-01
5.324250459671020508e-01
3.516493141651153564e-01
2.951468527317047119e-01
5.958377718925476074e-01
9.664218425750732422e-01
1.150647878646850586e+00
8.290848731994628906e-01
6.628148555755615234e-01
4.031129479408264160e-01
4.036350846290588379e-01
7.557439208030700684e-01
6.729892492294311523e-01
2.693053185939788818e-01
7.887333631515502930e-01
7.628785967826843262e-01
4.616560935974121094e-01
1.910242289304733276e-01
2.305409610271453857e-01
2.651686966419219971e-01
5.862572193145751953e-01
4.688833057880401611e-01
5.022681355476379395e-01
4.098439812660217285e-01
3.336130082607269287e-01
3.288349509239196777e-01
3.087919652462005615e-01
2.949929535388946533e-01
3.919004499912261963e-01
2.560166418552398682e-01
3.635595738887786865e-01
3.495617508888244629e-01
4.151228070259094238e-01
4.460671246051788330e-01
4.792370200157165527e-01
4.378634691238403320e-01
4.433820843696594238e-01
4.116473793983459473e-01
3.708682060241699219e-01
3.662179410457611084e-01
2.205146253108978271e-01
2.695579230785369873e-01
4.455649852752685547e-01
3.412068486213684082e-01
4.176568388938903809e-01
3.412086367607116699e-01
3.628335893154144287e-01
3.287605941295623779e-01
4.754267930984497070e-01
5.947760343551635742e-01
4.886084794998168945e-01
3.562644720077514648e-01
7.283443212509155273e-01
4.991302490234375000e-01
3.870917260646820068e-01
4.297294616699218750e-01
6.591072678565979004e-01
5.083413124084472656e-01
2.742351293563842773e-01
3.646722435951232910e-01
5.608803629875183105e-01
5.253745317459106445e-01
4.825517833232879639e-01
4.014652371406555176e-01
5.554322600364685059e-01
6.525174379348754883e-01
2.557300627231597900e-01
2.544033825397491455e-01
3.898575603961944580e-01
2.410710752010345459e-01
2.677040994167327881e-01
3.672133684158325195e-01
3.956721425056457520e-01
3.671578764915466309e-01
4.241344928741455078e-01
4.594410657882690430e-01
4.519596099853515625e-01
3.577110171318054199e-01
3.765830695629119873e-01
2.615526914596557617e-01
5.338794589042663574e-01
4.480660855770111084e-01
2.118377387523651123e-01
2.912101745605468750e-01
3.295869231224060059e-01
2.745719254016876221e-01
4.362391233444213867e-01
4.565780758857727051e-01
4.318542778491973877e-01
3.833628892898559570e-01
3.687057197093963623e-01
2.574894428253173828e-01
2.389371693134307861e-01
4.787890315055847168e-01
3.882169723510742188e-01
5.057435631752014160e-01
3.165168464183807373e-01
2.911818623542785645e-01
4.385313391685485840e-01
4.434867799282073975e-01
4.144357442855834961e-01
2.796690464019775391e-01
1.989194154739379883e-01
2.956510782241821289e-01
2.863794267177581787e-01
4.092912673950195312e-01
2.993842959403991699e-01
5.150641202926635742e-01
3.236184120178222656e-01
2.679377198219299316e-01
3.358578979969024658e-01
4.019405841827392578e-01
3.155270516872406006e-01
2.719015479087829590e-01
3.808804750442504883e-01
2.972735464572906494e-01
3.174421489238739014e-01
4.212552905082702637e-01
3.232651352882385254e-01
3.400036692619323730e-01
5.860964059829711914e-01
8.646543622016906738e-01
6.192755699157714844e-01
1.023582220077514648e+00
9.536581635475158691e-01
1.789303719997406006e-01
9.089035987854003906e-01
1.003269672393798828e+00
5.638788342475891113e-01
3.150629103183746338e-01
4.723860919475555420e-01
1.245040178298950195e+00
2.186923742294311523e+00
1.302559494972229004e+00
7.348286509513854980e-01
4.273547232151031494e-01
3.502381443977355957e-01
5.555517077445983887e-01
3.969042897224426270e-01
5.458942651748657227e-01
7.488480806350708008e-01
1.077894091606140137e+00
9.567537307739257812e-01
3.240605592727661133e-01
3.104410767555236816e-01
3.501403331756591797e-01
1.570224165916442871e-01
2.708393931388854980e-01
3.087964057922363281e-01
5.761271119117736816e-01
6.034122705459594727e-01
4.636437296867370605e-01
3.038949668407440186e-01
4.340312182903289795e-01
4.165500402450561523e-01
3.907187581062316895e-01
4.471692740917205811e-01
2.982717752456665039e-01
2.424828559160232544e-01
3.184706270694732666e-01
4.640313982963562012e-01
3.820485770702362061e-01
4.854972064495086670e-01
3.482725918292999268e-01
3.141808509826660156e-01
2.889014780521392822e-01
3.653924763202667236e-01
3.238937854766845703e-01
4.848852455615997314e-01
6.806656122207641602e-01
7.749625444412231445e-01
3.382161855697631836e-01
6.864627599716186523e-01
3.081404268741607666e-01
2.701850235462188721e-01
4.089439511299133301e-01
2.429155260324478149e-01
1.901659667491912842e-01
2.420219331979751587e-01
4.119170010089874268e-01
2.685455679893493652e-01
4.280171394348144531e-01
3.971218466758728027e-01
3.273935616016387939e-01
2.890839576721191406e-01
3.063262104988098145e-01
2.910028398036956787e-01
3.789302706718444824e-01
4.256679117679595947e-01
5.498129725456237793e-01
3.295935690402984619e-01
3.608624339103698730e-01
4.327183365821838379e-01
4.715794324874877930e-01
4.988319575786590576e-01
2.791443765163421631e-01
3.850270211696624756e-01
3.116704225540161133e-01
2.324972748756408691e-01
2.751246988773345947e-01
4.237915575504302979e-01
3.416509628295898438e-01
4.114122092723846436e-01
3.127665519714355469e-01
2.979554533958435059e-01
3.599895834922790527e-01
3.199942111968994141e-01
4.269422590732574463e-01
2.804257273674011230e-01
3.169020414352416992e-01
3.369618356227874756e-01
4.014779925346374512e-01
3.799026906490325928e-01
3.664700984954833984e-01
2.851610779762268066e-01
2.011672556400299072e-01
4.191344678401947021e-01
3.518190979957580566e-01
2.582354843616485596e-01
2.217413783073425293e-01
2.785819768905639648e-01
3.768438398838043213e-01
2.760516405105590820e-01
3.227543830871582031e-01
3.957524895668029785e-01
2.322538197040557861e-01
3.802913427352905273e-01
3.032568395137786865e-01
2.723283469676971436e-01
3.275839090347290039e-01
2.389454096555709839e-01
3.493691682815551758e-01
6.133036613464355469e-01
4.127828180789947510e-01
2.445871084928512573e-01
3.398812711238861084e-01
3.723070025444030762e-01
2.852171659469604492e-01
3.745290637016296387e-01
7.579073905944824219e-01
1.348675489425659180e+00
8.437660336494445801e-01
4.258186519145965576e-01
3.211429119110107422e-01
3.612014949321746826e-01
3.543298840522766113e-01
4.336622357368469238e-01
4.493651688098907471e-01
4.295638501644134521e-01
3.214828372001647949e-01
3.954085111618041992e-01
3.678838610649108887e-01
2.763782739639282227e-01
1.821244657039642334e-01
2.690852284431457520e-01
3.259458541870117188e-01
4.338588118553161621e-01
8.091145157814025879e-01
1.013768434524536133e+00
5.164055228233337402e-01
3.324702680110931396e-01
6.102515459060668945e-01
1.300415873527526855e+00
2.178578615188598633e+00
1.541242599487304688e+00
5.060954093933105469e-01
8.119674324989318848e-01
1.354926466941833496e+00
8.756165504455566406e-01
4.101778566837310791e-01
1.073559761047363281e+00
1.352335929870605469e+00
5.822437405586242676e-01
3.206307888031005859e-01
5.191617012023925781e-01
4.003015756607055664e-01
2.800535559654235840e-01
4.215039908885955811e-01
4.610608220100402832e-01
4.176599383354187012e-01
4.800549447536468506e-01
7.184286713600158691e-01
7.029689550399780273e-01
5.544462203979492188e-01
3.334859609603881836e-01
3.286309838294982910e-01
2.788372039794921875e-01
5.688539743423461914e-01
4.579736590385437012e-01
3.783383369445800781e-01
4.296579658985137939e-01
4.253752231597900391e-01
4.081859588623046875e-01
4.477403163909912109e-01
3.963492512702941895e-01
4.551449418067932129e-01
4.941127300262451172e-01
2.907268404960632324e-01
3.085958063602447510e-01
3.501071333885192871e-01
4.795894324779510498e-01
4.757190644741058350e-01
3.897683918476104736e-01
3.046745061874389648e-01
2.548135221004486084e-01
3.227582573890686035e-01
2.258093655109405518e-01
3.881304860115051270e-01
3.981451392173767090e-01
3.219290375709533691e-01
2.338851392269134521e-01
3.943972587585449219e-01
2.835355401039123535e-01
2.517238557338714600e-01
4.073573350906372070e-01
3.738843798637390137e-01
2.928301692008972168e-01
2.740989923477172852e-01
5.311663150787353516e-01
3.755539059638977051e-01
2.718203067779541016e-01
1.773617863655090332e-01
2.541210651397705078e-01
3.877603411674499512e-01
4.719443321228027344e-01
2.789916396141052246e-01
4.947839975357055664e-01
5.959567427635192871e-01
5.460580587387084961e-01
4.112940430641174316e-01
1.993051171302795410e-01
3.508124947547912598e-01
3.071680963039398193e-01
2.557480037212371826e-01
2.295323610305786133e-01
4.357860684394836426e-01
2.802619636058807373e-01
4.917070567607879639e-01
4.337461292743682861e-01
3.633417487144470215e-01
1.614772081375122070e-01
2.727766335010528564e-01
4.938529729843139648e-01
3.083661198616027832e-01
3.286651968955993652e-01
3.586420118808746338e-01
3.722499608993530273e-01
3.307452201843261719e-01
3.154965341091156006e-01
2.968114614486694336e-01
3.539734482765197754e-01
2.956439852714538574e-01
4.506697654724121094e-01
3.138929307460784912e-01
4.242098927497863770e-01
8.449697494506835938e-01
7.341130375862121582e-01
2.849802076816558838e-01
5.341787934303283691e-01
3.933114409446716309e-01
5.822192430496215820e-01
5.140654444694519043e-01
4.612020254135131836e-01
4.464534521102905273e-01
4.258798956871032715e-01
3.039154410362243652e-01
3.427636623382568359e-01
3.291433453559875488e-01
4.186012148857116699e-01
2.565786838531494141e-01
2.796531319618225098e-01
3.016957342624664307e-01
2.883353233337402344e-01
3.353517651557922363e-01
3.706868886947631836e-01
3.319061994552612305e-01
2.798147797584533691e-01
2.935681641101837158e-01
3.548490107059478760e-01
3.332161307334899902e-01
6.197351813316345215e-01
6.743224859237670898e-01
8.536637425422668457e-01
3.888170123100280762e-01
1.777784079313278198e-01
3.136595785617828369e-01
1.421399116516113281e-01
2.756841778755187988e-01
2.941005527973175049e-01
3.232499659061431885e-01
4.400937557220458984e-01
4.238886237144470215e-01
6.795075535774230957e-01
5.364214777946472168e-01
2.072900831699371338e-01
1.959424912929534912e-01
2.463032305240631104e-01
1.808505952358245850e-01
4.119458794593811035e-01
5.096387267112731934e-01
6.219791769981384277e-01
5.990189909934997559e-01
2.469431757926940918e-01
3.552429080009460449e-01
2.136239707469940186e-01
3.251863718032836914e-01
3.584767282009124756e-01
3.569512963294982910e-01
3.288341164588928223e-01
3.442674279212951660e-01
3.706558048725128174e-01
3.123229742050170898e-01
4.826515316963195801e-01
2.841987311840057373e-01
4.682034254074096680e-01
3.488806188106536865e-01
3.934757709503173828e-01
3.375379145145416260e-01
6.301404833793640137e-01
8.456228375434875488e-01
4.892448484897613525e-01
1.876573562622070312e-01
5.772861838340759277e-01
3.568471968173980713e-01
3.081461787223815918e-01
3.390746712684631348e-01
3.459055423736572266e-01
4.359885454177856445e-01
5.601022243499755859e-01
8.083265423774719238e-01
1.042233824729919434e+00
4.353608787059783936e-01
3.557298779487609863e-01
2.440842837095260620e-01
3.722804486751556396e-01
4.469842612743377686e-01
4.944198131561279297e-01
6.563251018524169922e-01
7.846260666847229004e-01
5.114314556121826172e-01
3.139906525611877441e-01
2.929064333438873291e-01
2.767067253589630127e-01
3.133620023727416992e-01
3.089615702629089355e-01
5.659602284431457520e-01
5.510528087615966797e-01
2.635933756828308105e-01
5.032393932342529297e-01
3.881781101226806641e-01
2.963684201240539551e-01
1.864732652902603149e-01
2.646067142486572266e-01
2.628293335437774658e-01
2.763255238533020020e-01
4.567557275295257568e-01
6.265603899955749512e-01
7.300041913986206055e-01
2.773388028144836426e-01
3.441412448883056641e-01
2.726030945777893066e-01
2.447858154773712158e-01
3.063502907752990723e-01
5.173439979553222656e-01
2.556549906730651855e-01
2.932132482528686523e-01
4.444470405578613281e-01
3.526408076286315918e-01
4.628543555736541748e-01
3.607169687747955322e-01
2.337088584899902344e-01
3.004508018493652344e-01
2.981094121932983398e-01
4.803940057754516602e-01
7.507876157760620117e-01
3.131377398967742920e-01
3.384423255920410156e-01
3.456758260726928711e-01
3.773099482059478760e-01
2.669045925140380859e-01
4.587212800979614258e-01
3.283926546573638916e-01
3.483985960483551025e-01
3.243663907051086426e-01
3.922182619571685791e-01
3.837037980556488037e-01
3.596356511116027832e-01
3.802723288536071777e-01
3.403966128826141357e-01
3.708605468273162842e-01
1.709758937358856201e-01
4.094586968421936035e-01
4.755713045597076416e-01
4.934220910072326660e-01
3.113192319869995117e-01
3.419511616230010986e-01
3.096627593040466309e-01
2.731850743293762207e-01
3.202414512634277344e-01
3.589472472667694092e-01
3.526339232921600342e-01
3.659755289554595947e-01
2.237238287925720215e-01
3.875345587730407715e-01
5.979663729667663574e-01
7.169718146324157715e-01
2.412133216857910156e-01
3.736231923103332520e-01
2.578608989715576172e-01
3.049781918525695801e-01
7.174590229988098145e-01
4.720313847064971924e-01
2.642746865749359131e-01
3.150313794612884521e-01
2.540823817253112793e-01
2.567853927612304688e-01
2.920432984828948975e-01
4.367431998252868652e-01
4.343776106834411621e-01
3.252346515655517578e-01
3.422111868858337402e-01
4.547428190708160400e-01
3.491057455539703369e-01
3.101563751697540283e-01
3.383834362030029297e-01
2.727577686309814453e-01
3.870798349380493164e-01
4.319202899932861328e-01
5.244281291961669922e-01
6.551865935325622559e-01
7.383263707160949707e-01
7.514820098876953125e-01
6.552094221115112305e-01
4.061534404754638672e-01
2.135515064001083374e-01
3.352295160293579102e-01
4.516183435916900635e-01
4.373542368412017822e-01
4.278572797775268555e-01
3.900641202926635742e-01
5.238177180290222168e-01
2.821150422096252441e-01
3.348638415336608887e-01
4.544496834278106689e-01
2.898220419883728027e-01
3.837561011314392090e-01
4.320277571678161621e-01
2.916800379753112793e-01
4.011730253696441650e-01
2.991001009941101074e-01
3.012616038322448730e-01
2.518437206745147705e-01
3.411437571048736572e-01
4.609701037406921387e-01
3.019676804542541504e-01
3.658293783664703369e-01
5.831996202468872070e-01
5.635598897933959961e-01
4.101056158542633057e-01
2.064169198274612427e-01
2.785513103008270264e-01
3.515935838222503662e-01
3.867987096309661865e-01
4.257892370223999023e-01
3.206004798412322998e-01
3.544376492500305176e-01
3.773424625396728516e-01
5.188554525375366211e-01
7.768514752388000488e-01
6.364088058471679688e-01
6.234910488128662109e-01
4.885506629943847656e-01
1.086834743618965149e-01
3.642519414424896240e-01
1.466605812311172485e-01
2.665571272373199463e-01
5.888546705245971680e-01
4.505574703216552734e-01
4.852313399314880371e-01
2.857697904109954834e-01
3.159518241882324219e-01
2.831139862537384033e-01
3.796558976173400879e-01
4.057555198669433594e-01
6.089942455291748047e-01
3.814235925674438477e-01
4.268410503864288330e-01
4.461092352867126465e-01
3.900468945503234863e-01
4.788120687007904053e-01
2.534426152706146240e-01
4.065724909305572510e-01
4.886610209941864014e-01
4.360958337783813477e-01
2.866705358028411865e-01
2.720682322978973389e-01
2.826437056064605713e-01
2.755970954895019531e-01
4.242876768112182617e-01
3.337244391441345215e-01
4.787897765636444092e-01
6.708317399024963379e-01
1.361716032028198242e+00
5.539645552635192871e-01
2.442651391029357910e-01
2.413013279438018799e-01
4.048852324485778809e-01
2.838794589042663574e-01
4.587493538856506348e-01
4.036803245544433594e-01
3.825935125350952148e-01
3.958500027656555176e-01
2.894650399684906006e-01
3.709211349487304688e-01
4.065586030483245850e-01
3.445329666137695312e-01
2.958267629146575928e-01
3.968605697154998779e-01
3.533035516738891602e-01
4.211338162422180176e-01
3.367637097835540771e-01
1.982643753290176392e-01
3.853111267089843750e-01
3.175315558910369873e-01
2.629509866237640381e-01
2.781691849231719971e-01
3.759329020977020264e-01
5.626851320266723633e-01
5.458702445030212402e-01
3.981053829193115234e-01
2.801598906517028809e-01
2.849242687225341797e-01
3.874767124652862549e-01
5.009520053863525391e-01
8.584915399551391602e-01
1.231442213058471680e+00
8.707101345062255859e-01
6.451743841171264648e-01
6.837414503097534180e-01
4.856300055980682373e-01
3.244206905364990234e-01
6.545005440711975098e-01
1.158763527870178223e+00
8.445247411727905273e-01
3.041659891605377197e-01
2.973171770572662354e-01
3.444664776325225830e-01
8.333029747009277344e-01
9.478228688240051270e-01
6.899438500404357910e-01
2.566528618335723877e-01
3.605583310127258301e-01
4.276640713214874268e-01
6.990519762039184570e-01
6.392492055892944336e-01
3.312386572360992432e-01
1.798039823770523071e-01
3.427307605743408203e-01
4.327937960624694824e-01
4.733260273933410645e-01
5.598428845405578613e-01
4.217566847801208496e-01
3.021532297134399414e-01
5.858307480812072754e-01
7.851286530494689941e-01
3.930588364601135254e-01
1.761538386344909668e-01
2.841379046440124512e-01
2.652780413627624512e-01
2.926543951034545898e-01
2.719824314117431641e-01
2.788563370704650879e-01
3.426381945610046387e-01
3.420413732528686523e-01
4.460119605064392090e-01
2.761709094047546387e-01
2.459716647863388062e-01
3.217915296554565430e-01
3.194784522056579590e-01
2.486023008823394775e-01
3.359529376029968262e-01
2.801989912986755371e-01
3.583708107471466064e-01
5.506302714347839355e-01
7.846111059188842773e-01
1.131435513496398926e+00
6.299610733985900879e-01
2.438991665840148926e-01
5.179984569549560547e-01
5.001142024993896484e-01
4.888271987438201904e-01
7.307940125465393066e-01
6.653140783309936523e-01
4.182551503181457520e-01
4.128382205963134766e-01
7.029947638511657715e-01
1.323197484016418457e+00
1.202903389930725098e+00
4.130277037620544434e-01
4.989812374114990234e-01
4.914213120937347412e-01
4.785065650939941406e-01
2.626354098320007324e-01
3.169462084770202637e-01
4.487271308898925781e-01
4.249496459960937500e-01
5.793811678886413574e-01
6.252433061599731445e-01
7.877289056777954102e-01
6.519771218299865723e-01
3.632969558238983154e-01
2.281564176082611084e-01
3.511490821838378906e-01
3.977726995944976807e-01
5.237147212028503418e-01
4.282342791557312012e-01
4.867672026157379150e-01
6.242285370826721191e-01
4.379368722438812256e-01
2.269936949014663696e-01
3.156560361385345459e-01
3.715016543865203857e-01
3.700312077999114990e-01
4.539710879325866699e-01
5.270586013793945312e-01
3.036738038063049316e-01
3.041121661663055420e-01
4.390780925750732422e-01
2.820507287979125977e-01
2.648376226425170898e-01
1.913466751575469971e-01
2.596400380134582520e-01
3.959151208400726318e-01
3.051919937133789062e-01
4.270636439323425293e-01
6.347556114196777344e-01
6.162770390510559082e-01
7.442544698715209961e-01
1.068328499794006348e+00
5.652894973754882812e-01
1.932540833950042725e-01
3.054746985435485840e-01
4.366949200630187988e-01
6.185317039489746094e-01
4.002340734004974365e-01
5.831012725830078125e-01
4.646756350994110107e-01
5.306946635246276855e-01
8.155704140663146973e-01
9.031817913055419922e-01
3.674078583717346191e-01
3.308148980140686035e-01
2.882694303989410400e-01
3.097965717315673828e-01
6.625249981880187988e-01
4.743569493293762207e-01
4.006585478782653809e-01
3.926174342632293701e-01
2.587932944297790527e-01
1.766534745693206787e-01
3.013560175895690918e-01
3.412431478500366211e-01
5.202506780624389648e-01
7.408724427223205566e-01
5.659555792808532715e-01
3.746658265590667725e-01
2.858402132987976074e-01
3.126361370086669922e-01
3.747601807117462158e-01
3.163658082485198975e-01
3.748503327369689941e-01
4.787697792053222656e-01
2.094629257917404175e-01
5.452958941459655762e-01
6.892388463020324707e-01
3.651195168495178223e-01
5.160489678382873535e-01
3.933635354042053223e-01
3.180208206176757812e-01
3.004489839076995850e-01
2.797031402587890625e-01
3.431906700134277344e-01
4.529331326484680176e-01
4.430515766143798828e-01
6.312804222106933594e-01
6.114501953125000000e-01
8.723863363265991211e-01
3.210833072662353516e-01
6.680139303207397461e-01
1.924434900283813477e+00
1.206806540489196777e+00
3.191690146923065186e-01
5.368378758430480957e-01
6.492881774902343750e-01
6.741492152214050293e-01
3.412126302719116211e-01
5.150495767593383789e-01
4.159972071647644043e-01
3.840901851654052734e-01
4.253464043140411377e-01
5.666304826736450195e-01
4.704220890998840332e-01
3.486675024032592773e-01
4.386525154113769531e-01
3.863350749015808105e-01
3.305385708808898926e-01
4.252519011497497559e-01
4.014969766139984131e-01
2.629262804985046387e-01
3.923093676567077637e-01
3.786776661872863770e-01
3.266132771968841553e-01
2.444463372230529785e-01
4.511110484600067139e-01
4.036417305469512939e-01
4.324517846107482910e-01
3.715484738349914551e-01
2.427134215831756592e-01
3.501611351966857910e-01
3.242562413215637207e-01
2.602984309196472168e-01
3.171730637550354004e-01
4.097170829772949219e-01
3.127472400665283203e-01
3.060853481292724609e-01
3.409811854362487793e-01
2.965129613876342773e-01
2.854666709899902344e-01
2.692469358444213867e-01
4.577655792236328125e-01
3.697135746479034424e-01
3.325802385807037354e-01
2.703492045402526855e-01
2.601718008518218994e-01
2.591745257377624512e-01
2.768381536006927490e-01
3.193903565406799316e-01
4.275337159633636475e-01
2.202152609825134277e-01
3.483812212944030762e-01
3.725678920745849609e-01
1.847421526908874512e-01
1.973996907472610474e-01
4.302391409873962402e-01
4.283034205436706543e-01
4.150074124336242676e-01
2.124100774526596069e-01
2.576790153980255127e-01
2.724291682243347168e-01
2.991709113121032715e-01
4.534463584423065186e-01
4.323006868362426758e-01
3.649701178073883057e-01
4.919582605361938477e-01
5.346446037292480469e-01
2.904140055179595947e-01
1.696805506944656372e-01
2.599498033523559570e-01
3.614389300346374512e-01
4.286809563636779785e-01
4.771692156791687012e-01
2.853643894195556641e-01
3.067104220390319824e-01
2.136718481779098511e-01
2.115990519523620605e-01
2.540155053138732910e-01
4.338148832321166992e-01
4.012279510498046875e-01
5.067586898803710938e-01
3.230487704277038574e-01
2.622214853763580322e-01
1.907859742641448975e-01
2.871429920196533203e-01
5.916129350662231445e-01
2.579643726348876953e-01
4.190977513790130615e-01
6.029928922653198242e-01
9.989932179450988770e-01
2.953838586807250977e+00
4.824900627136230469e+00
5.150683522224426270e-01
8.536705970764160156e-01
9.101144671440124512e-01
3.565880656242370605e-01
5.079763531684875488e-01
3.298453092575073242e-01
4.009798169136047363e-01
6.423014402389526367e-01
7.470930218696594238e-01
7.364529371261596680e-01
6.207948923110961914e-01
6.311900615692138672e-01
5.197456479072570801e-01
4.704389572143554688e-01
4.110889136791229248e-01
4.777799248695373535e-01
4.903343021869659424e-01
6.873303055763244629e-01
2.684970498085021973e-01
3.774091303348541260e-01
5.702919960021972656e-01
8.534097671508789062e-01
1.255538940429687500e+00
9.185010790824890137e-01
2.054925560951232910e-01
6.683387160301208496e-01
3.367742896080017090e-01
2.138205021619796753e-01
4.458170533180236816e-01
4.421037435531616211e-01
4.071714282035827637e-01
3.716810941696166992e-01
6.931399703025817871e-01
1.281178832054138184e+00
1.822647571563720703e+00
4.953207373619079590e-01
7.840154170989990234e-01
7.019813060760498047e-01
3.483468890190124512e-01
4.488202631473541260e-01
5.246682167053222656e-01
4.254786968231201172e-01
3.786220848560333252e-01
4.826921224594116211e-01
5.798000693321228027e-01
3.440605700016021729e-01
4.160991311073303223e-01
6.969349384307861328e-01
6.039744019508361816e-01
3.358168303966522217e-01
3.848122656345367432e-01
4.406194984912872314e-01
5.531040430068969727e-01
5.376999378204345703e-01
6.503847241401672363e-01
2.665992975234985352e-01
3.500964045524597168e-01
4.627933204174041748e-01
5.799030661582946777e-01
3.521523475646972656e-01
3.929619491100311279e-01
3.500611782073974609e-01
2.770177125930786133e-01
1.686665117740631104e-01
4.082760810852050781e-01
6.662709116935729980e-01
5.101963281631469727e-01
5.505760312080383301e-01
4.168392121791839600e-01
3.468329906463623047e-01
3.588747978210449219e-01
7.043901681900024414e-01
6.158255934715270996e-01
2.698896825313568115e-01
2.930673360824584961e-01
3.504815697669982910e-01
3.285402357578277588e-01
4.663048088550567627e-01
6.733059883117675781e-01
2.997736632823944092e-01
3.267384171485900879e-01
4.161649942398071289e-01
2.555742263793945312e-01
2.655296027660369873e-01
5.913279056549072266e-01
4.221363663673400879e-01
3.454475402832031250e-01
3.174740672111511230e-01
3.664785027503967285e-01
5.560170412063598633e-01
5.704625248908996582e-01
5.798009634017944336e-01
3.683226108551025391e-01
2.407859563827514648e-01
4.566962718963623047e-01
5.564414262771606445e-01
4.593079686164855957e-01
2.579968869686126709e-01
2.643616199493408203e-01
1.918206065893173218e-01
4.760137200355529785e-01
6.474133133888244629e-01
4.376189708709716797e-01
3.086711168289184570e-01
4.584768414497375488e-01
2.526980042457580566e-01
4.769792854785919189e-01
5.876999497413635254e-01
3.905397653579711914e-01
2.568290233612060547e-01
4.406508505344390869e-01
7.405213713645935059e-01
7.060219645500183105e-01
3.711849451065063477e-01
2.145670503377914429e-01
2.865683734416961670e-01
2.802267670631408691e-01
3.601241409778594971e-01
4.695354104042053223e-01
6.426113247871398926e-01
2.902777791023254395e-01
3.217342793941497803e-01
3.899364769458770752e-01
3.716505765914916992e-01
3.080299496650695801e-01
3.447012007236480713e-01
2.551192045211791992e-01
3.436976671218872070e-01
3.741444051265716553e-01
2.519918680191040039e-01
3.974504768848419189e-01
4.326322078704833984e-01
3.097047507762908936e-01
5.474513769149780273e-01
4.260950088500976562e-01
2.597977519035339355e-01
4.155163764953613281e-01
3.601156771183013916e-01
5.365406274795532227e-01
4.989157915115356445e-01
2.555521726608276367e-01
6.133547425270080566e-01
7.639480829238891602e-01
8.105776906013488770e-01
5.507674217224121094e-01
1.653492748737335205e-01
4.781790077686309814e-01
2.948212623596191406e-01
2.771344780921936035e-01
4.021329879760742188e-01
3.923105299472808838e-01
4.029467701911926270e-01
3.305040001869201660e-01
2.701665163040161133e-01
7.807105183601379395e-01
9.687024950981140137e-01
4.609677791595458984e-01
2.814013957977294922e-01
2.908176481723785400e-01
4.396704137325286865e-01
6.107568144798278809e-01
7.539705634117126465e-01
8.705209493637084961e-01
4.577445983886718750e-01
3.576838970184326172e-01
3.608474731445312500e-01
3.406415283679962158e-01
2.364838123321533203e-01
3.723202347755432129e-01
3.746274113655090332e-01
4.354470968246459961e-01
3.908149600028991699e-01
5.610026121139526367e-01
4.410135149955749512e-01
3.352831602096557617e-01
3.426167964935302734e-01
3.071163594722747803e-01
4.025219678878784180e-01
3.921395540237426758e-01
3.478461205959320068e-01
5.203967094421386719e-01
4.224991202354431152e-01
8.713256120681762695e-01
1.058582663536071777e+00
2.527456581592559814e-01
6.393919587135314941e-01
8.976446986198425293e-01
2.512256205081939697e-01
4.254245758056640625e-01
4.289115071296691895e-01
6.261841654777526855e-01
8.444539904594421387e-01
6.211700439453125000e-01
3.389460146427154541e-01
7.167088389396667480e-01
1.065776705741882324e+00
6.597571969032287598e-01
5.215306878089904785e-01
3.883656859397888184e-01
3.510789275169372559e-01
4.221210181713104248e-01
4.182559251785278320e-01
4.349352121353149414e-01
3.617150187492370605e-01
3.076012432575225830e-01
7.814531326293945312e-01
8.964991569519042969e-01
6.174426674842834473e-01
2.380892783403396606e-01
4.641992151737213135e-01
5.220164656639099121e-01
4.763326942920684814e-01
3.721522390842437744e-01
3.480769395828247070e-01
3.537688851356506348e-01
3.582329452037811279e-01
3.402989804744720459e-01
4.617803990840911865e-01
5.599054098129272461e-01
4.225337505340576172e-01
3.219386339187622070e-01
3.378250002861022949e-01
3.446214795112609863e-01
2.540618181228637695e-01
2.079693377017974854e-01
2.946521043777465820e-01
3.916884660720825195e-01
3.542808890342712402e-01
3.339854478836059570e-01
3.330390751361846924e-01
3.269335031509399414e-01
5.548797249794006348e-01
4.314726591110229492e-01
2.913065552711486816e-01
1.529404819011688232e-01
3.042030930519104004e-01
4.331176578998565674e-01
5.107331275939941406e-01
4.900994896888732910e-01
2.479683756828308105e-01
2.358411848545074463e-01
3.637571930885314941e-01
2.328410148620605469e-01
1.871524453163146973e-01
5.518783330917358398e-01
8.149190545082092285e-01
7.370209097862243652e-01
2.658180892467498779e-01
4.506160914897918701e-01
2.661426663398742676e-01
3.109742999076843262e-01
4.875729680061340332e-01
4.223752319812774658e-01
3.827908337116241455e-01
3.929514586925506592e-01
5.493503212928771973e-01
4.984500408172607422e-01
6.078616976737976074e-01
7.429457902908325195e-01
8.436371088027954102e-01
3.021016716957092285e-01
4.818451404571533203e-01
3.882464766502380371e-01
2.546994388103485107e-01
5.957190990447998047e-01
5.891842842102050781e-01
3.993092775344848633e-01
2.694298923015594482e-01
2.418509274721145630e-01
3.084549605846405029e-01
4.265266656875610352e-01
3.237508237361907959e-01
4.808402061462402344e-01
5.919075608253479004e-01
7.685778737068176270e-01
6.078152656555175781e-01
1.769819408655166626e-01
2.250350564718246460e-01
2.785810828208923340e-01
2.570845782756805420e-01
3.363285958766937256e-01
4.503872394561767578e-01
5.037238001823425293e-01
4.426444172859191895e-01
4.656743109226226807e-01
2.857142090797424316e-01
3.105272948741912842e-01
4.298463463783264160e-01
2.900782823562622070e-01
2.834513783454895020e-01
4.594082534313201904e-01
4.946558475494384766e-01
6.255654692649841309e-01
4.726945757865905762e-01
3.974516093730926514e-01
7.559254765510559082e-01
2.447994798421859741e-01
3.197614550590515137e-01
4.519928395748138428e-01
5.496472716331481934e-01
4.117488563060760498e-01
5.510125160217285156e-01
7.265239953994750977e-01
6.869243979454040527e-01
4.293136596679687500e-01
5.047406554222106934e-01
3.191512823104858398e-01
4.490663409233093262e-01
5.700347423553466797e-01
2.992706000804901123e-01
3.855440318584442139e-01
3.787908852100372314e-01
3.762851059436798096e-01
5.309916734695434570e-01
1.261613488197326660e+00
1.314354419708251953e+00
2.153747975826263428e-01
8.278958797454833984e-01
1.440155386924743652e+00
8.065930008888244629e-01
4.475927650928497314e-01
3.307236135005950928e-01
5.368277430534362793e-01
7.052004337310791016e-01
6.286944150924682617e-01
5.425103902816772461e-01
3.506593406200408936e-01
5.105391740798950195e-01
4.297885000705718994e-01
3.677479028701782227e-01
2.461209744215011597e-01
4.591555595397949219e-01
5.500854253768920898e-01
5.063132047653198242e-01
4.805344045162200928e-01
2.900197505950927734e-01
2.633825838565826416e-01
4.371665716171264648e-01
5.567416548728942871e-01
5.503528118133544922e-01
3.242666721343994141e-01
2.396951913833618164e-01
4.803329706192016602e-01
6.427127718925476074e-01
4.650216400623321533e-01
3.078520894050598145e-01
5.566384196281433105e-01
5.196992754936218262e-01
1.395302265882492065e-01
3.122570812702178955e-01
2.921365201473236084e-01
2.393798083066940308e-01
2.059862911701202393e-01
2.855809926986694336e-01
4.408244490623474121e-01
2.584561705589294434e-01
2.230600565671920776e-01
3.464174270629882812e-01
4.838751554489135742e-01
3.406108617782592773e-01
4.226725697517395020e-01
2.173676937818527222e-01
3.269016146659851074e-01
5.119935274124145508e-01
2.735346555709838867e-01
1.790731549263000488e-01
2.454913854598999023e-01
2.362419366836547852e-01
5.320634841918945312e-01
3.537357449531555176e-01
2.740929722785949707e-01
3.329085111618041992e-01
5.555449724197387695e-01
4.447451233863830566e-01
3.284990787506103516e-01
1.861375272274017334e-01
1.988483369350433350e-01
3.350451290607452393e-01
4.114052355289459229e-01
3.588979840278625488e-01
3.988676965236663818e-01
5.048128962516784668e-01
4.132207334041595459e-01
3.375612199306488037e-01
4.448579847812652588e-01
2.947922646999359131e-01
4.254517555236816406e-01
1.060353517532348633e+00
1.595128893852233887e+00
1.502739429473876953e+00
1.870178103446960449e+00
9.450224041938781738e-01
4.321635067462921143e-01
2.387894839048385620e-01
5.051184892654418945e-01
1.108273029327392578e+00
1.901613116264343262e+00
2.526935815811157227e+00
3.617996454238891602e+00
1.752619624137878418e+00
7.912307381629943848e-01
5.988857746124267578e-01
1.480395078659057617e+00
9.858658909797668457e-01
6.628178358078002930e-01
7.597828507423400879e-01
9.462001919746398926e-01
8.031361103057861328e-01
6.110652685165405273e-01
4.460673630237579346e-01
5.104479789733886719e-01
4.371019601821899414e-01
4.652031958103179932e-01
5.919973850250244141e-01
5.710641741752624512e-01
5.092903375625610352e-01
4.325116276741027832e-01
5.003609657287597656e-01
4.157274067401885986e-01
6.449316143989562988e-01
3.447883725166320801e-01
3.073691725730895996e-01
3.344911336898803711e-01
3.850331902503967285e-01
5.460247993469238281e-01
6.955596208572387695e-01
5.960738658905029297e-01
4.861183762550354004e-01
4.023190736770629883e-01
3.508762121200561523e-01
1.982162296772003174e-01
3.017117977142333984e-01
3.975720107555389404e-01
3.760468959808349609e-01
3.887660801410675049e-01
4.200290739536285400e-01
4.708452820777893066e-01
5.087023377418518066e-01
3.877363204956054688e-01
3.972902595996856689e-01
5.576530694961547852e-01
5.863549113273620605e-01
3.033843934535980225e-01
4.676259756088256836e-01
6.048238873481750488e-01
5.280884504318237305e-01
2.741873264312744141e-01
3.822607100009918213e-01
2.223561108112335205e-01
2.992023229598999023e-01
4.804682433605194092e-01
3.011347055435180664e-01
4.289700388908386230e-01
5.361686944961547852e-01
3.357628285884857178e-01
6.441450119018554688e-01
8.190594315528869629e-01
3.875765204429626465e-01
1.881203502416610718e-01
6.862133741378784180e-01
5.598227381706237793e-01
2.995522022247314453e-01
3.688923120498657227e-01
2.950704097747802734e-01
1.738174855709075928e-01
3.481176495552062988e-01
3.470596969127655029e-01
4.239638447761535645e-01
3.344568610191345215e-01
4.220419228076934814e-01
3.466852903366088867e-01
4.221154749393463135e-01
7.459604144096374512e-01
7.130420804023742676e-01
4.591447412967681885e-01
2.404060959815979004e-01
1.979217380285263062e-01
2.154597043991088867e-01
3.073549270629882812e-01
2.904583811759948730e-01
3.397525548934936523e-01
4.400408864021301270e-01
4.514317810535430908e-01
4.117926955223083496e-01
2.482210546731948853e-01
5.089560151100158691e-01
5.031049251556396484e-01
3.091387748718261719e-01
5.063683390617370605e-01
1.017606377601623535e+00
7.547786235809326172e-01
2.543500363826751709e-01
5.403736829757690430e-01
2.522376775741577148e-01
2.938967943191528320e-01
4.862831234931945801e-01
3.121362924575805664e-01
3.063937127590179443e-01
2.966378331184387207e-01
4.042668938636779785e-01
2.723694741725921631e-01
5.482419729232788086e-01
3.562982082366943359e-01
3.711414337158203125e-01
3.896111547946929932e-01
3.631355166435241699e-01
4.056908190250396729e-01
7.161485552787780762e-01
2.922101914882659912e-01
3.035126030445098877e-01
2.745864391326904297e-01
3.018118739128112793e-01
4.924276769161224365e-01
3.327063024044036865e-01
3.638303875923156738e-01
4.500985443592071533e-01
2.892950177192687988e-01
3.302090764045715332e-01
1.026772975921630859e+00
1.277352809906005859e+00
2.248430728912353516e+00
3.285032987594604492e+00
4.482468366622924805e-01
6.696522235870361328e-01
5.926331281661987305e-01
3.225628733634948730e-01
5.754706859588623047e-01
3.071279823780059814e-01
4.759493470191955566e-01
9.066594243049621582e-01
7.537890672683715820e-01
4.195534586906433105e-01
7.846775650978088379e-01
4.637941122055053711e-01
2.431093752384185791e-01
4.309331178665161133e-01
5.932778120040893555e-01
4.607343077659606934e-01
4.636805057525634766e-01
3.256327807903289795e-01
4.819829463958740234e-01
5.221786499023437500e-01
3.779183626174926758e-01
6.299629211425781250e-01
5.217362642288208008e-01
3.081747889518737793e-01
3.863572478294372559e-01
5.694448351860046387e-01
6.426241993904113770e-01
7.188122272491455078e-01
3.414712846279144287e-01
4.382037520408630371e-01
4.111437499523162842e-01
4.324618577957153320e-01
3.108615279197692871e-01
3.281652331352233887e-01
2.718512415885925293e-01
4.335489273071289062e-01
4.401879608631134033e-01
4.228490591049194336e-01
3.964795470237731934e-01
2.978612482547760010e-01
3.522094488143920898e-01
2.328130900859832764e-01
5.390483140945434570e-01
8.532131314277648926e-01
3.331714868545532227e-01
2.272666692733764648e-01
2.075476646423339844e-01
2.484335005283355713e-01
2.451229095458984375e-01
2.736442685127258301e-01
4.331929087638854980e-01
3.566600084304809570e-01
4.355049133300781250e-01
4.684300422668457031e-01
3.690130114555358887e-01
4.107819199562072754e-01
2.426464259624481201e-01
3.594108819961547852e-01
5.255108475685119629e-01
3.206455409526824951e-01
3.303471207618713379e-01
3.425538539886474609e-01
3.675870895385742188e-01
4.199131429195404053e-01
7.767093181610107422e-01
8.899278640747070312e-01
6.332658529281616211e-01
3.559117317199707031e-01
3.677465021610260010e-01
2.707790732383728027e-01
4.000167846679687500e-01
4.928921163082122803e-01
5.102773904800415039e-01
3.652904033660888672e-01
2.802786529064178467e-01
2.896164059638977051e-01
4.371571242809295654e-01
1.913755685091018677e-01
3.250554800033569336e-01
4.461092948913574219e-01
4.395467340946197510e-01
4.374068081378936768e-01
3.140363097190856934e-01
2.948906123638153076e-01
3.447162806987762451e-01
3.823513686656951904e-01
6.948731541633605957e-01
1.133409380912780762e+00
1.026657223701477051e+00
6.605761051177978516e-01
1.917107254266738892e-01
5.608367919921875000e-01
1.759750247001647949e-01
3.802383244037628174e-01
3.672498762607574463e-01
4.330390393733978271e-01
5.655310153961181641e-01
4.383568167686462402e-01
4.980538487434387207e-01
3.493073284626007080e-01
4.789618849754333496e-01
3.685950040817260742e-01
2.999004721641540527e-01
3.560037016868591309e-01
3.641414344310760498e-01
4.260129630565643311e-01
3.994861543178558350e-01
2.925571203231811523e-01
3.580151796340942383e-01
