3.840073585510253906e+00
5.268861770629882812e+00
6.173026084899902344e+00
6.071534156799316406e+00
5.990154266357421875e+00
7.222202301025390625e+00
7.817052841186523438e+00
7.702627182006835938e+00
8.773586273193359375e+00
8.959882736206054688e+00
8.912736892700195312e+00
1.058080863952636719e+01
8.954006195068359375e+00
1.140606784820556641e+01
1.006877422332763672e+01
1.084373855590820312e+01
1.122426319122314453e+01
1.065559291839599609e+01
1.431807613372802734e+01
1.173065185546875000e+01
1.089447784423828125e+01
1.250368595123291016e+01
1.054726219177246094e+01
1.458024787902832031e+01
1.303575134277343750e+01
8.114407539367675781e+00
1.992806816101074219e+01
2.369236564636230469e+01
2.127685928344726562e+01
1.397635841369628906e+01
5.538487434387207031e+00
2.014161682128906250e+01
2.509043121337890625e+01
2.452095413208007812e+01
2.054623794555664062e+01
1.340675163269042969e+01
5.278297424316406250e+00
1.995991897583007812e+01
2.485092544555664062e+01
2.431612396240234375e+01
1.969071197509765625e+01
1.150435924530029297e+01
9.697995185852050781e+00
1.741702270507812500e+01
1.825537109375000000e+01
1.420617675781250000e+01
7.218235969543457031e+00
2.154012298583984375e+01
2.597401046752929688e+01
2.481553268432617188e+01
2.052064704895019531e+01
1.435679817199707031e+01
7.513507366180419922e+00
1.324019908905029297e+01
1.451393508911132812e+01
1.236529731750488281e+01
7.394733428955078125e+00
1.325193023681640625e+01
1.346254062652587891e+01
1.023044490814208984e+01
6.594082832336425781e+00
2.268922424316406250e+01
2.740957069396972656e+01
2.744689178466796875e+01
2.446628952026367188e+01
1.819168853759765625e+01
9.593032836914062500e+00
7.618190288543701172e+00
1.144963455200195312e+01
1.142556762695312500e+01
8.799600601196289062e+00
6.592639923095703125e+00
1.544245719909667969e+01
1.804453468322753906e+01
1.576183509826660156e+01
9.982183456420898438e+00
6.808747291564941406e+00
1.424898529052734375e+01
1.624406051635742188e+01
1.437727260589599609e+01
1.092260074615478516e+01
6.530731201171875000e+00
1.251500320434570312e+01
1.374848175048828125e+01
1.121852016448974609e+01
6.886676788330078125e+00
1.148172378540039062e+01
1.165259361267089844e+01
8.988439559936523438e+00
5.682943344116210938e+00
1.051509475708007812e+01
1.045987319946289062e+01
7.406653881072998047e+00
9.434295654296875000e+00
8.564411163330078125e+00
6.256694793701171875e+00
1.109444999694824219e+01
1.089163017272949219e+01
6.070802688598632812e+00
7.132301330566406250e+00
7.925415039062500000e+00
7.300441265106201172e+00
6.493324756622314453e+00
6.735595703125000000e+00
5.007543563842773438e+00
1.041340446472167969e+01
5.562543869018554688e+00
6.160401344299316406e+00
5.394244194030761719e+00
5.381807804107666016e+00
6.992163658142089844e+00
3.203819513320922852e+00
1.102349376678466797e+01
7.776152610778808594e+00
3.681141614913940430e+00
7.401643753051757812e+00
5.361853122711181641e+00
3.760746240615844727e+00
7.520367622375488281e+00
4.288152217864990234e+00
4.673849582672119141e+00
5.530421257019042969e+00
4.580197334289550781e+00
5.199847221374511719e+00
3.430186748504638672e+00
7.667134284973144531e+00
4.058008193969726562e+00
5.091865062713623047e+00
6.815875053405761719e+00
5.223237514495849609e+00
4.156883716583251953e+00
4.866988182067871094e+00
4.791342735290527344e+00
3.732890844345092773e+00
6.652381896972656250e+00
4.386683940887451172e+00
3.880299091339111328e+00
7.956593036651611328e+00
2.277696609497070312e+00
8.207206726074218750e+00
6.011870384216308594e+00
2.673456192016601562e+00
5.325308799743652344e+00
5.993665695190429688e+00
4.241641521453857422e+00
3.347087860107421875e+00
6.346076011657714844e+00
5.115023612976074219e+00
3.259300947189331055e+00
6.482105255126953125e+00
3.583588123321533203e+00
3.792945146560668945e+00
6.649015426635742188e+00
3.660077810287475586e+00
5.502012729644775391e+00
5.451279640197753906e+00
4.289891242980957031e+00
5.130338668823242188e+00
3.797971248626708984e+00
5.301432609558105469e+00
4.255991935729980469e+00
3.963017463684082031e+00
5.412071228027343750e+00
2.986627817153930664e+00
7.759011745452880859e+00
4.818016529083251953e+00
2.572086572647094727e+00
7.714509963989257812e+00
6.300041675567626953e+00
3.017290353775024414e+00
7.825077056884765625e+00
6.420697212219238281e+00
3.489630699157714844e+00
6.625456809997558594e+00
6.196400642395019531e+00
4.272312641143798828e+00
5.128767967224121094e+00
4.527684211730957031e+00
4.482009887695312500e+00
5.237595558166503906e+00
4.577186584472656250e+00
4.413994789123535156e+00
5.379253387451171875e+00
5.016885757446289062e+00
5.006781578063964844e+00
5.847677230834960938e+00
5.780161380767822266e+00
5.794430732727050781e+00
6.668837547302246094e+00
5.930513381958007812e+00
6.685149192810058594e+00
5.630805015563964844e+00
8.923076629638671875e+00
6.738162040710449219e+00
6.341407775878906250e+00
6.760739326477050781e+00
6.445158004760742188e+00
7.667095184326171875e+00
6.581938743591308594e+00
6.248504638671875000e+00
6.570752620697021484e+00
5.904019355773925781e+00
7.325025558471679688e+00
5.737109661102294922e+00
6.981752872467041016e+00
6.742513179779052734e+00
6.294379711151123047e+00
7.621898651123046875e+00
6.937057018280029297e+00
6.570911407470703125e+00
8.089669227600097656e+00
7.306087493896484375e+00
6.422121524810791016e+00
7.381476402282714844e+00
7.473485469818115234e+00
8.147615432739257812e+00
7.532324314117431641e+00
7.176804065704345703e+00
9.471109390258789062e+00
7.955308914184570312e+00
6.346835613250732422e+00
9.111583709716796875e+00
8.301106452941894531e+00
6.107798576354980469e+00
9.102644920349121094e+00
8.075814247131347656e+00
6.398324966430664062e+00
1.158696937561035156e+01
1.063815784454345703e+01
5.172249317169189453e+00
1.435933113098144531e+01
1.177558708190917969e+01
5.563757419586181641e+00
1.346720695495605469e+01
1.355538082122802734e+01
1.031023120880126953e+01
6.395233154296875000e+00
5.858416557312011719e+00
7.085363864898681641e+00
7.126376152038574219e+00
6.191329956054687500e+00
4.563163757324218750e+00
6.048253059387207031e+00
5.158947944641113281e+00
5.499114990234375000e+00
6.762925148010253906e+00
3.795783042907714844e+00
1.055774402618408203e+01
7.940981864929199219e+00
4.611733436584472656e+00
6.082299232482910156e+00
7.425546646118164062e+00
6.801328659057617188e+00
5.441769599914550781e+00
6.439208984375000000e+00
5.087790966033935547e+00
5.931560516357421875e+00
5.778675079345703125e+00
5.377384662628173828e+00
6.371751785278320312e+00
6.389610290527343750e+00
5.837322711944580078e+00
9.096560478210449219e+00
7.163732051849365234e+00
7.376388072967529297e+00
7.884004592895507812e+00
7.014507770538330078e+00
7.001635551452636719e+00
7.393648624420166016e+00
7.387755393981933594e+00
7.131142616271972656e+00
6.151721477508544922e+00
6.803614616394042969e+00
6.488391876220703125e+00
5.836780548095703125e+00
5.290298461914062500e+00
6.599014282226562500e+00
6.419309616088867188e+00
5.462392807006835938e+00
5.078098297119140625e+00
5.662906646728515625e+00
6.054101467132568359e+00
5.654830932617187500e+00
5.418907642364501953e+00
6.263655662536621094e+00
5.962703704833984375e+00
5.460126876831054688e+00
6.380530357360839844e+00
6.330825805664062500e+00
6.014023303985595703e+00
5.685506343841552734e+00
5.465407848358154297e+00
7.179465293884277344e+00
6.980484962463378906e+00
5.739185810089111328e+00
8.067569732666015625e+00
7.362042427062988281e+00
5.181050300598144531e+00
1.175787925720214844e+01
1.193933105468750000e+01
8.359500885009765625e+00
4.343862533569335938e+00
1.338358879089355469e+01
1.369203376770019531e+01
1.127440071105957031e+01
7.334863662719726562e+00
7.623435020446777344e+00
7.824556350708007812e+00
6.641395568847656250e+00
7.189547061920166016e+00
6.806824684143066406e+00
6.675839424133300781e+00
6.714447975158691406e+00
6.777920722961425781e+00
5.375428199768066406e+00
9.576229095458984375e+00
9.279291152954101562e+00
6.092006206512451172e+00
6.044164180755615234e+00
8.264815330505371094e+00
7.064814567565917969e+00
5.815419197082519531e+00
1.212510681152343750e+01
1.050417518615722656e+01
7.184053897857666016e+00
6.726421356201171875e+00
7.394033908843994141e+00
6.936593532562255859e+00
6.141787528991699219e+00
7.423273563385009766e+00
7.038971900939941406e+00
6.392334938049316406e+00
6.156296730041503906e+00
6.279438972473144531e+00
5.722820281982421875e+00
6.403645515441894531e+00
5.757442951202392578e+00
4.596455574035644531e+00
9.334980010986328125e+00
6.435540676116943359e+00
3.227002382278442383e+00
9.536722183227539062e+00
9.267607688903808594e+00
6.523524284362792969e+00
4.298026084899902344e+00
6.865894317626953125e+00
7.224823474884033203e+00
6.058462619781494141e+00
4.430641174316406250e+00
5.902563571929931641e+00
5.879726409912109375e+00
3.946383476257324219e+00
3.144619703292846680e+00
5.266327381134033203e+00
4.851575851440429688e+00
3.562061071395874023e+00
4.052365303039550781e+00
4.707666397094726562e+00
4.669305324554443359e+00
3.563216686248779297e+00
6.134720802307128906e+00
5.665796279907226562e+00
3.920647859573364258e+00
6.134109497070312500e+00
4.956534862518310547e+00
4.209197521209716797e+00
5.488977909088134766e+00
5.769266605377197266e+00
5.038794040679931641e+00
3.747994422912597656e+00
6.847826004028320312e+00
2.903247594833374023e+00
8.822399139404296875e+00
6.190187931060791016e+00
3.702884674072265625e+00
6.262034416198730469e+00
4.516077518463134766e+00
3.812033653259277344e+00
5.882093906402587891e+00
2.567427873611450195e+00
8.298646926879882812e+00
6.749718666076660156e+00
3.524688959121704102e+00
9.009737014770507812e+00
3.600012540817260742e+00
3.246655941009521484e+00
5.783701419830322266e+00
3.591218471527099609e+00
5.232980728149414062e+00
4.618537902832031250e+00
2.885828256607055664e+00
7.547638893127441406e+00
2.581489562988281250e+00
3.995945930480957031e+00
5.459256172180175781e+00
4.438689231872558594e+00
4.888097763061523438e+00
3.191008567810058594e+00
5.920076370239257812e+00
2.850178241729736328e+00
4.765140533447265625e+00
5.390394210815429688e+00
3.977888822555541992e+00
5.954347133636474609e+00
2.925784349441528320e+00
5.454630374908447266e+00
9.641569137573242188e+00
5.500405430793762207e-01
6.451656341552734375e+00
6.834118843078613281e+00
3.336272716522216797e+00
3.035064935684204102e+00
4.929312229156494141e+00
4.243319511413574219e+00
3.259263992309570312e+00
3.924350261688232422e+00
5.504406452178955078e+00
3.396463632583618164e+00
5.026101112365722656e+00
5.346640586853027344e+00
2.360279083251953125e+00
1.070233535766601562e+01
1.273730516433715820e+00
3.602986335754394531e+00
3.939756870269775391e+00
3.279213666915893555e+00
3.340539216995239258e+00
3.222541332244873047e+00
4.739421367645263672e+00
3.018056869506835938e+00
6.654841423034667969e+00
4.689924240112304688e+00
4.019308090209960938e+00
5.553070545196533203e+00
4.081517219543457031e+00
5.146914958953857422e+00
5.969603538513183594e+00
5.487097740173339844e+00
6.859897136688232422e+00
3.501919507980346680e+00
6.163217544555664062e+00
5.405967712402343750e+00
5.629275321960449219e+00
4.953463554382324219e+00
4.209642410278320312e+00
6.606887817382812500e+00
6.026650905609130859e+00
3.464117527008056641e+00
7.294484615325927734e+00
5.876010417938232422e+00
2.637260198593139648e+00
9.038097381591796875e+00
6.143739700317382812e+00
3.832494974136352539e+00
5.563717365264892578e+00
6.825438499450683594e+00
5.542385101318359375e+00
4.954698085784912109e+00
6.423810958862304688e+00
4.208003997802734375e+00
7.203103542327880859e+00
4.953683376312255859e+00
6.763017177581787109e+00
4.106267929077148438e+00
5.287845611572265625e+00
4.318999290466308594e+00
4.096090316772460938e+00
4.921966552734375000e+00
5.183232307434082031e+00
5.713509082794189453e+00
5.459394454956054688e+00
5.041599750518798828e+00
7.709524154663085938e+00
7.318039894104003906e+00
5.400273323059082031e+00
9.697932243347167969e+00
4.976701736450195312e+00
7.613103389739990234e+00
5.639394760131835938e+00
5.057908535003662109e+00
5.279549598693847656e+00
4.669994354248046875e+00
5.187643527984619141e+00
5.334285259246826172e+00
5.161921501159667969e+00
8.291686058044433594e+00
6.171930789947509766e+00
5.361373901367187500e+00
8.410264968872070312e+00
6.216956138610839844e+00
4.750804901123046875e+00
6.594856262207031250e+00
4.204483032226562500e+00
7.051184654235839844e+00
5.030940055847167969e+00
5.725446224212646484e+00
3.320094585418701172e+00
5.636246681213378906e+00
5.364284515380859375e+00
4.715575218200683594e+00
5.274906635284423828e+00
4.765435218811035156e+00
6.068383216857910156e+00
4.687664031982421875e+00
4.405085563659667969e+00
5.245944976806640625e+00
7.012121677398681641e+00
3.568988323211669922e+00
1.022658538818359375e+01
5.766077041625976562e+00
5.114133834838867188e+00
7.795089721679687500e+00
6.398490905761718750e+00
4.237870693206787109e+00
1.064583015441894531e+01
6.996093750000000000e+00
4.107667922973632812e+00
8.820011138916015625e+00
6.744648456573486328e+00
3.866654872894287109e+00
7.216725349426269531e+00
2.773013591766357422e+00
1.010778045654296875e+01
7.270292758941650391e+00
2.631475448608398438e+00
8.717960357666015625e+00
7.630116462707519531e+00
3.618176460266113281e+00
8.047351837158203125e+00
5.988651275634765625e+00
2.642593622207641602e+00
6.874745368957519531e+00
7.378707885742187500e+00
4.985177993774414062e+00
4.122169971466064453e+00
5.937530040740966797e+00
5.669045448303222656e+00
4.149471282958984375e+00
6.210816860198974609e+00
5.934836387634277344e+00
4.683260917663574219e+00
8.006052970886230469e+00
4.660910606384277344e+00
5.770659923553466797e+00
7.510887145996093750e+00
4.802620887756347656e+00
6.301101684570312500e+00
6.017161846160888672e+00
4.981767177581787109e+00
5.679199218750000000e+00
5.265951156616210938e+00
5.648979187011718750e+00
3.645716905593872070e+00
7.903271675109863281e+00
5.244471073150634766e+00
4.563801765441894531e+00
6.468109130859375000e+00
4.805046081542968750e+00
5.726614952087402344e+00
5.170731067657470703e+00
4.131511211395263672e+00
7.173048973083496094e+00
4.969770431518554688e+00
4.064791679382324219e+00
6.889026641845703125e+00
5.124147891998291016e+00
3.948714733123779297e+00
8.505352020263671875e+00
4.663877487182617188e+00
4.295078277587890625e+00
5.963104724884033203e+00
5.059528350830078125e+00
4.615490913391113281e+00
6.234957695007324219e+00
4.519439697265625000e+00
5.073481559753417969e+00
5.105340003967285156e+00
5.024550914764404297e+00
4.611811637878417969e+00
5.986564159393310547e+00
4.849598884582519531e+00
5.067254543304443359e+00
5.189657688140869141e+00
4.376559257507324219e+00
5.399333000183105469e+00
4.729545116424560547e+00
4.437905311584472656e+00
5.423488616943359375e+00
3.602219104766845703e+00
6.959245681762695312e+00
4.287109851837158203e+00
6.326550006866455078e+00
4.885459899902343750e+00
4.749129772186279297e+00
5.452615737915039062e+00
3.930193662643432617e+00
6.514971256256103516e+00
5.490296363830566406e+00
3.737820148468017578e+00
6.511278152465820312e+00
4.720947742462158203e+00
3.853892803192138672e+00
5.910238742828369141e+00
5.513674736022949219e+00
3.817129611968994141e+00
5.983868122100830078e+00
4.601684570312500000e+00
4.158936977386474609e+00
5.322293281555175781e+00
4.273925781250000000e+00
4.425885200500488281e+00
4.895389556884765625e+00
4.228843212127685547e+00
4.645057678222656250e+00
5.399624824523925781e+00
4.520329475402832031e+00
4.658279895782470703e+00
5.437597274780273438e+00
5.110560417175292969e+00
5.328021049499511719e+00
3.765418767929077148e+00
6.496172428131103516e+00
5.120797157287597656e+00
3.746245861053466797e+00
5.490895748138427734e+00
5.549777507781982422e+00
4.244537353515625000e+00
5.052197456359863281e+00
4.539775848388671875e+00
5.596982955932617188e+00
4.971457958221435547e+00
5.280267715454101562e+00
5.132792472839355469e+00
5.438453674316406250e+00
4.655811309814453125e+00
4.813291549682617188e+00
4.820937156677246094e+00
4.498497962951660156e+00
5.885521411895751953e+00
3.626137971878051758e+00
6.628356933593750000e+00
4.369509696960449219e+00
4.960583686828613281e+00
5.626611709594726562e+00
4.876141548156738281e+00
4.827951908111572266e+00
5.164261817932128906e+00
4.293445587158203125e+00
4.942844867706298828e+00
4.109302520751953125e+00
4.900493621826171875e+00
6.021592140197753906e+00
3.662913799285888672e+00
6.394309043884277344e+00
5.668722629547119141e+00
3.762462139129638672e+00
5.750950813293457031e+00
4.668941974639892578e+00
4.158328056335449219e+00
5.159368991851806641e+00
4.017693042755126953e+00
4.722151756286621094e+00
4.823266506195068359e+00
4.674402236938476562e+00
5.469245910644531250e+00
4.384187698364257812e+00
5.374175071716308594e+00
4.869089603424072266e+00
4.970019817352294922e+00
4.805712699890136719e+00
4.805885791778564453e+00
4.893333911895751953e+00
4.258506774902343750e+00
6.415666580200195312e+00
3.249987840652465820e+00
7.901459693908691406e+00
4.959627151489257812e+00
3.531549930572509766e+00
7.112160682678222656e+00
4.616261482238769531e+00
5.175876617431640625e+00
6.140978813171386719e+00
3.203098297119140625e+00
6.476219654083251953e+00
5.202299118041992188e+00
3.453463077545166016e+00
6.701930046081542969e+00
4.744768142700195312e+00
3.742986917495727539e+00
5.796784400939941406e+00
4.795261383056640625e+00
4.597078323364257812e+00
5.826829910278320312e+00
4.936118602752685547e+00
3.607795476913452148e+00
7.829724311828613281e+00
4.955420494079589844e+00
3.858053445816040039e+00
6.926463127136230469e+00
6.013648033142089844e+00
3.464105606079101562e+00
9.168163299560546875e+00
3.954647779464721680e+00
6.515011787414550781e+00
5.343205928802490234e+00
4.055360794067382812e+00
6.170586585998535156e+00
4.204800605773925781e+00
4.373366832733154297e+00
6.489047050476074219e+00
4.032585620880126953e+00
5.401249885559082031e+00
5.955172538757324219e+00
4.209415435791015625e+00
5.673726081848144531e+00
5.264686107635498047e+00
4.298693656921386719e+00
5.788543701171875000e+00
4.525353431701660156e+00
5.894182205200195312e+00
3.219140291213989258e+00
6.743955612182617188e+00
4.359008312225341797e+00
4.377313613891601562e+00
6.635785102844238281e+00
4.361080646514892578e+00
5.827320098876953125e+00
3.359410285949707031e+00
5.048159599304199219e+00
6.585118293762207031e+00
4.271196842193603516e+00
4.665201187133789062e+00
6.418520450592041016e+00
4.382627487182617188e+00
5.228516578674316406e+00
4.471718788146972656e+00
5.158416748046875000e+00
5.157762527465820312e+00
4.754051685333251953e+00
4.625264167785644531e+00
3.621790409088134766e+00
6.344655513763427734e+00
4.766714096069335938e+00
3.563777923583984375e+00
5.891105651855468750e+00
4.962666034698486328e+00
3.913814067840576172e+00
7.382542610168457031e+00
3.742576122283935547e+00
5.541925430297851562e+00
5.072377204895019531e+00
4.728994369506835938e+00
5.361200332641601562e+00
4.457360744476318359e+00
4.295735836029052734e+00
5.868166923522949219e+00
3.855844259262084961e+00
6.627444267272949219e+00
4.251845359802246094e+00
4.845177173614501953e+00
6.621450424194335938e+00
4.570924758911132812e+00
5.959779739379882812e+00
5.866559982299804688e+00
4.761740684509277344e+00
6.187130928039550781e+00
5.101554393768310547e+00
6.304618835449218750e+00
5.220032691955566406e+00
7.233538627624511719e+00
4.594951629638671875e+00
6.455166339874267578e+00
5.431893348693847656e+00
5.836354732513427734e+00
6.218738555908203125e+00
4.478713989257812500e+00
7.544760704040527344e+00
3.877687931060791016e+00
8.184642791748046875e+00
5.156751632690429688e+00
5.383748054504394531e+00
6.344550132751464844e+00
3.902674674987792969e+00
6.210198402404785156e+00
5.225666999816894531e+00
4.480015754699707031e+00
7.773079872131347656e+00
2.449243783950805664e+00
8.310769081115722656e+00
4.055207729339599609e+00
5.565905570983886719e+00
4.828848361968994141e+00
4.601453304290771484e+00
5.519842147827148438e+00
3.742428779602050781e+00
6.826262474060058594e+00
4.726136207580566406e+00
6.623403072357177734e+00
2.691205263137817383e+00
1.154085731506347656e+01
4.310438156127929688e+00
4.504753589630126953e+00
9.376993179321289062e+00
4.990145206451416016e+00
3.340887546539306641e+00
7.657194614410400391e+00
5.723284244537353516e+00
4.026823043823242188e+00
6.253074645996093750e+00
4.608430862426757812e+00
5.388826370239257812e+00
5.826420783996582031e+00
4.788923263549804688e+00
5.624000549316406250e+00
5.123791694641113281e+00
5.200632572174072266e+00
5.101549148559570312e+00
5.863793373107910156e+00
5.670020103454589844e+00
5.366861343383789062e+00
6.977582931518554688e+00
5.642789840698242188e+00
4.608097553253173828e+00
5.972096920013427734e+00
5.609641075134277344e+00
4.453499794006347656e+00
5.737930297851562500e+00
4.513459205627441406e+00
4.935092449188232422e+00
5.356077194213867188e+00
3.842328071594238281e+00
6.215780258178710938e+00
5.647127151489257812e+00
4.686125278472900391e+00
5.178242206573486328e+00
5.977490425109863281e+00
4.722898006439208984e+00
5.716062068939208984e+00
6.096663951873779297e+00
3.972973346710205078e+00
6.892139434814453125e+00
4.486585617065429688e+00
6.298739433288574219e+00
5.469108581542968750e+00
5.151166915893554688e+00
5.297625541687011719e+00
5.674760818481445312e+00
5.403376102447509766e+00
5.397109508514404297e+00
4.799984455108642578e+00
5.422070503234863281e+00
5.642812728881835938e+00
4.759151458740234375e+00
5.236488342285156250e+00
4.358095169067382812e+00
6.395243644714355469e+00
4.611355304718017578e+00
4.406340599060058594e+00
5.767238140106201172e+00
5.064043045043945312e+00
4.381761074066162109e+00
4.641031742095947266e+00
5.528327941894531250e+00
4.555729389190673828e+00
5.179230690002441406e+00
5.089489459991455078e+00
4.781011581420898438e+00
5.101006984710693359e+00
4.844170570373535156e+00
4.793850898742675781e+00
3.007941007614135742e+00
7.940087795257568359e+00
4.994545936584472656e+00
4.129659652709960938e+00
6.303892612457275391e+00
4.986649990081787109e+00
4.086408615112304688e+00
6.076289653778076172e+00
4.550472259521484375e+00
4.766509532928466797e+00
4.470477581024169922e+00
4.358988761901855469e+00
3.844983577728271484e+00
6.345893383026123047e+00
4.671394348144531250e+00
4.068398475646972656e+00
6.009424686431884766e+00
4.376595497131347656e+00
4.003901481628417969e+00
5.240286827087402344e+00
4.417358398437500000e+00
4.705168724060058594e+00
5.294569969177246094e+00
2.895248174667358398e+00
9.169509887695312500e+00
2.126111507415771484e+00
1.051688575744628906e+01
8.110036849975585938e+00
4.070448875427246094e+00
5.940297126770019531e+00
5.896732330322265625e+00
3.686969757080078125e+00
6.081210613250732422e+00
4.968698501586914062e+00
4.264559745788574219e+00
5.541487693786621094e+00
5.073592185974121094e+00
4.390340805053710938e+00
7.162526607513427734e+00
4.451736927032470703e+00
6.102781295776367188e+00
5.780502319335937500e+00
4.532982349395751953e+00
4.718954086303710938e+00
6.014313697814941406e+00
5.125725746154785156e+00
3.148110866546630859e+00
8.921790122985839844e+00
4.408239364624023438e+00
4.114077568054199219e+00
6.990807056427001953e+00
5.899058341979980469e+00
4.140298843383789062e+00
7.392361640930175781e+00
3.979903936386108398e+00
6.934201717376708984e+00
4.672369003295898438e+00
3.132936954498291016e+00
8.062617301940917969e+00
5.792732238769531250e+00
3.466749668121337891e+00
8.621857643127441406e+00
4.123437404632568359e+00
3.483662605285644531e+00
6.879288196563720703e+00
3.107192993164062500e+00
7.322742938995361328e+00
5.638379096984863281e+00
4.295304775238037109e+00
5.215565681457519531e+00
5.532990932464599609e+00
4.145658969879150391e+00
5.848196506500244141e+00
5.228392601013183594e+00
4.368631362915039062e+00
5.382332801818847656e+00
4.611973762512207031e+00
5.829697608947753906e+00
4.420147895812988281e+00
4.070496559143066406e+00
6.368911743164062500e+00
5.227543830871582031e+00
3.931243658065795898e+00
6.466266632080078125e+00
4.067067146301269531e+00
4.870109558105468750e+00
6.545577049255371094e+00
5.716498374938964844e+00
4.623455524444580078e+00
6.320929527282714844e+00
4.700455665588378906e+00
6.015817642211914062e+00
6.427653789520263672e+00
4.507322311401367188e+00
7.928973197937011719e+00
4.468761444091796875e+00
8.850317001342773438e+00
6.112548828125000000e+00
6.301423072814941406e+00
5.778120040893554688e+00
6.120553493499755859e+00
5.308017730712890625e+00
5.349652290344238281e+00
5.733206748962402344e+00
6.134263992309570312e+00
5.860814571380615234e+00
5.184011459350585938e+00
7.121241569519042969e+00
4.330115318298339844e+00
6.760377883911132812e+00
5.879551887512207031e+00
4.240738868713378906e+00
7.030849456787109375e+00
2.956611156463623047e+00
1.137712287902832031e+01
3.437313079833984375e+00
7.610716342926025391e+00
6.965796470642089844e+00
4.414363861083984375e+00
7.603382587432861328e+00
5.340952873229980469e+00
3.403393983840942383e+00
7.682099819183349609e+00
4.718178749084472656e+00
3.640718936920166016e+00
6.086451530456542969e+00
4.427159786224365234e+00
5.391860961914062500e+00
5.726872444152832031e+00
5.063378334045410156e+00
5.123864650726318359e+00
5.732086181640625000e+00
4.587182998657226562e+00
5.964944839477539062e+00
4.786115646362304688e+00
6.588319778442382812e+00
4.903197288513183594e+00
4.870673656463623047e+00
6.432619094848632812e+00
5.166759967803955078e+00
4.089982509613037109e+00
6.865581989288330078e+00
4.625273704528808594e+00
5.469685077667236328e+00
5.428841590881347656e+00
5.357002258300781250e+00
4.677831649780273438e+00
7.131685733795166016e+00
5.652504920959472656e+00
4.381145477294921875e+00
5.388725757598876953e+00
6.191190719604492188e+00
4.485416412353515625e+00
7.400623321533203125e+00
6.243073463439941406e+00
5.093485832214355469e+00
6.077887535095214844e+00
5.855731010437011719e+00
3.357814788818359375e+00
9.144165992736816406e+00
8.760007858276367188e+00
6.341247081756591797e+00
4.687831878662109375e+00
7.968838214874267578e+00
7.296534538269042969e+00
4.072654724121093750e+00
7.200776100158691406e+00
4.458787441253662109e+00
6.777240276336669922e+00
4.124300956726074219e+00
6.445013999938964844e+00
4.877405166625976562e+00
4.728636741638183594e+00
6.160918712615966797e+00
5.002238750457763672e+00
4.004156589508056641e+00
6.785775661468505859e+00
6.069324016571044922e+00
3.869579792022705078e+00
6.311474800109863281e+00
5.689081192016601562e+00
3.894298553466796875e+00
5.993518352508544922e+00
5.602502822875976562e+00
3.865446567535400391e+00
6.768621921539306641e+00
5.059816360473632812e+00
4.854598999023437500e+00
5.072368621826171875e+00
5.644661903381347656e+00
4.504881381988525391e+00
7.309148788452148438e+00
2.213974714279174805e+00
1.065569686889648438e+01
9.029863357543945312e+00
3.493086338043212891e+00
7.230206489562988281e+00
7.040137767791748047e+00
4.446152687072753906e+00
6.887160778045654297e+00
5.392879962921142578e+00
5.178292751312255859e+00
4.491168975830078125e+00
7.036211967468261719e+00
5.118867874145507812e+00
6.018090248107910156e+00
6.419476032257080078e+00
5.802210330963134766e+00
6.713973045349121094e+00
5.132232666015625000e+00
8.169453620910644531e+00
5.209463596343994141e+00
6.584653854370117188e+00
5.598727226257324219e+00
5.357713222503662109e+00
7.057857036590576172e+00
5.293919563293457031e+00
5.660295963287353516e+00
6.381432533264160156e+00
4.994063854217529297e+00
7.088123798370361328e+00
5.171027183532714844e+00
5.353832721710205078e+00
6.962865352630615234e+00
4.455516815185546875e+00
6.023859500885009766e+00
5.361859321594238281e+00
5.506896018981933594e+00
5.748988628387451172e+00
4.966606616973876953e+00
5.929451465606689453e+00
5.576364517211914062e+00
5.192334651947021484e+00
4.760136604309082031e+00
5.678366184234619141e+00
5.395776748657226562e+00
5.530336380004882812e+00
5.403488636016845703e+00
6.354891777038574219e+00
6.743425369262695312e+00
5.222638130187988281e+00
7.646135330200195312e+00
4.201417922973632812e+00
6.344276428222656250e+00
6.946236610412597656e+00
4.677860260009765625e+00
6.880063533782958984e+00
6.908648490905761719e+00
4.563851356506347656e+00
6.712387561798095703e+00
6.583782196044921875e+00
5.253971576690673828e+00
4.409523010253906250e+00
7.038712978363037109e+00
3.843898773193359375e+00
8.400871276855468750e+00
6.884077072143554688e+00
4.428606510162353516e+00
7.167805194854736328e+00
5.317203521728515625e+00
4.501724243164062500e+00
6.530900955200195312e+00
5.351215362548828125e+00
4.997949600219726562e+00
5.331256866455078125e+00
4.565528869628906250e+00
5.894607543945312500e+00
5.195797920227050781e+00
4.334370136260986328e+00
5.966756820678710938e+00
5.666869163513183594e+00
4.914742469787597656e+00
6.076586723327636719e+00
4.685182571411132812e+00
5.059277534484863281e+00
6.096124649047851562e+00
2.475875616073608398e+00
1.168930625915527344e+01
7.885347366333007812e+00
4.230375289916992188e+00
7.482979774475097656e+00
5.159127235412597656e+00
5.106087207794189453e+00
6.358578205108642578e+00
2.564859390258789062e+00
9.179101943969726562e+00
5.301830291748046875e+00
4.161382675170898438e+00
6.291346073150634766e+00
6.558588027954101562e+00
4.532402038574218750e+00
5.106051445007324219e+00
5.225061416625976562e+00
4.094384193420410156e+00
5.222356796264648438e+00
4.767725944519042969e+00
4.464844226837158203e+00
5.478775978088378906e+00
4.507655143737792969e+00
3.894109725952148438e+00
8.704490661621093750e+00
4.200189113616943359e+00
5.478985786437988281e+00
6.632287979125976562e+00
4.743688583374023438e+00
4.068300247192382812e+00
7.089483261108398438e+00
5.430022716522216797e+00
4.032613754272460938e+00
6.811726570129394531e+00
4.726264953613281250e+00
5.926188468933105469e+00
5.191524505615234375e+00
5.300586700439453125e+00
5.693064689636230469e+00
5.819965362548828125e+00
4.600918769836425781e+00
5.371965408325195312e+00
4.241014003753662109e+00
7.218056678771972656e+00
5.127726554870605469e+00
4.569210529327392578e+00
5.960492134094238281e+00
4.523045539855957031e+00
4.130945682525634766e+00
4.361483573913574219e+00
4.451483249664306641e+00
5.565495014190673828e+00
4.985506057739257812e+00
3.793754577636718750e+00
5.352331161499023438e+00
5.757591247558593750e+00
4.895827293395996094e+00
4.415046691894531250e+00
5.693187713623046875e+00
5.303003311157226562e+00
5.432128906250000000e+00
4.902357101440429688e+00
5.215185165405273438e+00
4.196660995483398438e+00
7.034008979797363281e+00
5.546016693115234375e+00
4.601251602172851562e+00
5.936505317687988281e+00
3.373578548431396484e+00
8.659966468811035156e+00
2.220322608947753906e+00
7.549123764038085938e+00
4.514852046966552734e+00
3.235827445983886719e+00
8.162235260009765625e+00
6.122006893157958984e+00
3.968791007995605469e+00
8.455061912536621094e+00
4.387995719909667969e+00
4.471029281616210938e+00
6.519327163696289062e+00
6.030349731445312500e+00
3.706862926483154297e+00
7.064552783966064453e+00
3.797468423843383789e+00
7.614974975585937500e+00
5.007308006286621094e+00
6.548384666442871094e+00
5.184486865997314453e+00
5.525181770324707031e+00
4.896493911743164062e+00
6.239320755004882812e+00
3.163558006286621094e+00
7.689449310302734375e+00
6.332488536834716797e+00
3.695597887039184570e+00
6.440034389495849609e+00
6.521484375000000000e+00
4.757958412170410156e+00
4.677377700805664062e+00
6.407151222229003906e+00
2.779650688171386719e+00
7.466590881347656250e+00
4.452420711517333984e+00
5.825529098510742188e+00
5.307337284088134766e+00
4.231158256530761719e+00
5.090237617492675781e+00
3.743778228759765625e+00
5.269995689392089844e+00
4.661715984344482422e+00
4.006670475006103516e+00
6.347357749938964844e+00
4.201802730560302734e+00
3.971023082733154297e+00
4.281421661376953125e+00
5.152579784393310547e+00
5.520647525787353516e+00
5.229396820068359375e+00
4.615036964416503906e+00
4.879618167877197266e+00
5.371954441070556641e+00
4.126492500305175781e+00
5.820035457611083984e+00
4.917703628540039062e+00
6.178202629089355469e+00
5.476136207580566406e+00
6.593622207641601562e+00
4.976715087890625000e+00
5.738356590270996094e+00
4.609279632568359375e+00
6.857124328613281250e+00
5.824993610382080078e+00
4.925128459930419922e+00
8.414718627929687500e+00
3.660624742507934570e+00
7.269373893737792969e+00
4.615471839904785156e+00
5.899635791778564453e+00
6.091416358947753906e+00
4.792424201965332031e+00
6.057349205017089844e+00
5.815946102142333984e+00
4.898989677429199219e+00
6.730385303497314453e+00
4.742763996124267578e+00
5.992267131805419922e+00
5.125827789306640625e+00
5.080910682678222656e+00
6.436430931091308594e+00
5.738359928131103516e+00
2.886024475097656250e+00
8.168907165527343750e+00
4.959544181823730469e+00
5.771845817565917969e+00
7.017493247985839844e+00
5.650924205780029297e+00
6.496788024902343750e+00
6.089243888854980469e+00
4.243777275085449219e+00
7.374897003173828125e+00
4.448854923248291016e+00
6.692589282989501953e+00
6.397912979125976562e+00
4.834768772125244141e+00
7.328589916229248047e+00
6.262999534606933594e+00
4.623260498046875000e+00
7.716132164001464844e+00
5.024764060974121094e+00
5.014632225036621094e+00
7.075608253479003906e+00
5.285385131835937500e+00
5.676166057586669922e+00
4.876996517181396484e+00
6.321417808532714844e+00
6.080627441406250000e+00
5.025043487548828125e+00
5.298921585083007812e+00
5.634100914001464844e+00
5.713472843170166016e+00
4.619484424591064453e+00
4.652194023132324219e+00
6.342795372009277344e+00
6.306415081024169922e+00
4.010522842407226562e+00
5.487571239471435547e+00
4.740614891052246094e+00
4.812785148620605469e+00
5.023542404174804688e+00
4.619484901428222656e+00
4.620775222778320312e+00
6.301846504211425781e+00
4.299636840820312500e+00
5.249178886413574219e+00
5.009104728698730469e+00
3.800601959228515625e+00
7.132231712341308594e+00
2.625122070312500000e+00
8.095494270324707031e+00
6.493554115295410156e+00
3.937442302703857422e+00
6.876300811767578125e+00
4.575255870819091797e+00
5.740311145782470703e+00
5.747843742370605469e+00
4.168951511383056641e+00
6.816331863403320312e+00
4.932833671569824219e+00
3.736742734909057617e+00
7.235657691955566406e+00
1.969043970108032227e+00
1.237112903594970703e+01
5.379822254180908203e+00
2.969458103179931641e+00
1.005651664733886719e+01
5.485492229461669922e+00
3.008852005004882812e+00
8.120296478271484375e+00
5.831063270568847656e+00
3.975591659545898438e+00
6.905026435852050781e+00
4.695497035980224609e+00
5.629951000213623047e+00
4.540074348449707031e+00
5.117555618286132812e+00
5.147821426391601562e+00
4.625959396362304688e+00
6.019362449645996094e+00
4.701975345611572266e+00
5.388970375061035156e+00
5.195641517639160156e+00
4.710004329681396484e+00
5.845149040222167969e+00
4.219594478607177734e+00
5.966904640197753906e+00
2.625256299972534180e+00
9.260244369506835938e+00
8.382420539855957031e+00
5.313851356506347656e+00
5.212639808654785156e+00
6.248290061950683594e+00
6.167796134948730469e+00
4.550151824951171875e+00
1.065525150299072266e+01
1.795399188995361328e+00
7.985878944396972656e+00
5.138033866882324219e+00
3.346880435943603516e+00
6.612914085388183594e+00
5.621541500091552734e+00
4.357064723968505859e+00
6.869898319244384766e+00
4.912396907806396484e+00
2.778931140899658203e+00
7.802072048187255859e+00
7.304372787475585938e+00
2.956838846206665039e+00
6.947719573974609375e+00
7.849175453186035156e+00
4.574301719665527344e+00
4.979514122009277344e+00
5.736382484436035156e+00
4.396669864654541016e+00
4.064338684082031250e+00
4.159365653991699219e+00
5.261334419250488281e+00
4.848023891448974609e+00
4.236777305603027344e+00
4.513167381286621094e+00
4.915027141571044922e+00
4.862699508666992188e+00
3.549187183380126953e+00
6.829905033111572266e+00
5.047138690948486328e+00
3.978572130203247070e+00
5.703744888305664062e+00
5.240378379821777344e+00
4.172010898590087891e+00
6.880410194396972656e+00
4.838715553283691406e+00
4.014559268951416016e+00
6.975998878479003906e+00
3.009801864624023438e+00
9.529356956481933594e+00
7.990473270416259766e+00
4.440009117126464844e+00
5.637120723724365234e+00
5.340182304382324219e+00
3.482932329177856445e+00
5.872024059295654297e+00
5.392690658569335938e+00
3.275648355484008789e+00
7.001596450805664062e+00
4.228539943695068359e+00
3.667462348937988281e+00
5.573246479034423828e+00
4.707067489624023438e+00
3.937978744506835938e+00
5.958175659179687500e+00
5.004296302795410156e+00
2.728095054626464844e+00
7.404603004455566406e+00
5.570506095886230469e+00
3.973624706268310547e+00
5.872290611267089844e+00
5.838939666748046875e+00
3.827136516571044922e+00
4.522144317626953125e+00
5.874663352966308594e+00
5.794856071472167969e+00
4.945852279663085938e+00
4.614809036254882812e+00
5.318964958190917969e+00
4.521571159362792969e+00
6.096247673034667969e+00
4.928125381469726562e+00
4.213820457458496094e+00
4.960293769836425781e+00
5.500653266906738281e+00
2.878767251968383789e+00
8.533061981201171875e+00
6.656652927398681641e+00
4.136562824249267578e+00
5.112679481506347656e+00
6.079438209533691406e+00
5.690317153930664062e+00
4.409613609313964844e+00
6.865349769592285156e+00
5.315783023834228516e+00
5.160916805267333984e+00
4.690239429473876953e+00
7.169759750366210938e+00
6.436860084533691406e+00
4.273984909057617188e+00
8.394584655761718750e+00
4.616917610168457031e+00
5.106180667877197266e+00
5.351566314697265625e+00
4.498600006103515625e+00
5.023854732513427734e+00
5.594724655151367188e+00
4.314319133758544922e+00
5.432600021362304688e+00
5.189770698547363281e+00
4.022858619689941406e+00
6.021072864532470703e+00
6.037942886352539062e+00
4.278278827667236328e+00
5.999944686889648438e+00
5.440200805664062500e+00
3.981453895568847656e+00
4.938077449798583984e+00
5.465641498565673828e+00
4.896200656890869141e+00
4.213561058044433594e+00
5.431917667388916016e+00
4.605639934539794922e+00
5.563212394714355469e+00
4.251424312591552734e+00
5.861701011657714844e+00
3.350306987762451172e+00
7.004863262176513672e+00
2.241796493530273438e+00
1.055538940429687500e+01
5.744301795959472656e+00
3.839958667755126953e+00
8.056694984436035156e+00
1.502345919609069824e+00
8.071624755859375000e+00
7.555847644805908203e+00
4.377747535705566406e+00
4.423342704772949219e+00
4.854591369628906250e+00
3.808739185333251953e+00
5.754276275634765625e+00
4.054112911224365234e+00
4.958386898040771484e+00
4.952261447906494141e+00
4.854551315307617188e+00
4.570807456970214844e+00
5.067688941955566406e+00
5.834677696228027344e+00
5.511558532714843750e+00
4.365981578826904297e+00
7.987469196319580078e+00
3.970601558685302734e+00
5.237143993377685547e+00
5.780239582061767578e+00
6.001423835754394531e+00
5.791793823242187500e+00
5.155837059020996094e+00
6.106634616851806641e+00
3.298260211944580078e+00
9.468497276306152344e+00
6.009532451629638672e+00
4.611481666564941406e+00
6.408724784851074219e+00
5.496339797973632812e+00
7.585869789123535156e+00
4.219542503356933594e+00
6.528886318206787109e+00
5.804813385009765625e+00
4.076597213745117188e+00
6.678357124328613281e+00
6.502232551574707031e+00
4.790839195251464844e+00
5.084899425506591797e+00
6.178426265716552734e+00
5.308665752410888672e+00
4.832972526550292969e+00
7.822372436523437500e+00
6.279034137725830078e+00
3.975149393081665039e+00
5.724321842193603516e+00
5.498014450073242188e+00
4.234775543212890625e+00
4.662946224212646484e+00
5.625701904296875000e+00
5.540436267852783203e+00
4.618540287017822266e+00
6.007537841796875000e+00
5.334533691406250000e+00
4.320937156677246094e+00
6.456413269042968750e+00
3.794820785522460938e+00
5.638415336608886719e+00
5.168299674987792969e+00
4.535707473754882812e+00
5.011736392974853516e+00
6.087193489074707031e+00
5.227941513061523438e+00
3.936181545257568359e+00
5.953696250915527344e+00
3.898418188095092773e+00
5.418292522430419922e+00
5.195002555847167969e+00
5.081725597381591797e+00
4.591343879699707031e+00
7.129958152770996094e+00
3.851493120193481445e+00
8.171472549438476562e+00
3.959291219711303711e+00
7.946521759033203125e+00
5.035992145538330078e+00
3.823063850402832031e+00
6.188232898712158203e+00
5.239961624145507812e+00
3.982612848281860352e+00
7.816944122314453125e+00
3.868999481201171875e+00
5.421401977539062500e+00
5.830526351928710938e+00
3.754716634750366211e+00
5.984950065612792969e+00
5.879055500030517578e+00
3.649326801300048828e+00
5.632767677307128906e+00
5.729696750640869141e+00
4.371881008148193359e+00
5.139538764953613281e+00
5.183302879333496094e+00
4.516687393188476562e+00
4.875092029571533203e+00
4.316381454467773438e+00
4.816183090209960938e+00
4.907535552978515625e+00
4.752963542938232422e+00
5.236488819122314453e+00
4.554494857788085938e+00
5.064515113830566406e+00
5.081330299377441406e+00
4.896608829498291016e+00
5.332418441772460938e+00
5.912761688232421875e+00
4.259064674377441406e+00
7.274632930755615234e+00
5.290080547332763672e+00
5.137204170227050781e+00
6.014700889587402344e+00
4.709491729736328125e+00
6.756142139434814453e+00
5.543477058410644531e+00
4.970391750335693359e+00
6.781754493713378906e+00
4.928488254547119141e+00
6.432829856872558594e+00
5.423472881317138672e+00
5.597379684448242188e+00
5.285673618316650391e+00
6.083038330078125000e+00
6.541435718536376953e+00
4.403308868408203125e+00
7.620772838592529297e+00
4.820210933685302734e+00
5.316720962524414062e+00
7.527551651000976562e+00
5.203566551208496094e+00
6.280480384826660156e+00
6.021935462951660156e+00
4.157110691070556641e+00
5.649597167968750000e+00
3.912560939788818359e+00
7.159019470214843750e+00
6.156209945678710938e+00
4.122664451599121094e+00
6.644501209259033203e+00
5.306677818298339844e+00
4.981340885162353516e+00
4.541755676269531250e+00
6.413807868957519531e+00
5.417832851409912109e+00
4.565076828002929688e+00
7.662241935729980469e+00
5.507551670074462891e+00
4.588414192199707031e+00
7.047877311706542969e+00
4.611681938171386719e+00
7.520084857940673828e+00
4.693333148956298828e+00
5.065081596374511719e+00
7.142579555511474609e+00
3.326576232910156250e+00
7.849982261657714844e+00
1.290296673774719238e+00
8.259765625000000000e+00
4.005647182464599609e+00
2.899099826812744141e+00
6.580119132995605469e+00
4.553172111511230469e+00
3.217994689941406250e+00
5.937708854675292969e+00
4.745869636535644531e+00
4.421631336212158203e+00
5.367444038391113281e+00
3.191315174102783203e+00
7.488529205322265625e+00
5.222975730895996094e+00
3.980242729187011719e+00
7.140347480773925781e+00
4.347466468811035156e+00
4.527079582214355469e+00
5.043768882751464844e+00
4.208457946777343750e+00
5.196545600891113281e+00
4.009819984436035156e+00
5.961353302001953125e+00
4.528877258300781250e+00
5.411174774169921875e+00
4.098026275634765625e+00
6.366623878479003906e+00
4.933712005615234375e+00
4.867180824279785156e+00
4.634175300598144531e+00
5.187074661254882812e+00
5.777820587158203125e+00
4.766622066497802734e+00
5.314450740814208984e+00
3.886938095092773438e+00
7.804380416870117188e+00
5.016758918762207031e+00
4.224540710449218750e+00
5.751341342926025391e+00
6.723737716674804688e+00
3.410919427871704102e+00
7.844212055206298828e+00
5.151505470275878906e+00
4.320840835571289062e+00
7.163418292999267578e+00
4.540475845336914062e+00
5.743907928466796875e+00
5.245541572570800781e+00
3.618806123733520508e+00
6.990395545959472656e+00
6.376616477966308594e+00
2.670146703720092773e+00
7.365063190460205078e+00
4.233692646026611328e+00
4.560744762420654297e+00
4.121204376220703125e+00
4.461383819580078125e+00
3.899419784545898438e+00
4.370327949523925781e+00
4.030637741088867188e+00
4.667442321777343750e+00
4.317531108856201172e+00
4.033535003662109375e+00
4.789791107177734375e+00
5.617711544036865234e+00
3.312512397766113281e+00
7.581266403198242188e+00
4.700091838836669922e+00
4.578755378723144531e+00
5.668984413146972656e+00
4.829624176025390625e+00
4.796869277954101562e+00
6.016026973724365234e+00
3.750122070312500000e+00
6.092556476593017578e+00
4.800769329071044922e+00
5.852597236633300781e+00
5.541190147399902344e+00
6.133236885070800781e+00
4.336530685424804688e+00
6.449268341064453125e+00
5.685691833496093750e+00
4.826773643493652344e+00
4.683971405029296875e+00
7.240177154541015625e+00
2.324108600616455078e+00
1.097246551513671875e+01
5.410280227661132812e+00
2.941706180572509766e+00
9.343069076538085938e+00
5.356491088867187500e+00
2.911196470260620117e+00
8.157921791076660156e+00
6.687731742858886719e+00
4.550052642822265625e+00
4.697862625122070312e+00
5.443459033966064453e+00
5.078042984008789062e+00
3.799367904663085938e+00
5.369873523712158203e+00
5.682477474212646484e+00
3.890069007873535156e+00
7.089942932128906250e+00
5.069062232971191406e+00
4.430348396301269531e+00
5.262583732604980469e+00
5.154168128967285156e+00
4.776579380035400391e+00
5.227638244628906250e+00
4.978758811950683594e+00
3.578097820281982422e+00
5.625447273254394531e+00
5.400948524475097656e+00
4.614515304565429688e+00
5.648090362548828125e+00
5.129577636718750000e+00
5.135183811187744141e+00
3.977879047393798828e+00
8.121690750122070312e+00
5.146200180053710938e+00
4.189271926879882812e+00
6.640761852264404297e+00
5.780200481414794922e+00
4.402583599090576172e+00
4.855385780334472656e+00
6.394318580627441406e+00
3.747233629226684570e+00
8.072860717773437500e+00
3.176597118377685547e+00
6.767654418945312500e+00
5.813735008239746094e+00
4.144655704498291016e+00
6.019782543182373047e+00
4.568631172180175781e+00
4.526925086975097656e+00
5.042800903320312500e+00
4.565056800842285156e+00
4.343203067779541016e+00
5.283913612365722656e+00
4.881360054016113281e+00
3.999199151992797852e+00
4.505372524261474609e+00
4.496717453002929688e+00
4.695475578308105469e+00
3.544610977172851562e+00
6.287624835968017578e+00
3.837874174118041992e+00
3.999502658843994141e+00
5.314052104949951172e+00
4.959156990051269531e+00
3.456619739532470703e+00
5.743714809417724609e+00
3.959501743316650391e+00
4.178804397583007812e+00
5.763670921325683594e+00
4.635436534881591797e+00
2.833368062973022461e+00
8.285078048706054688e+00
6.569944381713867188e+00
2.854616641998291016e+00
6.569106578826904297e+00
5.800628662109375000e+00
3.544282197952270508e+00
6.022080421447753906e+00
5.391789436340332031e+00
3.633636236190795898e+00
5.356146812438964844e+00
4.586823463439941406e+00
4.652912616729736328e+00
5.148229598999023438e+00
3.593826293945312500e+00
7.797261714935302734e+00
3.854347944259643555e+00
6.712020874023437500e+00
4.747660636901855469e+00
3.971624612808227539e+00
6.293191909790039062e+00
5.088402271270751953e+00
3.225806713104248047e+00
6.969761848449707031e+00
6.280622005462646484e+00
4.203900337219238281e+00
5.157026767730712891e+00
5.400104045867919922e+00
4.534009933471679688e+00
5.987678527832031250e+00
4.289605617523193359e+00
4.300457954406738281e+00
5.651667594909667969e+00
4.911825180053710938e+00
4.161194801330566406e+00
5.360107421875000000e+00
5.518937110900878906e+00
3.652462005615234375e+00
5.773688793182373047e+00
4.767187595367431641e+00
5.962036132812500000e+00
4.862099647521972656e+00
4.658823966979980469e+00
7.406966209411621094e+00
5.591119766235351562e+00
2.369328975677490234e+00
1.013945960998535156e+01
4.541519641876220703e+00
3.270528316497802734e+00
6.251777172088623047e+00
3.089831113815307617e+00
4.967163562774658203e+00
3.656267166137695312e+00
4.395822525024414062e+00
4.358518600463867188e+00
3.181762933731079102e+00
6.872645854949951172e+00
2.890035390853881836e+00
6.010725975036621094e+00
4.961338043212890625e+00
3.754243850708007812e+00
7.062997817993164062e+00
5.862122535705566406e+00
4.444961547851562500e+00
4.710772037506103516e+00
5.295255661010742188e+00
5.054383277893066406e+00
6.045236587524414062e+00
2.481354236602783203e+00
9.003469467163085938e+00
4.357751369476318359e+00
4.551290988922119141e+00
6.077755928039550781e+00
5.939527034759521484e+00
3.951489925384521484e+00
6.271588325500488281e+00
4.410942077636718750e+00
4.604434967041015625e+00
5.683053016662597656e+00
5.081161022186279297e+00
3.697332859039306641e+00
7.543646335601806641e+00
5.147041320800781250e+00
3.427480697631835938e+00
7.738743782043457031e+00
6.078080654144287109e+00
3.449989318847656250e+00
7.192579269409179688e+00
6.545387268066406250e+00
3.602854251861572266e+00
5.456380844116210938e+00
5.232524394989013672e+00
5.305480957031250000e+00
5.346837043762207031e+00
4.336450576782226562e+00
6.490422248840332031e+00
5.050298690795898438e+00
3.429316520690917969e+00
7.508586883544921875e+00
5.636670112609863281e+00
3.268429756164550781e+00
6.523836135864257812e+00
5.623530864715576172e+00
3.630287647247314453e+00
5.834419250488281250e+00
5.353156089782714844e+00
4.989555358886718750e+00
4.845842361450195312e+00
5.272083282470703125e+00
4.203486442565917969e+00
5.212234497070312500e+00
4.450670719146728516e+00
4.403453350067138672e+00
5.475206375122070312e+00
4.927021980285644531e+00
5.180834770202636719e+00
4.195371150970458984e+00
5.086867332458496094e+00
5.739539623260498047e+00
3.952910900115966797e+00
5.292840480804443359e+00
4.898039817810058594e+00
3.405880689620971680e+00
6.215199470520019531e+00
3.933700561523437500e+00
4.106918334960937500e+00
5.973027706146240234e+00
3.887599706649780273e+00
5.917176246643066406e+00
3.337242841720581055e+00
6.047310829162597656e+00
3.922987461090087891e+00
4.811248302459716797e+00
5.444790840148925781e+00
4.225407600402832031e+00
5.618780136108398438e+00
5.751700878143310547e+00
3.212017774581909180e+00
5.685286998748779297e+00
3.096975088119506836e+00
5.645798683166503906e+00
5.201049327850341797e+00
3.150727033615112305e+00
6.771947383880615234e+00
4.113406181335449219e+00
4.838663101196289062e+00
3.190415859222412109e+00
6.353912353515625000e+00
4.667613983154296875e+00
4.192148208618164062e+00
5.120226860046386719e+00
4.803004264831542969e+00
4.763491630554199219e+00
4.391243934631347656e+00
3.830080986022949219e+00
5.582124710083007812e+00
3.602523803710937500e+00
5.387592315673828125e+00
4.634274482727050781e+00
5.104320526123046875e+00
4.011257648468017578e+00
3.475223779678344727e+00
5.988651275634765625e+00
5.111118316650390625e+00
4.165168762207031250e+00
5.139303684234619141e+00
5.188511848449707031e+00
3.534309387207031250e+00
6.103425979614257812e+00
5.332670688629150391e+00
4.584980010986328125e+00
5.989521980285644531e+00
4.589752197265625000e+00
6.450927734375000000e+00
3.923782348632812500e+00
5.418165206909179688e+00
5.386435985565185547e+00
3.998840570449829102e+00
6.557590007781982422e+00
4.666022300720214844e+00
4.600750923156738281e+00
7.304513931274414062e+00
2.395173549652099609e+00
7.616651058197021484e+00
2.665988445281982422e+00
6.428923606872558594e+00
4.446842193603515625e+00
3.294424295425415039e+00
6.588535785675048828e+00
5.527559280395507812e+00
4.253739833831787109e+00
6.495169639587402344e+00
2.861936330795288086e+00
6.586138725280761719e+00
5.184844970703125000e+00
2.593734741210937500e+00
7.349704265594482422e+00
6.676712036132812500e+00
3.577963829040527344e+00
8.008369445800781250e+00
5.108858585357666016e+00
3.943964481353759766e+00
7.519535064697265625e+00
2.600261449813842773e+00
6.922772407531738281e+00
5.929744720458984375e+00
3.652723550796508789e+00
7.383807182312011719e+00
4.242162704467773438e+00
4.673630714416503906e+00
5.512663364410400391e+00
4.081750869750976562e+00
4.872102737426757812e+00
4.815420150756835938e+00
5.478435993194580078e+00
4.485707283020019531e+00
5.533069610595703125e+00
4.100058555603027344e+00
6.489932060241699219e+00
5.932588577270507812e+00
4.361847877502441406e+00
5.156359672546386719e+00
4.716156959533691406e+00
6.088796138763427734e+00
4.603061676025390625e+00
3.899596214294433594e+00
4.558515548706054688e+00
5.657138824462890625e+00
5.036941528320312500e+00
3.159532070159912109e+00
6.828041553497314453e+00
3.619607448577880859e+00
6.861479759216308594e+00
5.406757831573486328e+00
4.237569808959960938e+00
5.053959846496582031e+00
5.570809841156005859e+00
4.744338035583496094e+00
3.938272476196289062e+00
6.526576995849609375e+00
4.813686370849609375e+00
4.377629280090332031e+00
5.106704235076904297e+00
4.784005165100097656e+00
5.107421875000000000e+00
4.332383155822753906e+00
4.548954963684082031e+00
5.213390350341796875e+00
4.581139564514160156e+00
5.105683326721191406e+00
3.830060482025146484e+00
5.748497962951660156e+00
4.591157913208007812e+00
4.978293418884277344e+00
5.456435203552246094e+00
4.636533737182617188e+00
5.287137508392333984e+00
5.538263320922851562e+00
3.976593494415283203e+00
4.037197113037109375e+00
6.449541091918945312e+00
6.367546081542968750e+00
3.021945476531982422e+00
4.752842903137207031e+00
5.226966857910156250e+00
5.079792022705078125e+00
4.179378509521484375e+00
4.554772377014160156e+00
5.692408084869384766e+00
2.506809234619140625e+00
7.681808471679687500e+00
5.468285560607910156e+00
3.851531028747558594e+00
6.806802749633789062e+00
4.369230270385742188e+00
6.389221191406250000e+00
5.245197296142578125e+00
4.348502159118652344e+00
5.209180831909179688e+00
4.696101188659667969e+00
7.300013542175292969e+00
4.914186477661132812e+00
4.605973243713378906e+00
7.236606597900390625e+00
4.016663551330566406e+00
5.047551155090332031e+00
6.285366535186767578e+00
4.080428123474121094e+00
7.267491340637207031e+00
1.932659626007080078e+00
1.071187591552734375e+01
5.075492858886718750e+00
3.019668340682983398e+00
8.824522972106933594e+00
4.426664352416992188e+00
4.108701705932617188e+00
5.689795017242431641e+00
4.799595832824707031e+00
3.153138875961303711e+00
6.048556804656982422e+00
5.489315986633300781e+00
3.459691047668457031e+00
7.954571247100830078e+00
4.389168262481689453e+00
3.008986473083496094e+00
7.919846534729003906e+00
3.844500064849853516e+00
4.731615066528320312e+00
6.399771690368652344e+00
5.433364868164062500e+00
4.668612480163574219e+00
3.482175111770629883e+00
6.285595893859863281e+00
5.024892807006835938e+00
3.662798404693603516e+00
5.682813167572021484e+00
4.864356040954589844e+00
3.339887142181396484e+00
5.290543556213378906e+00
5.057042598724365234e+00
4.006458282470703125e+00
5.514585494995117188e+00
4.496077537536621094e+00
4.121690273284912109e+00
5.595281600952148438e+00
4.421970844268798828e+00
5.038669586181640625e+00
4.332607269287109375e+00
5.225375175476074219e+00
5.547487258911132812e+00
4.089574337005615234e+00
4.795119285583496094e+00
5.180080413818359375e+00
4.656270027160644531e+00
4.628976345062255859e+00
4.883647918701171875e+00
4.189396381378173828e+00
5.193446159362792969e+00
4.924757003784179688e+00
4.133736610412597656e+00
5.599197864532470703e+00
5.255509376525878906e+00
5.194023132324218750e+00
3.879090309143066406e+00
4.452418327331542969e+00
6.417180538177490234e+00
4.231943130493164062e+00
4.440303802490234375e+00
7.065055370330810547e+00
4.795951843261718750e+00
4.676164627075195312e+00
5.712288856506347656e+00
4.067198276519775391e+00
5.038011550903320312e+00
5.442264556884765625e+00
5.077438831329345703e+00
4.843759536743164062e+00
5.649477481842041016e+00
3.208622217178344727e+00
7.619420051574707031e+00
6.160038948059082031e+00
3.186760187149047852e+00
6.761931419372558594e+00
3.691239833831787109e+00
4.888412952423095703e+00
3.260663509368896484e+00
5.949965476989746094e+00
3.183441162109375000e+00
7.236116409301757812e+00
4.211574077606201172e+00
1.997007012367248535e+00
7.979843616485595703e+00
6.279125690460205078e+00
3.539155960083007812e+00
6.898629188537597656e+00
6.030749320983886719e+00
3.869777441024780273e+00
5.572106361389160156e+00
3.854896545410156250e+00
4.465313911437988281e+00
4.442930698394775391e+00
4.602327346801757812e+00
4.608758926391601562e+00
3.922111988067626953e+00
4.451719284057617188e+00
4.592921257019042969e+00
4.952509880065917969e+00
5.078687667846679688e+00
4.414194583892822266e+00
4.026406764984130859e+00
5.477550029754638672e+00
5.472522735595703125e+00
4.153964519500732422e+00
5.647819519042968750e+00
4.851513385772705078e+00
4.714502811431884766e+00
5.573425769805908203e+00
4.892742156982421875e+00
4.803211212158203125e+00
5.258940696716308594e+00
5.273849010467529297e+00
5.069804191589355469e+00
4.272126197814941406e+00
5.979033470153808594e+00
5.101696014404296875e+00
4.075829029083251953e+00
6.338236331939697266e+00
4.598647117614746094e+00
4.860030174255371094e+00
5.239906787872314453e+00
3.952954053878784180e+00
7.079077243804931641e+00
4.621482372283935547e+00
3.865675687789916992e+00
6.522007942199707031e+00
5.139010906219482422e+00
3.673135995864868164e+00
6.139970302581787109e+00
4.847229003906250000e+00
5.004365921020507812e+00
5.344256401062011719e+00
4.783867835998535156e+00
4.505286216735839844e+00
6.363342761993408203e+00
4.354350090026855469e+00
4.895589828491210938e+00
6.041611194610595703e+00
4.286548614501953125e+00
5.956433296203613281e+00
4.518029212951660156e+00
3.961905956268310547e+00
5.873962402343750000e+00
4.160338401794433594e+00
4.994059085845947266e+00
6.059526443481445312e+00
4.959978103637695312e+00
3.021181583404541016e+00
8.045883178710937500e+00
5.482555389404296875e+00
4.779730796813964844e+00
6.316300868988037109e+00
3.927814006805419922e+00
5.557927131652832031e+00
5.254803657531738281e+00
4.485157966613769531e+00
5.478248596191406250e+00
3.993752241134643555e+00
6.015789985656738281e+00
5.097055912017822266e+00
3.983131885528564453e+00
5.745063781738281250e+00
4.618288993835449219e+00
3.958179712295532227e+00
5.768575191497802734e+00
5.681490421295166016e+00
2.713162899017333984e+00
7.804251670837402344e+00
4.019800186157226562e+00
6.197948455810546875e+00
4.939427375793457031e+00
4.852149009704589844e+00
5.108033180236816406e+00
5.117268562316894531e+00
4.145433425903320312e+00
5.272343635559082031e+00
4.317209243774414062e+00
4.899925708770751953e+00
3.769780635833740234e+00
4.135934352874755859e+00
5.636928558349609375e+00
4.841616630554199219e+00
4.370763778686523438e+00
5.663722038269042969e+00
5.272948265075683594e+00
4.434679985046386719e+00
5.225695610046386719e+00
3.283961296081542969e+00
8.058410644531250000e+00
3.712837457656860352e+00
6.034576416015625000e+00
5.002920150756835938e+00
5.091232299804687500e+00
5.167538642883300781e+00
5.371945381164550781e+00
4.135641098022460938e+00
4.915485858917236328e+00
4.806178092956542969e+00
4.385368347167968750e+00
4.579607009887695312e+00
3.272125720977783203e+00
7.265655517578125000e+00
4.537519454956054688e+00
3.710723876953125000e+00
6.439791679382324219e+00
5.440289497375488281e+00
3.496519327163696289e+00
6.335302352905273438e+00
4.072467803955078125e+00
5.646974563598632812e+00
4.882061004638671875e+00
5.477835655212402344e+00
3.160504817962646484e+00
7.229430675506591797e+00
3.379477262496948242e+00
4.843663215637207031e+00
5.318246841430664062e+00
5.077078819274902344e+00
5.511296272277832031e+00
4.740208625793457031e+00
4.663056850433349609e+00
4.690106391906738281e+00
4.320255279541015625e+00
6.871739387512207031e+00
4.630765914916992188e+00
4.330923557281494141e+00
6.771971702575683594e+00
4.919345855712890625e+00
4.545200824737548828e+00
5.958498477935791016e+00
4.741738796234130859e+00
4.601838588714599609e+00
5.521994113922119141e+00
4.252212047576904297e+00
5.429173469543457031e+00
4.098068714141845703e+00
4.024036407470703125e+00
4.946784019470214844e+00
4.952300071716308594e+00
4.287839889526367188e+00
4.784662723541259766e+00
6.022485733032226562e+00
2.830979347229003906e+00
7.162522315979003906e+00
3.670889854431152344e+00
7.296856880187988281e+00
2.877959966659545898e+00
7.024844646453857422e+00
5.827272415161132812e+00
2.648612022399902344e+00
8.894880294799804688e+00
1.548190832138061523e+00
7.748118877410888672e+00
4.997758388519287109e+00
5.018656730651855469e+00
6.544595718383789062e+00
3.768658161163330078e+00
6.986514091491699219e+00
2.654297828674316406e+00
9.243583679199218750e+00
1.188964843750000000e+00
1.001037216186523438e+01
8.036384582519531250e+00
3.872077226638793945e+00
6.250248432159423828e+00
5.240621566772460938e+00
3.852714538574218750e+00
6.147828102111816406e+00
2.252716541290283203e+00
6.911278247833251953e+00
5.121712684631347656e+00
3.472009181976318359e+00
5.504893302917480469e+00
4.747288703918457031e+00
4.319427013397216797e+00
4.159547328948974609e+00
3.821012496948242188e+00
4.346435070037841797e+00
4.052596569061279297e+00
4.537457466125488281e+00
5.071887969970703125e+00
4.236777782440185547e+00
4.426857948303222656e+00
4.067854881286621094e+00
5.448299407958984375e+00
4.771460533142089844e+00
2.471034526824951172e+00
8.410953521728515625e+00
6.471074581146240234e+00
3.599265098571777344e+00
7.056553840637207031e+00
6.321193695068359375e+00
4.925537109375000000e+00
4.664301395416259766e+00
5.996753692626953125e+00
3.094510555267333984e+00
7.470778465270996094e+00
6.272800922393798828e+00
3.820326805114746094e+00
4.649705410003662109e+00
6.325308799743652344e+00
5.353348731994628906e+00
4.245893001556396484e+00
5.658856391906738281e+00
3.814733505249023438e+00
4.785431385040283203e+00
5.411917209625244141e+00
4.627022743225097656e+00
3.463947534561157227e+00
4.714508533477783203e+00
4.535494804382324219e+00
4.795417785644531250e+00
4.394833564758300781e+00
4.049724578857421875e+00
5.720975875854492188e+00
3.052371501922607422e+00
5.562588691711425781e+00
6.219384193420410156e+00
2.677362442016601562e+00
7.849483013153076172e+00
4.555425643920898438e+00
5.014937400817871094e+00
6.441226959228515625e+00
4.521316528320312500e+00
4.331409454345703125e+00
5.910856723785400391e+00
4.332628250122070312e+00
3.318348884582519531e+00
6.129970073699951172e+00
5.819713115692138672e+00
3.870521783828735352e+00
5.675386905670166016e+00
4.850805282592773438e+00
4.077531814575195312e+00
4.957724571228027344e+00
4.616234779357910156e+00
5.235249042510986328e+00
4.542499542236328125e+00
3.413172721862792969e+00
7.484370231628417969e+00
3.408224821090698242e+00
5.918256759643554688e+00
5.567579746246337891e+00
4.216133117675781250e+00
5.065201282501220703e+00
5.025121212005615234e+00
4.953562736511230469e+00
3.486024856567382812e+00
5.787755012512207031e+00
4.772349357604980469e+00
4.474557876586914062e+00
5.256605148315429688e+00
4.631664276123046875e+00
4.349230766296386719e+00
5.690571784973144531e+00
4.702836036682128906e+00
4.638590812683105469e+00
4.494448184967041016e+00
6.659352302551269531e+00
4.961844444274902344e+00
4.535830497741699219e+00
5.222014427185058594e+00
5.676842689514160156e+00
4.801963806152343750e+00
4.410341262817382812e+00
4.800854206085205078e+00
4.969876289367675781e+00
4.834403038024902344e+00
4.691780090332031250e+00
4.824485778808593750e+00
4.131310462951660156e+00
6.509290218353271484e+00
5.690556526184082031e+00
3.441643238067626953e+00
7.715670108795166016e+00
6.812281131744384766e+00
4.724568367004394531e+00
6.290023326873779297e+00
4.559409141540527344e+00
5.244343280792236328e+00
6.278820037841796875e+00
3.572150230407714844e+00
8.712841033935546875e+00
2.724546432495117188e+00
8.692910194396972656e+00
1.174637556076049805e+00
9.381685256958007812e+00
6.419058442115783691e-01
4.311700820922851562e+00
6.568301677703857422e+00
3.425291538238525391e+00
2.749465227127075195e+00
5.191347599029541016e+00
2.531649589538574219e+00
2.706532716751098633e+00
3.770812273025512695e+00
2.744708538055419922e+00
3.145135879516601562e+00
4.979459285736083984e+00
2.619379281997680664e+00
4.852809906005859375e+00
3.078912734985351562e+00
3.934540033340454102e+00
3.686495780944824219e+00
3.241788864135742188e+00
5.888726711273193359e+00
2.362008571624755859e+00
6.154517173767089844e+00
2.898376703262329102e+00
5.363702297210693359e+00
2.956733226776123047e+00
5.571957588195800781e+00
4.363308429718017578e+00
4.710074424743652344e+00
4.561264514923095703e+00
3.382672786712646484e+00
5.341030120849609375e+00
2.793674945831298828e+00
5.559454441070556641e+00
5.128430843353271484e+00
3.786631584167480469e+00
4.964732170104980469e+00
4.359955787658691406e+00
4.465749740600585938e+00
4.755187988281250000e+00
4.335830211639404297e+00
3.620969772338867188e+00
5.965998172760009766e+00
4.526105880737304688e+00
3.242358446121215820e+00
6.944515228271484375e+00
2.723259210586547852e+00
6.260263919830322266e+00
5.018304347991943359e+00
3.463592529296875000e+00
5.751662254333496094e+00
5.212351322174072266e+00
2.905386209487915039e+00
7.415949821472167969e+00
7.546439170837402344e-01
7.398837566375732422e+00
7.111529350280761719e+00
3.050732612609863281e+00
4.370938301086425781e+00
6.010399341583251953e+00
5.187084197998046875e+00
3.749059200286865234e+00
5.780811786651611328e+00
3.537210941314697266e+00
6.072901725769042969e+00
4.017036437988281250e+00
3.559258937835693359e+00
6.094552993774414062e+00
4.572980880737304688e+00
4.224444389343261719e+00
4.971029758453369141e+00
4.334115028381347656e+00
4.808033943176269531e+00
5.347731113433837891e+00
4.834602355957031250e+00
4.410512924194335938e+00
3.768534421920776367e+00
3.004365444183349609e+00
6.006701469421386719e+00
4.001705646514892578e+00
4.187588691711425781e+00
4.614484786987304688e+00
4.950447082519531250e+00
4.002135276794433594e+00
5.391811370849609375e+00
4.821617603302001953e+00
3.187047958374023438e+00
5.498333454132080078e+00
4.931158065795898438e+00
4.134003639221191406e+00
4.199334621429443359e+00
4.204910755157470703e+00
4.421876907348632812e+00
4.201421737670898438e+00
4.404068946838378906e+00
4.835764884948730469e+00
3.251543045043945312e+00
4.751159667968750000e+00
5.074097156524658203e+00
3.914868354797363281e+00
5.100808143615722656e+00
5.209157943725585938e+00
3.898430824279785156e+00
4.709346771240234375e+00
4.831209182739257812e+00
4.700344562530517578e+00
3.895623922348022461e+00
5.062555313110351562e+00
5.552870750427246094e+00
3.525590896606445312e+00
4.568249225616455078e+00
3.789732933044433594e+00
4.110172271728515625e+00
4.223542213439941406e+00
4.492265701293945312e+00
4.542839050292968750e+00
4.405827522277832031e+00
4.207901000976562500e+00
3.443588972091674805e+00
5.697051525115966797e+00
4.731603145599365234e+00
3.581692695617675781e+00
4.949211120605468750e+00
5.438574314117431641e+00
4.623713493347167969e+00
3.558975696563720703e+00
5.511295318603515625e+00
3.540550708770751953e+00
4.364890098571777344e+00
4.702486038208007812e+00
4.408183574676513672e+00
3.442233085632324219e+00
5.166169643402099609e+00
4.352820873260498047e+00
3.608674287796020508e+00
4.975206375122070312e+00
4.042447090148925781e+00
4.269684314727783203e+00
4.456843376159667969e+00
4.846269607543945312e+00
4.551750183105468750e+00
2.248071432113647461e+00
6.661042213439941406e+00
5.102632045745849609e+00
3.244125843048095703e+00
5.393705844879150391e+00
6.013244628906250000e+00
3.478917837142944336e+00
4.195334434509277344e+00
5.076265335083007812e+00
4.976039886474609375e+00
3.509221076965332031e+00
4.694085121154785156e+00
5.778407096862792969e+00
4.110692024230957031e+00
3.091102361679077148e+00
5.314358711242675781e+00
4.086516857147216797e+00
4.297166347503662109e+00
4.276190280914306641e+00
4.150402069091796875e+00
4.768464088439941406e+00
3.456573009490966797e+00
4.482351303100585938e+00
4.180188655853271484e+00
4.388736724853515625e+00
3.670433998107910156e+00
3.171832561492919922e+00
5.146303176879882812e+00
3.299218654632568359e+00
4.710291862487792969e+00
3.999032735824584961e+00
3.483995914459228516e+00
4.552621841430664062e+00
3.775063991546630859e+00
4.837500572204589844e+00
3.969174623489379883e+00
2.001464366912841797e+00
6.050884723663330078e+00
5.029663562774658203e+00
4.290708541870117188e+00
3.879246234893798828e+00
4.565351009368896484e+00
3.781603336334228516e+00
3.778854846954345703e+00
4.154955863952636719e+00
3.859618186950683594e+00
3.822607994079589844e+00
4.099314689636230469e+00
3.654538154602050781e+00
4.192918777465820312e+00
4.590804100036621094e+00
3.538338422775268555e+00
4.608929634094238281e+00
3.994350433349609375e+00
4.631174087524414062e+00
4.042913436889648438e+00
4.306413650512695312e+00
3.199077367782592773e+00
4.965277671813964844e+00
2.867105245590209961e+00
5.330088615417480469e+00
4.948446750640869141e+00
3.644126415252685547e+00
5.397007942199707031e+00
4.735434532165527344e+00
3.213577270507812500e+00
5.430796146392822266e+00
4.561872005462646484e+00
3.781083583831787109e+00
5.230395793914794922e+00
5.083906173706054688e+00
4.314200401306152344e+00
5.027421951293945312e+00
3.772378683090209961e+00
5.372720718383789062e+00
5.001529216766357422e+00
4.416639804840087891e+00
5.370732307434082031e+00
4.128090381622314453e+00
5.637457847595214844e+00
4.488631248474121094e+00
4.646218299865722656e+00
4.683801174163818359e+00
4.915835857391357422e+00
4.536784172058105469e+00
5.413943290710449219e+00
5.260538101196289062e+00
3.925811290740966797e+00
6.906728267669677734e+00
3.169571161270141602e+00
9.169506072998046875e+00
5.962295532226562500e+00
3.372620820999145508e+00
8.689409255981445312e+00
6.684292793273925781e+00
3.079186439514160156e+00
9.241106033325195312e+00
4.135955810546875000e+00
4.249239921569824219e+00
7.579685211181640625e+00
2.334029674530029297e+00
1.154564857482910156e+01
2.108668088912963867e+00
9.545389175415039062e+00
3.270662069320678711e+00
4.885863780975341797e+00
7.568763256072998047e+00
4.625736236572265625e+00
4.904054641723632812e+00
6.262099266052246094e+00
5.479243278503417969e+00
4.100343704223632812e+00
5.291659355163574219e+00
5.158577919006347656e+00
4.106418609619140625e+00
5.757812976837158203e+00
4.752688884735107422e+00
4.352826118469238281e+00
6.140151500701904297e+00
4.231517314910888672e+00
4.245841979980468750e+00
5.938356399536132812e+00
3.811600685119628906e+00
5.561300277709960938e+00
4.797003269195556641e+00
4.570804119110107422e+00
5.508413314819335938e+00
4.186847686767578125e+00
5.561119079589843750e+00
4.486155509948730469e+00
4.309593200683593750e+00
7.318975448608398438e+00
5.551905632019042969e+00
4.467299461364746094e+00
6.170198440551757812e+00
4.137181282043457031e+00
6.065821647644042969e+00
5.307969093322753906e+00
5.039343833923339844e+00
4.525431632995605469e+00
5.733905792236328125e+00
3.923588752746582031e+00
5.601921081542968750e+00
3.125222206115722656e+00
6.936656951904296875e+00
5.884315490722656250e+00
3.426721811294555664e+00
6.237430572509765625e+00
6.368159294128417969e+00
3.477216720581054688e+00
7.193170070648193359e+00
4.374261379241943359e+00
6.003352165222167969e+00
5.617209434509277344e+00
3.439120769500732422e+00
6.114102363586425781e+00
5.811191558837890625e+00
4.284637451171875000e+00
5.541639328002929688e+00
3.995537996292114258e+00
4.697090148925781250e+00
4.872224807739257812e+00
3.801703453063964844e+00
5.604619026184082031e+00
5.126803398132324219e+00
3.830935478210449219e+00
6.838258266448974609e+00
4.974884510040283203e+00
4.177522659301757812e+00
4.850005149841308594e+00
4.736828327178955078e+00
4.631373405456542969e+00
5.301757812500000000e+00
3.206167697906494141e+00
6.605419635772705078e+00
3.931140422821044922e+00
3.057662487030029297e+00
6.544619083404541016e+00
5.076160430908203125e+00
2.412412166595458984e+00
6.919090270996093750e+00
3.681806564331054688e+00
3.800427436828613281e+00
6.461704730987548828e+00
4.427810668945312500e+00
3.504382133483886719e+00
5.730907917022705078e+00
4.943870067596435547e+00
3.051596641540527344e+00
6.545198917388916016e+00
5.663220405578613281e+00
3.085772037506103516e+00
6.552425861358642578e+00
4.458038806915283203e+00
3.796504974365234375e+00
6.142822265625000000e+00
5.270916938781738281e+00
3.315804481506347656e+00
6.050537109375000000e+00
3.436513185501098633e+00
4.856692314147949219e+00
5.300599098205566406e+00
3.565223217010498047e+00
5.247354507446289062e+00
4.604491233825683594e+00
3.788221359252929688e+00
5.570274829864501953e+00
4.173243522644042969e+00
3.206767082214355469e+00
5.323377132415771484e+00
4.552429199218750000e+00
3.584477186203002930e+00
5.995823860168457031e+00
2.219516754150390625e+00
7.083144187927246094e+00
2.949627161026000977e+00
7.113845348358154297e+00
3.039928913116455078e+00
6.605032920837402344e+00
5.591273784637451172e+00
3.445720434188842773e+00
4.823773384094238281e+00
4.993699550628662109e+00
3.040590524673461914e+00
6.212912559509277344e+00
2.340549468994140625e+00
8.339589118957519531e+00
2.490865945816040039e+00
8.025171279907226562e+00
5.639342308044433594e+00
3.489569425582885742e+00
5.374026298522949219e+00
5.702970504760742188e+00
4.239557743072509766e+00
4.460068225860595703e+00
3.642742156982421875e+00
7.084348201751708984e+00
4.686595916748046875e+00
3.299189805984497070e+00
6.213356971740722656e+00
5.342219352722167969e+00
4.180974960327148438e+00
4.944622993469238281e+00
5.286806106567382812e+00
4.784666061401367188e+00
4.024923324584960938e+00
4.114263057708740234e+00
5.675087451934814453e+00
3.836958646774291992e+00
3.758663415908813477e+00
5.859974384307861328e+00
3.905141592025756836e+00
4.273004055023193359e+00
5.699975013732910156e+00
4.662933349609375000e+00
4.174526214599609375e+00
5.192379951477050781e+00
5.135819435119628906e+00
4.942183494567871094e+00
4.151543140411376953e+00
4.951467514038085938e+00
4.621472358703613281e+00
3.786443233489990234e+00
4.854039192199707031e+00
4.646855354309082031e+00
4.567800521850585938e+00
4.773806095123291016e+00
4.534790992736816406e+00
3.446784734725952148e+00
5.431333541870117188e+00
5.459687232971191406e+00
4.129524707794189453e+00
4.409856796264648438e+00
5.543800354003906250e+00
4.652811527252197266e+00
3.588836431503295898e+00
6.086983680725097656e+00
5.956517219543457031e+00
4.216688156127929688e+00
3.482496738433837891e+00
7.498112678527832031e+00
3.737016677856445312e+00
3.984980344772338867e+00
7.062550067901611328e+00
6.209222316741943359e+00
3.297494888305664062e+00
7.998930931091308594e+00
6.389154434204101562e+00
3.502596855163574219e+00
6.127668380737304688e+00
4.871919631958007812e+00
4.663464069366455078e+00
4.260019779205322266e+00
6.625721931457519531e+00
3.075154542922973633e+00
7.799606800079345703e+00
4.760923862457275391e+00
5.140682220458984375e+00
5.853837966918945312e+00
4.787778854370117188e+00
4.582573413848876953e+00
5.373880386352539062e+00
5.154142379760742188e+00
3.358006477355957031e+00
5.706388950347900391e+00
4.171298027038574219e+00
5.853348731994628906e+00
2.807694911956787109e+00
8.230243682861328125e+00
3.650280237197875977e+00
4.820094108581542969e+00
8.093919754028320312e+00
7.776741027832031250e+00
2.782526493072509766e+00
8.953355789184570312e+00
2.156996726989746094e+00
8.400020599365234375e+00
5.137913703918457031e+00
3.570002555847167969e+00
7.034859180450439453e+00
5.749223709106445312e+00
3.600160598754882812e+00
6.214716911315917969e+00
3.365475416183471680e+00
5.603045940399169922e+00
5.301993370056152344e+00
4.382885932922363281e+00
4.619499206542968750e+00
5.766584873199462891e+00
3.553825139999389648e+00
5.081817150115966797e+00
5.261713981628417969e+00
4.748237609863281250e+00
4.749382495880126953e+00
3.921294212341308594e+00
5.025421619415283203e+00
4.775538444519042969e+00
4.339776515960693359e+00
4.366301536560058594e+00
4.401017189025878906e+00
4.038912773132324219e+00
5.199424743652343750e+00
3.982060909271240234e+00
4.428864479064941406e+00
4.078153133392333984e+00
3.847213506698608398e+00
5.637964725494384766e+00
4.261375904083251953e+00
4.056942939758300781e+00
4.888579368591308594e+00
4.404742717742919922e+00
5.248565673828125000e+00
3.806450843811035156e+00
4.597585678100585938e+00
4.369014739990234375e+00
5.560435295104980469e+00
4.665347576141357422e+00
3.252303123474121094e+00
6.259452819824218750e+00
3.303980350494384766e+00
4.935421943664550781e+00
5.279848098754882812e+00
3.716920375823974609e+00
5.780770301818847656e+00
4.725924491882324219e+00
3.630997657775878906e+00
5.518297672271728516e+00
3.542848110198974609e+00
5.012645721435546875e+00
4.341822624206542969e+00
4.197703361511230469e+00
5.223909854888916016e+00
3.756533145904541016e+00
3.742675304412841797e+00
5.704951286315917969e+00
4.177177429199218750e+00
4.290541172027587891e+00
4.688660144805908203e+00
4.477090835571289062e+00
3.284792184829711914e+00
4.909769535064697266e+00
3.871083259582519531e+00
4.275578498840332031e+00
4.840157032012939453e+00
4.337134838104248047e+00
4.456718444824218750e+00
3.560379981994628906e+00
5.125466346740722656e+00
4.819521903991699219e+00
4.491041660308837891e+00
4.547715187072753906e+00
4.559108257293701172e+00
4.925814151763916016e+00
3.578325986862182617e+00
7.381198883056640625e+00
4.630573272705078125e+00
3.554122447967529297e+00
6.248236656188964844e+00
4.489915847778320312e+00
3.591781616210937500e+00
1.063403034210205078e+01
1.192148447036743164e+00
9.204002380371093750e+00
5.287996292114257812e+00
3.209963798522949219e+00
6.256889343261718750e+00
5.442561149597167969e+00
2.361522436141967773e+00
6.772202014923095703e+00
2.774782657623291016e+00
6.444277763366699219e+00
4.064490318298339844e+00
4.261301040649414062e+00
5.362276077270507812e+00
4.000140190124511719e+00
5.464558601379394531e+00
5.059933662414550781e+00
4.434476375579833984e+00
5.032615661621093750e+00
5.450950145721435547e+00
4.686521530151367188e+00
4.991146564483642578e+00
3.651415824890136719e+00
5.999097824096679688e+00
4.265753269195556641e+00
5.039987564086914062e+00
5.031886100769042969e+00
3.875640392303466797e+00
4.165356159210205078e+00
5.508111000061035156e+00
4.933322906494140625e+00
2.840614795684814453e+00
8.667673110961914062e+00
3.734719276428222656e+00
5.122879505157470703e+00
5.650982856750488281e+00
4.484117984771728516e+00
4.723652839660644531e+00
4.344955444335937500e+00
4.473659038543701172e+00
4.978748321533203125e+00
3.158793449401855469e+00
5.457987785339355469e+00
3.882240295410156250e+00
4.914041519165039062e+00
4.314315319061279297e+00
4.808578014373779297e+00
4.113006114959716797e+00
4.026809692382812500e+00
4.673654556274414062e+00
4.777814865112304688e+00
4.242031097412109375e+00
4.543434143066406250e+00
5.071017742156982422e+00
4.251433849334716797e+00
4.292073249816894531e+00
4.589006423950195312e+00
3.926773786544799805e+00
4.058831214904785156e+00
4.761773586273193359e+00
4.589877128601074219e+00
4.763192176818847656e+00
4.818200588226318359e+00
4.441948890686035156e+00
4.243948936462402344e+00
4.756554603576660156e+00
5.840763092041015625e+00
4.813458919525146484e+00
3.987428665161132812e+00
6.192974567413330078e+00
5.068226814270019531e+00
3.080386638641357422e+00
6.964468002319335938e+00
5.703291893005371094e+00
3.928978443145751953e+00
6.186186790466308594e+00
4.245947837829589844e+00
5.140867710113525391e+00
5.397969245910644531e+00
4.429109573364257812e+00
5.559765815734863281e+00
5.425917625427246094e+00
3.243407487869262695e+00
5.228593349456787109e+00
4.815211772918701172e+00
4.532178878784179688e+00
4.893817901611328125e+00
4.795080661773681641e+00
3.460406780242919922e+00
5.692632675170898438e+00
5.397381782531738281e+00
2.427994728088378906e+00
7.862670421600341797e+00
2.038743972778320312e+00
5.925575256347656250e+00
3.853542804718017578e+00
4.004563331604003906e+00
4.604434013366699219e+00
4.219253063201904297e+00
3.437775135040283203e+00
4.928562641143798828e+00
5.146026134490966797e+00
3.895386695861816406e+00
7.287577629089355469e+00
3.400515556335449219e+00
5.064084053039550781e+00
5.540476799011230469e+00
4.973027229309082031e+00
3.811506748199462891e+00
5.602334022521972656e+00
4.515803337097167969e+00
5.382063865661621094e+00
4.464295864105224609e+00
4.486502647399902344e+00
7.271457195281982422e+00
7.671362161636352539e-01
8.842795372009277344e+00
2.432787895202636719e+00
6.416461467742919922e+00
2.777677297592163086e+00
5.552229881286621094e+00
2.998671770095825195e+00
2.800492763519287109e+00
4.951125621795654297e+00
4.002435684204101562e+00
7.643842101097106934e-01
9.015865325927734375e+00
3.887643814086914062e+00
2.926115989685058594e+00
7.766637325286865234e+00
5.690206527709960938e+00
3.542128801345825195e+00
9.211005210876464844e+00
2.139132022857666016e+00
6.933868885040283203e+00
3.316244602203369141e+00
6.086299896240234375e+00
4.755111694335937500e+00
3.207720041275024414e+00
7.856699943542480469e+00
4.898609161376953125e+00
3.370635747909545898e+00
8.420318603515625000e+00
4.532936573028564453e+00
4.944610595703125000e+00
5.744699954986572266e+00
5.310050964355468750e+00
4.494193553924560547e+00
3.684492111206054688e+00
6.134966373443603516e+00
3.493084669113159180e+00
5.449842453002929688e+00
4.373399257659912109e+00
4.476833343505859375e+00
4.726002693176269531e+00
3.990838050842285156e+00
4.723688602447509766e+00
5.089137554168701172e+00
3.918709754943847656e+00
4.116500854492187500e+00
4.195853233337402344e+00
3.994718551635742188e+00
4.076480388641357422e+00
4.661128520965576172e+00
4.275684356689453125e+00
5.049718379974365234e+00
4.113595962524414062e+00
4.522912979125976562e+00
4.943896770477294922e+00
4.219987869262695312e+00
4.741782188415527344e+00
4.305640697479248047e+00
3.754491806030273438e+00
5.069770812988281250e+00
4.121176242828369141e+00
4.944534301757812500e+00
3.204614162445068359e+00
7.412728309631347656e+00
5.489737033843994141e+00
2.912863016128540039e+00
7.307901382446289062e+00
3.777480363845825195e+00
3.914170026779174805e+00
6.481825351715087891e+00
3.014465570449829102e+00
5.442162513732910156e+00
5.153203010559082031e+00
3.523732900619506836e+00
5.623266220092773438e+00
4.312064647674560547e+00
4.586380958557128906e+00
5.547291755676269531e+00
2.802521228790283203e+00
6.529173851013183594e+00
5.499455451965332031e+00
3.399809360504150391e+00
5.281802177429199219e+00
4.226875305175781250e+00
4.338084220886230469e+00
4.491721153259277344e+00
4.642280578613281250e+00
3.404902696609497070e+00
4.577880382537841797e+00
3.203646659851074219e+00
5.230690956115722656e+00
4.280709266662597656e+00
3.618346214294433594e+00
5.661125183105468750e+00
3.507107257843017578e+00
6.081636905670166016e+00
5.908250808715820312e+00
4.105009078979492188e+00
5.177579402923583984e+00
4.781140804290771484e+00
4.468579292297363281e+00
3.797097444534301758e+00
5.016897678375244141e+00
3.694516658782958984e+00
5.762277603149414062e+00
4.700873374938964844e+00
3.682904243469238281e+00
5.118784904479980469e+00
3.420724630355834961e+00
6.039550781250000000e+00
4.120836257934570312e+00
4.162740707397460938e+00
4.976278781890869141e+00
3.331120729446411133e+00
5.078103065490722656e+00
5.347902297973632812e+00
4.672631263732910156e+00
4.258642196655273438e+00
4.124091625213623047e+00
4.711988449096679688e+00
4.973532676696777344e+00
3.865064859390258789e+00
4.132081031799316406e+00
4.608696937561035156e+00
3.715082406997680664e+00
5.561328887939453125e+00
4.533500671386718750e+00
3.771777868270874023e+00
4.767815589904785156e+00
4.349305152893066406e+00
4.891475677490234375e+00
3.654268741607666016e+00
4.519685745239257812e+00
5.474781513214111328e+00
1.890556573867797852e+00
7.343950271606445312e+00
1.964663982391357422e+00
9.401177406311035156e+00
5.495726585388183594e+00
2.487728357315063477e+00
1.021049880981445312e+01
3.540186882019042969e+00
5.590264320373535156e+00
3.745948791503906250e+00
7.685431480407714844e+00
9.115952849388122559e-01
9.805549621582031250e+00
2.521004199981689453e+00
7.047140121459960938e+00
4.868975639343261719e+00
3.336275339126586914e+00
6.126658439636230469e+00
4.245310306549072266e+00
3.405432701110839844e+00
6.826561927795410156e+00
2.358193874359130859e+00
6.147643089294433594e+00
5.584452629089355469e+00
3.647486686706542969e+00
5.657097816467285156e+00
4.837806701660156250e+00
4.976450920104980469e+00
5.021518230438232422e+00
2.880688905715942383e+00
5.753825187683105469e+00
4.712282180786132812e+00
3.916038990020751953e+00
5.599643707275390625e+00
4.304789066314697266e+00
3.948469638824462891e+00
5.293817043304443359e+00
4.965869903564453125e+00
4.222273826599121094e+00
4.701470375061035156e+00
5.203290462493896484e+00
3.993606567382812500e+00
4.920038223266601562e+00
4.517926216125488281e+00
4.767371654510498047e+00
4.374311923980712891e+00
4.921347618103027344e+00
4.991440773010253906e+00
3.592118501663208008e+00
6.915856838226318359e+00
4.866069793701171875e+00
3.158823251724243164e+00
7.110046386718750000e+00
6.328014373779296875e+00
4.006590843200683594e+00
5.814979076385498047e+00
5.486902236938476562e+00
4.875280380249023438e+00
4.662281513214111328e+00
5.040312290191650391e+00
4.777486801147460938e+00
3.510440826416015625e+00
5.302214622497558594e+00
4.824151039123535156e+00
4.554751396179199219e+00
5.253809928894042969e+00
4.589557647705078125e+00
4.411091327667236328e+00
4.907444000244140625e+00
3.827040195465087891e+00
5.068051338195800781e+00
4.965620994567871094e+00
3.535696029663085938e+00
6.391963005065917969e+00
3.910394906997680664e+00
4.416129112243652344e+00
5.247336864471435547e+00
4.345745563507080078e+00
4.702472686767578125e+00
5.029899597167968750e+00
3.437986612319946289e+00
4.986824512481689453e+00
4.503692150115966797e+00
4.399283409118652344e+00
4.477354526519775391e+00
4.495726585388183594e+00
4.292801856994628906e+00
4.166704177856445312e+00
4.417912483215332031e+00
3.808948278427124023e+00
5.691389560699462891e+00
3.862763881683349609e+00
4.733246803283691406e+00
3.206914186477661133e+00
5.208114147186279297e+00
5.618785858154296875e+00
3.151029586791992188e+00
4.367032051086425781e+00
5.450148105621337891e+00
5.053813934326171875e+00
3.914261341094970703e+00
3.826867103576660156e+00
4.253360271453857422e+00
4.889184951782226562e+00
4.159747600555419922e+00
4.189779281616210938e+00
4.657111644744873047e+00
4.473821640014648438e+00
4.282521247863769531e+00
5.066450595855712891e+00
5.010425090789794922e+00
3.363314628601074219e+00
6.551352024078369141e+00
5.397186756134033203e+00
4.201628208160400391e+00
4.213649749755859375e+00
4.845283508300781250e+00
4.645352363586425781e+00
3.172397613525390625e+00
9.235636711120605469e+00
2.694792270660400391e+00
5.758157730102539062e+00
4.696545600891113281e+00
3.761205196380615234e+00
5.897697448730468750e+00
4.584775447845458984e+00
5.080152511596679688e+00
4.075358867645263672e+00
5.287738323211669922e+00
4.634940147399902344e+00
4.286543846130371094e+00
5.574790000915527344e+00
4.533714294433593750e+00
4.625102519989013672e+00
4.738829612731933594e+00
5.134889602661132812e+00
2.816311836242675781e+00
7.689388751983642578e+00
3.121317386627197266e+00
5.494437217712402344e+00
3.388208389282226562e+00
8.302091598510742188e+00
7.250374555587768555e-01
1.054051399230957031e+01
4.423654556274414062e+00
2.963099956512451172e+00
7.973121643066406250e+00
3.214739322662353516e+00
5.166968345642089844e+00
6.312429428100585938e+00
2.255886554718017578e+00
8.062221527099609375e+00
5.347977161407470703e+00
3.298266887664794922e+00
6.003104209899902344e+00
4.572279930114746094e+00
4.102222442626953125e+00
5.999773025512695312e+00
4.322867393493652344e+00
3.765976428985595703e+00
4.429010391235351562e+00
5.841993331909179688e+00
3.793462753295898438e+00
4.007144927978515625e+00
5.616443634033203125e+00
5.042790412902832031e+00
4.074193954467773438e+00
4.505390644073486328e+00
4.265968322753906250e+00
5.303081512451171875e+00
4.179418563842773438e+00
4.795225143432617188e+00
4.710545063018798828e+00
3.906104564666748047e+00
4.753250598907470703e+00
3.489043235778808594e+00
5.269227981567382812e+00
5.432405948638916016e+00
4.283645629882812500e+00
4.022080898284912109e+00
5.414378166198730469e+00
3.896852970123291016e+00
5.514765739440917969e+00
4.759842872619628906e+00
4.290412902832031250e+00
5.122837066650390625e+00
4.920054435729980469e+00
3.625397682189941406e+00
5.928068161010742188e+00
4.736341476440429688e+00
4.441186428070068359e+00
6.185102939605712891e+00
4.517230987548828125e+00
4.388857841491699219e+00
4.339557170867919922e+00
4.634613990783691406e+00
5.101079940795898438e+00
4.475555419921875000e+00
3.624431133270263672e+00
5.956803798675537109e+00
4.918563842773437500e+00
5.258680343627929688e+00
5.123110294342041016e+00
3.077046632766723633e+00
5.202383041381835938e+00
5.100696563720703125e+00
3.069005012512207031e+00
6.688355445861816406e+00
3.694126367568969727e+00
6.106578826904296875e+00
5.753953933715820312e+00
3.454773426055908203e+00
5.725804328918457031e+00
5.090433120727539062e+00
5.136507034301757812e+00
3.809619903564453125e+00
4.933555603027343750e+00
3.761162281036376953e+00
3.571011543273925781e+00
5.793865680694580078e+00
5.730008125305175781e+00
4.144173622131347656e+00
4.335869312286376953e+00
4.815458774566650391e+00
5.121635437011718750e+00
3.719968795776367188e+00
4.463607311248779297e+00
5.437312126159667969e+00
4.174960136413574219e+00
4.333874225616455078e+00
4.355690479278564453e+00
3.682293891906738281e+00
5.884383201599121094e+00
5.176664352416992188e+00
2.141069173812866211e+00
7.499844551086425781e+00
4.234140396118164062e+00
3.143352031707763672e+00
7.119532108306884766e+00
3.611327171325683594e+00
7.191957473754882812e+00
3.963212966918945312e+00
4.343214035034179688e+00
4.374071121215820312e+00
5.235670089721679688e+00
4.351852416992187500e+00
4.548750400543212891e+00
4.218141555786132812e+00
4.682858943939208984e+00
4.766187667846679688e+00
4.810954093933105469e+00
4.400905609130859375e+00
4.122165679931640625e+00
5.201949119567871094e+00
4.206343173980712891e+00
4.591655731201171875e+00
4.402845382690429688e+00
4.894762039184570312e+00
4.878363609313964844e+00
3.223031759262084961e+00
6.603097438812255859e+00
2.386709213256835938e+00
8.322820663452148438e+00
6.786607742309570312e+00
3.838816642761230469e+00
5.613152980804443359e+00
5.667499542236328125e+00
4.281374931335449219e+00
5.537821769714355469e+00
4.226325035095214844e+00
4.090603828430175781e+00
6.077693939208984375e+00
2.767515182495117188e+00
5.748346328735351562e+00
5.682012081146240234e+00
4.767066955566406250e+00
4.912206172943115234e+00
5.234209060668945312e+00
3.519108295440673828e+00
6.427665710449218750e+00
3.615776777267456055e+00
4.715629577636718750e+00
5.448493003845214844e+00
4.335874557495117188e+00
4.304923057556152344e+00
5.522776603698730469e+00
4.499234199523925781e+00
4.233428955078125000e+00
4.592247009277343750e+00
4.724975109100341797e+00
4.188260555267333984e+00
4.806923866271972656e+00
4.190234184265136719e+00
5.047795295715332031e+00
4.531315803527832031e+00
4.232790470123291016e+00
4.367875099182128906e+00
6.375068187713623047e+00
2.443910598754882812e+00
8.484676361083984375e+00
5.565854549407958984e+00
3.382595539093017578e+00
7.114771366119384766e+00
4.376230239868164062e+00
4.359149932861328125e+00
6.331696987152099609e+00
3.826316833496093750e+00
5.468628406524658203e+00
2.823488235473632812e+00
8.484678268432617188e+00
3.800606489181518555e+00
3.831140041351318359e+00
6.000511169433593750e+00
5.519601821899414062e+00
3.809113502502441406e+00
5.998605728149414062e+00
3.721770524978637695e+00
6.897221565246582031e+00
3.358643293380737305e+00
5.972680091857910156e+00
4.886440277099609375e+00
4.909495353698730469e+00
4.999483108520507812e+00
5.024809837341308594e+00
4.087221622467041016e+00
6.872577667236328125e+00
4.615083217620849609e+00
3.478910446166992188e+00
5.816076278686523438e+00
5.029812812805175781e+00
5.140323638916015625e+00
4.991197586059570312e+00
5.172687530517578125e+00
4.798312664031982422e+00
5.390423297882080078e+00
3.146080970764160156e+00
7.379448413848876953e+00
3.868286132812500000e+00
5.785831451416015625e+00
4.405610084533691406e+00
6.150139808654785156e+00
4.847213745117187500e+00
3.900291919708251953e+00
6.642620086669921875e+00
5.831173419952392578e+00
3.058114051818847656e+00
6.555678367614746094e+00
4.302717208862304688e+00
6.080870628356933594e+00
4.605728149414062500e+00
4.308130741119384766e+00
4.649579048156738281e+00
4.620901107788085938e+00
3.018218994140625000e+00
6.377538681030273438e+00
5.602135181427001953e+00
3.901459217071533203e+00
4.821930885314941406e+00
4.453149795532226562e+00
4.074332237243652344e+00
5.434205055236816406e+00
4.196475028991699219e+00
4.443377017974853516e+00
3.953619480133056641e+00
5.537383556365966797e+00
4.059932708740234375e+00
4.348621368408203125e+00
4.739171504974365234e+00
3.719362258911132812e+00
4.757670879364013672e+00
5.375048160552978516e+00
3.021071434020996094e+00
5.534459114074707031e+00
3.619894504547119141e+00
4.685611248016357422e+00
4.961356163024902344e+00
4.055751800537109375e+00
5.215927124023437500e+00
4.122748374938964844e+00
5.203662395477294922e+00
3.755942344665527344e+00
5.113446235656738281e+00
5.222520828247070312e+00
2.851395606994628906e+00
7.111039161682128906e+00
3.860841512680053711e+00
4.155486106872558594e+00
6.441282272338867188e+00
5.609247207641601562e+00
2.829923629760742188e+00
7.776542186737060547e+00
5.412925243377685547e+00
3.767380714416503906e+00
4.858918190002441406e+00
5.218894481658935547e+00
4.432062625885009766e+00
3.472683906555175781e+00
5.851101875305175781e+00
3.814821243286132812e+00
4.330480575561523438e+00
5.248294830322265625e+00
3.122194528579711914e+00
5.725650787353515625e+00
4.413974761962890625e+00
4.562398910522460938e+00
4.864665031433105469e+00
3.735465049743652344e+00
5.728304862976074219e+00
2.782739639282226562e+00
7.238045692443847656e+00
2.287703990936279297e+00
7.324530601501464844e+00
3.812383413314819336e+00
4.960323333740234375e+00
5.473551750183105469e+00
4.412367820739746094e+00
5.311244964599609375e+00
3.632835388183593750e+00
4.969167709350585938e+00
4.138025760650634766e+00
5.346790790557861328e+00
4.405996322631835938e+00
5.619282722473144531e+00
4.038415908813476562e+00
4.429459571838378906e+00
4.558798789978027344e+00
4.170667648315429688e+00
4.168856620788574219e+00
4.883779525756835938e+00
4.403332710266113281e+00
4.178330421447753906e+00
5.124975204467773438e+00
3.951196670532226562e+00
4.516155242919921875e+00
4.103617668151855469e+00
5.903280735015869141e+00
2.012688636779785156e+00
6.899773597717285156e+00
3.997730255126953125e+00
4.538289070129394531e+00
5.124989509582519531e+00
3.609009742736816406e+00
4.949640274047851562e+00
4.246863842010498047e+00
4.379484176635742188e+00
3.915052652359008789e+00
5.561545372009277344e+00
2.498453617095947266e+00
7.447476387023925781e+00
2.630417346954345703e+00
8.515568733215332031e+00
5.876039028167724609e+00
3.303776264190673828e+00
6.334572792053222656e+00
5.689568996429443359e+00
4.074581146240234375e+00
5.806085586547851562e+00
3.291095256805419922e+00
5.961606025695800781e+00
4.528302192687988281e+00
4.778220653533935547e+00
4.907061576843261719e+00
5.346220970153808594e+00
3.192795276641845703e+00
6.523534774780273438e+00
4.139453411102294922e+00
4.212922096252441406e+00
5.472453117370605469e+00
3.426850318908691406e+00
6.774417400360107422e+00
5.250189304351806641e+00
2.871165752410888672e+00
6.949240684509277344e+00
3.602061033248901367e+00
4.517203330993652344e+00
6.656298637390136719e+00
4.916460990905761719e+00
3.701377153396606445e+00
5.610958099365234375e+00
4.259848117828369141e+00
3.017840385437011719e+00
8.659465789794921875e+00
2.705863952636718750e+00
5.637499809265136719e+00
5.709767341613769531e+00
4.020359516143798828e+00
6.244169712066650391e+00
3.983077049255371094e+00
4.334356307983398438e+00
4.296687126159667969e+00
4.514737129211425781e+00
5.560299873352050781e+00
4.400905132293701172e+00
4.358546257019042969e+00
4.540459156036376953e+00
3.560847282409667969e+00
6.367396354675292969e+00
4.065977096557617188e+00
4.769150733947753906e+00
4.101846694946289062e+00
4.966972351074218750e+00
4.976351737976074219e+00
4.808370590209960938e+00
4.730156421661376953e+00
5.135669708251953125e+00
4.466549873352050781e+00
4.174978256225585938e+00
4.462145805358886719e+00
5.380510807037353516e+00
3.966969013214111328e+00
5.120121002197265625e+00
5.485513210296630859e+00
3.650892496109008789e+00
6.662834644317626953e+00
1.568504810333251953e+00
8.650350570678710938e+00
2.732873916625976562e+00
6.876476287841796875e+00
3.235527515411376953e+00
4.392856121063232422e+00
6.468111991882324219e+00
2.298078536987304688e+00
8.795139312744140625e+00
4.354549407958984375e+00
4.604769706726074219e+00
5.787545680999755859e+00
3.260801315307617188e+00
7.457178115844726562e+00
3.040509939193725586e+00
6.501384735107421875e+00
5.420840263366699219e+00
3.604673862457275391e+00
6.399025917053222656e+00
2.723363399505615234e+00
6.136996746063232422e+00
5.480923652648925781e+00
4.153032302856445312e+00
4.472621917724609375e+00
3.605630874633789062e+00
6.175197601318359375e+00
3.247621536254882812e+00
4.728463649749755859e+00
5.385692596435546875e+00
2.606855869293212891e+00
6.980555057525634766e+00
5.709424972534179688e+00
3.881169795989990234e+00
4.654534339904785156e+00
4.874325752258300781e+00
4.241819381713867188e+00
4.764643192291259766e+00
4.364858150482177734e+00
4.774476528167724609e+00
3.713632106781005859e+00
5.256394386291503906e+00
4.694301128387451172e+00
4.148458480834960938e+00
4.799511432647705078e+00
4.570788860321044922e+00
4.211432456970214844e+00
5.447115898132324219e+00
4.425090789794921875e+00
2.769008398056030273e+00
7.241619110107421875e+00
2.260248184204101562e+00
9.011795043945312500e+00
4.060614585876464844e+00
4.433338642120361328e+00
6.356620311737060547e+00
3.429129600524902344e+00
7.267036437988281250e+00
2.931825399398803711e+00
7.401761054992675781e+00
4.600772857666015625e+00
3.096693992614746094e+00
7.673602581024169922e+00
1.378120899200439453e+00
7.702895164489746094e+00
3.885561943054199219e+00
4.904406547546386719e+00
4.378979206085205078e+00
6.247326850891113281e+00
5.612785816192626953e+00
3.819766044616699219e+00
4.663605690002441406e+00
5.791796684265136719e+00
2.778068542480468750e+00
7.005547523498535156e+00
3.173591613769531250e+00
6.542744636535644531e+00
5.024230480194091797e+00
4.501846313476562500e+00
4.631839752197265625e+00
5.358048439025878906e+00
3.509107112884521484e+00
4.201259136199951172e+00
6.272068023681640625e+00
2.793984889984130859e+00
5.572544097900390625e+00
5.771406173706054688e+00
4.556258678436279297e+00
3.976438045501708984e+00
5.765842437744140625e+00
3.830231904983520508e+00
5.882993698120117188e+00
5.485837936401367188e+00
4.194761753082275391e+00
4.997744083404541016e+00
4.994515895843505859e+00
5.030292987823486328e+00
4.963563919067382812e+00
4.205211639404296875e+00
4.451688766479492188e+00
5.408616065979003906e+00
3.489990711212158203e+00
6.902028083801269531e+00
2.527798175811767578e+00
9.407821655273437500e+00
2.642452239990234375e+00
5.120025634765625000e+00
6.732530117034912109e+00
5.178897857666015625e+00
3.718527317047119141e+00
5.423724174499511719e+00
4.786001205444335938e+00
3.956783771514892578e+00
5.270547866821289062e+00
2.776859045028686523e+00
8.090083122253417969e+00
2.942145109176635742e+00
4.765479087829589844e+00
6.962483406066894531e+00
5.248846530914306641e+00
2.823399782180786133e+00
6.461291790008544922e+00
4.694272518157958984e+00
3.659354686737060547e+00
6.305555343627929688e+00
4.875272750854492188e+00
4.132228374481201172e+00
4.752933502197265625e+00
4.932833671569824219e+00
2.625025749206542969e+00
6.289457798004150391e+00
3.373920202255249023e+00
4.084967136383056641e+00
5.897510051727294922e+00
3.589787960052490234e+00
5.235860824584960938e+00
4.422440528869628906e+00
3.686772108078002930e+00
4.695260047912597656e+00
5.610638618469238281e+00
2.277912139892578125e+00
5.390010833740234375e+00
4.007502079010009766e+00
2.739686489105224609e+00
4.976898193359375000e+00
4.181715488433837891e+00
5.166234016418457031e+00
4.517064094543457031e+00
2.988255739212036133e+00
6.386974334716796875e+00
2.910059452056884766e+00
5.030735969543457031e+00
2.022370815277099609e+00
7.908691406250000000e+00
6.510518074035644531e+00
7.100012302398681641e-01
1.012326812744140625e+01
4.642181873321533203e+00
3.079184532165527344e+00
6.919940471649169922e+00
3.053234577178955078e+00
4.356883049011230469e+00
4.660921096801757812e+00
3.378730773925781250e+00
3.922429084777832031e+00
4.895622253417968750e+00
3.781821727752685547e+00
3.409120559692382812e+00
4.506238937377929688e+00
4.094236373901367188e+00
3.807785749435424805e+00
4.754710197448730469e+00
5.120926856994628906e+00
3.342377901077270508e+00
4.292442321777343750e+00
5.275768280029296875e+00
3.580421924591064453e+00
5.466285705566406250e+00
4.443068504333496094e+00
3.816603183746337891e+00
5.245345115661621094e+00
3.815311431884765625e+00
4.012657165527343750e+00
4.161590576171875000e+00
4.656189918518066406e+00
3.843502521514892578e+00
5.264908790588378906e+00
4.540378570556640625e+00
3.340209960937500000e+00
5.084528923034667969e+00
4.474625587463378906e+00
4.278273582458496094e+00
3.912391662597656250e+00
4.510718345642089844e+00
4.214386940002441406e+00
4.070724010467529297e+00
4.386026859283447266e+00
4.161165237426757812e+00
5.149389743804931641e+00
4.590451240539550781e+00
4.231613159179687500e+00
4.535559654235839844e+00
4.977456092834472656e+00
3.880048274993896484e+00
4.544787406921386719e+00
5.010039329528808594e+00
3.606315135955810547e+00
5.659242630004882812e+00
5.525456905364990234e+00
4.681505680084228516e+00
3.949568748474121094e+00
6.306558609008789062e+00
4.197763919830322266e+00
4.177545547485351562e+00
4.780039787292480469e+00
5.046138763427734375e+00
3.931464195251464844e+00
4.929866790771484375e+00
3.706164836883544922e+00
6.192806243896484375e+00
3.669836521148681641e+00
5.417219161987304688e+00
4.717566967010498047e+00
4.962199211120605469e+00
4.907388210296630859e+00
3.636270284652709961e+00
5.342594146728515625e+00
3.642083168029785156e+00
4.750849723815917969e+00
4.647147178649902344e+00
4.994881153106689453e+00
4.431859016418457031e+00
4.210839748382568359e+00
3.901806831359863281e+00
6.640552520751953125e+00
3.349681377410888672e+00
4.720483779907226562e+00
5.731564521789550781e+00
5.432691097259521484e+00
3.207784652709960938e+00
5.139719009399414062e+00
4.188812732696533203e+00
2.682226896286010742e+00
7.178007125854492188e+00
3.430280089378356934e-01
1.017470169067382812e+01
3.065327167510986328e+00
2.312453269958496094e+00
6.863434791564941406e+00
4.854413032531738281e+00
3.171825885772705078e+00
6.288125514984130859e+00
5.747014045715332031e+00
3.472943544387817383e+00
6.552393913269042969e+00
2.471666336059570312e+00
5.848219871520996094e+00
3.328178882598876953e+00
5.495432376861572266e+00
3.729152202606201172e+00
6.369050025939941406e+00
4.115403652191162109e+00
6.443874359130859375e+00
3.361712932586669922e+00
5.339512348175048828e+00
4.685028076171875000e+00
4.181535720825195312e+00
7.033239364624023438e+00
2.543185234069824219e+00
8.495105743408203125e+00
5.083377838134765625e+00
2.920783042907714844e+00
7.259923458099365234e+00
5.757771492004394531e+00
4.286663055419921875e+00
6.894049167633056641e+00
4.145774841308593750e+00
4.399039268493652344e+00
5.410749912261962891e+00
2.182427644729614258e+00
9.682942390441894531e+00
3.065169811248779297e+00
3.314336299896240234e+00
7.585197448730468750e+00
4.337271690368652344e+00
3.792619705200195312e+00
6.962059020996093750e+00
4.168222427368164062e+00
4.721697807312011719e+00
5.786913871765136719e+00
3.752539157867431641e+00
6.029870033264160156e+00
4.933459758758544922e+00
3.394461631774902344e+00
7.333608627319335938e+00
4.706327915191650391e+00
5.030750274658203125e+00
5.646001338958740234e+00
4.469084262847900391e+00
3.654519796371459961e+00
7.070211410522460938e+00
3.417771816253662109e+00
4.306520462036132812e+00
6.061491966247558594e+00
3.650965213775634766e+00
6.118865013122558594e+00
4.687971591949462891e+00
4.060708999633789062e+00
5.038474082946777344e+00
4.712268829345703125e+00
4.598583698272705078e+00
6.073435306549072266e+00
3.243752956390380859e+00
5.052812099456787109e+00
4.737789154052734375e+00
4.315634250640869141e+00
4.467884063720703125e+00
5.433290481567382812e+00
2.739584207534790039e+00
5.782580852508544922e+00
5.356838226318359375e+00
4.030587196350097656e+00
4.256097316741943359e+00
5.507215023040771484e+00
3.200038433074951172e+00
6.342216491699218750e+00
5.426482200622558594e+00
2.978990554809570312e+00
5.048581600189208984e+00
4.974755287170410156e+00
4.194981575012207031e+00
3.520598411560058594e+00
5.295741081237792969e+00
4.136415004730224609e+00
4.410375595092773438e+00
4.405357360839843750e+00
2.867062330245971680e+00
6.293064117431640625e+00
3.548795223236083984e+00
4.485499858856201172e+00
5.648933410644531250e+00
2.860013961791992188e+00
5.991233825683593750e+00
4.197355270385742188e+00
4.421658992767333984e+00
4.920933246612548828e+00
4.578595161437988281e+00
2.628076076507568359e+00
6.126105785369873047e+00
4.231765747070312500e+00
3.656924486160278320e+00
4.291154861450195312e+00
5.164092063903808594e+00
2.445834636688232422e+00
6.312856674194335938e+00
4.350882053375244141e+00
3.611332178115844727e+00
6.751881599426269531e+00
2.668368339538574219e+00
6.139966011047363281e+00
4.773494720458984375e+00
3.732109069824218750e+00
5.628413677215576172e+00
4.836779594421386719e+00
3.161599159240722656e+00
5.164835453033447266e+00
3.375398159027099609e+00
4.228204727172851562e+00
5.162333488464355469e+00
3.640696048736572266e+00
4.843577861785888672e+00
4.041682243347167969e+00
4.265137195587158203e+00
4.412658691406250000e+00
3.692260265350341797e+00
5.490452289581298828e+00
4.841174125671386719e+00
2.989846944808959961e+00
5.443418502807617188e+00
4.309233665466308594e+00
3.608410120010375977e+00
5.281708240509033203e+00
4.374245643615722656e+00
5.070081710815429688e+00
2.907582521438598633e+00
7.738329887390136719e+00
4.693539619445800781e+00
3.514870643615722656e+00
7.296432495117187500e+00
2.142935514450073242e+00
7.492336750030517578e+00
5.249621391296386719e+00
3.763652324676513672e+00
6.080621719360351562e+00
5.288487911224365234e+00
4.299360752105712891e+00
4.573608875274658203e+00
4.128139495849609375e+00
6.051203727722167969e+00
4.632584095001220703e+00
3.259710311889648438e+00
8.002639770507812500e+00
3.061985969543457031e+00
4.234384059906005859e+00
5.829299449920654297e+00
4.730167388916015625e+00
3.357042312622070312e+00
6.345010757446289062e+00
2.915320396423339844e+00
6.673877716064453125e+00
3.978523254394531250e+00
4.194676399230957031e+00
4.409493446350097656e+00
4.819154262542724609e+00
4.232446670532226562e+00
4.426949977874755859e+00
3.662350654602050781e+00
4.285404682159423828e+00
3.858718872070312500e+00
3.203251361846923828e+00
5.407281875610351562e+00
3.352530479431152344e+00
4.700347900390625000e+00
4.200005531311035156e+00
3.339822769165039062e+00
4.380332946777343750e+00
4.139257431030273438e+00
3.060619592666625977e+00
5.910989284515380859e+00
1.516187667846679688e+00
7.524586677551269531e+00
7.418696403503417969e+00
2.693466663360595703e+00
6.821705341339111328e+00
4.227187156677246094e+00
3.829997062683105469e+00
5.506796360015869141e+00
1.971797585487365723e+00
7.896867275238037109e+00
4.473567008972167969e+00
2.464677810668945312e+00
6.737153053283691406e+00
2.542499780654907227e+00
5.818242073059082031e+00
3.124041318893432617e+00
4.005163192749023438e+00
4.376976013183593750e+00
3.842823743820190430e+00
4.127186775207519531e+00
4.567176818847656250e+00
4.076572418212890625e+00
5.032131195068359375e+00
1.950974702835083008e+00
7.498311042785644531e+00
4.194446563720703125e+00
3.822082519531250000e+00
6.766080856323242188e+00
3.235572814941406250e+00
6.163064002990722656e+00
3.913680553436279297e+00
4.695454120635986328e+00
4.585701942443847656e+00
4.275450706481933594e+00
4.725180625915527344e+00
3.318578004837036133e+00
5.129952430725097656e+00
3.873791694641113281e+00
3.874176740646362305e+00
5.302907466888427734e+00
4.250879764556884766e+00
4.472720623016357422e+00
5.042209625244140625e+00
4.422457695007324219e+00
4.445955276489257812e+00
4.803081512451171875e+00
3.938153743743896484e+00
4.792974948883056641e+00
5.298171043395996094e+00
3.080607891082763672e+00
6.090851783752441406e+00
5.524784088134765625e+00
4.805276393890380859e+00
3.931468725204467773e+00
5.723557472229003906e+00
3.310300111770629883e+00
5.755537986755371094e+00
4.834137916564941406e+00
4.323338508605957031e+00
4.460946559906005859e+00
5.027744293212890625e+00
4.881988048553466797e+00
2.178545951843261719e+00
7.458831787109375000e+00
4.863059043884277344e+00
3.238297939300537109e+00
5.820611000061035156e+00
5.470568180084228516e+00
3.617481231689453125e+00
5.952440261840820312e+00
4.003271102905273438e+00
3.659746170043945312e+00
5.301319122314453125e+00
3.309481620788574219e+00
5.507703781127929688e+00
2.828208208084106445e+00
7.402359485626220703e+00
4.101305007934570312e+00
3.781644344329833984e+00
6.865726470947265625e+00
5.319213867187500000e+00
3.314645290374755859e+00
5.953888416290283203e+00
3.274138927459716797e+00
5.660596847534179688e+00
5.277757644653320312e+00
4.313403129577636719e+00
5.304162979125976562e+00
4.381506443023681641e+00
4.878305912017822266e+00
3.691485643386840820e+00
6.226710319519042969e+00
3.024650573730468750e+00
6.073202610015869141e+00
6.315452098846435547e+00
4.916641235351562500e+00
4.012474060058593750e+00
5.511816024780273438e+00
5.368577957153320312e+00
3.611339092254638672e+00
6.392818450927734375e+00
4.222981929779052734e+00
5.007124423980712891e+00
5.825188636779785156e+00
4.555871963500976562e+00
6.011191368103027344e+00
5.211394309997558594e+00
4.252247810363769531e+00
7.376629352569580078e+00
2.865345954895019531e+00
8.800995826721191406e+00
6.649127483367919922e+00
2.951603651046752930e+00
7.876533508300781250e+00
6.263254165649414062e+00
3.228542089462280273e+00
7.277094841003417969e+00
3.588546037673950195e+00
5.545578002929687500e+00
2.713995933532714844e+00
7.725125789642333984e+00
4.484682559967041016e+00
3.323506832122802734e+00
5.668738365173339844e+00
5.054695129394531250e+00
3.535519123077392578e+00
6.591713428497314453e+00
5.176082611083984375e+00
3.485976219177246094e+00
5.366941928863525391e+00
5.311657428741455078e+00
2.238939523696899414e+00
1.001370620727539062e+01
4.679810523986816406e+00
3.043497085571289062e+00
8.329886436462402344e+00
2.599062442779541016e+00
7.077352523803710938e+00
4.630655288696289062e+00
3.114152908325195312e+00
6.492438316345214844e+00
3.296087980270385742e+00
5.616350173950195312e+00
4.321701049804687500e+00
5.653626918792724609e+00
3.763758659362792969e+00
5.030030250549316406e+00
4.365214824676513672e+00
4.901561737060546875e+00
3.527072906494140625e+00
5.907140731811523438e+00
3.226923704147338867e+00
4.602188110351562500e+00
4.453051090240478516e+00
4.789866924285888672e+00
3.461624622344970703e+00
5.415909767150878906e+00
3.351762294769287109e+00
4.385667324066162109e+00
5.232598304748535156e+00
2.706640243530273438e+00
5.949532508850097656e+00
4.301181793212890625e+00
3.490154504776000977e+00
5.886574745178222656e+00
4.041902542114257812e+00
3.876804828643798828e+00
5.472437858581542969e+00
4.772354125976562500e+00
3.694296360015869141e+00
4.226043701171875000e+00
5.167272567749023438e+00
3.249972343444824219e+00
4.904013633728027344e+00
4.454288482666015625e+00
4.225246429443359375e+00
3.367480754852294922e+00
3.679854154586791992e+00
6.017014980316162109e+00
5.634647369384765625e+00
2.905239582061767578e+00
5.262868881225585938e+00
4.704809188842773438e+00
3.920436859130859375e+00
4.177765846252441406e+00
4.199971199035644531e+00
2.633169174194335938e+00
4.865953445434570312e+00
4.551854610443115234e+00
3.137429237365722656e+00
5.227939128875732422e+00
3.359389781951904297e+00
4.197354793548583984e+00
5.331217765808105469e+00
5.135390281677246094e+00
3.150122642517089844e+00
5.316390037536621094e+00
4.322381973266601562e+00
3.082194805145263672e+00
6.161782264709472656e+00
4.910636425018310547e+00
2.651567220687866211e+00
5.713770866394042969e+00
5.259963989257812500e+00
2.382649898529052734e+00
8.754110336303710938e+00
9.562773704528808594e-01
7.224095344543457031e+00
2.190151214599609375e+00
5.060081481933593750e+00
6.723447799682617188e+00
5.843852519989013672e+00
2.331032752990722656e+00
7.413644790649414062e+00
3.230976164340972900e-01
9.042968750000000000e+00
8.451900482177734375e-01
6.035784721374511719e+00
4.306931018829345703e+00
1.496993303298950195e+00
6.751847743988037109e+00
3.090995073318481445e+00
2.768660068511962891e+00
5.463644981384277344e+00
2.431995391845703125e+00
4.170377731323242188e+00
4.113420009613037109e+00
3.864882469177246094e+00
3.939616680145263672e+00
4.090504646301269531e+00
5.286299705505371094e+00
3.528494834899902344e+00
6.321335315704345703e+00
4.225042819976806641e+00
5.054327964782714844e+00
5.514540672302246094e+00
3.945848941802978516e+00
5.015960216522216797e+00
4.664867401123046875e+00
4.485401153564453125e+00
5.044076442718505859e+00
4.133760452270507812e+00
2.775526046752929688e+00
5.872678279876708984e+00
3.178618907928466797e+00
3.523768663406372070e+00
6.107291221618652344e+00
5.018292427062988281e+00
3.410522699356079102e+00
4.777495384216308594e+00
5.437037467956542969e+00
3.787234306335449219e+00
3.808729887008666992e+00
4.112616539001464844e+00
4.804280281066894531e+00
3.815122604370117188e+00
4.325069427490234375e+00
4.689505100250244141e+00
2.761658191680908203e+00
5.811072826385498047e+00
5.187779903411865234e+00
2.625826358795166016e+00
6.151631355285644531e+00
3.836479663848876953e+00
4.385140419006347656e+00
5.619429588317871094e+00
4.969562530517578125e+00
2.951708793640136719e+00
4.802628993988037109e+00
5.297253608703613281e+00
3.214541435241699219e+00
5.109736919403076172e+00
5.218660354614257812e+00
2.233594179153442383e+00
6.289587020874023438e+00
4.721864223480224609e+00
3.483839988708496094e+00
7.260152816772460938e+00
4.109464645385742188e+00
3.359499692916870117e+00
5.585635185241699219e+00
4.518007278442382812e+00
4.505089282989501953e+00
4.738398551940917969e+00
3.472869873046875000e+00
4.613137245178222656e+00
4.310299873352050781e+00
4.229316711425781250e+00
4.154178619384765625e+00
2.805777072906494141e+00
6.339042663574218750e+00
3.238003730773925781e+00
5.102572917938232422e+00
5.216239929199218750e+00
4.494044303894042969e+00
4.525671958923339844e+00
5.122945785522460938e+00
4.645607948303222656e+00
4.455746650695800781e+00
4.314422130584716797e+00
3.781775236129760742e+00
4.463860034942626953e+00
4.901418685913085938e+00
2.972960472106933594e+00
5.698054313659667969e+00
4.395777225494384766e+00
2.104479551315307617e+00
8.251953125000000000e+00
6.132427215576171875e+00
3.119323253631591797e+00
5.615014076232910156e+00
5.951631546020507812e+00
4.036206245422363281e+00
4.971401214599609375e+00
4.367306709289550781e+00
4.880214691162109375e+00
4.337076187133789062e+00
5.004852294921875000e+00
5.124219894409179688e+00
3.113023757934570312e+00
4.358282566070556641e+00
5.286447525024414062e+00
3.759884834289550781e+00
3.485330820083618164e+00
6.488675594329833984e+00
2.956570148468017578e+00
4.957932472229003906e+00
5.017210006713867188e+00
3.907983541488647461e+00
5.044346809387207031e+00
2.630996227264404297e+00
5.250262260437011719e+00
4.008459091186523438e+00
5.481248378753662109e+00
4.631689071655273438e+00
2.106973409652709961e+00
7.536320686340332031e+00
5.491981506347656250e-01
9.534482955932617188e+00
2.963039398193359375e+00
2.415206193923950195e+00
6.631346225738525391e+00
4.692239761352539062e+00
3.183485984802246094e+00
6.650013446807861328e+00
4.860843658447265625e+00
2.469169139862060547e+00
7.475220680236816406e+00
4.577858924865722656e+00
1.742033362388610840e+00
6.751257896423339844e+00
4.571247100830078125e+00
3.490149736404418945e+00
4.314129829406738281e+00
4.204791069030761719e+00
3.255879878997802734e+00
4.187525749206542969e+00
4.889143943786621094e+00
3.503262758255004883e+00
4.458588600158691406e+00
4.102852821350097656e+00
2.909230232238769531e+00
5.399089336395263672e+00
4.848388671875000000e+00
2.919655323028564453e+00
5.869267463684082031e+00
2.805494070053100586e+00
6.022601127624511719e+00
5.317966461181640625e+00
3.004672527313232422e+00
4.745622634887695312e+00
3.650079727172851562e+00
4.997197628021240234e+00
4.109942436218261719e+00
4.276505470275878906e+00
4.023327350616455078e+00
3.718203544616699219e+00
4.980394363403320312e+00
3.901311397552490234e+00
4.157430648803710938e+00
4.712436199188232422e+00
4.526714324951171875e+00
2.142151832580566406e+00
6.371852874755859375e+00
5.053318500518798828e+00
4.739057064056396484e+00
4.925553321838378906e+00
4.439160346984863281e+00
4.943029880523681641e+00
4.451473236083984375e+00
3.783296823501586914e+00
5.784574985504150391e+00
3.990864276885986328e+00
4.183322906494140625e+00
5.263095855712890625e+00
3.781497240066528320e+00
3.998379707336425781e+00
5.261857986450195312e+00
3.310796499252319336e+00
4.632336616516113281e+00
4.685479164123535156e+00
3.840303182601928711e+00
3.861972332000732422e+00
5.287228584289550781e+00
2.265086889266967773e+00
7.142701148986816406e+00
4.354776382446289062e+00
3.101309299468994141e+00
4.928900718688964844e+00
4.787416458129882812e+00
2.877593517303466797e+00
5.322874069213867188e+00
3.742486476898193359e+00
5.212543010711669922e+00
4.450323581695556641e+00
3.176068305969238281e+00
4.888288497924804688e+00
5.267189025878906250e+00
3.613547086715698242e+00
3.592534780502319336e+00
3.808087348937988281e+00
4.178495407104492188e+00
3.758707523345947266e+00
4.036499500274658203e+00
4.406848907470703125e+00
2.322100877761840820e+00
7.789716720581054688e+00
1.918550491333007812e+00
8.093323707580566406e+00
5.695847034454345703e+00
3.118277072906494141e+00
6.554149150848388672e+00
6.673064231872558594e+00
3.380898714065551758e+00
4.506792068481445312e+00
5.805559158325195312e+00
3.539698123931884766e+00
3.824383735656738281e+00
4.629249572753906250e+00
4.671676635742187500e+00
3.304068088531494141e+00
4.909297943115234375e+00
4.456983566284179688e+00
3.782225847244262695e+00
3.971705198287963867e+00
3.958541154861450195e+00
3.677197456359863281e+00
4.154034614562988281e+00
3.919129133224487305e+00
