2.232284307479858398e+00
2.859071969985961914e+00
3.334187746047973633e+00
3.714196205139160156e+00
3.561497449874877930e+00
3.698144435882568359e+00
4.008116722106933594e+00
4.285954952239990234e+00
4.346143245697021484e+00
4.540493488311767578e+00
4.541275024414062500e+00
4.772009372711181641e+00
4.712879180908203125e+00
4.915122032165527344e+00
5.256651878356933594e+00
4.931144237518310547e+00
5.256254196166992188e+00
5.378112792968750000e+00
5.383572578430175781e+00
5.493756294250488281e+00
5.589492797851562500e+00
5.793228149414062500e+00
5.762285709381103516e+00
5.670273780822753906e+00
6.099608898162841797e+00
6.014367580413818359e+00
6.052836418151855469e+00
6.131437301635742188e+00
6.746939182281494141e+00
6.240562438964843750e+00
6.634176254272460938e+00
6.819115638732910156e+00
6.321302413940429688e+00
6.295337200164794922e+00
6.947815895080566406e+00
6.619050979614257812e+00
6.556315422058105469e+00
7.020537853240966797e+00
7.040273666381835938e+00
6.660391807556152344e+00
6.851535797119140625e+00
7.638118267059326172e+00
7.259994506835937500e+00
7.057235717773437500e+00
6.818721294403076172e+00
7.251862049102783203e+00
6.992574691772460938e+00
7.100146293640136719e+00
7.215782165527343750e+00
7.231513977050781250e+00
7.448667526245117188e+00
7.364074707031250000e+00
7.570263862609863281e+00
7.564652919769287109e+00
7.512204647064208984e+00
7.285287857055664062e+00
7.508977413177490234e+00
6.997389316558837891e+00
7.422751426696777344e+00
7.452403068542480469e+00
7.475168228149414062e+00
7.560987472534179688e+00
7.535059928894042969e+00
7.276184558868408203e+00
7.512267589569091797e+00
7.748520851135253906e+00
7.415876388549804688e+00
8.016555786132812500e+00
7.666881561279296875e+00
7.503400325775146484e+00
8.072433471679687500e+00
7.693406105041503906e+00
7.530791282653808594e+00
7.961980819702148438e+00
7.635382652282714844e+00
7.900430679321289062e+00
7.866337776184082031e+00
7.574732780456542969e+00
8.273735046386718750e+00
7.746661663055419922e+00
8.327530860900878906e+00
8.297447204589843750e+00
7.921547889709472656e+00
8.193672180175781250e+00
8.128355026245117188e+00
8.510551452636718750e+00
8.157858848571777344e+00
8.406309127807617188e+00
8.255766868591308594e+00
8.400890350341796875e+00
8.279331207275390625e+00
8.167823791503906250e+00
8.347443580627441406e+00
8.280138015747070312e+00
8.256006240844726562e+00
8.731481552124023438e+00
8.415080070495605469e+00
8.568288803100585938e+00
8.681018829345703125e+00
8.423828125000000000e+00
8.499576568603515625e+00
8.357842445373535156e+00
8.280309677124023438e+00
7.847016334533691406e+00
8.076910972595214844e+00
7.940758228302001953e+00
7.880445957183837891e+00
8.019911766052246094e+00
8.070314407348632812e+00
7.802362442016601562e+00
8.304506301879882812e+00
7.905485153198242188e+00
8.019029617309570312e+00
7.997849464416503906e+00
7.826189041137695312e+00
7.488387107849121094e+00
8.322286605834960938e+00
7.757002830505371094e+00
7.648663520812988281e+00
8.054342269897460938e+00
7.715959548950195312e+00
8.030891418457031250e+00
7.967268943786621094e+00
7.962442874908447266e+00
7.991703987121582031e+00
7.989184379577636719e+00
8.244308471679687500e+00
8.207827568054199219e+00
8.323081016540527344e+00
8.398190498352050781e+00
8.394911766052246094e+00
8.476890563964843750e+00
8.036911010742187500e+00
8.061511039733886719e+00
8.239934921264648438e+00
8.139930725097656250e+00
8.679357528686523438e+00
8.377680778503417969e+00
7.850965499877929688e+00
8.445777893066406250e+00
8.031935691833496094e+00
7.569766044616699219e+00
8.398948669433593750e+00
8.308635711669921875e+00
7.731811523437500000e+00
8.158127784729003906e+00
7.736407279968261719e+00
7.902639389038085938e+00
7.850650310516357422e+00
7.839500427246093750e+00
8.068522453308105469e+00
7.748778343200683594e+00
7.726989746093750000e+00
7.951257705688476562e+00
7.773027420043945312e+00
7.507964134216308594e+00
8.374959945678710938e+00
8.112008094787597656e+00
7.224108219146728516e+00
8.794563293457031250e+00
8.395003318786621094e+00
7.349933624267578125e+00
8.654579162597656250e+00
8.234409332275390625e+00
7.094364643096923828e+00
9.924697875976562500e+00
9.481769561767578125e+00
7.537993431091308594e+00
7.771898269653320312e+00
8.111550331115722656e+00
7.387669563293457031e+00
8.126708984375000000e+00
8.257996559143066406e+00
7.972903251647949219e+00
8.270253181457519531e+00
8.825796127319335938e+00
8.257469177246093750e+00
8.512893676757812500e+00
7.330587387084960938e+00
1.105210018157958984e+01
1.062159538269042969e+01
8.478784561157226562e+00
6.775142192840576172e+00
1.010197639465332031e+01
9.966371536254882812e+00
7.919002532958984375e+00
6.891702651977539062e+00
9.014695167541503906e+00
8.455968856811523438e+00
7.603576183319091797e+00
9.234159469604492188e+00
8.713997840881347656e+00
7.901522636413574219e+00
9.170367240905761719e+00
8.614344596862792969e+00
7.984370231628417969e+00
8.656848907470703125e+00
8.416702270507812500e+00
7.646481513977050781e+00
8.081673622131347656e+00
8.021973609924316406e+00
7.669101238250732422e+00
8.152152061462402344e+00
8.151632308959960938e+00
7.627439022064208984e+00
8.903662681579589844e+00
8.658474922180175781e+00
8.114675521850585938e+00
8.054731369018554688e+00
8.388550758361816406e+00
8.112780570983886719e+00
8.279096603393554688e+00
8.347164154052734375e+00
7.823229789733886719e+00
8.668094635009765625e+00
8.431884765625000000e+00
7.860381126403808594e+00
7.582123756408691406e+00
8.231973648071289062e+00
8.009996414184570312e+00
7.768214702606201172e+00
8.033950805664062500e+00
7.926131248474121094e+00
7.978148460388183594e+00
8.027679443359375000e+00
7.874586105346679688e+00
7.745772361755371094e+00
8.096105575561523438e+00
7.492762565612792969e+00
7.944678306579589844e+00
7.995756626129150391e+00
7.895629405975341797e+00
7.991486549377441406e+00
8.207321166992187500e+00
7.982550144195556641e+00
7.904386520385742188e+00
8.182382583618164062e+00
7.975324630737304688e+00
8.370863914489746094e+00
8.289691925048828125e+00
8.052225112915039062e+00
8.318231582641601562e+00
8.148117065429687500e+00
7.240585327148437500e+00
9.501091003417968750e+00
9.286035537719726562e+00
7.869045734405517578e+00
8.652384757995605469e+00
8.620831489562988281e+00
8.183037757873535156e+00
8.485948562622070312e+00
8.421638488769531250e+00
8.278316497802734375e+00
8.440627098083496094e+00
8.557213783264160156e+00
8.128380775451660156e+00
7.633775711059570312e+00
9.023469924926757812e+00
8.909620285034179688e+00
7.980341911315917969e+00
8.026397705078125000e+00
8.342895507812500000e+00
8.171148300170898438e+00
7.734628200531005859e+00
7.764530181884765625e+00
7.956820487976074219e+00
7.799384117126464844e+00
8.024312973022460938e+00
7.508797645568847656e+00
7.773513317108154297e+00
7.282136917114257812e+00
9.541750907897949219e+00
9.468867301940917969e+00
8.209766387939453125e+00
7.560066223144531250e+00
8.896121978759765625e+00
8.634121894836425781e+00
7.768128395080566406e+00
8.077888488769531250e+00
7.662589073181152344e+00
8.653747558593750000e+00
6.185927391052246094e+00
1.427235126495361328e+01
1.470829582214355469e+01
1.302158737182617188e+01
1.057529163360595703e+01
7.904551982879638672e+00
6.631515502929687500e+00
9.352081298828125000e+00
9.516580581665039062e+00
6.407030105590820312e+00
8.680595397949218750e+00
8.172739982604980469e+00
6.802948474884033203e+00
8.385267257690429688e+00
8.042081832885742188e+00
7.125694274902343750e+00
6.336158752441406250e+00
9.502260208129882812e+00
9.100665092468261719e+00
7.148422241210937500e+00
6.699766159057617188e+00
8.295334815979003906e+00
7.173886299133300781e+00
7.444819927215576172e+00
7.814706802368164062e+00
7.291697025299072266e+00
7.813463687896728516e+00
7.537598609924316406e+00
6.936067104339599609e+00
8.725864410400390625e+00
8.041141510009765625e+00
7.529925823211669922e+00
7.377377510070800781e+00
7.439193725585937500e+00
7.090695381164550781e+00
7.431434154510498047e+00
6.515296936035156250e+00
7.507006168365478516e+00
7.898060798645019531e+00
6.592190742492675781e+00
6.648811340332031250e+00
7.716286659240722656e+00
7.509696960449218750e+00
7.442080974578857422e+00
6.471906661987304688e+00
6.922496318817138672e+00
7.961034774780273438e+00
7.610621452331542969e+00
7.316839218139648438e+00
7.350382804870605469e+00
7.479746818542480469e+00
7.984673500061035156e+00
7.849027156829833984e+00
6.333316802978515625e+00
1.195317077636718750e+01
9.313045501708984375e+00
7.060933113098144531e+00
9.962655067443847656e+00
1.001377296447753906e+01
8.393432617187500000e+00
7.680865287780761719e+00
9.443944931030273438e+00
9.023130416870117188e+00
8.017060279846191406e+00
7.278164863586425781e+00
9.370423316955566406e+00
8.409223556518554688e+00
7.831863403320312500e+00
8.405484199523925781e+00
8.547826766967773438e+00
8.054683685302734375e+00
8.192603111267089844e+00
8.113592147827148438e+00
8.391534805297851562e+00
8.441860198974609375e+00
8.284812927246093750e+00
7.566688537597656250e+00
8.940170288085937500e+00
8.723072052001953125e+00
7.584502696990966797e+00
7.755343437194824219e+00
8.469661712646484375e+00
8.438627243041992188e+00
8.029147148132324219e+00
8.156227111816406250e+00
8.031343460083007812e+00
8.201902389526367188e+00
8.077430725097656250e+00
7.950176239013671875e+00
7.996185779571533203e+00
7.887279510498046875e+00
7.637268543243408203e+00
7.905863761901855469e+00
8.256929397583007812e+00
8.150709152221679688e+00
7.686636924743652344e+00
8.395963668823242188e+00
8.465991973876953125e+00
8.152009963989257812e+00
7.172473907470703125e+00
1.038297367095947266e+01
9.949327468872070312e+00
8.232125282287597656e+00
7.523594379425048828e+00
8.912725448608398438e+00
7.609157562255859375e+00
7.847921848297119141e+00
8.544931411743164062e+00
8.292481422424316406e+00
7.368882656097412109e+00
8.288768768310546875e+00
8.207000732421875000e+00
4.716678142547607422e+00
2.902970123291015625e+01
1.332109069824218750e+01
4.893456935882568359e+00
3.355173492431640625e+01
3.261448669433593750e+01
3.082826042175292969e+01
2.883507347106933594e+01
2.564674377441406250e+01
1.789496040344238281e+01
7.520333290100097656e+00
3.245570373535156250e+01
3.572820281982421875e+01
3.374594879150390625e+01
3.211952209472656250e+01
3.121493911743164062e+01
3.065569686889648438e+01
2.994417572021484375e+01
2.921410751342773438e+01
2.811426353454589844e+01
2.589989089965820312e+01
2.159567642211914062e+01
1.506918716430664062e+01
7.877097606658935547e+00
2.261194992065429688e+01
2.522096633911132812e+01
2.283125114440917969e+01
1.967325973510742188e+01
1.614610671997070312e+01
1.282701778411865234e+01
9.784479141235351562e+00
6.772874355316162109e+00
7.581690311431884766e+00
7.972057342529296875e+00
7.784934043884277344e+00
7.602014541625976562e+00
7.075738430023193359e+00
9.638788223266601562e+00
8.744379997253417969e+00
7.408820629119873047e+00
1.362280464172363281e+01
1.239866638183593750e+01
7.781429290771484375e+00
1.142488098144531250e+01
9.181838989257812500e+00
7.459796428680419922e+00
1.802043533325195312e+01
1.943090820312500000e+01
1.599344444274902344e+01
9.919099807739257812e+00
8.259191513061523438e+00
1.211454963684082031e+01
1.167024326324462891e+01
9.203774452209472656e+00
6.669146537780761719e+00
1.701818847656250000e+01
1.905495452880859375e+01
1.780797767639160156e+01
1.501599693298339844e+01
1.020910263061523438e+01
6.174812316894531250e+00
1.912507247924804688e+01
2.193806076049804688e+01
2.055145263671875000e+01
1.682959365844726562e+01
1.279639053344726562e+01
8.866491317749023438e+00
5.947349548339843750e+00
1.304889678955078125e+01
1.484627151489257812e+01
1.393802165985107422e+01
1.080836963653564453e+01
7.420712471008300781e+00
7.786159515380859375e+00
8.844544410705566406e+00
8.021696090698242188e+00
8.464021682739257812e+00
8.222228050231933594e+00
8.819880485534667969e+00
8.888874053955078125e+00
8.861181259155273438e+00
8.844394683837890625e+00
8.773814201354980469e+00
9.086438179016113281e+00
8.012059211730957031e+00
9.145265579223632812e+00
8.730263710021972656e+00
8.416254997253417969e+00
1.010619354248046875e+01
8.735270500183105469e+00
8.491502761840820312e+00
8.267818450927734375e+00
8.288322448730468750e+00
8.250150680541992188e+00
7.905335426330566406e+00
7.697420120239257812e+00
7.252433776855468750e+00
8.247074127197265625e+00
8.218271255493164062e+00
7.678451061248779297e+00
7.580541610717773438e+00
7.087527275085449219e+00
6.509483337402343750e+00
8.398485183715820312e+00
8.526776313781738281e+00
7.337584495544433594e+00
7.490653038024902344e+00
1.053067016601562500e+01
9.871874809265136719e+00
1.073851966857910156e+01
9.694707870483398438e+00
1.228994750976562500e+01
1.049845314025878906e+01
1.256443309783935547e+01
1.108689212799072266e+01
8.222450256347656250e+00
1.133547496795654297e+01
9.667610168457031250e+00
7.437112808227539062e+00
7.647693157196044922e+00
1.053721714019775391e+01
9.243354797363281250e+00
7.652648925781250000e+00
8.491825103759765625e+00
8.085004806518554688e+00
4.614549636840820312e+00
2.112051391601562500e+01
4.611887931823730469e+00
9.211282730102539062e+00
1.388959026336669922e+01
1.317478179931640625e+01
8.701095581054687500e+00
8.092340469360351562e+00
8.421182632446289062e+00
7.630460739135742188e+00
6.129450798034667969e+00
9.595527648925781250e+00
6.309850215911865234e+00
1.320310974121093750e+01
5.630158424377441406e+00
1.337370586395263672e+01
1.059008312225341797e+01
7.297771453857421875e+00
1.104659080505371094e+01
9.072122573852539062e+00
6.319938659667968750e+00
7.394953727722167969e+00
6.056779861450195312e+00
6.069642543792724609e+00
5.823618888854980469e+00
6.209925651550292969e+00
5.125270843505859375e+00
6.429620265960693359e+00
4.978063583374023438e+00
8.302026748657226562e+00
3.798012971878051758e+00
1.119779777526855469e+01
4.016111373901367188e+00
1.217320632934570312e+01
9.172754287719726562e+00
6.362706184387207031e+00
5.157629489898681641e+00
8.958107948303222656e+00
7.176273822784423828e+00
3.953669071197509766e+00
1.136276054382324219e+01
5.656687259674072266e+00
4.576265335083007812e+00
8.501441955566406250e+00
8.056818008422851562e+00
4.691846847534179688e+00
8.892066955566406250e+00
5.567230224609375000e+00
4.215220451354980469e+00
1.001264953613281250e+01
6.994408607482910156e+00
3.434770345687866211e+00
1.097615146636962891e+01
7.811335563659667969e+00
3.918997287750244141e+00
5.827900886535644531e+00
6.846796035766601562e+00
5.258049488067626953e+00
6.721642494201660156e+00
5.520860195159912109e+00
5.603871345520019531e+00
4.872063636779785156e+00
6.583576202392578125e+00
3.433952808380126953e+00
9.336193084716796875e+00
6.252820014953613281e+00
3.809794902801513672e+00
1.192233467102050781e+01
8.180224418640136719e+00
4.485689640045166016e+00
8.131231307983398438e+00
7.493031501770019531e+00
5.535032749176025391e+00
5.514745712280273438e+00
4.982267379760742188e+00
5.108027458190917969e+00
5.033643245697021484e+00
5.658880233764648438e+00
5.511409759521484375e+00
5.440821647644042969e+00
5.937791347503662109e+00
5.634266853332519531e+00
4.873581886291503906e+00
6.177350521087646484e+00
5.944543838500976562e+00
5.118489265441894531e+00
6.225061416625976562e+00
5.633742332458496094e+00
6.163870811462402344e+00
6.139044761657714844e+00
5.073429107666015625e+00
7.090334892272949219e+00
5.502785682678222656e+00
7.114174365997314453e+00
6.004740715026855469e+00
8.509709358215332031e+00
7.083659648895263672e+00
7.926855087280273438e+00
5.902546882629394531e+00
6.746330261230468750e+00
6.109673500061035156e+00
6.869326591491699219e+00
5.772212982177734375e+00
8.197761535644531250e+00
6.648786067962646484e+00
5.504097461700439453e+00
1.040133571624755859e+01
9.983338356018066406e+00
7.878904342651367188e+00
5.555596828460693359e+00
9.141312599182128906e+00
8.579992294311523438e+00
6.707351684570312500e+00
5.528378486633300781e+00
8.616437911987304688e+00
8.637129783630371094e+00
6.581870079040527344e+00
5.795893669128417969e+00
7.644595146179199219e+00
7.161040306091308594e+00
6.332907676696777344e+00
6.986677169799804688e+00
6.514869213104248047e+00
7.866063117980957031e+00
6.766618251800537109e+00
8.426675796508789062e+00
7.628650188446044922e+00
6.425034523010253906e+00
8.654067039489746094e+00
7.805777072906494141e+00
5.517122268676757812e+00
9.858039855957031250e+00
8.825758934020996094e+00
7.208148002624511719e+00
6.053542613983154297e+00
9.771795272827148438e+00
9.439092636108398438e+00
6.472735404968261719e+00
7.517444133758544922e+00
7.528124809265136719e+00
7.906964302062988281e+00
6.695498466491699219e+00
1.179459285736083984e+01
1.033729267120361328e+01
6.960595130920410156e+00
6.720557212829589844e+00
8.915411949157714844e+00
7.207731723785400391e+00
6.418420314788818359e+00
8.099295616149902344e+00
7.134878635406494141e+00
6.727183341979980469e+00
8.011149406433105469e+00
7.020740509033203125e+00
7.707189559936523438e+00
7.763570785522460938e+00
8.946969985961914062e+00
8.837218284606933594e+00
1.103321933746337891e+01
8.535138130187988281e+00
1.760509490966796875e+01
8.134822845458984375e+00
6.978033065795898438e+00
1.014939308166503906e+01
1.015519142150878906e+01
8.658129692077636719e+00
7.056282997131347656e+00
6.426902294158935547e+00
7.759716987609863281e+00
7.268541812896728516e+00
5.641127586364746094e+00
5.901267051696777344e+00
6.745142459869384766e+00
6.825344562530517578e+00
6.329622268676757812e+00
5.871023654937744141e+00
6.476529121398925781e+00
6.034534454345703125e+00
5.971137046813964844e+00
6.577712535858154297e+00
6.479304790496826172e+00
7.931278705596923828e+00
7.656472206115722656e+00
7.007371425628662109e+00
7.662111282348632812e+00
7.642588615417480469e+00
8.203622817993164062e+00
7.669129371643066406e+00
6.434664726257324219e+00
1.005769538879394531e+01
9.571729660034179688e+00
6.903179168701171875e+00
5.542395591735839844e+00
9.227012634277343750e+00
8.629293441772460938e+00
5.113829612731933594e+00
1.195545768737792969e+01
1.002085494995117188e+01
6.925173282623291016e+00
9.057463645935058594e+00
7.789780139923095703e+00
7.479088783264160156e+00
8.249237060546875000e+00
5.982486724853515625e+00
1.148108005523681641e+01
8.833601951599121094e+00
6.184078693389892578e+00
6.855174064636230469e+00
6.775253295898437500e+00
5.810039520263671875e+00
6.530689239501953125e+00
5.474131584167480469e+00
8.627355575561523438e+00
7.205649614334106445e-01
2.279765129089355469e+01
1.596447086334228516e+01
9.374551773071289062e+00
4.656296730041503906e+00
8.268119812011718750e+00
9.533605575561523438e+00
5.801791667938232422e+00
5.795000076293945312e+00
6.649688720703125000e+00
6.119664192199707031e+00
6.486734390258789062e+00
7.458055496215820312e+00
6.097294807434082031e+00
5.218921661376953125e+00
8.465892791748046875e+00
3.882084846496582031e+00
7.844087600708007812e+00
7.752126216888427734e+00
6.462045669555664062e+00
5.032824516296386719e+00
5.882915496826171875e+00
5.773113727569580078e+00
5.032707214355468750e+00
5.363777160644531250e+00
4.593727111816406250e+00
7.125313282012939453e+00
5.122931480407714844e+00
9.506364822387695312e+00
5.871080875396728516e+00
5.786141872406005859e+00
7.433973789215087891e+00
5.764931678771972656e+00
7.026875972747802734e+00
4.723682880401611328e+00
1.011966323852539062e+01
8.353707313537597656e+00
4.720826148986816406e+00
6.775704383850097656e+00
7.018063545227050781e+00
3.650740146636962891e+00
1.006156158447265625e+01
3.956287860870361328e+00
8.455847740173339844e+00
7.376330375671386719e+00
5.479579925537109375e+00
6.674308776855468750e+00
4.703572273254394531e+00
5.097950935363769531e+00
5.273420333862304688e+00
5.093767166137695312e+00
3.539700984954833984e+00
7.772146224975585938e+00
6.491512656211853027e-01
1.471798229217529297e+01
8.786298751831054688e+00
4.895164489746093750e+00
5.568328380584716797e+00
6.010702133178710938e+00
4.462227821350097656e+00
4.466308593750000000e+00
4.798639297485351562e+00
4.020864963531494141e+00
2.930494546890258789e+00
9.372810363769531250e+00
2.704063415527343750e+00
4.159698009490966797e+00
5.512722969055175781e+00
4.548554420471191406e+00
4.064918518066406250e+00
4.986125946044921875e+00
3.524894714355468750e+00
4.994876861572265625e+00
2.555659055709838867e+00
7.066819667816162109e+00
4.927839279174804688e+00
3.567241191864013672e+00
5.187056541442871094e+00
4.668678760528564453e+00
3.544314384460449219e+00
7.461025238037109375e+00
2.688628911972045898e+00
3.795479297637939453e+00
7.790830612182617188e+00
3.617340326309204102e+00
4.687169075012207031e+00
5.417559623718261719e+00
3.600907564163208008e+00
7.717131614685058594e+00
3.223166465759277344e+00
3.553807258605957031e+00
5.284901618957519531e+00
4.437298774719238281e+00
3.765887022018432617e+00
4.660259723663330078e+00
3.862674713134765625e+00
4.014415740966796875e+00
4.003995418548583984e+00
4.313529968261718750e+00
3.721617460250854492e+00
4.572683334350585938e+00
3.208549737930297852e+00
6.564649581909179688e+00
4.274149894714355469e+00
3.397293806076049805e+00
6.145524978637695312e+00
4.642212867736816406e+00
3.771336317062377930e+00
5.144839763641357422e+00
4.726785659790039062e+00
3.577873229980468750e+00
6.762007236480712891e+00
4.473125934600830078e+00
3.336747407913208008e+00
6.389905452728271484e+00
4.937323570251464844e+00
3.374781847000122070e+00
7.131537437438964844e+00
5.795698165893554688e+00
3.532501935958862305e+00
7.277119636535644531e+00
5.139199256896972656e+00
3.470445632934570312e+00
5.619978904724121094e+00
4.714078903198242188e+00
5.229812145233154297e+00
4.135336399078369141e+00
6.556881427764892578e+00
4.268252849578857422e+00
5.122515201568603516e+00
6.659654140472412109e+00
4.224711894989013672e+00
6.675169467926025391e+00
4.812115669250488281e+00
6.365943908691406250e+00
4.975264549255371094e+00
6.922832012176513672e+00
4.877822875976562500e+00
5.430372238159179688e+00
7.143386840820312500e+00
3.482990980148315430e+00
6.027743339538574219e+00
3.720947802066802979e-01
1.328340053558349609e+01
7.857401847839355469e+00
3.544250488281250000e+00
4.527830123901367188e+00
5.871275901794433594e+00
4.706401824951171875e+00
4.579632759094238281e+00
5.810479640960693359e+00
4.429153442382812500e+00
5.142114639282226562e+00
6.782333374023437500e+00
5.888337135314941406e+00
4.524893283843994141e+00
5.799295425415039062e+00
4.786096096038818359e+00
4.351127624511718750e+00
5.315755844116210938e+00
4.697818756103515625e+00
5.142484664916992188e+00
5.304430961608886719e+00
4.987717151641845703e+00
4.466027259826660156e+00
5.857070922851562500e+00
4.522027969360351562e+00
6.418613910675048828e+00
5.420200347900390625e+00
4.486846446990966797e+00
5.851369857788085938e+00
5.765290260314941406e+00
5.775518417358398438e+00
5.818846702575683594e+00
7.023418426513671875e+00
6.463992118835449219e+00
5.243032455444335938e+00
8.833595275878906250e+00
4.404189586639404297e+00
7.772382736206054688e+00
7.151249885559082031e+00
6.583518981933593750e+00
6.561818122863769531e+00
5.699359893798828125e+00
8.958906173706054688e+00
6.356006622314453125e+00
5.176965713500976562e+00
8.133427619934082031e+00
6.827576637268066406e+00
5.360455036163330078e+00
1.091776275634765625e+01
2.019567728042602539e+00
9.251671791076660156e+00
3.926683902740478516e+00
5.932936668395996094e+00
6.465153217315673828e+00
4.525640487670898438e+00
3.922200441360473633e+00
6.084647178649902344e+00
4.802772998809814453e+00
4.161573886871337891e+00
4.836697101593017578e+00
5.094210147857666016e+00
3.270886659622192383e+00
7.358512401580810547e+00
3.528833866119384766e+00
7.445833206176757812e+00
4.789900779724121094e+00
4.414100170135498047e+00
5.983343124389648438e+00
5.573261260986328125e+00
4.591282844543457031e+00
5.389922142028808594e+00
5.053493499755859375e+00
5.096734046936035156e+00
5.197083473205566406e+00
4.847944259643554688e+00
6.464034080505371094e+00
4.105947017669677734e+00
7.477532863616943359e+00
6.657222270965576172e+00
5.160229682922363281e+00
4.961031913757324219e+00
5.236813545227050781e+00
4.916873931884765625e+00
5.890168190002441406e+00
5.070587158203125000e+00
4.472417831420898438e+00
6.326354026794433594e+00
4.321434020996093750e+00
6.390956878662109375e+00
5.426106452941894531e+00
4.394041061401367188e+00
8.926425933837890625e+00
5.154612541198730469e+00
8.535978317260742188e+00
6.626030445098876953e+00
7.094234943389892578e+00
7.849743843078613281e+00
5.768619060516357422e+00
5.475981712341308594e+00
6.307675838470458984e+00
5.709383487701416016e+00
7.349736690521240234e+00
5.095285415649414062e+00
1.120696449279785156e+01
6.058125495910644531e+00
6.881237983703613281e+00
7.342330455780029297e+00
7.461537837982177734e+00
6.305265426635742188e+00
5.597815036773681641e+00
7.456848144531250000e+00
4.590939998626708984e+00
8.629812240600585938e+00
6.739513874053955078e+00
4.699651718139648438e+00
5.277719497680664062e+00
4.843552112579345703e+00
4.956207275390625000e+00
4.723559379577636719e+00
4.357705116271972656e+00
5.046938896179199219e+00
3.756847858428955078e+00
5.102237701416015625e+00
5.198735713958740234e+00
3.823582172393798828e+00
6.071265220642089844e+00
3.754236459732055664e+00
5.504510879516601562e+00
4.581547260284423828e+00
5.314388275146484375e+00
5.178846836090087891e+00
4.280619621276855469e+00
5.110369682312011719e+00
4.801239967346191406e+00
3.371590614318847656e+00
9.063349723815917969e+00
2.159093856811523438e+00
1.134244346618652344e+01
1.477719545364379883e+00
1.682151031494140625e+01
6.505249023437500000e+00
3.469429016113281250e+00
1.034346580505371094e+01
4.770473957061767578e+00
4.190044879913330078e+00
6.079966545104980469e+00
4.837363243103027344e+00
5.149302482604980469e+00
5.449100494384765625e+00
4.180792808532714844e+00
5.121181011199951172e+00
6.675222396850585938e+00
3.815755844116210938e+00
5.333249092102050781e+00
5.506766319274902344e+00
3.482536792755126953e+00
8.967157363891601562e+00
5.269087791442871094e+00
3.548133373260498047e+00
7.115169525146484375e+00
6.381444931030273438e+00
3.893894195556640625e+00
5.689305305480957031e+00
5.368618965148925781e+00
4.572457790374755859e+00
5.716334342956542969e+00
4.951873779296875000e+00
5.378998756408691406e+00
4.871850013732910156e+00
7.253639698028564453e+00
4.664498329162597656e+00
7.123413085937500000e+00
4.640400886535644531e+00
7.829549789428710938e+00
4.829648017883300781e+00
3.897705793380737305e+00
6.120328903198242188e+00
5.574572563171386719e+00
4.214687824249267578e+00
4.093689918518066406e+00
4.888121604919433594e+00
4.555909156799316406e+00
3.900014877319335938e+00
4.912548065185546875e+00
4.980648040771484375e+00
4.262968540191650391e+00
4.481901168823242188e+00
3.893539428710937500e+00
5.130314826965332031e+00
3.954335689544677734e+00
7.165304183959960938e+00
3.969044208526611328e+00
6.212978363037109375e+00
4.211529731750488281e+00
8.008172035217285156e+00
4.302146911621093750e+00
7.418426036834716797e+00
5.013529777526855469e+00
4.366263389587402344e+00
6.273870468139648438e+00
4.604507923126220703e+00
4.847136497497558594e+00
4.487527847290039062e+00
4.924210548400878906e+00
6.113703250885009766e+00
3.075420379638671875e+00
8.643626213073730469e+00
4.671064376831054688e+00
4.984939098358154297e+00
5.820750236511230469e+00
5.374810218811035156e+00
4.178745269775390625e+00
4.878146171569824219e+00
4.471832275390625000e+00
4.655536651611328125e+00
4.102172851562500000e+00
4.691536903381347656e+00
5.290418624877929688e+00
4.896811485290527344e+00
4.220830917358398438e+00
5.208631992340087891e+00
5.256537437438964844e+00
4.525467872619628906e+00
5.848320007324218750e+00
4.665708541870117188e+00
6.908096313476562500e+00
3.535769939422607422e+00
7.032983303070068359e+00
6.273305892944335938e+00
5.117025375366210938e+00
7.134971618652343750e+00
4.979367733001708984e+00
6.113705635070800781e+00
2.937440156936645508e+00
9.953281402587890625e+00
4.400938034057617188e+00
5.235318660736083984e+00
6.522294521331787109e+00
5.374395370483398438e+00
5.051265716552734375e+00
5.251438140869140625e+00
4.700715065002441406e+00
5.518112659454345703e+00
4.341883659362792969e+00
5.271418571472167969e+00
5.631152153015136719e+00
4.598753929138183594e+00
5.298139095306396484e+00
3.187286138534545898e+00
9.571102142333984375e+00
5.448369026184082031e+00
3.657707929611206055e+00
9.150092124938964844e+00
8.033749580383300781e+00
4.369297504425048828e+00
6.749392509460449219e+00
5.420438766479492188e+00
5.897318840026855469e+00
5.786220550537109375e+00
5.964543342590332031e+00
4.129658699035644531e+00
9.572219848632812500e+00
5.663203239440917969e+00
4.688671112060546875e+00
6.535038948059082031e+00
5.205683231353759766e+00
4.994480133056640625e+00
5.321492195129394531e+00
4.284420013427734375e+00
5.006221771240234375e+00
4.649590015411376953e+00
4.417213916778564453e+00
4.195981502532958984e+00
4.840042114257812500e+00
4.714699268341064453e+00
4.861274719238281250e+00
4.381134986877441406e+00
5.710967063903808594e+00
3.929491281509399414e+00
5.454352378845214844e+00
4.192807197570800781e+00
6.046465396881103516e+00
4.388287544250488281e+00
4.387114524841308594e+00
6.135353088378906250e+00
4.480073928833007812e+00
5.023361206054687500e+00
4.269891738891601562e+00
5.760262489318847656e+00
4.088139533996582031e+00
4.453577995300292969e+00
5.370463371276855469e+00
4.931599617004394531e+00
3.793344497680664062e+00
4.929203033447265625e+00
3.866875171661376953e+00
5.445420742034912109e+00
4.949624538421630859e+00
4.252144813537597656e+00
4.432243347167968750e+00
4.122942924499511719e+00
4.343901634216308594e+00
4.491778373718261719e+00
4.802532196044921875e+00
4.048790454864501953e+00
3.421812772750854492e+00
5.262392044067382812e+00
3.800529956817626953e+00
5.434665679931640625e+00
2.743432998657226562e+00
8.933217048645019531e+00
3.302185535430908203e+00
6.259510993957519531e+00
5.189905166625976562e+00
4.674158573150634766e+00
5.133049011230468750e+00
4.323965072631835938e+00
5.444140911102294922e+00
4.490671157836914062e+00
3.588569641113281250e+00
7.769279479980468750e+00
3.689345836639404297e+00
6.435734748840332031e+00
5.789967060089111328e+00
4.116269588470458984e+00
5.385638236999511719e+00
4.380902767181396484e+00
5.283856391906738281e+00
4.455708980560302734e+00
3.191225528717041016e+00
9.229031562805175781e+00
4.153056621551513672e+00
5.079393386840820312e+00
6.044004440307617188e+00
4.340108871459960938e+00
6.833971023559570312e+00
2.617229461669921875e+00
8.448180198669433594e+00
6.254722595214843750e+00
4.410077571868896484e+00
5.314855575561523438e+00
5.593675613403320312e+00
4.492534637451171875e+00
3.700511217117309570e+00
7.140548229217529297e+00
3.044390201568603516e+00
6.985332012176513672e+00
4.733609676361083984e+00
4.443608283996582031e+00
5.555219173431396484e+00
4.339287281036376953e+00
6.200382232666015625e+00
4.071593284606933594e+00
5.635443687438964844e+00
4.253900051116943359e+00
6.632433891296386719e+00
4.412065029144287109e+00
4.809955120086669922e+00
5.934028148651123047e+00
4.197778701782226562e+00
6.869311332702636719e+00
3.763469696044921875e+00
5.619902610778808594e+00
5.199393749237060547e+00
5.139050960540771484e+00
3.392280817031860352e+00
9.208379745483398438e+00
3.968034744262695312e+00
4.566671371459960938e+00
6.335994720458984375e+00
5.852361679077148438e+00
5.174644947052001953e+00
4.231029510498046875e+00
5.287211418151855469e+00
5.268961906433105469e+00
4.883638858795166016e+00
4.321097850799560547e+00
9.022394180297851562e+00
2.815757513046264648e+00
8.673378944396972656e+00
5.317629337310791016e+00
4.697314739227294922e+00
4.381980895996093750e+00
2.680022478103637695e+00
1.177382278442382812e+01
2.702554464340209961e+00
7.593839645385742188e+00
4.627882003784179688e+00
7.066910743713378906e+00
4.775865554809570312e+00
5.458981990814208984e+00
4.806694984436035156e+00
4.443774223327636719e+00
5.187284469604492188e+00
3.945966720581054688e+00
5.980738639831542969e+00
5.201786994934082031e+00
3.918572425842285156e+00
6.810856819152832031e+00
3.467634677886962891e+00
8.654094696044921875e+00
7.182672500610351562e+00
5.114274024963378906e+00
6.033108711242675781e+00
5.422199726104736328e+00
6.712143898010253906e+00
5.059579372406005859e+00
5.582961082458496094e+00
4.813733100891113281e+00
5.626323699951171875e+00
3.967222452163696289e+00
5.574820518493652344e+00
5.114409446716308594e+00
3.771596670150756836e+00
7.620953559875488281e+00
4.855159282684326172e+00
3.724051237106323242e+00
9.024976730346679688e+00
5.370917797088623047e+00
3.217962265014648438e+00
8.159281730651855469e+00
5.191984653472900391e+00
3.931204080581665039e+00
7.723789215087890625e+00
5.246939659118652344e+00
3.704595327377319336e+00
6.966634273529052734e+00
5.986396312713623047e+00
4.400576114654541016e+00
6.230108261108398438e+00
4.292210578918457031e+00
6.367884635925292969e+00
4.745251655578613281e+00
4.598894119262695312e+00
5.914725303649902344e+00
4.302803039550781250e+00
4.780201911926269531e+00
6.247516155242919922e+00
4.278053760528564453e+00
5.880088329315185547e+00
4.891522407531738281e+00
5.206170082092285156e+00
4.074991226196289062e+00
5.887252807617187500e+00
4.965127944946289062e+00
4.794615745544433594e+00
5.360228538513183594e+00
3.729631423950195312e+00
8.002676010131835938e+00
3.884659767150878906e+00
5.217671394348144531e+00
5.901095390319824219e+00
4.953930854797363281e+00
4.305004119873046875e+00
5.046842098236083984e+00
4.719022750854492188e+00
4.098584175109863281e+00
5.090703964233398438e+00
4.750250339508056641e+00
4.930419921875000000e+00
4.727635383605957031e+00
4.438774108886718750e+00
6.136460304260253906e+00
3.818594455718994141e+00
5.094246864318847656e+00
5.223497390747070312e+00
4.472940444946289062e+00
5.030210494995117188e+00
4.483412742614746094e+00
4.748091697692871094e+00
4.357495307922363281e+00
5.120853900909423828e+00
4.474295616149902344e+00
4.674500465393066406e+00
5.209221839904785156e+00
4.875925064086914062e+00
5.226298332214355469e+00
5.243107795715332031e+00
5.687995433807373047e+00
5.159358978271484375e+00
6.252699375152587891e+00
5.828857421875000000e+00
4.975739479064941406e+00
8.604065895080566406e+00
6.270351409912109375e+00
4.544439315795898438e+00
8.019896507263183594e+00
6.108107089996337891e+00
3.841125011444091797e+00
9.126798629760742188e+00
5.376391410827636719e+00
4.945464611053466797e+00
7.223994731903076172e+00
4.694750785827636719e+00
6.149781227111816406e+00
5.252453327178955078e+00
3.740677833557128906e+00
9.796422958374023438e+00
2.748945236206054688e+00
9.630632400512695312e+00
5.475818634033203125e+00
3.359555244445800781e+00
1.207880783081054688e+01
2.882632970809936523e+00
8.857293128967285156e+00
6.794981002807617188e+00
4.701269149780273438e+00
8.097892761230468750e+00
6.091913700103759766e+00
3.499625682830810547e+00
1.007837963104248047e+01
5.918250083923339844e+00
3.221117019653320312e+00
9.906078338623046875e+00
5.535103797912597656e+00
5.243350982666015625e+00
6.834966659545898438e+00
5.834132194519042969e+00
4.290369033813476562e+00
7.406951904296875000e+00
3.161874294281005859e+00
7.157293319702148438e+00
6.380826473236083984e+00
3.791826725006103516e+00
7.474108695983886719e+00
5.883582115173339844e+00
3.487052917480468750e+00
7.485726356506347656e+00
4.717609405517578125e+00
5.371139049530029297e+00
6.928525447845458984e+00
4.563682556152343750e+00
4.405451297760009766e+00
5.820613384246826172e+00
4.991613864898681641e+00
5.703524589538574219e+00
3.934137821197509766e+00
6.438892841339111328e+00
4.881628513336181641e+00
4.527262687683105469e+00
5.292758941650390625e+00
4.315499305725097656e+00
5.789509773254394531e+00
5.248430252075195312e+00
3.931475162506103516e+00
6.321668624877929688e+00
4.032518386840820312e+00
4.156737327575683594e+00
5.813725471496582031e+00
4.784890651702880859e+00
4.567485809326171875e+00
5.469430923461914062e+00
4.326749801635742188e+00
5.092654705047607422e+00
3.529526233673095703e+00
8.587507247924804688e+00
5.800537109375000000e+00
4.056294441223144531e+00
6.059712886810302734e+00
5.058621883392333984e+00
5.137093067169189453e+00
4.141302108764648438e+00
7.377973556518554688e+00
5.777870178222656250e+00
3.810147762298583984e+00
6.902019500732421875e+00
5.705129623413085938e+00
4.280490875244140625e+00
6.501861095428466797e+00
3.467930793762207031e+00
7.227954864501953125e+00
6.149363517761230469e+00
3.539873600006103516e+00
7.541067123413085938e+00
6.436715126037597656e+00
4.744400024414062500e+00
5.302549362182617188e+00
5.114460468292236328e+00
4.654457092285156250e+00
5.750156402587890625e+00
3.492274999618530273e+00
7.706195831298828125e+00
1.132223367691040039e+00
1.358537483215332031e+01
1.132476711273193359e+01
8.205944061279296875e+00
6.136684417724609375e+00
6.789805412292480469e+00
5.901297569274902344e+00
4.188954353332519531e+00
7.259449005126953125e+00
3.285296440124511719e+00
6.979278564453125000e+00
5.586295127868652344e+00
4.027806758880615234e+00
6.539224624633789062e+00
3.673699855804443359e+00
6.255197525024414062e+00
5.408501625061035156e+00
4.389233589172363281e+00
5.113735675811767578e+00
4.042769432067871094e+00
5.854723453521728516e+00
3.785223484039306641e+00
7.646250724792480469e+00
3.253803491592407227e+00
8.540107727050781250e+00
6.486914634704589844e+00
4.534077644348144531e+00
5.146919250488281250e+00
6.660843372344970703e+00
5.979203224182128906e+00
3.432950258255004883e+00
7.395198822021484375e+00
5.781798362731933594e+00
4.160012245178222656e+00
5.561372756958007812e+00
5.472759246826171875e+00
3.451773405075073242e+00
6.155620098114013672e+00
6.256363868713378906e+00
4.713167190551757812e+00
4.507203102111816406e+00
3.010228157043457031e+00
6.775497436523437500e+00
5.144011974334716797e+00
4.106464862823486328e+00
5.314559936523437500e+00
4.492923736572265625e+00
4.284235954284667969e+00
4.328188896179199219e+00
6.011864662170410156e+00
3.767652988433837891e+00
5.990135192871093750e+00
5.141986846923828125e+00
4.602642536163330078e+00
6.756240844726562500e+00
4.880049705505371094e+00
4.390750885009765625e+00
7.279652595520019531e+00
3.840005636215209961e+00
6.016427993774414062e+00
5.945781707763671875e+00
5.277294158935546875e+00
6.158370018005371094e+00
5.244443893432617188e+00
5.147845268249511719e+00
6.433956146240234375e+00
5.378879070281982422e+00
4.339529037475585938e+00
4.487409591674804688e+00
6.133542060852050781e+00
3.278872251510620117e+00
7.139774322509765625e+00
5.856175899505615234e+00
2.789958715438842773e+00
9.801547050476074219e+00
8.041826248168945312e+00
4.069756031036376953e+00
6.322481155395507812e+00
5.681375026702880859e+00
4.790265560150146484e+00
5.594496726989746094e+00
4.841230392456054688e+00
4.191956043243408203e+00
5.106747627258300781e+00
4.204559326171875000e+00
5.061324119567871094e+00
4.470804691314697266e+00
4.659316062927246094e+00
4.445481777191162109e+00
4.495663166046142578e+00
3.956883668899536133e+00
5.564680099487304688e+00
4.570729255676269531e+00
4.314176559448242188e+00
4.665954589843750000e+00
4.649522781372070312e+00
4.512151241302490234e+00
4.049828529357910156e+00
4.124654769897460938e+00
5.428672790527343750e+00
1.812962174415588379e+00
1.104919624328613281e+01
4.107699871063232422e+00
6.572842597961425781e+00
5.291475296020507812e+00
5.247224330902099609e+00
5.075277805328369141e+00
4.225723743438720703e+00
3.272737741470336914e+00
8.756902694702148438e+00
3.080728530883789062e+00
5.777130126953125000e+00
6.201749801635742188e+00
4.210100650787353516e+00
4.785175323486328125e+00
4.998921394348144531e+00
4.416651725769042969e+00
4.879708290100097656e+00
4.882304191589355469e+00
3.854578256607055664e+00
5.126942634582519531e+00
3.678509235382080078e+00
4.435154914855957031e+00
4.627250194549560547e+00
4.579375743865966797e+00
3.344437122344970703e+00
8.110705375671386719e+00
5.841611385345458984e+00
3.935412883758544922e+00
7.713131904602050781e+00
4.035170555114746094e+00
6.301974296569824219e+00
4.561314105987548828e+00
5.649143218994140625e+00
5.798184394836425781e+00
3.240750789642333984e+00
8.466428756713867188e+00
1.557571291923522949e+00
1.448140144348144531e+01
4.083789825439453125e+00
6.060904502868652344e+00
7.280274391174316406e+00
4.898365974426269531e+00
6.796631336212158203e+00
8.952101469039916992e-01
1.166487121582031250e+01
9.055830001831054688e+00
5.086438655853271484e+00
4.297581672668457031e+00
5.773885250091552734e+00
5.738463401794433594e+00
3.104992389678955078e+00
6.524755001068115234e+00
5.413095951080322266e+00
3.401550769805908203e+00
5.283493995666503906e+00
4.288677215576171875e+00
3.705203533172607422e+00
4.835539817810058594e+00
4.374238491058349609e+00
4.034547805786132812e+00
4.820894241333007812e+00
3.864448308944702148e+00
3.972122192382812500e+00
4.647870063781738281e+00
4.454120159149169922e+00
4.960610389709472656e+00
3.260932207107543945e+00
6.026027202606201172e+00
4.637721061706542969e+00
3.242738008499145508e+00
6.331739425659179688e+00
4.514590263366699219e+00
4.599090576171875000e+00
5.006941795349121094e+00
4.548791885375976562e+00
3.779882669448852539e+00
5.062009811401367188e+00
5.134659767150878906e+00
3.361150264739990234e+00
6.306650161743164062e+00
5.237061977386474609e+00
3.164325237274169922e+00
6.998797416687011719e+00
5.244017601013183594e+00
3.763329505920410156e+00
5.704934120178222656e+00
4.848814010620117188e+00
4.146844863891601562e+00
5.097383022308349609e+00
4.686581611633300781e+00
4.322664260864257812e+00
4.316235065460205078e+00
4.158508300781250000e+00
4.313460350036621094e+00
4.352998256683349609e+00
4.246803283691406250e+00
4.689116001129150391e+00
4.214637279510498047e+00
4.489643096923828125e+00
4.200166225433349609e+00
4.336093902587890625e+00
3.937521934509277344e+00
4.618598461151123047e+00
4.371482372283935547e+00
4.145558357238769531e+00
4.146780014038085938e+00
4.064290523529052734e+00
4.460445880889892578e+00
4.675180435180664062e+00
3.407658576965332031e+00
7.219219207763671875e+00
4.143599510192871094e+00
3.824730873107910156e+00
5.896386623382568359e+00
4.495162963867187500e+00
4.110030174255371094e+00
5.062155723571777344e+00
5.035255432128906250e+00
4.009504318237304688e+00
4.707716941833496094e+00
4.482319831848144531e+00
4.559055805206298828e+00
4.607997417449951172e+00
4.825439453125000000e+00
4.529294013977050781e+00
4.127966880798339844e+00
5.008154392242431641e+00
4.053268432617187500e+00
4.370794773101806641e+00
4.939090728759765625e+00
4.102114677429199219e+00
5.427071571350097656e+00
2.995614767074584961e+00
7.730226516723632812e+00
3.249727725982666016e+00
6.861716747283935547e+00
3.502835512161254883e+00
7.547105789184570312e+00
4.236513137817382812e+00
5.691907882690429688e+00
6.058861255645751953e+00
3.066488265991210938e+00
7.069673538208007812e+00
5.149085044860839844e+00
3.945912361145019531e+00
5.840481758117675781e+00
4.808457374572753906e+00
3.432984828948974609e+00
7.051327705383300781e+00
4.487745761871337891e+00
3.865922927856445312e+00
5.543812274932861328e+00
5.535659790039062500e+00
3.050456762313842773e+00
7.293152809143066406e+00
4.542509078979492188e+00
4.437687873840332031e+00
5.851705074310302734e+00
3.123120784759521484e+00
8.958055496215820312e+00
3.069896221160888672e+00
7.934034824371337891e+00
2.343596696853637695e+00
9.371932029724121094e+00
2.803840160369873047e+00
6.035904884338378906e+00
2.587216377258300781e+00
7.007989883422851562e+00
3.986139059066772461e+00
4.902539253234863281e+00
4.559484481811523438e+00
3.013489007949829102e+00
1.016387557983398438e+01
1.717189311981201172e+00
7.559593200683593750e+00
6.224147796630859375e+00
4.357974052429199219e+00
4.806831359863281250e+00
5.992026805877685547e+00
3.990874767303466797e+00
4.074261665344238281e+00
4.912930011749267578e+00
3.250299930572509766e+00
6.337274551391601562e+00
2.734613180160522461e+00
7.121961593627929688e+00
5.654036521911621094e+00
3.160300254821777344e+00
6.072532653808593750e+00
4.663038730621337891e+00
4.639466762542724609e+00
5.088554382324218750e+00
4.382619380950927734e+00
4.441349983215332031e+00
6.209792137145996094e+00
3.905712127685546875e+00
5.419681549072265625e+00
3.345745086669921875e+00
7.048562049865722656e+00
3.957568168640136719e+00
4.632883071899414062e+00
5.590198516845703125e+00
4.460944175720214844e+00
4.309066772460937500e+00
4.550962448120117188e+00
5.060552597045898438e+00
3.236101627349853516e+00
5.312772750854492188e+00
3.996473550796508789e+00
3.426890850067138672e+00
6.519945144653320312e+00
3.990353345870971680e+00
4.577488422393798828e+00
4.610526084899902344e+00
5.315003871917724609e+00
3.867549896240234375e+00
4.685334205627441406e+00
4.763771057128906250e+00
4.101908683776855469e+00
4.655014038085937500e+00
4.544098854064941406e+00
4.420228958129882812e+00
5.017646312713623047e+00
4.377416610717773438e+00
4.930088996887207031e+00
5.260646820068359375e+00
3.775225639343261719e+00
4.013651371002197266e+00
4.373354911804199219e+00
5.234417915344238281e+00
4.753705978393554688e+00
3.617013931274414062e+00
5.773521900177001953e+00
4.854056358337402344e+00
3.154185056686401367e+00
8.109510421752929688e+00
3.007468700408935547e+00
5.588106632232666016e+00
4.657633304595947266e+00
4.840146541595458984e+00
5.600986480712890625e+00
4.971115112304687500e+00
3.355543851852416992e+00
7.625002384185791016e+00
3.770987749099731445e+00
4.771979331970214844e+00
5.628511428833007812e+00
3.366209030151367188e+00
7.764722347259521484e+00
5.777941703796386719e+00
3.162018299102783203e+00
7.699300765991210938e+00
4.021057605743408203e+00
5.574598312377929688e+00
5.657338142395019531e+00
5.080395698547363281e+00
2.532202720642089844e+00
8.409699440002441406e+00
5.064306259155273438e+00
3.297095298767089844e+00
6.446640491485595703e+00
4.950219154357910156e+00
4.048907279968261719e+00
5.502455711364746094e+00
3.590849399566650391e+00
5.131875038146972656e+00
4.153599739074707031e+00
3.550018310546875000e+00
5.037837982177734375e+00
3.755489349365234375e+00
3.641433715820312500e+00
7.204027175903320312e+00
4.006885528564453125e+00
4.018391609191894531e+00
6.110910415649414062e+00
5.235671520233154297e+00
3.438866376876831055e+00
5.810235023498535156e+00
3.573869466781616211e+00
4.447811126708984375e+00
4.231895923614501953e+00
5.498584270477294922e+00
4.226847648620605469e+00
4.007584095001220703e+00
4.405684471130371094e+00
4.510388374328613281e+00
4.257416248321533203e+00
4.104355812072753906e+00
4.261685848236083984e+00
4.476115226745605469e+00
4.015617370605468750e+00
4.475766181945800781e+00
4.646870613098144531e+00
4.758459091186523438e+00
4.672680854797363281e+00
3.329146146774291992e+00
6.774694919586181641e+00
3.677576780319213867e+00
4.890006065368652344e+00
5.168160438537597656e+00
4.038485527038574219e+00
5.716989994049072266e+00
2.444463491439819336e+00
7.099820613861083984e+00
5.187055587768554688e+00
3.490778923034667969e+00
6.663347244262695312e+00
4.941812992095947266e+00
3.540270328521728516e+00
5.728468418121337891e+00
4.070899009704589844e+00
3.265996932983398438e+00
6.468402862548828125e+00
4.030061721801757812e+00
5.022778511047363281e+00
2.504112243652343750e+00
5.391228675842285156e+00
4.254379749298095703e+00
4.423660278320312500e+00
3.048943996429443359e+00
6.017436504364013672e+00
3.881884574890136719e+00
3.191668987274169922e+00
6.589002609252929688e+00
4.055934429168701172e+00
3.637413740158081055e+00
5.904994964599609375e+00
4.123536109924316406e+00
4.217295646667480469e+00
3.812404155731201172e+00
4.107008934020996094e+00
6.136702537536621094e+00
3.366261005401611328e+00
5.586916923522949219e+00
3.862272739410400391e+00
6.113007068634033203e+00
4.960675239562988281e+00
3.817111492156982422e+00
4.363266468048095703e+00
5.092157363891601562e+00
4.214115619659423828e+00
4.822408676147460938e+00
4.214226722717285156e+00
4.649040222167968750e+00
4.218729972839355469e+00
3.508204698562622070e+00
6.748973846435546875e+00
3.184772014617919922e+00
6.589878082275390625e+00
4.359599590301513672e+00
4.732422828674316406e+00
6.003043651580810547e+00
4.501823425292968750e+00
5.186048507690429688e+00
4.616818904876708984e+00
3.132452487945556641e+00
9.303905487060546875e+00
3.229739189147949219e+00
7.305612564086914062e+00
5.353240966796875000e+00
4.279448032379150391e+00
7.702197074890136719e+00
4.432805061340332031e+00
4.896922588348388672e+00
5.752389907836914062e+00
4.699388027191162109e+00
5.304048538208007812e+00
4.258836746215820312e+00
3.410548686981201172e+00
7.211377143859863281e+00
2.495574474334716797e+00
6.432515144348144531e+00
6.327309608459472656e+00
3.757407665252685547e+00
3.859681844711303711e+00
6.572844028472900391e+00
3.966337442398071289e+00
2.715448856353759766e+00
7.930156707763671875e+00
3.892176866531372070e+00
3.854792833328247070e+00
5.879937648773193359e+00
5.326046943664550781e+00
3.264327049255371094e+00
5.527409553527832031e+00
3.793158531188964844e+00
4.522306442260742188e+00
5.090066909790039062e+00
2.388778686523437500e+00
8.394089698791503906e+00
3.543539047241210938e+00
5.982697486877441406e+00
1.390065670013427734e+00
1.112211227416992188e+01
3.522475004196166992e+00
6.484060287475585938e+00
6.860640525817871094e+00
3.035190343856811523e+00
7.420399665832519531e+00
3.874020576477050781e+00
5.037329673767089844e+00
4.268815040588378906e+00
4.151996612548828125e+00
4.227281570434570312e+00
4.625242710113525391e+00
4.009454727172851562e+00
3.905913829803466797e+00
3.889856576919555664e+00
4.992265224456787109e+00
3.529120922088623047e+00
3.423184394836425781e+00
5.622261047363281250e+00
4.045631885528564453e+00
3.410344123840332031e+00
5.181634902954101562e+00
4.510999679565429688e+00
2.847325801849365234e+00
4.426400184631347656e+00
4.696661949157714844e+00
3.866262912750244141e+00
3.314646720886230469e+00
4.895853042602539062e+00
3.334121227264404297e+00
3.613849639892578125e+00
4.327872276306152344e+00
3.933083534240722656e+00
4.281014919281005859e+00
4.312337398529052734e+00
3.698264598846435547e+00
3.864501714706420898e+00
3.765274047851562500e+00
3.567375898361206055e+00
4.267546653747558594e+00
3.860285758972167969e+00
4.540309906005859375e+00
3.530156850814819336e+00
4.680531501770019531e+00
4.040833950042724609e+00
4.475851058959960938e+00
4.106762886047363281e+00
3.798764705657958984e+00
5.338774681091308594e+00
3.480301856994628906e+00
4.980878353118896484e+00
3.214481353759765625e+00
5.939764976501464844e+00
4.206639289855957031e+00
3.490922451019287109e+00
5.138487815856933594e+00
5.198298454284667969e+00
3.693967819213867188e+00
4.701995849609375000e+00
3.768107891082763672e+00
6.820381164550781250e+00
2.284526348114013672e+00
8.006828308105468750e+00
5.504432201385498047e+00
3.910764217376708984e+00
6.682356834411621094e+00
5.236644744873046875e+00
3.094118595123291016e+00
6.036464691162109375e+00
4.623353481292724609e+00
3.809159517288208008e+00
4.599527359008789062e+00
4.225666046142578125e+00
4.604880332946777344e+00
3.776013851165771484e+00
4.991889953613281250e+00
3.597886562347412109e+00
4.746538639068603516e+00
4.743240356445312500e+00
4.048003673553466797e+00
4.054970264434814453e+00
4.638168334960937500e+00
4.569935798645019531e+00
4.207128524780273438e+00
4.173768043518066406e+00
5.805144786834716797e+00
3.452382564544677734e+00
3.984588146209716797e+00
3.826508998870849609e+00
5.449588775634765625e+00
4.028633117675781250e+00
4.512287139892578125e+00
3.567216873168945312e+00
5.947617053985595703e+00
2.834805727005004883e+00
6.182544708251953125e+00
4.511976718902587891e+00
4.069169998168945312e+00
5.153842449188232422e+00
2.995044231414794922e+00
5.897906303405761719e+00
4.963076591491699219e+00
3.980726242065429688e+00
4.442238807678222656e+00
3.021550178527832031e+00
5.650661945343017578e+00
3.190638542175292969e+00
4.733273029327392578e+00
4.117297172546386719e+00
4.065225601196289062e+00
4.295641899108886719e+00
4.203694820404052734e+00
2.591758966445922852e+00
6.239862442016601562e+00
2.698273420333862305e+00
4.039513587951660156e+00
4.704649925231933594e+00
3.743248939514160156e+00
6.524450302124023438e+00
1.239572048187255859e+00
7.875616073608398438e+00
4.465085983276367188e+00
2.789091587066650391e+00
7.601741790771484375e+00
2.779119968414306641e+00
5.683014869689941406e+00
5.302931785583496094e+00
3.116546154022216797e+00
6.310137748718261719e+00
3.165472984313964844e+00
5.276827335357666016e+00
4.103439331054687500e+00
4.312828063964843750e+00
3.926605939865112305e+00
5.392059326171875000e+00
3.829122543334960938e+00
4.134015083312988281e+00
4.653766155242919922e+00
3.750209569931030273e+00
4.364000320434570312e+00
4.101830959320068359e+00
5.544202327728271484e+00
4.109961032867431641e+00
3.680077075958251953e+00
5.679035186767578125e+00
4.941589355468750000e+00
3.699817180633544922e+00
3.578892230987548828e+00
5.237897396087646484e+00
4.173860073089599609e+00
4.509167671203613281e+00
3.952430009841918945e+00
5.419122219085693359e+00
3.734296321868896484e+00
4.584401130676269531e+00
4.769601821899414062e+00
3.356428623199462891e+00
6.857803344726562500e+00
3.651025533676147461e+00
4.794308662414550781e+00
4.811585426330566406e+00
3.783847332000732422e+00
3.874771595001220703e+00
5.627964019775390625e+00
2.968408107757568359e+00
5.873999595642089844e+00
4.867628097534179688e+00
3.273074865341186523e+00
5.018980026245117188e+00
4.921805381774902344e+00
1.925469875335693359e+00
7.327894210815429688e+00
2.791872978210449219e+00
5.784729003906250000e+00
2.449317455291748047e+00
8.676786422729492188e+00
4.684368133544921875e+00
3.371729612350463867e+00
8.180078506469726562e+00
3.472858905792236328e+00
5.649458885192871094e+00
4.490887641906738281e+00
4.212387084960937500e+00
5.211173057556152344e+00
3.976452827453613281e+00
5.444605350494384766e+00
5.103551864624023438e+00
3.924432516098022461e+00
6.538495540618896484e+00
3.055605411529541016e+00
7.503546237945556641e+00
3.295371770858764648e+00
6.340960502624511719e+00
4.720000267028808594e+00
3.356394290924072266e+00
7.599891662597656250e+00
2.613060712814331055e+00
7.715471744537353516e+00
4.411252021789550781e+00
4.747983455657958984e+00
5.366960048675537109e+00
4.118485450744628906e+00
4.373266220092773438e+00
4.958078384399414062e+00
3.651380777359008789e+00
5.191364765167236328e+00
3.241061210632324219e+00
4.564691543579101562e+00
4.843675136566162109e+00
4.180540084838867188e+00
4.959987163543701172e+00
4.195962905883789062e+00
4.016481399536132812e+00
5.511667728424072266e+00
2.894430398941040039e+00
7.198700904846191406e+00
5.668797492980957031e+00
3.778931140899658203e+00
6.437652587890625000e+00
4.111368656158447266e+00
5.027455806732177734e+00
3.198019981384277344e+00
6.335959911346435547e+00
3.494175195693969727e+00
5.839140415191650391e+00
4.296386718750000000e+00
5.115838050842285156e+00
3.985979795455932617e+00
4.544793128967285156e+00
3.405874252319335938e+00
4.931682586669921875e+00
3.563059568405151367e+00
5.010560035705566406e+00
4.399616241455078125e+00
3.311985731124877930e+00
6.190777778625488281e+00
3.694889068603515625e+00
4.042794227600097656e+00
5.166119575500488281e+00
3.384140968322753906e+00
3.787837505340576172e+00
4.880290031433105469e+00
3.854031562805175781e+00
5.251519680023193359e+00
2.943432569503784180e+00
7.275169372558593750e+00
2.780077695846557617e+00
6.353264808654785156e+00
5.470782756805419922e+00
4.144757747650146484e+00
4.719793796539306641e+00
3.919066905975341797e+00
5.233010292053222656e+00
3.424428462982177734e+00
5.359890937805175781e+00
3.400964736938476562e+00
5.713718414306640625e+00
3.959836006164550781e+00
3.813373327255249023e+00
5.137064933776855469e+00
3.752167701721191406e+00
4.094372749328613281e+00
4.577235221862792969e+00
2.494732856750488281e+00
6.931250095367431641e+00
3.382682085037231445e+00
4.762907981872558594e+00
4.547480583190917969e+00
3.874288082122802734e+00
4.509255409240722656e+00
3.568961381912231445e+00
4.432623863220214844e+00
3.710286378860473633e+00
5.208899021148681641e+00
2.050309896469116211e+00
7.461831569671630859e+00
2.676652908325195312e+00
8.197444915771484375e+00
3.920152187347412109e+00
5.171851158142089844e+00
4.509785652160644531e+00
4.574657440185546875e+00
4.150569438934326172e+00
4.464609622955322266e+00
4.284111976623535156e+00
4.010038375854492188e+00
4.240576744079589844e+00
5.023165702819824219e+00
2.886595487594604492e+00
6.338953018188476562e+00
3.275332450866699219e+00
6.172563552856445312e+00
3.603967189788818359e+00
6.422142982482910156e+00
3.837592124938964844e+00
3.546150684356689453e+00
6.087062835693359375e+00
4.347562313079833984e+00
3.466470241546630859e+00
5.210901260375976562e+00
3.193352222442626953e+00
5.120588302612304688e+00
3.174470901489257812e+00
6.164546012878417969e+00
4.423711776733398438e+00
3.453795671463012695e+00
4.606126308441162109e+00
3.379780769348144531e+00
5.561432838439941406e+00
3.178130149841308594e+00
4.284413337707519531e+00
3.657845973968505859e+00
4.918867588043212891e+00
2.405317306518554688e+00
6.168695926666259766e+00
1.854026436805725098e+00
7.350453853607177734e+00
1.075514316558837891e+00
1.216462326049804688e+01
4.378334045410156250e+00
3.151867389678955078e+00
7.202856063842773438e+00
1.777571201324462891e+00
8.565782546997070312e+00
5.806777626276016235e-02
7.627813339233398438e+00
7.124743938446044922e+00
3.355170249938964844e+00
4.364372253417968750e+00
4.130151748657226562e+00
3.383154869079589844e+00
4.907089233398437500e+00
2.713639736175537109e+00
3.999541759490966797e+00
3.776148319244384766e+00
3.573616981506347656e+00
4.078980922698974609e+00
3.867886543273925781e+00
3.981938838958740234e+00
2.979481697082519531e+00
4.648706436157226562e+00
2.814768791198730469e+00
5.910134315490722656e+00
3.202953815460205078e+00
3.447707176208496094e+00
5.112685203552246094e+00
3.984569549560546875e+00
3.383919715881347656e+00
4.623000144958496094e+00
3.522871971130371094e+00
4.800981998443603516e+00
3.591582298278808594e+00
3.377243995666503906e+00
4.048196315765380859e+00
3.806480884552001953e+00
3.421812057495117188e+00
5.116614341735839844e+00
3.034697532653808594e+00
4.301320075988769531e+00
4.951803684234619141e+00
3.700452089309692383e+00
4.151096343994140625e+00
4.569216251373291016e+00
3.281835556030273438e+00
4.758710384368896484e+00
3.639561891555786133e+00
3.288352251052856445e+00
4.743483066558837891e+00
4.006946563720703125e+00
4.040128707885742188e+00
4.355309486389160156e+00
3.553754091262817383e+00
4.599262714385986328e+00
4.129532337188720703e+00
3.465754270553588867e+00
5.600544929504394531e+00
4.070492744445800781e+00
4.312207698822021484e+00
4.202877998352050781e+00
4.636261940002441406e+00
2.982459545135498047e+00
5.037806510925292969e+00
3.682969093322753906e+00
4.493161201477050781e+00
4.751750946044921875e+00
3.648748397827148438e+00
4.012214183807373047e+00
4.737823486328125000e+00
3.147388458251953125e+00
4.755733489990234375e+00
4.489470481872558594e+00
3.070798873901367188e+00
5.002360343933105469e+00
3.838804244995117188e+00
4.236687183380126953e+00
3.650067806243896484e+00
4.527844429016113281e+00
4.418070793151855469e+00
3.826813459396362305e+00
3.515571117401123047e+00
4.987186431884765625e+00
2.209524631500244141e+00
7.238957405090332031e+00
4.743689537048339844e+00
4.007590293884277344e+00
6.122230529785156250e+00
3.709938526153564453e+00
4.978549003601074219e+00
3.613694667816162109e+00
4.825266838073730469e+00
4.349519729614257812e+00
3.239069938659667969e+00
5.248540401458740234e+00
4.039140701293945312e+00
4.374625205993652344e+00
3.953229665756225586e+00
4.016215324401855469e+00
3.086020231246948242e+00
4.369905471801757812e+00
3.154541492462158203e+00
4.284136772155761719e+00
5.132493972778320312e+00
3.042012453079223633e+00
5.165751934051513672e+00
3.232936859130859375e+00
4.720751285552978516e+00
4.391333103179931641e+00
3.478255271911621094e+00
4.623816013336181641e+00
3.050813198089599609e+00
4.923456192016601562e+00
3.345102310180664062e+00
5.228573322296142578e+00
3.715190887451171875e+00
2.949050188064575195e+00
5.680182933807373047e+00
1.711786031723022461e+00
7.281375408172607422e+00
3.152608275413513184e-01
1.039411354064941406e+01
5.376796245574951172e+00
2.794066905975341797e+00
8.493423461914062500e+00
4.819859504699707031e+00
2.394434452056884766e+00
6.280755043029785156e+00
4.547525882720947266e+00
4.487903594970703125e+00
3.979350566864013672e+00
5.024632453918457031e+00
2.189692497253417969e+00
5.651821136474609375e+00
2.198528766632080078e+00
6.249398231506347656e+00
3.051652669906616211e+00
4.668330669403076172e+00
4.116503715515136719e+00
3.784404993057250977e+00
4.793980598449707031e+00
1.758287191390991211e+00
6.551397323608398438e+00
4.059919357299804688e+00
2.987259626388549805e+00
5.678218364715576172e+00
3.938096284866333008e+00
2.769784450531005859e+00
5.259239196777343750e+00
3.979891300201416016e+00
3.659747123718261719e+00
3.712330341339111328e+00
3.629770278930664062e+00
4.432613372802734375e+00
3.873897075653076172e+00
3.612060308456420898e+00
4.340540885925292969e+00
3.673796653747558594e+00
3.924895763397216797e+00
3.720537662506103516e+00
4.000721931457519531e+00
4.179728031158447266e+00
3.156267642974853516e+00
4.217931747436523438e+00
4.626504898071289062e+00
4.409408092498779297e+00
3.856750488281250000e+00
3.445847511291503906e+00
4.709403991699218750e+00
3.780716896057128906e+00
3.819466590881347656e+00
4.113070487976074219e+00
3.923966407775878906e+00
3.928387165069580078e+00
3.536140680313110352e+00
4.366005420684814453e+00
3.614371776580810547e+00
3.781396389007568359e+00
4.020896911621093750e+00
4.066995143890380859e+00
3.391107559204101562e+00
4.267739295959472656e+00
3.952280998229980469e+00
4.215966224670410156e+00
3.722375631332397461e+00
4.553894996643066406e+00
2.345754861831665039e+00
6.268247604370117188e+00
3.015689373016357422e+00
4.767430305480957031e+00
3.233712673187255859e+00
5.203063488006591797e+00
5.165268898010253906e+00
3.232498645782470703e+00
4.854577541351318359e+00
4.309424400329589844e+00
3.420812845230102539e+00
4.376068115234375000e+00
4.616213798522949219e+00
3.833963871002197266e+00
4.466041088104248047e+00
3.776820659637451172e+00
3.180764198303222656e+00
4.910473823547363281e+00
3.788270235061645508e+00
4.071256160736083984e+00
4.469501495361328125e+00
4.316318511962890625e+00
3.650657176971435547e+00
3.762724399566650391e+00
3.724949836730957031e+00
4.677668571472167969e+00
2.599948883056640625e+00
4.698222160339355469e+00
3.840131044387817383e+00
4.158226966857910156e+00
3.861407041549682617e+00
4.319433212280273438e+00
3.775682926177978516e+00
3.873197317123413086e+00
5.060814857482910156e+00
3.840398550033569336e+00
3.743177890777587891e+00
5.136587142944335938e+00
2.703109979629516602e+00
4.568373203277587891e+00
3.993659734725952148e+00
3.826216459274291992e+00
3.176302433013916016e+00
4.581622123718261719e+00
3.920607566833496094e+00
2.719572782516479492e+00
5.254912376403808594e+00
2.675805091857910156e+00
4.290506362915039062e+00
4.387665271759033203e+00
3.707711696624755859e+00
3.185325384140014648e+00
4.486316680908203125e+00
2.483071565628051758e+00
6.304271221160888672e+00
1.638754606246948242e+00
5.123518466949462891e+00
2.315718650817871094e+00
4.168563842773437500e+00
2.345081329345703125e+00
5.716904163360595703e+00
4.683692455291748047e-01
1.078385162353515625e+01
4.329554080963134766e+00
1.972211122512817383e+00
8.038754463195800781e+00
1.747944831848144531e+00
6.982841014862060547e+00
4.386376380920410156e+00
3.364562511444091797e+00
6.081599235534667969e+00
2.869786739349365234e+00
4.950478553771972656e+00
3.850404024124145508e+00
3.849369525909423828e+00
4.755857467651367188e+00
3.546088695526123047e+00
4.644240379333496094e+00
4.010864734649658203e+00
3.424298286437988281e+00
5.399928092956542969e+00
3.793983221054077148e+00
3.731370449066162109e+00
5.724442958831787109e+00
2.390624046325683594e+00
8.936637878417968750e+00
5.591276168823242188e+00
3.144101619720458984e+00
6.835922241210937500e+00
4.053790092468261719e+00
4.685971260070800781e+00
3.778963565826416016e+00
4.147670745849609375e+00
3.881960630416870117e+00
4.398595809936523438e+00
3.093281030654907227e+00
5.824454307556152344e+00
2.914688348770141602e+00
5.576962471008300781e+00
3.604610681533813477e+00
6.361536026000976562e+00
3.226556777954101562e+00
3.896556854248046875e+00
4.799571037292480469e+00
3.098197937011718750e+00
4.948506355285644531e+00
3.258141517639160156e+00
4.255637168884277344e+00
2.755583286285400391e+00
5.080092430114746094e+00
2.953663825988769531e+00
4.447683334350585938e+00
4.215620040893554688e+00
2.927386760711669922e+00
4.503371238708496094e+00
2.828359842300415039e+00
5.201451301574707031e+00
2.594069719314575195e+00
5.078127861022949219e+00
3.805084705352783203e+00
4.411372184753417969e+00
4.668600559234619141e+00
3.087762832641601562e+00
4.404584884643554688e+00
2.740853071212768555e+00
4.803080558776855469e+00
3.595146417617797852e+00
3.381006717681884766e+00
5.348827838897705078e+00
4.585467338562011719e+00
2.337285995483398438e+00
5.556758403778076172e+00
1.069966554641723633e+00
1.088425827026367188e+01
4.694854736328125000e+00
1.889965295791625977e+00
6.158924102783203125e+00
3.058537483215332031e+00
3.998144388198852539e+00
4.092060089111328125e+00
2.052883863449096680e+00
7.707982063293457031e+00
6.889145970344543457e-01
7.524250030517578125e+00
3.045873641967773438e+00
4.544263839721679688e+00
3.913684606552124023e+00
4.409093856811523438e+00
3.464028835296630859e+00
5.020071983337402344e+00
2.415656566619873047e+00
4.818486213684082031e+00
4.481743812561035156e+00
2.503576755523681641e+00
4.630805015563964844e+00
3.673939943313598633e+00
3.425890445709228516e+00
4.395177364349365234e+00
1.849820494651794434e+00
6.928443908691406250e+00
3.992608547210693359e+00
3.303201675415039062e+00
5.230056762695312500e+00
3.895057678222656250e+00
2.771521568298339844e+00
5.514105796813964844e+00
3.885950088500976562e+00
3.657575607299804688e+00
3.351009845733642578e+00
4.076213836669921875e+00
4.096286773681640625e+00
4.043617248535156250e+00
3.591540336608886719e+00
3.598735809326171875e+00
3.662225008010864258e+00
4.212083816528320312e+00
3.565343379974365234e+00
3.756214141845703125e+00
4.056414127349853516e+00
4.483043193817138672e+00
3.465180873870849609e+00
5.046403884887695312e+00
4.031485557556152344e+00
3.050576686859130859e+00
5.243246555328369141e+00
4.603928565979003906e+00
3.242700815200805664e+00
4.585321426391601562e+00
3.838110685348510742e+00
3.586872100830078125e+00
3.977027893066406250e+00
3.869511842727661133e+00
4.144373893737792969e+00
4.256450653076171875e+00
3.570608139038085938e+00
4.176216602325439453e+00
3.850383520126342773e+00
4.355981826782226562e+00
3.269153118133544922e+00
3.955896615982055664e+00
4.552459716796875000e+00
3.756215333938598633e+00
3.314368486404418945e+00
4.870525836944580078e+00
2.866703033447265625e+00
5.514589309692382812e+00
4.024302482604980469e+00
3.419297218322753906e+00
4.692442893981933594e+00
3.619446516036987305e+00
3.998792886734008789e+00
4.335831165313720703e+00
3.283359050750732422e+00
3.817368745803833008e+00
3.315823078155517578e+00
3.804510593414306641e+00
3.722187042236328125e+00
4.341599464416503906e+00
2.207114458084106445e+00
6.415862083435058594e+00
3.364772319793701172e+00
3.528280973434448242e+00
4.368141651153564453e+00
3.641487598419189453e+00
3.830281734466552734e+00
3.855462074279785156e+00
3.646798610687255859e+00
3.865121126174926758e+00
3.268875837326049805e+00
4.832249641418457031e+00
4.155017852783203125e+00
3.384597301483154297e+00
3.951061487197875977e+00
3.394822597503662109e+00
4.147049903869628906e+00
4.000681877136230469e+00
2.931197643280029297e+00
5.357366561889648438e+00
3.316854000091552734e+00
3.725565910339355469e+00
4.368559837341308594e+00
3.662386894226074219e+00
3.882379293441772461e+00
4.260039329528808594e+00
3.880576372146606445e+00
2.434425830841064453e+00
5.905831336975097656e+00
1.605852127075195312e+00
4.965950012207031250e+00
2.877455234527587891e+00
7.222033500671386719e+00
1.367280721664428711e+00
8.007226943969726562e+00
8.372955322265625000e-01
1.125483703613281250e+01
5.154875755310058594e+00
2.360283613204956055e+00
7.104721069335937500e+00
4.493456840515136719e+00
2.656026840209960938e+00
5.438676834106445312e+00
2.643177032470703125e+00
3.907965660095214844e+00
4.268974304199218750e+00
4.056650161743164062e+00
3.047675609588623047e+00
3.966679096221923828e+00
3.966851711273193359e+00
2.827422857284545898e+00
4.206453323364257812e+00
3.524494647979736328e+00
3.673335552215576172e+00
4.235313892364501953e+00
3.253696441650390625e+00
4.106513977050781250e+00
4.154990196228027344e+00
3.348130226135253906e+00
3.433479309082031250e+00
4.450409889221191406e+00
3.291352748870849609e+00
3.501434803009033203e+00
4.336179733276367188e+00
3.619231700897216797e+00
4.095879554748535156e+00
2.801066160202026367e+00
4.932579040527343750e+00
3.871471405029296875e+00
3.260531663894653320e+00
4.828085899353027344e+00
2.104693174362182617e+00
4.629894256591796875e+00
3.435403823852539062e+00
3.694513082504272461e+00
4.132464408874511719e+00
3.490057945251464844e+00
4.258509635925292969e+00
3.586997270584106445e+00
3.211089134216308594e+00
4.538683891296386719e+00
3.162529468536376953e+00
4.075171470642089844e+00
3.488299846649169922e+00
3.630697727203369141e+00
4.660383224487304688e+00
4.726692199707031250e+00
3.573844432830810547e+00
3.540036678314208984e+00
3.958276510238647461e+00
3.970120191574096680e+00
4.028492450714111328e+00
3.624733924865722656e+00
3.755397319793701172e+00
4.631094455718994141e+00
3.819836378097534180e+00
3.762858867645263672e+00
4.693091392517089844e+00
2.607477664947509766e+00
4.830561637878417969e+00
3.889669656753540039e+00
3.370546340942382812e+00
4.411563873291015625e+00
3.971348047256469727e+00
3.559041976928710938e+00
3.153907537460327148e+00
4.782123565673828125e+00
3.400458812713623047e+00
3.326483726501464844e+00
3.894057035446166992e+00
4.235511779785156250e+00
2.712472438812255859e+00
4.026873588562011719e+00
3.354284048080444336e+00
4.171741485595703125e+00
4.016565322875976562e+00
3.548711299896240234e+00
4.456630706787109375e+00
3.120388984680175781e+00
4.229885101318359375e+00
3.241165637969970703e+00
4.281791687011718750e+00
3.848500728607177734e+00
4.310766220092773438e+00
2.953117847442626953e+00
4.784291267395019531e+00
3.775261402130126953e+00
3.059865951538085938e+00
5.271802425384521484e+00
3.417614459991455078e+00
3.159398555755615234e+00
4.642828941345214844e+00
3.351371288299560547e+00
4.464109420776367188e+00
3.237168312072753906e+00
4.092496871948242188e+00
3.757361173629760742e+00
5.144260406494140625e+00
2.820948600769042969e+00
4.893850326538085938e+00
5.005549430847167969e+00
1.940659523010253906e+00
5.406554222106933594e+00
1.022053718566894531e+00
1.066528511047363281e+01
8.128454685211181641e-01
8.995829582214355469e+00
2.343481540679931641e+00
2.560314178466796875e+00
7.070530891418457031e+00
3.046434402465820312e+00
3.865416049957275391e+00
4.764443397521972656e+00
3.120431184768676758e+00
5.443747520446777344e+00
2.068590641021728516e+00
5.782841682434082031e+00
2.665602684020996094e+00
4.543323040008544922e+00
4.877307415008544922e+00
4.257858753204345703e+00
3.592288494110107422e+00
4.078823089599609375e+00
3.777243614196777344e+00
4.984577655792236328e+00
2.979150533676147461e+00
5.820775985717773438e+00
4.190791606903076172e+00
3.530245065689086914e+00
4.623234272003173828e+00
4.378639221191406250e+00
2.585563421249389648e+00
6.054805755615234375e+00
3.280849456787109375e+00
4.708403110504150391e+00
5.393267154693603516e+00
3.539997100830078125e+00
4.436884403228759766e+00
3.821331024169921875e+00
4.717278480529785156e+00
3.031888723373413086e+00
4.288868904113769531e+00
3.951991558074951172e+00
3.682193040847778320e+00
5.233921527862548828e+00
4.325106620788574219e+00
3.288925886154174805e+00
5.510592937469482422e+00
3.685808658599853516e+00
3.943051099777221680e+00
4.606279850006103516e+00
3.323932886123657227e+00
5.672923088073730469e+00
3.235040664672851562e+00
4.692835807800292969e+00
3.682198286056518555e+00
4.099221229553222656e+00
4.057695388793945312e+00
3.478457927703857422e+00
4.907138824462890625e+00
3.781148910522460938e+00
3.805084228515625000e+00
4.201694488525390625e+00
4.160479068756103516e+00
4.321038722991943359e+00
3.096449136734008789e+00
4.058675765991210938e+00
4.162804603576660156e+00
3.317298173904418945e+00
3.831254005432128906e+00
3.837473392486572266e+00
3.641634225845336914e+00
3.870890617370605469e+00
3.756533145904541016e+00
3.867444515228271484e+00
3.494020462036132812e+00
4.101180076599121094e+00
3.162680625915527344e+00
3.904007434844970703e+00
4.041544914245605469e+00
2.922257900238037109e+00
4.425662517547607422e+00
3.192736148834228516e+00
3.995505809783935547e+00
3.982917308807373047e+00
3.178867340087890625e+00
3.787943124771118164e+00
3.665055274963378906e+00
3.347479343414306641e+00
4.070684432983398438e+00
4.463522434234619141e+00
2.692375183105468750e+00
3.738953590393066406e+00
3.701000928878784180e+00
3.326312065124511719e+00
4.377827644348144531e+00
2.745299339294433594e+00
4.788422107696533203e+00
2.891182899475097656e+00
3.401969671249389648e+00
5.369966983795166016e+00
3.903753757476806641e+00
3.595500946044921875e+00
3.925008058547973633e+00
3.498932361602783203e+00
3.992962121963500977e+00
4.117245674133300781e+00
3.806803464889526367e+00
2.654030561447143555e+00
5.281712532043457031e+00
3.169329166412353516e+00
3.767704010009765625e+00
3.835947751998901367e+00
3.216916084289550781e+00
4.842499732971191406e+00
2.028815746307373047e+00
5.666013717651367188e+00
5.147446632385253906e+00
2.712274074554443359e+00
5.258273124694824219e+00
3.956853389739990234e+00
2.771881818771362305e+00
5.195520401000976562e+00
2.626628875732421875e+00
4.458123207092285156e+00
4.711142539978027344e+00
2.841324806213378906e+00
3.740866184234619141e+00
4.080873489379882812e+00
3.751426219940185547e+00
3.609285831451416016e+00
3.631298065185546875e+00
4.018368721008300781e+00
3.656764745712280273e+00
2.354797124862670898e+00
5.448040485382080078e+00
2.186479091644287109e+00
4.999391078948974609e+00
4.374718189239501953e+00
2.399607658386230469e+00
4.809947013854980469e+00
4.108864307403564453e+00
3.309348821640014648e+00
4.006061553955078125e+00
3.554486513137817383e+00
3.789592266082763672e+00
3.504202365875244141e+00
3.548515796661376953e+00
4.397543907165527344e+00
4.559920310974121094e+00
3.317706584930419922e+00
4.066868305206298828e+00
2.989379405975341797e+00
4.130292892456054688e+00
4.677571296691894531e+00
3.571033954620361328e+00
3.579458713531494141e+00
5.085741996765136719e+00
3.930697441101074219e+00
3.732814073562622070e+00
4.261643886566162109e+00
3.531298398971557617e+00
3.881770610809326172e+00
4.141026496887207031e+00
2.981027603149414062e+00
4.751761913299560547e+00
3.142630100250244141e+00
4.129417419433593750e+00
3.187780618667602539e+00
4.928176403045654297e+00
1.509450435638427734e+00
7.261569023132324219e+00
2.624081611633300781e+00
7.384037017822265625e+00
2.680806636810302734e+00
5.206182479858398438e+00
4.135595321655273438e+00
2.949329376220703125e+00
5.585548877716064453e+00
3.203743934631347656e+00
4.102450370788574219e+00
3.408834934234619141e+00
3.820119619369506836e+00
3.658001422882080078e+00
4.977862358093261719e+00
1.674779534339904785e+00
4.794293403625488281e+00
4.360533058643341064e-01
1.480749702453613281e+01
7.656462669372558594e+00
1.720203161239624023e-01
7.790393829345703125e+00
6.126446723937988281e+00
2.296887159347534180e+00
7.731478691101074219e+00
1.341505765914916992e+00
6.594626903533935547e+00
4.276348114013671875e+00
2.070488929748535156e+00
5.453050136566162109e+00
4.212254524230957031e+00
2.750711679458618164e+00
5.539170265197753906e+00
4.633957862854003906e+00
3.702543258666992188e+00
4.506962299346923828e+00
3.985786437988281250e+00
5.007473945617675781e+00
3.910884141921997070e+00
3.755090713500976562e+00
4.415167808532714844e+00
4.798033714294433594e+00
4.516679286956787109e+00
4.696633815765380859e+00
4.175995349884033203e+00
4.089297294616699219e+00
4.038483619689941406e+00
5.137040138244628906e+00
3.503637790679931641e+00
5.773369789123535156e+00
3.575714588165283203e+00
5.811615943908691406e+00
3.220524549484252930e+00
4.629180908203125000e+00
4.081171035766601562e+00
4.239783763885498047e+00
4.681671142578125000e+00
1.873108625411987305e+00
7.324180603027343750e+00
4.168956756591796875e+00
2.883781671524047852e+00
5.745038986206054688e+00
4.845267295837402344e+00
3.558464527130126953e+00
4.498499393463134766e+00
3.925377845764160156e+00
2.998663902282714844e+00
3.733947277069091797e+00
3.861247301101684570e+00
3.236167907714843750e+00
4.434250831604003906e+00
3.896198749542236328e+00
2.979875564575195312e+00
4.924770355224609375e+00
2.522827625274658203e+00
5.147068023681640625e+00
4.515389442443847656e+00
3.393492221832275391e+00
4.006562232971191406e+00
3.669188022613525391e+00
4.372222900390625000e+00
3.655212879180908203e+00
3.464013099670410156e+00
3.971474170684814453e+00
3.127020835876464844e+00
4.233796596527099609e+00
2.865365982055664062e+00
4.365205764770507812e+00
3.700803995132446289e+00
2.274174213409423828e+00
4.720290184020996094e+00
4.113357543945312500e+00
3.020132064819335938e+00
4.132328510284423828e+00
4.201734542846679688e+00
3.012874603271484375e+00
5.129024028778076172e+00
1.524074792861938477e+00
6.160417556762695312e+00
2.130227327346801758e+00
5.691541671752929688e+00
3.786945104598999023e+00
2.725382328033447266e+00
4.858160972595214844e+00
4.539414882659912109e+00
2.235523939132690430e+00
4.570450782775878906e+00
4.567683219909667969e+00
2.501214981079101562e+00
4.102577209472656250e+00
3.971037864685058594e+00
3.126062870025634766e+00
4.329693794250488281e+00
4.250733375549316406e+00
2.082952976226806641e+00
5.803597450256347656e+00
1.787276744842529297e+00
8.169278144836425781e+00
3.293974161148071289e+00
2.786810636520385742e+00
5.245560646057128906e+00
5.002457618713378906e+00
3.108481407165527344e+00
4.917227268218994141e+00
2.611969709396362305e+00
5.580958366394042969e+00
5.098276138305664062e+00
2.878104209899902344e+00
3.822888851165771484e+00
3.814760208129882812e+00
3.749802827835083008e+00
2.944977283477783203e+00
3.625623703002929688e+00
4.255647182464599609e+00
3.687395572662353516e+00
3.159871578216552734e+00
3.792674064636230469e+00
3.717850923538208008e+00
3.643985271453857422e+00
3.705718994140625000e+00
3.784301280975341797e+00
3.754853010177612305e+00
3.640018463134765625e+00
2.997876882553100586e+00
3.899765014648437500e+00
3.476543426513671875e+00
3.219071388244628906e+00
3.603621959686279297e+00
3.358359813690185547e+00
3.744244813919067383e+00
3.499177455902099609e+00
3.128829002380371094e+00
3.411360740661621094e+00
3.787844657897949219e+00
2.960799217224121094e+00
4.030327796936035156e+00
4.352752685546875000e+00
3.489780426025390625e+00
3.670639753341674805e+00
1.936581850051879883e+00
4.671179771423339844e+00
3.313425064086914062e+00
3.304338455200195312e+00
4.043838500976562500e+00
3.732813835144042969e+00
3.140841007232666016e+00
3.555966377258300781e+00
4.062303066253662109e+00
3.111585140228271484e+00
3.732402324676513672e+00
3.317749500274658203e+00
3.754666805267333984e+00
3.244429111480712891e+00
4.313471794128417969e+00
3.720352649688720703e+00
2.734479427337646484e+00
3.443933010101318359e+00
4.505319595336914062e+00
2.971322536468505859e+00
4.182601451873779297e+00
3.676212787628173828e+00
2.996895790100097656e+00
3.565289497375488281e+00
4.460836887359619141e+00
4.116555213928222656e+00
2.884929180145263672e+00
4.716866016387939453e+00
2.600195884704589844e+00
4.024868965148925781e+00
4.077362060546875000e+00
2.355081558227539062e+00
5.791401863098144531e+00
2.600339889526367188e+00
4.544573783874511719e+00
4.548939704895019531e+00
3.717935562133789062e+00
4.034778118133544922e+00
3.439167976379394531e+00
4.006981372833251953e+00
3.787358283996582031e+00
3.522935628890991211e+00
3.781530380249023438e+00
4.120785713195800781e+00
3.784030914306640625e+00
3.930965900421142578e+00
3.611522912979125977e+00
4.228486061096191406e+00
3.744383811950683594e+00
3.458861827850341797e+00
4.497501373291015625e+00
3.896632194519042969e+00
3.767943859100341797e+00
4.835117340087890625e+00
4.548974990844726562e+00
3.177495479583740234e+00
3.660542011260986328e+00
4.018632411956787109e+00
4.051380157470703125e+00
4.353488922119140625e+00
2.914984703063964844e+00
6.025434970855712891e+00
4.257546424865722656e+00
3.695221185684204102e+00
5.186509132385253906e+00
4.734222412109375000e+00
3.285297393798828125e+00
4.512088775634765625e+00
3.765941381454467773e+00
4.170078277587890625e+00
3.898311138153076172e+00
2.852282524108886719e+00
6.962902069091796875e+00
3.247564792633056641e+00
4.953309059143066406e+00
5.406143188476562500e+00
3.316035270690917969e+00
4.022883892059326172e+00
4.750401020050048828e+00
3.827770709991455078e+00
3.691276788711547852e+00
5.138685703277587891e+00
2.620300531387329102e+00
5.478638172149658203e+00
5.508337497711181641e+00
1.900749921798706055e+00
6.876624584197998047e+00
2.282405376434326172e+00
7.508250713348388672e+00
1.827985048294067383e+00
9.721783638000488281e+00
3.882986068725585938e+00
4.213516235351562500e+00
5.098060131072998047e+00
3.966978549957275391e+00
6.115694046020507812e+00
1.709059238433837891e+00
6.922191619873046875e+00
1.629737377166748047e+00
7.413520812988281250e+00
1.779263734817504883e+00
7.048735618591308594e+00
5.100222587585449219e+00
2.049161434173583984e+00
7.093077659606933594e+00
1.339122056961059570e+00
8.149625778198242188e+00
1.345879197120666504e+00
6.935400009155273438e+00
3.256677865982055664e+00
4.390454292297363281e+00
4.335920810699462891e+00
3.171179771423339844e+00
4.785584449768066406e+00
3.143537044525146484e+00
4.065139770507812500e+00
3.476741790771484375e+00
5.387050628662109375e+00
2.963217020034790039e+00
5.219335556030273438e+00
4.839024543762207031e+00
3.091849327087402344e+00
5.359188079833984375e+00
3.009363651275634766e+00
4.298461437225341797e+00
4.243326663970947266e+00
3.359018325805664062e+00
2.887226104736328125e+00
5.090603351593017578e+00
3.918040752410888672e+00
2.439813137054443359e+00
5.071855545043945312e+00
4.071235656738281250e+00
3.279321432113647461e+00
3.400749206542968750e+00
4.101549625396728516e+00
2.759141445159912109e+00
4.635385513305664062e+00
3.132782459259033203e+00
3.556547641754150391e+00
3.751124858856201172e+00
3.280653953552246094e+00
3.765894889831542969e+00
3.752691268920898438e+00
2.237240791320800781e+00
5.907289505004882812e+00
1.968984127044677734e+00
4.364438056945800781e+00
4.992158889770507812e+00
3.112288236618041992e+00
4.563301086425781250e+00
3.347220897674560547e+00
3.714166164398193359e+00
4.749367713928222656e+00
2.383485794067382812e+00
4.756602287292480469e+00
4.562524795532226562e+00
2.974503040313720703e+00
3.811162471771240234e+00
3.554160594940185547e+00
2.996204853057861328e+00
4.037751197814941406e+00
3.969452619552612305e+00
3.502710103988647461e+00
3.596953153610229492e+00
3.852096319198608398e+00
3.402790546417236328e+00
3.184606552124023438e+00
4.098667144775390625e+00
3.878803968429565430e+00
2.449121236801147461e+00
3.974630355834960938e+00
4.003197193145751953e+00
2.521563291549682617e+00
4.231496810913085938e+00
3.686895847320556641e+00
3.496957540512084961e+00
3.806884288787841797e+00
3.088797807693481445e+00
4.693696975708007812e+00
4.258840084075927734e+00
2.204186439514160156e+00
5.134038925170898438e+00
3.212457418441772461e+00
3.852563619613647461e+00
3.691746473312377930e+00
3.613381147384643555e+00
3.480030536651611328e+00
3.849089622497558594e+00
3.567304611206054688e+00
3.375326395034790039e+00
3.807369232177734375e+00
4.376050949096679688e+00
3.256410121917724609e+00
4.583323955535888672e+00
3.755123138427734375e+00
4.956519126892089844e+00
3.383166790008544922e+00
4.179671287536621094e+00
4.707560539245605469e+00
3.857459545135498047e+00
4.840273857116699219e+00
3.829341888427734375e+00
3.262516498565673828e+00
3.711785793304443359e+00
4.360351085662841797e+00
3.982521533966064453e+00
3.636118173599243164e+00
4.256084442138671875e+00
4.091618537902832031e+00
2.138171195983886719e+00
5.963300704956054688e+00
3.293964862823486328e+00
2.743973255157470703e+00
5.944080352783203125e+00
3.641939640045166016e+00
3.594194889068603516e+00
3.869425296783447266e+00
3.022494316101074219e+00
4.469812393188476562e+00
3.281883716583251953e+00
4.099959850311279297e+00
3.435228347778320312e+00
3.756674766540527344e+00
3.652542352676391602e+00
2.445821523666381836e+00
5.573623657226562500e+00
4.667650222778320312e+00
2.547144412994384766e+00
4.352064132690429688e+00
3.484085798263549805e+00
2.864817142486572266e+00
4.310601234436035156e+00
3.985173940658569336e+00
3.040350914001464844e+00
4.404000282287597656e+00
2.809174299240112305e+00
3.996508598327636719e+00
2.853154659271240234e+00
3.693796873092651367e+00
3.533045291900634766e+00
3.822386741638183594e+00
3.134038209915161133e+00
4.394411087036132812e+00
4.086562633514404297e+00
1.843350887298583984e+00
5.972377777099609375e+00
1.578277826309204102e+00
6.332361221313476562e+00
4.521862983703613281e+00
2.194120168685913086e+00
5.820281982421875000e+00
3.228632926940917969e+00
3.650547981262207031e+00
4.377842903137207031e+00
3.460809230804443359e+00
3.017666339874267578e+00
3.994757413864135742e+00
2.938310146331787109e+00
4.399270057678222656e+00
2.507873535156250000e+00
4.092885971069335938e+00
3.422869682312011719e+00
3.562288999557495117e+00
3.645891427993774414e+00
3.274618387222290039e+00
4.808142662048339844e+00
2.220005273818969727e+00
5.828806877136230469e+00
3.512795925140380859e+00
4.171560287475585938e+00
4.289912223815917969e+00
3.275028705596923828e+00
4.053143501281738281e+00
2.706630229949951172e+00
5.074345588684082031e+00
2.205975532531738281e+00
5.329870223999023438e+00
3.902386665344238281e+00
2.217671871185302734e+00
6.297521591186523438e+00
2.253571033477783203e+00
7.692681312561035156e+00
2.677927970886230469e+00
3.308933734893798828e+00
5.128744125366210938e+00
4.102440834045410156e+00
3.754296302795410156e+00
3.945511579513549805e+00
3.802610397338867188e+00
3.502635717391967773e+00
2.903634548187255859e+00
4.840017318725585938e+00
4.025490760803222656e+00
2.071869373321533203e+00
5.261518955230712891e+00
2.488204956054687500e+00
4.494157791137695312e+00
4.085397243499755859e+00
2.320609092712402344e+00
6.307585716247558594e+00
3.623385906219482422e+00
3.314792156219482422e+00
4.857146263122558594e+00
2.953120470046997070e+00
4.342051982879638672e+00
4.761053085327148438e+00
3.527353525161743164e+00
3.575207233428955078e+00
3.221972465515136719e+00
3.687966823577880859e+00
3.776337146759033203e+00
2.462100028991699219e+00
5.481449604034423828e+00
3.783957004547119141e+00
3.371216773986816406e+00
5.074844837188720703e+00
2.374814510345458984e+00
5.419899940490722656e+00
3.903739690780639648e+00
3.344210147857666016e+00
3.821045160293579102e+00
3.728692054748535156e+00
3.469500303268432617e+00
2.875313758850097656e+00
5.394300460815429688e+00
2.884209632873535156e+00
3.472251892089843750e+00
4.642908573150634766e+00
3.028426647186279297e+00
3.022867202758789062e+00
4.739079475402832031e+00
4.184590816497802734e+00
3.269173145294189453e+00
4.296470165252685547e+00
4.780625343322753906e+00
1.841085791587829590e+00
5.453799724578857422e+00
3.905585050582885742e+00
3.221898555755615234e+00
4.206157684326171875e+00
3.636841058731079102e+00
4.612218856811523438e+00
2.788251638412475586e+00
5.640339851379394531e+00
3.827033042907714844e+00
2.966892480850219727e+00
4.310443878173828125e+00
4.054847717285156250e+00
3.656187534332275391e+00
5.153925418853759766e+00
2.778148174285888672e+00
4.892268180847167969e+00
1.807189226150512695e+00
6.344133853912353516e+00
7.864772081375122070e-01
9.508024215698242188e+00
8.003230094909667969e-01
1.029683113098144531e+01
1.802383422851562500e+00
6.136944770812988281e+00
4.612333297729492188e+00
3.010738611221313477e+00
5.530875682830810547e+00
1.014018416404724121e+00
6.715599060058593750e+00
4.119797229766845703e+00
2.725214958190917969e+00
5.365428924560546875e+00
5.541282176971435547e+00
2.991874456405639648e+00
5.565224170684814453e+00
2.102927207946777344e+00
6.335138797760009766e+00
4.066081047058105469e+00
2.354253530502319336e+00
6.085803985595703125e+00
3.127229452133178711e+00
3.854822635650634766e+00
3.830615520477294922e+00
4.314269065856933594e+00
3.808772563934326172e+00
3.670722961425781250e+00
2.464969635009765625e+00
5.800700664520263672e+00
3.097174167633056641e+00
4.855173110961914062e+00
3.020565509796142578e+00
4.994637489318847656e+00
3.541912078857421875e+00
4.037992477416992188e+00
3.613717317581176758e+00
3.597116947174072266e+00
3.899651527404785156e+00
3.387761116027832031e+00
3.452987432479858398e+00
3.952066421508789062e+00
2.181653976440429688e+00
5.665385723114013672e+00
4.171558380126953125e+00
2.454289913177490234e+00
4.824603080749511719e+00
3.707047462463378906e+00
2.723541259765625000e+00
4.282157897949218750e+00
3.568503618240356445e+00
3.021596193313598633e+00
4.507465362548828125e+00
2.941958904266357422e+00
3.845573902130126953e+00
3.073769569396972656e+00
3.689814805984497070e+00
3.653730869293212891e+00
3.413732051849365234e+00
3.610619068145751953e+00
3.239998817443847656e+00
3.119942426681518555e+00
4.167597770690917969e+00
2.906427383422851562e+00
3.106647729873657227e+00
4.211874008178710938e+00
2.428479671478271484e+00
4.360823631286621094e+00
3.161871433258056641e+00
3.480367898941040039e+00
3.892751693725585938e+00
3.578086853027343750e+00
3.011340141296386719e+00
3.731387138366699219e+00
3.395152807235717773e+00
2.945519924163818359e+00
3.975683689117431641e+00
3.310828924179077148e+00
3.481865406036376953e+00
3.720473289489746094e+00
2.562196254730224609e+00
4.102861881256103516e+00
4.063538551330566406e+00
3.559392929077148438e+00
3.139671325683593750e+00
3.785407781600952148e+00
2.571161746978759766e+00
3.559413909912109375e+00
3.582261085510253906e+00
3.255286216735839844e+00
4.011225700378417969e+00
3.699817419052124023e+00
2.522383689880371094e+00
5.269488811492919922e+00
4.307296276092529297e+00
3.086736679077148438e+00
3.411012172698974609e+00
3.219065427780151367e+00
3.768573999404907227e+00
3.507215261459350586e+00
3.528993606567382812e+00
3.715432167053222656e+00
3.247787952423095703e+00
2.721729755401611328e+00
4.386230945587158203e+00
4.117143630981445312e+00
2.889694452285766602e+00
3.822505474090576172e+00
3.602047920227050781e+00
4.036402702331542969e+00
3.250268220901489258e+00
3.620752334594726562e+00
4.093292236328125000e+00
3.586672782897949219e+00
2.842234134674072266e+00
4.290091991424560547e+00
2.943189144134521484e+00
3.498758792877197266e+00
5.020235061645507812e+00
8.762343525886535645e-01
5.249120235443115234e+00
2.425796031951904297e+00
7.601315498352050781e+00
1.186209395527839661e-01
7.224376678466796875e+00
2.917159080505371094e+00
3.134772300720214844e+00
5.636938571929931641e+00
3.591804027557373047e+00
2.815716505050659180e+00
4.455455780029296875e+00
3.619011402130126953e+00
3.496420383453369141e+00
2.228617668151855469e+00
8.530998229980468750e+00
4.346830248832702637e-01
1.024565029144287109e+01
7.681819796562194824e-01
7.206095695495605469e+00
3.250885009765625000e+00
3.270098686218261719e+00
4.384584426879882812e+00
1.662957906723022461e+00
6.458343029022216797e+00
1.001764774322509766e+00
6.353534221649169922e+00
4.225993633270263672e+00
2.705212831497192383e+00
4.447768211364746094e+00
4.064181327819824219e+00
3.710652828216552734e+00
2.890223264694213867e+00
6.362820625305175781e+00
8.877277374267578125e-01
8.002412796020507812e+00
4.800580978393554688e+00
3.325002670288085938e+00
5.999967575073242188e+00
3.777024745941162109e+00
3.902067661285400391e+00
4.184159278869628906e+00
3.696604013442993164e+00
2.876875400543212891e+00
4.042932510375976562e+00
4.988865852355957031e+00
3.343876838684082031e+00
3.375247001647949219e+00
4.544290065765380859e+00
2.721825599670410156e+00
4.794538974761962891e+00
4.189742088317871094e+00
4.308214664459228516e+00
2.863071203231811523e+00
5.534770965576171875e+00
3.171165466308593750e+00
4.045002937316894531e+00
5.202122211456298828e+00
3.337626457214355469e+00
3.587869882583618164e+00
3.526632785797119141e+00
4.433228969573974609e+00
3.358006000518798828e+00
4.375884532928466797e+00
3.333661556243896484e+00
4.380946159362792969e+00
4.424714565277099609e+00
3.773486137390136719e+00
3.776897907257080078e+00
3.625950574874877930e+00
3.694862127304077148e+00
3.348918676376342773e+00
4.520384788513183594e+00
3.635798931121826172e+00
2.763365268707275391e+00
4.629667282104492188e+00
2.699167728424072266e+00
4.567472934722900391e+00
4.418267726898193359e+00
3.610683917999267578e+00
3.771948099136352539e+00
3.923842668533325195e+00
3.431335210800170898e+00
3.393570423126220703e+00
4.281231403350830078e+00
3.841907262802124023e+00
3.121127128601074219e+00
3.535224914550781250e+00
4.896091938018798828e+00
4.156891822814941406e+00
2.816532373428344727e+00
4.770236015319824219e+00
4.041954994201660156e+00
3.681247949600219727e+00
4.568817138671875000e+00
3.803212165832519531e+00
3.353906154632568359e+00
3.878152370452880859e+00
3.260594844818115234e+00
3.996011257171630859e+00
3.736202239990234375e+00
3.223290205001831055e+00
4.542171478271484375e+00
3.684955120086669922e+00
3.354077816009521484e+00
3.949424982070922852e+00
4.413890838623046875e+00
3.364703178405761719e+00
3.628632068634033203e+00
3.348664283752441406e+00
4.466883659362792969e+00
2.983272552490234375e+00
2.912527084350585938e+00
3.948928833007812500e+00
3.581465005874633789e+00
2.895960330963134766e+00
3.247465133666992188e+00
4.300034999847412109e+00
3.319872379302978516e+00
3.849424839019775391e+00
2.714888095855712891e+00
3.594783067703247070e+00
2.397475719451904297e+00
4.620994567871093750e+00
3.804594993591308594e+00
2.422200679779052734e+00
4.143532752990722656e+00
3.892758369445800781e+00
2.962512969970703125e+00
3.701111555099487305e+00
4.149629116058349609e+00
2.090488433837890625e+00
4.236059188842773438e+00
3.255548477172851562e+00
3.391750574111938477e+00
3.668929576873779297e+00
3.563427448272705078e+00
2.417048454284667969e+00
4.844174385070800781e+00
2.328293800354003906e+00
4.172892570495605469e+00
4.061487197875976562e+00
2.484274864196777344e+00
4.110077857971191406e+00
3.536399602890014648e+00
2.930358409881591797e+00
3.866724729537963867e+00
3.909707069396972656e+00
2.572172880172729492e+00
3.626691102981567383e+00
4.095716476440429688e+00
3.913738965988159180e+00
3.073779106140136719e+00
2.975489616394042969e+00
3.894952297210693359e+00
3.036795139312744141e+00
3.441419601440429688e+00
3.419391632080078125e+00
2.826986789703369141e+00
3.215567588806152344e+00
3.091216564178466797e+00
3.796965122222900391e+00
3.116987943649291992e+00
3.347947120666503906e+00
3.448071241378784180e+00
2.763962745666503906e+00
3.394576072692871094e+00
3.695395708084106445e+00
3.462293148040771484e+00
2.410142660140991211e+00
4.243607521057128906e+00
4.474280834197998047e+00
2.026871204376220703e+00
5.148688316345214844e+00
1.976625680923461914e+00
4.476197242736816406e+00
3.700345039367675781e+00
3.725108623504638672e+00
3.582980632781982422e+00
4.789570808410644531e+00
3.813428878784179688e+00
3.255330324172973633e+00
3.521579027175903320e+00
4.206202507019042969e+00
2.741381168365478516e+00
3.593178749084472656e+00
4.299976348876953125e+00
3.376148700714111328e+00
2.924394130706787109e+00
4.130012512207031250e+00
4.140734672546386719e+00
3.632774829864501953e+00
3.716208457946777344e+00
4.291748046875000000e+00
3.177149534225463867e+00
3.892834186553955078e+00
3.718166828155517578e+00
4.043658256530761719e+00
2.859407424926757812e+00
4.002072811126708984e+00
3.687617778778076172e+00
3.271759510040283203e+00
3.886876821517944336e+00
2.886911869049072266e+00
3.917276144027709961e+00
3.995624780654907227e+00
3.332368612289428711e+00
3.877137422561645508e+00
2.774021625518798828e+00
4.078776359558105469e+00
3.872197389602661133e+00
4.280952453613281250e+00
3.228905677795410156e+00
2.978443145751953125e+00
5.546209335327148438e+00
3.379916906356811523e+00
3.749720096588134766e+00
4.168088912963867188e+00
2.976315498352050781e+00
3.993511438369750977e+00
3.049155235290527344e+00
3.854242324829101562e+00
2.879028081893920898e+00
3.619010210037231445e+00
4.467570304870605469e+00
3.455394268035888672e+00
3.482567310333251953e+00
4.271466732025146484e+00
3.562685728073120117e+00
3.425280094146728516e+00
4.168230056762695312e+00
3.613452434539794922e+00
2.981841087341308594e+00
3.921534538269042969e+00
3.525800228118896484e+00
3.525725364685058594e+00
4.060779094696044922e+00
2.764320373535156250e+00
3.845385313034057617e+00
3.075119495391845703e+00
3.920337200164794922e+00
3.906164407730102539e+00
3.519058942794799805e+00
3.157719612121582031e+00
4.916367053985595703e+00
3.863218307495117188e+00
3.662353038787841797e+00
3.868742942810058594e+00
2.973130702972412109e+00
3.382919311523437500e+00
3.037086009979248047e+00
3.153047561645507812e+00
4.086685180664062500e+00
3.204674959182739258e+00
3.639355421066284180e+00
3.708204984664916992e+00
2.759761333465576172e+00
4.251091003417968750e+00
3.763423442840576172e+00
2.756558895111083984e+00
5.313826084136962891e+00
2.203041076660156250e+00
5.048160552978515625e+00
3.147671699523925781e+00
3.865449905395507812e+00
4.390245437622070312e+00
3.340597867965698242e+00
3.459129333496093750e+00
4.588850975036621094e+00
3.576818704605102539e+00
2.832203149795532227e+00
5.075992584228515625e+00
1.711918115615844727e+00
4.785868644714355469e+00
3.108073949813842773e+00
6.280209541320800781e+00
2.681480884552001953e+00
3.517199754714965820e+00
4.312594890594482422e+00
3.787708759307861328e+00
3.219012498855590820e+00
4.110043525695800781e+00
3.773178100585937500e+00
3.681959867477416992e+00
3.658768415451049805e+00
2.993525505065917969e+00
3.588557243347167969e+00
3.723388195037841797e+00
3.760773420333862305e+00
2.582571029663085938e+00
5.173047065734863281e+00
2.373514175415039062e+00
5.402329444885253906e+00
5.777539014816284180e-01
5.792402267456054688e+00
1.220159769058227539e+00
5.797761917114257812e+00
7.905479669570922852e-01
5.782176971435546875e+00
2.235200405120849609e+00
3.329231977462768555e+00
3.360852241516113281e+00
2.447195529937744141e+00
5.994352340698242188e+00
1.070378780364990234e+00
5.753411769866943359e+00
4.167732238769531250e+00
2.667157411575317383e+00
5.924418449401855469e+00
3.789325058460235596e-01
8.921878814697265625e+00
1.098106503486633301e+00
7.369506835937500000e+00
1.368508100509643555e+00
7.038100242614746094e+00
1.926638364791870117e+00
6.942304134368896484e+00
2.610802888870239258e+00
3.626818656921386719e+00
4.730024337768554688e+00
1.955370187759399414e+00
5.877366065979003906e+00
3.662019968032836914e+00
3.987645626068115234e+00
2.663243293762207031e+00
5.830046653747558594e+00
2.005991935729980469e+00
5.722274303436279297e+00
3.766769886016845703e+00
3.855044364929199219e+00
4.169251918792724609e+00
2.829484462738037109e+00
4.489351272583007812e+00
3.298062324523925781e+00
4.166240692138671875e+00
3.020561218261718750e+00
4.705134868621826172e+00
3.102192640304565430e+00
3.271023273468017578e+00
4.481819629669189453e+00
3.035386085510253906e+00
3.232542037963867188e+00
5.020140171051025391e+00
3.466403484344482422e+00
3.253965377807617188e+00
5.039392471313476562e+00
3.840034008026123047e+00
3.146653175354003906e+00
4.308196067810058594e+00
2.836183786392211914e+00
3.723353862762451172e+00
4.295859336853027344e+00
3.530993461608886719e+00
3.590560674667358398e+00
3.591108798980712891e+00
3.321747779846191406e+00
3.153151035308837891e+00
3.828032970428466797e+00
3.184489727020263672e+00
3.470722198486328125e+00
3.966281652450561523e+00
3.545174121856689453e+00
2.950145721435546875e+00
3.260400056838989258e+00
5.808223724365234375e+00
3.802335500717163086e+00
3.134220361709594727e+00
4.818641662597656250e+00
3.903170585632324219e+00
2.816207885742187500e+00
3.413064479827880859e+00
2.808224678039550781e+00
4.045093536376953125e+00
3.313222885131835938e+00
2.770990371704101562e+00
4.183897018432617188e+00
2.155750274658203125e+00
4.306584835052490234e+00
4.103778362274169922e+00
2.386966705322265625e+00
3.080531597137451172e+00
4.393302440643310547e+00
3.898374080657958984e+00
2.676624059677124023e+00
3.114896297454833984e+00
2.625982284545898438e+00
3.979063272476196289e+00
3.700662612915039062e+00
2.677410125732421875e+00
3.834185123443603516e+00
3.358881950378417969e+00
2.782922744750976562e+00
3.711326599121093750e+00
3.501729488372802734e+00
2.653613090515136719e+00
3.921927928924560547e+00
3.816885948181152344e+00
3.425960063934326172e+00
3.110840797424316406e+00
3.824351310729980469e+00
3.818747997283935547e+00
3.834056854248046875e+00
3.154067993164062500e+00
3.558075904846191406e+00
3.628711938858032227e+00
3.036846160888671875e+00
3.498294830322265625e+00
4.281315803527832031e+00
3.426481246948242188e+00
3.350012779235839844e+00
3.838228464126586914e+00
3.731119155883789062e+00
3.026110172271728516e+00
3.785821437835693359e+00
3.742190837860107422e+00
3.488952636718750000e+00
3.579138517379760742e+00
2.981297731399536133e+00
4.240221977233886719e+00
3.125616312026977539e+00
3.426602840423583984e+00
3.186812877655029297e+00
3.938405275344848633e+00
3.988570690155029297e+00
3.178764820098876953e+00
3.580080509185791016e+00
4.478678703308105469e+00
2.846582889556884766e+00
3.350301742553710938e+00
3.728907108306884766e+00
2.324109554290771484e+00
4.900511741638183594e+00
3.318164348602294922e+00
3.561685800552368164e+00
4.270925521850585938e+00
2.777619838714599609e+00
4.302199363708496094e+00
2.931510448455810547e+00
3.732675075531005859e+00
3.850023746490478516e+00
3.271753311157226562e+00
3.332690715789794922e+00
3.995202541351318359e+00
3.415349483489990234e+00
2.908598423004150391e+00
4.202217578887939453e+00
2.012643814086914062e+00
5.456236362457275391e+00
1.847278356552124023e+00
5.237891674041748047e+00
2.583631515502929688e+00
3.502011775970458984e+00
4.803156852722167969e+00
3.172046661376953125e+00
2.866909980773925781e+00
4.486364364624023438e+00
2.774614334106445312e+00
4.250423431396484375e+00
2.415216445922851562e+00
3.689715147018432617e+00
4.544363021850585938e+00
3.102837324142456055e+00
3.679902076721191406e+00
3.621222734451293945e+00
3.787869453430175781e+00
3.040959596633911133e+00
3.670201778411865234e+00
3.227062702178955078e+00
3.651664018630981445e+00
2.706182956695556641e+00
4.731028556823730469e+00
4.701673030853271484e+00
1.705768942832946777e+00
5.770582675933837891e+00
1.818761348724365234e+00
1.019731712341308594e+01
8.175255358219146729e-02
8.189645767211914062e+00
2.114889144897460938e+00
3.487992286682128906e+00
5.193309783935546875e+00
2.056910276412963867e+00
5.104509353637695312e+00
2.910661458969116211e+00
3.880817890167236328e+00
4.458282470703125000e+00
2.688689947128295898e+00
4.364562511444091797e+00
3.894830703735351562e+00
3.163830041885375977e+00
3.705168724060058594e+00
3.976313352584838867e+00
3.046909093856811523e+00
3.975919485092163086e+00
3.487769842147827148e+00
3.243719339370727539e+00
3.903732776641845703e+00
3.019284725189208984e+00
3.944436788558959961e+00
3.943616151809692383e+00
2.022800445556640625e+00
4.662407398223876953e+00
3.718498706817626953e+00
3.818711280822753906e+00
3.120263576507568359e+00
4.106457710266113281e+00
2.453245162963867188e+00
4.490417480468750000e+00
2.978251934051513672e+00
3.771103858947753906e+00
2.948821067810058594e+00
5.026164054870605469e+00
2.648965835571289062e+00
3.468987941741943359e+00
4.430895805358886719e+00
3.023990631103515625e+00
3.208492755889892578e+00
4.000353813171386719e+00
3.601287841796875000e+00
3.669053077697753906e+00
2.950923442840576172e+00
4.555350780487060547e+00
3.970930099487304688e+00
2.831268072128295898e+00
3.552419900894165039e+00
3.471127033233642578e+00
2.963784694671630859e+00
3.975998878479003906e+00
4.408908843994140625e+00
2.065740585327148438e+00
3.451309204101562500e+00
3.637853145599365234e+00
3.373589515686035156e+00
3.778302192687988281e+00
3.559628248214721680e+00
3.223753452301025391e+00
3.031401872634887695e+00
3.971179485321044922e+00
3.930557012557983398e+00
2.004467964172363281e+00
4.687585353851318359e+00
4.073207378387451172e+00
2.876335859298706055e+00
4.100242614746093750e+00
2.827788352966308594e+00
4.484241008758544922e+00
3.514255762100219727e+00
4.261299133300781250e+00
1.697132825851440430e+00
3.927744865417480469e+00
4.032778739929199219e+00
2.091473340988159180e+00
5.802957534790039062e+00
6.603751182556152344e-01
6.548163414001464844e+00
2.341323852539062500e+00
4.528909683227539062e+00
3.036703348159790039e+00
2.780335903167724609e+00
3.964522123336791992e+00
3.784075736999511719e+00
2.547301292419433594e+00
4.077239036560058594e+00
4.558794021606445312e+00
3.953620433807373047e+00
2.077193260192871094e+00
5.301612854003906250e+00
3.549432992935180664e+00
1.306769371032714844e+00
7.222929000854492188e+00
6.900659948587417603e-02
8.226314544677734375e+00
1.003358840942382812e+00
5.544521331787109375e+00
3.115705013275146484e+00
2.202185153961181641e+00
4.606505870819091797e+00
2.386499404907226562e+00
4.237598419189453125e+00
2.165922403335571289e+00
4.507324695587158203e+00
2.228167533874511719e+00
4.251126289367675781e+00
3.972718238830566406e+00
2.709657430648803711e+00
4.839294910430908203e+00
3.364454984664916992e+00
3.283986568450927734e+00
3.897101163864135742e+00
3.267626762390136719e+00
3.284123420715332031e+00
3.821050167083740234e+00
3.779268026351928711e+00
2.943082809448242188e+00
4.356750488281250000e+00
2.605130434036254883e+00
4.070160865783691406e+00
2.308898448944091797e+00
5.753993988037109375e+00
1.881105899810791016e+00
6.061716079711914062e+00
4.165143966674804688e+00
2.998409986495971680e+00
3.691803455352783203e+00
4.067326545715332031e+00
3.378023147583007812e+00
3.376566886901855469e+00
2.817524909973144531e+00
3.593901634216308594e+00
3.502928733825683594e+00
3.633488655090332031e+00
3.471819162368774414e+00
3.020792007446289062e+00
3.754924774169921875e+00
3.937659740447998047e+00
3.541438102722167969e+00
3.876238822937011719e+00
2.226302623748779297e+00
4.275434494018554688e+00
4.553345680236816406e+00
1.500550270080566406e+00
4.504608154296875000e+00
4.482541084289550781e+00
3.405945777893066406e+00
3.659072160720825195e+00
3.241949081420898438e+00
3.489860296249389648e+00
3.946549177169799805e+00
2.957492589950561523e+00
3.768941640853881836e+00
2.814698219299316406e+00
3.701738357543945312e+00
3.491403341293334961e+00
3.669829368591308594e+00
3.010373115539550781e+00
3.678809165954589844e+00
3.821864128112792969e+00
3.804904937744140625e+00
3.337104558944702148e+00
5.292643070220947266e+00
2.002279281616210938e+00
3.112345695495605469e+00
4.492498397827148438e+00
3.719385862350463867e+00
3.575825691223144531e+00
3.130040168762207031e+00
4.189005851745605469e+00
3.081244945526123047e+00
3.255179882049560547e+00
3.181760311126708984e+00
3.654371738433837891e+00
3.779892444610595703e+00
3.012925624847412109e+00
3.071318626403808594e+00
3.703152656555175781e+00
3.331497192382812500e+00
3.816874027252197266e+00
3.499677658081054688e+00
3.404741287231445312e+00
3.593231678009033203e+00
2.986414194107055664e+00
3.490407466888427734e+00
2.731539011001586914e+00
3.618823051452636719e+00
3.546601772308349609e+00
3.355947494506835938e+00
2.987776756286621094e+00
4.361604690551757812e+00
3.516298770904541016e+00
3.400372505187988281e+00
3.475500106811523438e+00
3.274336338043212891e+00
3.313681125640869141e+00
3.396518230438232422e+00
3.629854917526245117e+00
3.504616022109985352e+00
3.437948942184448242e+00
3.409931659698486328e+00
3.058338165283203125e+00
2.844408512115478516e+00
3.917941808700561523e+00
3.610400676727294922e+00
3.509120225906372070e+00
3.490438222885131836e+00
3.093240261077880859e+00
3.402325153350830078e+00
3.760941982269287109e+00
3.397016048431396484e+00
3.163386344909667969e+00
4.465559959411621094e+00
3.028376340866088867e+00
3.380742073059082031e+00
4.199704170227050781e+00
3.751307249069213867e+00
3.380829811096191406e+00
3.909488677978515625e+00
3.982606172561645508e+00
3.114540100097656250e+00
3.634378194808959961e+00
3.435337543487548828e+00
3.777144193649291992e+00
3.394177675247192383e+00
4.455629825592041016e+00
2.851425647735595703e+00
4.315908432006835938e+00
2.875658988952636719e+00
4.244000434875488281e+00
3.722939491271972656e+00
3.356150150299072266e+00
3.755455493927001953e+00
3.668805599212646484e+00
2.991073608398437500e+00
3.933213233947753906e+00
3.774096250534057617e+00
3.618565559387207031e+00
3.538571596145629883e+00
2.816823959350585938e+00
4.284914970397949219e+00
3.160377025604248047e+00
3.579617738723754883e+00
4.234416007995605469e+00
2.829891681671142578e+00
4.405074119567871094e+00
2.149381637573242188e+00
5.387163162231445312e+00
2.883411884307861328e+00
4.446098327636718750e+00
3.692469596862792969e+00
3.822720050811767578e+00
3.706731319427490234e+00
3.460815429687500000e+00
4.385215759277343750e+00
2.256875991821289062e+00
5.270350456237792969e+00
1.199831724166870117e+00
7.697620391845703125e+00
5.297418832778930664e-01
6.504454612731933594e+00
3.148349046707153320e+00
2.369840621948242188e+00
5.462924003601074219e+00
3.461884975433349609e+00
3.205983638763427734e+00
4.421173095703125000e+00
3.331015110015869141e+00
5.185914993286132812e+00
2.636333942413330078e+00
4.875141143798828125e+00
2.726680517196655273e+00
4.361452102661132812e+00
5.051905632019042969e+00
4.782172679901123047e+00
1.390009284019470215e+00
3.958582162857055664e+00
4.614383697509765625e+00
1.217517137527465820e+00
9.002557754516601562e+00
2.571558058261871338e-01
7.836402893066406250e+00
2.378489971160888672e+00
2.409409523010253906e+00
5.312051296234130859e+00
1.829716324806213379e+00
4.294177532196044922e+00
3.505520820617675781e+00
3.489024639129638672e+00
3.078959226608276367e+00
4.541039943695068359e+00
1.677724957466125488e+00
5.732337951660156250e+00
2.294634103775024414e+00
5.511873245239257812e+00
2.473102092742919922e+00
4.976723670959472656e+00
4.198578834533691406e+00
3.572372913360595703e+00
4.495016574859619141e+00
2.267920255661010742e+00
6.117421150207519531e+00
3.016324758529663086e+00
3.322181701660156250e+00
4.886669158935546875e+00
1.640785217285156250e+00
5.980752468109130859e+00
2.832756042480468750e+00
3.553507804870605469e+00
4.386385917663574219e+00
3.041455030441284180e+00
3.639268398284912109e+00
3.829187393188476562e+00
3.604476213455200195e+00
3.244268655776977539e+00
3.189678907394409180e+00
3.988117218017578125e+00
1.552045345306396484e+00
6.132048130035400391e+00
4.552425384521484375e+00
1.684622168540954590e+00
6.233233928680419922e+00
2.269613742828369141e+00
4.227610588073730469e+00
3.805696010589599609e+00
3.641170024871826172e+00
2.450092792510986328e+00
4.658627510070800781e+00
2.779259204864501953e+00
2.881152391433715820e+00
2.993420124053955078e+00
3.397773981094360352e+00
3.017140388488769531e+00
3.827799320220947266e+00
3.352261066436767578e+00
2.915210723876953125e+00
3.266143321990966797e+00
3.514072895050048828e+00
2.344274997711181641e+00
3.586813688278198242e+00
3.762449979782104492e+00
2.612235546112060547e+00
4.290807247161865234e+00
3.632648229598999023e+00
2.147905349731445312e+00
4.724335193634033203e+00
2.909486770629882812e+00
2.937882184982299805e+00
4.322288036346435547e+00
3.179872989654541016e+00
2.890484094619750977e+00
4.258267402648925781e+00
3.264082908630371094e+00
3.050324678421020508e+00
4.264731407165527344e+00
3.154780864715576172e+00
3.206239223480224609e+00
2.893384218215942383e+00
3.076957464218139648e+00
3.521667480468750000e+00
3.579569339752197266e+00
2.610089778900146484e+00
3.434290885925292969e+00
3.269410610198974609e+00
3.137784004211425781e+00
3.847966670989990234e+00
3.026498079299926758e+00
3.487088680267333984e+00
3.658981800079345703e+00
3.104275465011596680e+00
3.522282600402832031e+00
3.279611587524414062e+00
3.710543632507324219e+00
3.073819875717163086e+00
3.407575845718383789e+00
3.172195434570312500e+00
3.852052211761474609e+00
2.729576587677001953e+00
3.601639032363891602e+00
3.625267982482910156e+00
3.430997371673583984e+00
3.533234596252441406e+00
1.998131752014160156e+00
4.783798217773437500e+00
4.253970623016357422e+00
2.787137985229492188e+00
3.835280656814575195e+00
3.557281017303466797e+00
3.278017997741699219e+00
3.771980524063110352e+00
2.631370067596435547e+00
3.438703298568725586e+00
3.590411663055419922e+00
1.957885026931762695e+00
4.465471744537353516e+00
3.132618188858032227e+00
3.324446916580200195e+00
4.174751281738281250e+00
2.159208536148071289e+00
4.375260829925537109e+00
4.310618877410888672e+00
5.126639008522033691e-01
5.469167709350585938e+00
6.781007051467895508e-01
5.791110992431640625e+00
9.085797667503356934e-01
3.360087871551513672e+00
2.634716510772705078e+00
2.507163763046264648e+00
3.088329553604125977e+00
2.679034948348999023e+00
2.137596607208251953e+00
4.315288066864013672e+00
2.078394889831542969e+00
3.787506818771362305e+00
2.323088169097900391e+00
4.180415153503417969e+00
2.536607742309570312e+00
4.225814819335937500e+00
2.049849033355712891e+00
4.536348342895507812e+00
3.303582191467285156e+00
2.678888320922851562e+00
5.903533935546875000e+00
9.501109719276428223e-01
7.955102443695068359e+00
2.739742517471313477e+00
4.237075805664062500e+00
4.750788688659667969e+00
3.760719299316406250e+00
3.166429996490478516e+00
4.475993633270263672e+00
2.385365724563598633e+00
3.967377662658691406e+00
4.243250846862792969e+00
3.126080989837646484e+00
3.263590574264526367e+00
4.488593101501464844e+00
2.911640405654907227e+00
4.593694686889648438e+00
2.010805368423461914e+00
4.563482284545898438e+00
4.004625320434570312e+00
3.174604654312133789e+00
3.625555038452148438e+00
3.480271577835083008e+00
3.247641324996948242e+00
3.904014587402343750e+00
3.847715854644775391e+00
2.751757621765136719e+00
4.053448200225830078e+00
3.900696277618408203e+00
3.310439109802246094e+00
3.160804510116577148e+00
4.000917434692382812e+00
3.968632936477661133e+00
2.384673357009887695e+00
4.413341522216796875e+00
3.610089778900146484e+00
3.067506790161132812e+00
3.880320072174072266e+00
3.740855455398559570e+00
3.937357902526855469e+00
2.155007123947143555e+00
4.161365509033203125e+00
4.098330497741699219e+00
3.202483177185058594e+00
2.894324541091918945e+00
3.937708854675292969e+00
3.399032354354858398e+00
2.548363208770751953e+00
4.440478324890136719e+00
3.816508769989013672e+00
2.596981525421142578e+00
3.692557811737060547e+00
3.908733367919921875e+00
2.974112033843994141e+00
3.575419902801513672e+00
3.958490371704101562e+00
2.604357481002807617e+00
3.951463937759399414e+00
3.984980344772338867e+00
2.832765579223632812e+00
3.206180572509765625e+00
3.828875064849853516e+00
3.224168777465820312e+00
3.311867237091064453e+00
4.059144496917724609e+00
3.984919786453247070e+00
1.638165712356567383e+00
4.227587699890136719e+00
2.971927165985107422e+00
4.254057884216308594e+00
2.616779804229736328e+00
4.022603511810302734e+00
3.335164546966552734e+00
3.144966602325439453e+00
3.655801534652709961e+00
3.711950302124023438e+00
4.195436000823974609e+00
2.229709386825561523e+00
3.311897039413452148e+00
4.231476783752441406e+00
3.390115022659301758e+00
3.488173007965087891e+00
3.837716817855834961e+00
1.783403396606445312e+00
5.349267005920410156e+00
4.163122177124023438e+00
1.355169653892517090e+00
4.824543952941894531e+00
1.677780866622924805e+00
8.565243721008300781e+00
1.057478427886962891e+00
5.510733604431152344e+00
3.653489589691162109e+00
2.075146198272705078e+00
6.551488399505615234e+00
9.745652675628662109e-01
4.972429752349853516e+00
3.365556001663208008e+00
2.267535686492919922e+00
4.852821826934814453e+00
1.845840573310852051e+00
4.080919265747070312e+00
3.805374383926391602e+00
2.683583259582519531e+00
3.730158090591430664e+00
3.617547750473022461e+00
3.915790081024169922e+00
3.318971395492553711e+00
4.338859558105468750e+00
3.567162990570068359e+00
4.090260982513427734e+00
3.784291744232177734e+00
3.136679172515869141e+00
4.025161266326904297e+00
3.948615550994873047e+00
2.703649044036865234e+00
3.830637454986572266e+00
4.431073665618896484e+00
2.601423740386962891e+00
3.575643301010131836e+00
4.021554946899414062e+00
2.835841178894042969e+00
4.152359008789062500e+00
3.115100622177124023e+00
3.888237237930297852e+00
3.427724838256835938e+00
4.064384937286376953e+00
2.826508998870849609e+00
3.186367511749267578e+00
3.983006477355957031e+00
3.519487857818603516e+00
3.585696458816528320e+00
3.930970668792724609e+00
3.112510919570922852e+00
4.060149192810058594e+00
3.856042861938476562e+00
2.401004076004028320e+00
4.169575214385986328e+00
3.938148021697998047e+00
3.547738790512084961e+00
4.003886222839355469e+00
4.127245903015136719e+00
1.836883902549743652e+00
4.022085189819335938e+00
1.328302145004272461e+00
7.714673519134521484e+00
7.307905703783035278e-02
8.105205535888671875e+00
1.421332478523254395e+00
1.832350611686706543e+00
4.862044334411621094e+00
1.880414009094238281e+00
2.582718610763549805e+00
3.966453313827514648e+00
2.726352691650390625e+00
2.626526355743408203e+00
3.475077152252197266e+00
2.650237798690795898e+00
3.317349672317504883e+00
2.405640125274658203e+00
3.717874765396118164e+00
2.315212249755859375e+00
4.655634403228759766e+00
1.559293746948242188e+00
7.297725200653076172e+00
3.171489238739013672e-01
