1.999509334564208984e+00
1.678041934967041016e+00
1.078896880149841309e+00
9.611734151840209961e-01
1.043166637420654297e+00
8.508189916610717773e-01
9.127748012542724609e-01
8.657611012458801270e-01
5.858183503150939941e-01
6.888957619667053223e-01
6.222610473632812500e-01
7.218904495239257812e-01
4.177630543708801270e-01
6.891654133796691895e-01
3.562559485435485840e-01
7.537418603897094727e-01
2.726197540760040283e-01
8.105555772781372070e-01
3.782335221767425537e-01
7.050111293792724609e-01
1.183578446507453918e-01
2.788918018341064453e-01
1.303379774093627930e+00
6.483114957809448242e-01
2.799777388572692871e-01
1.331133544445037842e-01
2.646440505981445312e+00
2.969507873058319092e-01
2.311660200357437134e-01
1.244999989867210388e-01
1.382053047418594360e-01
3.151282548904418945e+00
3.342536687850952148e-01
3.279175758361816406e-01
1.446627527475357056e-01
1.377521604299545288e-01
3.272980928421020508e+00
5.238891243934631348e-01
4.370245337486267090e-01
1.839472353458404541e-01
5.380339920520782471e-02
2.907476663589477539e+00
1.810155957937240601e-01
1.801596730947494507e-01
2.630654275417327881e-01
1.044738441705703735e-01
1.709570884704589844e-01
7.575486898422241211e-01
1.859936565160751343e-01
2.599309384822845459e-01
7.893596589565277100e-02
8.131340146064758301e-02
1.617559909820556641e+00
4.176466166973114014e-01
9.576895087957382202e-02
1.636533290147781372e-01
4.289777204394340515e-02
9.618125855922698975e-02
3.895718455314636230e-01
1.112841665744781494e-01
1.627651751041412354e-01
7.382279038429260254e-01
1.967956423759460449e-01
3.783401250839233398e-01
1.594595015048980713e-01
1.679461449384689331e-01
5.499048829078674316e-01
3.022734522819519043e-01
2.099756747484207153e-01
1.600750684738159180e-01
1.024507880210876465e-01
9.343536496162414551e-01
5.194607973098754883e-01
4.318596124649047852e-01
8.192406594753265381e-02
9.910432994365692139e-02
8.716425299644470215e-02
1.334588646888732910e+00
1.265217542648315430e+00
3.128119111061096191e-01
1.507283747196197510e-01
1.266403049230575562e-01
8.812238276004791260e-02
1.357830524444580078e+00
3.183683454990386963e-01
9.100455045700073242e-01
7.415627241134643555e-01
6.947049498558044434e-02
1.165472045540809631e-01
1.164617657661437988e+00
6.137746572494506836e-01
7.403351664543151855e-01
4.766890406608581543e-01
3.005107641220092773e-01
1.312555551528930664e+00
6.309852004051208496e-01
3.134677410125732422e-01
1.384580582380294800e-01
1.736923903226852417e-01
1.775396585464477539e+00
1.337369680404663086e+00
7.532288134098052979e-02
2.401872426271438599e-01
7.392977476119995117e-01
8.549253344535827637e-01
3.919238448143005371e-01
1.024325728416442871e+00
7.537466287612915039e-01
4.187946915626525879e-01
1.198772072792053223e+00
2.139940023422241211e+00
5.413539409637451172e-01
1.410634994506835938e+00
5.242043733596801758e-01
7.002038955688476562e-01
9.881543517112731934e-01
4.699933826923370361e-01
5.289491415023803711e-01
8.747178316116333008e-01
8.860935568809509277e-01
1.157264113426208496e+00
1.237857937812805176e+00
4.251337051391601562e-01
9.414474964141845703e-01
1.081645727157592773e+00
5.619366765022277832e-01
8.542209863662719727e-01
9.974588155746459961e-01
9.581806063652038574e-01
2.393002510070800781e+00
1.207195997238159180e+00
6.169180274009704590e-01
5.952503085136413574e-01
9.704271554946899414e-01
7.950098514556884766e-01
7.162100672721862793e-01
9.565125703811645508e-01
7.769930958747863770e-01
9.375535249710083008e-01
7.300249338150024414e-01
7.388014793395996094e-01
6.547368764877319336e-01
6.981776952743530273e-01
6.997776031494140625e-01
5.607765913009643555e-01
7.899547219276428223e-01
9.897175431251525879e-01
1.290857553482055664e+00
1.274259567260742188e+00
4.837140440940856934e-01
1.033955097198486328e+00
8.681619167327880859e-01
8.060979247093200684e-01
9.433994889259338379e-01
8.805206418037414551e-01
7.369340658187866211e-01
5.931598544120788574e-01
5.859084725379943848e-01
6.685085892677307129e-01
7.437562346458435059e-01
8.289325237274169922e-01
7.378253936767578125e-01
5.300629734992980957e-01
6.095750927925109863e-01
6.458690762519836426e-01
6.662508249282836914e-01
7.282048463821411133e-01
6.795984506607055664e-01
7.316722869873046875e-01
7.151278257369995117e-01
6.751959323883056641e-01
3.986504375934600830e-01
6.407850980758666992e-01
5.572273135185241699e-01
4.822125434875488281e-01
6.051713824272155762e-01
6.775482296943664551e-01
6.628055572509765625e-01
6.783381104469299316e-01
4.889025390148162842e-01
5.076189041137695312e-01
5.574755668640136719e-01
4.540273845195770264e-01
5.640147328376770020e-01
5.767143964767456055e-01
4.851257205009460449e-01
3.493648469448089600e-01
4.936771690845489502e-01
3.960621058940887451e-01
3.596622943878173828e-01
5.115541815757751465e-01
4.752514958381652832e-01
3.715534210205078125e-01
3.736658692359924316e-01
7.412716150283813477e-01
5.196928977966308594e-01
3.696614205837249756e-01
4.786079525947570801e-01
3.997704684734344482e-01
1.697358340024948120e-01
4.363572597503662109e-01
3.649165332317352295e-01
3.513119816780090332e-01
2.766630649566650391e-01
3.557403981685638428e-01
4.413202404975891113e-01
4.289975166320800781e-01
4.156583249568939209e-01
3.002444207668304443e-01
3.377689719200134277e-01
3.901883959770202637e-01
5.334517955780029297e-01
3.568274676799774170e-01
3.558012247085571289e-01
2.617154717445373535e-01
2.369094789028167725e-01
2.617923915386199951e-01
2.848523855209350586e-01
2.790108621120452881e-01
2.167060971260070801e-01
2.266864478588104248e-01
2.557473182678222656e-01
1.725549250841140747e-01
1.651104092597961426e-01
2.183706164360046387e-01
1.695415377616882324e-01
2.137345075607299805e-01
1.892658025026321411e-01
1.530027836561203003e-01
1.280555427074432373e-01
2.412556111812591553e-01
3.191151618957519531e-01
2.077957838773727417e-01
1.795811355113983154e-01
3.122186660766601562e-01
4.040753245353698730e-01
2.443200498819351196e-01
3.069149255752563477e-01
6.426329016685485840e-01
1.406949281692504883e+00
4.322038650512695312e+00
1.231391429901123047e-01
2.350968599319458008e+00
1.078713059425354004e+00
2.879538238048553467e-01
2.771928608417510986e-01
5.951606035232543945e-01
3.671834170818328857e-01
3.623540699481964111e-01
3.268248140811920166e-01
1.652041375637054443e-01
1.869179159402847290e-01
2.868204712867736816e-01
4.308173656463623047e-01
4.473685622215270996e-01
6.726772785186767578e-01
5.800405740737915039e-01
2.478249371051788330e-01
4.058664143085479736e-01
2.663978934288024902e-01
2.338614612817764282e-01
1.871339231729507446e-01
1.864425837993621826e-01
1.200246065855026245e-01
1.720731854438781738e-01
2.433333992958068848e-01
3.496293425559997559e-01
1.641843020915985107e-01
2.613454759120941162e-01
3.613550066947937012e-01
3.104212880134582520e-01
3.361664414405822754e-01
2.992864251136779785e-01
2.201415002346038818e-01
1.495492905378341675e-01
1.644499003887176514e-01
1.892507076263427734e-01
1.906456500291824341e-01
2.010097801685333252e-01
1.232500150799751282e-01
1.127142980694770813e-01
1.176165342330932617e-01
1.411478072404861450e-01
1.412292122840881348e-01
1.577797979116439819e-01
2.093644440174102783e-01
2.525851726531982422e-01
2.701159715652465820e-01
4.339832365512847900e-01
2.721632421016693115e-01
4.152252078056335449e-01
2.208411395549774170e-01
1.722478568553924561e-01
4.289016127586364746e-01
1.409675478935241699e-01
2.565253376960754395e-01
2.466718554496765137e-01
1.284353733062744141e-01
5.425077676773071289e-02
1.008613109588623047e-01
1.642521321773529053e-01
9.706278890371322632e-02
1.891770958900451660e-01
2.092065066099166870e-01
2.076443880796432495e-01
2.961516380310058594e-01
3.424171209335327148e-01
2.692907452583312988e-01
2.059986889362335205e-01
4.049382805824279785e-01
2.424810379743576050e-01
1.796905696392059326e-01
1.686403602361679077e-01
1.720378100872039795e-01
1.373486369848251343e-01
1.159888803958892822e-01
1.433045566082000732e-01
1.324232816696166992e-01
1.699527204036712646e-01
1.673961579799652100e-01
4.565719962120056152e-01
2.926947772502899170e-01
5.401331782341003418e-01
2.649761736392974854e-01
1.342640817165374756e-01
2.007692456245422363e-01
2.811150252819061279e-01
2.032856643199920654e-01
3.604226112365722656e-01
5.743265151977539062e-01
1.020413279533386230e+00
1.793555259704589844e+00
9.091433882713317871e-02
8.157816529273986816e-01
3.828271925449371338e-01
4.302976131439208984e-01
8.621583580970764160e-01
1.297061800956726074e+00
1.202336668968200684e+00
5.329931378364562988e-01
5.208349227905273438e-01
6.902899146080017090e-01
4.608933329582214355e-01
6.311935186386108398e-01
7.016769647598266602e-01
6.487917304039001465e-01
3.330732583999633789e-01
4.874670505523681641e-01
4.270350337028503418e-01
5.300062298774719238e-01
5.975021123886108398e-01
9.473123550415039062e-01
8.952105045318603516e-01
6.306068897247314453e-01
6.183922290802001953e-01
9.294139742851257324e-01
1.583604097366333008e+00
2.441379308700561523e+00
7.656768560409545898e-01
5.729565620422363281e-01
3.934174776077270508e-01
4.882827997207641602e-01
5.788480043411254883e-01
6.879689097404479980e-01
6.728918552398681641e-01
7.515683174133300781e-01
9.504038691520690918e-01
7.076370716094970703e-01
5.935921669006347656e-01
4.369678199291229248e-01
5.678878426551818848e-01
5.721309185028076172e-01
6.676408052444458008e-01
9.330179691314697266e-01
1.066822648048400879e+00
9.795575737953186035e-01
1.235489368438720703e+00
1.244802117347717285e+00
5.979396700859069824e-01
6.920057535171508789e-01
9.640798568725585938e-01
1.336044073104858398e+00
1.346083998680114746e+00
1.072838306427001953e+00
5.222337841987609863e-01
5.185345411300659180e-01
6.044353246688842773e-01
6.086543798446655273e-01
5.588427782058715820e-01
6.575912833213806152e-01
8.343774080276489258e-01
1.136333465576171875e+00
1.449618577957153320e+00
1.783791422843933105e+00
6.106107234954833984e-01
6.690392494201660156e-01
6.087572574615478516e-01
8.910557627677917480e-01
6.811006665229797363e-01
5.825742483139038086e-01
6.492981314659118652e-01
5.397906303405761719e-01
2.994869351387023926e-01
3.685424625873565674e-01
4.894910752773284912e-01
5.029646158218383789e-01
5.414052009582519531e-01
5.525223612785339355e-01
8.879538774490356445e-01
6.655114293098449707e-01
7.571272850036621094e-01
6.839991211891174316e-01
8.171713948249816895e-01
1.362363457679748535e+00
7.204237580299377441e-01
2.402347475290298462e-01
3.294838666915893555e-01
3.415852189064025879e-01
2.923040986061096191e-01
5.586580634117126465e-01
4.755920469760894775e-01
7.934464216232299805e-01
1.031226634979248047e+00
1.852488040924072266e+00
2.985297203063964844e+00
1.750657916069030762e+00
5.230901241302490234e-01
7.235444188117980957e-01
7.232304811477661133e-01
7.993950843811035156e-01
8.493051528930664062e-01
7.748391032218933105e-01
1.008696079254150391e+00
7.610018849372863770e-01
5.058547258377075195e-01
3.535955548286437988e-01
4.560925960540771484e-01
3.781237304210662842e-01
4.083059728145599365e-01
3.795394897460937500e-01
4.897365570068359375e-01
4.338195621967315674e-01
3.479842543601989746e-01
4.351429343223571777e-01
4.504056274890899658e-01
6.995412111282348633e-01
6.165778636932373047e-01
7.909274101257324219e-01
3.951855897903442383e-01
5.332390666007995605e-01
8.704480528831481934e-01
6.453549861907958984e-01
3.332373499870300293e-01
1.806640177965164185e-01
1.422630548477172852e-01
2.000913619995117188e-01
2.243004292249679565e-01
2.237554192543029785e-01
3.144413232803344727e-01
6.329829692840576172e-01
6.017932295799255371e-01
7.433881759643554688e-01
9.381639957427978516e-01
1.039709925651550293e+00
1.115804553031921387e+00
4.148349761962890625e-01
5.897582173347473145e-01
9.936496615409851074e-01
1.374297261238098145e+00
5.401537418365478516e-01
9.021636247634887695e-01
1.040909528732299805e+00
1.134597897529602051e+00
1.545705437660217285e+00
7.941252589225769043e-01
1.373857736587524414e+00
1.909362077713012695e+00
8.118759393692016602e-01
6.442151069641113281e-01
9.502348899841308594e-01
1.088875651359558105e+00
1.090661287307739258e+00
1.230055093765258789e+00
9.841316938400268555e-01
6.193067431449890137e-01
7.649834752082824707e-01
5.304721593856811523e-01
4.849054217338562012e-01
5.279096364974975586e-01
4.153019487857818604e-01
3.877735137939453125e-01
5.628507733345031738e-01
5.174576044082641602e-01
5.047692656517028809e-01
3.405501246452331543e-01
3.583437204360961914e-01
6.716632843017578125e-01
9.165195226669311523e-01
1.885441064834594727e+00
1.430560708045959473e+00
9.013667106628417969e-01
2.000716924667358398e+00
2.448502540588378906e+00
8.273583650588989258e-01
1.125619173049926758e+00
8.731778860092163086e-01
1.006972908973693848e+00
7.081230878829956055e-01
7.900315523147583008e-01
7.084250450134277344e-01
5.378777384757995605e-01
5.677114129066467285e-01
5.812892913818359375e-01
6.301671266555786133e-01
8.255047202110290527e-01
8.429823517799377441e-01
1.193840503692626953e+00
1.187521576881408691e+00
6.269946694374084473e-01
3.650742769241333008e-01
3.527403175830841064e-01
4.497361481189727783e-01
5.740129947662353516e-01
5.043427944183349609e-01
5.195590257644653320e-01
5.050404071807861328e-01
7.759400010108947754e-01
8.655440807342529297e-01
1.007328033447265625e+00
1.026109337806701660e+00
1.908576011657714844e+00
2.852221250534057617e+00
1.265741586685180664e+00
5.362737178802490234e-01
5.464329123497009277e-01
5.981372594833374023e-01
8.116111755371093750e-01
9.330685138702392578e-01
1.143715739250183105e+00
1.039017081260681152e+00
8.526382446289062500e-01
6.045480966567993164e-01
4.082183837890625000e-01
5.219049453735351562e-01
7.889050245285034180e-01
5.851192474365234375e-01
6.371731758117675781e-01
5.959410667419433594e-01
6.565151214599609375e-01
7.445898056030273438e-01
9.064812064170837402e-01
4.271721541881561279e-01
4.750181436538696289e-01
8.049037456512451172e-01
7.155610322952270508e-01
7.424774169921875000e-01
6.255387067794799805e-01
4.494825899600982666e-01
4.179990589618682861e-01
3.771083354949951172e-01
4.049093723297119141e-01
3.478567302227020264e-01
5.202996730804443359e-01
6.225118041038513184e-01
8.091008067131042480e-01
9.238210916519165039e-01
1.233355164527893066e+00
1.308119058609008789e+00
1.182889461517333984e+00
7.353709936141967773e-01
5.526943206787109375e-01
5.883708000183105469e-01
4.560794234275817871e-01
5.725982785224914551e-01
6.597454547882080078e-01
7.233036160469055176e-01
7.738994956016540527e-01
6.917375922203063965e-01
4.248919486999511719e-01
5.788061618804931641e-01
5.758006572723388672e-01
7.844502925872802734e-01
8.272988796234130859e-01
7.359909415245056152e-01
8.116574883460998535e-01
5.142523050308227539e-01
5.841549038887023926e-01
4.893532395362854004e-01
7.202160358428955078e-01
6.662634611129760742e-01
6.004696488380432129e-01
5.906585454940795898e-01
4.047814309597015381e-01
3.272990286350250244e-01
5.051836371421813965e-01
5.119194984436035156e-01
6.190731525421142578e-01
6.313405036926269531e-01
6.512249708175659180e-01
7.362146973609924316e-01
1.185208201408386230e+00
1.736594915390014648e+00
1.321164846420288086e+00
8.396621346473693848e-01
7.996550798416137695e-01
8.533087968826293945e-01
7.178104519844055176e-01
7.370631098747253418e-01
8.761194348335266113e-01
9.703639745712280273e-01
5.999688506126403809e-01
4.431860446929931641e-01
7.381289601325988770e-01
4.865579009056091309e-01
5.712184906005859375e-01
6.610202789306640625e-01
8.045063614845275879e-01
7.647563815116882324e-01
7.520818710327148438e-01
7.245671749114990234e-01
5.762154459953308105e-01
6.768772602081298828e-01
5.141013860702514648e-01
5.748181343078613281e-01
7.342973947525024414e-01
6.943878531455993652e-01
9.006550908088684082e-01
7.301617860794067383e-01
7.945175170898437500e-01
6.392073035240173340e-01
4.068252742290496826e-01
2.388334125280380249e-01
5.905199646949768066e-01
4.814418554306030273e-01
8.818650245666503906e-01
1.042580366134643555e+00
1.102970838546752930e+00
9.441632628440856934e-01
9.750057458877563477e-01
7.211124897003173828e-01
7.798610925674438477e-01
6.695713996887207031e-01
4.327456951141357422e-01
4.934435486793518066e-01
3.693260848522186279e-01
4.296581745147705078e-01
5.205541253089904785e-01
5.878299474716186523e-01
7.713263034820556641e-01
1.076213717460632324e+00
1.113835334777832031e+00
1.039762735366821289e+00
6.127414703369140625e-01
4.680426716804504395e-01
3.413327932357788086e-01
4.186719655990600586e-01
5.223908424377441406e-01
4.307743608951568604e-01
5.031697750091552734e-01
5.881250500679016113e-01
7.836541533470153809e-01
9.232885241508483887e-01
1.023715496063232422e+00
6.546554565429687500e-01
9.295308589935302734e-01
7.457154393196105957e-01
9.437228441238403320e-01
6.616698503494262695e-01
4.590793848037719727e-01
7.806051969528198242e-01
1.006269454956054688e+00
9.607099890708923340e-01
8.865026831626892090e-01
1.416275739669799805e+00
1.078468680381774902e+00
5.055496692657470703e-01
5.187947750091552734e-01
4.790863990783691406e-01
5.959812402725219727e-01
5.215607881546020508e-01
5.291817188262939453e-01
5.525915026664733887e-01
7.309504747390747070e-01
1.248107910156250000e+00
1.416936874389648438e+00
9.274599552154541016e-01
8.007842302322387695e-01
6.726052165031433105e-01
7.271333932876586914e-01
4.317209124565124512e-01
5.159355998039245605e-01
4.012914896011352539e-01
6.398015618324279785e-01
7.846753597259521484e-01
8.725435733795166016e-01
7.578275203704833984e-01
7.395093441009521484e-01
3.870982825756072998e-01
3.758889436721801758e-01
6.340471506118774414e-01
5.899458527565002441e-01
1.434033870697021484e+00
7.686025500297546387e-01
5.181015729904174805e-01
3.173494637012481689e-01
2.969330847263336182e-01
4.508561789989471436e-01
4.510032832622528076e-01
7.310984134674072266e-01
7.077325582504272461e-01
4.716113805770874023e-01
4.174843132495880127e-01
7.258181571960449219e-01
6.835582852363586426e-01
7.020150423049926758e-01
7.171959280967712402e-01
5.963562726974487305e-01
4.166220426559448242e-01
5.479831099510192871e-01
5.083012580871582031e-01
5.550204515457153320e-01
4.927377700805664062e-01
5.319904088973999023e-01
4.808804690837860107e-01
4.929015040397644043e-01
5.313971042633056641e-01
6.065121889114379883e-01
3.885383307933807373e-01
3.494565188884735107e-01
4.706929326057434082e-01
6.365714073181152344e-01
7.310349941253662109e-01
1.042937874794006348e+00
1.110285282135009766e+00
6.351355314254760742e-01
5.487047433853149414e-01
4.864774346351623535e-01
4.668292105197906494e-01
5.213677287101745605e-01
5.296466350555419922e-01
8.081948757171630859e-01
5.610805749893188477e-01
4.450924396514892578e-01
6.261011362075805664e-01
5.045400857925415039e-01
5.960444808006286621e-01
4.977718591690063477e-01
8.954788446426391602e-01
2.119309425354003906e+00
2.118172168731689453e+00
9.509985446929931641e-01
8.739626407623291016e-01
7.442495822906494141e-01
1.038160085678100586e+00
1.212468147277832031e+00
1.159511327743530273e+00
1.892663836479187012e+00
9.286606311798095703e-01
5.851293802261352539e-01
5.994200110435485840e-01
8.330086469650268555e-01
7.323656082153320312e-01
6.656857728958129883e-01
6.576104760169982910e-01
5.378990769386291504e-01
4.845517873764038086e-01
4.740958213806152344e-01
5.316729545593261719e-01
4.977903366088867188e-01
6.336553692817687988e-01
5.543755888938903809e-01
7.188150882720947266e-01
7.923729419708251953e-01
8.653777241706848145e-01
9.243437051773071289e-01
6.539123654365539551e-01
2.471755594015121460e-01
4.287329018115997314e-01
4.096586108207702637e-01
4.322758615016937256e-01
3.359230458736419678e-01
5.654085278511047363e-01
4.157329797744750977e-01
4.866430163383483887e-01
4.684759974479675293e-01
2.938266992568969727e-01
2.988424897193908691e-01
6.506234407424926758e-01
6.332498192787170410e-01
4.957605004310607910e-01
5.739533901214599609e-01
4.805314540863037109e-01
5.143979787826538086e-01
5.227276086807250977e-01
5.267950892448425293e-01
4.460243582725524902e-01
4.670537114143371582e-01
3.298384547233581543e-01
4.252833724021911621e-01
4.332142174243927002e-01
4.798375964164733887e-01
6.783047914505004883e-01
5.755056738853454590e-01
4.811649918556213379e-01
3.950348198413848877e-01
4.928174614906311035e-01
4.387888014316558838e-01
5.316176414489746094e-01
5.407233238220214844e-01
8.041462898254394531e-01
1.317807316780090332e+00
1.063686370849609375e+00
7.914187312126159668e-01
4.295687675476074219e-01
3.319390416145324707e-01
4.988676309585571289e-01
4.058400690555572510e-01
3.611944317817687988e-01
5.420576930046081543e-01
8.194461464881896973e-01
1.413192391395568848e+00
5.565522909164428711e-01
2.148844897747039795e-01
4.306389093399047852e-01
5.604900121688842773e-01
6.234828829765319824e-01
4.103486537933349609e-01
3.601154685020446777e-01
4.793715476989746094e-01
5.640530586242675781e-01
5.168340206146240234e-01
4.364847540855407715e-01
4.502168595790863037e-01
4.399406015872955322e-01
5.451422929763793945e-01
5.214474201202392578e-01
5.647274851799011230e-01
4.956380724906921387e-01
7.541292905807495117e-01
6.056554317474365234e-01
6.162542104721069336e-01
5.553063154220581055e-01
6.063005328178405762e-01
7.333810329437255859e-01
7.589645385742187500e-01
5.485246181488037109e-01
5.842370986938476562e-01
9.924532771110534668e-01
1.165675401687622070e+00
7.949314713478088379e-01
5.835310220718383789e-01
6.263868212699890137e-01
5.554461479187011719e-01
5.857809782028198242e-01
3.743686974048614502e-01
3.615030646324157715e-01
5.181545019149780273e-01
5.241499543190002441e-01
6.342400908470153809e-01
4.166031479835510254e-01
3.935103416442871094e-01
2.951361536979675293e-01
3.362042307853698730e-01
5.411243438720703125e-01
5.319490432739257812e-01
3.383048474788665771e-01
3.459274470806121826e-01
5.319919586181640625e-01
5.520856976509094238e-01
6.064862012863159180e-01
8.212412595748901367e-01
4.516972899436950684e-01
5.815210342407226562e-01
9.225762486457824707e-01
9.630065560340881348e-01
6.706002950668334961e-01
7.738936543464660645e-01
3.407004475593566895e-01
5.480265617370605469e-01
5.125051736831665039e-01
5.793616771697998047e-01
5.601862072944641113e-01
4.941358566284179688e-01
5.733172297477722168e-01
4.207016229629516602e-01
3.864138126373291016e-01
3.384671211242675781e-01
6.881531476974487305e-01
7.274743914604187012e-01
5.487443208694458008e-01
4.676150679588317871e-01
4.081113338470458984e-01
3.561445474624633789e-01
4.186317920684814453e-01
4.615316092967987061e-01
6.330162286758422852e-01
5.235717296600341797e-01
6.492245793342590332e-01
5.645494461059570312e-01
7.457095384597778320e-01
6.762718558311462402e-01
5.418834686279296875e-01
3.734414577484130859e-01
5.006074905395507812e-01
6.440159082412719727e-01
6.703302264213562012e-01
1.147704839706420898e+00
2.134102582931518555e+00
6.824451684951782227e-01
9.167159795761108398e-01
1.346262693405151367e+00
1.373632669448852539e+00
3.408640623092651367e+00
9.145100712776184082e-01
4.400034248828887939e-01
6.570358872413635254e-01
5.056172013282775879e-01
7.672171592712402344e-01
6.704298257827758789e-01
6.740800738334655762e-01
6.693952679634094238e-01
9.329069256782531738e-01
9.274272322654724121e-01
4.868402481079101562e-01
4.798782467842102051e-01
8.274501562118530273e-01
1.223537325859069824e+00
6.276048421859741211e-01
6.742781400680541992e-01
4.516540467739105225e-01
5.552500486373901367e-01
7.576390504837036133e-01
5.564658641815185547e-01
6.114915609359741211e-01
5.649051666259765625e-01
2.557020187377929688e-01
3.756749033927917480e-01
4.790064096450805664e-01
5.884385108947753906e-01
5.757391452789306641e-01
5.032999515533447266e-01
5.185052752494812012e-01
4.257577061653137207e-01
7.913149595260620117e-01
6.124055385589599609e-01
8.237438201904296875e-01
6.407896280288696289e-01
5.964944362640380859e-01
7.175740003585815430e-01
5.435203313827514648e-01
4.782167971134185791e-01
7.069450616836547852e-01
7.073304653167724609e-01
6.648869514465332031e-01
6.687003374099731445e-01
5.585157871246337891e-01
7.487526535987854004e-01
5.183483958244323730e-01
4.513661861419677734e-01
3.809650540351867676e-01
5.868127942085266113e-01
5.212280750274658203e-01
4.648897051811218262e-01
7.027761340141296387e-01
8.146943449974060059e-01
1.415938973426818848e+00
1.264084458351135254e+00
1.284358501434326172e+00
1.420875668525695801e+00
4.879853129386901855e-01
1.025162458419799805e+00
5.373048782348632812e-01
5.592248439788818359e-01
5.628020763397216797e-01
6.130224466323852539e-01
6.584561467170715332e-01
4.650920331478118896e-01
3.812262415885925293e-01
4.634795784950256348e-01
6.999112963676452637e-01
5.233196020126342773e-01
4.809151887893676758e-01
6.648763418197631836e-01
7.364951372146606445e-01
6.502354145050048828e-01
6.414690017700195312e-01
1.045982122421264648e+00
9.720404148101806641e-01
5.152944326400756836e-01
6.200181245803833008e-01
5.946719646453857422e-01
6.186138391494750977e-01
5.342389345169067383e-01
3.732069730758666992e-01
4.478998184204101562e-01
8.385840654373168945e-01
5.477118492126464844e-01
5.619388222694396973e-01
6.363095045089721680e-01
5.546146631240844727e-01
6.231696605682373047e-01
6.669462919235229492e-01
5.415157079696655273e-01
5.788399577140808105e-01
5.021957159042358398e-01
5.495165586471557617e-01
5.899372100830078125e-01
5.777868628501892090e-01
4.762499332427978516e-01
7.843239903450012207e-01
1.314525604248046875e+00
1.121955752372741699e+00
7.026082277297973633e-01
4.505275189876556396e-01
7.290045022964477539e-01
8.501709103584289551e-01
5.216964483261108398e-01
5.190412998199462891e-01
4.136773049831390381e-01
5.909303426742553711e-01
6.492109298706054688e-01
4.660261571407318115e-01
8.745427727699279785e-01
8.449513316154479980e-01
1.096354007720947266e+00
1.005834817886352539e+00
5.084847211837768555e-01
5.499773025512695312e-01
7.100018262863159180e-01
6.856156587600708008e-01
7.232347130775451660e-01
4.983376264572143555e-01
7.146219015121459961e-01
7.827369570732116699e-01
1.062872767448425293e+00
6.563870906829833984e-01
3.214463591575622559e-01
4.293839633464813232e-01
6.679192781448364258e-01
5.341386198997497559e-01
6.617894172668457031e-01
5.375922918319702148e-01
5.802985429763793945e-01
6.098837852478027344e-01
4.677610397338867188e-01
3.834478259086608887e-01
4.727857112884521484e-01
5.802089571952819824e-01
4.578471779823303223e-01
5.030815601348876953e-01
4.990059733390808105e-01
6.255851984024047852e-01
5.834199786186218262e-01
3.844340443611145020e-01
4.433304071426391602e-01
5.920733809471130371e-01
6.140935420989990234e-01
5.608868598937988281e-01
6.727969646453857422e-01
4.359881281852722168e-01
7.832289338111877441e-01
6.511482596397399902e-01
5.977879762649536133e-01
5.828872919082641602e-01
7.619303464889526367e-01
8.534224629402160645e-01
9.618871212005615234e-01
1.116742253303527832e+00
9.999410510063171387e-01
6.456306576728820801e-01
5.224841237068176270e-01
4.226897060871124268e-01
6.044330596923828125e-01
6.347890496253967285e-01
8.831908702850341797e-01
7.701855301856994629e-01
6.745601296424865723e-01
4.778206646442413330e-01
6.629409790039062500e-01
7.887127399444580078e-01
5.909858942031860352e-01
6.960003376007080078e-01
5.759279131889343262e-01
5.615549087524414062e-01
6.462076306343078613e-01
4.140261113643646240e-01
5.005331039428710938e-01
6.479507684707641602e-01
7.424733042716979980e-01
5.826925039291381836e-01
3.019170165061950684e-01
4.705248773097991943e-01
7.174261808395385742e-01
8.388188481330871582e-01
1.548820376396179199e+00
6.280441880226135254e-01
4.354325532913208008e-01
2.930483222007751465e-01
4.521282911300659180e-01
4.959651827812194824e-01
8.424768447875976562e-01
5.690399408340454102e-01
6.671968102455139160e-01
3.862328529357910156e-01
5.940101742744445801e-01
7.472259402275085449e-01
4.894563257694244385e-01
4.385114014148712158e-01
9.540495276451110840e-01
2.020104169845581055e+00
1.012433171272277832e+00
9.179804921150207520e-01
6.130364537239074707e-01
4.392226338386535645e-01
5.597991347312927246e-01
5.939483642578125000e-01
7.795246839523315430e-01
9.030847549438476562e-01
6.818649172782897949e-01
3.637885451316833496e-01
8.018956780433654785e-01
7.130919694900512695e-01
5.625075697898864746e-01
5.916614532470703125e-01
5.196303129196166992e-01
7.145729064941406250e-01
5.808540582656860352e-01
7.157545089721679688e-01
5.117921829223632812e-01
6.511257290840148926e-01
5.344688892364501953e-01
5.101714134216308594e-01
5.072413682937622070e-01
3.636454641819000244e-01
4.958966970443725586e-01
6.320266723632812500e-01
7.700420022010803223e-01
5.857626795768737793e-01
3.473436236381530762e-01
3.671770393848419189e-01
5.347900390625000000e-01
4.125995039939880371e-01
6.282191872596740723e-01
1.347619652748107910e+00
1.748122215270996094e+00
1.279141902923583984e+00
7.972167134284973145e-01
9.997895359992980957e-01
4.839506447315216064e-01
5.413121581077575684e-01
8.533968925476074219e-01
5.583915710449218750e-01
6.149340867996215820e-01
6.470415592193603516e-01
5.643128752708435059e-01
1.149568557739257812e+00
7.447744607925415039e-01
6.686198711395263672e-01
6.626160144805908203e-01
5.623121857643127441e-01
4.634718298912048340e-01
5.097383856773376465e-01
4.589538872241973877e-01
5.262082219123840332e-01
5.509703159332275391e-01
7.595751285552978516e-01
9.601710438728332520e-01
3.989471495151519775e-01
4.712091982364654541e-01
8.880275487899780273e-01
5.976517200469970703e-01
6.571363210678100586e-01
6.332910656929016113e-01
7.171367406845092773e-01
6.002406477928161621e-01
6.261763572692871094e-01
5.272824168205261230e-01
4.732088446617126465e-01
5.559115409851074219e-01
6.806575059890747070e-01
6.737383604049682617e-01
7.870401144027709961e-01
6.248500347137451172e-01
5.698410272598266602e-01
4.937247037887573242e-01
5.741719007492065430e-01
6.454816460609436035e-01
6.741098761558532715e-01
1.027049183845520020e+00
9.079734086990356445e-01
4.097231626510620117e-01
3.095260262489318848e-01
5.086947679519653320e-01
6.695933341979980469e-01
5.101623535156250000e-01
5.120625495910644531e-01
5.473569035530090332e-01
6.433288455009460449e-01
7.380154132843017578e-01
5.279760360717773438e-01
3.305379748344421387e-01
6.508842706680297852e-01
4.079324901103973389e-01
5.788684487342834473e-01
5.837965011596679688e-01
5.478135347366333008e-01
4.835510253906250000e-01
5.416247844696044922e-01
5.100656151771545410e-01
4.751255512237548828e-01
5.217605829238891602e-01
8.320093750953674316e-01
7.409378290176391602e-01
7.524058818817138672e-01
7.503286600112915039e-01
9.905751943588256836e-01
1.283133625984191895e+00
5.761310458183288574e-01
3.936156332492828369e-01
6.828024387359619141e-01
7.752578854560852051e-01
1.248012423515319824e+00
1.152361273765563965e+00
1.329392552375793457e+00
8.404164314270019531e-01
6.658197641372680664e-01
7.187018990516662598e-01
7.733008265495300293e-01
7.544775009155273438e-01
4.118962585926055908e-01
3.465503454208374023e-01
3.043150901794433594e-01
5.142873525619506836e-01
5.217882990837097168e-01
4.293368160724639893e-01
8.942370414733886719e-01
8.904920220375061035e-01
6.818274259567260742e-01
4.457273185253143311e-01
5.573364496231079102e-01
5.151090621948242188e-01
5.926705598831176758e-01
7.913931608200073242e-01
4.989805519580841064e-01
6.086459159851074219e-01
5.597779750823974609e-01
5.098830461502075195e-01
5.744000077247619629e-01
3.369214534759521484e-01
5.457971096038818359e-01
7.507547140121459961e-01
6.117700934410095215e-01
6.849470138549804688e-01
7.238539457321166992e-01
6.832624077796936035e-01
6.300961971282958984e-01
5.297392606735229492e-01
6.825346350669860840e-01
7.207084894180297852e-01
9.244572520256042480e-01
8.538127541542053223e-01
6.797903180122375488e-01
5.404369235038757324e-01
6.407495737075805664e-01
6.312376260757446289e-01
5.945478677749633789e-01
8.146495223045349121e-01
5.151714682579040527e-01
3.574402630329132080e-01
3.697504103183746338e-01
3.101816773414611816e-01
5.602754354476928711e-01
4.666877686977386475e-01
5.269784331321716309e-01
9.200608134269714355e-01
8.486501574516296387e-01
5.738091468811035156e-01
4.804863333702087402e-01
6.610302925109863281e-01
6.897444725036621094e-01
5.289409756660461426e-01
9.168352484703063965e-01
8.374623656272888184e-01
5.137511491775512695e-01
4.165877103805541992e-01
4.367559552192687988e-01
3.610520064830780029e-01
6.130707263946533203e-01
5.166610479354858398e-01
5.496063232421875000e-01
5.578187704086303711e-01
7.399706840515136719e-01
7.430108785629272461e-01
4.929172694683074951e-01
3.977721333503723145e-01
7.748081684112548828e-01
6.710056066513061523e-01
4.560855031013488770e-01
3.607858419418334961e-01
4.005291163921356201e-01
1.254949092864990234e+00
9.914193749427795410e-01
9.710245728492736816e-01
7.272347211837768555e-01
3.694452047348022461e-01
2.974796891212463379e-01
5.172445774078369141e-01
6.179397106170654297e-01
6.259337067604064941e-01
5.800379514694213867e-01
4.786611795425415039e-01
3.637574017047882080e-01
4.643788635730743408e-01
3.380089998245239258e-01
5.328000783920288086e-01
4.771499633789062500e-01
8.285516500473022461e-01
1.530151367187500000e+00
2.286141395568847656e+00
2.071385085582733154e-01
1.200783967971801758e+00
1.274367809295654297e+00
1.273341059684753418e+00
7.301300764083862305e-01
7.415232062339782715e-01
9.391935467720031738e-01
1.063099265098571777e+00
9.706708192825317383e-01
7.589560151100158691e-01
5.626568198204040527e-01
6.217057704925537109e-01
7.032848000526428223e-01
6.931414604187011719e-01
5.559812784194946289e-01
3.949556946754455566e-01
4.053203463554382324e-01
4.111465215682983398e-01
4.096298217773437500e-01
4.271927177906036377e-01
3.325360417366027832e-01
3.451382517814636230e-01
5.369598269462585449e-01
4.943929910659790039e-01
3.991286754608154297e-01
7.726101875305175781e-01
5.676028728485107422e-01
6.260652542114257812e-01
5.220612883567810059e-01
8.476415872573852539e-01
5.392837524414062500e-01
6.676198244094848633e-01
3.660791516304016113e-01
2.958711385726928711e-01
4.688801169395446777e-01
5.518155097961425781e-01
2.984679937362670898e-01
5.846185088157653809e-01
7.371857166290283203e-01
4.644510746002197266e-01
5.518622398376464844e-01
6.474305987358093262e-01
8.556998968124389648e-01
3.295228779315948486e-01
4.153569340705871582e-01
5.070081353187561035e-01
5.658469200134277344e-01
4.382377862930297852e-01
8.134282827377319336e-01
6.793158054351806641e-01
6.842710971832275391e-01
3.915376365184783936e-01
5.934059023857116699e-01
6.614086627960205078e-01
6.582159399986267090e-01
7.131489515304565430e-01
6.908972859382629395e-01
5.885053277015686035e-01
5.311270952224731445e-01
5.165767073631286621e-01
6.093581318855285645e-01
4.700254201889038086e-01
7.278334498405456543e-01
9.010740518569946289e-01
8.583893179893493652e-01
3.466125130653381348e-01
4.595572352409362793e-01
6.051527857780456543e-01
7.066274285316467285e-01
6.470803022384643555e-01
5.808024406433105469e-01
5.063470602035522461e-01
6.970099806785583496e-01
4.589812159538269043e-01
5.324100255966186523e-01
7.363287806510925293e-01
7.590658068656921387e-01
5.311455130577087402e-01
3.541565835475921631e-01
5.157490968704223633e-01
4.936379492282867432e-01
4.314333796501159668e-01
6.355898380279541016e-01
6.794641613960266113e-01
3.854969143867492676e-01
4.280349612236022949e-01
4.360315203666687012e-01
7.756880521774291992e-01
5.941361784934997559e-01
4.306939244270324707e-01
3.156219124794006348e-01
4.729340374469757080e-01
5.851792097091674805e-01
5.276167392730712891e-01
4.858710169792175293e-01
1.040449023246765137e+00
1.380223751068115234e+00
2.442982196807861328e+00
1.563275337219238281e+00
3.842707872390747070e-01
8.881852030754089355e-01
1.087313175201416016e+00
1.774905443191528320e+00
1.328311324119567871e+00
3.199460208415985107e-01
8.739126920700073242e-01
6.073191761970520020e-01
5.874187350273132324e-01
6.939425468444824219e-01
5.989152193069458008e-01
3.491045236587524414e-01
7.392529845237731934e-01
5.653876066207885742e-01
6.053866147994995117e-01
9.796883463859558105e-01
8.286973237991333008e-01
7.031676769256591797e-01
4.302160739898681641e-01
2.646684050559997559e-01
3.709639310836791992e-01
5.856472849845886230e-01
5.858120918273925781e-01
5.161092877388000488e-01
3.584671020507812500e-01
4.569839835166931152e-01
4.843236207962036133e-01
4.772978127002716064e-01
5.278739929199218750e-01
6.627062559127807617e-01
7.925980091094970703e-01
4.645839035511016846e-01
4.415551424026489258e-01
6.603788137435913086e-01
4.692856669425964355e-01
5.922359824180603027e-01
8.157613873481750488e-01
6.130020618438720703e-01
4.998836219310760498e-01
7.197947502136230469e-01
5.612065792083740234e-01
5.713737010955810547e-01
4.100879728794097900e-01
4.958902001380920410e-01
5.191904902458190918e-01
6.349289417266845703e-01
4.216892123222351074e-01
3.143658638000488281e-01
5.211206674575805664e-01
1.021696686744689941e+00
5.493841171264648438e-01
4.124600291252136230e-01
6.309067010879516602e-01
6.485209465026855469e-01
7.855286002159118652e-01
8.446598649024963379e-01
7.455009222030639648e-01
5.329005122184753418e-01
4.700681865215301514e-01
8.236817121505737305e-01
9.797200560569763184e-01
6.726838350296020508e-01
6.164108514785766602e-01
3.434099853038787842e-01
5.060048699378967285e-01
9.126335382461547852e-01
1.108995437622070312e+00
2.038026332855224609e+00
9.645538330078125000e-01
1.345886468887329102e+00
2.391053199768066406e+00
1.393999218940734863e+00
5.383098721504211426e-01
7.940696477890014648e-01
9.623054265975952148e-01
8.451071977615356445e-01
5.177661180496215820e-01
7.427428960800170898e-01
1.020612478256225586e+00
7.187687754631042480e-01
3.902657032012939453e-01
1.038869261741638184e+00
5.618492364883422852e-01
3.769359290599822998e-01
7.059639692306518555e-01
5.879285335540771484e-01
5.378857851028442383e-01
6.408438682556152344e-01
8.384397625923156738e-01
1.028116703033447266e+00
7.288544178009033203e-01
2.822116613388061523e-01
5.593291521072387695e-01
5.309236049652099609e-01
3.459460139274597168e-01
4.235299825668334961e-01
5.638629794120788574e-01
6.741048693656921387e-01
7.091373801231384277e-01
7.062237262725830078e-01
5.188672542572021484e-01
4.174361824989318848e-01
4.435160160064697266e-01
5.295991301536560059e-01
4.568839967250823975e-01
8.529731035232543945e-01
6.211501359939575195e-01
3.895804286003112793e-01
6.026057004928588867e-01
6.364699602127075195e-01
5.627331137657165527e-01
4.819795787334442139e-01
5.081496238708496094e-01
3.809244334697723389e-01
3.958410918712615967e-01
5.820911526679992676e-01
5.707992911338806152e-01
4.192805886268615723e-01
4.071709811687469482e-01
3.843761086463928223e-01
6.186815500259399414e-01
4.649679064750671387e-01
5.519807338714599609e-01
7.261486053466796875e-01
6.258049607276916504e-01
9.135054945945739746e-01
7.890225648880004883e-01
7.773097157478332520e-01
1.000744581222534180e+00
7.930647730827331543e-01
9.618822932243347168e-01
1.111004948616027832e+00
5.723333358764648438e-01
5.359200239181518555e-01
4.413595795631408691e-01
5.726207494735717773e-01
4.946140646934509277e-01
4.523026943206787109e-01
5.749357342720031738e-01
6.292543411254882812e-01
5.443315505981445312e-01
4.894167184829711914e-01
5.592213869094848633e-01
7.553176879882812500e-01
7.480762600898742676e-01
1.118555784225463867e+00
1.797313094139099121e+00
1.934552431106567383e+00
4.507281780242919922e-01
6.113424301147460938e-01
4.516596198081970215e-01
4.848654568195343018e-01
5.460660457611083984e-01
9.667135477066040039e-01
8.889490962028503418e-01
4.494031667709350586e-01
4.731901884078979492e-01
6.450341939926147461e-01
7.670639157295227051e-01
1.024605631828308105e+00
7.010154724121093750e-01
5.324254631996154785e-01
6.022270917892456055e-01
6.956027746200561523e-01
9.341325759887695312e-01
1.095329523086547852e+00
1.175490140914916992e+00
1.031168580055236816e+00
6.075719594955444336e-01
5.020959973335266113e-01
5.888240933418273926e-01
6.883304119110107422e-01
6.447856426239013672e-01
4.665137529373168945e-01
5.073145627975463867e-01
9.355518817901611328e-01
1.164938688278198242e+00
1.134627223014831543e+00
7.401196956634521484e-01
5.383332967758178711e-01
4.597539007663726807e-01
4.950655102729797363e-01
6.912530660629272461e-01
6.171805858612060547e-01
5.028592348098754883e-01
5.411617755889892578e-01
7.842328548431396484e-01
1.134118795394897461e+00
9.477715492248535156e-01
7.045547366142272949e-01
5.553675889968872070e-01
4.500498175621032715e-01
5.790398716926574707e-01
4.854503870010375977e-01
7.387875318527221680e-01
5.322545170783996582e-01
6.698368787765502930e-01
7.059258818626403809e-01
7.510004043579101562e-01
8.009976148605346680e-01
1.071338534355163574e+00
8.482833504676818848e-01
1.207073926925659180e+00
1.137720942497253418e+00
3.263560533523559570e-01
9.807502031326293945e-01
5.751585960388183594e-01
5.832529664039611816e-01
5.581620931625366211e-01
9.177470803260803223e-01
1.143563151359558105e+00
6.744132041931152344e-01
4.643624722957611084e-01
5.071001052856445312e-01
4.084711372852325439e-01
5.714645385742187500e-01
5.235494375228881836e-01
4.681248962879180908e-01
5.593104362487792969e-01
5.916305184364318848e-01
8.617354631423950195e-01
6.765390634536743164e-01
6.222317814826965332e-01
6.124178171157836914e-01
6.501910686492919922e-01
4.665716290473937988e-01
5.169067382812500000e-01
5.388898849487304688e-01
6.059290170669555664e-01
6.865395307540893555e-01
6.065420508384704590e-01
5.355005860328674316e-01
4.558591246604919434e-01
4.104963541030883789e-01
5.797535181045532227e-01
5.544035434722900391e-01
4.776833355426788330e-01
5.906305909156799316e-01
4.656620919704437256e-01
4.523540139198303223e-01
6.086950302124023438e-01
4.855940341949462891e-01
4.659367501735687256e-01
4.374891221523284912e-01
4.460046589374542236e-01
7.055224776268005371e-01
5.506123304367065430e-01
6.477066278457641602e-01
6.737817525863647461e-01
5.896599888801574707e-01
7.248330116271972656e-01
8.282541632652282715e-01
5.627577304840087891e-01
5.924043655395507812e-01
4.208786487579345703e-01
5.647130012512207031e-01
5.764998197555541992e-01
6.103104948997497559e-01
5.972577333450317383e-01
9.220423698425292969e-01
1.124772787094116211e+00
1.216926336288452148e+00
1.503835201263427734e+00
1.088988780975341797e+00
6.693479418754577637e-01
4.218690991401672363e-01
5.683851242065429688e-01
6.368749737739562988e-01
1.103787660598754883e+00
1.230152845382690430e+00
1.327849745750427246e+00
8.173223733901977539e-01
3.612389266490936279e-01
6.812601089477539062e-01
4.522525966167449951e-01
6.050611138343811035e-01
6.326472759246826172e-01
7.683702707290649414e-01
9.238977432250976562e-01
9.081103205680847168e-01
7.946313619613647461e-01
5.179244875907897949e-01
6.024343967437744141e-01
7.026957869529724121e-01
5.979045629501342773e-01
7.155976891517639160e-01
5.999689102172851562e-01
6.905917525291442871e-01
6.050789952278137207e-01
5.994850397109985352e-01
7.752894163131713867e-01
7.487614154815673828e-01
4.373246431350708008e-01
5.969358086585998535e-01
6.575425863265991211e-01
6.579798460006713867e-01
5.501953363418579102e-01
5.971351861953735352e-01
4.299561381340026855e-01
7.121876478195190430e-01
6.653324961662292480e-01
6.713552474975585938e-01
9.538905024528503418e-01
1.000978827476501465e+00
1.504312992095947266e+00
1.014724493026733398e+00
6.555140018463134766e-01
5.972024202346801758e-01
5.999473929405212402e-01
7.868201732635498047e-01
9.013085961341857910e-01
1.144479751586914062e+00
6.341333389282226562e-01
3.635224103927612305e-01
7.972764372825622559e-01
5.324766635894775391e-01
8.441545963287353516e-01
6.909351348876953125e-01
8.301637172698974609e-01
7.654832601547241211e-01
5.677328109741210938e-01
8.515056371688842773e-01
7.178426384925842285e-01
7.421159744262695312e-01
4.375726580619812012e-01
5.491539239883422852e-01
9.458051323890686035e-01
8.031661510467529297e-01
5.743899941444396973e-01
5.348540544509887695e-01
6.536592245101928711e-01
9.370934963226318359e-01
5.369668006896972656e-01
3.667729496955871582e-01
4.037832021713256836e-01
4.027641713619232178e-01
6.160305738449096680e-01
5.856317281723022461e-01
5.684428215026855469e-01
4.700376987457275391e-01
3.683080673217773438e-01
3.350132405757904053e-01
5.009135007858276367e-01
5.923249721527099609e-01
7.216888666152954102e-01
6.338376998901367188e-01
6.291624903678894043e-01
5.153653621673583984e-01
3.913988471031188965e-01
5.705225467681884766e-01
5.410248637199401855e-01
5.038170814514160156e-01
7.110046148300170898e-01
4.961175620555877686e-01
6.285343170166015625e-01
6.421278119087219238e-01
1.086098790168762207e+00
9.532226324081420898e-01
9.191159605979919434e-01
8.116598725318908691e-01
6.011186242103576660e-01
4.271153211593627930e-01
4.041848182678222656e-01
4.297828972339630127e-01
4.478540122509002686e-01
6.320186853408813477e-01
6.925978660583496094e-01
6.243137121200561523e-01
6.176337003707885742e-01
3.132167458534240723e-01
4.378110766410827637e-01
6.226522326469421387e-01
6.201522350311279297e-01
6.242038011550903320e-01
8.544873595237731934e-01
6.332697272300720215e-01
4.969322085380554199e-01
7.107551097869873047e-01
9.198357462882995605e-01
9.022691845893859863e-01
4.824618995189666748e-01
4.230784773826599121e-01
7.028626203536987305e-01
5.762382745742797852e-01
7.599326372146606445e-01
9.029899835586547852e-01
6.792799234390258789e-01
3.347931206226348877e-01
4.078492522239685059e-01
3.067541122436523438e-01
3.727223575115203857e-01
5.345246195793151855e-01
5.186526775360107422e-01
6.261567473411560059e-01
4.055703580379486084e-01
4.184364080429077148e-01
4.899871349334716797e-01
4.884057044982910156e-01
4.499135017395019531e-01
4.277393519878387451e-01
3.799014091491699219e-01
4.775138497352600098e-01
4.311077296733856201e-01
4.821478724479675293e-01
3.675529956817626953e-01
4.941793978214263916e-01
6.086592674255371094e-01
8.608691096305847168e-01
4.833741784095764160e-01
2.784817814826965332e-01
4.570937156677246094e-01
4.259178638458251953e-01
5.434093475341796875e-01
5.602310895919799805e-01
6.191864609718322754e-01
9.685103893280029297e-01
7.987809181213378906e-01
8.762189745903015137e-01
7.413646578788757324e-01
4.787148833274841309e-01
4.799872040748596191e-01
5.006093382835388184e-01
8.068568706512451172e-01
8.434103727340698242e-01
1.764500021934509277e+00
1.992987275123596191e+00
6.862454414367675781e-01
3.443402647972106934e-01
7.359755039215087891e-01
5.793915987014770508e-01
4.397847950458526611e-01
5.835330486297607422e-01
6.304919123649597168e-01
5.906847715377807617e-01
6.043910980224609375e-01
6.739138364791870117e-01
5.787535309791564941e-01
7.431987524032592773e-01
4.425707757472991943e-01
6.859316825866699219e-01
7.799481153488159180e-01
7.111379504203796387e-01
4.882377386093139648e-01
4.176607728004455566e-01
3.955831527709960938e-01
6.378062963485717773e-01
7.460186481475830078e-01
7.417855262756347656e-01
4.876283407211303711e-01
4.602709412574768066e-01
5.556345582008361816e-01
5.453849434852600098e-01
6.618227958679199219e-01
5.800034403800964355e-01
4.418330192565917969e-01
6.233868002891540527e-01
5.939818024635314941e-01
5.634782314300537109e-01
3.311458230018615723e-01
4.219350814819335938e-01
9.886767864227294922e-01
1.029920101165771484e+00
4.906145334243774414e-01
3.965359628200531006e-01
4.620517492294311523e-01
5.445349216461181641e-01
5.303796529769897461e-01
6.327399611473083496e-01
6.151624917984008789e-01
6.918526887893676758e-01
6.067303419113159180e-01
7.401307225227355957e-01
5.052826404571533203e-01
3.933001160621643066e-01
6.489251852035522461e-01
5.506973266601562500e-01
7.196503877639770508e-01
5.525226593017578125e-01
8.637017011642456055e-01
7.262887954711914062e-01
7.194412946701049805e-01
7.519229650497436523e-01
7.524020075798034668e-01
4.805330038070678711e-01
5.350154042243957520e-01
7.394272685050964355e-01
8.209729194641113281e-01
4.228659868240356445e-01
3.931304514408111572e-01
3.548861742019653320e-01
4.780047833919525146e-01
4.268389344215393066e-01
5.128939151763916016e-01
4.630284905433654785e-01
3.106814324855804443e-01
4.108526408672332764e-01
5.741107463836669922e-01
5.915521979331970215e-01
2.636058926582336426e-01
3.776170611381530762e-01
4.476671218872070312e-01
3.908745050430297852e-01
3.945252895355224609e-01
5.359058380126953125e-01
4.553576111793518066e-01
3.546329438686370850e-01
6.124790310859680176e-01
4.912266731262207031e-01
5.582563877105712891e-01
6.566599607467651367e-01
8.191655874252319336e-01
6.592154502868652344e-01
4.851423203945159912e-01
4.802238047122955322e-01
5.882331132888793945e-01
3.753145933151245117e-01
5.369477272033691406e-01
5.580306649208068848e-01
5.064386129379272461e-01
5.489421486854553223e-01
4.317526817321777344e-01
6.068522930145263672e-01
4.545476436614990234e-01
4.533740282058715820e-01
5.230482220649719238e-01
6.581592559814453125e-01
8.260621428489685059e-01
7.599087357521057129e-01
7.350034713745117188e-01
5.205818414688110352e-01
7.745577692985534668e-01
5.178211331367492676e-01
7.365402579307556152e-01
5.825905203819274902e-01
8.241988420486450195e-01
8.101396560668945312e-01
1.027730703353881836e+00
9.670614600181579590e-01
3.084174394607543945e-01
5.237575769424438477e-01
5.218918323516845703e-01
6.135271191596984863e-01
4.262194633483886719e-01
5.178934335708618164e-01
4.101428985595703125e-01
5.832980871200561523e-01
8.273792862892150879e-01
1.421741127967834473e+00
1.543166279792785645e+00
1.226392984390258789e+00
1.479709267616271973e+00
6.631706953048706055e-01
3.824965655803680420e-01
4.079653620719909668e-01
4.958471059799194336e-01
4.295910000801086426e-01
6.477119326591491699e-01
6.903589963912963867e-01
4.356836974620819092e-01
6.196144819259643555e-01
6.016419529914855957e-01
6.973267197608947754e-01
6.594642996788024902e-01
3.533056080341339111e-01
5.588667392730712891e-01
5.347433686256408691e-01
3.529651165008544922e-01
5.563749670982360840e-01
5.549200177192687988e-01
3.800510168075561523e-01
5.796133279800415039e-01
5.341810584068298340e-01
5.178619027137756348e-01
6.135390996932983398e-01
6.185087561607360840e-01
5.815048813819885254e-01
3.756780624389648438e-01
4.340588152408599854e-01
5.531414747238159180e-01
6.211316585540771484e-01
8.333564996719360352e-01
8.231824636459350586e-01
1.466845273971557617e+00
1.323465228080749512e+00
1.115926384925842285e+00
8.987209200859069824e-01
6.563986539840698242e-01
5.320851206779479980e-01
4.925260543823242188e-01
5.972554683685302734e-01
5.861291289329528809e-01
5.520425438880920410e-01
5.616992712020874023e-01
4.405411481857299805e-01
4.738544225692749023e-01
5.115107297897338867e-01
4.432911872863769531e-01
4.633706808090209961e-01
5.689975023269653320e-01
5.410425066947937012e-01
5.605204105377197266e-01
4.279797375202178955e-01
4.301367104053497314e-01
7.129539251327514648e-01
3.540343642234802246e-01
4.698381125926971436e-01
7.041906118392944336e-01
1.059349298477172852e+00
5.113842487335205078e-01
2.516381740570068359e-01
3.063835203647613525e-01
3.658307790756225586e-01
5.125927329063415527e-01
6.549707055091857910e-01
5.414431691169738770e-01
6.300960779190063477e-01
7.357780933380126953e-01
5.936404466629028320e-01
4.814763367176055908e-01
4.880015254020690918e-01
4.958598017692565918e-01
2.909845709800720215e-01
8.340417146682739258e-01
1.017438292503356934e+00
6.907433271408081055e-01
4.060911834239959717e-01
7.797653079032897949e-01
9.365878105163574219e-01
6.087648272514343262e-01
6.318229436874389648e-01
7.088646292686462402e-01
5.316419005393981934e-01
4.353551864624023438e-01
5.190413594245910645e-01
4.425789713859558105e-01
4.618099331855773926e-01
4.635249376296997070e-01
4.011144042015075684e-01
6.045365333557128906e-01
5.088457465171813965e-01
7.235687375068664551e-01
5.880029797554016113e-01
6.271530389785766602e-01
5.143760442733764648e-01
4.675541818141937256e-01
3.574631810188293457e-01
4.340211451053619385e-01
5.366641283035278320e-01
4.659472405910491943e-01
5.082374215126037598e-01
4.879438877105712891e-01
5.178203582763671875e-01
5.909442305564880371e-01
5.235323309898376465e-01
8.379402160644531250e-01
7.366330027580261230e-01
1.241573452949523926e+00
1.763749361038208008e+00
1.483969688415527344e+00
1.116990566253662109e+00
4.061958193778991699e-01
5.393993854522705078e-01
6.718531847000122070e-01
1.384861588478088379e+00
1.391141653060913086e+00
8.963437676429748535e-01
6.016600728034973145e-01
4.130207896232604980e-01
4.971593916416168213e-01
5.616998672485351562e-01
7.005134224891662598e-01
4.536105096340179443e-01
5.202981233596801758e-01
7.218263149261474609e-01
4.703213572502136230e-01
4.576550126075744629e-01
5.190449953079223633e-01
3.995506167411804199e-01
4.890987277030944824e-01
4.554086029529571533e-01
7.260622978210449219e-01
7.335096001625061035e-01
5.567651391029357910e-01
5.723856687545776367e-01
3.765250444412231445e-01
3.732591271400451660e-01
4.375000596046447754e-01
4.038732051849365234e-01
5.690056085586547852e-01
5.753430724143981934e-01
6.189795732498168945e-01
3.220722079277038574e-01
3.709101676940917969e-01
4.732174873352050781e-01
7.146235704421997070e-01
7.593675851821899414e-01
8.035156130790710449e-01
8.618071675300598145e-01
6.788327693939208984e-01
6.825724244117736816e-01
4.043444395065307617e-01
4.323029816150665283e-01
6.618149876594543457e-01
8.683621883392333984e-01
7.730029225349426270e-01
4.127856791019439697e-01
4.285469651222229004e-01
6.735824942588806152e-01
4.729247987270355225e-01
3.546959757804870605e-01
9.005804061889648438e-01
8.224524259567260742e-01
3.325678110122680664e-01
5.036452412605285645e-01
4.373214840888977051e-01
3.962032198905944824e-01
4.158160984516143799e-01
4.058071374893188477e-01
6.629026532173156738e-01
4.074609875679016113e-01
4.291058182716369629e-01
4.476745724678039551e-01
4.496838748455047607e-01
4.624717831611633301e-01
5.085383653640747070e-01
4.052073955535888672e-01
6.260787248611450195e-01
5.167396664619445801e-01
5.519297122955322266e-01
4.539173841476440430e-01
3.229945600032806396e-01
3.747397065162658691e-01
4.683255553245544434e-01
3.282727003097534180e-01
4.637368023395538330e-01
4.881490767002105713e-01
5.728808641433715820e-01
4.855455160140991211e-01
5.129842758178710938e-01
4.354245364665985107e-01
4.976268410682678223e-01
5.042281746864318848e-01
5.225690603256225586e-01
6.120169162750244141e-01
5.232230424880981445e-01
9.796057343482971191e-01
1.037697315216064453e+00
6.729151010513305664e-01
5.559835433959960938e-01
3.601254224777221680e-01
3.344370722770690918e-01
3.763471841812133789e-01
3.880456089973449707e-01
5.692712068557739258e-01
4.606268703937530518e-01
5.224641561508178711e-01
3.715334534645080566e-01
5.345535278320312500e-01
6.455694437026977539e-01
5.772172808647155762e-01
6.653902530670166016e-01
6.707900762557983398e-01
1.181605339050292969e+00
1.300256252288818359e+00
1.109405398368835449e+00
1.063345909118652344e+00
8.226907253265380859e-01
6.750509142875671387e-01
6.725991368293762207e-01
6.304836869239807129e-01
6.243761777877807617e-01
4.796053171157836914e-01
6.463990211486816406e-01
6.341201066970825195e-01
8.000313639640808105e-01
9.089474678039550781e-01
7.543991804122924805e-01
5.404005050659179688e-01
4.134753346443176270e-01
4.389315843582153320e-01
6.847270727157592773e-01
4.519121944904327393e-01
3.866205811500549316e-01
4.798902273178100586e-01
3.620338141918182373e-01
3.885019421577453613e-01
5.991830825805664062e-01
5.514289736747741699e-01
3.721311688423156738e-01
6.584668159484863281e-01
4.463136196136474609e-01
3.538060784339904785e-01
6.221517324447631836e-01
4.025808870792388916e-01
4.727386832237243652e-01
5.755428671836853027e-01
4.122483730316162109e-01
4.577027261257171631e-01
4.134267568588256836e-01
5.261486768722534180e-01
1.161862730979919434e+00
1.020245552062988281e+00
1.087711095809936523e+00
7.905579209327697754e-01
6.894348263740539551e-01
5.056966543197631836e-01
6.649526357650756836e-01
6.712212562561035156e-01
5.170518159866333008e-01
4.305170178413391113e-01
6.505982875823974609e-01
8.595251441001892090e-01
6.703184843063354492e-01
5.714410543441772461e-01
3.597606420516967773e-01
5.058937668800354004e-01
5.328665971755981445e-01
4.230561852455139160e-01
4.483408927917480469e-01
5.867623090744018555e-01
6.341252326965332031e-01
7.348996996879577637e-01
8.652158379554748535e-01
8.751155138015747070e-01
3.915902376174926758e-01
5.253683924674987793e-01
3.157567679882049561e-01
3.758329153060913086e-01
4.507353603839874268e-01
4.336509108543395996e-01
5.654821991920471191e-01
6.451404690742492676e-01
7.697906494140625000e-01
4.068663716316223145e-01
5.616906881332397461e-01
5.450928807258605957e-01
5.054173469543457031e-01
4.696340858936309814e-01
4.480441808700561523e-01
4.494577646255493164e-01
3.567769229412078857e-01
6.409024000167846680e-01
6.263170838356018066e-01
7.283467054367065430e-01
8.405109643936157227e-01
7.218024730682373047e-01
5.657630562782287598e-01
2.979419827461242676e-01
3.787994980812072754e-01
5.150312185287475586e-01
6.219179034233093262e-01
6.858583092689514160e-01
5.066134929656982422e-01
2.836869955062866211e-01
2.457722723484039307e-01
3.755985498428344727e-01
5.568749904632568359e-01
7.217091917991638184e-01
5.853404998779296875e-01
4.146542847156524658e-01
2.539183795452117920e-01
4.156268835067749023e-01
3.900811374187469482e-01
5.625795125961303711e-01
5.260104537010192871e-01
3.533721566200256348e-01
5.715600848197937012e-01
7.720351815223693848e-01
6.937475800514221191e-01
3.920468389987945557e-01
4.774641096591949463e-01
3.782922029495239258e-01
3.916220068931579590e-01
3.875307440757751465e-01
3.630965352058410645e-01
4.042755365371704102e-01
4.967603087425231934e-01
4.479638636112213135e-01
4.467732906341552734e-01
4.281834661960601807e-01
2.819345593452453613e-01
4.890504181385040283e-01
5.246158242225646973e-01
3.959659636020660400e-01
4.155818223953247070e-01
4.031395316123962402e-01
5.248860120773315430e-01
6.037132143974304199e-01
4.103972613811492920e-01
2.811378836631774902e-01
2.550093531608581543e-01
3.424745798110961914e-01
3.950978815555572510e-01
3.677994012832641602e-01
5.407673716545104980e-01
5.916526317596435547e-01
6.292759180068969727e-01
4.947212338447570801e-01
3.634365200996398926e-01
3.499227464199066162e-01
4.005944728851318359e-01
4.941396117210388184e-01
5.171965360641479492e-01
4.359948635101318359e-01
3.857529759407043457e-01
3.817159235477447510e-01
3.018003702163696289e-01
3.270490467548370361e-01
4.163823127746582031e-01
4.566765725612640381e-01
3.286162614822387695e-01
5.842486619949340820e-01
5.555787086486816406e-01
6.620181202888488770e-01
3.711395859718322754e-01
3.400296568870544434e-01
3.984372317790985107e-01
5.467329025268554688e-01
5.306826829910278320e-01
3.864876329898834229e-01
4.698460698127746582e-01
5.190190672874450684e-01
1.265995025634765625e+00
2.273253917694091797e+00
1.948072195053100586e+00
1.902627587318420410e+00
1.113471746444702148e+00
2.807732820510864258e-01
7.247563004493713379e-01
9.710002541542053223e-01
5.706000924110412598e-01
5.492353439331054688e-01
5.439442992210388184e-01
5.949014425277709961e-01
7.902508378028869629e-01
6.093350648880004883e-01
6.579710245132446289e-01
5.577190518379211426e-01
4.915928542613983154e-01
4.572523832321166992e-01
4.835307896137237549e-01
4.831308126449584961e-01
5.425266027450561523e-01
4.447118043899536133e-01
4.893684089183807373e-01
5.462597608566284180e-01
7.338882684707641602e-01
7.185546755790710449e-01
1.044997334480285645e+00
6.670175194740295410e-01
9.997029900550842285e-01
1.762203693389892578e+00
5.500385761260986328e-01
4.254678189754486084e-01
5.251338481903076172e-01
4.634090662002563477e-01
4.846753180027008057e-01
5.448729991912841797e-01
4.110824465751647949e-01
4.035754799842834473e-01
5.352295041084289551e-01
6.481114029884338379e-01
6.967597007751464844e-01
4.065034687519073486e-01
4.805006980895996094e-01
5.108776092529296875e-01
5.222899317741394043e-01
5.655496120452880859e-01
4.177789092063903809e-01
4.052278697490692139e-01
3.443702161312103271e-01
4.932993948459625244e-01
4.527376890182495117e-01
4.152052700519561768e-01
3.838689327239990234e-01
4.880881607532501221e-01
4.864347577095031738e-01
5.353534221649169922e-01
7.230796813964843750e-01
5.297266840934753418e-01
4.490562677383422852e-01
3.845512270927429199e-01
3.609491586685180664e-01
3.172680735588073730e-01
3.271231055259704590e-01
4.320392608642578125e-01
5.790634155273437500e-01
6.137498617172241211e-01
4.133137464523315430e-01
4.011173248291015625e-01
4.685696959495544434e-01
3.870991468429565430e-01
4.626911282539367676e-01
4.226202964782714844e-01
3.678607344627380371e-01
3.134487867355346680e-01
3.023468255996704102e-01
4.316514134407043457e-01
4.167034029960632324e-01
4.222093224525451660e-01
5.877234339714050293e-01
3.212268352508544922e-01
3.789577484130859375e-01
4.239930808544158936e-01
4.249198734760284424e-01
4.326634705066680908e-01
6.616932153701782227e-01
7.953075170516967773e-01
7.647977471351623535e-01
7.235224843025207520e-01
8.210886716842651367e-01
5.486263632774353027e-01
4.409148991107940674e-01
6.040943264961242676e-01
4.587017893791198730e-01
4.940823912620544434e-01
7.036237716674804688e-01
6.447330713272094727e-01
5.573785305023193359e-01
6.861547231674194336e-01
4.449771046638488770e-01
4.117594659328460693e-01
4.578011035919189453e-01
4.388600885868072510e-01
4.504490494728088379e-01
5.166940093040466309e-01
4.553726315498352051e-01
4.716436266899108887e-01
3.823679089546203613e-01
5.574808120727539062e-01
4.059118330478668213e-01
5.380669832229614258e-01
5.052229166030883789e-01
3.700630664825439453e-01
2.738515138626098633e-01
3.418497145175933838e-01
4.535453319549560547e-01
4.352787137031555176e-01
4.941534399986267090e-01
4.617702960968017578e-01
6.517595052719116211e-01
8.660979270935058594e-01
1.005389690399169922e+00
3.648393154144287109e-01
4.329307675361633301e-01
4.646226763725280762e-01
8.675763607025146484e-01
1.401050448417663574e+00
1.045642256736755371e+00
5.914427042007446289e-01
5.420494079589843750e-01
4.876837730407714844e-01
4.286417365074157715e-01
5.820896625518798828e-01
5.902508497238159180e-01
4.347901940345764160e-01
4.541907012462615967e-01
4.268969297409057617e-01
3.963275849819183350e-01
2.910055220127105713e-01
3.502190113067626953e-01
5.722124576568603516e-01
5.458434820175170898e-01
5.835946798324584961e-01
4.792087674140930176e-01
3.705908060073852539e-01
4.041177034378051758e-01
5.780568122863769531e-01
8.033021688461303711e-01
7.282927036285400391e-01
4.317817091941833496e-01
4.286753535270690918e-01
5.377197861671447754e-01
6.285649538040161133e-01
8.594803810119628906e-01
8.682206273078918457e-01
8.497352600097656250e-01
5.218637585639953613e-01
3.067983388900756836e-01
6.281343102455139160e-01
8.315107822418212891e-01
7.119216918945312500e-01
5.223206877708435059e-01
3.688732385635375977e-01
3.648591041564941406e-01
5.106608867645263672e-01
4.875168800354003906e-01
6.558977961540222168e-01
4.795682430267333984e-01
4.334620833396911621e-01
4.531643390655517578e-01
5.371279120445251465e-01
4.789378643035888672e-01
4.554816484451293945e-01
3.969294428825378418e-01
4.087846577167510986e-01
3.778458237648010254e-01
4.899087250232696533e-01
4.287503361701965332e-01
4.376161694526672363e-01
4.016694724559783936e-01
3.423365354537963867e-01
3.956028223037719727e-01
4.212726652622222900e-01
5.387238264083862305e-01
3.035408854484558105e-01
3.722478151321411133e-01
4.425338506698608398e-01
5.048201680183410645e-01
4.808266758918762207e-01
4.222299456596374512e-01
4.673244655132293701e-01
4.704033732414245605e-01
3.981111049652099609e-01
6.223946809768676758e-01
6.614043712615966797e-01
3.406066894531250000e-01
2.919831275939941406e-01
5.499283671379089355e-01
6.115694046020507812e-01
9.655750989913940430e-01
1.374415159225463867e+00
3.020462036132812500e+00
2.702963590621948242e+00
4.918193817138671875e-01
7.168994545936584473e-01
9.613693952560424805e-01
1.051026701927185059e+00
5.104749202728271484e-01
7.076196670532226562e-01
1.125346899032592773e+00
5.484160780906677246e-01
3.921167850494384766e-01
4.883777499198913574e-01
7.183238267898559570e-01
6.141281127929687500e-01
6.558705568313598633e-01
5.245736837387084961e-01
4.158880114555358887e-01
3.585466444492340088e-01
4.555616676807403564e-01
2.935802340507507324e-01
4.466899633407592773e-01
5.859979987144470215e-01
5.257472991943359375e-01
5.340692996978759766e-01
4.304224550724029541e-01
2.989370822906494141e-01
4.592279791831970215e-01
3.362880349159240723e-01
5.679006576538085938e-01
4.483184218406677246e-01
3.720608949661254883e-01
3.929598629474639893e-01
4.673224687576293945e-01
6.048954725265502930e-01
1.123587369918823242e+00
9.320365190505981445e-01
4.492219686508178711e-01
2.647827863693237305e-01
3.319074809551239014e-01
6.195607185363769531e-01
5.114675164222717285e-01
6.297512054443359375e-01
4.294149279594421387e-01
4.602917134761810303e-01
4.537081718444824219e-01
5.268336534500122070e-01
4.953721761703491211e-01
4.374545216560363770e-01
3.474915027618408203e-01
4.187966585159301758e-01
4.717784225940704346e-01
5.666761994361877441e-01
7.291486263275146484e-01
8.175948262214660645e-01
6.498246192932128906e-01
9.632562398910522461e-01
1.001100540161132812e+00
3.678052723407745361e-01
6.246408224105834961e-01
9.900065660476684570e-01
9.174076318740844727e-01
5.912772417068481445e-01
3.854994773864746094e-01
3.948172926902770996e-01
4.705144762992858887e-01
5.917453169822692871e-01
3.930320441722869873e-01
4.500961601734161377e-01
5.896223783493041992e-01
5.730954408645629883e-01
5.357037186622619629e-01
3.940510451793670654e-01
4.646584987640380859e-01
3.135730028152465820e-01
4.893445074558258057e-01
5.995790958404541016e-01
4.433461427688598633e-01
3.528156280517578125e-01
6.566948294639587402e-01
6.064221262931823730e-01
3.751820325851440430e-01
3.873460888862609863e-01
4.604690074920654297e-01
4.147715866565704346e-01
3.983820378780364990e-01
4.277255535125732422e-01
7.104421257972717285e-01
7.184554338455200195e-01
3.534747362136840820e-01
3.045482337474822998e-01
4.175615906715393066e-01
4.005629420280456543e-01
4.300380945205688477e-01
3.787672221660614014e-01
3.739643394947052002e-01
4.660065770149230957e-01
7.142266035079956055e-01
4.943489730358123779e-01
4.388659000396728516e-01
3.529046177864074707e-01
5.117383003234863281e-01
2.816830575466156006e-01
4.468658268451690674e-01
4.532518982887268066e-01
3.617153167724609375e-01
3.562387228012084961e-01
4.318188130855560303e-01
2.955697178840637207e-01
3.883981108665466309e-01
4.778264164924621582e-01
4.102640748023986816e-01
3.713988065719604492e-01
5.405831336975097656e-01
4.801919162273406982e-01
5.615351200103759766e-01
5.976287126541137695e-01
3.669197559356689453e-01
3.465966582298278809e-01
4.297556877136230469e-01
4.128133654594421387e-01
3.593432903289794922e-01
4.722455143928527832e-01
3.599415421485900879e-01
4.769818186759948730e-01
3.195195794105529785e-01
3.730965852737426758e-01
6.298565864562988281e-01
6.407875418663024902e-01
8.073745369911193848e-01
7.614754438400268555e-01
6.473950147628784180e-01
5.344649553298950195e-01
4.410134553909301758e-01
2.397579997777938843e-01
5.366446375846862793e-01
4.643932580947875977e-01
4.178076982498168945e-01
4.701409041881561279e-01
5.875024199485778809e-01
4.861817061901092529e-01
4.337784349918365479e-01
3.120657205581665039e-01
3.843445479869842529e-01
4.218707680702209473e-01
5.100455284118652344e-01
5.194746851921081543e-01
5.698374509811401367e-01
4.261854290962219238e-01
3.114356398582458496e-01
3.197900056838989258e-01
4.389475882053375244e-01
4.597351551055908203e-01
3.617060780525207520e-01
4.643974006175994873e-01
3.623036146163940430e-01
4.832814931869506836e-01
6.231232285499572754e-01
7.121631503105163574e-01
4.978961348533630371e-01
3.103110194206237793e-01
4.124359488487243652e-01
3.578594326972961426e-01
6.035469770431518555e-01
3.765169382095336914e-01
3.301031589508056641e-01
4.361159205436706543e-01
4.609463810920715332e-01
3.022119402885437012e-01
3.930813670158386230e-01
4.455308616161346436e-01
6.377065181732177734e-01
1.048556447029113770e+00
1.538182616233825684e+00
7.171976566314697266e-01
4.077355861663818359e-01
1.045294046401977539e+00
1.268208861351013184e+00
1.468053102493286133e+00
8.366706371307373047e-01
5.321815013885498047e-01
4.315894842147827148e-01
6.349994540214538574e-01
8.973850011825561523e-01
9.803065061569213867e-01
9.829366207122802734e-01
6.698525547981262207e-01
3.535402417182922363e-01
4.453557729721069336e-01
3.921864926815032959e-01
4.163108766078948975e-01
5.592665672302246094e-01
4.868987500667572021e-01
5.311188697814941406e-01
6.027455925941467285e-01
5.730909705162048340e-01
6.051642298698425293e-01
6.071212887763977051e-01
4.359422028064727783e-01
3.021677732467651367e-01
3.931732773780822754e-01
4.497734308242797852e-01
4.160404503345489502e-01
6.227528452873229980e-01
4.910139441490173340e-01
4.068982005119323730e-01
4.267285168170928955e-01
3.765503764152526855e-01
3.523814380168914795e-01
4.877792298793792725e-01
5.186314582824707031e-01
5.315322875976562500e-01
4.141414165496826172e-01
2.928979098796844482e-01
3.616925477981567383e-01
4.107141792774200439e-01
4.945124685764312744e-01
4.306795001029968262e-01
4.452009201049804688e-01
4.219619035720825195e-01
3.890255391597747803e-01
4.431334733963012695e-01
4.563125967979431152e-01
4.739284217357635498e-01
3.542459905147552490e-01
2.895748317241668701e-01
3.144121766090393066e-01
3.469826281070709229e-01
4.927436411380767822e-01
4.622946381568908691e-01
4.329228401184082031e-01
4.420312345027923584e-01
4.779617786407470703e-01
3.996126055717468262e-01
3.701859712600708008e-01
3.471041917800903320e-01
3.372907936573028564e-01
4.717058837413787842e-01
4.506751298904418945e-01
3.743401765823364258e-01
3.683915138244628906e-01
4.033988416194915771e-01
4.904751181602478027e-01
6.288564205169677734e-01
8.944593667984008789e-01
9.965072870254516602e-01
1.331507325172424316e+00
1.449262142181396484e+00
1.852295994758605957e+00
2.281043529510498047e+00
4.439353942871093750e-01
4.795859754085540771e-01
6.205511689186096191e-01
5.962555408477783203e-01
8.621161580085754395e-01
1.059669494628906250e+00
1.014843940734863281e+00
5.806797742843627930e-01
8.824493885040283203e-01
9.774165749549865723e-01
1.395484805107116699e+00
1.112918376922607422e+00
2.833656668663024902e-01
4.993177652359008789e-01
6.417160630226135254e-01
4.983965158462524414e-01
5.729841589927673340e-01
6.791031956672668457e-01
1.163380622863769531e+00
9.806952476501464844e-01
8.070903420448303223e-01
9.330615997314453125e-01
6.798495650291442871e-01
3.812818229198455811e-01
3.544937372207641602e-01
4.423844218254089355e-01
5.162098407745361328e-01
4.642073810100555420e-01
4.239623248577117920e-01
4.856711030006408691e-01
3.820255398750305176e-01
4.196977019309997559e-01
5.733436942100524902e-01
3.996400237083435059e-01
4.368495345115661621e-01
4.719166755676269531e-01
5.987218618392944336e-01
7.649863958358764648e-01
6.752619743347167969e-01
3.854899108409881592e-01
6.844124794006347656e-01
7.207077145576477051e-01
7.582314014434814453e-01
3.067345619201660156e-01
3.870423138141632080e-01
7.556679248809814453e-01
5.285939574241638184e-01
3.418735563755035400e-01
5.706588029861450195e-01
5.026338100433349609e-01
3.607110977172851562e-01
5.413364171981811523e-01
6.667773127555847168e-01
6.192276477813720703e-01
4.158598780632019043e-01
4.662283658981323242e-01
4.003963172435760498e-01
3.800324201583862305e-01
2.868105769157409668e-01
4.418882727622985840e-01
5.065753459930419922e-01
5.542693138122558594e-01
3.799748122692108154e-01
3.373746871948242188e-01
3.693885207176208496e-01
3.238485753536224365e-01
4.509546756744384766e-01
5.699482560157775879e-01
7.371122837066650391e-01
4.800491333007812500e-01
5.610967874526977539e-01
4.660383760929107666e-01
6.573801636695861816e-01
2.844827771186828613e-01
4.736612439155578613e-01
7.020722031593322754e-01
5.992752313613891602e-01
4.106013774871826172e-01
3.255365490913391113e-01
4.264376759529113770e-01
4.777611494064331055e-01
2.481016665697097778e-01
4.543595910072326660e-01
5.907990932464599609e-01
5.520413517951965332e-01
4.232947230339050293e-01
4.131143689155578613e-01
3.211772441864013672e-01
7.634713649749755859e-01
6.387175321578979492e-01
4.339557290077209473e-01
3.936052918434143066e-01
3.998091220855712891e-01
3.800061047077178955e-01
3.764070570468902588e-01
4.336592853069305420e-01
4.882417917251586914e-01
3.884589672088623047e-01
4.580513238906860352e-01
2.647031545639038086e-01
3.989048004150390625e-01
5.590425729751586914e-01
5.858287215232849121e-01
1.006035447120666504e+00
1.360038399696350098e+00
2.303351640701293945e+00
2.456429243087768555e+00
9.134730100631713867e-01
9.017102718353271484e-01
7.922403812408447266e-01
8.385050892829895020e-01
9.303993582725524902e-01
6.627207994461059570e-01
6.089490652084350586e-01
5.961614847183227539e-01
3.901341557502746582e-01
5.038318037986755371e-01
4.435019493103027344e-01
4.993053376674652100e-01
8.841795921325683594e-01
5.860154032707214355e-01
5.253524780273437500e-01
6.459874510765075684e-01
5.644732713699340820e-01
1.201291561126708984e+00
1.232385277748107910e+00
7.545415759086608887e-01
4.316354393959045410e-01
5.910130143165588379e-01
5.913578867912292480e-01
4.883561134338378906e-01
6.028450727462768555e-01
4.299469590187072754e-01
5.164526104927062988e-01
5.122939944267272949e-01
3.891076445579528809e-01
5.147588849067687988e-01
7.604340910911560059e-01
9.122049212455749512e-01
6.780776977539062500e-01
3.545762300491333008e-01
4.945897459983825684e-01
5.212679505348205566e-01
4.194715619087219238e-01
4.707712531089782715e-01
3.595250844955444336e-01
3.681273758411407471e-01
3.436585962772369385e-01
3.954524695873260498e-01
5.025336146354675293e-01
4.855099320411682129e-01
4.486216902732849121e-01
3.966253399848937988e-01
4.331201910972595215e-01
4.736349284648895264e-01
5.149312019348144531e-01
3.280198872089385986e-01
2.698326110839843750e-01
3.420454263687133789e-01
3.546330630779266357e-01
3.473832607269287109e-01
5.032280683517456055e-01
6.300733089447021484e-01
6.494444608688354492e-01
6.451966762542724609e-01
4.105207920074462891e-01
4.673946499824523926e-01
5.661265850067138672e-01
7.970272898674011230e-01
7.012727856636047363e-01
4.904681444168090820e-01
4.889406859874725342e-01
5.887367129325866699e-01
4.736564457416534424e-01
6.389940381050109863e-01
9.704615473747253418e-01
7.139937877655029297e-01
7.498714923858642578e-01
9.355053901672363281e-01
6.681185364723205566e-01
3.845202326774597168e-01
3.677160441875457764e-01
3.685560226440429688e-01
4.138364195823669434e-01
4.129270911216735840e-01
6.246020197868347168e-01
4.786588549613952637e-01
9.393332004547119141e-01
7.780378460884094238e-01
4.488528966903686523e-01
2.899772524833679199e-01
7.666742205619812012e-01
6.549478769302368164e-01
6.467818021774291992e-01
4.672941565513610840e-01
4.093196988105773926e-01
3.512068390846252441e-01
3.365574181079864502e-01
4.107559621334075928e-01
5.773922204971313477e-01
5.251272916793823242e-01
4.951120316982269287e-01
4.013824462890625000e-01
6.158342957496643066e-01
6.173071861267089844e-01
5.584560632705688477e-01
3.509927392005920410e-01
3.630459308624267578e-01
5.648232102394104004e-01
4.445374310016632080e-01
5.069424510002136230e-01
4.398058652877807617e-01
4.321992695331573486e-01
4.465222954750061035e-01
3.937922120094299316e-01
4.502439796924591064e-01
6.038139462471008301e-01
8.518576025962829590e-01
6.631731986999511719e-01
3.390440642833709717e-01
3.719915151596069336e-01
3.653447031974792480e-01
4.825915396213531494e-01
5.372318029403686523e-01
4.798777699470520020e-01
5.853686332702636719e-01
6.548494100570678711e-01
5.035003423690795898e-01
4.608275890350341797e-01
3.790714144706726074e-01
3.991513252258300781e-01
4.950566291809082031e-01
3.381094932556152344e-01
6.293292045593261719e-01
4.549711942672729492e-01
3.271245658397674561e-01
4.832131564617156982e-01
5.306599736213684082e-01
6.384660601615905762e-01
5.391626954078674316e-01
3.579902648925781250e-01
4.336880147457122803e-01
6.785024404525756836e-01
5.183328986167907715e-01
5.832672119140625000e-01
4.760738015174865723e-01
5.355892181396484375e-01
8.369651436805725098e-01
8.777100443840026855e-01
7.546279430389404297e-01
6.022215485572814941e-01
7.058321237564086914e-01
4.653943181037902832e-01
4.063528180122375488e-01
5.229305624961853027e-01
3.112389445304870605e-01
4.001843333244323730e-01
5.104368925094604492e-01
4.877154827117919922e-01
6.501087546348571777e-01
6.408505439758300781e-01
5.615078210830688477e-01
3.566431999206542969e-01
3.809271454811096191e-01
4.437967836856842041e-01
4.630349874496459961e-01
5.011382102966308594e-01
6.957359910011291504e-01
9.354199767112731934e-01
7.754330635070800781e-01
3.364811539649963379e-01
4.421945214271545410e-01
5.509808063507080078e-01
6.479949355125427246e-01
1.124061107635498047e+00
1.542654514312744141e+00
1.185529708862304688e+00
6.693792343139648438e-01
4.505141079425811768e-01
6.918233633041381836e-01
6.543227434158325195e-01
6.003911495208740234e-01
5.192663669586181641e-01
6.818887591361999512e-01
5.526948571205139160e-01
7.229993343353271484e-01
4.796320199966430664e-01
5.960768461227416992e-01
4.272653460502624512e-01
4.201236367225646973e-01
3.006069660186767578e-01
6.145535707473754883e-01
5.071171522140502930e-01
4.829630851745605469e-01
4.621441364288330078e-01
4.918556213378906250e-01
5.066962242126464844e-01
4.591391086578369141e-01
4.415378272533416748e-01
4.289520680904388428e-01
3.879915475845336914e-01
5.906897783279418945e-01
4.801898896694183350e-01
4.691415727138519287e-01
5.248150825500488281e-01
4.372554421424865723e-01
4.321700334548950195e-01
4.424806535243988037e-01
4.910684823989868164e-01
4.957506060600280762e-01
3.594105243682861328e-01
4.235779643058776855e-01
5.062558650970458984e-01
4.423924088478088379e-01
4.960502088069915771e-01
3.330391049385070801e-01
3.712962269783020020e-01
4.374741911888122559e-01
3.357308208942413330e-01
4.863625764846801758e-01
6.043907403945922852e-01
7.510459423065185547e-01
7.449266910552978516e-01
8.679693341255187988e-01
1.539370894432067871e+00
1.980436325073242188e+00
1.514058470726013184e+00
1.297955155372619629e+00
6.747794151306152344e-01
6.263028383255004883e-01
1.242000460624694824e+00
2.200692653656005859e+00
2.039924144744873047e+00
1.971546173095703125e+00
1.599733352661132812e+00
9.039425253868103027e-01
6.972202062606811523e-01
8.258689641952514648e-01
1.143561244010925293e+00
1.192781448364257812e+00
8.183333277702331543e-01
5.974665880203247070e-01
7.047964930534362793e-01
7.411894202232360840e-01
8.029002547264099121e-01
8.199775815010070801e-01
7.184782028198242188e-01
4.873242974281311035e-01
4.711786508560180664e-01
4.909804463386535645e-01
5.679045915603637695e-01
5.558902025222778320e-01
5.742673873901367188e-01
7.445971369743347168e-01
5.592908263206481934e-01
5.261207818984985352e-01
4.193465709686279297e-01
3.901827335357666016e-01
6.771209239959716797e-01
5.092744827270507812e-01
3.581616878509521484e-01
4.999270439147949219e-01
6.877485513687133789e-01
5.162357091903686523e-01
5.956500768661499023e-01
7.398034334182739258e-01
7.015390396118164062e-01
3.758575916290283203e-01
5.213702917098999023e-01
6.698526740074157715e-01
6.480305790901184082e-01
9.912933111190795898e-01
1.225212574005126953e+00
4.851216077804565430e-01
4.275442659854888916e-01
3.591190576553344727e-01
6.440790295600891113e-01
6.017105579376220703e-01
7.148133516311645508e-01
7.326565980911254883e-01
3.901749551296234131e-01
4.098570048809051514e-01
4.703286886215209961e-01
5.683438181877136230e-01
5.820058584213256836e-01
5.343289375305175781e-01
5.118154287338256836e-01
5.728206634521484375e-01
5.047877430915832520e-01
4.275359213352203369e-01
5.181906223297119141e-01
5.085885524749755859e-01
5.212910175323486328e-01
4.473302960395812988e-01
5.144313573837280273e-01
3.999357521533966064e-01
4.290589094161987305e-01
5.075051784515380859e-01
3.448249995708465576e-01
5.628588199615478516e-01
6.986635923385620117e-01
4.335302412509918213e-01
3.876944780349731445e-01
4.702247083187103271e-01
3.913487195968627930e-01
4.605764746665954590e-01
4.010826945304870605e-01
4.873446822166442871e-01
4.292294383049011230e-01
2.957255840301513672e-01
3.156272172927856445e-01
3.926492929458618164e-01
4.248520731925964355e-01
4.125410616397857666e-01
5.527095794677734375e-01
7.338371872901916504e-01
8.563849329948425293e-01
5.252297520637512207e-01
3.291688263416290283e-01
2.804488539695739746e-01
2.899751663208007812e-01
5.053424239158630371e-01
4.969905912876129150e-01
5.375864505767822266e-01
6.180448532104492188e-01
5.674511790275573730e-01
3.862733840942382812e-01
3.517826795578002930e-01
3.776132464408874512e-01
3.887265920639038086e-01
5.230957269668579102e-01
6.529698967933654785e-01
5.582970976829528809e-01
3.862131237983703613e-01
3.693043589591979980e-01
3.231026530265808105e-01
2.960125505924224854e-01
4.554602503776550293e-01
3.923057913780212402e-01
3.790922760963439941e-01
4.076419472694396973e-01
3.956647515296936035e-01
6.482521891593933105e-01
5.971195101737976074e-01
2.521028518676757812e-01
3.538720607757568359e-01
3.443562984466552734e-01
3.725153803825378418e-01
3.613790869712829590e-01
4.347003400325775146e-01
3.085498213768005371e-01
5.695966482162475586e-01
1.181618928909301758e+00
1.855169177055358887e+00
1.770260095596313477e+00
2.747073650360107422e+00
1.121015191078186035e+00
2.379413843154907227e-01
2.855445742607116699e-01
4.339685142040252686e-01
5.408217310905456543e-01
6.300142407417297363e-01
8.819107413291931152e-01
9.261013865470886230e-01
9.325891733169555664e-01
6.420284509658813477e-01
4.394081234931945801e-01
5.179830193519592285e-01
5.628772974014282227e-01
5.310874581336975098e-01
6.229275465011596680e-01
7.959586381912231445e-01
1.074159860610961914e+00
1.084083080291748047e+00
7.156053781509399414e-01
3.410237431526184082e-01
5.409734249114990234e-01
7.899681925773620605e-01
7.178086042404174805e-01
4.180033802986145020e-01
5.465764999389648438e-01
3.752195537090301514e-01
2.751688063144683838e-01
4.845871925354003906e-01
5.059926509857177734e-01
5.445578098297119141e-01
5.240426659584045410e-01
3.848867714405059814e-01
6.605413556098937988e-01
1.260213017463684082e+00
1.193583130836486816e+00
9.521575570106506348e-01
5.593329071998596191e-01
5.688509345054626465e-01
6.308838129043579102e-01
7.400640249252319336e-01
6.859144568443298340e-01
3.713948726654052734e-01
3.859682381153106689e-01
5.401117205619812012e-01
6.946294307708740234e-01
1.131819009780883789e+00
1.590299963951110840e+00
6.026951074600219727e-01
3.925144672393798828e-01
3.432044088840484619e-01
3.631898760795593262e-01
5.054560303688049316e-01
5.418984293937683105e-01
6.790370941162109375e-01
4.502848684787750244e-01
5.378251671791076660e-01
3.118642568588256836e-01
4.080706238746643066e-01
5.200663208961486816e-01
4.488515257835388184e-01
5.430539846420288086e-01
6.155512928962707520e-01
8.380711674690246582e-01
5.713102817535400391e-01
3.829550743103027344e-01
5.275194644927978516e-01
5.430922508239746094e-01
4.130140244960784912e-01
4.570468068122863770e-01
5.068280100822448730e-01
5.206605195999145508e-01
4.196612834930419922e-01
5.384951829910278320e-01
5.301699638366699219e-01
4.668525159358978271e-01
5.345835685729980469e-01
5.049934387207031250e-01
5.279332399368286133e-01
3.918243646621704102e-01
5.699766874313354492e-01
3.897501826286315918e-01
3.229114711284637451e-01
4.500702619552612305e-01
2.652280628681182861e-01
3.038470745086669922e-01
3.747578859329223633e-01
4.028281569480895996e-01
4.678595662117004395e-01
5.239803791046142578e-01
5.542455911636352539e-01
5.666686892509460449e-01
4.600520431995391846e-01
3.694114983081817627e-01
4.326082766056060791e-01
4.060925245285034180e-01
3.525689840316772461e-01
4.045851230621337891e-01
6.037115454673767090e-01
4.467699229717254639e-01
5.690200328826904297e-01
4.651704430580139160e-01
5.908583998680114746e-01
3.457436561584472656e-01
3.460757136344909668e-01
4.337513446807861328e-01
3.492147326469421387e-01
3.657935857772827148e-01
3.679509162902832031e-01
4.927598536014556885e-01
3.527904748916625977e-01
2.951785326004028320e-01
3.229208290576934814e-01
4.102140963077545166e-01
7.431393265724182129e-01
9.144324660301208496e-01
1.949750304222106934e+00
2.729089498519897461e+00
5.353924632072448730e-01
3.648089468479156494e-01
5.778167247772216797e-01
6.075932979583740234e-01
5.300602912902832031e-01
6.686545610427856445e-01
7.150311470031738281e-01
5.178737640380859375e-01
4.957121014595031738e-01
3.918978273868560791e-01
4.606235623359680176e-01
5.277009606361389160e-01
5.959689617156982422e-01
5.197319984436035156e-01
5.352122783660888672e-01
5.432875752449035645e-01
4.610062241554260254e-01
4.928139150142669678e-01
5.681552886962890625e-01
9.354517459869384766e-01
1.370144963264465332e+00
7.453130483627319336e-01
4.843046665191650391e-01
5.408889055252075195e-01
6.726810932159423828e-01
7.453199625015258789e-01
6.603434681892395020e-01
6.472079753875732422e-01
5.565485954284667969e-01
4.856320619583129883e-01
7.241955995559692383e-01
8.377722501754760742e-01
1.095730066299438477e+00
1.138255476951599121e+00
1.756605505943298340e+00
1.162051320075988770e+00
7.286130189895629883e-01
5.388891696929931641e-01
6.132763624191284180e-01
8.037062883377075195e-01
6.893706321716308594e-01
7.466440200805664062e-01
3.947938382625579834e-01
5.118079185485839844e-01
6.737015247344970703e-01
8.119664788246154785e-01
1.327356934547424316e+00
9.335092902183532715e-01
1.202264189720153809e+00
1.060932993888854980e+00
4.418682456016540527e-01
8.607202172279357910e-01
1.002590298652648926e+00
7.337749600410461426e-01
4.509782791137695312e-01
4.854773283004760742e-01
5.031854510307312012e-01
6.022167801856994629e-01
7.382599711418151855e-01
6.453881263732910156e-01
5.405169129371643066e-01
4.518588781356811523e-01
5.127400159835815430e-01
4.787178933620452881e-01
6.657904386520385742e-01
1.016655683517456055e+00
7.304471135139465332e-01
3.339085578918457031e-01
4.950658679008483887e-01
3.933796882629394531e-01
4.381912946701049805e-01
6.258831620216369629e-01
7.253924012184143066e-01
7.590487003326416016e-01
5.682845115661621094e-01
5.774495005607604980e-01
3.664137423038482666e-01
4.340165853500366211e-01
4.758064150810241699e-01
3.422223329544067383e-01
4.183813929557800293e-01
5.904801487922668457e-01
6.288924217224121094e-01
5.114274621009826660e-01
4.615055024623870850e-01
4.298222362995147705e-01
4.625402688980102539e-01
4.175493121147155762e-01
5.316919088363647461e-01
5.069928169250488281e-01
5.862039923667907715e-01
4.654959142208099365e-01
3.139215111732482910e-01
3.513899445533752441e-01
3.867881000041961670e-01
4.362406730651855469e-01
3.860644102096557617e-01
3.464115262031555176e-01
4.127238690853118896e-01
3.372293412685394287e-01
4.069105386734008789e-01
4.440370202064514160e-01
4.206956923007965088e-01
4.560040533542633057e-01
4.533566534519195557e-01
5.083184838294982910e-01
5.790368318557739258e-01
5.955628156661987305e-01
6.077977418899536133e-01
3.200060427188873291e-01
3.535752296447753906e-01
3.750913143157958984e-01
2.952924668788909912e-01
3.292681574821472168e-01
4.607092738151550293e-01
5.221695303916931152e-01
5.304545760154724121e-01
4.945508837699890137e-01
4.039027690887451172e-01
4.965218603610992432e-01
3.340159952640533447e-01
4.017157256603240967e-01
3.589412569999694824e-01
2.802155017852783203e-01
2.613337039947509766e-01
3.458145260810852051e-01
2.745040059089660645e-01
3.690303564071655273e-01
4.258205294609069824e-01
3.646763861179351807e-01
5.219807624816894531e-01
4.886653721332550049e-01
5.364781022071838379e-01
7.078795433044433594e-01
6.033653020858764648e-01
5.139711499214172363e-01
4.650563001632690430e-01
4.352139234542846680e-01
3.202440440654754639e-01
3.555431067943572998e-01
3.812286555767059326e-01
7.103477716445922852e-01
4.579511582851409912e-01
3.663109540939331055e-01
4.332977831363677979e-01
3.861603736877441406e-01
5.261444449424743652e-01
7.278912067413330078e-01
6.365817785263061523e-01
7.844405174255371094e-01
6.827097535133361816e-01
4.164845347404479980e-01
4.696958959102630615e-01
6.184958219528198242e-01
9.804653525352478027e-01
9.783341884613037109e-01
6.913256049156188965e-01
5.342374444007873535e-01
7.720417380332946777e-01
9.437874555587768555e-01
7.415583729743957520e-01
4.906291961669921875e-01
4.455515146255493164e-01
4.560058712959289551e-01
3.550546169281005859e-01
4.778117537498474121e-01
4.568837285041809082e-01
5.700676441192626953e-01
3.757155239582061768e-01
3.828212618827819824e-01
5.452827215194702148e-01
4.631437063217163086e-01
3.031579554080963135e-01
3.194047212600708008e-01
3.843027949333190918e-01
4.424842298030853271e-01
4.586812555789947510e-01
8.804301619529724121e-01
7.792208790779113770e-01
2.788232266902923584e-01
3.878567814826965332e-01
5.574751496315002441e-01
4.344522356986999512e-01
6.493596434593200684e-01
3.489261269569396973e-01
3.658809065818786621e-01
5.044587850570678711e-01
5.989656448364257812e-01
8.516751527786254883e-01
5.584962368011474609e-01
4.483056068420410156e-01
3.038225173950195312e-01
5.361270308494567871e-01
8.751717805862426758e-01
1.242577910423278809e+00
1.777861475944519043e+00
1.292100071907043457e+00
6.701119542121887207e-01
4.251334071159362793e-01
8.296590447425842285e-01
1.232689976692199707e+00
6.865583658218383789e-01
3.995604515075683594e-01
6.671262979507446289e-01
6.544542908668518066e-01
6.942085623741149902e-01
6.017711758613586426e-01
7.391700744628906250e-01
3.427008986473083496e-01
3.246400952339172363e-01
2.991400361061096191e-01
4.029440283775329590e-01
5.352613329887390137e-01
4.766525626182556152e-01
4.452888369560241699e-01
5.242117643356323242e-01
5.652608275413513184e-01
3.385437726974487305e-01
2.937746047973632812e-01
3.769190013408660889e-01
6.080129146575927734e-01
6.496113538742065430e-01
5.956636667251586914e-01
4.987398386001586914e-01
3.769488334655761719e-01
3.149974346160888672e-01
4.930939078330993652e-01
3.328841030597686768e-01
5.734536051750183105e-01
8.303913474082946777e-01
6.953072547912597656e-01
6.083273291587829590e-01
6.030890345573425293e-01
6.009013056755065918e-01
4.169691801071166992e-01
3.852876424789428711e-01
3.959783315658569336e-01
5.021886825561523438e-01
6.162784695625305176e-01
5.466014146804809570e-01
3.538475930690765381e-01
3.067552745342254639e-01
2.671803236007690430e-01
3.595862090587615967e-01
4.220727086067199707e-01
6.317242383956909180e-01
6.288568973541259766e-01
6.322379708290100098e-01
5.017452239990234375e-01
3.568468093872070312e-01
4.739688932895660400e-01
3.783304691314697266e-01
5.329394936561584473e-01
5.393723845481872559e-01
4.192669689655303955e-01
3.826014399528503418e-01
4.829179644584655762e-01
4.472224414348602295e-01
4.210982620716094971e-01
3.814827203750610352e-01
3.923199176788330078e-01
4.179124832153320312e-01
3.840029239654541016e-01
3.572660088539123535e-01
4.871596693992614746e-01
7.380183935165405273e-01
1.140228509902954102e+00
6.359908580780029297e-01
2.653371095657348633e-01
3.358889818191528320e-01
4.002921581268310547e-01
4.771337807178497314e-01
8.771151900291442871e-01
1.633560538291931152e+00
2.093923091888427734e+00
4.643541336059570312e+00
2.332543849945068359e+00
1.123612999916076660e+00
8.189033269882202148e-01
9.118984937667846680e-01
9.557416439056396484e-01
6.859413385391235352e-01
7.655382156372070312e-01
5.377292037010192871e-01
5.986936092376708984e-01
6.730246543884277344e-01
9.190551042556762695e-01
1.240870833396911621e+00
1.066914439201354980e+00
5.742049813270568848e-01
5.861977338790893555e-01
7.268924117088317871e-01
6.626710891723632812e-01
5.509152412414550781e-01
4.154825508594512939e-01
5.744287967681884766e-01
8.763983249664306641e-01
5.514270067214965820e-01
5.668619871139526367e-01
1.113656163215637207e+00
1.259231925010681152e+00
9.027961492538452148e-01
2.171981781721115112e-01
3.442546129226684570e-01
6.176874637603759766e-01
7.712905406951904297e-01
9.447333216667175293e-01
7.793321609497070312e-01
6.099143028259277344e-01
4.032593667507171631e-01
3.224776983261108398e-01
3.899383544921875000e-01
4.809024333953857422e-01
5.980587005615234375e-01
5.548405647277832031e-01
5.531970262527465820e-01
5.672100782394409180e-01
4.202612042427062988e-01
4.900047183036804199e-01
5.886102914810180664e-01
5.817698836326599121e-01
6.086850762367248535e-01
3.255984783172607422e-01
3.716968894004821777e-01
4.218240380287170410e-01
4.301504194736480713e-01
4.837843775749206543e-01
3.208072483539581299e-01
4.879675805568695068e-01
6.741763949394226074e-01
7.141866683959960938e-01
9.048290252685546875e-01
1.013517618179321289e+00
6.244267225265502930e-01
2.713449895381927490e-01
6.115179657936096191e-01
1.326177358627319336e+00
7.368474602699279785e-01
9.361963272094726562e-01
7.312223911285400391e-01
9.267314076423645020e-01
6.189354658126831055e-01
6.013276576995849609e-01
1.011994838714599609e+00
9.831609725952148438e-01
1.308697581291198730e+00
1.090749502182006836e+00
6.534743309020996094e-01
4.262681305408477783e-01
6.046769618988037109e-01
8.873866796493530273e-01
4.228939712047576904e-01
4.562820792198181152e-01
3.798844516277313232e-01
5.964246392250061035e-01
4.831058979034423828e-01
6.338465809822082520e-01
7.490863204002380371e-01
5.240508913993835449e-01
3.206667602062225342e-01
3.105874061584472656e-01
4.073463678359985352e-01
4.064325094223022461e-01
5.091546773910522461e-01
4.935833215713500977e-01
6.527321338653564453e-01
6.787335872650146484e-01
5.856319069862365723e-01
5.944333076477050781e-01
4.626815319061279297e-01
4.210727810859680176e-01
3.088480830192565918e-01
3.800054490566253662e-01
5.729020833969116211e-01
5.335163474082946777e-01
5.480480194091796875e-01
3.956191837787628174e-01
4.860541820526123047e-01
5.114918947219848633e-01
6.172215342521667480e-01
5.952209830284118652e-01
7.340056896209716797e-01
6.201590299606323242e-01
6.470413208007812500e-01
5.624867081642150879e-01
5.473002195358276367e-01
6.363101601600646973e-01
6.143373250961303711e-01
7.135121226310729980e-01
6.052529215812683105e-01
7.033371925354003906e-01
7.427150011062622070e-01
5.929198265075683594e-01
3.096740841865539551e-01
3.445964455604553223e-01
4.460597336292266846e-01
5.604962110519409180e-01
7.358832359313964844e-01
7.494142651557922363e-01
6.849696636199951172e-01
5.382064580917358398e-01
3.230536580085754395e-01
4.201669096946716309e-01
4.051936864852905273e-01
3.981902599334716797e-01
5.629554390907287598e-01
7.561900019645690918e-01
6.757246851921081543e-01
5.154296755790710449e-01
2.727748155593872070e-01
3.941733241081237793e-01
3.642414808273315430e-01
5.448713898658752441e-01
3.914434313774108887e-01
2.468929439783096313e-01
4.532793164253234863e-01
6.219484806060791016e-01
4.224117994308471680e-01
4.092046618461608887e-01
3.825859725475311279e-01
4.085917174816131592e-01
3.420201539993286133e-01
3.881900012493133545e-01
3.816367983818054199e-01
3.799143433570861816e-01
3.710559606552124023e-01
3.389769196510314941e-01
2.613662481307983398e-01
4.138556122779846191e-01
4.060403108596801758e-01
4.438483119010925293e-01
4.998427629470825195e-01
4.761837720870971680e-01
4.884191751480102539e-01
2.957607507705688477e-01
4.100366234779357910e-01
5.137916803359985352e-01
3.269870579242706299e-01
3.600175082683563232e-01
4.886035919189453125e-01
5.964130163192749023e-01
7.213458418846130371e-01
9.148173928260803223e-01
1.165598511695861816e+00
6.655727028846740723e-01
4.038075208663940430e-01
4.513610601425170898e-01
3.481360971927642822e-01
4.015139043331146240e-01
3.233457803726196289e-01
3.202204704284667969e-01
4.562492966651916504e-01
4.485251009464263916e-01
3.989264369010925293e-01
2.565106153488159180e-01
2.753964066505432129e-01
4.732398092746734619e-01
4.728623628616333008e-01
5.220149755477905273e-01
5.644612312316894531e-01
4.853100478649139404e-01
2.669247686862945557e-01
2.798572182655334473e-01
4.155273139476776123e-01
3.970393836498260498e-01
3.646135926246643066e-01
2.866300940513610840e-01
4.349424839019775391e-01
3.965092301368713379e-01
3.463957011699676514e-01
3.586853742599487305e-01
5.254458189010620117e-01
4.566042721271514893e-01
4.116815030574798584e-01
4.488371014595031738e-01
3.721110522747039795e-01
3.886643052101135254e-01
7.378831505775451660e-01
7.765078544616699219e-01
6.220676898956298828e-01
4.406557977199554443e-01
4.231835007667541504e-01
4.998677968978881836e-01
6.760778427124023438e-01
6.853025555610656738e-01
5.075130462646484375e-01
4.163306951522827148e-01
4.773719608783721924e-01
6.371996402740478516e-01
1.018097400665283203e+00
1.055945992469787598e+00
1.737368941307067871e+00
2.550439119338989258e+00
2.574501276016235352e+00
2.882327795028686523e+00
1.346088290214538574e+00
8.187050819396972656e-01
7.484247684478759766e-01
8.612700700759887695e-01
6.671684980392456055e-01
4.899211525917053223e-01
5.247167348861694336e-01
4.380417466163635254e-01
4.216178655624389648e-01
4.901351332664489746e-01
6.488979458808898926e-01
1.068385601043701172e+00
1.084550857543945312e+00
6.506953239440917969e-01
2.788627147674560547e-01
4.264775216579437256e-01
6.392059922218322754e-01
4.283513724803924561e-01
7.145572900772094727e-01
5.910227894783020020e-01
5.325510501861572266e-01
4.351474940776824951e-01
5.336936712265014648e-01
5.915175676345825195e-01
4.056021571159362793e-01
4.492378234863281250e-01
7.200359106063842773e-01
6.217106580734252930e-01
5.622208118438720703e-01
3.401767313480377197e-01
2.485447525978088379e-01
3.515276312828063965e-01
3.580206632614135742e-01
4.217526316642761230e-01
3.407221436500549316e-01
4.302672445774078369e-01
3.987244963645935059e-01
4.519637227058410645e-01
4.016684889793395996e-01
3.480015397071838379e-01
4.541563391685485840e-01
5.831561088562011719e-01
4.313123226165771484e-01
4.823194444179534912e-01
3.659112453460693359e-01
4.496890008449554443e-01
3.209391236305236816e-01
3.793321549892425537e-01
4.203034043312072754e-01
6.646807789802551270e-01
6.426112055778503418e-01
8.287403583526611328e-01
6.100608706474304199e-01
4.227165579795837402e-01
4.168067276477813721e-01
3.945466876029968262e-01
4.027192294597625732e-01
4.735828638076782227e-01
6.194167137145996094e-01
7.739157080650329590e-01
7.669782638549804688e-01
3.485952913761138916e-01
2.484641969203948975e-01
3.261028528213500977e-01
3.328987360000610352e-01
4.019744396209716797e-01
3.296560645103454590e-01
3.787610828876495361e-01
3.977034389972686768e-01
6.606289148330688477e-01
8.032634854316711426e-01
5.129005908966064453e-01
6.732679605484008789e-01
5.479620099067687988e-01
3.935101926326751709e-01
6.784144043922424316e-01
6.651519536972045898e-01
1.312521100044250488e+00
1.413821578025817871e+00
1.427418470382690430e+00
2.176482200622558594e+00
1.126796483993530273e+00
6.202746629714965820e-01
5.851811170578002930e-01
7.867904901504516602e-01
6.533258557319641113e-01
6.024592518806457520e-01
5.471457839012145996e-01
5.644877552986145020e-01
7.486302256584167480e-01
7.745886445045471191e-01
1.060300469398498535e+00
7.951633930206298828e-01
3.598065972328186035e-01
5.085731148719787598e-01
5.697568655014038086e-01
4.793131947517395020e-01
4.128347933292388916e-01
3.743860721588134766e-01
4.667389094829559326e-01
4.381931424140930176e-01
4.120215177536010742e-01
4.213526546955108643e-01
4.451160430908203125e-01
4.027545154094696045e-01
4.648473560810089111e-01
6.705820560455322266e-01
4.975976347923278809e-01
4.033134579658508301e-01
3.854430913925170898e-01
3.329582810401916504e-01
4.189646244049072266e-01
2.787316441535949707e-01
3.174170851707458496e-01
4.654628634452819824e-01
6.452895998954772949e-01
1.781353592872619629e+00
1.578040242195129395e+00
1.157656431198120117e+00
1.883014678955078125e+00
2.277244329452514648e+00
2.437266588211059570e+00
1.545084238052368164e+00
8.909775018692016602e-01
1.464560508728027344e+00
9.086297750473022461e-01
7.514050006866455078e-01
8.384519219398498535e-01
6.472942233085632324e-01
8.142446279525756836e-01
8.451055884361267090e-01
8.733853697776794434e-01
6.603243350982666016e-01
6.251251697540283203e-01
6.101948022842407227e-01
8.115223646163940430e-01
7.118002176284790039e-01
8.742397427558898926e-01
6.451631188392639160e-01
5.385485887527465820e-01
5.168168544769287109e-01
5.117187500000000000e-01
7.732444405555725098e-01
6.217700242996215820e-01
5.654860138893127441e-01
5.296626091003417969e-01
7.144187092781066895e-01
5.161477923393249512e-01
6.378942728042602539e-01
1.015833258628845215e+00
1.022976994514465332e+00
7.067480683326721191e-01
5.064768195152282715e-01
5.648249983787536621e-01
3.415755331516265869e-01
2.994258999824523926e-01
4.443912506103515625e-01
3.718482851982116699e-01
6.350104808807373047e-01
5.982239246368408203e-01
5.475143194198608398e-01
6.434875726699829102e-01
6.982513070106506348e-01
4.438147246837615967e-01
4.105677008628845215e-01
7.183424234390258789e-01
1.068301320075988770e+00
9.037826061248779297e-01
5.019707083702087402e-01
3.317155838012695312e-01
7.510918378829956055e-01
6.815835237503051758e-01
6.029762029647827148e-01
3.624450266361236572e-01
6.080383062362670898e-01
6.405499577522277832e-01
7.978427410125732422e-01
7.154859304428100586e-01
3.668276071548461914e-01
3.812913894653320312e-01
3.729963004589080811e-01
4.056272506713867188e-01
4.888027608394622803e-01
3.394291102886199951e-01
4.111722111701965332e-01
4.102346897125244141e-01
4.844282269477844238e-01
4.228669404983520508e-01
4.822157025337219238e-01
4.294106066226959229e-01
5.077548623085021973e-01
4.226947426795959473e-01
3.582122921943664551e-01
4.597577452659606934e-01
4.367420673370361328e-01
3.508287668228149414e-01
3.409760594367980957e-01
3.982043266296386719e-01
3.169527351856231689e-01
4.049888253211975098e-01
3.877116739749908447e-01
4.189685583114624023e-01
2.264856100082397461e-01
2.618368864059448242e-01
4.204500317573547363e-01
5.227345824241638184e-01
5.121796131134033203e-01
3.983626365661621094e-01
3.215306103229522705e-01
3.346229195594787598e-01
3.615228533744812012e-01
3.404405415058135986e-01
3.933977484703063965e-01
4.264667332172393799e-01
3.635610640048980713e-01
3.561450242996215820e-01
5.067980289459228516e-01
6.658048629760742188e-01
6.456833481788635254e-01
4.456551671028137207e-01
4.940179586410522461e-01
4.520824551582336426e-01
6.664308905601501465e-01
3.846017420291900635e-01
4.648036658763885498e-01
4.862325489521026611e-01
6.111282110214233398e-01
5.759283304214477539e-01
3.155586123466491699e-01
2.099259346723556519e-01
3.904250264167785645e-01
3.938051462173461914e-01
4.102475643157958984e-01
3.055127859115600586e-01
3.846271336078643799e-01
2.994215190410614014e-01
3.328155875205993652e-01
3.640457391738891602e-01
5.380635261535644531e-01
6.328392624855041504e-01
2.410707324743270874e-01
4.008907675743103027e-01
5.757255554199218750e-01
3.311316370964050293e-01
3.835912346839904785e-01
4.314336776733398438e-01
2.654569447040557861e-01
3.068755567073822021e-01
2.825794517993927002e-01
3.267391324043273926e-01
3.614726960659027100e-01
2.906570732593536377e-01
3.229896426200866699e-01
3.752892613410949707e-01
4.477509260177612305e-01
3.472046554088592529e-01
3.091085553169250488e-01
3.667377531528472900e-01
5.585830211639404297e-01
5.527330636978149414e-01
3.294731676578521729e-01
3.015069961547851562e-01
3.938203454017639160e-01
4.098885953426361084e-01
6.526696085929870605e-01
1.065621018409729004e+00
5.687776207923889160e-01
8.768798708915710449e-01
9.992117285728454590e-01
1.409076333045959473e+00
1.263649821281433105e+00
1.060900092124938965e+00
1.407337903976440430e+00
1.205654263496398926e+00
9.806497693061828613e-01
2.021463394165039062e+00
1.880636930465698242e+00
9.909400343894958496e-01
5.848098993301391602e-01
6.343874335289001465e-01
9.066898226737976074e-01
6.797100901603698730e-01
6.680541038513183594e-01
5.664393305778503418e-01
5.577868223190307617e-01
6.463438868522644043e-01
3.822811841964721680e-01
4.945759177207946777e-01
6.195979714393615723e-01
4.222947657108306885e-01
3.689055442810058594e-01
4.754937291145324707e-01
4.424810707569122314e-01
6.184389591217041016e-01
3.400432169437408447e-01
3.820447325706481934e-01
4.500771760940551758e-01
4.726389050483703613e-01
4.458800554275512695e-01
4.633438587188720703e-01
7.538936138153076172e-01
6.968391537666320801e-01
3.120227754116058350e-01
3.647185266017913818e-01
6.493334770202636719e-01
5.741875171661376953e-01
8.166954517364501953e-01
1.138186335563659668e+00
1.175858497619628906e+00
1.031990885734558105e+00
7.249841094017028809e-01
4.048645496368408203e-01
4.911214411258697510e-01
5.774221420288085938e-01
7.709391117095947266e-01
9.949169754981994629e-01
8.539993762969970703e-01
8.296979069709777832e-01
5.432520508766174316e-01
7.864640951156616211e-01
7.935737371444702148e-01
9.951879978179931641e-01
1.215728521347045898e+00
5.756743550300598145e-01
7.082799673080444336e-01
4.549601078033447266e-01
4.998756945133209229e-01
4.925038814544677734e-01
6.214737296104431152e-01
6.617782711982727051e-01
1.227873802185058594e+00
1.184952735900878906e+00
8.138996362686157227e-01
4.059692621231079102e-01
4.285877346992492676e-01
5.194166302680969238e-01
3.132675886154174805e-01
5.354988574981689453e-01
5.982439517974853516e-01
2.803431153297424316e-01
2.787377834320068359e-01
5.112459063529968262e-01
8.242462873458862305e-01
2.821956872940063477e-01
3.300484716892242432e-01
7.144317030906677246e-01
6.766360998153686523e-01
4.454388022422790527e-01
2.583526968955993652e-01
4.100672006607055664e-01
3.533068895339965820e-01
3.584239780902862549e-01
3.724404275417327881e-01
3.057860136032104492e-01
5.537664294242858887e-01
1.364328622817993164e+00
1.580969810485839844e+00
9.456604123115539551e-01
9.205614328384399414e-01
1.058386802673339844e+00
5.104297995567321777e-01
4.775697886943817139e-01
7.784086465835571289e-01
6.434362530708312988e-01
5.368742942810058594e-01
4.103133976459503174e-01
5.536059141159057617e-01
5.759221315383911133e-01
6.384074687957763672e-01
3.177578449249267578e-01
5.530015230178833008e-01
4.289152026176452637e-01
4.310955405235290527e-01
4.403510391712188721e-01
6.568044424057006836e-01
5.340551733970642090e-01
6.682255268096923828e-01
5.344807505607604980e-01
4.701902866363525391e-01
3.648361265659332275e-01
2.742284238338470459e-01
3.952346146106719971e-01
4.631443917751312256e-01
3.648068904876708984e-01
4.906219840049743652e-01
4.676001369953155518e-01
3.072149753570556641e-01
3.514016270637512207e-01
3.859655857086181641e-01
3.497792184352874756e-01
3.015541732311248779e-01
4.090440869331359863e-01
2.469427734613418579e-01
3.296062946319580078e-01
2.945973277091979980e-01
3.699089884757995605e-01
5.082747340202331543e-01
2.816474437713623047e-01
4.331330060958862305e-01
2.887343466281890869e-01
4.222017526626586914e-01
4.420846700668334961e-01
5.049616694450378418e-01
4.563030600547790527e-01
2.090827226638793945e-01
2.941985428333282471e-01
3.418814241886138916e-01
3.206874430179595947e-01
4.004804790019989014e-01
3.970703482627868652e-01
3.059793114662170410e-01
4.392651617527008057e-01
8.210099339485168457e-01
9.315330386161804199e-01
5.032583475112915039e-01
2.083551287651062012e-01
3.278811573982238770e-01
5.875410437583923340e-01
9.926907420158386230e-01
6.973538398742675781e-01
7.453545331954956055e-01
9.883407354354858398e-01
4.199841022491455078e-01
2.376266568899154663e-01
7.831388115882873535e-01
9.212200045585632324e-01
6.886332035064697266e-01
5.644140243530273438e-01
9.035238027572631836e-01
8.214927911758422852e-01
6.550983786582946777e-01
3.658509850502014160e-01
3.334604799747467041e-01
4.727241694927215576e-01
3.563397526741027832e-01
5.024064779281616211e-01
3.615824878215789795e-01
4.461122155189514160e-01
4.237666130065917969e-01
3.918750286102294922e-01
5.955355167388916016e-01
3.636959791183471680e-01
3.264399766921997070e-01
3.270125985145568848e-01
3.036037981510162354e-01
2.831949293613433838e-01
4.317775964736938477e-01
3.945979475975036621e-01
3.261932730674743652e-01
3.057254552841186523e-01
3.807557821273803711e-01
4.541648626327514648e-01
2.268198728561401367e-01
3.300241529941558838e-01
4.592839479446411133e-01
4.438799321651458740e-01
4.829287827014923096e-01
6.773173213005065918e-01
5.193166732788085938e-01
6.472871899604797363e-01
6.515334844589233398e-01
7.833963036537170410e-01
7.412354350090026855e-01
5.963194370269775391e-01
4.280239939689636230e-01
3.633105754852294922e-01
5.007601380348205566e-01
3.877581954002380371e-01
3.030424118041992188e-01
3.163263499736785889e-01
4.712035655975341797e-01
6.533029675483703613e-01
9.826359152793884277e-01
7.911894917488098145e-01
5.050781965255737305e-01
7.977133393287658691e-01
1.231886863708496094e+00
4.336445927619934082e-01
2.945582866668701172e-01
5.876641273498535156e-01
7.079241275787353516e-01
5.371551513671875000e-01
4.638102650642395020e-01
2.809842228889465332e-01
3.087354302406311035e-01
4.507244527339935303e-01
3.391825854778289795e-01
4.820248782634735107e-01
5.587127804756164551e-01
3.021901845932006836e-01
3.206742107868194580e-01
6.342936754226684570e-01
4.033454358577728271e-01
3.270971179008483887e-01
2.941846549510955811e-01
2.966013252735137939e-01
2.964815497398376465e-01
3.837295770645141602e-01
4.258225560188293457e-01
4.933120608329772949e-01
5.041526556015014648e-01
4.440349638462066650e-01
3.255794048309326172e-01
5.676800012588500977e-01
2.512618303298950195e-01
5.195420980453491211e-01
1.120234727859497070e+00
1.320209860801696777e+00
1.920888543128967285e+00
3.288644552230834961e+00
1.120359897613525391e+00
6.829044222831726074e-01
8.292995691299438477e-01
1.006428599357604980e+00
1.017868876457214355e+00
5.725760459899902344e-01
6.568263769149780273e-01
5.931348204612731934e-01
7.120590806007385254e-01
4.723756909370422363e-01
5.832008123397827148e-01
4.490214288234710693e-01
5.886248946189880371e-01
5.478836297988891602e-01
7.885109782218933105e-01
7.109970450401306152e-01
6.332315206527709961e-01
4.567343890666961670e-01
3.535679578781127930e-01
3.572054803371429443e-01
3.495632410049438477e-01
4.371742606163024902e-01
3.736330270767211914e-01
5.323173999786376953e-01
4.200074970722198486e-01
3.931475281715393066e-01
4.788013100624084473e-01
4.019682407379150391e-01
3.338491320610046387e-01
4.602645933628082275e-01
5.483703017234802246e-01
2.872391343116760254e-01
3.117469549179077148e-01
3.504352867603302002e-01
3.147273361682891846e-01
3.200237751007080078e-01
3.394610285758972168e-01
3.652736544609069824e-01
4.206296801567077637e-01
2.834345102310180664e-01
2.389198094606399536e-01
6.086973547935485840e-01
5.473993420600891113e-01
4.102313816547393799e-01
2.620089948177337646e-01
3.565848469734191895e-01
3.137582242488861084e-01
2.434977144002914429e-01
3.749713301658630371e-01
2.695980370044708252e-01
3.152827024459838867e-01
3.441156744956970215e-01
3.839764893054962158e-01
7.781545519828796387e-01
8.415764570236206055e-01
2.594640851020812988e-01
4.529724121093750000e-01
3.763012886047363281e-01
2.495765686035156250e-01
4.248777627944946289e-01
3.879976272583007812e-01
2.117190808057785034e-01
3.209561705589294434e-01
4.342622756958007812e-01
2.638260424137115479e-01
3.286215662956237793e-01
3.768751919269561768e-01
5.706398487091064453e-01
9.083523750305175781e-01
5.836954712867736816e-01
3.600981235504150391e-01
2.949382662773132324e-01
2.927943468093872070e-01
3.396077752113342285e-01
4.151656627655029297e-01
3.836848735809326172e-01
2.427559047937393188e-01
3.765625357627868652e-01
2.341890186071395874e-01
5.180689096450805664e-01
4.244076609611511230e-01
3.699864447116851807e-01
4.251395165920257568e-01
3.934622406959533691e-01
2.187843471765518188e-01
1.869587302207946777e-01
3.464531600475311279e-01
5.063853263854980469e-01
4.843128323554992676e-01
9.412916302680969238e-01
1.052940607070922852e+00
1.548767328262329102e+00
1.271958947181701660e+00
3.343223571777343750e+00
5.601725101470947266e+00
2.220578193664550781e+00
1.575671553611755371e+00
1.115894317626953125e+00
1.649263858795166016e+00
1.157247781753540039e+00
1.061056375503540039e+00
1.160862684249877930e+00
7.188026905059814453e-01
7.979233860969543457e-01
7.133625745773315430e-01
1.082489728927612305e+00
1.170820951461791992e+00
5.955864191055297852e-01
4.501523077487945557e-01
4.073271751403808594e-01
6.546015739440917969e-01
7.092109918594360352e-01
6.088867187500000000e-01
5.439924001693725586e-01
8.443182706832885742e-01
6.947429776191711426e-01
3.939081728458404541e-01
4.690447449684143066e-01
4.039472639560699463e-01
2.624864876270294189e-01
3.767078518867492676e-01
5.525138974189758301e-01
4.083964228630065918e-01
4.964108467102050781e-01
3.600517511367797852e-01
5.521801114082336426e-01
4.828006625175476074e-01
3.049446940422058105e-01
4.171422123908996582e-01
5.670546889305114746e-01
5.813696980476379395e-01
3.584212362766265869e-01
4.245266318321228027e-01
3.653643727302551270e-01
5.942998528480529785e-01
6.933111548423767090e-01
6.228886246681213379e-01
3.057123422622680664e-01
4.975256323814392090e-01
3.972786664962768555e-01
5.201047062873840332e-01
3.678640127182006836e-01
5.831420421600341797e-01
5.693880319595336914e-01
4.463830292224884033e-01
4.316014349460601807e-01
6.348083019256591797e-01
7.285048365592956543e-01
5.603368282318115234e-01
4.848222136497497559e-01
4.034700691699981689e-01
3.252769708633422852e-01
3.257525563240051270e-01
4.882747530937194824e-01
4.298608303070068359e-01
4.282928109169006348e-01
2.710887789726257324e-01
3.273675143718719482e-01
5.065500736236572266e-01
4.062519669532775879e-01
3.411897122859954834e-01
2.984262406826019287e-01
3.879635334014892578e-01
4.456964433193206787e-01
4.227972626686096191e-01
2.589120268821716309e-01
2.550697922706604004e-01
1.522442400455474854e-01
2.750353217124938965e-01
3.659992814064025879e-01
2.959294319152832031e-01
3.125496506690979004e-01
3.677099943161010742e-01
2.711462676525115967e-01
2.625881433486938477e-01
2.627794742584228516e-01
3.556922674179077148e-01
3.013591468334197998e-01
3.605680465698242188e-01
4.477797448635101318e-01
6.412804126739501953e-01
7.066544294357299805e-01
8.940720558166503906e-01
1.419890284538269043e+00
1.671854257583618164e+00
1.091583371162414551e+00
6.755349636077880859e-01
3.275767266750335693e-01
4.079139232635498047e-01
3.462256491184234619e-01
3.395455181598663330e-01
5.131707191467285156e-01
3.980234563350677490e-01
6.321235299110412598e-01
5.405723452568054199e-01
3.309289515018463135e-01
4.782933890819549561e-01
3.039105534553527832e-01
3.513693809509277344e-01
3.376466631889343262e-01
3.225104212760925293e-01
4.087551832199096680e-01
3.438261747360229492e-01
5.101907253265380859e-01
3.223759531974792480e-01
3.503264784812927246e-01
4.512430429458618164e-01
2.984556555747985840e-01
2.987609207630157471e-01
3.858494758605957031e-01
3.085880875587463379e-01
2.672946453094482422e-01
3.559624552726745605e-01
3.389125168323516846e-01
4.389183819293975830e-01
5.783667564392089844e-01
5.277569293975830078e-01
2.598918676376342773e-01
2.810055613517761230e-01
2.581432759761810303e-01
4.894715547561645508e-01
4.052333533763885498e-01
3.187387585639953613e-01
3.156936168670654297e-01
5.238434076309204102e-01
6.845116615295410156e-01
8.557282090187072754e-01
5.364328026771545410e-01
2.433432042598724365e-01
2.732601761817932129e-01
2.624557316303253174e-01
1.929349154233932495e-01
3.632676899433135986e-01
5.763126015663146973e-01
4.124061763286590576e-01
2.567425966262817383e-01
2.601273655891418457e-01
2.531200945377349854e-01
3.082110285758972168e-01
3.210630416870117188e-01
7.704630494117736816e-01
9.867352247238159180e-01
5.493032336235046387e-01
5.915650725364685059e-01
1.150038957595825195e+00
2.241703033447265625e+00
1.221777558326721191e+00
1.523142695426940918e+00
2.092673301696777344e+00
2.230915784835815430e+00
1.659316539764404297e+00
5.820213556289672852e-01
7.652670741081237793e-01
9.563366174697875977e-01
1.071173906326293945e+00
1.145844101905822754e+00
8.207550644874572754e-01
5.399267077445983887e-01
6.100321412086486816e-01
4.706523120403289795e-01
6.693159341812133789e-01
4.970094561576843262e-01
6.829386949539184570e-01
4.333618283271789551e-01
7.392624616622924805e-01
7.369793653488159180e-01
1.073152303695678711e+00
5.310405492782592773e-01
3.970457911491394043e-01
6.830840706825256348e-01
5.263817310333251953e-01
5.365144014358520508e-01
5.900199413299560547e-01
5.652339458465576172e-01
5.148823857307434082e-01
6.301853060722351074e-01
6.598863601684570312e-01
7.207285165786743164e-01
9.544060826301574707e-01
6.882477402687072754e-01
4.758227467536926270e-01
5.218847393989562988e-01
5.014405846595764160e-01
5.360847711563110352e-01
3.815730810165405273e-01
6.178242564201354980e-01
3.350024521350860596e-01
5.186751484870910645e-01
6.021793484687805176e-01
3.763556182384490967e-01
3.667299151420593262e-01
2.457114905118942261e-01
4.051296710968017578e-01
5.002764463424682617e-01
4.433490335941314697e-01
5.526906847953796387e-01
4.260299503803253174e-01
3.530799746513366699e-01
3.130732178688049316e-01
3.839149475097656250e-01
6.810218095779418945e-01
7.348754405975341797e-01
4.804990589618682861e-01
3.392561078071594238e-01
4.608646929264068604e-01
4.829033613204956055e-01
4.295900464057922363e-01
3.403242826461791992e-01
3.113384842872619629e-01
4.795082807540893555e-01
5.538568496704101562e-01
4.207051992416381836e-01
1.531280726194381714e-01
