3.921655893325805664e+00
5.567818164825439453e+00
6.360884189605712891e+00
5.528657913208007812e+00
6.722366333007812500e+00
7.138254165649414062e+00
6.892981529235839844e+00
8.277665138244628906e+00
7.913439750671386719e+00
9.440939903259277344e+00
7.707517623901367188e+00
1.021936798095703125e+01
7.954628467559814453e+00
1.037527084350585938e+01
8.397293090820312500e+00
1.230840682983398438e+01
9.534221649169921875e+00
1.220496559143066406e+01
9.141048431396484375e+00
1.341929340362548828e+01
1.124348545074462891e+01
7.890982627868652344e+00
1.785079193115234375e+01
1.801960372924804688e+01
1.225018215179443359e+01
5.836248874664306641e+00
2.101065254211425781e+01
2.402758789062500000e+01
2.039957237243652344e+01
1.266656780242919922e+01
5.130104064941406250e+00
2.043978881835937500e+01
2.384512519836425781e+01
2.069416427612304688e+01
1.297066497802734375e+01
5.686779499053955078e+00
2.213998413085937500e+01
2.529096603393554688e+01
2.209027099609375000e+01
1.468138885498046875e+01
5.454905033111572266e+00
2.110313034057617188e+01
2.472655677795410156e+01
2.231445312500000000e+01
1.640518951416015625e+01
9.569963455200195312e+00
6.738271713256835938e+00
1.833464050292968750e+01
2.039792633056640625e+01
1.727271652221679688e+01
1.149688148498535156e+01
5.363449573516845703e+00
2.261547088623046875e+01
2.619264411926269531e+01
2.442760467529296875e+01
1.950217628479003906e+01
1.316797351837158203e+01
6.824420452117919922e+00
1.103281402587890625e+01
1.036692047119140625e+01
6.803784370422363281e+00
1.856112861633300781e+01
2.031876564025878906e+01
1.648960876464843750e+01
9.737688064575195312e+00
6.494204998016357422e+00
1.861383438110351562e+01
2.049937057495117188e+01
1.690787124633789062e+01
9.784995079040527344e+00
5.468455314636230469e+00
2.230197525024414062e+01
2.473487472534179688e+01
2.202846145629882812e+01
1.723211669921875000e+01
1.054403495788574219e+01
5.178810596466064453e+00
2.448785400390625000e+01
2.616050720214843750e+01
2.332834434509277344e+01
1.808020401000976562e+01
1.108205032348632812e+01
4.461994647979736328e+00
2.101024436950683594e+01
2.452227973937988281e+01
2.193406295776367188e+01
1.612178421020507812e+01
9.313234329223632812e+00
5.354397773742675781e+00
1.975147056579589844e+01
2.226591873168945312e+01
1.839895248413085938e+01
1.158773708343505859e+01
5.605188369750976562e+00
2.137049865722656250e+01
2.298401641845703125e+01
1.947087478637695312e+01
1.128888988494873047e+01
4.538098335266113281e+00
1.704847717285156250e+01
1.332606124877929688e+01
7.224716186523437500e+00
4.883388519287109375e+00
8.740215301513671875e+00
6.087469100952148438e+00
3.597874641418457031e+00
8.529643058776855469e+00
6.143166065216064453e+00
2.576957702636718750e+00
9.359362602233886719e+00
5.030630111694335938e+00
2.069586753845214844e+00
6.876171588897705078e+00
6.407427787780761719e+00
2.862361192703247070e+00
4.689552307128906250e+00
5.127205848693847656e+00
3.167292356491088867e+00
5.584879398345947266e+00
2.066215991973876953e+00
7.949336051940917969e+00
4.629980087280273438e+00
2.750754833221435547e+00
6.252769947052001953e+00
3.221419095993041992e+00
3.770838737487792969e+00
4.026736736297607422e+00
2.421463727951049805e+00
7.397738933563232422e+00
1.729048490524291992e+00
3.978019237518310547e+00
3.519553184509277344e+00
2.394634723663330078e+00
3.175808191299438477e+00
3.413987636566162109e+00
2.308397054672241211e+00
4.720261573791503906e+00
2.739440441131591797e+00
3.070331096649169922e+00
3.240597963333129883e+00
2.939502000808715820e+00
2.826128482818603516e+00
3.379168033599853516e+00
3.498735904693603516e+00
3.147722721099853516e+00
4.217425346374511719e+00
1.438788771629333496e+00
6.631313323974609375e+00
3.844368457794189453e+00
1.948709249496459961e+00
5.157746315002441406e+00
3.359739065170288086e+00
2.569701194763183594e+00
3.950304031372070312e+00
2.737554073333740234e+00
3.730314016342163086e+00
3.457019567489624023e+00
3.526500463485717773e+00
3.018915891647338867e+00
3.091245651245117188e+00
3.161974906921386719e+00
3.235082149505615234e+00
2.996268272399902344e+00
3.772415399551391602e+00
3.210508823394775391e+00
3.764791011810302734e+00
2.702801465988159180e+00
4.445974349975585938e+00
2.283675432205200195e+00
5.043311119079589844e+00
3.434648036956787109e+00
2.527994155883789062e+00
4.301861763000488281e+00
3.241127490997314453e+00
2.972046613693237305e+00
3.783499240875244141e+00
2.764478206634521484e+00
3.051873445510864258e+00
3.323068380355834961e+00
4.280619144439697266e+00
2.908991813659667969e+00
3.217030525207519531e+00
4.670758247375488281e+00
2.700904846191406250e+00
4.595758914947509766e+00
3.713847398757934570e+00
3.360323905944824219e+00
3.842502593994140625e+00
3.706591844558715820e+00
3.867520332336425781e+00
3.039776563644409180e+00
4.703698158264160156e+00
3.971141815185546875e+00
3.182298660278320312e+00
5.295942306518554688e+00
3.742442131042480469e+00
3.319364070892333984e+00
6.456402778625488281e+00
5.092456817626953125e+00
3.681414127349853516e+00
5.043176651000976562e+00
4.126613616943359375e+00
4.706892013549804688e+00
4.818087577819824219e+00
4.352597713470458984e+00
4.898161888122558594e+00
4.244329452514648438e+00
5.632997035980224609e+00
4.466007232666015625e+00
6.822335243225097656e+00
4.492498874664306641e+00
5.772484779357910156e+00
4.803231239318847656e+00
5.494745254516601562e+00
5.205737113952636719e+00
5.006382465362548828e+00
5.588608264923095703e+00
4.663163185119628906e+00
5.884668350219726562e+00
5.081068038940429688e+00
4.458898067474365234e+00
6.336797714233398438e+00
5.533885955810546875e+00
4.648320198059082031e+00
5.802474021911621094e+00
5.228029727935791016e+00
5.115611076354980469e+00
5.415864944458007812e+00
5.255971908569335938e+00
5.936812400817871094e+00
5.174965381622314453e+00
8.723762512207031250e+00
6.642613410949707031e+00
7.968710899353027344e+00
6.427036285400390625e+00
7.350653648376464844e+00
6.168636798858642578e+00
9.442907333374023438e+00
3.171898603439331055e+00
1.865902137756347656e+01
1.069825363159179688e+01
4.344028472900390625e+00
1.195896530151367188e+01
9.176412582397460938e+00
4.896636009216308594e+00
3.984001159667968750e+00
6.755607604980468750e+00
5.565174102783203125e+00
4.073643207550048828e+00
4.494078159332275391e+00
4.840891838073730469e+00
4.538794994354248047e+00
4.929232597351074219e+00
5.567569732666015625e+00
4.879732131958007812e+00
7.364132881164550781e+00
5.046414852142333984e+00
3.878923892974853516e+00
7.138265609741210938e+00
6.618557929992675781e+00
4.259308815002441406e+00
4.468070030212402344e+00
6.175717353820800781e+00
5.521388530731201172e+00
4.402399063110351562e+00
4.352404117584228516e+00
5.011782646179199219e+00
5.260708808898925781e+00
4.078764438629150391e+00
5.233875274658203125e+00
4.634789466857910156e+00
4.313783645629882812e+00
4.981230735778808594e+00
4.632012367248535156e+00
4.493505477905273438e+00
4.475813865661621094e+00
4.471295833587646484e+00
4.325752258300781250e+00
4.470854759216308594e+00
4.873621940612792969e+00
4.859040260314941406e+00
4.769883632659912109e+00
4.534684181213378906e+00
4.697898864746093750e+00
5.139938354492187500e+00
5.108822345733642578e+00
6.064151763916015625e+00
6.076814651489257812e+00
7.582127094268798828e+00
5.778655052185058594e+00
7.051086902618408203e+00
7.175575256347656250e+00
5.963507175445556641e+00
7.525343418121337891e+00
6.851510047912597656e+00
4.360840797424316406e+00
7.158110618591308594e+00
6.923281669616699219e+00
5.611038684844970703e+00
4.917561531066894531e+00
6.076700687408447266e+00
5.968367099761962891e+00
4.647762775421142578e+00
6.779644966125488281e+00
5.402227401733398438e+00
6.231826782226562500e+00
5.402487754821777344e+00
7.265768527984619141e+00
5.357527256011962891e+00
5.344278335571289062e+00
5.921137809753417969e+00
5.571567535400390625e+00
5.739687919616699219e+00
5.591415405273437500e+00
5.241774559020996094e+00
5.851163864135742188e+00
5.464912414550781250e+00
5.466770172119140625e+00
6.135528564453125000e+00
5.374656677246093750e+00
4.650108337402343750e+00
9.939756393432617188e+00
5.899755477905273438e+00
7.660254001617431641e+00
6.426671981811523438e+00
5.332226276397705078e+00
7.031188011169433594e+00
4.995519638061523438e+00
7.969281196594238281e+00
2.596132278442382812e+00
1.269843101501464844e+01
7.103031158447265625e+00
3.616434812545776367e+00
6.770483016967773438e+00
5.121296405792236328e+00
3.601700782775878906e+00
6.729084968566894531e+00
2.646120309829711914e+00
6.818193435668945312e+00
5.251646995544433594e+00
2.904347419738769531e+00
5.686244487762451172e+00
4.817465782165527344e+00
2.363549232482910156e+00
6.622941970825195312e+00
4.308072090148925781e+00
3.959531784057617188e+00
4.698783397674560547e+00
3.503557682037353516e+00
5.011246204376220703e+00
2.583908796310424805e+00
5.314572811126708984e+00
2.802541732788085938e+00
3.944740772247314453e+00
4.912815570831298828e+00
1.232552051544189453e+00
8.329856872558593750e+00
2.561619043350219727e+00
4.096595287322998047e+00
4.473916053771972656e+00
3.126542806625366211e+00
3.946702003479003906e+00
2.558696269989013672e+00
4.708396434783935547e+00
2.690900564193725586e+00
3.243491649627685547e+00
2.465526819229125977e+00
3.702269077301025391e+00
2.868015766143798828e+00
3.490336418151855469e+00
3.165472745895385742e+00
3.812372446060180664e+00
2.581040859222412109e+00
4.136911869049072266e+00
1.648559093475341797e+00
5.269587993621826172e+00
1.476860284805297852e+00
4.962724685668945312e+00
2.588674545288085938e+00
2.793884754180908203e+00
4.783443927764892578e+00
8.244302868843078613e-01
5.305622100830078125e+00
3.191875457763671875e+00
2.843762874603271484e+00
4.026846885681152344e+00
3.134781837463378906e+00
2.705567359924316406e+00
4.249969482421875000e+00
2.060444355010986328e+00
4.463400363922119141e+00
9.984258413314819336e-01
7.884021282196044922e+00
3.452147006988525391e+00
2.849153041839599609e+00
4.185783863067626953e+00
2.772013187408447266e+00
3.736632347106933594e+00
2.844601154327392578e+00
3.495653152465820312e+00
3.086987972259521484e+00
3.920367956161499023e+00
4.686188697814941406e+00
3.041963815689086914e+00
4.352516174316406250e+00
3.569742679595947266e+00
2.857236862182617188e+00
4.573392868041992188e+00
2.781095981597900391e+00
3.061847686767578125e+00
4.467422962188720703e+00
2.372968435287475586e+00
7.283413410186767578e+00
2.438568115234375000e+00
4.403218269348144531e+00
4.604509830474853516e+00
3.619552135467529297e+00
4.606836318969726562e+00
3.740454673767089844e+00
4.645777702331542969e+00
2.784704685211181641e+00
3.793070077896118164e+00
9.377087354660034180e-01
1.040155982971191406e+01
9.151106476783752441e-01
3.695740222930908203e+00
3.835183620452880859e+00
1.976751089096069336e+00
3.784083366394042969e+00
1.958426117897033691e+00
4.991153717041015625e+00
2.585244417190551758e+00
4.917428493499755859e+00
3.337336301803588867e+00
4.118929862976074219e+00
3.793950080871582031e+00
4.538603782653808594e+00
3.386423587799072266e+00
4.653856277465820312e+00
3.856801986694335938e+00
3.869779348373413086e+00
5.887417316436767578e+00
4.350686073303222656e+00
5.190399169921875000e+00
3.781226873397827148e+00
5.961284637451171875e+00
3.966084003448486328e+00
6.311310768127441406e+00
5.361167430877685547e+00
4.522018909454345703e+00
6.877063751220703125e+00
4.432315826416015625e+00
5.254747867584228516e+00
5.399576187133789062e+00
4.896520614624023438e+00
4.626287460327148438e+00
4.781761169433593750e+00
4.918133735656738281e+00
3.771955013275146484e+00
7.640362262725830078e+00
4.787789344787597656e+00
7.891763210296630859e+00
3.215775489807128906e+00
7.630039215087890625e+00
4.444738388061523438e+00
4.388682842254638672e+00
5.815335273742675781e+00
2.286840200424194336e+00
6.994617938995361328e+00
5.262483596801757812e+00
5.375104427337646484e+00
6.447377681732177734e+00
1.975209474563598633e+00
7.519868373870849609e+00
1.980302333831787109e+00
9.047981262207031250e+00
2.778635263442993164e+00
3.940238237380981445e+00
4.510596275329589844e+00
2.659745931625366211e+00
4.690755844116210938e+00
2.247772932052612305e+00
4.250348091125488281e+00
3.143742084503173828e+00
3.455775976181030273e+00
4.575751304626464844e+00
3.528110980987548828e+00
3.598451137542724609e+00
4.471764087677001953e+00
3.815054893493652344e+00
3.868221282958984375e+00
4.954258441925048828e+00
3.599131584167480469e+00
4.981432914733886719e+00
4.917341709136962891e+00
5.154608726501464844e+00
3.855246067047119141e+00
8.594439506530761719e+00
2.046574592590332031e+00
6.645975112915039062e+00
1.551426053047180176e+00
9.233817100524902344e+00
3.835556030273437500e+00
2.440503120422363281e+00
6.086350917816162109e+00
4.127581596374511719e+00
3.800272464752197266e+00
4.901008605957031250e+00
3.339987516403198242e+00
4.353322982788085938e+00
4.351604938507080078e+00
3.991683244705200195e+00
4.276022911071777344e+00
4.398888111114501953e+00
5.364230155944824219e+00
2.721431255340576172e+00
7.170622348785400391e+00
3.623535633087158203e+00
4.537694454193115234e+00
5.009883403778076172e+00
3.859017372131347656e+00
3.992110729217529297e+00
4.705777168273925781e+00
3.875834465026855469e+00
4.936173439025878906e+00
4.017261505126953125e+00
5.907127380371093750e+00
2.504399776458740234e+00
6.764047622680664062e+00
1.688037037849426270e+00
8.089761734008789062e+00
1.160784840583801270e+00
2.955530405044555664e+00
4.392000198364257812e+00
2.899126529693603516e+00
2.555970191955566406e+00
3.581452369689941406e+00
2.506528377532958984e+00
2.849967002868652344e+00
1.843809604644775391e+00
4.974077224731445312e+00
3.608447313308715820e+00
3.207403182983398438e+00
4.765069484710693359e+00
2.793865442276000977e+00
4.081281185150146484e+00
3.803755044937133789e+00
4.516763687133789062e+00
3.024962186813354492e+00
7.265318870544433594e+00
4.444243431091308594e+00
4.226139545440673828e+00
5.665477752685546875e+00
3.733957767486572266e+00
4.893474578857421875e+00
3.429320335388183594e+00
4.400685310363769531e+00
4.194757461547851562e+00
3.617878913879394531e+00
3.965227127075195312e+00
3.993866682052612305e+00
4.179947853088378906e+00
3.918634414672851562e+00
4.929898738861083984e+00
3.305487394332885742e+00
5.937668800354003906e+00
2.180643081665039062e+00
5.686689376831054688e+00
2.673377990722656250e+00
3.611637830734252930e+00
3.863189220428466797e+00
3.722308635711669922e+00
3.563426971435546875e+00
4.159031391143798828e+00
3.885571956634521484e+00
4.229773044586181641e+00
3.730807304382324219e+00
5.814580440521240234e+00
3.897430419921875000e+00
5.372611045837402344e+00
4.216696739196777344e+00
4.181638717651367188e+00
5.826817512512207031e+00
2.943010807037353516e+00
6.497615337371826172e+00
4.495794773101806641e+00
4.504242897033691406e+00
5.047379493713378906e+00
3.473808765411376953e+00
4.854753494262695312e+00
2.815848827362060547e+00
5.278796195983886719e+00
3.853936910629272461e+00
3.325355768203735352e+00
5.253527641296386719e+00
3.244996070861816406e+00
4.426442146301269531e+00
3.682586908340454102e+00
4.923392295837402344e+00
2.191126346588134766e+00
7.942555427551269531e+00
2.253727197647094727e+00
6.929947853088378906e+00
3.478486061096191406e+00
3.982902050018310547e+00
4.554649353027343750e+00
2.844445466995239258e+00
5.040446758270263672e+00
2.204381704330444336e+00
5.709600448608398438e+00
3.949961662292480469e+00
2.781057119369506836e+00
4.781208038330078125e+00
3.570371866226196289e+00
3.160921335220336914e+00
4.538820266723632812e+00
2.241709470748901367e+00
5.097511291503906250e+00
2.955158710479736328e+00
4.194305419921875000e+00
3.251084089279174805e+00
3.870481014251708984e+00
4.158877849578857422e+00
3.304844617843627930e+00
5.279392719268798828e+00
2.731227636337280273e+00
5.573816776275634766e+00
3.192975997924804688e+00
3.883208274841308594e+00
4.304708480834960938e+00
4.385117530822753906e+00
4.330455780029296875e+00
5.010849475860595703e+00
3.152083158493041992e+00
6.928590297698974609e+00
2.841842412948608398e+00
6.837608337402343750e+00
3.751008510589599609e+00
5.132801055908203125e+00
2.948721885681152344e+00
5.803297996520996094e+00
3.673713207244873047e+00
3.278310060501098633e+00
5.159303665161132812e+00
4.201964855194091797e+00
3.528139591217041016e+00
4.329504013061523438e+00
3.439606189727783203e+00
5.324412345886230469e+00
1.726456761360168457e+00
5.790639877319335938e+00
3.085224628448486328e+00
4.194652557373046875e+00
4.443772315979003906e+00
3.830485105514526367e+00
3.607531547546386719e+00
4.508903026580810547e+00
3.472018480300903320e+00
3.937887191772460938e+00
2.977439880371093750e+00
5.654381752014160156e+00
2.673652410507202148e+00
6.629922866821289062e+00
2.785072088241577148e+00
6.964243412017822266e+00
3.347893714904785156e+00
7.497231483459472656e+00
4.678229331970214844e+00
3.969525098800659180e+00
8.442542076110839844e+00
3.905126094818115234e+00
7.397478103637695312e+00
2.581464767456054688e+00
8.520481109619140625e+00
3.401743412017822266e+00
3.823874235153198242e+00
4.379704952239990234e+00
4.784608840942382812e+00
3.726261854171752930e+00
4.421972751617431641e+00
3.514003753662109375e+00
4.641875743865966797e+00
2.345514774322509766e+00
7.069197654724121094e+00
3.256856203079223633e+00
4.564523220062255859e+00
4.390626907348632812e+00
3.147682189941406250e+00
4.868846416473388672e+00
3.956601619720458984e+00
4.307500839233398438e+00
4.500752925872802734e+00
4.609783649444580078e+00
3.265243768692016602e+00
5.985388278961181641e+00
3.148272275924682617e+00
5.884818077087402344e+00
4.701829910278320312e+00
4.300824165344238281e+00
5.534824371337890625e+00
3.739344120025634766e+00
8.327429771423339844e+00
3.805285930633544922e+00
4.417188644409179688e+00
5.563408374786376953e+00
4.278485774993896484e+00
4.510861396789550781e+00
5.749385356903076172e+00
3.296997070312500000e+00
5.742622852325439453e+00
4.557294368743896484e+00
3.698138713836669922e+00
4.186770439147949219e+00
3.476769447326660156e+00
3.615214824676513672e+00
3.789882898330688477e+00
3.606319189071655273e+00
3.551810264587402344e+00
4.437216758728027344e+00
3.604163646697998047e+00
3.363466739654541016e+00
5.431271076202392578e+00
3.681773662567138672e+00
4.296181678771972656e+00
5.867811203002929688e+00
3.529739856719970703e+00
4.522974967956542969e+00
4.813144683837890625e+00
4.670060157775878906e+00
3.514955520629882812e+00
6.235693454742431641e+00
2.711789369583129883e+00
7.801859378814697266e+00
3.868283271789550781e+00
4.064127922058105469e+00
4.876884460449218750e+00
3.339501142501831055e+00
3.875938415527343750e+00
4.397593498229980469e+00
3.390490531921386719e+00
4.219132900238037109e+00
4.227047920227050781e+00
4.045805454254150391e+00
4.176779747009277344e+00
4.451171875000000000e+00
3.950904130935668945e+00
5.803697109222412109e+00
9.601416587829589844e-01
9.829540252685546875e+00
2.662177562713623047e+00
4.953341484069824219e+00
4.010285377502441406e+00
3.380191802978515625e+00
5.170834064483642578e+00
1.778383970260620117e+00
7.606344699859619141e+00
2.091584205627441406e+00
4.038270950317382812e+00
5.036991119384765625e+00
3.174902439117431641e+00
3.319546937942504883e+00
4.278812408447265625e+00
3.207894325256347656e+00
5.098293304443359375e+00
3.475920915603637695e+00
4.752920627593994141e+00
4.572130203247070312e+00
3.925845146179199219e+00
4.279309272766113281e+00
5.125456809997558594e+00
3.898728132247924805e+00
5.363381862640380859e+00
2.783709764480590820e+00
6.995521545410156250e+00
3.337658405303955078e+00
4.827713012695312500e+00
4.499954223632812500e+00
4.116429328918457031e+00
4.189535140991210938e+00
4.011496543884277344e+00
3.848632335662841797e+00
4.102281570434570312e+00
4.774802207946777344e+00
3.516101837158203125e+00
4.523611068725585938e+00
4.937601089477539062e+00
4.141358375549316406e+00
4.871033668518066406e+00
5.037375926971435547e+00
4.306408405303955078e+00
4.624258041381835938e+00
3.852640628814697266e+00
3.899182081222534180e+00
3.332903861999511719e+00
5.357434749603271484e+00
3.948161125183105469e+00
4.309298515319824219e+00
3.934751033782958984e+00
4.143455505371093750e+00
4.636396408081054688e+00
3.408280372619628906e+00
4.244728088378906250e+00
3.922438621520996094e+00
4.944313049316406250e+00
3.810215950012207031e+00
4.029399394989013672e+00
4.632407188415527344e+00
4.430918693542480469e+00
2.886396884918212891e+00
7.778583526611328125e+00
1.938561320304870605e+00
6.714976787567138672e+00
4.019925117492675781e+00
4.367248058319091797e+00
4.673585891723632812e+00
3.638932704925537109e+00
4.928287506103515625e+00
4.248573303222656250e+00
2.745324134826660156e+00
9.191469192504882812e+00
4.508470535278320312e+00
5.368741035461425781e+00
5.118573665618896484e+00
3.641535758972167969e+00
4.704117774963378906e+00
3.555906295776367188e+00
5.780344486236572266e+00
4.395879745483398438e+00
3.020692825317382812e+00
5.684576988220214844e+00
3.888377666473388672e+00
4.059991359710693359e+00
4.555509090423583984e+00
3.958772420883178711e+00
5.032834053039550781e+00
3.577376127243041992e+00
5.256063461303710938e+00
3.578999996185302734e+00
5.002351760864257812e+00
3.465884208679199219e+00
5.835386276245117188e+00
3.372507095336914062e+00
6.372247219085693359e+00
3.271245241165161133e+00
5.964236259460449219e+00
3.700891494750976562e+00
6.915624618530273438e+00
2.811901092529296875e+00
8.342218399047851562e+00
4.518206119537353516e+00
4.378322601318359375e+00
6.818691253662109375e+00
3.520047187805175781e+00
6.055566310882568359e+00
4.748812198638916016e+00
4.780020713806152344e+00
4.911652565002441406e+00
3.523034095764160156e+00
3.482358932495117188e+00
4.937258720397949219e+00
3.961544036865234375e+00
3.887314796447753906e+00
4.987187385559082031e+00
3.338543891906738281e+00
5.725102424621582031e+00
4.536524772644042969e+00
4.429008960723876953e+00
4.093962192535400391e+00
6.211420536041259766e+00
3.356243133544921875e+00
6.245665073394775391e+00
4.754999160766601562e+00
3.397383213043212891e+00
7.712791919708251953e+00
3.481541633605957031e+00
6.157008647918701172e+00
4.083051681518554688e+00
4.319854736328125000e+00
4.698344707489013672e+00
3.916240692138671875e+00
6.146286010742187500e+00
3.685329914093017578e+00
3.764930725097656250e+00
6.067871093750000000e+00
4.554068565368652344e+00
4.104039192199707031e+00
5.359550476074218750e+00
3.807419776916503906e+00
6.320682048797607422e+00
3.689276695251464844e+00
5.966560363769531250e+00
4.250165939331054688e+00
4.795242309570312500e+00
5.243827819824218750e+00
4.778277873992919922e+00
5.030301094055175781e+00
4.064024925231933594e+00
5.945716857910156250e+00
3.497831344604492188e+00
6.758127212524414062e+00
3.667909145355224609e+00
5.458668708801269531e+00
4.852636337280273438e+00
3.892695426940917969e+00
6.466108798980712891e+00
2.115014553070068359e+00
1.074390602111816406e+01
3.838053703308105469e+00
5.451913833618164062e+00
2.202869892120361328e+00
7.138260841369628906e+00
2.250721752643585205e-01
6.835599899291992188e+00
5.669262886047363281e+00
2.756692409515380859e+00
3.419772148132324219e+00
4.262908935546875000e+00
2.991629362106323242e+00
5.007423400878906250e+00
3.296752691268920898e+00
5.498430252075195312e+00
2.515980958938598633e+00
6.772646427154541016e+00
5.020092964172363281e+00
3.800194263458251953e+00
3.851981163024902344e+00
4.323945999145507812e+00
3.809348106384277344e+00
3.793182849884033203e+00
4.696025371551513672e+00
3.307159185409545898e+00
6.349490165710449219e+00
4.841008663177490234e+00
2.977499246597290039e+00
5.713308334350585938e+00
5.132505416870117188e+00
3.959496021270751953e+00
5.073669433593750000e+00
3.773101806640625000e+00
4.697453498840332031e+00
4.043727397918701172e+00
4.408705711364746094e+00
4.111093997955322266e+00
3.700599193572998047e+00
4.646296501159667969e+00
3.623301982879638672e+00
6.362061500549316406e+00
3.819723129272460938e+00
6.055473804473876953e+00
4.280108451843261719e+00
5.873175621032714844e+00
3.570140600204467773e+00
7.089351654052734375e+00
3.468513727188110352e+00
5.023782253265380859e+00
4.141118049621582031e+00
4.329643249511718750e+00
4.239477157592773438e+00
4.449942111968994141e+00
3.746306896209716797e+00
6.008206367492675781e+00
4.044463157653808594e+00
3.744069576263427734e+00
6.379477977752685547e+00
2.452631950378417969e+00
5.894648551940917969e+00
1.861447572708129883e+00
8.406095504760742188e+00
4.380379676818847656e+00
3.089164018630981445e+00
6.677000045776367188e+00
4.636284828186035156e+00
4.133612632751464844e+00
4.996442794799804688e+00
3.633131742477416992e+00
4.297130584716796875e+00
4.584148406982421875e+00
4.777511596679687500e+00
3.307279586791992188e+00
6.344582557678222656e+00
4.476107597351074219e+00
4.051580429077148438e+00
7.610915660858154297e+00
4.214984416961669922e+00
6.190572261810302734e+00
2.475849390029907227e+00
8.713002204895019531e+00
4.671058177947998047e+00
3.926126956939697266e+00
5.579094409942626953e+00
3.886587619781494141e+00
3.155432462692260742e+00
4.389532089233398438e+00
4.684813022613525391e+00
3.499133110046386719e+00
5.479748249053955078e+00
3.754462242126464844e+00
5.484227657318115234e+00
3.861695289611816406e+00
4.620964050292968750e+00
4.544125556945800781e+00
4.414483070373535156e+00
4.557096481323242188e+00
3.853275060653686523e+00
4.160231590270996094e+00
3.874884128570556641e+00
3.758849620819091797e+00
4.954111099243164062e+00
3.634869575500488281e+00
7.283666133880615234e+00
2.180092096328735352e+00
7.300899505615234375e+00
4.773159980773925781e+00
3.690240383148193359e+00
7.306118488311767578e+00
4.019356727600097656e+00
4.064692497253417969e+00
5.050996303558349609e+00
4.075290679931640625e+00
3.861048936843872070e+00
5.193750381469726562e+00
3.520383358001708984e+00
5.881196975708007812e+00
2.868299961090087891e+00
7.528524398803710938e+00
4.046545982360839844e+00
4.438703536987304688e+00
5.516491889953613281e+00
3.902720451354980469e+00
4.886105537414550781e+00
3.971194267272949219e+00
5.113640308380126953e+00
3.357229232788085938e+00
7.463121414184570312e+00
3.461436748504638672e+00
5.337172508239746094e+00
5.279677391052246094e+00
3.655761718750000000e+00
5.672128677368164062e+00
3.896245956420898438e+00
4.017753601074218750e+00
4.196178436279296875e+00
4.345476627349853516e+00
3.437841415405273438e+00
4.604183673858642578e+00
4.516827583312988281e+00
3.204096794128417969e+00
5.441016197204589844e+00
4.095619201660156250e+00
4.185302734375000000e+00
4.358727931976318359e+00
4.220192909240722656e+00
4.450832366943359375e+00
4.980139732360839844e+00
4.436800003051757812e+00
4.133824348449707031e+00
5.431875228881835938e+00
3.043444633483886719e+00
6.096568107604980469e+00
3.651654005050659180e+00
6.817050457000732422e+00
3.584880352020263672e+00
4.775034427642822266e+00
3.770341873168945312e+00
6.890799522399902344e+00
2.784231185913085938e+00
7.924781799316406250e+00
2.143645763397216797e+00
6.495762825012207031e+00
4.152165889739990234e+00
3.963650703430175781e+00
4.197457790374755859e+00
4.338737010955810547e+00
2.392659664154052734e+00
5.345442771911621094e+00
2.612872123718261719e+00
4.825657367706298828e+00
4.133223533630371094e+00
2.848422050476074219e+00
5.545238494873046875e+00
3.192037343978881836e+00
4.660290718078613281e+00
4.080432891845703125e+00
3.767506122589111328e+00
4.559311866760253906e+00
4.338603973388671875e+00
3.566580295562744141e+00
6.977070808410644531e+00
3.420064687728881836e+00
4.786454200744628906e+00
5.794644832611083984e+00
3.537037134170532227e+00
4.390440464019775391e+00
3.780052423477172852e+00
4.437788009643554688e+00
3.039813756942749023e+00
4.547573089599609375e+00
4.829035282135009766e+00
4.584342956542968750e+00
3.991824626922607422e+00
5.520908355712890625e+00
3.187955856323242188e+00
5.993432998657226562e+00
5.136644363403320312e+00
3.196413040161132812e+00
7.088404178619384766e+00
5.249160766601562500e+00
3.164546251296997070e+00
8.958516120910644531e+00
2.632846355438232422e+00
6.985197067260742188e+00
3.129186153411865234e+00
4.297536849975585938e+00
4.878787994384765625e+00
4.119396209716796875e+00
3.521713733673095703e+00
6.351360321044921875e+00
3.738467454910278320e+00
5.266464233398437500e+00
4.766258239746093750e+00
5.000356674194335938e+00
3.896907806396484375e+00
4.844132900238037109e+00
4.361660003662109375e+00
4.276717185974121094e+00
5.813550949096679688e+00
3.695188760757446289e+00
6.132533550262451172e+00
4.282773494720458984e+00
4.258268356323242188e+00
5.077634334564208984e+00
3.983370542526245117e+00
5.313241958618164062e+00
4.701950073242187500e+00
3.652829170227050781e+00
7.230689048767089844e+00
3.708827972412109375e+00
5.483708381652832031e+00
4.522181510925292969e+00
3.946096420288085938e+00
5.324467658996582031e+00
4.807894706726074219e+00
2.507114171981811523e+00
8.350049972534179688e+00
2.194260835647583008e+00
5.724018096923828125e+00
2.738569736480712891e+00
5.554368495941162109e+00
4.220075130462646484e+00
3.429956674575805664e+00
3.924000740051269531e+00
4.113043308258056641e+00
2.885143756866455078e+00
5.540110588073730469e+00
3.549756050109863281e+00
3.534637928009033203e+00
5.248054981231689453e+00
2.813530921936035156e+00
5.211832523345947266e+00
3.783759593963623047e+00
4.689675331115722656e+00
3.931361436843872070e+00
4.669816017150878906e+00
4.183135032653808594e+00
4.040831565856933594e+00
3.953701734542846680e+00
5.702934265136718750e+00
4.673733711242675781e+00
4.564479827880859375e+00
7.491344928741455078e+00
4.023498535156250000e+00
5.114917755126953125e+00
3.433212757110595703e+00
5.317813873291015625e+00
3.323435783386230469e+00
6.217000007629394531e+00
4.061015605926513672e+00
4.529966354370117188e+00
4.316522598266601562e+00
4.490324020385742188e+00
3.384556293487548828e+00
6.822005748748779297e+00
4.176705360412597656e+00
4.597671508789062500e+00
3.323739528656005859e+00
5.474889755249023438e+00
3.092763423919677734e+00
5.843163967132568359e+00
2.429965019226074219e+00
5.399084091186523438e+00
4.484757423400878906e+00
3.764207601547241211e+00
4.310288429260253906e+00
4.398702621459960938e+00
3.578559398651123047e+00
3.817795276641845703e+00
5.001230239868164062e+00
2.240486145019531250e+00
6.529030799865722656e+00
4.274400711059570312e+00
2.965967178344726562e+00
5.837569713592529297e+00
4.260753154754638672e+00
4.533115863800048828e+00
3.135698318481445312e+00
5.008349418640136719e+00
3.525798320770263672e+00
4.872838020324707031e+00
3.653917074203491211e+00
5.863260269165039062e+00
3.666080236434936523e+00
7.090703964233398438e+00
2.710707426071166992e+00
6.602889060974121094e+00
2.500053405761718750e+00
8.438005447387695312e+00
3.189705848693847656e+00
6.117112159729003906e+00
3.398185491561889648e+00
6.642025470733642578e+00
2.460533857345581055e+00
6.540651321411132812e+00
1.606159925460815430e+00
6.241840362548828125e+00
4.070831775665283203e+00
2.704154968261718750e+00
5.294405937194824219e+00
2.316236972808837891e+00
4.748672485351562500e+00
4.217768669128417969e+00
3.331662654876708984e+00
3.693747758865356445e+00
4.022915840148925781e+00
3.662339687347412109e+00
3.257025241851806641e+00
6.111854553222656250e+00
3.056972742080688477e+00
5.660275459289550781e+00
4.267207145690917969e+00
4.856448173522949219e+00
4.731945037841796875e+00
4.037759304046630859e+00
4.533657073974609375e+00
4.407884597778320312e+00
3.833662986755371094e+00
5.124871730804443359e+00
3.221929073333740234e+00
6.015675544738769531e+00
4.757679462432861328e+00
3.368006706237792969e+00
6.133370399475097656e+00
4.006133079528808594e+00
3.212975502014160156e+00
7.508473873138427734e+00
4.140749931335449219e+00
5.687684059143066406e+00
4.051998138427734375e+00
7.038486480712890625e+00
3.873138904571533203e+00
7.307286739349365234e+00
4.057468891143798828e+00
4.833468437194824219e+00
5.203786849975585938e+00
3.793490409851074219e+00
5.721885204315185547e+00
3.672533273696899414e+00
6.904193878173828125e+00
4.443718910217285156e+00
3.934788703918457031e+00
5.822587966918945312e+00
4.450250148773193359e+00
5.303629398345947266e+00
3.899329423904418945e+00
3.405397415161132812e+00
5.591911792755126953e+00
3.208755970001220703e+00
4.114215373992919922e+00
3.898678302764892578e+00
3.887690544128417969e+00
5.129473686218261719e+00
3.286367893218994141e+00
7.581459045410156250e+00
3.673210144042968750e+00
4.938753604888916016e+00
4.520668983459472656e+00
4.507988929748535156e+00
3.902684688568115234e+00
4.128042221069335938e+00
3.699541091918945312e+00
4.626681327819824219e+00
2.848977804183959961e+00
7.204052448272705078e+00
3.567746162414550781e+00
5.500427722930908203e+00
3.486726522445678711e+00
6.277177810668945312e+00
3.711110353469848633e+00
4.858339786529541016e+00
4.901712417602539062e+00
3.403920173645019531e+00
6.462585449218750000e+00
1.700651407241821289e+00
7.989261150360107422e+00
4.153854370117187500e+00
4.467874526977539062e+00
4.810040950775146484e+00
3.908688068389892578e+00
6.369505882263183594e+00
2.940791130065917969e+00
6.313508033752441406e+00
3.956739664077758789e+00
4.901120185852050781e+00
5.861051559448242188e+00
4.069036483764648438e+00
4.863131523132324219e+00
6.442984104156494141e+00
2.113574981689453125e+00
1.203021717071533203e+01
6.219699859619140625e+00
2.937258720397949219e+00
9.276845932006835938e+00
2.303391933441162109e+00
6.065102577209472656e+00
4.162373542785644531e+00
2.851739406585693359e+00
5.889600753784179688e+00
2.864689588546752930e+00
5.063649654388427734e+00
3.983247995376586914e+00
4.808581352233886719e+00
3.983352661132812500e+00
5.383058547973632812e+00
4.027766227722167969e+00
5.521466255187988281e+00
4.150108337402343750e+00
5.105674743652343750e+00
4.341979980468750000e+00
3.636065006256103516e+00
5.604375839233398438e+00
4.817388057708740234e+00
3.454942226409912109e+00
5.719665527343750000e+00
4.219324588775634766e+00
3.826315879821777344e+00
4.889988422393798828e+00
4.516992092132568359e+00
5.293040275573730469e+00
4.156923770904541016e+00
6.079211235046386719e+00
3.748555183410644531e+00
5.600516319274902344e+00
4.638085365295410156e+00
4.401464939117431641e+00
4.055876731872558594e+00
4.328460216522216797e+00
4.867528915405273438e+00
2.910609722137451172e+00
6.341556549072265625e+00
4.268034934997558594e+00
5.565027236938476562e+00
3.273337364196777344e+00
5.265586853027343750e+00
4.436497688293457031e+00
4.656507968902587891e+00
3.661360979080200195e+00
5.204120635986328125e+00
2.922646522521972656e+00
7.367903232574462891e+00
3.384895086288452148e+00
5.623193740844726562e+00
4.131313323974609375e+00
4.813571929931640625e+00
4.326611995697021484e+00
5.040473461151123047e+00
3.135294675827026367e+00
7.235267639160156250e+00
3.755440711975097656e+00
6.172604560852050781e+00
3.703046560287475586e+00
4.622792243957519531e+00
4.598010540008544922e+00
2.604050874710083008e+00
7.130297660827636719e+00
3.825088262557983398e+00
3.734451770782470703e+00
5.461570739746093750e+00
2.186269760131835938e+00
6.555406093597412109e+00
3.209632635116577148e+00
5.090768814086914062e+00
3.150469779968261719e+00
5.409988403320312500e+00
3.843243360519409180e+00
2.757407665252685547e+00
6.736590862274169922e+00
3.271072864532470703e+00
4.596919536590576172e+00
4.358425140380859375e+00
4.012898445129394531e+00
5.268394947052001953e+00
3.431394338607788086e+00
5.512502670288085938e+00
2.955509185791015625e+00
5.250906944274902344e+00
5.801740646362304688e+00
3.730660676956176758e+00
6.088004589080810547e+00
3.509780406951904297e+00
4.450720310211181641e+00
4.736770629882812500e+00
3.663052558898925781e+00
4.172435760498046875e+00
5.596145629882812500e+00
3.322044372558593750e+00
7.309820175170898438e+00
5.591805577278137207e-01
1.013987255096435547e+01
5.706738948822021484e+00
3.504436254501342773e+00
8.544456481933593750e+00
1.779929518699645996e+00
9.524935722351074219e+00
5.297565460205078125e+00
2.708199977874755859e+00
5.988792419433593750e+00
3.882594823837280273e+00
2.772052288055419922e+00
6.473973274230957031e+00
4.590932846069335938e+00
3.111747264862060547e+00
5.270298480987548828e+00
4.293079376220703125e+00
2.645605802536010742e+00
6.792812347412109375e+00
3.675246715545654297e+00
4.259722709655761719e+00
5.545199394226074219e+00
4.487890720367431641e+00
4.614429473876953125e+00
3.925561904907226562e+00
4.130600929260253906e+00
4.357332229614257812e+00
4.491576194763183594e+00
4.394777774810791016e+00
4.032611370086669922e+00
5.019639968872070312e+00
3.939020156860351562e+00
3.724398851394653320e+00
4.926169395446777344e+00
4.934295654296875000e+00
4.319447994232177734e+00
5.078363418579101562e+00
4.596293926239013672e+00
3.051627635955810547e+00
7.159268379211425781e+00
4.605154037475585938e+00
3.292100906372070312e+00
6.437948226928710938e+00
3.658597469329833984e+00
5.960177421569824219e+00
4.272905349731445312e+00
3.503045558929443359e+00
6.260510921478271484e+00
2.963876724243164062e+00
5.289169311523437500e+00
5.989053249359130859e+00
3.424233913421630859e+00
5.996032238006591797e+00
4.759940624237060547e+00
3.692863941192626953e+00
5.775198459625244141e+00
3.061360359191894531e+00
7.522414207458496094e+00
3.253455162048339844e+00
5.776337623596191406e+00
4.292718887329101562e+00
3.649345397949218750e+00
6.782649040222167969e+00
3.490242958068847656e+00
5.604625701904296875e+00
4.730809211730957031e+00
4.947558879852294922e+00
5.191476821899414062e+00
2.758679866790771484e+00
9.583726882934570312e+00
3.385288715362548828e+00
8.162065505981445312e+00
1.229070186614990234e+00
1.023119831085205078e+01
5.382786750793457031e+00
4.153530120849609375e+00
5.754034519195556641e+00
2.839082002639770508e+00
4.659635543823242188e+00
4.188490867614746094e+00
2.487534284591674805e+00
7.421239852905273438e+00
5.679563045501708984e+00
2.645900249481201172e+00
7.923135757446289062e+00
5.830964565277099609e+00
3.649824142456054688e+00
5.129268646240234375e+00
3.393066406250000000e+00
4.068945884704589844e+00
2.976948976516723633e+00
6.411871910095214844e+00
3.145258903503417969e+00
4.716226577758789062e+00
4.864881515502929688e+00
3.358297348022460938e+00
4.687316894531250000e+00
4.663885116577148438e+00
4.126484870910644531e+00
3.242941379547119141e+00
5.717567443847656250e+00
3.126300334930419922e+00
5.596289634704589844e+00
3.972170352935791016e+00
3.483115673065185547e+00
5.411269664764404297e+00
4.193229675292968750e+00
3.520540714263916016e+00
3.925065517425537109e+00
3.741499662399291992e+00
4.318435668945312500e+00
3.350646257400512695e+00
5.410610198974609375e+00
3.606206655502319336e+00
4.654503822326660156e+00
4.243096351623535156e+00
3.967917680740356445e+00
3.638431787490844727e+00
3.710540294647216797e+00
4.416775226593017578e+00
4.562177181243896484e+00
3.872020006179809570e+00
3.982212066650390625e+00
6.041047096252441406e+00
4.123939514160156250e+00
4.302691936492919922e+00
4.544058799743652344e+00
3.686357498168945312e+00
3.646005868911743164e+00
4.968441963195800781e+00
3.285488367080688477e+00
4.869032382965087891e+00
2.600233554840087891e+00
7.586603641510009766e+00
4.220058441162109375e+00
3.727853775024414062e+00
5.284940719604492188e+00
3.958569288253784180e+00
4.647620201110839844e+00
3.982301473617553711e+00
5.104026317596435547e+00
3.880795478820800781e+00
4.041426658630371094e+00
5.904113769531250000e+00
3.394617319107055664e+00
5.821593761444091797e+00
3.468391895294189453e+00
6.672309875488281250e+00
1.581985235214233398e+00
9.585680961608886719e+00
5.162961483001708984e+00
3.306089401245117188e+00
5.989880561828613281e+00
4.362915515899658203e+00
3.323944807052612305e+00
5.575156211853027344e+00
2.238584518432617188e+00
5.419271469116210938e+00
4.000943660736083984e+00
3.250611782073974609e+00
5.186939239501953125e+00
2.430163860321044922e+00
6.514220237731933594e+00
3.503709793090820312e+00
4.476444721221923828e+00
3.756089687347412109e+00
3.094561338424682617e+00
5.442860126495361328e+00
1.742489099502563477e+00
7.419345855712890625e+00
3.635391712188720703e+00
3.868417263031005859e+00
4.281434059143066406e+00
3.702051162719726562e+00
3.277673244476318359e+00
5.703969001770019531e+00
4.146492958068847656e+00
3.239171981811523438e+00
6.368955135345458984e+00
2.312090873718261719e+00
6.306002140045166016e+00
3.530898571014404297e+00
4.881845951080322266e+00
3.776487827301025391e+00
4.763867378234863281e+00
3.022451877593994141e+00
4.802915096282958984e+00
3.689205169677734375e+00
3.476707935333251953e+00
6.146516799926757812e+00
2.662299633026123047e+00
5.053697586059570312e+00
3.105740547180175781e+00
4.732730388641357422e+00
3.683255195617675781e+00
4.315751552581787109e+00
3.601252555847167969e+00
4.952619552612304688e+00
3.599869966506958008e+00
4.330214500427246094e+00
3.129005432128906250e+00
6.071627616882324219e+00
2.662234306335449219e+00
6.700484275817871094e+00
1.789075970649719238e+00
9.202964782714843750e+00
5.359995365142822266e+00
3.138100862503051758e+00
5.967566967010498047e+00
3.948708772659301758e+00
3.827773332595825195e+00
5.308045387268066406e+00
1.884194731712341309e+00
6.206298351287841797e+00
4.852613449096679688e+00
3.009073019027709961e+00
4.849601745605468750e+00
4.257136821746826172e+00
3.373229742050170898e+00
4.699000358581542969e+00
3.764141082763671875e+00
4.354301452636718750e+00
5.046172142028808594e+00
3.549620866775512695e+00
5.393748283386230469e+00
3.454758167266845703e+00
3.639409542083740234e+00
4.771890163421630859e+00
4.116853713989257812e+00
3.479485988616943359e+00
5.146340847015380859e+00
3.217627525329589844e+00
5.767918586730957031e+00
3.578099250793457031e+00
4.863667964935302734e+00
3.966222047805786133e+00
4.945142745971679688e+00
3.703618288040161133e+00
4.488129615783691406e+00
3.688446044921875000e+00
4.343119621276855469e+00
5.012419700622558594e+00
3.076481342315673828e+00
5.533333778381347656e+00
3.794221401214599609e+00
5.006909370422363281e+00
4.406976222991943359e+00
3.748047351837158203e+00
5.665226459503173828e+00
3.875160217285156250e+00
4.879798412322998047e+00
3.977765798568725586e+00
6.403947830200195312e+00
3.067687511444091797e+00
6.997121334075927734e+00
4.301159858703613281e+00
5.319775104522705078e+00
4.398873329162597656e+00
4.547232151031494141e+00
4.392672538757324219e+00
3.669993400573730469e+00
5.295265197753906250e+00
2.268944263458251953e+00
7.360386371612548828e+00
1.862721920013427734e+00
6.986826419830322266e+00
3.655473709106445312e+00
5.267524719238281250e+00
3.774160861968994141e+00
5.427249431610107422e+00
2.242907762527465820e+00
6.696681499481201172e+00
1.449008345603942871e+00
6.623559951782226562e+00
4.275968551635742188e+00
2.750197410583496094e+00
6.090510368347167969e+00
4.164371490478515625e+00
3.255731582641601562e+00
5.523142814636230469e+00
2.764622688293457031e+00
6.638299942016601562e+00
3.488159179687500000e+00
5.483840942382812500e+00
4.072090148925781250e+00
3.591705322265625000e+00
5.087730407714843750e+00
3.479928016662597656e+00
5.523887634277343750e+00
3.758520603179931641e+00
4.083932876586914062e+00
5.258073329925537109e+00
3.129710197448730469e+00
6.329280853271484375e+00
3.606680631637573242e+00
4.090018272399902344e+00
5.582914352416992188e+00
3.120593070983886719e+00
4.733029365539550781e+00
3.816424846649169922e+00
4.758286476135253906e+00
4.875859260559082031e+00
4.018866539001464844e+00
5.828864097595214844e+00
3.272986412048339844e+00
7.560976028442382812e+00
1.798279523849487305e+00
7.951537132263183594e+00
4.840060234069824219e+00
5.116909027099609375e+00
5.988339424133300781e+00
3.630367040634155273e+00
6.648219585418701172e+00
3.231783151626586914e+00
7.297872543334960938e+00
5.020082473754882812e+00
3.539418935775756836e+00
7.244950771331787109e+00
3.819553852081298828e+00
5.747210502624511719e+00
3.859593629837036133e+00
4.271371364593505859e+00
5.320193767547607422e+00
3.381847858428955078e+00
6.389660358428955078e+00
3.129787206649780273e+00
6.223340988159179688e+00
4.410999774932861328e+00
3.064481735229492188e+00
7.175756454467773438e+00
4.418952941894531250e+00
4.064857482910156250e+00
5.786247730255126953e+00
3.715678215026855469e+00
5.150914192199707031e+00
3.826460599899291992e+00
4.024302482604980469e+00
4.953866004943847656e+00
3.836630821228027344e+00
3.989493131637573242e+00
4.736545562744140625e+00
3.208459377288818359e+00
4.655225753784179688e+00
4.132843971252441406e+00
4.173090934753417969e+00
4.035434722900390625e+00
3.228607177734375000e+00
5.883134841918945312e+00
3.535642623901367188e+00
4.612650394439697266e+00
4.193391799926757812e+00
4.550372600555419922e+00
3.825199604034423828e+00
5.166883945465087891e+00
3.543849945068359375e+00
6.118179321289062500e+00
3.591524362564086914e+00
5.519240379333496094e+00
3.071660757064819336e+00
7.325149059295654297e+00
2.735241174697875977e+00
6.336295127868652344e+00
3.380806446075439453e+00
5.931985855102539062e+00
4.442687034606933594e+00
4.452679157257080078e+00
4.691821575164794922e+00
4.456736564636230469e+00
3.543862342834472656e+00
6.230504989624023438e+00
3.380521774291992188e+00
6.122684001922607422e+00
4.614797592163085938e+00
4.532099246978759766e+00
3.833575725555419922e+00
5.315345287322998047e+00
3.157223224639892578e+00
6.450849056243896484e+00
4.409878730773925781e+00
3.682628154754638672e+00
6.001998901367187500e+00
2.778405666351318359e+00
6.764161109924316406e+00
5.053867816925048828e+00
3.099910259246826172e+00
6.811694622039794922e+00
2.929773807525634766e+00
7.129783630371093750e+00
3.309019327163696289e+00
5.328840255737304688e+00
4.487298965454101562e+00
4.460157394409179688e+00
4.253930568695068359e+00
3.836655616760253906e+00
4.361992835998535156e+00
3.724908828735351562e+00
4.537878513336181641e+00
4.120714664459228516e+00
3.827003240585327148e+00
5.394434452056884766e+00
3.475680828094482422e+00
4.438296318054199219e+00
4.119883537292480469e+00
4.212261676788330078e+00
3.846586227416992188e+00
4.471783638000488281e+00
4.364940643310546875e+00
3.792304039001464844e+00
5.144207000732421875e+00
2.870351076126098633e+00
6.625940322875976562e+00
4.949434280395507812e+00
3.662634611129760742e+00
5.173954010009765625e+00
4.511824131011962891e+00
3.651530265808105469e+00
5.494876861572265625e+00
2.674092292785644531e+00
7.888353824615478516e+00
3.021991729736328125e+00
6.966173648834228516e+00
4.479763507843017578e+00
4.611301422119140625e+00
5.713907241821289062e+00
3.164152860641479492e+00
7.078225135803222656e+00
1.270333409309387207e+00
1.082418537139892578e+01
4.322254180908203125e+00
4.661304473876953125e+00
5.718275070190429688e+00
3.600978851318359375e+00
6.065028190612792969e+00
4.008502960205078125e+00
4.427019119262695312e+00
4.066951751708984375e+00
5.907646179199218750e+00
3.544695138931274414e+00
5.502810955047607422e+00
3.763118743896484375e+00
4.891238689422607422e+00
3.898957490921020508e+00
6.167496681213378906e+00
3.260540485382080078e+00
5.249000549316406250e+00
4.541692733764648438e+00
3.905819416046142578e+00
5.152603149414062500e+00
3.008831262588500977e+00
6.896064758300781250e+00
3.721884489059448242e+00
4.398822784423828125e+00
4.512018680572509766e+00
4.427247524261474609e+00
4.029825687408447266e+00
4.873283386230468750e+00
5.352161884307861328e+00
3.643958568572998047e+00
6.508015632629394531e+00
3.996442794799804688e+00
4.980594635009765625e+00
4.915115833282470703e+00
3.388166904449462891e+00
7.684468269348144531e+00
3.764870166778564453e+00
4.463520050048828125e+00
5.242922306060791016e+00
3.934344530105590820e+00
5.240388393402099609e+00
3.933246850967407227e+00
5.583667755126953125e+00
3.886181831359863281e+00
6.042471408843994141e+00
3.909912109375000000e+00
5.671321392059326172e+00
4.397091865539550781e+00
4.674531936645507812e+00
5.161074638366699219e+00
3.033325433731079102e+00
6.724459171295166016e+00
3.163311004638671875e+00
7.447895050048828125e+00
3.322659492492675781e+00
6.122447013854980469e+00
3.101907253265380859e+00
6.058510780334472656e+00
4.449771881103515625e+00
3.203762531280517578e+00
6.885915756225585938e+00
3.519832134246826172e+00
4.328793525695800781e+00
5.106235504150390625e+00
4.064156532287597656e+00
4.231356620788574219e+00
5.022531032562255859e+00
3.264280319213867188e+00
4.389060020446777344e+00
3.936060667037963867e+00
4.931619644165039062e+00
2.761560201644897461e+00
5.986511230468750000e+00
5.054434299468994141e+00
3.248433113098144531e+00
4.913059234619140625e+00
4.530162811279296875e+00
3.703434944152832031e+00
5.084369659423828125e+00
3.922378778457641602e+00
3.403420448303222656e+00
6.359922409057617188e+00
4.193531036376953125e+00
3.007563352584838867e+00
6.273694992065429688e+00
3.154820919036865234e+00
4.144839286804199219e+00
3.591582298278808594e+00
3.586815118789672852e+00
4.208747863769531250e+00
4.321362495422363281e+00
3.323724031448364258e+00
4.202579498291015625e+00
3.278144359588623047e+00
4.530027389526367188e+00
3.405821800231933594e+00
4.788959980010986328e+00
3.590731143951416016e+00
3.698947429656982422e+00
4.568438529968261719e+00
2.754525184631347656e+00
6.825765609741210938e+00
2.794759273529052734e+00
5.571269035339355469e+00
2.498680353164672852e+00
6.559453010559082031e+00
2.971730709075927734e+00
6.260886192321777344e+00
2.670612812042236328e+00
5.929883956909179688e+00
2.809650421142578125e+00
7.567477226257324219e+00
4.620248794555664062e+00
3.627543449401855469e+00
6.143215179443359375e+00
3.090916872024536133e+00
5.494699954986572266e+00
3.898398399353027344e+00
4.557974815368652344e+00
3.909282684326171875e+00
5.668353557586669922e+00
1.737613439559936523e+00
7.939977645874023438e+00
2.073941230773925781e+00
6.785941123962402344e+00
2.518374204635620117e+00
5.779416084289550781e+00
4.524669647216796875e+00
3.899318456649780273e+00
4.567763805389404297e+00
4.100058078765869141e+00
3.168070554733276367e+00
4.205949783325195312e+00
4.960222244262695312e+00
3.103579998016357422e+00
5.462656974792480469e+00
3.216948032379150391e+00
5.161922931671142578e+00
4.426611900329589844e+00
3.510396957397460938e+00
4.285972595214843750e+00
4.516020298004150391e+00
3.445376157760620117e+00
4.839010715484619141e+00
4.273337364196777344e+00
3.962237834930419922e+00
4.968071937561035156e+00
3.444613933563232422e+00
5.925124168395996094e+00
3.157021760940551758e+00
5.111895561218261719e+00
4.311704158782958984e+00
3.461571216583251953e+00
5.556564331054687500e+00
2.470268011093139648e+00
6.326784133911132812e+00
1.514443874359130859e+00
8.409126281738281250e+00
1.560845851898193359e+00
6.757204055786132812e+00
3.369811058044433594e+00
3.361293792724609375e+00
4.287737846374511719e+00
4.012998104095458984e+00
3.174213171005249023e+00
5.872189521789550781e+00
3.148893833160400391e+00
5.027275562286376953e+00
3.500004529953002930e+00
5.119202613830566406e+00
3.172650337219238281e+00
4.434157371520996094e+00
3.560423135757446289e+00
5.525084018707275391e+00
3.369443893432617188e+00
4.075082778930664062e+00
5.123344421386718750e+00
3.878064155578613281e+00
5.017094612121582031e+00
4.426297187805175781e+00
3.322218894958496094e+00
7.339837551116943359e+00
3.154847145080566406e+00
5.691200256347656250e+00
4.967650413513183594e+00
4.735143184661865234e+00
4.566402435302734375e+00
4.439750671386718750e+00
4.243551731109619141e+00
5.026936531066894531e+00
4.180610656738281250e+00
4.426431655883789062e+00
5.486877441406250000e+00
4.547800540924072266e+00
4.029721260070800781e+00
4.593986034393310547e+00
5.317187309265136719e+00
1.953045487403869629e+00
7.618090629577636719e+00
5.039576530456542969e+00
2.811388492584228516e+00
6.764615535736083984e+00
2.482037782669067383e+00
6.164164543151855469e+00
3.472822189331054688e+00
5.538018703460693359e+00
3.575364589691162109e+00
4.740537643432617188e+00
3.703249454498291016e+00
4.772078514099121094e+00
3.798144340515136719e+00
4.619145393371582031e+00
3.730591773986816406e+00
4.334814071655273438e+00
3.514817476272583008e+00
4.831601142883300781e+00
3.083068847656250000e+00
5.321304321289062500e+00
3.433683156967163086e+00
4.972792625427246094e+00
4.252853393554687500e+00
3.892223596572875977e+00
4.393450736999511719e+00
4.167434692382812500e+00
3.950356483459472656e+00
4.981055736541748047e+00
3.260805606842041016e+00
5.581094741821289062e+00
2.785938739776611328e+00
6.572325706481933594e+00
1.929696440696716309e+00
9.141135215759277344e+00
1.064023733139038086e+00
7.847265243530273438e+00
3.463380336761474609e+00
3.802583932876586914e+00
5.870910167694091797e+00
1.887630820274353027e+00
7.647557258605957031e+00
2.256444931030273438e+00
5.031229972839355469e+00
4.538179397583007812e+00
3.781913757324218750e+00
4.348618507385253906e+00
3.274618864059448242e+00
4.454433441162109375e+00
4.160223007202148438e+00
2.947613239288330078e+00
5.224378108978271484e+00
3.964697599411010742e+00
3.688209533691406250e+00
4.548211574554443359e+00
4.035148143768310547e+00
4.105347633361816406e+00
4.372157096862792969e+00
3.037118911743164062e+00
5.410015583038330078e+00
3.616620540618896484e+00
4.296263217926025391e+00
4.583788394927978516e+00
3.868963956832885742e+00
3.760701894760131836e+00
4.372301578521728516e+00
5.730442047119140625e+00
3.616487979888916016e+00
5.395870685577392578e+00
4.530899047851562500e+00
3.816918134689331055e+00
6.012370109558105469e+00
2.618334054946899414e+00
6.744221210479736328e+00
2.688290834426879883e+00
7.006889820098876953e+00
3.056200027465820312e+00
5.666059017181396484e+00
4.639395713806152344e+00
3.196957349777221680e+00
5.956636905670166016e+00
2.621599674224853516e+00
6.158319473266601562e+00
4.176787853240966797e+00
2.872899532318115234e+00
6.070023536682128906e+00
4.602684020996093750e+00
2.852527141571044922e+00
6.472048282623291016e+00
3.959758043289184570e+00
3.752516984939575195e+00
5.320761203765869141e+00
4.157608985900878906e+00
4.078366279602050781e+00
5.166857719421386719e+00
3.445950031280517578e+00
5.068695068359375000e+00
4.122854232788085938e+00
4.310673236846923828e+00
3.838474273681640625e+00
4.884697437286376953e+00
3.508324623107910156e+00
4.804886817932128906e+00
3.570883989334106445e+00
5.634018421173095703e+00
3.415900707244873047e+00
4.547364234924316406e+00
4.068520545959472656e+00
4.319908618927001953e+00
3.943495273590087891e+00
4.064019203186035156e+00
4.835267066955566406e+00
3.225904941558837891e+00
5.641191959381103516e+00
2.967427968978881836e+00
5.122088909149169922e+00
3.656002044677734375e+00
4.214986801147460938e+00
4.408912658691406250e+00
4.081694126129150391e+00
3.957371711730957031e+00
3.487236022949218750e+00
6.695004463195800781e+00
2.317596912384033203e+00
6.831169128417968750e+00
3.121297836303710938e+00
5.990833282470703125e+00
4.438541412353515625e+00
4.249904632568359375e+00
4.306397438049316406e+00
3.788411855697631836e+00
4.411899566650390625e+00
3.300225734710693359e+00
5.112918853759765625e+00
4.042635917663574219e+00
3.493085384368896484e+00
5.015974044799804688e+00
2.577747344970703125e+00
6.227591991424560547e+00
1.839843273162841797e+00
8.489379882812500000e+00
1.974189758300781250e+00
6.106492519378662109e+00
2.544511079788208008e+00
5.441226482391357422e+00
3.682976722717285156e+00
4.853875160217285156e+00
4.040157318115234375e+00
3.937893390655517578e+00
4.709800243377685547e+00
3.112981319427490234e+00
5.746313095092773438e+00
2.229702949523925781e+00
6.861269950866699219e+00
3.026803016662597656e+00
5.975712776184082031e+00
4.352841854095458984e+00
3.351881027221679688e+00
5.927017211914062500e+00
4.402644634246826172e+00
3.274512767791748047e+00
5.868545055389404297e+00
4.401920795440673828e+00
3.507360935211181641e+00
6.414653778076171875e+00
4.383104801177978516e+00
3.437592506408691406e+00
6.620515823364257812e+00
5.098614215850830078e+00
3.747498512268066406e+00
6.728206634521484375e+00
5.051715373992919922e+00
3.572018146514892578e+00
5.605834484100341797e+00
4.084142684936523438e+00
4.594379425048828125e+00
4.910240173339843750e+00
3.034766674041748047e+00
7.655996799468994141e+00
2.231951236724853516e+00
8.462196350097656250e+00
3.001471757888793945e+00
6.126403808593750000e+00
4.198390960693359375e+00
4.917334556579589844e+00
4.398412704467773438e+00
4.127509117126464844e+00
6.285365104675292969e+00
2.965899944305419922e+00
7.325026988983154297e+00
4.008100032806396484e+00
5.326367378234863281e+00
4.504226684570312500e+00
4.476639270782470703e+00
3.591043233871459961e+00
4.854579448699951172e+00
4.416099548339843750e+00
3.377360343933105469e+00
5.561279296875000000e+00
2.752588033676147461e+00
7.313963890075683594e+00
4.260756492614746094e+00
3.694429397583007812e+00
5.607271194458007812e+00
4.504004478454589844e+00
3.645906448364257812e+00
4.991287708282470703e+00
3.759498596191406250e+00
5.628616809844970703e+00
3.039494514465332031e+00
4.879426002502441406e+00
4.343583106994628906e+00
3.117940902709960938e+00
4.556855678558349609e+00
3.803052902221679688e+00
4.345464229583740234e+00
3.725930452346801758e+00
4.914466381072998047e+00
4.146502971649169922e+00
3.081731319427490234e+00
6.241592407226562500e+00
2.589628696441650391e+00
7.221734523773193359e+00
2.431725502014160156e+00
5.724912643432617188e+00
4.788140773773193359e+00
4.632122039794921875e+00
3.577576160430908203e+00
5.008946418762207031e+00
3.171668291091918945e+00
6.282560348510742188e+00
4.635572910308837891e+00
3.950705289840698242e+00
5.606894493103027344e+00
2.786879777908325195e+00
6.144294738769531250e+00
3.525160789489746094e+00
4.575999259948730469e+00
4.497050762176513672e+00
4.039400577545166016e+00
4.333632469177246094e+00
3.513680934906005859e+00
4.240437984466552734e+00
4.708736419677734375e+00
2.482308864593505859e+00
6.771653652191162109e+00
4.645965576171875000e+00
3.322644233703613281e+00
5.271278381347656250e+00
3.944391727447509766e+00
3.947184801101684570e+00
4.398729324340820312e+00
4.224853038787841797e+00
3.439624071121215820e+00
4.935961246490478516e+00
3.593569755554199219e+00
4.073106765747070312e+00
3.938807964324951172e+00
4.321515083312988281e+00
3.628454685211181641e+00
3.839921951293945312e+00
4.014560699462890625e+00
3.510895967483520508e+00
4.847537994384765625e+00
2.559922695159912109e+00
6.086361885070800781e+00
4.499300956726074219e+00
3.673772573471069336e+00
4.921711444854736328e+00
4.013808250427246094e+00
3.971127986907958984e+00
4.506240844726562500e+00
2.905305862426757812e+00
5.633529663085937500e+00
2.922416925430297852e+00
4.889935493469238281e+00
3.935020923614501953e+00
4.671967983245849609e+00
3.597175121307373047e+00
6.215566158294677734e+00
3.629945278167724609e+00
4.535479068756103516e+00
4.258657932281494141e+00
4.622718811035156250e+00
4.256840705871582031e+00
4.086319446563720703e+00
4.082387447357177734e+00
4.370156288146972656e+00
3.979807376861572266e+00
5.387341499328613281e+00
3.139048099517822266e+00
5.387442588806152344e+00
4.212627887725830078e+00
3.722455024719238281e+00
4.917934417724609375e+00
3.042558193206787109e+00
5.259300231933593750e+00
4.124719142913818359e+00
3.244869470596313477e+00
3.368018865585327148e+00
9.301797866821289062e+00
1.308499813079833984e+00
9.037844657897949219e+00
1.943743228912353516e+00
6.036826133728027344e+00
5.947543144226074219e+00
2.369124889373779297e+00
6.951821804046630859e+00
3.329742670059204102e+00
5.953844070434570312e+00
3.494981765747070312e+00
4.265668869018554688e+00
4.183716773986816406e+00
2.995433807373046875e+00
5.446126461029052734e+00
3.568133592605590820e+00
4.306928634643554688e+00
4.634374141693115234e+00
4.105862140655517578e+00
4.389877319335937500e+00
3.773373126983642578e+00
4.791027545928955078e+00
4.059950828552246094e+00
4.088453292846679688e+00
5.238288879394531250e+00
2.287492752075195312e+00
6.782563209533691406e+00
2.000479936599731445e+00
9.804180145263671875e+00
3.711630105972290039e+00
4.367319107055664062e+00
4.898972511291503906e+00
3.598356246948242188e+00
4.102277278900146484e+00
4.463846206665039062e+00
3.389892339706420898e+00
4.497431755065917969e+00
3.306973218917846680e+00
5.651452064514160156e+00
2.517121553421020508e+00
6.357896327972412109e+00
4.228763103485107422e+00
3.677532672882080078e+00
4.767541885375976562e+00
3.134699106216430664e+00
4.993360519409179688e+00
3.601661205291748047e+00
4.682319641113281250e+00
4.271345138549804688e+00
3.309988498687744141e+00
5.790064811706542969e+00
3.817644596099853516e+00
4.647805213928222656e+00
3.670590877532958984e+00
4.702454090118408203e+00
3.764992713928222656e+00
3.882927179336547852e+00
4.171186447143554688e+00
3.721224308013916016e+00
4.355588912963867188e+00
3.941749572753906250e+00
4.800721168518066406e+00
3.586557388305664062e+00
4.978765487670898438e+00
2.617372035980224609e+00
4.717149734497070312e+00
3.808936357498168945e+00
4.052972316741943359e+00
4.561916828155517578e+00
3.613560676574707031e+00
4.521244049072265625e+00
3.692491292953491211e+00
4.276514053344726562e+00
4.341634750366210938e+00
3.308439970016479492e+00
4.998008728027343750e+00
3.290058135986328125e+00
3.435417652130126953e+00
4.760420799255371094e+00
3.809118270874023438e+00
3.430559158325195312e+00
4.393784523010253906e+00
3.889263629913330078e+00
2.586950063705444336e+00
5.773145675659179688e+00
1.546748161315917969e+00
6.778137207031250000e+00
2.311094522476196289e+00
6.378734111785888672e+00
3.407386302947998047e+00
3.292390584945678711e+00
5.436010837554931641e+00
4.117212772369384766e+00
2.584248065948486328e+00
6.763016700744628906e+00
4.178713798522949219e+00
2.988857746124267578e+00
6.149052143096923828e+00
3.721189975738525391e+00
4.543452739715576172e+00
4.003736495971679688e+00
4.303811073303222656e+00
3.385437011718750000e+00
5.976985931396484375e+00
3.697051525115966797e+00
4.554224014282226562e+00
3.832599639892578125e+00
3.848176002502441406e+00
4.654014110565185547e+00
3.205170631408691406e+00
5.044678688049316406e+00
4.020961761474609375e+00
4.333508968353271484e+00
3.678339719772338867e+00
4.706458091735839844e+00
3.484908103942871094e+00
4.684280395507812500e+00
2.759108066558837891e+00
6.453554630279541016e+00
1.731628775596618652e+00
7.199026584625244141e+00
4.561594486236572266e+00
4.401892185211181641e+00
6.530207157135009766e+00
1.556364059448242188e+00
8.331974983215332031e+00
2.807659149169921875e+00
4.201938629150390625e+00
4.047401428222656250e+00
4.716469764709472656e+00
3.610857486724853516e+00
3.945477485656738281e+00
4.294106483459472656e+00
3.614125251770019531e+00
4.531697750091552734e+00
3.283366680145263672e+00
4.849461555480957031e+00
4.588536262512207031e+00
3.513381719589233398e+00
5.859867095947265625e+00
3.059596061706542969e+00
4.585253715515136719e+00
3.961717128753662109e+00
3.909914970397949219e+00
5.071767330169677734e+00
2.244437694549560547e+00
7.364986896514892578e+00
4.234667778015136719e+00
4.462782859802246094e+00
5.074317455291748047e+00
3.105725526809692383e+00
6.388156890869140625e+00
2.172656059265136719e+00
7.242797851562500000e+00
3.018059968948364258e+00
5.249576568603515625e+00
6.076210021972656250e+00
2.904202461242675781e+00
6.850098133087158203e+00
3.338675975799560547e+00
5.129276275634765625e+00
4.412952423095703125e+00
4.246897220611572266e+00
4.547801494598388672e+00
4.190834999084472656e+00
3.955492973327636719e+00
4.861938476562500000e+00
4.057782173156738281e+00
3.494493246078491211e+00
5.558237552642822266e+00
3.373169898986816406e+00
4.566002845764160156e+00
4.235297679901123047e+00
5.313316822052001953e+00
3.544637680053710938e+00
5.355737209320068359e+00
3.503230571746826172e+00
4.320210456848144531e+00
4.562063217163085938e+00
4.028234958648681641e+00
4.868776321411132812e+00
3.579435825347900391e+00
3.823882341384887695e+00
4.461833000183105469e+00
3.644090175628662109e+00
4.770107269287109375e+00
3.636358022689819336e+00
3.387330532073974609e+00
4.737246513366699219e+00
3.150095701217651367e+00
4.008926391601562500e+00
5.322139739990234375e+00
2.269468307495117188e+00
5.403079986572265625e+00
4.402029514312744141e+00
3.339662790298461914e+00
5.286352157592773438e+00
2.064144611358642578e+00
6.062735557556152344e+00
3.831837475299835205e-01
9.470436096191406250e+00
4.429874420166015625e+00
2.992864131927490234e+00
7.464138031005859375e+00
2.277772903442382812e+00
6.025020599365234375e+00
2.128994464874267578e+00
7.738976955413818359e+00
2.454224586486816406e+00
4.752503395080566406e+00
4.429834365844726562e+00
2.876953363418579102e+00
5.494073867797851562e+00
2.735363006591796875e+00
4.160659313201904297e+00
3.744352340698242188e+00
4.581811904907226562e+00
3.254427194595336914e+00
4.822807312011718750e+00
4.510941505432128906e+00
3.031832218170166016e+00
4.250592231750488281e+00
2.952780485153198242e+00
4.335432529449462891e+00
3.665147304534912109e+00
3.882635593414306641e+00
4.253167152404785156e+00
3.468711376190185547e+00
4.839968681335449219e+00
3.658132076263427734e+00
3.585446357727050781e+00
4.015921592712402344e+00
4.632499694824218750e+00
2.137729167938232422e+00
7.883021354675292969e+00
3.217216730117797852e+00
5.241687774658203125e+00
4.795135021209716797e+00
3.792158603668212891e+00
5.091033935546875000e+00
3.271152734756469727e+00
4.325894832611083984e+00
4.050972938537597656e+00
4.746161937713623047e+00
3.332032918930053711e+00
5.213094711303710938e+00
3.096270561218261719e+00
4.786581993103027344e+00
3.603119611740112305e+00
4.555485725402832031e+00
3.301129341125488281e+00
6.310973167419433594e+00
2.442528247833251953e+00
6.314064979553222656e+00
2.336103677749633789e+00
7.949753761291503906e+00
4.082996368408203125e+00
3.270917892456054688e+00
6.993567466735839844e+00
1.919046878814697266e+00
6.924073219299316406e+00
3.940622568130493164e+00
4.430305480957031250e+00
4.952584266662597656e+00
3.415705204010009766e+00
5.744365692138671875e+00
3.740193367004394531e+00
3.449437141418457031e+00
5.494729995727539062e+00
3.247194766998291016e+00
5.089453220367431641e+00
3.748610258102416992e+00
3.734878540039062500e+00
4.955725669860839844e+00
3.116857290267944336e+00
6.071158885955810547e+00
4.245265007019042969e+00
2.926407337188720703e+00
6.407326221466064453e+00
3.667745113372802734e+00
3.941632747650146484e+00
5.076012134552001953e+00
3.483656406402587891e+00
4.891076087951660156e+00
4.340924263000488281e+00
3.141935825347900391e+00
6.576869010925292969e+00
3.899725914001464844e+00
4.407336235046386719e+00
4.274125099182128906e+00
3.791144609451293945e+00
5.020044326782226562e+00
3.737478256225585938e+00
4.100544929504394531e+00
4.326014041900634766e+00
2.770501852035522461e+00
5.330852985382080078e+00
3.383709430694580078e+00
4.535058975219726562e+00
3.628982543945312500e+00
4.605618476867675781e+00
4.126618385314941406e+00
3.339624404907226562e+00
3.734771490097045898e+00
4.406688213348388672e+00
3.509730815887451172e+00
4.242332458496093750e+00
4.055813789367675781e+00
2.793134212493896484e+00
5.162176132202148438e+00
3.520226955413818359e+00
3.787688016891479492e+00
3.193107843399047852e+00
4.735724449157714844e+00
2.914109945297241211e+00
5.293436050415039062e+00
4.202495098114013672e+00
3.650964975357055664e+00
3.786172628402709961e+00
4.797665119171142578e+00
3.521481275558471680e+00
5.424328327178955078e+00
3.740872859954833984e+00
3.958014011383056641e+00
4.304716587066650391e+00
3.199901103973388672e+00
6.281834602355957031e+00
2.305483579635620117e+00
7.179488658905029297e+00
2.275094509124755859e+00
7.238595008850097656e+00
3.192182064056396484e+00
4.249932289123535156e+00
4.657980918884277344e+00
3.495346546173095703e+00
3.950496435165405273e+00
3.694177865982055664e+00
2.856745719909667969e+00
5.336530685424804688e+00
2.742781400680541992e+00
4.544556617736816406e+00
3.873655080795288086e+00
3.289048194885253906e+00
4.863501548767089844e+00
2.352359056472778320e+00
5.298043251037597656e+00
3.169061660766601562e+00
4.521142959594726562e+00
3.977092742919921875e+00
3.843351840972900391e+00
3.216828584671020508e+00
4.163745403289794922e+00
3.845775127410888672e+00
3.904844760894775391e+00
4.181927680969238281e+00
2.624486923217773438e+00
6.382059097290039062e+00
3.094577789306640625e+00
4.760105133056640625e+00
4.377102851867675781e+00
4.734264373779296875e+00
3.038086891174316406e+00
5.477897644042968750e+00
3.864657163619995117e+00
4.254052162170410156e+00
4.054763793945312500e+00
4.838184356689453125e+00
4.848936080932617188e+00
3.245481967926025391e+00
5.151645183563232422e+00
2.352190971374511719e+00
8.899866104125976562e+00
2.509832859039306641e+00
6.637596130371093750e+00
2.605252265930175781e+00
8.349967956542968750e+00
1.661042928695678711e+00
8.049465179443359375e+00
4.260107517242431641e+00
4.755101203918457031e+00
4.666265487670898438e+00
3.148848056793212891e+00
6.078125000000000000e+00
2.259672403335571289e+00
6.885649204254150391e+00
3.911748409271240234e+00
3.804206371307373047e+00
5.023911952972412109e+00
3.550077915191650391e+00
4.124547004699707031e+00
4.888776779174804688e+00
3.449199438095092773e+00
3.967339754104614258e+00
3.619042396545410156e+00
5.333670616149902344e+00
2.722780466079711914e+00
6.498283386230468750e+00
4.441431999206542969e+00
3.858140230178833008e+00
4.722688674926757812e+00
3.476587533950805664e+00
4.350852012634277344e+00
2.946267843246459961e+00
4.690497875213623047e+00
4.071874618530273438e+00
3.652448415756225586e+00
4.308489799499511719e+00
3.949707508087158203e+00
3.868442535400390625e+00
3.653740644454956055e+00
5.138797283172607422e+00
3.931908130645751953e+00
3.817429065704345703e+00
4.952229499816894531e+00
3.604109525680541992e+00
4.280971050262451172e+00
3.649341106414794922e+00
3.940664768218994141e+00
4.181529045104980469e+00
3.977660655975341797e+00
3.292663574218750000e+00
5.422836303710937500e+00
3.244999885559082031e+00
4.498724937438964844e+00
4.402316093444824219e+00
3.723018169403076172e+00
5.052000045776367188e+00
2.832227706909179688e+00
5.300333023071289062e+00
3.633273124694824219e+00
3.700655460357666016e+00
5.330029964447021484e+00
3.747209787368774414e+00
3.733587741851806641e+00
4.102789878845214844e+00
3.438590049743652344e+00
3.170050621032714844e+00
5.316664218902587891e+00
3.584181308746337891e+00
4.079524517059326172e+00
3.019381523132324219e+00
5.738509178161621094e+00
2.187880277633666992e+00
6.520316600799560547e+00
1.436204195022583008e+00
8.100556373596191406e+00
9.041149616241455078e-01
9.743013381958007812e+00
3.084820747375488281e+00
3.685316562652587891e+00
3.043952941894531250e+00
4.437349796295166016e+00
2.072792530059814453e+00
6.224411964416503906e+00
2.097476482391357422e+00
5.417531013488769531e+00
2.418541669845581055e+00
7.316081047058105469e+00
1.190074563026428223e+00
8.383103370666503906e+00
4.301709175109863281e+00
3.267786502838134766e+00
5.617128372192382812e+00
3.424334049224853516e+00
3.642927646636962891e+00
5.622407436370849609e+00
2.763624906539916992e+00
7.803561687469482422e+00
2.689816713333129883e+00
6.694863319396972656e+00
2.861461162567138672e+00
5.134188652038574219e+00
4.430891990661621094e+00
3.988840579986572266e+00
4.165979862213134766e+00
3.647023439407348633e+00
4.939473152160644531e+00
3.515877962112426758e+00
4.066461563110351562e+00
4.833722114562988281e+00
3.462246894836425781e+00
4.187577247619628906e+00
4.134897232055664062e+00
3.535870790481567383e+00
4.189831733703613281e+00
2.549825906753540039e+00
6.527090549468994141e+00
3.854304075241088867e+00
3.009214162826538086e+00
5.726623058319091797e+00
2.494143724441528320e+00
5.555097579956054688e+00
4.730278968811035156e+00
2.609362602233886719e+00
5.176716804504394531e+00
3.708098411560058594e+00
3.705082893371582031e+00
4.272732257843017578e+00
3.720076322555541992e+00
3.681200981140136719e+00
3.117868423461914062e+00
5.249313354492187500e+00
3.149550914764404297e+00
3.673181533813476562e+00
3.336124897003173828e+00
4.391978263854980469e+00
3.801388263702392578e+00
3.410687446594238281e+00
4.111542224884033203e+00
2.974286556243896484e+00
3.385823726654052734e+00
4.263594150543212891e+00
3.782350301742553711e+00
3.914288759231567383e+00
3.395900487899780273e+00
5.149905204772949219e+00
2.197073221206665039e+00
5.035320281982421875e+00
2.915852069854736328e+00
5.802194595336914062e+00
2.493100166320800781e+00
4.963559150695800781e+00
4.110633373260498047e+00
2.394366741180419922e+00
5.426096916198730469e+00
3.021510839462280273e+00
3.811020374298095703e+00
4.355682373046875000e+00
2.723051548004150391e+00
4.632723331451416016e+00
4.436253547668457031e+00
2.358873605728149414e+00
5.415430068969726562e+00
3.044466972351074219e+00
3.738557815551757812e+00
3.958795547485351562e+00
4.114499092102050781e+00
2.004838943481445312e+00
5.432184696197509766e+00
3.834434509277343750e+00
3.005444765090942383e+00
4.567833900451660156e+00
3.649897575378417969e+00
3.382624626159667969e+00
5.024476051330566406e+00
3.052004814147949219e+00
4.294589042663574219e+00
3.421792030334472656e+00
4.279922962188720703e+00
3.170197963714599609e+00
4.988181114196777344e+00
1.867464780807495117e+00
7.166572570800781250e+00
6.961200833320617676e-01
9.489856719970703125e+00
2.138180017471313477e+00
5.317654609680175781e+00
2.367816448211669922e+00
5.917321205139160156e+00
2.265440702438354492e+00
6.339650154113769531e+00
3.335907936096191406e+00
5.042403221130371094e+00
3.928553581237792969e+00
4.389708518981933594e+00
4.131464004516601562e+00
4.641347885131835938e+00
2.685050487518310547e+00
6.996301651000976562e+00
4.112272262573242188e+00
2.615186691284179688e+00
5.331610202789306641e+00
2.249133586883544922e+00
7.117267608642578125e+00
2.184156417846679688e+00
5.141232013702392578e+00
4.068059921264648438e+00
3.417043685913085938e+00
4.686872005462646484e+00
2.962964057922363281e+00
4.857119083404541016e+00
4.013770580291748047e+00
3.326669692993164062e+00
4.474055290222167969e+00
3.564919471740722656e+00
4.773025989532470703e+00
1.916098475456237793e+00
6.752047538757324219e+00
3.559577465057373047e+00
3.351730346679687500e+00
5.340332984924316406e+00
2.859180450439453125e+00
4.123045921325683594e+00
4.007062435150146484e+00
3.532061576843261719e+00
4.066861152648925781e+00
4.200713634490966797e+00
3.115591049194335938e+00
4.442140102386474609e+00
3.334928989410400391e+00
3.729501485824584961e+00
4.145121574401855469e+00
4.304607391357421875e+00
2.831231594085693359e+00
5.204420566558837891e+00
4.279644966125488281e+00
3.742168426513671875e+00
4.265819549560546875e+00
3.628028869628906250e+00
4.074024200439453125e+00
2.589513778686523438e+00
5.303693294525146484e+00
2.730777263641357422e+00
4.611639976501464844e+00
4.133857727050781250e+00
2.676251888275146484e+00
5.851017951965332031e+00
2.431266784667968750e+00
5.266615867614746094e+00
2.675134658813476562e+00
6.017063140869140625e+00
3.114756345748901367e+00
4.876613140106201172e+00
1.984909057617187500e+00
6.665840625762939453e+00
2.170778512954711914e+00
6.497883796691894531e+00
2.369793176651000977e+00
5.466689109802246094e+00
4.192735195159912109e+00
4.165898799896240234e+00
3.701327323913574219e+00
4.443470001220703125e+00
3.489517688751220703e+00
3.307698249816894531e+00
5.714997291564941406e+00
2.241145610809326172e+00
5.459962368011474609e+00
3.963664054870605469e+00
3.277788400650024414e+00
5.234289169311523438e+00
2.888218879699707031e+00
5.202536582946777344e+00
3.893074035644531250e+00
3.768116950988769531e+00
4.044210910797119141e+00
3.803064823150634766e+00
4.123748779296875000e+00
2.429862976074218750e+00
5.849714756011962891e+00
3.635478973388671875e+00
3.260765552520751953e+00
5.713784217834472656e+00
2.585264682769775391e+00
4.813539505004882812e+00
3.773072957992553711e+00
3.702017068862915039e+00
4.007117271423339844e+00
3.818271160125732422e+00
3.375815391540527344e+00
3.736354351043701172e+00
4.098253726959228516e+00
3.411910295486450195e+00
3.765184879302978516e+00
4.897574424743652344e+00
2.478832721710205078e+00
6.326628684997558594e+00
3.574875831604003906e+00
4.175198554992675781e+00
4.811196327209472656e+00
3.931074142456054688e+00
3.998883724212646484e+00
3.694464683532714844e+00
4.500416755676269531e+00
2.589126110076904297e+00
6.450285911560058594e+00
3.709908723831176758e+00
3.519647121429443359e+00
4.820629119873046875e+00
3.128376245498657227e+00
4.228239536285400391e+00
4.340326309204101562e+00
2.568850994110107422e+00
4.740148544311523438e+00
3.986286401748657227e+00
3.063276052474975586e+00
5.383285522460937500e+00
2.496076107025146484e+00
4.676375389099121094e+00
4.234767436981201172e+00
2.429304599761962891e+00
5.786818981170654297e+00
2.955663919448852539e+00
3.488699436187744141e+00
5.174287796020507812e+00
2.621375560760498047e+00
6.713454723358154297e+00
2.622231245040893555e+00
5.678661346435546875e+00
2.213477611541748047e+00
6.264978885650634766e+00
4.260414600372314453e+00
3.169283628463745117e+00
5.306930065155029297e+00
3.991850852966308594e+00
3.164611577987670898e+00
5.010869979858398438e+00
3.041703462600708008e+00
5.404171943664550781e+00
2.518079519271850586e+00
5.271633148193359375e+00
3.605487346649169922e+00
4.282279014587402344e+00
3.712044000625610352e+00
4.242993354797363281e+00
2.844885826110839844e+00
6.859848022460937500e+00
2.235165596008300781e+00
6.032162666320800781e+00
4.272201061248779297e+00
3.419545650482177734e+00
4.725805759429931641e+00
1.839294075965881348e+00
7.745547294616699219e+00
1.144412398338317871e+00
6.055469989776611328e+00
3.908583164215087891e+00
2.845584154129028320e+00
6.278274059295654297e+00
2.878712654113769531e+00
4.988998413085937500e+00
3.092551946640014648e+00
4.963753223419189453e+00
3.121493339538574219e+00
4.842968463897705078e+00
2.881493091583251953e+00
5.266233921051025391e+00
3.602806329727172852e+00
3.502630710601806641e+00
4.861652374267578125e+00
2.384221792221069336e+00
4.741341590881347656e+00
2.897565841674804688e+00
4.240324497222900391e+00
2.764769315719604492e+00
4.633644104003906250e+00
3.666140556335449219e+00
3.935850858688354492e+00
3.998953580856323242e+00
3.498978376388549805e+00
3.064476490020751953e+00
5.657408714294433594e+00
3.419784069061279297e+00
4.610397338867187500e+00
3.586690425872802734e+00
3.537705659866333008e+00
4.937683105468750000e+00
2.679365634918212891e+00
4.294003486633300781e+00
4.552195549011230469e+00
2.711526393890380859e+00
4.783596515655517578e+00
3.055780410766601562e+00
4.043269634246826172e+00
4.309774875640869141e+00
3.125273704528808594e+00
4.350044250488281250e+00
3.404860496520996094e+00
2.797492504119873047e+00
6.213953018188476562e+00
2.055160045623779297e+00
6.067943096160888672e+00
1.039027690887451172e+00
8.872115135192871094e+00
1.439617633819580078e+00
7.716619968414306641e+00
3.325282096862792969e+00
6.277163028717041016e+00
1.999075055122375488e+00
8.437398910522460938e+00
6.981427669525146484e-01
7.156547546386718750e+00
1.121731162071228027e+00
5.954963684082031250e+00
3.321316242218017578e+00
2.252771377563476562e+00
5.533541679382324219e+00
1.679823756217956543e+00
5.815575599670410156e+00
3.934557676315307617e+00
3.177159786224365234e+00
5.548632621765136719e+00
2.887300014495849609e+00
4.848417282104492188e+00
2.622288942337036133e+00
4.801831245422363281e+00
3.924486637115478516e+00
3.427114963531494141e+00
4.292138099670410156e+00
3.024097919464111328e+00
4.284649848937988281e+00
2.872092962265014648e+00
4.520635604858398438e+00
2.720573425292968750e+00
3.655998468399047852e+00
4.524941444396972656e+00
3.396611928939819336e+00
4.605429649353027344e+00
3.152311325073242188e+00
3.710705280303955078e+00
2.943149089813232422e+00
4.682352066040039062e+00
3.194193363189697266e+00
4.666141510009765625e+00
1.824985265731811523e+00
5.540827274322509766e+00
3.880493879318237305e+00
2.787250518798828125e+00
5.770943641662597656e+00
2.048448085784912109e+00
7.832432270050048828e+00
3.355821132659912109e+00
3.330772399902343750e+00
4.367263793945312500e+00
3.915173530578613281e+00
2.518410444259643555e+00
5.248624324798583984e+00
1.955224990844726562e+00
4.892112731933593750e+00
3.765193462371826172e+00
3.024385213851928711e+00
4.844460010528564453e+00
2.830363988876342773e+00
3.040241479873657227e+00
4.347267627716064453e+00
3.723635196685791016e+00
3.142805099487304688e+00
4.244214057922363281e+00
4.029902458190917969e+00
2.637961626052856445e+00
4.141667366027832031e+00
3.168698787689208984e+00
3.838294506072998047e+00
3.268888235092163086e+00
3.740628242492675781e+00
3.116461277008056641e+00
4.019441127777099609e+00
4.085470199584960938e+00
2.364591121673583984e+00
5.330066680908203125e+00
3.639446496963500977e+00
3.531403541564941406e+00
4.443267822265625000e+00
3.333985805511474609e+00
3.580889701843261719e+00
4.991012096405029297e+00
2.743581771850585938e+00
4.712944984436035156e+00
4.172202110290527344e+00
3.280504703521728516e+00
4.103631973266601562e+00
3.390301704406738281e+00
3.865507602691650391e+00
2.385882854461669922e+00
6.123718261718750000e+00
2.625643014907836914e+00
4.021273136138916016e+00
4.093795776367187500e+00
3.984744310379028320e+00
4.454304695129394531e+00
3.069516658782958984e+00
4.932441711425781250e+00
2.411656856536865234e+00
4.964151859283447266e+00
2.715207815170288086e+00
4.202150344848632812e+00
4.004824161529541016e+00
3.551860809326171875e+00
3.795463323593139648e+00
2.906950712203979492e+00
5.414576530456542969e+00
2.763802051544189453e+00
3.567817449569702148e+00
4.352812767028808594e+00
3.545268058776855469e+00
3.899055719375610352e+00
3.330473423004150391e+00
4.414116859436035156e+00
3.268413066864013672e+00
3.419373512268066406e+00
5.157985687255859375e+00
2.105920791625976562e+00
5.565729141235351562e+00
4.649894714355468750e+00
3.063312530517578125e+00
4.379113197326660156e+00
3.691711425781250000e+00
3.272824764251708984e+00
4.371289253234863281e+00
4.388884067535400391e+00
1.953181982040405273e+00
7.830528736114501953e+00
6.545084714889526367e-01
8.193868637084960938e+00
1.737282514572143555e+00
5.523772716522216797e+00
5.218070983886718750e+00
3.586946010589599609e+00
3.781244754791259766e+00
4.156522750854492188e+00
2.725032329559326172e+00
6.319664478302001953e+00
1.754702806472778320e+00
5.772806167602539062e+00
3.613592147827148438e+00
3.767102718353271484e+00
3.658461093902587891e+00
4.745947837829589844e+00
2.716258764266967773e+00
4.684546470642089844e+00
1.903149127960205078e+00
7.344607353210449219e+00
2.576193094253540039e+00
4.701392173767089844e+00
4.420714378356933594e+00
2.868307590484619141e+00
5.895449638366699219e+00
3.189578294754028320e+00
4.278358459472656250e+00
4.078010559082031250e+00
4.179895401000976562e+00
4.222457885742187500e+00
3.425943374633789062e+00
4.010811805725097656e+00
3.344194889068603516e+00
4.788984775543212891e+00
4.860861778259277344e+00
1.886965274810791016e+00
6.914833068847656250e+00
1.467016935348510742e+00
5.051275730133056641e+00
3.426681518554687500e+00
2.626853466033935547e+00
5.589420318603515625e+00
2.861533164978027344e+00
5.059303283691406250e+00
3.992210865020751953e+00
3.433983802795410156e+00
5.068049907684326172e+00
1.943707466125488281e+00
8.118698120117187500e+00
2.639215230941772461e+00
3.514836072921752930e+00
5.384974479675292969e+00
4.111358642578125000e+00
4.002114295959472656e+00
4.320897102355957031e+00
2.700176239013671875e+00
4.489504814147949219e+00
3.068296432495117188e+00
4.964203834533691406e+00
4.304301261901855469e+00
3.234747409820556641e+00
4.256967067718505859e+00
3.005243778228759766e+00
4.710844039916992188e+00
1.997924327850341797e+00
6.374855995178222656e+00
4.154635906219482422e+00
2.746333360671997070e+00
4.942996978759765625e+00
3.061288833618164062e+00
3.386389493942260742e+00
4.722877979278564453e+00
2.970395803451538086e+00
4.662768363952636719e+00
3.138442039489746094e+00
3.611427068710327148e+00
3.135438919067382812e+00
3.437635898590087891e+00
3.761076450347900391e+00
2.946893215179443359e+00
4.602555274963378906e+00
3.144567966461181641e+00
4.313849449157714844e+00
3.426183700561523438e+00
3.440453529357910156e+00
3.867501258850097656e+00
4.140228748321533203e+00
3.476986408233642578e+00
4.044643878936767578e+00
2.845517635345458984e+00
4.237656116485595703e+00
2.545668601989746094e+00
4.851917743682861328e+00
2.898965358734130859e+00
3.479322910308837891e+00
4.913081169128417969e+00
3.067923069000244141e+00
3.794799327850341797e+00
4.028993606567382812e+00
3.139778375625610352e+00
4.161948204040527344e+00
2.586439132690429688e+00
5.437801837921142578e+00
3.278990745544433594e+00
2.947566509246826172e+00
4.611522674560546875e+00
3.531857490539550781e+00
3.553096294403076172e+00
4.714984893798828125e+00
3.524030447006225586e+00
3.569875240325927734e+00
3.676526546478271484e+00
4.476415634155273438e+00
4.269210338592529297e+00
4.708290576934814453e+00
2.707634925842285156e+00
5.573438644409179688e+00
5.806600451469421387e-01
8.690837860107421875e+00
4.036996841430664062e+00
4.747233390808105469e+00
3.127162218093872070e+00
4.129085063934326172e+00
3.102452278137207031e+00
4.620250701904296875e+00
2.538874149322509766e+00
5.374614238739013672e+00
3.100772857666015625e+00
4.667639732360839844e+00
3.080706119537353516e+00
5.348406314849853516e+00
2.771250009536743164e+00
4.416213989257812500e+00
2.747644901275634766e+00
5.246882438659667969e+00
2.973456859588623047e+00
3.686292171478271484e+00
4.514228343963623047e+00
1.908390045166015625e+00
7.390517234802246094e+00
1.806702136993408203e+00
3.847068309783935547e+00
4.196726799011230469e+00
2.498457193374633789e+00
5.659217834472656250e+00
2.825331211090087891e+00
5.802184104919433594e+00
2.977832078933715820e+00
5.199934482574462891e+00
3.528738975524902344e+00
5.715385913848876953e+00
1.925845623016357422e+00
8.069353103637695312e+00
1.380578994750976562e+00
8.520782470703125000e+00
3.001785993576049805e+00
4.641460418701171875e+00
3.657840728759765625e+00
3.710151672363281250e+00
3.746541023254394531e+00
3.493678569793701172e+00
4.783125877380371094e+00
3.927622795104980469e+00
3.058131933212280273e+00
5.278146743774414062e+00
1.720118999481201172e+00
6.409694194793701172e+00
1.675881028175354004e+00
7.202016830444335938e+00
3.029384374618530273e+00
2.793418884277343750e+00
6.158539772033691406e+00
2.265712738037109375e+00
4.883804321289062500e+00
3.574020385742187500e+00
2.617101430892944336e+00
4.629387855529785156e+00
2.586777687072753906e+00
5.146962165832519531e+00
2.803570270538330078e+00
4.126381874084472656e+00
3.987709760665893555e+00
3.166420936584472656e+00
4.486884117126464844e+00
2.203280448913574219e+00
6.407400131225585938e+00
3.971916198730468750e+00
3.087297439575195312e+00
4.748982429504394531e+00
3.593283653259277344e+00
3.115149021148681641e+00
4.584436416625976562e+00
2.468062877655029297e+00
5.232596397399902344e+00
2.829506874084472656e+00
4.507242202758789062e+00
3.872320175170898438e+00
3.523761034011840820e+00
3.507183551788330078e+00
3.385552167892456055e+00
4.202796459197998047e+00
2.197867870330810547e+00
4.638219833374023438e+00
2.815129280090332031e+00
4.183771610260009766e+00
2.991854190826416016e+00
4.173599243164062500e+00
3.944350481033325195e+00
2.728504180908203125e+00
4.759971141815185547e+00
2.950148820877075195e+00
4.069041252136230469e+00
3.834917545318603516e+00
3.338645935058593750e+00
3.964777469635009766e+00
3.295289754867553711e+00
3.455835103988647461e+00
4.239091873168945312e+00
3.733195066452026367e+00
3.458148956298828125e+00
4.196382045745849609e+00
3.261506557464599609e+00
4.073081970214843750e+00
4.549068450927734375e+00
3.148844003677368164e+00
5.432063579559326172e+00
2.395213603973388672e+00
5.609147548675537109e+00
2.782748222351074219e+00
4.440279006958007812e+00
3.505504846572875977e+00
4.095600128173828125e+00
3.997165679931640625e+00
3.510099172592163086e+00
4.221468925476074219e+00
2.850215196609497070e+00
3.587438583374023438e+00
4.870131492614746094e+00
3.324533462524414062e+00
4.328066825866699219e+00
3.351536273956298828e+00
4.193770885467529297e+00
4.519574165344238281e+00
3.973566532135009766e+00
3.264757156372070312e+00
3.571296453475952148e+00
3.998465299606323242e+00
2.720444679260253906e+00
4.291662693023681641e+00
3.637807369232177734e+00
2.542595386505126953e+00
5.425487518310546875e+00
1.980820178985595703e+00
6.243512630462646484e+00
2.678201198577880859e+00
3.595589160919189453e+00
3.356575965881347656e+00
3.577327013015747070e+00
3.708068847656250000e+00
3.185727119445800781e+00
3.632527828216552734e+00
3.125804424285888672e+00
4.187684059143066406e+00
3.289009094238281250e+00
4.081925392150878906e+00
3.790623426437377930e+00
2.528792619705200195e+00
6.245083332061767578e+00
2.425385236740112305e+00
6.956681251525878906e+00
2.961522579193115234e+00
3.450642585754394531e+00
5.115596771240234375e+00
1.933500528335571289e+00
7.375288009643554688e+00
1.970723509788513184e+00
6.613381862640380859e+00
2.191518545150756836e+00
6.474589347839355469e+00
2.279267311096191406e+00
5.717112541198730469e+00
3.652298450469970703e+00
4.423729896545410156e+00
4.335994243621826172e+00
4.094122409820556641e+00
4.040932655334472656e+00
3.666550636291503906e+00
4.500074386596679688e+00
4.013346195220947266e+00
4.055857658386230469e+00
3.350081443786621094e+00
5.467176437377929688e+00
4.080615997314453125e+00
3.945697069168090820e+00
3.823818683624267578e+00
3.386993885040283203e+00
6.234456539154052734e+00
1.783973455429077148e+00
5.083321571350097656e+00
4.218550682067871094e+00
3.070178508758544922e+00
4.713808059692382812e+00
2.590596675872802734e+00
4.998755931854248047e+00
3.770281314849853516e+00
3.370769500732421875e+00
5.208415031433105469e+00
2.458561420440673828e+00
5.422462463378906250e+00
2.825876712799072266e+00
4.573847293853759766e+00
4.432089805603027344e+00
2.127217769622802734e+00
6.848795890808105469e+00
5.869925618171691895e-01
6.678780555725097656e+00
2.386698722839355469e+00
4.149772644042968750e+00
4.996041297912597656e+00
1.804127693176269531e+00
6.398252010345458984e+00
3.896213769912719727e+00
2.720489740371704102e+00
5.230444908142089844e+00
2.653213024139404297e+00
5.063149452209472656e+00
2.625263690948486328e+00
5.546668052673339844e+00
4.216843605041503906e+00
3.830891609191894531e+00
3.379674673080444336e+00
4.486197471618652344e+00
2.723247289657592773e+00
4.297060012817382812e+00
3.581696271896362305e+00
2.345879077911376953e+00
5.228726387023925781e+00
3.926243782043457031e+00
3.028108596801757812e+00
4.802549362182617188e+00
1.911244630813598633e+00
5.637842178344726562e+00
2.998416900634765625e+00
4.607438087463378906e+00
3.561869144439697266e+00
3.477380990982055664e+00
3.259166955947875977e+00
4.427258491516113281e+00
1.697072744369506836e+00
5.709600925445556641e+00
2.074363231658935547e+00
5.654185771942138672e+00
2.406864404678344727e+00
4.902637958526611328e+00
3.214967727661132812e+00
3.853387594223022461e+00
3.097840547561645508e+00
4.799120903015136719e+00
2.412217378616333008e+00
4.502099514007568359e+00
3.249216556549072266e+00
4.250477790832519531e+00
3.685321807861328125e+00
4.157051086425781250e+00
2.418155431747436523e+00
5.347488403320312500e+00
2.340952396392822266e+00
4.808505058288574219e+00
2.724137783050537109e+00
4.505614280700683594e+00
4.133164882659912109e+00
3.100035667419433594e+00
5.292758941650390625e+00
2.949485301971435547e+00
4.019653320312500000e+00
3.352571487426757812e+00
4.123924255371093750e+00
3.276887893676757812e+00
4.479581832885742188e+00
3.150463819503784180e+00
4.120617389678955078e+00
3.248102188110351562e+00
4.059318542480468750e+00
4.500460624694824219e+00
2.411982297897338867e+00
7.313304424285888672e+00
2.532545566558837891e+00
5.355461120605468750e+00
4.378543376922607422e+00
4.280303001403808594e+00
3.577754974365234375e+00
5.384030342102050781e+00
7.231433391571044922e-01
7.058247566223144531e+00
1.144728362560272217e-01
7.502998352050781250e+00
2.033470392227172852e+00
4.481086730957031250e+00
3.197514772415161133e+00
3.093037128448486328e+00
3.606179714202880859e+00
3.089497089385986328e+00
4.290763854980468750e+00
3.474522113800048828e+00
4.283371925354003906e+00
1.970996379852294922e+00
6.985024452209472656e+00
1.733565568923950195e+00
5.206107616424560547e+00
3.344982862472534180e+00
2.322440147399902344e+00
6.414481163024902344e+00
3.135813713073730469e+00
4.102719306945800781e+00
4.275167942047119141e+00
3.927752017974853516e+00
3.476081371307373047e+00
4.866121768951416016e+00
2.373081207275390625e+00
6.957892417907714844e+00
2.095513820648193359e+00
5.345277309417724609e+00
5.029978752136230469e+00
4.185494422912597656e+00
2.475594282150268555e+00
6.156797409057617188e+00
2.352984189987182617e+00
5.384996891021728516e+00
2.626980304718017578e+00
4.211367130279541016e+00
4.106251716613769531e+00
3.779695510864257812e+00
3.124638080596923828e+00
4.152107715606689453e+00
3.369650363922119141e+00
3.498170375823974609e+00
3.911388397216796875e+00
3.433176517486572266e+00
3.240222930908203125e+00
5.128044128417968750e+00
2.412205696105957031e+00
4.611479759216308594e+00
4.080775260925292969e+00
3.229872703552246094e+00
4.393174171447753906e+00
2.958985805511474609e+00
4.210078716278076172e+00
4.274339675903320312e+00
2.490573406219482422e+00
4.629253864288330078e+00
1.466346621513366699e+00
5.627520561218261719e+00
2.506048679351806641e+00
4.760217666625976562e+00
4.942470073699951172e+00
1.863068938255310059e+00
4.867409706115722656e+00
2.539819955825805664e+00
2.278995513916015625e+00
4.919003486633300781e+00
2.925232887268066406e+00
5.584424018859863281e+00
1.676625251770019531e+00
5.865497112274169922e+00
1.397850990295410156e+00
6.329294204711914062e+00
2.627935886383056641e+00
3.757942199707031250e+00
4.003425121307373047e+00
2.845407962799072266e+00
5.726297378540039062e+00
3.489304304122924805e+00
4.817512035369873047e+00
3.726574897766113281e+00
4.867016792297363281e+00
3.011353254318237305e+00
5.773521900177001953e+00
2.795753002166748047e+00
4.727509498596191406e+00
4.361271858215332031e+00
3.850638389587402344e+00
4.521942615509033203e+00
3.697176933288574219e+00
3.433825969696044922e+00
4.430853843688964844e+00
2.149325847625732422e+00
5.765449523925781250e+00
2.598135471343994141e+00
4.445878505706787109e+00
3.338037967681884766e+00
4.055415153503417969e+00
4.344887256622314453e+00
3.190958023071289062e+00
4.577315330505371094e+00
2.858996391296386719e+00
4.238080024719238281e+00
3.733082294464111328e+00
3.867522239685058594e+00
2.552132368087768555e+00
5.600890159606933594e+00
1.817750573158264160e+00
6.353714942932128906e+00
2.517233133316040039e+00
2.918495416641235352e+00
3.319991111755371094e+00
2.872773647308349609e+00
3.717329740524291992e+00
2.769896507263183594e+00
4.408874034881591797e+00
2.326231956481933594e+00
6.116496086120605469e+00
2.897181987762451172e+00
4.484625339508056641e+00
3.409857749938964844e+00
4.573839187622070312e+00
2.653608798980712891e+00
5.338523864746093750e+00
1.707617282867431641e+00
5.346937656402587891e+00
2.427507877349853516e+00
4.512586593627929688e+00
4.066525459289550781e+00
2.802408218383789062e+00
3.523699760437011719e+00
4.423029899597167969e+00
2.119391679763793945e+00
5.362378120422363281e+00
2.511907100677490234e+00
4.457043647766113281e+00
3.722023487091064453e+00
3.082812070846557617e+00
4.028163909912109375e+00
2.673994302749633789e+00
4.649649143218994141e+00
3.954444885253906250e+00
1.845438480377197266e+00
4.455247879028320312e+00
2.915097236633300781e+00
3.521702289581298828e+00
3.991083860397338867e+00
2.807637214660644531e+00
3.805191516876220703e+00
3.552049636840820312e+00
3.089784622192382812e+00
3.994598865509033203e+00
3.116886138916015625e+00
3.871808052062988281e+00
3.580522537231445312e+00
3.509484291076660156e+00
4.024252891540527344e+00
2.693789005279541016e+00
4.963529586791992188e+00
2.960667848587036133e+00
4.785175323486328125e+00
4.104006767272949219e+00
2.398668766021728516e+00
4.627343177795410156e+00
3.671470403671264648e+00
3.921730518341064453e+00
2.334994792938232422e+00
5.600609779357910156e+00
1.437001466751098633e+00
7.537630081176757812e+00
2.559748172760009766e+00
4.961829185485839844e+00
2.900213956832885742e+00
5.142052650451660156e+00
3.145814180374145508e+00
4.126869678497314453e+00
3.775616884231567383e+00
3.305236816406250000e+00
4.272450447082519531e+00
2.719780206680297852e+00
4.955049514770507812e+00
4.122826576232910156e+00
3.203675746917724609e+00
3.805092334747314453e+00
2.515651941299438477e+00
5.222089767456054688e+00
2.785643100738525391e+00
4.367605209350585938e+00
3.840719223022460938e+00
3.203519344329833984e+00
4.352311134338378906e+00
3.231864690780639648e+00
4.142890453338623047e+00
3.415689945220947266e+00
3.692237377166748047e+00
3.474360227584838867e+00
3.739468812942504883e+00
3.013475418090820312e+00
4.402357578277587891e+00
2.730953216552734375e+00
4.475867271423339844e+00
3.341267585754394531e+00
3.300157546997070312e+00
5.209586620330810547e+00
1.117465734481811523e+00
6.109328269958496094e+00
2.681847095489501953e+00
4.507118225097656250e+00
2.688943386077880859e+00
5.046255111694335938e+00
2.092244386672973633e+00
6.245863437652587891e+00
2.879651784896850586e+00
4.577878475189208984e+00
2.328519344329833984e+00
6.421830177307128906e+00
1.649070739746093750e+00
8.101772308349609375e+00
4.261250793933868408e-01
8.426052093505859375e+00
6.431314945220947266e-01
6.114741325378417969e+00
2.278633117675781250e+00
4.364510536193847656e+00
3.367130756378173828e+00
2.823029994964599609e+00
4.882989406585693359e+00
3.609916925430297852e+00
3.813142538070678711e+00
4.277746200561523438e+00
3.735054016113281250e+00
4.765515327453613281e+00
2.465370893478393555e+00
6.828147888183593750e+00
2.482625961303710938e+00
5.530422210693359375e+00
4.183460235595703125e+00
3.686857700347900391e+00
4.962598323822021484e+00
3.474909543991088867e+00
3.525202035903930664e+00
4.074246406555175781e+00
2.841581583023071289e+00
4.640533924102783203e+00
2.871009349822998047e+00
4.981956481933593750e+00
3.788435935974121094e+00
2.335294723510742188e+00
5.841418266296386719e+00
3.201061725616455078e+00
4.206832408905029297e+00
4.322566032409667969e+00
3.772024631500244141e+00
4.167079925537109375e+00
3.211832046508789062e+00
4.237137794494628906e+00
3.331044673919677734e+00
4.497135162353515625e+00
2.953934669494628906e+00
3.675590991973876953e+00
3.614725828170776367e+00
3.448845863342285156e+00
2.726641654968261719e+00
4.310451030731201172e+00
2.897604703903198242e+00
3.259370326995849609e+00
4.039083003997802734e+00
2.917309999465942383e+00
4.220142364501953125e+00
2.923460960388183594e+00
3.888033866882324219e+00
2.387676239013671875e+00
6.319142341613769531e+00
2.099874496459960938e+00
6.157017707824707031e+00
2.665942668914794922e+00
4.501187801361083984e+00
3.426195621490478516e+00
3.398336410522460938e+00
4.054760456085205078e+00
1.985314249992370605e+00
6.481570243835449219e+00
3.017753601074218750e+00
3.777943611145019531e+00
3.925322055816650391e+00
3.723916530609130859e+00
4.396553993225097656e+00
2.853858947753906250e+00
4.247792243957519531e+00
3.183413505554199219e+00
4.599067211151123047e+00
1.528252482414245605e+00
5.105378627777099609e+00
2.079174757003784180e+00
6.478751182556152344e+00
3.970944166183471680e+00
2.230423688888549805e+00
5.860863208770751953e+00
1.255430340766906738e+00
7.469375610351562500e+00
1.116138219833374023e+00
6.976664543151855469e+00
1.185610651969909668e+00
4.367199897766113281e+00
3.017352819442749023e+00
2.490803241729736328e+00
4.046034812927246094e+00
3.004549980163574219e+00
3.119118928909301758e+00
4.635993003845214844e+00
2.460896492004394531e+00
5.292205810546875000e+00
1.840242266654968262e+00
7.124395370483398438e+00
3.855054616928100586e+00
2.913627862930297852e+00
4.784893035888671875e+00
2.887250185012817383e+00
4.059125900268554688e+00
3.543753862380981445e+00
3.865889310836791992e+00
3.283260822296142578e+00
4.152522087097167969e+00
3.937523365020751953e+00
3.266303062438964844e+00
3.783635139465332031e+00
4.325217247009277344e+00
2.837871074676513672e+00
4.384542465209960938e+00
3.058876752853393555e+00
4.575936317443847656e+00
4.236366748809814453e+00
3.614394426345825195e+00
4.702291011810302734e+00
3.935564517974853516e+00
3.179641723632812500e+00
4.624553680419921875e+00
9.089419245719909668e-01
7.490634441375732422e+00
8.923727869987487793e-01
6.910905838012695312e+00
9.472112655639648438e-01
9.220747947692871094e+00
1.392482995986938477e+00
3.800499200820922852e+00
4.074699401855468750e+00
2.006998538970947266e+00
3.622967243194580078e+00
3.343532562255859375e+00
3.492481470108032227e+00
2.558792352676391602e+00
5.398931503295898438e+00
2.639762163162231445e+00
5.269501686096191406e+00
3.425452232360839844e+00
4.133783817291259766e+00
3.318715810775756836e+00
4.826183319091796875e+00
2.272883892059326172e+00
6.490850448608398438e+00
3.190486907958984375e+00
4.149633884429931641e+00
4.173786163330078125e+00
3.568605899810791016e+00
4.918238162994384766e+00
2.866820096969604492e+00
4.436335563659667969e+00
3.311396121978759766e+00
4.362489700317382812e+00
4.112793922424316406e+00
2.284810066223144531e+00
6.838783264160156250e+00
2.365218877792358398e+00
5.613833427429199219e+00
3.195991516113281250e+00
4.067523002624511719e+00
4.349247932434082031e+00
3.661244869232177734e+00
4.069434165954589844e+00
4.013342380523681641e+00
2.850531578063964844e+00
3.772823333740234375e+00
3.594583988189697266e+00
1.982125878334045410e+00
5.494427680969238281e+00
3.819039583206176758e+00
2.413396835327148438e+00
5.634530067443847656e+00
1.620939493179321289e+00
5.775595664978027344e+00
3.335440397262573242e+00
2.496874809265136719e+00
5.821794509887695312e+00
2.450723409652709961e+00
4.555766105651855469e+00
2.828127861022949219e+00
4.528102874755859375e+00
1.555970430374145508e+00
5.111503601074218750e+00
2.431174278259277344e+00
3.501575469970703125e+00
4.472186088562011719e+00
3.293422222137451172e+00
3.214988231658935547e+00
4.024715423583984375e+00
3.464648485183715820e+00
3.435641050338745117e+00
3.470848560333251953e+00
3.234262466430664062e+00
4.080875396728515625e+00
2.477010250091552734e+00
4.188724994659423828e+00
2.580542564392089844e+00
4.838935852050781250e+00
3.251627922058105469e+00
2.770010471343994141e+00
3.874569416046142578e+00
3.252713680267333984e+00
3.352377414703369141e+00
4.055683135986328125e+00
3.555028915405273438e+00
2.733141422271728516e+00
4.262215614318847656e+00
2.981159687042236328e+00
3.446839570999145508e+00
3.999660730361938477e+00
2.323691368103027344e+00
4.066154479980468750e+00
2.680774450302124023e+00
3.084972858428955078e+00
3.369693279266357422e+00
2.828663110733032227e+00
4.007612705230712891e+00
2.873193025588989258e+00
3.102234363555908203e+00
4.284293174743652344e+00
3.451479911804199219e+00
2.293776988983154297e+00
4.876526832580566406e+00
1.706909418106079102e+00
5.389053344726562500e+00
2.659157514572143555e+00
5.017025470733642578e+00
1.708270072937011719e+00
5.437147140502929688e+00
2.982189655303955078e+00
3.152665138244628906e+00
4.544058799743652344e+00
2.027426481246948242e+00
4.449041366577148438e+00
3.466371536254882812e+00
4.489553451538085938e+00
3.260749816894531250e+00
3.233435392379760742e+00
3.908682584762573242e+00
3.281223773956298828e+00
3.292590141296386719e+00
3.975147008895874023e+00
3.286296367645263672e+00
4.703055381774902344e+00
2.028567552566528320e+00
5.266624450683593750e+00
5.042324066162109375e+00
2.668777942657470703e+00
3.441710948944091797e+00
4.612473964691162109e+00
3.185100555419921875e+00
3.418816089630126953e+00
3.825426578521728516e+00
3.770256757736206055e+00
4.156140327453613281e+00
3.078395843505859375e+00
3.998805046081542969e+00
3.365621328353881836e+00
3.919279813766479492e+00
2.741636991500854492e+00
5.673539161682128906e+00
3.786886930465698242e+00
3.976966381072998047e+00
3.356249332427978516e+00
3.794227600097656250e+00
4.290130138397216797e+00
3.862694263458251953e+00
4.393182754516601562e+00
2.976894855499267578e+00
5.964211463928222656e+00
1.423930406570434570e+00
6.215152740478515625e+00
1.762889623641967773e+00
6.965683460235595703e+00
1.295900344848632812e+00
7.693990707397460938e+00
1.751946687698364258e+00
6.438416004180908203e+00
1.008633255958557129e+00
7.132731914520263672e+00
8.848712444305419922e-01
7.750355720520019531e+00
2.115996837615966797e+00
3.588850259780883789e+00
4.555650234222412109e+00
2.599920272827148438e+00
3.664916515350341797e+00
3.416614532470703125e+00
4.525818824768066406e+00
3.176416635513305664e+00
4.568819522857666016e+00
3.011418342590332031e+00
5.321067810058593750e+00
3.316558122634887695e+00
4.561566829681396484e+00
3.383739948272705078e+00
4.248642921447753906e+00
4.358370780944824219e+00
3.744452476501464844e+00
4.348712444305419922e+00
3.465403556823730469e+00
4.495965003967285156e+00
3.279169797897338867e+00
4.788749694824218750e+00
3.566168785095214844e+00
5.530257701873779297e+00
2.051697731018066406e+00
6.369525432586669922e+00
4.796575069427490234e+00
2.698326349258422852e+00
6.300683975219726562e+00
2.331252574920654297e+00
7.851833343505859375e+00
1.104399919509887695e+00
5.996880531311035156e+00
2.443393230438232422e+00
4.395717620849609375e+00
4.536375045776367188e+00
3.071554660797119141e+00
5.397281646728515625e+00
2.066538333892822266e+00
6.414282798767089844e+00
2.187871456146240234e+00
3.887147426605224609e+00
3.817245244979858398e+00
2.537039756774902344e+00
6.935379981994628906e+00
2.000820875167846680e+00
6.225610256195068359e+00
2.658986806869506836e+00
5.732077598571777344e+00
3.207240581512451172e+00
4.333452701568603516e+00
3.277465343475341797e+00
4.728755950927734375e+00
1.798689961433410645e+00
6.070544242858886719e+00
1.540464162826538086e+00
5.661005973815917969e+00
4.134473800659179688e+00
2.940469980239868164e+00
5.064035415649414062e+00
4.886090278625488281e+00
2.481901884078979492e+00
4.299929141998291016e+00
4.788617610931396484e+00
3.939306259155273438e+00
2.625754594802856445e+00
5.739827156066894531e+00
4.837899208068847656e+00
2.548537731170654297e+00
5.743245601654052734e+00
3.183923959732055664e+00
4.106968879699707031e+00
4.110195159912109375e+00
4.627839088439941406e+00
3.358725070953369141e+00
3.673894882202148438e+00
4.387751579284667969e+00
3.560846090316772461e+00
2.689085245132446289e+00
8.090444564819335938e+00
1.803765535354614258e+00
5.828005790710449219e+00
1.452014446258544922e+00
6.081749916076660156e+00
4.146823883056640625e+00
2.640211105346679688e+00
5.731102943420410156e+00
3.050902843475341797e+00
4.184247970581054688e+00
3.985886573791503906e+00
3.928074359893798828e+00
3.835911273956298828e+00
5.258833885192871094e+00
3.840646266937255859e+00
3.079239845275878906e+00
4.274899959564208984e+00
3.806316375732421875e+00
2.993656158447265625e+00
4.925901889801025391e+00
2.570240974426269531e+00
5.400786399841308594e+00
3.004754543304443359e+00
4.620345115661621094e+00
3.411156654357910156e+00
3.861793994903564453e+00
3.975057363510131836e+00
2.998195409774780273e+00
4.289004325866699219e+00
3.228626489639282227e+00
3.771052837371826172e+00
3.394707918167114258e+00
3.727546215057373047e+00
3.143234729766845703e+00
4.362790584564208984e+00
3.285044670104980469e+00
3.833875417709350586e+00
4.110400676727294922e+00
3.391143083572387695e+00
4.035439491271972656e+00
3.175285816192626953e+00
3.563603878021240234e+00
3.493398189544677734e+00
4.067122459411621094e+00
3.680457830429077148e+00
3.334764957427978516e+00
5.207796096801757812e+00
2.811765193939208984e+00
4.338918685913085938e+00
4.086592197418212891e+00
3.051999568939208984e+00
4.190039157867431641e+00
3.287345886230468750e+00
3.445887327194213867e+00
3.413573265075683594e+00
4.765683174133300781e+00
1.881699562072753906e+00
6.447626113891601562e+00
2.480800628662109375e+00
4.693560600280761719e+00
4.525372982025146484e+00
2.672589778900146484e+00
7.163487434387207031e+00
2.327107906341552734e+00
6.740701198577880859e+00
1.468534350395202637e+00
7.011267662048339844e+00
4.100580692291259766e+00
3.024596691131591797e+00
7.602108955383300781e+00
3.187799453735351562e+00
3.814012527465820312e+00
5.818858146667480469e+00
1.485478639602661133e+00
7.024103164672851562e+00
3.111336231231689453e+00
3.647965908050537109e+00
5.624576568603515625e+00
3.567967891693115234e+00
3.304016113281250000e+00
4.535496711730957031e+00
3.356196403503417969e+00
2.985147476196289062e+00
3.939315319061279297e+00
3.457376480102539062e+00
2.804786205291748047e+00
3.763509273529052734e+00
4.186714649200439453e+00
3.712063312530517578e+00
4.110502243041992188e+00
3.462625980377197266e+00
3.446144580841064453e+00
3.554675102233886719e+00
3.721647739410400391e+00
3.490066528320312500e+00
3.391948938369750977e+00
4.863232612609863281e+00
4.002532005310058594e+00
3.385567665100097656e+00
4.027016639709472656e+00
3.672074317932128906e+00
2.121869087219238281e+00
5.529551506042480469e+00
2.429579019546508789e+00
5.212051391601562500e+00
1.809816837310791016e+00
4.844911575317382812e+00
2.173596620559692383e+00
4.111039161682128906e+00
4.088068008422851562e+00
2.927035808563232422e+00
5.535851955413818359e+00
3.886437654495239258e+00
3.303225755691528320e+00
4.881352424621582031e+00
2.292941570281982422e+00
6.098037719726562500e+00
1.443415641784667969e+00
5.293318271636962891e+00
1.671281337738037109e+00
8.454696655273437500e+00
3.520479202270507812e+00
3.883329391479492188e+00
5.024769306182861328e+00
2.103829383850097656e+00
5.284777641296386719e+00
2.609296560287475586e+00
5.219414710998535156e+00
4.124458789825439453e+00
2.791726112365722656e+00
4.987502098083496094e+00
3.727801799774169922e+00
2.273248672485351562e+00
4.861912250518798828e+00
4.278575897216796875e+00
2.785326004028320312e+00
4.844609260559082031e+00
3.578359365463256836e+00
3.637576580047607422e+00
4.815683364868164062e+00
3.702560424804687500e+00
2.945732355117797852e+00
4.778304576873779297e+00
3.236849069595336914e+00
4.446722507476806641e+00
2.827579259872436523e+00
4.442133903503417969e+00
3.368858337402343750e+00
5.643148422241210938e+00
4.452366828918457031e+00
1.341517210006713867e+00
7.685891151428222656e+00
6.930171251296997070e-01
9.242999076843261719e+00
2.644362926483154297e+00
5.374661445617675781e+00
2.104498863220214844e+00
5.364945888519287109e+00
1.891521215438842773e+00
5.483751296997070312e+00
3.012622594833374023e+00
5.081932067871093750e+00
3.283227443695068359e+00
6.208732128143310547e+00
3.254545927047729492e+00
5.247140884399414062e+00
3.087243556976318359e+00
5.034391403198242188e+00
1.823685407638549805e+00
5.606189250946044922e+00
1.791251659393310547e+00
6.158531188964843750e+00
3.594988346099853516e+00
3.958063125610351562e+00
3.637762069702148438e+00
3.894383907318115234e+00
4.238233089447021484e+00
3.154376506805419922e+00
3.119710206985473633e+00
3.740029811859130859e+00
3.431465625762939453e+00
3.996039390563964844e+00
3.266683578491210938e+00
3.179552555084228516e+00
3.684396505355834961e+00
2.801355838775634766e+00
3.400257349014282227e+00
4.840143203735351562e+00
3.323047161102294922e+00
3.516148328781127930e+00
3.471835136413574219e+00
3.881120204925537109e+00
3.200784444808959961e+00
3.695599555969238281e+00
4.144669055938720703e+00
3.628170967102050781e+00
5.720194816589355469e+00
2.503464221954345703e+00
5.362622261047363281e+00
3.503957271575927734e+00
4.929458618164062500e+00
3.235470294952392578e+00
3.760557174682617188e+00
4.147957801818847656e+00
3.244011163711547852e+00
4.264491081237792969e+00
4.001319408416748047e+00
2.116225719451904297e+00
7.320635795593261719e+00
3.416295051574707031e+00
2.769868373870849609e+00
5.331313133239746094e+00
3.593074083328247070e+00
3.634474992752075195e+00
4.764249324798583984e+00
3.762807130813598633e+00
3.638989448547363281e+00
3.739711284637451172e+00
4.111807823181152344e+00
4.326551437377929688e+00
3.373364925384521484e+00
5.064162254333496094e+00
2.489138126373291016e+00
5.581324100494384766e+00
2.978984832763671875e+00
4.268035888671875000e+00
4.064667701721191406e+00
3.248034477233886719e+00
4.177692413330078125e+00
2.947114229202270508e+00
4.041409492492675781e+00
4.019179821014404297e+00
2.514269351959228516e+00
6.204163074493408203e+00
2.356519222259521484e+00
5.286213397979736328e+00
3.119470119476318359e+00
4.227312088012695312e+00
2.852024555206298828e+00
4.507087707519531250e+00
4.074210643768310547e+00
4.696312904357910156e+00
3.115132093429565430e+00
6.031193733215332031e+00
1.391599416732788086e+00
8.465065956115722656e+00
1.658064365386962891e+00
8.997251510620117188e+00
1.478461027145385742e-01
6.121757507324218750e+00
1.100839376449584961e+00
4.443937301635742188e+00
2.699738740921020508e+00
3.107134342193603516e+00
3.919779300689697266e+00
2.222272872924804688e+00
3.783236503601074219e+00
2.799963474273681641e+00
4.204041481018066406e+00
1.999716639518737793e+00
6.561244964599609375e+00
2.952223539352416992e+00
3.258508682250976562e+00
4.794342041015625000e+00
4.190948963165283203e+00
2.658427476882934570e+00
5.828138828277587891e+00
3.433239936828613281e+00
2.665680885314941406e+00
6.116427898406982422e+00
3.310200691223144531e+00
3.743720769882202148e+00
3.671493768692016602e+00
4.306200504302978516e+00
4.274409294128417969e+00
3.580707550048828125e+00
3.650458335876464844e+00
4.770192146301269531e+00
3.015553951263427734e+00
3.415750503540039062e+00
5.637890815734863281e+00
4.072815895080566406e+00
3.040540218353271484e+00
4.873007774353027344e+00
2.722342967987060547e+00
4.638101577758789062e+00
3.793959617614746094e+00
3.910773277282714844e+00
4.492681980133056641e+00
2.323678970336914062e+00
6.642372131347656250e+00
3.456965446472167969e+00
3.126342296600341797e+00
4.798208236694335938e+00
2.800456047058105469e+00
5.151171684265136719e+00
3.050917148590087891e+00
4.239386081695556641e+00
3.470800876617431641e+00
4.322417736053466797e+00
2.899209260940551758e+00
6.608168601989746094e+00
2.759158134460449219e+00
5.213737964630126953e+00
2.828353404998779297e+00
4.572308540344238281e+00
4.846917629241943359e+00
3.918125152587890625e+00
2.805956363677978516e+00
6.027503013610839844e+00
3.393661022186279297e+00
3.823760747909545898e+00
3.811654806137084961e+00
3.923982381820678711e+00
3.873277664184570312e+00
4.274421691894531250e+00
3.512060642242431641e+00
5.266949176788330078e+00
2.636124849319458008e+00
5.486659526824951172e+00
3.778583049774169922e+00
4.079321861267089844e+00
4.601527214050292969e+00
3.696500301361083984e+00
3.870272397994995117e+00
3.548346996307373047e+00
3.792450904846191406e+00
3.791844844818115234e+00
3.486876726150512695e+00
3.860531568527221680e+00
3.781417846679687500e+00
3.438891410827636719e+00
4.130093574523925781e+00
2.881510257720947266e+00
5.394698143005371094e+00
2.258997440338134766e+00
6.644727706909179688e+00
9.122675657272338867e-01
7.248370170593261719e+00
1.555985689163208008e+00
5.038984775543212891e+00
3.388006448745727539e+00
3.392442703247070312e+00
4.577507019042968750e+00
3.841876029968261719e+00
3.995364665985107422e+00
4.491648674011230469e+00
3.092940807342529297e+00
6.644469261169433594e+00
4.386295795440673828e+00
2.991361856460571289e+00
4.736085891723632812e+00
4.018367290496826172e+00
3.100755453109741211e+00
4.221212387084960938e+00
4.085537910461425781e+00
2.748723030090332031e+00
4.232028961181640625e+00
2.957349300384521484e+00
3.172457218170166016e+00
4.323258399963378906e+00
2.714491844177246094e+00
3.457697153091430664e+00
4.127078056335449219e+00
3.004783630371093750e+00
3.806542873382568359e+00
3.885485649108886719e+00
3.225723505020141602e+00
3.669932365417480469e+00
2.170604705810546875e+00
5.684379100799560547e+00
2.813644647598266602e+00
3.595837831497192383e+00
4.547418594360351562e+00
2.866090774536132812e+00
4.756547451019287109e+00
2.756703853607177734e+00
3.634445428848266602e+00
3.753156185150146484e+00
1.985139846801757812e+00
6.130294799804687500e+00
1.962022662162780762e+00
4.554255962371826172e+00
3.991473197937011719e+00
4.009528160095214844e+00
3.776195764541625977e+00
4.227154731750488281e+00
2.799898386001586914e+00
5.111330509185791016e+00
3.458285570144653320e+00
4.670024871826171875e+00
3.843640327453613281e+00
3.705898761749267578e+00
3.884411334991455078e+00
5.261057853698730469e+00
1.129665851593017578e+00
4.218208789825439453e+00
2.971722126007080078e+00
1.631695389747619629e+00
8.804379463195800781e+00
1.428491353988647461e+00
6.493808269500732422e+00
3.758520185947418213e-01
6.645507812500000000e+00
7.559848427772521973e-01
4.888691902160644531e+00
3.506890296936035156e+00
1.966576695442199707e+00
4.174528121948242188e+00
2.041480064392089844e+00
3.591878652572631836e+00
3.434266805648803711e+00
3.361679553985595703e+00
4.523909568786621094e+00
3.233254432678222656e+00
5.028697967529296875e+00
3.086091518402099609e+00
5.307457923889160156e+00
3.250120162963867188e+00
5.753795623779296875e+00
1.785597801208496094e+00
6.380003929138183594e+00
3.474453926086425781e+00
2.995136976242065430e+00
4.845522403717041016e+00
3.502118110656738281e+00
2.797842025756835938e+00
4.678125858306884766e+00
2.568231105804443359e+00
4.045774936676025391e+00
3.019069194793701172e+00
4.316384315490722656e+00
2.037515163421630859e+00
6.009469985961914062e+00
3.147499561309814453e+00
2.968678712844848633e+00
6.216386795043945312e+00
3.647744655609130859e+00
4.706416130065917969e+00
3.447299242019653320e+00
5.722157478332519531e+00
4.444094657897949219e+00
3.009424686431884766e+00
5.293047428131103516e+00
3.949720144271850586e+00
4.039027214050292969e+00
4.397007942199707031e+00
3.989371061325073242e+00
3.669769763946533203e+00
5.179425239562988281e+00
3.240895748138427734e+00
4.882921218872070312e+00
4.076205730438232422e+00
4.014746665954589844e+00
4.146773338317871094e+00
2.589402198791503906e+00
6.647120475769042969e+00
4.581765174865722656e+00
3.102505207061767578e+00
5.011212348937988281e+00
2.987186431884765625e+00
4.383593082427978516e+00
3.855739593505859375e+00
3.811716794967651367e+00
2.514036178588867188e+00
5.430969238281250000e+00
3.771090507507324219e+00
4.109325885772705078e+00
