5.233254432678222656e-01
6.815856695175170898e-01
5.998406410217285156e-01
5.655220150947570801e-01
5.449252128601074219e-01
5.662642717361450195e-01
5.602139830589294434e-01
6.116547584533691406e-01
6.192510128021240234e-01
5.796856880187988281e-01
5.849001407623291016e-01
5.745415091514587402e-01
5.722603797912597656e-01
6.200939416885375977e-01
6.549202203750610352e-01
6.444554924964904785e-01
6.329995989799499512e-01
6.287604570388793945e-01
6.594398021697998047e-01
6.236528158187866211e-01
6.615707874298095703e-01
6.379055380821228027e-01
6.946622729301452637e-01
7.359190583229064941e-01
7.079404592514038086e-01
7.365512847900390625e-01
7.295539379119873047e-01
6.832804679870605469e-01
7.328629493713378906e-01
6.986963748931884766e-01
7.166573405265808105e-01
6.990674734115600586e-01
7.609857320785522461e-01
7.536487579345703125e-01
7.859452366828918457e-01
7.811405062675476074e-01
7.882498502731323242e-01
8.196304440498352051e-01
8.291707038879394531e-01
8.006756305694580078e-01
7.654860019683837891e-01
7.858838438987731934e-01
7.856414318084716797e-01
8.240795731544494629e-01
7.689248323440551758e-01
8.231140971183776855e-01
7.758810520172119141e-01
8.403940796852111816e-01
8.347532749176025391e-01
8.598764538764953613e-01
8.319419622421264648e-01
8.798874616622924805e-01
8.819059729576110840e-01
8.217828273773193359e-01
8.430662751197814941e-01
8.590694665908813477e-01
7.835123538970947266e-01
8.845164775848388672e-01
8.334335684776306152e-01
8.451255559921264648e-01
7.653065919876098633e-01
8.367565870285034180e-01
8.872010111808776855e-01
8.855065703392028809e-01
8.705980181694030762e-01
8.910547494888305664e-01
8.191665410995483398e-01
8.727418184280395508e-01
9.015586376190185547e-01
8.649615049362182617e-01
8.660829663276672363e-01
8.881691098213195801e-01
8.724259734153747559e-01
8.397847414016723633e-01
8.942953348159790039e-01
8.588418960571289062e-01
8.703250885009765625e-01
8.932296633720397949e-01
8.180987834930419922e-01
8.486735820770263672e-01
8.757549524307250977e-01
7.553063631057739258e-01
8.665493726730346680e-01
6.903706789016723633e-01
8.734613060951232910e-01
6.934129595756530762e-01
8.068372011184692383e-01
7.168284654617309570e-01
8.705089688301086426e-01
1.486720889806747437e-01
8.419129848480224609e-01
7.797143459320068359e-01
6.636658310890197754e-01
7.627663016319274902e-01
7.847476005554199219e-01
7.123538851737976074e-01
8.092375993728637695e-01
7.602029442787170410e-01
7.530156970024108887e-01
7.226034402847290039e-01
7.749923467636108398e-01
7.866357564926147461e-01
6.176216602325439453e-01
8.781973719596862793e-01
4.672976136207580566e-01
8.222798109054565430e-01
8.782653808593750000e-01
6.707678437232971191e-01
7.941927909851074219e-01
7.354306578636169434e-01
6.826816797256469727e-01
7.848931550979614258e-01
5.561803579330444336e-01
8.700771927833557129e-01
4.217837452888488770e-01
7.243414521217346191e-01
7.586611509323120117e-01
6.279392242431640625e-01
7.231568694114685059e-01
7.310937643051147461e-01
7.015839815139770508e-01
7.141021490097045898e-01
6.770197749137878418e-01
5.528081655502319336e-01
7.852724194526672363e-01
5.988637804985046387e-01
7.805266976356506348e-01
5.240254402160644531e-01
8.366823196411132812e-01
5.883840918540954590e-01
7.778352499008178711e-01
6.995408535003662109e-01
6.616661548614501953e-01
7.440772056579589844e-01
5.035709142684936523e-01
7.799838185310363770e-01
4.001590013504028320e-01
7.286309599876403809e-01
7.704839706420898438e-01
6.831208467483520508e-01
7.155817747116088867e-01
7.433019876480102539e-01
6.899101138114929199e-01
7.082657814025878906e-01
5.072880983352661133e-01
8.568802475929260254e-01
3.727875351905822754e-01
6.922521591186523438e-01
8.411511778831481934e-01
7.328531742095947266e-01
7.603480815887451172e-01
7.994747161865234375e-01
7.075975537300109863e-01
7.633537054061889648e-01
7.342766523361206055e-01
7.202135324478149414e-01
6.895759105682373047e-01
7.519690394401550293e-01
7.000664472579956055e-01
8.396086692810058594e-01
4.761208593845367432e-01
7.722349166870117188e-01
7.546168565750122070e-01
4.403883218765258789e-01
7.010344266891479492e-01
8.229765295982360840e-01
7.777833938598632812e-01
7.281876206398010254e-01
7.730145454406738281e-01
7.111374139785766602e-01
7.297673225402832031e-01
8.071368932723999023e-01
7.648413181304931641e-01
7.632772326469421387e-01
7.540750503540039062e-01
7.556973695755004883e-01
7.445715665817260742e-01
7.939873933792114258e-01
7.498821616172790527e-01
7.426351308822631836e-01
8.080717325210571289e-01
7.903620004653930664e-01
7.835996150970458984e-01
8.474892377853393555e-01
8.667887449264526367e-01
8.539109230041503906e-01
8.651287555694580078e-01
8.256189823150634766e-01
8.260276913642883301e-01
8.625431060791015625e-01
7.984581589698791504e-01
6.935985088348388672e-01
8.147542476654052734e-01
7.781956195831298828e-01
8.369953632354736328e-01
8.152052164077758789e-01
7.996839284896850586e-01
8.287329673767089844e-01
8.183114528656005859e-01
8.274585008621215820e-01
8.598789572715759277e-01
8.208864331245422363e-01
7.814619541168212891e-01
7.816673517227172852e-01
7.578142881393432617e-01
7.861294746398925781e-01
7.799916267395019531e-01
8.420379757881164551e-01
8.314368128776550293e-01
8.262927532196044922e-01
9.017050266265869141e-01
8.418775796890258789e-01
8.039022088050842285e-01
8.120256662368774414e-01
7.368547916412353516e-01
8.077776432037353516e-01
8.402627706527709961e-01
6.821323633193969727e-01
8.417306542396545410e-01
8.743325471878051758e-01
8.406507968902587891e-01
8.325533270835876465e-01
8.680748343467712402e-01
7.854244112968444824e-01
8.368203639984130859e-01
6.937732100486755371e-01
9.023381471633911133e-01
6.914603710174560547e-01
7.998990416526794434e-01
7.599069476127624512e-01
7.325923442840576172e-01
8.679648637771606445e-01
8.508998751640319824e-01
8.046098947525024414e-01
8.350452184677124023e-01
7.331816554069519043e-01
8.871303796768188477e-01
8.005033731460571289e-01
8.089628219604492188e-01
6.747783422470092773e-01
8.730746507644653320e-01
7.853232026100158691e-01
8.653942942619323730e-01
9.220136404037475586e-01
9.291511178016662598e-01
8.781580924987792969e-01
8.908410668373107910e-01
9.169753789901733398e-01
8.577149510383605957e-01
8.648374080657958984e-01
7.530364990234375000e-01
8.249907493591308594e-01
2.785728275775909424e-01
9.081159830093383789e-01
8.761593103408813477e-01
8.232972621917724609e-01
8.256108760833740234e-01
8.439387679100036621e-01
8.874111175537109375e-01
8.748078942298889160e-01
9.246542453765869141e-01
8.269618749618530273e-01
8.866270780563354492e-01
8.461268544197082520e-01
8.530368804931640625e-01
8.417537212371826172e-01
8.805623054504394531e-01
9.012185335159301758e-01
8.988180160522460938e-01
9.045201539993286133e-01
9.224339723587036133e-01
8.760064244270324707e-01
8.822345733642578125e-01
9.490262269973754883e-01
9.081314802169799805e-01
8.833722472190856934e-01
8.387095928192138672e-01
8.725283741950988770e-01
8.568223118782043457e-01
8.739755153656005859e-01
8.902693390846252441e-01
8.263471126556396484e-01
7.852560281753540039e-01
9.096477031707763672e-01
7.891998291015625000e-01
8.198889493942260742e-01
8.831745386123657227e-01
7.926424145698547363e-01
8.441442847251892090e-01
9.125458002090454102e-01
7.676768302917480469e-01
8.392917513847351074e-01
8.629392385482788086e-01
8.381158113479614258e-01
6.096739768981933594e-01
8.546264171600341797e-01
7.052068710327148438e-01
7.869158983230590820e-01
7.903280258178710938e-01
6.898469924926757812e-01
7.990955710411071777e-01
5.227571129798889160e-01
9.145441055297851562e-01
6.074066162109375000e-01
7.592959403991699219e-01
8.512516021728515625e-01
6.186618804931640625e-01
8.107502460479736328e-01
6.000802516937255859e-01
7.780147790908813477e-01
6.734306812286376953e-01
7.538206577301025391e-01
6.518585681915283203e-01
7.104010581970214844e-01
5.507727861404418945e-01
8.926161527633666992e-01
2.312987148761749268e-01
8.814618587493896484e-01
4.673997759819030762e-01
6.328604817390441895e-01
6.730838418006896973e-01
5.610772967338562012e-01
7.361562252044677734e-01
6.273124217987060547e-01
6.081651449203491211e-01
7.352909445762634277e-01
6.034515500068664551e-01
7.333537340164184570e-01
5.659381747245788574e-01
8.249661922454833984e-01
4.425556659698486328e-01
7.690705060958862305e-01
6.884443759918212891e-01
6.922243237495422363e-01
7.739750146865844727e-01
6.987991333007812500e-01
7.897407412528991699e-01
6.931018829345703125e-01
6.653189659118652344e-01
7.430592179298400879e-01
6.381117105484008789e-01
5.978367328643798828e-01
8.077411651611328125e-01
8.332648873329162598e-01
7.596857547760009766e-01
3.856389820575714111e-01
7.895659208297729492e-01
5.903719663619995117e-01
4.355106353759765625e-01
6.198366284370422363e-01
5.344994664192199707e-01
5.481287240982055664e-01
5.512301325798034668e-01
5.760991573333740234e-01
6.214355230331420898e-01
7.205171585083007812e-01
6.716156601905822754e-01
7.068351507186889648e-01
6.452937126159667969e-01
5.911542773246765137e-01
6.450586318969726562e-01
5.845636129379272461e-01
5.472553968429565430e-01
7.784844636917114258e-01
3.606739938259124756e-01
8.278019428253173828e-01
7.079156041145324707e-01
8.949297666549682617e-01
6.673845648765563965e-01
6.754192113876342773e-01
7.296208143234252930e-01
8.467743992805480957e-01
3.972005844116210938e-01
9.110429286956787109e-01
8.614434003829956055e-01
6.616299152374267578e-01
8.454548716545104980e-01
7.961519956588745117e-01
6.977747678756713867e-01
7.442681789398193359e-01
6.724382638931274414e-01
7.832536697387695312e-01
5.387452840805053711e-01
8.222630023956298828e-01
7.899063825607299805e-01
6.440216302871704102e-01
8.288359045982360840e-01
7.398916482925415039e-01
6.103235483169555664e-01
7.728669643402099609e-01
6.843479871749877930e-01
5.439938306808471680e-01
7.196683883666992188e-01
6.965209245681762695e-01
5.183942317962646484e-01
7.477546930313110352e-01
3.858933150768280029e-01
7.092913389205932617e-01
4.559001922607421875e-01
6.933128833770751953e-01
6.467548608779907227e-01
5.745818018913269043e-01
6.827795505523681641e-01
6.493408679962158203e-01
7.117229700088500977e-01
6.674858331680297852e-01
7.038081288337707520e-01
7.568085193634033203e-01
7.229132056236267090e-01
7.014136314392089844e-01
7.647767663002014160e-01
6.000689268112182617e-01
8.041881322860717773e-01
3.865256607532501221e-01
7.955180406570434570e-01
8.219961822032928467e-02
7.180042266845703125e-01
7.889280319213867188e-01
5.138193368911743164e-01
6.231559514999389648e-01
3.132534623146057129e-01
8.301568031311035156e-01
5.850872397422790527e-01
5.662007331848144531e-01
7.363293170928955078e-01
6.962052583694458008e-01
6.111225485801696777e-01
5.742816925048828125e-01
5.472571849822998047e-01
5.839915275573730469e-01
5.496014356613159180e-01
7.359583377838134766e-01
6.059812307357788086e-01
7.314903736114501953e-01
7.137623429298400879e-01
6.861237287521362305e-01
7.631409168243408203e-01
6.565525531768798828e-01
6.598353385925292969e-01
6.997175216674804688e-01
5.808774232864379883e-01
7.936266064643859863e-01
6.913063526153564453e-01
7.568281888961791992e-01
8.399866223335266113e-01
6.017645597457885742e-01
8.138141036033630371e-01
7.215984463691711426e-01
7.385408878326416016e-01
6.021511554718017578e-01
8.572769761085510254e-01
2.688693702220916748e-01
7.403753399848937988e-01
5.664540529251098633e-01
6.402351856231689453e-01
8.317892551422119141e-01
6.196764111518859863e-01
6.494857072830200195e-01
7.346220016479492188e-01
5.580837130546569824e-01
7.801381945610046387e-01
6.590738296508789062e-01
6.268719434738159180e-01
7.867584228515625000e-01
5.177049040794372559e-01
8.028462529182434082e-01
6.002382040023803711e-01
7.143744826316833496e-01
6.412180662155151367e-01
6.632658243179321289e-01
5.394654870033264160e-01
7.504754662513732910e-01
5.474801063537597656e-01
7.502183914184570312e-01
7.283732891082763672e-01
6.258723735809326172e-01
7.069944143295288086e-01
5.886750221252441406e-01
6.546154022216796875e-01
5.911417603492736816e-01
6.779527664184570312e-01
5.129940509796142578e-01
7.576351165771484375e-01
4.539141058921813965e-01
7.313232421875000000e-01
6.673859357833862305e-01
6.740405559539794922e-01
7.131747007369995117e-01
7.491672039031982422e-01
6.416549682617187500e-01
7.068998813629150391e-01
6.243385076522827148e-01
7.013820409774780273e-01
6.489125490188598633e-01
4.921210110187530518e-01
7.723686695098876953e-01
5.975360870361328125e-01
7.515402436256408691e-01
7.366405725479125977e-01
7.380676865577697754e-01
5.369690656661987305e-01
6.509100198745727539e-01
3.915529251098632812e-01
7.357791066169738770e-01
6.883513927459716797e-01
6.995457410812377930e-01
7.264149188995361328e-01
5.718500614166259766e-01
7.648011445999145508e-01
6.402552127838134766e-01
7.842446565628051758e-01
6.458293199539184570e-01
7.239202857017517090e-01
6.083992719650268555e-01
6.955150365829467773e-01
4.856251478195190430e-01
6.385223865509033203e-01
5.140228271484375000e-01
6.003867387771606445e-01
6.278791427612304688e-01
4.617677927017211914e-01
6.993834972381591797e-01
4.154551625251770020e-01
7.487788796424865723e-01
6.704722642898559570e-01
6.157509684562683105e-01
7.588529586791992188e-01
6.527988910675048828e-01
7.272237539291381836e-01
5.726624727249145508e-01
6.544842720031738281e-01
6.981961727142333984e-01
6.162275075912475586e-01
6.184784173965454102e-01
6.579087972640991211e-01
3.812887668609619141e-01
8.221966028213500977e-01
3.326088190078735352e-01
7.219797968864440918e-01
6.124312877655029297e-01
5.589953064918518066e-01
6.471588611602783203e-01
5.850234031677246094e-01
6.296535730361938477e-01
6.272000074386596680e-01
5.909483432769775391e-01
6.810867786407470703e-01
6.105717420578002930e-01
5.788765549659729004e-01
6.815171837806701660e-01
5.282338857650756836e-01
6.778789162635803223e-01
5.648332238197326660e-01
6.761689782142639160e-01
6.239699125289916992e-01
6.672382354736328125e-01
6.456439495086669922e-01
6.418114900588989258e-01
5.909510850906372070e-01
6.803228855133056641e-01
7.042157649993896484e-01
6.016603708267211914e-01
8.336411714553833008e-01
6.928942799568176270e-01
6.427246332168579102e-01
7.934739589691162109e-01
4.813325107097625732e-01
7.514744997024536133e-01
5.526450872421264648e-01
7.026656866073608398e-01
6.773688793182373047e-01
5.466786026954650879e-01
6.599431037902832031e-01
6.216775178909301758e-01
6.368210315704345703e-01
6.968417167663574219e-01
4.842709898948669434e-01
7.113178968429565430e-01
5.627562403678894043e-01
6.582700610160827637e-01
6.592274308204650879e-01
6.045299172401428223e-01
6.663426160812377930e-01
5.861182212829589844e-01
6.296840906143188477e-01
6.907466650009155273e-01
6.584420204162597656e-01
7.532824277877807617e-01
6.747083663940429688e-01
5.967108607292175293e-01
6.128787994384765625e-01
5.549682378768920898e-01
6.230189800262451172e-01
6.175303459167480469e-01
6.911208629608154297e-01
4.505203366279602051e-01
7.349399924278259277e-01
5.867841243743896484e-01
6.008054018020629883e-01
7.022979855537414551e-01
5.921444892883300781e-01
7.007298469543457031e-01
6.472544670104980469e-01
6.032691001892089844e-01
7.221317291259765625e-01
5.218143463134765625e-01
7.112858295440673828e-01
4.637159109115600586e-01
6.660063862800598145e-01
5.461393594741821289e-01
7.156954407691955566e-01
5.854038596153259277e-01
6.742125749588012695e-01
6.565291285514831543e-01
5.292729139328002930e-01
7.191939353942871094e-01
6.209212541580200195e-01
6.042410135269165039e-01
7.799133658409118652e-01
6.203578710556030273e-01
8.023399114608764648e-01
5.399003028869628906e-01
7.687391042709350586e-01
5.125938653945922852e-01
7.630214691162109375e-01
5.875494480133056641e-01
6.873459219932556152e-01
6.559723615646362305e-01
5.641434788703918457e-01
7.023471593856811523e-01
6.230728626251220703e-01
6.526108980178833008e-01
7.298069000244140625e-01
6.741836071014404297e-01
5.807418823242187500e-01
7.148115634918212891e-01
5.809857845306396484e-01
6.327011585235595703e-01
7.289025783538818359e-01
4.587479829788208008e-01
7.935181856155395508e-01
4.612005949020385742e-01
8.339270353317260742e-01
4.940497577190399170e-01
7.192962765693664551e-01
6.189482212066650391e-01
6.220985054969787598e-01
6.546900272369384766e-01
7.597490549087524414e-01
5.146092176437377930e-01
7.374639511108398438e-01
6.553924679756164551e-01
7.496344447135925293e-01
6.979539394378662109e-01
7.613107562065124512e-01
6.561536788940429688e-01
7.009470462799072266e-01
6.535699963569641113e-01
6.397598385810852051e-01
7.037068605422973633e-01
5.398569703102111816e-01
7.551541328430175781e-01
4.501837491989135742e-01
7.296121716499328613e-01
5.463489890098571777e-01
6.895542740821838379e-01
6.331772208213806152e-01
5.738813281059265137e-01
7.237362861633300781e-01
6.923134326934814453e-01
7.311125993728637695e-01
7.074490785598754883e-01
6.585148572921752930e-01
6.976258754730224609e-01
7.001117467880249023e-01
7.437469363212585449e-01
6.307592391967773438e-01
7.945110797882080078e-01
5.586984157562255859e-01
7.473481297492980957e-01
5.371378660202026367e-01
7.604044675827026367e-01
4.608331918716430664e-01
7.954170703887939453e-01
3.560452461242675781e-01
8.395600914955139160e-01
5.448887348175048828e-01
7.900183796882629395e-01
5.109467506408691406e-01
7.427080869674682617e-01
6.794900298118591309e-01
6.736057400703430176e-01
7.007386684417724609e-01
6.254544258117675781e-01
6.661770343780517578e-01
4.737939536571502686e-01
7.326657772064208984e-01
6.175596714019775391e-01
6.778051257133483887e-01
7.011963129043579102e-01
6.886270642280578613e-01
7.964642047882080078e-01
6.179728507995605469e-01
6.398182511329650879e-01
5.123147964477539062e-01
8.595777750015258789e-01
5.792292356491088867e-01
7.618162631988525391e-01
7.248267531394958496e-01
5.512213110923767090e-01
5.604627728462219238e-01
6.894965171813964844e-01
4.632761776447296143e-01
7.477464675903320312e-01
5.246476531028747559e-01
7.061206102371215820e-01
6.675537824630737305e-01
6.679254770278930664e-01
7.955779433250427246e-01
7.167852520942687988e-01
7.426283359527587891e-01
7.236952185630798340e-01
6.046324968338012695e-01
6.332400441169738770e-01
6.071915030479431152e-01
6.523852348327636719e-01
7.118927836418151855e-01
5.561917424201965332e-01
7.140559554100036621e-01
4.825160205364227295e-01
7.789491415023803711e-01
4.807990193367004395e-01
8.052571415901184082e-01
5.436147451400756836e-01
6.846052408218383789e-01
5.076947808265686035e-01
7.104783058166503906e-01
5.278550386428833008e-01
6.395637989044189453e-01
6.513198018074035645e-01
6.994667053222656250e-01
4.887982606887817383e-01
8.108624219894409180e-01
4.934391379356384277e-01
8.001980781555175781e-01
6.753917932510375977e-01
6.443023681640625000e-01
7.807899713516235352e-01
5.158551931381225586e-01
7.686260938644409180e-01
4.107062220573425293e-01
8.371609449386596680e-01
5.469886660575866699e-01
6.771973371505737305e-01
5.804206132888793945e-01
6.637727022171020508e-01
5.328598618507385254e-01
6.701005697250366211e-01
6.530762910842895508e-01
6.071834564208984375e-01
7.561768293380737305e-01
6.543221473693847656e-01
6.545991897583007812e-01
7.327428460121154785e-01
4.583992660045623779e-01
7.582415342330932617e-01
4.309226274490356445e-01
7.384544014930725098e-01
6.348091363906860352e-01
6.614897251129150391e-01
7.270723581314086914e-01
5.530536770820617676e-01
6.365051865577697754e-01
6.328549385070800781e-01
6.264093518257141113e-01
6.958882808685302734e-01
6.375471949577331543e-01
6.509984135627746582e-01
6.786016225814819336e-01
5.971030592918395996e-01
7.245796918869018555e-01
5.906248092651367188e-01
6.552555561065673828e-01
7.604681849479675293e-01
6.149202585220336914e-01
8.244338035583496094e-01
6.383765935897827148e-01
6.922990679740905762e-01
6.238472461700439453e-01
5.384259819984436035e-01
6.678035259246826172e-01
5.656483173370361328e-01
7.117328047752380371e-01
6.040183305740356445e-01
7.096076607704162598e-01
6.361119151115417480e-01
6.318168044090270996e-01
6.640942692756652832e-01
5.091922283172607422e-01
7.501432895660400391e-01
5.844967365264892578e-01
7.687710523605346680e-01
6.465991735458374023e-01
6.938726902008056641e-01
6.080250740051269531e-01
7.206041812896728516e-01
4.873999655246734619e-01
7.002958059310913086e-01
4.250856041908264160e-01
8.262095451354980469e-01
7.475929260253906250e-01
6.632800102233886719e-01
7.466135621070861816e-01
5.269496440887451172e-01
7.952064275741577148e-01
5.817497968673706055e-01
6.703683733940124512e-01
6.312865614891052246e-01
5.634223818778991699e-01
7.179193496704101562e-01
5.171915292739868164e-01
6.380290985107421875e-01
7.104414105415344238e-01
6.211090087890625000e-01
6.035093069076538086e-01
7.776157855987548828e-01
5.274124145507812500e-01
7.992650866508483887e-01
5.699408054351806641e-01
7.824950814247131348e-01
5.695068836212158203e-01
7.428119182586669922e-01
5.375646352767944336e-01
7.483875751495361328e-01
6.192711591720581055e-01
6.184825897216796875e-01
7.211505174636840820e-01
5.091584324836730957e-01
7.824826836585998535e-01
4.674381613731384277e-01
8.264631032943725586e-01
6.766701936721801758e-01
7.518601417541503906e-01
7.418049573898315430e-01
5.487449169158935547e-01
7.109229564666748047e-01
3.801751434803009033e-01
8.182401657104492188e-01
3.676156699657440186e-01
6.985746026039123535e-01
6.867305636405944824e-01
4.400268793106079102e-01
7.380675077438354492e-01
5.886791944503784180e-01
7.100189924240112305e-01
6.892877817153930664e-01
5.542836189270019531e-01
7.294505834579467773e-01
5.158706903457641602e-01
7.492593526840209961e-01
5.672499537467956543e-01
7.392581701278686523e-01
4.993404150009155273e-01
7.693479061126708984e-01
5.067458152770996094e-01
7.391029596328735352e-01
7.033839225769042969e-01
7.216658592224121094e-01
6.631612777709960938e-01
6.966642737388610840e-01
6.730454564094543457e-01
5.333564281463623047e-01
6.860888004302978516e-01
6.387552022933959961e-01
5.334243774414062500e-01
7.438278198242187500e-01
5.762252807617187500e-01
7.512205243110656738e-01
7.285360693931579590e-01
7.038341760635375977e-01
7.676591873168945312e-01
6.770921945571899414e-01
5.938633680343627930e-01
7.066398859024047852e-01
6.045298576354980469e-01
8.051410913467407227e-01
5.445788502693176270e-01
7.852557897567749023e-01
4.034454226493835449e-01
7.569082379341125488e-01
4.544269740581512451e-01
6.481775045394897461e-01
6.006955504417419434e-01
6.565730571746826172e-01
6.493639945983886719e-01
7.268481850624084473e-01
5.202142000198364258e-01
7.746164202690124512e-01
4.221735894680023193e-01
7.664173245429992676e-01
6.607534289360046387e-01
6.481329798698425293e-01
6.517441272735595703e-01
6.485663652420043945e-01
7.458928823471069336e-01
6.637227535247802734e-01
7.635034322738647461e-01
6.967685222625732422e-01
7.500085830688476562e-01
7.126598358154296875e-01
6.739951372146606445e-01
6.958000659942626953e-01
6.062423586845397949e-01
7.277007102966308594e-01
4.511402547359466553e-01
5.594084262847900391e-01
5.749883055686950684e-01
6.996290683746337891e-01
5.807294249534606934e-01
7.489165663719177246e-01
6.478511095046997070e-01
7.028062343597412109e-01
7.490007877349853516e-01
5.919716358184814453e-01
6.799708008766174316e-01
7.308961153030395508e-01
5.970478653907775879e-01
7.023501396179199219e-01
6.909234523773193359e-01
6.078263521194458008e-01
7.240419387817382812e-01
6.665329933166503906e-01
7.837892770767211914e-01
6.822683215141296387e-01
6.957021355628967285e-01
6.171466112136840820e-01
8.019116520881652832e-01
4.543080627918243408e-01
7.752516269683837891e-01
6.037338972091674805e-01
7.100760936737060547e-01
5.590274333953857422e-01
6.780804991722106934e-01
4.792840778827667236e-01
8.094986677169799805e-01
4.825288355350494385e-01
7.950035333633422852e-01
6.474410295486450195e-01
6.753927469253540039e-01
6.632496118545532227e-01
6.655497550964355469e-01
5.467277169227600098e-01
7.342383861541748047e-01
4.944020509719848633e-01
7.531220912933349609e-01
6.683266758918762207e-01
6.748318672180175781e-01
6.928160190582275391e-01
6.590730547904968262e-01
6.223027110099792480e-01
6.297786235809326172e-01
5.442747473716735840e-01
6.953011155128479004e-01
5.929458141326904297e-01
6.795970201492309570e-01
6.243529915809631348e-01
6.410436034202575684e-01
6.063178777694702148e-01
5.992401838302612305e-01
7.134307622909545898e-01
5.249704122543334961e-01
7.309867143630981445e-01
5.584331750869750977e-01
6.426103115081787109e-01
6.463637351989746094e-01
5.473397970199584961e-01
7.109373807907104492e-01
5.163209438323974609e-01
7.060518860816955566e-01
6.116592288017272949e-01
6.806601285934448242e-01
6.370962858200073242e-01
6.923956871032714844e-01
6.650009155273437500e-01
6.915006637573242188e-01
6.490327715873718262e-01
7.966624498367309570e-01
4.961217343807220459e-01
8.562692999839782715e-01
4.616329669952392578e-01
7.700222730636596680e-01
5.850952863693237305e-01
5.833129882812500000e-01
7.976289987564086914e-01
4.526419639587402344e-01
8.476088047027587891e-01
5.831693410873413086e-01
7.870914340019226074e-01
5.753940939903259277e-01
6.182599067687988281e-01
5.873476266860961914e-01
6.660745143890380859e-01
5.266454219818115234e-01
8.024314641952514648e-01
5.333133935928344727e-01
7.364246845245361328e-01
7.857596874237060547e-01
6.635438203811645508e-01
7.226499319076538086e-01
6.811032891273498535e-01
6.069022417068481445e-01
7.745714187622070312e-01
5.121359825134277344e-01
7.713567018508911133e-01
7.413387298583984375e-01
5.910847187042236328e-01
7.957362532615661621e-01
5.856639146804809570e-01
7.123282551765441895e-01
6.056665182113647461e-01
6.836992502212524414e-01
6.329082250595092773e-01
6.763846278190612793e-01
7.067905664443969727e-01
7.652463316917419434e-01
6.637583971023559570e-01
6.915785074234008789e-01
6.791779398918151855e-01
6.494749188423156738e-01
6.879543066024780273e-01
6.953273415565490723e-01
6.568491458892822266e-01
7.290149927139282227e-01
5.452092885971069336e-01
7.252180576324462891e-01
4.119400084018707275e-01
7.119438648223876953e-01
5.504068136215209961e-01
6.830475330352783203e-01
7.402485609054565430e-01
5.569440126419067383e-01
8.056070804595947266e-01
4.092779755592346191e-01
8.166481256484985352e-01
5.065321922302246094e-01
7.969400286674499512e-01
7.116179466247558594e-01
7.483586072921752930e-01
6.545958518981933594e-01
7.415089607238769531e-01
7.144494652748107910e-01
6.356081962585449219e-01
6.975606083869934082e-01
7.060452699661254883e-01
6.363919973373413086e-01
4.346732795238494873e-01
8.062884211540222168e-01
4.809150397777557373e-01
7.616195678710937500e-01
6.924884319305419922e-01
6.215397119522094727e-01
7.496657371520996094e-01
6.919229626655578613e-01
6.881873607635498047e-01
7.672089934349060059e-01
5.755485296249389648e-01
7.367591857910156250e-01
4.883111119270324707e-01
7.460939884185791016e-01
5.954339504241943359e-01
7.738566994667053223e-01
6.694288253784179688e-01
6.993849277496337891e-01
6.413025259971618652e-01
6.753375530242919922e-01
5.604237318038940430e-01
6.263847351074218750e-01
6.059166789054870605e-01
5.649225711822509766e-01
5.795936584472656250e-01
7.447825670242309570e-01
6.348524689674377441e-01
7.156637907028198242e-01
6.748661994934082031e-01
7.425661087036132812e-01
6.813061237335205078e-01
7.259865999221801758e-01
7.539324164390563965e-01
6.162351965904235840e-01
8.332109451293945312e-01
4.691923260688781738e-01
8.565123081207275391e-01
5.403205156326293945e-01
5.409525036811828613e-01
6.423885226249694824e-01
3.486364781856536865e-01
8.959031701087951660e-01
5.254545807838439941e-01
6.969221830368041992e-01
7.947371006011962891e-01
5.860843062400817871e-01
6.923202872276306152e-01
6.864338517189025879e-01
5.480860471725463867e-01
8.051382303237915039e-01
5.567011833190917969e-01
6.925976276397705078e-01
6.849375963211059570e-01
6.234005689620971680e-01
6.421833038330078125e-01
6.869125366210937500e-01
6.756242513656616211e-01
5.501991510391235352e-01
7.602781653404235840e-01
3.937377333641052246e-01
7.092620134353637695e-01
7.656938433647155762e-01
6.517287492752075195e-01
7.986035346984863281e-01
8.135965466499328613e-01
6.193820238113403320e-01
7.215170860290527344e-01
4.036045074462890625e-01
7.538720369338989258e-01
4.544863402843475342e-01
7.547591328620910645e-01
3.934713006019592285e-01
7.498258352279663086e-01
5.694859623908996582e-01
7.919266223907470703e-01
6.478890180587768555e-01
6.808499693870544434e-01
6.453073620796203613e-01
6.024096012115478516e-01
7.519813179969787598e-01
5.184562206268310547e-01
7.816958427429199219e-01
6.892861127853393555e-01
6.969269514083862305e-01
6.126552820205688477e-01
7.813366651535034180e-01
5.793494582176208496e-01
8.363290429115295410e-01
6.078990697860717773e-01
7.174782752990722656e-01
6.463645696640014648e-01
6.208381652832031250e-01
8.038566708564758301e-01
6.260892152786254883e-01
5.736767053604125977e-01
7.684360146522521973e-01
4.521937966346740723e-01
7.504721879959106445e-01
7.275077104568481445e-01
6.637666225433349609e-01
7.466964125633239746e-01
6.756640672683715820e-01
7.312234640121459961e-01
6.908837556838989258e-01
7.280435562133789062e-01
6.137778759002685547e-01
6.472266912460327148e-01
7.396587133407592773e-01
4.926877617835998535e-01
8.130393028259277344e-01
5.476147532463073730e-01
6.607916951179504395e-01
5.834366083145141602e-01
7.319582700729370117e-01
5.546955466270446777e-01
7.574385404586791992e-01
4.675781130790710449e-01
6.649115085601806641e-01
5.774106383323669434e-01
8.105865120887756348e-01
5.928637981414794922e-01
6.601043343544006348e-01
6.987248659133911133e-01
3.643743693828582764e-01
8.021879196166992188e-01
3.977256417274475098e-01
7.266688346862792969e-01
8.401662707328796387e-01
5.715478658676147461e-01
6.120122075080871582e-01
7.428595423698425293e-01
5.139782428741455078e-01
7.258847951889038086e-01
6.972145438194274902e-01
7.109842896461486816e-01
7.620008587837219238e-01
7.368824481964111328e-01
6.871615648269653320e-01
7.795842289924621582e-01
5.134822130203247070e-01
8.233778476715087891e-01
6.123156547546386719e-01
7.431903481483459473e-01
7.776086926460266113e-01
8.425216674804687500e-01
5.495235323905944824e-01
8.497833013534545898e-01
6.712378263473510742e-01
6.968843340873718262e-01
6.206943988800048828e-01
7.407656908035278320e-01
5.809385776519775391e-01
7.495996952056884766e-01
6.551706790924072266e-01
5.947551131248474121e-01
6.955377459526062012e-01
5.602824687957763672e-01
6.916921138763427734e-01
7.099553346633911133e-01
7.359081506729125977e-01
6.403787732124328613e-01
8.193868398666381836e-01
5.927315950393676758e-01
7.985309362411499023e-01
4.013691544532775879e-01
8.703969717025756836e-01
5.806049108505249023e-01
7.014992237091064453e-01
6.900564432144165039e-01
7.477542757987976074e-01
5.329349040985107422e-01
6.560468673706054688e-01
5.190228223800659180e-01
7.648786902427673340e-01
6.000568866729736328e-01
6.475974321365356445e-01
7.531646490097045898e-01
3.397359251976013184e-01
8.316883444786071777e-01
5.058986544609069824e-01
7.949744462966918945e-01
5.994936227798461914e-01
6.517314910888671875e-01
7.415669560432434082e-01
5.650717616081237793e-01
6.653732657432556152e-01
5.228816866874694824e-01
6.325526833534240723e-01
6.711989641189575195e-01
6.730766296386718750e-01
7.406613826751708984e-01
6.650575995445251465e-01
7.891412973403930664e-01
5.446256399154663086e-01
7.110736966133117676e-01
6.734555959701538086e-01
6.387749910354614258e-01
5.701453685760498047e-01
5.466015338897705078e-01
7.710584402084350586e-01
3.829288482666015625e-01
8.220266103744506836e-01
7.377586364746093750e-01
7.244311571121215820e-01
7.736073732376098633e-01
7.558911442756652832e-01
7.382636666297912598e-01
6.990485787391662598e-01
7.830779552459716797e-01
6.899369955062866211e-01
6.959822177886962891e-01
7.259904146194458008e-01
7.189851403236389160e-01
7.272035479545593262e-01
6.994032859802246094e-01
7.500633001327514648e-01
5.996208190917968750e-01
7.352995872497558594e-01
6.651953458786010742e-01
6.429597139358520508e-01
7.021852135658264160e-01
6.500762701034545898e-01
7.491110563278198242e-01
4.179815053939819336e-01
7.836409211158752441e-01
4.610684514045715332e-01
8.020700216293334961e-01
6.090641021728515625e-01
7.500609755516052246e-01
6.695709824562072754e-01
4.362593889236450195e-01
8.189346790313720703e-01
6.256181001663208008e-01
6.370484828948974609e-01
7.414013743400573730e-01
5.505369901657104492e-01
7.079463005065917969e-01
4.925641119480133057e-01
7.776858806610107422e-01
4.523154795169830322e-01
7.902581691741943359e-01
6.272897124290466309e-01
7.057421803474426270e-01
8.108986616134643555e-01
6.999214887619018555e-01
6.296930909156799316e-01
6.878681778907775879e-01
6.035083532333374023e-01
7.008841633796691895e-01
5.568547248840332031e-01
5.883492827415466309e-01
7.108814120292663574e-01
5.704042911529541016e-01
6.904758214950561523e-01
6.486276388168334961e-01
6.320799589157104492e-01
7.596408128738403320e-01
5.517300367355346680e-01
7.105489969253540039e-01
6.838601827621459961e-01
7.683134675025939941e-01
5.931895971298217773e-01
7.946427464485168457e-01
7.618523836135864258e-01
7.101079225540161133e-01
6.181426644325256348e-01
7.081165909767150879e-01
7.320628166198730469e-01
6.745553016662597656e-01
6.696861386299133301e-01
7.288961410522460938e-01
7.613731026649475098e-01
6.851119995117187500e-01
7.173219919204711914e-01
6.724011898040771484e-01
7.473477125167846680e-01
6.297116279602050781e-01
8.047822713851928711e-01
4.954111874103546143e-01
7.920159101486206055e-01
3.990111052989959717e-01
7.997117042541503906e-01
7.208403348922729492e-01
7.055236101150512695e-01
7.077535390853881836e-01
7.723347544670104980e-01
5.828366875648498535e-01
7.899370789527893066e-01
7.484788298606872559e-01
7.867829799652099609e-01
7.210351824760437012e-01
6.903407573699951172e-01
6.660623550415039062e-01
5.231078863143920898e-01
6.358159780502319336e-01
7.911480665206909180e-01
6.409276723861694336e-01
7.608234882354736328e-01
6.723456382751464844e-01
5.600064992904663086e-01
8.897172212600708008e-01
4.521526098251342773e-01
8.643512725830078125e-01
3.306144177913665771e-01
8.577957153320312500e-01
7.669168710708618164e-01
6.325153112411499023e-01
6.101760864257812500e-01
6.732088327407836914e-01
6.951529979705810547e-01
5.971155166625976562e-01
6.898689270019531250e-01
6.568536162376403809e-01
6.693511605262756348e-01
5.357975959777832031e-01
7.328174114227294922e-01
6.451017856597900391e-01
7.151533961296081543e-01
6.942382454872131348e-01
6.304568648338317871e-01
8.317934870719909668e-01
4.315051436424255371e-01
8.818470239639282227e-01
3.939466476440429688e-01
6.422266364097595215e-01
7.688159942626953125e-01
5.280090570449829102e-01
7.053070068359375000e-01
5.690070986747741699e-01
8.180042505264282227e-01
5.095442533493041992e-01
8.257643580436706543e-01
2.953813076019287109e-01
8.226310014724731445e-01
5.639023780822753906e-01
6.931699514389038086e-01
5.855556726455688477e-01
7.139354944229125977e-01
4.344656765460968018e-01
8.047279119491577148e-01
5.893947482109069824e-01
7.239811420440673828e-01
5.166813135147094727e-01
9.197643995285034180e-01
4.704906940460205078e-01
7.940315008163452148e-01
5.595298409461975098e-01
6.370635032653808594e-01
7.326442599296569824e-01
5.902246236801147461e-01
7.675614356994628906e-01
7.294971942901611328e-01
7.872810363769531250e-01
7.949787974357604980e-01
6.353597044944763184e-01
6.802172064781188965e-01
5.873615741729736328e-01
5.945203304290771484e-01
6.029814481735229492e-01
6.835687160491943359e-01
6.977425813674926758e-01
7.565367221832275391e-01
4.877347946166992188e-01
7.427381277084350586e-01
6.571118831634521484e-01
5.498945713043212891e-01
7.047299146652221680e-01
6.019445657730102539e-01
6.800659894943237305e-01
7.010929584503173828e-01
6.426465511322021484e-01
7.460129261016845703e-01
6.674640178680419922e-01
7.301061749458312988e-01
6.090773344039916992e-01
6.942912340164184570e-01
6.522656679153442383e-01
6.679356098175048828e-01
6.865333318710327148e-01
7.369877099990844727e-01
6.257599592208862305e-01
7.631697058677673340e-01
6.438046693801879883e-01
7.314020395278930664e-01
5.699776411056518555e-01
5.979294776916503906e-01
6.582489013671875000e-01
6.128134131431579590e-01
6.627961993217468262e-01
6.722341775894165039e-01
6.086610555648803711e-01
5.970293879508972168e-01
6.848490238189697266e-01
7.170224189758300781e-01
7.238985300064086914e-01
7.346038818359375000e-01
6.132725477218627930e-01
7.682590484619140625e-01
5.555827617645263672e-01
7.265762090682983398e-01
6.112439632415771484e-01
7.827421426773071289e-01
5.566917657852172852e-01
8.126478791236877441e-01
5.931816101074218750e-01
7.530722618103027344e-01
6.551629900932312012e-01
7.230931520462036133e-01
6.414899826049804688e-01
5.922463536262512207e-01
7.410462498664855957e-01
7.061147689819335938e-01
5.594216585159301758e-01
7.889192104339599609e-01
7.097382545471191406e-01
6.333866119384765625e-01
7.739051580429077148e-01
5.977373719215393066e-01
5.635624527931213379e-01
7.238726615905761719e-01
7.255460023880004883e-01
7.411564588546752930e-01
4.655065536499023438e-01
6.882144212722778320e-01
6.381913423538208008e-01
7.392469644546508789e-01
7.649736404418945312e-01
7.484531998634338379e-01
7.456226348876953125e-01
6.310410499572753906e-01
7.405024170875549316e-01
6.465698480606079102e-01
7.088629007339477539e-01
5.503202080726623535e-01
6.737675666809082031e-01
5.556976795196533203e-01
6.786674261093139648e-01
6.122082471847534180e-01
6.740772724151611328e-01
7.226572036743164062e-01
6.212612986564636230e-01
6.591875553131103516e-01
6.069180965423583984e-01
7.248135209083557129e-01
7.538330554962158203e-01
7.104780673980712891e-01
8.069027662277221680e-01
5.875231027603149414e-01
6.986136436462402344e-01
6.514042615890502930e-01
7.511297464370727539e-01
6.522696018218994141e-01
6.961656212806701660e-01
7.815960645675659180e-01
6.005637645721435547e-01
6.700464487075805664e-01
6.964176893234252930e-01
6.545552015304565430e-01
6.806039214134216309e-01
6.781666874885559082e-01
7.671908140182495117e-01
6.776773929595947266e-01
7.432731389999389648e-01
7.477876543998718262e-01
4.550493061542510986e-01
8.005712628364562988e-01
5.555160641670227051e-01
5.015708804130554199e-01
7.151412367820739746e-01
3.465405404567718506e-01
8.224167823791503906e-01
6.175153255462646484e-01
5.281939506530761719e-01
8.524237871170043945e-01
5.747386813163757324e-01
7.053439617156982422e-01
6.203278899192810059e-01
7.694852352142333984e-01
6.400001049041748047e-01
6.741816401481628418e-01
5.784244537353515625e-01
7.649031877517700195e-01
5.931447744369506836e-01
7.373513579368591309e-01
7.216702699661254883e-01
7.028276920318603516e-01
6.206056475639343262e-01
6.740158796310424805e-01
6.995819211006164551e-01
6.955714225769042969e-01
7.973238825798034668e-01
7.634993195533752441e-01
6.902748942375183105e-01
6.747944951057434082e-01
6.248354911804199219e-01
6.291058659553527832e-01
7.437356710433959961e-01
7.577313184738159180e-01
5.648443698883056641e-01
8.131026029586791992e-01
4.819778203964233398e-01
7.665719985961914062e-01
5.097984671592712402e-01
8.157390952110290527e-01
6.174436807632446289e-01
7.559552192687988281e-01
6.881176233291625977e-01
7.667006254196166992e-01
6.762795448303222656e-01
6.686734557151794434e-01
6.474041342735290527e-01
5.839425325393676758e-01
3.764944672584533691e-01
7.343047857284545898e-01
5.228800177574157715e-01
7.198985815048217773e-01
6.461857557296752930e-01
6.907452344894409180e-01
6.769599914550781250e-01
7.383723258972167969e-01
6.998754739761352539e-01
6.288694143295288086e-01
7.307391166687011719e-01
6.161229610443115234e-01
7.203843593597412109e-01
6.278601288795471191e-01
7.653144001960754395e-01
6.972780227661132812e-01
7.166815996170043945e-01
6.582071781158447266e-01
5.387684106826782227e-01
5.335838794708251953e-01
7.650605440139770508e-01
4.313765168190002441e-01
7.941495180130004883e-01
6.959715485572814941e-01
6.935576200485229492e-01
4.347105026245117188e-01
8.317323327064514160e-01
3.122216463088989258e-01
8.121902942657470703e-01
6.634285449981689453e-01
5.867293477058410645e-01
7.017724514007568359e-01
6.246149539947509766e-01
7.085663676261901855e-01
6.147422194480895996e-01
6.168758869171142578e-01
7.920041084289550781e-01
7.000843286514282227e-01
6.729789972305297852e-01
6.677110195159912109e-01
5.856111049652099609e-01
6.322408914566040039e-01
7.254645824432373047e-01
6.091930866241455078e-01
7.672685980796813965e-01
6.423777341842651367e-01
7.363713383674621582e-01
6.424658298492431641e-01
7.314797639846801758e-01
7.330260276794433594e-01
5.502347350120544434e-01
8.472743034362792969e-01
3.667581677436828613e-01
8.474232554435729980e-01
3.775839805603027344e-01
7.012444138526916504e-01
7.972953319549560547e-01
5.766527652740478516e-01
6.624110937118530273e-01
6.726022362709045410e-01
6.932265758514404297e-01
6.341649293899536133e-01
7.670027017593383789e-01
6.622563600540161133e-01
6.775049567222595215e-01
7.714462280273437500e-01
6.253514289855957031e-01
7.171670198440551758e-01
7.028986215591430664e-01
6.054171919822692871e-01
7.323260307312011719e-01
7.197712659835815430e-01
7.448107600212097168e-01
6.899961233139038086e-01
6.610071659088134766e-01
6.878533363342285156e-01
5.952523946762084961e-01
5.947599411010742188e-01
6.437976956367492676e-01
6.404463052749633789e-01
7.005872726440429688e-01
6.449736356735229492e-01
7.217968702316284180e-01
5.598771572113037109e-01
6.487727165222167969e-01
5.063869953155517578e-01
8.369511365890502930e-01
5.540175437927246094e-01
8.466960191726684570e-01
4.352596998214721680e-01
7.813809514045715332e-01
5.527025461196899414e-01
7.154486775398254395e-01
7.000225782394409180e-01
6.695914864540100098e-01
6.119105815887451172e-01
7.030755877494812012e-01
6.134755611419677734e-01
6.276611089706420898e-01
7.293520569801330566e-01
5.702436566352844238e-01
6.822947263717651367e-01
6.293451189994812012e-01
7.252032756805419922e-01
6.488177180290222168e-01
7.612161636352539062e-01
7.692206501960754395e-01
6.709319353103637695e-01
7.698210477828979492e-01
7.457419633865356445e-01
6.990911960601806641e-01
7.053700089454650879e-01
7.817547321319580078e-01
6.290612816810607910e-01
8.244659900665283203e-01
7.401269674301147461e-01
6.308290958404541016e-01
7.952771186828613281e-01
6.695315241813659668e-01
6.430283784866333008e-01
8.043009638786315918e-01
5.487217903137207031e-01
6.889283061027526855e-01
7.335500717163085938e-01
5.722618699073791504e-01
7.496131658554077148e-01
6.394116878509521484e-01
6.658633947372436523e-01
6.696859002113342285e-01
7.950492501258850098e-01
5.985950231552124023e-01
7.587885856628417969e-01
6.935172080993652344e-01
7.284399271011352539e-01
6.012308597564697266e-01
7.382693886756896973e-01
7.831963896751403809e-01
6.731825470924377441e-01
7.194527387619018555e-01
7.264617681503295898e-01
6.229181289672851562e-01
7.591255307197570801e-01
5.136002302169799805e-01
8.020588755607604980e-01
4.467306733131408691e-01
7.899305820465087891e-01
3.652764260768890381e-01
8.226238489151000977e-01
7.001033425331115723e-01
5.358280539512634277e-01
7.918460369110107422e-01
5.996496081352233887e-01
5.327757596969604492e-01
7.836748361587524414e-01
3.890792727470397949e-01
8.842459917068481445e-01
4.647344350814819336e-01
5.647320151329040527e-01
7.338736057281494141e-01
5.779891014099121094e-01
6.531655192375183105e-01
4.162981510162353516e-01
7.622153759002685547e-01
4.627695083618164062e-01
6.024557352066040039e-01
7.220715284347534180e-01
5.515695810317993164e-01
6.901021003723144531e-01
6.536769866943359375e-01
6.863639950752258301e-01
6.748812794685363770e-01
6.227965354919433594e-01
5.486243963241577148e-01
7.093815207481384277e-01
7.065174579620361328e-01
5.878058671951293945e-01
8.236354589462280273e-01
6.620255708694458008e-01
6.780589818954467773e-01
6.461970806121826172e-01
6.227893829345703125e-01
7.770800590515136719e-01
4.785928726196289062e-01
7.117380499839782715e-01
6.073510050773620605e-01
7.561584711074829102e-01
5.250678658485412598e-01
8.349424600601196289e-01
5.239509344100952148e-01
7.038151621818542480e-01
5.379281044006347656e-01
7.802350521087646484e-01
6.469482183456420898e-01
6.753226518630981445e-01
6.190097332000732422e-01
6.355928778648376465e-01
5.838502645492553711e-01
6.751611232757568359e-01
7.105218172073364258e-01
6.799520850181579590e-01
6.769117116928100586e-01
7.374635934829711914e-01
6.680166721343994141e-01
6.048141717910766602e-01
7.413671016693115234e-01
6.573116779327392578e-01
6.065379381179809570e-01
7.492908239364624023e-01
6.275798678398132324e-01
7.022736072540283203e-01
6.881160736083984375e-01
6.162229776382446289e-01
7.095333337783813477e-01
4.865936338901519775e-01
7.305926084518432617e-01
6.955086588859558105e-01
6.661028861999511719e-01
7.708362340927124023e-01
5.470207333564758301e-01
7.237129211425781250e-01
6.582555174827575684e-01
7.223076820373535156e-01
4.994104206562042236e-01
9.143232107162475586e-01
3.886159360408782959e-01
9.210419654846191406e-01
3.153945505619049072e-01
7.642186880111694336e-01
7.056808471679687500e-01
5.553485751152038574e-01
6.083718538284301758e-01
5.527123212814331055e-01
4.945546984672546387e-01
6.239543557167053223e-01
4.838888645172119141e-01
8.015364408493041992e-01
5.677760243415832520e-01
7.215157747268676758e-01
6.860284805297851562e-01
6.751989126205444336e-01
6.911242008209228516e-01
6.914603710174560547e-01
7.497225999832153320e-01
7.088786363601684570e-01
7.439190149307250977e-01
7.513881325721740723e-01
6.647317409515380859e-01
7.699559330940246582e-01
6.685500741004943848e-01
6.239504814147949219e-01
6.852832436561584473e-01
6.603401899337768555e-01
6.355296969413757324e-01
7.142125964164733887e-01
5.357095003128051758e-01
7.327685952186584473e-01
5.865826606750488281e-01
8.065205812454223633e-01
6.310589313507080078e-01
7.338166236877441406e-01
6.425226926803588867e-01
6.998857259750366211e-01
5.818889141082763672e-01
5.262089967727661133e-01
8.163976669311523438e-01
6.980298161506652832e-01
7.302622795104980469e-01
6.970416307449340820e-01
6.433809995651245117e-01
5.989726185798645020e-01
6.772691607475280762e-01
6.769241094589233398e-01
7.210510969161987305e-01
5.918713808059692383e-01
5.754362940788269043e-01
6.495141983032226562e-01
5.247514843940734863e-01
8.368656635284423828e-01
4.459279775619506836e-01
7.257084846496582031e-01
5.220943689346313477e-01
6.941161751747131348e-01
6.556050777435302734e-01
6.939685344696044922e-01
6.721717119216918945e-01
7.701773643493652344e-01
5.432672500610351562e-01
7.131080627441406250e-01
6.336482763290405273e-01
6.353893280029296875e-01
6.810022592544555664e-01
7.174011468887329102e-01
7.528009414672851562e-01
6.926991343498229980e-01
7.319282293319702148e-01
5.926054120063781738e-01
8.093967437744140625e-01
5.476612448692321777e-01
7.312439680099487305e-01
5.694754123687744141e-01
8.129857778549194336e-01
5.345038175582885742e-01
7.470016479492187500e-01
7.194263339042663574e-01
6.557866930961608887e-01
7.580966949462890625e-01
6.074451208114624023e-01
7.340221405029296875e-01
7.262103557586669922e-01
6.639902591705322266e-01
8.222567439079284668e-01
5.960723757743835449e-01
7.485376596450805664e-01
6.670261621475219727e-01
6.587254405021667480e-01
6.249178647994995117e-01
6.831844449043273926e-01
6.011686325073242188e-01
7.229804992675781250e-01
5.421508550643920898e-01
7.923713922500610352e-01
4.980026483535766602e-01
7.598558664321899414e-01
6.159919500350952148e-01
5.651280879974365234e-01
7.303386926651000977e-01
6.636624932289123535e-01
8.120229840278625488e-01
7.335927486419677734e-01
5.716058015823364258e-01
8.621605634689331055e-01
5.319611430168151855e-01
7.099034190177917480e-01
7.559419870376586914e-01
6.020079851150512695e-01
7.692627310752868652e-01
6.645738482475280762e-01
5.418707132339477539e-01
7.753274440765380859e-01
5.178350806236267090e-01
7.039471864700317383e-01
5.646587610244750977e-01
7.523306012153625488e-01
6.612023115158081055e-01
6.965488791465759277e-01
5.766152143478393555e-01
6.374494433403015137e-01
6.725358366966247559e-01
6.446781754493713379e-01
6.936687231063842773e-01
6.918981075286865234e-01
6.149952411651611328e-01
7.885621190071105957e-01
5.154106616973876953e-01
8.154101371765136719e-01
7.144312858581542969e-01
6.859195828437805176e-01
6.528109908103942871e-01
7.058100700378417969e-01
6.197849512100219727e-01
7.551432847976684570e-01
5.523810386657714844e-01
7.948000431060791016e-01
5.969849824905395508e-01
7.259733676910400391e-01
5.013856291770935059e-01
8.104202151298522949e-01
5.811828374862670898e-01
8.210124373435974121e-01
3.955296576023101807e-01
8.428509235382080078e-01
6.391512155532836914e-01
8.109353780746459961e-01
1.535787731409072876e-01
7.999495863914489746e-01
5.428568124771118164e-01
6.984083652496337891e-01
5.923138856887817383e-01
6.754970550537109375e-01
7.931659221649169922e-01
5.946630239486694336e-01
6.774706244468688965e-01
6.958884596824645996e-01
6.478728055953979492e-01
7.064208984375000000e-01
8.254370689392089844e-01
6.012346744537353516e-01
6.848493218421936035e-01
7.618381381034851074e-01
7.167656421661376953e-01
6.930358409881591797e-01
7.833331823348999023e-01
5.313080549240112305e-01
7.643492817878723145e-01
6.423205137252807617e-01
7.304730415344238281e-01
5.714334845542907715e-01
7.178326845169067383e-01
6.015601158142089844e-01
7.610206604003906250e-01
5.519406795501708984e-01
7.352439165115356445e-01
6.615244150161743164e-01
5.988295078277587891e-01
7.641257047653198242e-01
6.982564330101013184e-01
5.963299274444580078e-01
7.696581482887268066e-01
6.745072603225708008e-01
7.057291269302368164e-01
6.106497049331665039e-01
7.174342274665832520e-01
6.380037069320678711e-01
5.814321041107177734e-01
8.155213594436645508e-01
4.956568777561187744e-01
7.768724560737609863e-01
8.296173810958862305e-01
7.330743074417114258e-01
6.447328329086303711e-01
6.074005365371704102e-01
6.710327863693237305e-01
5.209382176399230957e-01
7.485212087631225586e-01
5.201687812805175781e-01
7.634716033935546875e-01
5.912479162216186523e-01
7.355350255966186523e-01
6.719114780426025391e-01
6.369271278381347656e-01
6.745301485061645508e-01
5.647536516189575195e-01
7.578405737876892090e-01
5.895183086395263672e-01
7.329294681549072266e-01
7.474405169486999512e-01
5.496289134025573730e-01
7.949544191360473633e-01
5.840082764625549316e-01
7.518589496612548828e-01
6.396232843399047852e-01
6.569963693618774414e-01
6.823364496231079102e-01
6.821794509887695312e-01
7.470192313194274902e-01
6.919914484024047852e-01
7.303388118743896484e-01
6.253635883331298828e-01
6.625511646270751953e-01
7.317796349525451660e-01
6.979927420616149902e-01
7.303048372268676758e-01
7.763600349426269531e-01
6.849713921546936035e-01
6.648172736167907715e-01
8.290455341339111328e-01
4.397265911102294922e-01
8.218836188316345215e-01
6.472058296203613281e-01
6.490505933761596680e-01
7.467680573463439941e-01
5.763353705406188965e-01
6.489580869674682617e-01
6.075088977813720703e-01
6.964352726936340332e-01
6.260420680046081543e-01
7.140320539474487305e-01
7.527640461921691895e-01
7.059229612350463867e-01
7.301026582717895508e-01
7.056916356086730957e-01
7.443740367889404297e-01
6.146332025527954102e-01
8.055253028869628906e-01
6.326223015785217285e-01
6.629484891891479492e-01
7.274872064590454102e-01
7.391765713691711426e-01
6.584728956222534180e-01
7.782564759254455566e-01
5.281766653060913086e-01
7.988487482070922852e-01
4.124615490436553955e-01
8.548583984375000000e-01
5.858628749847412109e-01
7.666347622871398926e-01
3.115017414093017578e-01
8.198998570442199707e-01
7.224923968315124512e-01
4.945468604564666748e-01
8.969842791557312012e-01
4.781862199306488037e-01
8.771758079528808594e-01
7.198417782783508301e-01
5.484857559204101562e-01
7.643023729324340820e-01
5.726010203361511230e-01
6.653475761413574219e-01
7.318062186241149902e-01
7.624244689941406250e-01
7.616956830024719238e-01
5.497002005577087402e-01
8.135757446289062500e-01
4.241810739040374756e-01
6.815375685691833496e-01
7.015513181686401367e-01
6.642522811889648438e-01
6.647558808326721191e-01
7.582557201385498047e-01
7.262575626373291016e-01
6.265316009521484375e-01
7.258893251419067383e-01
6.838153600692749023e-01
7.139877080917358398e-01
6.799046993255615234e-01
7.737036943435668945e-01
7.129972577095031738e-01
5.391316413879394531e-01
7.328366637229919434e-01
6.460341215133666992e-01
6.974070072174072266e-01
6.947737336158752441e-01
8.190983533859252930e-01
6.440058350563049316e-01
6.354295015335083008e-01
8.086378574371337891e-01
7.183943986892700195e-01
7.199825048446655273e-01
8.490527272224426270e-01
6.137664318084716797e-01
8.045109510421752930e-01
5.440896153450012207e-01
7.777786254882812500e-01
5.504494905471801758e-01
7.814996242523193359e-01
5.205460786819458008e-01
7.898290157318115234e-01
6.051946282386779785e-01
7.632375359535217285e-01
5.654288530349731445e-01
8.331824541091918945e-01
6.211637258529663086e-01
6.189181208610534668e-01
8.211765289306640625e-01
6.914794445037841797e-01
6.792920827865600586e-01
8.485362529754638672e-01
3.068770766258239746e-01
8.429921865463256836e-01
7.452548742294311523e-01
6.847894787788391113e-01
8.054304122924804688e-01
7.267891168594360352e-01
7.169663906097412109e-01
7.000819444656372070e-01
6.628907322883605957e-01
6.195855736732482910e-01
7.713010907173156738e-01
5.426083207130432129e-01
7.518333196640014648e-01
5.759737491607666016e-01
8.377563953399658203e-01
6.356765031814575195e-01
8.048072457313537598e-01
7.160878181457519531e-01
7.554556131362915039e-01
7.150030136108398438e-01
7.325860261917114258e-01
7.475961446762084961e-01
6.798358559608459473e-01
7.880555391311645508e-01
8.096337318420410156e-01
4.818929433822631836e-01
8.188011646270751953e-01
4.692959487438201904e-01
5.946811437606811523e-01
8.165519237518310547e-01
7.174837589263916016e-01
6.718342304229736328e-01
7.591034770011901855e-01
5.897864103317260742e-01
7.478699088096618652e-01
3.831061422824859619e-01
7.883074879646301270e-01
5.126807689666748047e-01
8.556526899337768555e-01
5.917254686355590820e-01
8.160440325736999512e-01
3.849032819271087646e-01
8.791354894638061523e-01
6.821807622909545898e-01
6.355083584785461426e-01
6.608728170394897461e-01
6.580846905708312988e-01
5.708506703376770020e-01
7.650872468948364258e-01
4.648382663726806641e-01
7.777621746063232422e-01
5.623662471771240234e-01
6.700092554092407227e-01
6.588695049285888672e-01
6.116495132446289062e-01
7.254434823989868164e-01
7.168002724647521973e-01
7.698520421981811523e-01
7.062926888465881348e-01
7.346496582031250000e-01
7.837084531784057617e-01
6.844376325607299805e-01
6.858302354812622070e-01
5.835115313529968262e-01
8.289181590080261230e-01
4.640614986419677734e-01
6.987422704696655273e-01
7.349711656570434570e-01
6.378063559532165527e-01
6.732766032218933105e-01
7.021647691726684570e-01
7.097768187522888184e-01
7.282230854034423828e-01
7.202266454696655273e-01
7.278618812561035156e-01
5.903996229171752930e-01
7.701537609100341797e-01
7.432160377502441406e-01
5.986505746841430664e-01
7.924981713294982910e-01
5.051148533821105957e-01
7.937246561050415039e-01
6.847035884857177734e-01
7.690412402153015137e-01
5.985074043273925781e-01
7.842808961868286133e-01
6.425462961196899414e-01
7.343984246253967285e-01
7.519272565841674805e-01
5.560560226440429688e-01
7.810738086700439453e-01
6.165969371795654297e-01
7.750971317291259766e-01
7.206844687461853027e-01
7.496055364608764648e-01
8.178161382675170898e-01
6.154460906982421875e-01
7.490634918212890625e-01
8.301672935485839844e-01
4.432668685913085938e-01
8.162879943847656250e-01
6.511887907981872559e-01
5.506801605224609375e-01
7.315506935119628906e-01
5.690100193023681641e-01
7.483629584312438965e-01
5.821155309677124023e-01
6.510210037231445312e-01
7.755751609802246094e-01
5.839595794677734375e-01
8.043954372406005859e-01
4.619717001914978027e-01
7.289456129074096680e-01
7.680074572563171387e-01
6.049799323081970215e-01
6.798756122589111328e-01
7.180296182632446289e-01
6.654688119888305664e-01
7.233808040618896484e-01
7.522035837173461914e-01
6.830833554267883301e-01
7.440019845962524414e-01
6.274606585502624512e-01
6.931026577949523926e-01
7.401899099349975586e-01
5.907788276672363281e-01
8.242846727371215820e-01
6.056515574455261230e-01
6.691008806228637695e-01
7.386058568954467773e-01
6.508697271347045898e-01
7.178730964660644531e-01
6.376800537109375000e-01
6.863573789596557617e-01
6.665002107620239258e-01
6.450200080871582031e-01
7.420112490653991699e-01
6.833477616310119629e-01
7.250177264213562012e-01
6.352981328964233398e-01
6.807461977005004883e-01
6.130374670028686523e-01
6.835024356842041016e-01
7.723854184150695801e-01
4.964059591293334961e-01
8.547250032424926758e-01
6.610636711120605469e-01
7.712641954421997070e-01
7.683341503143310547e-01
7.292215824127197266e-01
6.606833934783935547e-01
5.883064866065979004e-01
7.907872796058654785e-01
5.838945508003234863e-01
8.560113906860351562e-01
6.978833675384521484e-01
7.853083014488220215e-01
7.479891180992126465e-01
6.045221686363220215e-01
6.992645859718322754e-01
6.011741161346435547e-01
7.919120788574218750e-01
6.494053602218627930e-01
7.199847698211669922e-01
7.188137769699096680e-01
6.743515133857727051e-01
7.795420885086059570e-01
7.108686566352844238e-01
5.559458732604980469e-01
8.481171727180480957e-01
5.267823934555053711e-01
7.330832481384277344e-01
8.644171357154846191e-01
8.124457001686096191e-01
7.412777543067932129e-01
7.296740412712097168e-01
6.070147156715393066e-01
6.468583941459655762e-01
6.360796689987182617e-01
7.221285104751586914e-01
7.686513662338256836e-01
7.926061749458312988e-01
7.949095964431762695e-01
6.407643556594848633e-01
8.010739088058471680e-01
5.749821066856384277e-01
8.245557546615600586e-01
5.282112360000610352e-01
7.620271444320678711e-01
7.445583939552307129e-01
6.578856706619262695e-01
8.106252551078796387e-01
4.691358804702758789e-01
8.411927819252014160e-01
5.556617975234985352e-01
7.169325351715087891e-01
6.170810461044311523e-01
5.907863974571228027e-01
7.666951417922973633e-01
3.753508329391479492e-01
8.774271011352539062e-01
4.388278126716613770e-01
7.317564487457275391e-01
7.849590778350830078e-01
5.834943056106567383e-01
7.861613035202026367e-01
6.122360825538635254e-01
7.662342190742492676e-01
6.721674203872680664e-01
6.695008873939514160e-01
6.179472208023071289e-01
6.248644590377807617e-01
6.505324840545654297e-01
7.011134624481201172e-01
7.516623735427856445e-01
6.104822158813476562e-01
6.365457177162170410e-01
7.571101188659667969e-01
5.710967779159545898e-01
7.051098346710205078e-01
7.567201256752014160e-01
6.735169291496276855e-01
7.742768526077270508e-01
8.046324849128723145e-01
6.482505798339843750e-01
7.078980207443237305e-01
7.804820537567138672e-01
6.646315455436706543e-01
6.674637198448181152e-01
7.072031497955322266e-01
6.426017284393310547e-01
6.519802808761596680e-01
7.306302785873413086e-01
6.885623931884765625e-01
7.504769563674926758e-01
6.837876439094543457e-01
6.434632539749145508e-01
6.779368519783020020e-01
5.720864534378051758e-01
7.000371217727661133e-01
6.649734973907470703e-01
6.885069608688354492e-01
6.966350078582763672e-01
7.236802577972412109e-01
6.379827260971069336e-01
7.555801272392272949e-01
7.143287658691406250e-01
7.081099152565002441e-01
7.243070602416992188e-01
6.756997108459472656e-01
5.444481372833251953e-01
8.020036220550537109e-01
5.875405669212341309e-01
7.677400708198547363e-01
7.091627120971679688e-01
7.825007438659667969e-01
7.728148698806762695e-01
6.886547803878784180e-01
7.849134206771850586e-01
5.834369659423828125e-01
6.862525939941406250e-01
6.126644611358642578e-01
6.665844917297363281e-01
6.062494516372680664e-01
7.819120883941650391e-01
5.844095945358276367e-01
7.795255184173583984e-01
8.142271041870117188e-01
5.516167879104614258e-01
7.120804786682128906e-01
4.956153035163879395e-01
8.101023435592651367e-01
5.701924562454223633e-01
6.717917919158935547e-01
6.295217275619506836e-01
5.806354284286499023e-01
5.578830838203430176e-01
7.278941869735717773e-01
6.524311304092407227e-01
7.256261110305786133e-01
7.174809575080871582e-01
7.132232785224914551e-01
6.469245553016662598e-01
6.856027841567993164e-01
7.351256608963012695e-01
6.197443008422851562e-01
7.033252716064453125e-01
6.955287456512451172e-01
6.698191165924072266e-01
7.405296564102172852e-01
7.166278362274169922e-01
6.526591777801513672e-01
7.712088227272033691e-01
5.266672372817993164e-01
7.939580082893371582e-01
5.563771128654479980e-01
7.725344896316528320e-01
5.977110862731933594e-01
7.813600301742553711e-01
6.115775108337402344e-01
7.770311832427978516e-01
6.716668605804443359e-01
5.701911449432373047e-01
8.228759765625000000e-01
4.566418528556823730e-01
7.004663944244384766e-01
7.652403712272644043e-01
5.463336706161499023e-01
7.542837858200073242e-01
7.249580025672912598e-01
6.516175270080566406e-01
7.003308534622192383e-01
8.236029148101806641e-01
5.075364708900451660e-01
7.967312932014465332e-01
5.532144308090209961e-01
8.250721693038940430e-01
5.321341753005981445e-01
7.663104534149169922e-01
6.520960927009582520e-01
7.979493141174316406e-01
5.756655335426330566e-01
7.154409885406494141e-01
8.154534697532653809e-01
7.659478783607482910e-01
6.938668489456176758e-01
6.925916671752929688e-01
7.521907091140747070e-01
6.370971798896789551e-01
6.802055239677429199e-01
7.136785984039306641e-01
6.356819868087768555e-01
6.966162323951721191e-01
6.534925699234008789e-01
6.309237480163574219e-01
8.059408664703369141e-01
6.144193410873413086e-01
7.414386272430419922e-01
4.818688035011291504e-01
8.117964267730712891e-01
7.410492897033691406e-01
6.896411180496215820e-01
7.103564143180847168e-01
5.721855163574218750e-01
6.832172870635986328e-01
5.967870354652404785e-01
6.647421717643737793e-01
7.548382282257080078e-01
5.225083231925964355e-01
8.333598971366882324e-01
4.831136167049407959e-01
7.513159513473510742e-01
6.108329892158508301e-01
8.100608587265014648e-01
5.360587835311889648e-01
8.105137348175048828e-01
7.494965195655822754e-01
7.056073546409606934e-01
7.316617369651794434e-01
6.163758635520935059e-01
4.969803392887115479e-01
8.349707126617431641e-01
4.898256063461303711e-01
8.358229994773864746e-01
6.256289482116699219e-01
7.016907334327697754e-01
7.213141918182373047e-01
4.862684905529022217e-01
7.628589868545532227e-01
4.738723039627075195e-01
7.810572385787963867e-01
5.561014413833618164e-01
6.757669448852539062e-01
7.130365371704101562e-01
5.254579782485961914e-01
8.230887055397033691e-01
6.417576074600219727e-01
7.020595073699951172e-01
7.961063981056213379e-01
6.163963079452514648e-01
6.678160429000854492e-01
6.843819618225097656e-01
6.824157238006591797e-01
7.354644536972045898e-01
6.290598511695861816e-01
8.527656793594360352e-01
6.019470095634460449e-01
7.339147329330444336e-01
8.200269937515258789e-01
5.943191647529602051e-01
7.095161676406860352e-01
7.202891111373901367e-01
5.876693129539489746e-01
6.961856484413146973e-01
7.546281218528747559e-01
6.898808479309082031e-01
7.481698989868164062e-01
7.844368815422058105e-01
5.866590738296508789e-01
7.428380250930786133e-01
6.249495744705200195e-01
7.852218151092529297e-01
4.930630326271057129e-01
8.799147009849548340e-01
6.062468886375427246e-01
6.698430180549621582e-01
7.331287264823913574e-01
5.902074575424194336e-01
8.316453099250793457e-01
4.982183277606964111e-01
6.830582618713378906e-01
6.193903088569641113e-01
6.700351238250732422e-01
7.243037223815917969e-01
6.840004920959472656e-01
7.245475649833679199e-01
7.255334854125976562e-01
6.387889385223388672e-01
7.304626703262329102e-01
8.184413909912109375e-01
6.397883296012878418e-01
7.604369521141052246e-01
6.450432538986206055e-01
6.731236577033996582e-01
7.386887073516845703e-01
6.929873824119567871e-01
8.067884445190429688e-01
6.516496539115905762e-01
6.989561915397644043e-01
6.360357403755187988e-01
6.662501096725463867e-01
6.529799699783325195e-01
6.913583278656005859e-01
5.907886028289794922e-01
7.103352546691894531e-01
7.105284333229064941e-01
6.731812953948974609e-01
8.018203973770141602e-01
6.276277303695678711e-01
7.600032687187194824e-01
6.748782396316528320e-01
6.770488619804382324e-01
6.391739845275878906e-01
6.689603924751281738e-01
4.181678295135498047e-01
9.011240005493164062e-01
5.812293291091918945e-01
7.735698223114013672e-01
7.877920269966125488e-01
7.693782448768615723e-01
6.274679899215698242e-01
6.952096223831176758e-01
6.761643886566162109e-01
6.963728666305541992e-01
4.741488695144653320e-01
8.575457334518432617e-01
5.524151325225830078e-01
7.013092637062072754e-01
7.880566120147705078e-01
7.399024367332458496e-01
6.177664995193481445e-01
7.924039363861083984e-01
6.491425037384033203e-01
6.726868152618408203e-01
6.943972706794738770e-01
7.722274065017700195e-01
6.265437006950378418e-01
7.656961679458618164e-01
6.815607547760009766e-01
6.643183231353759766e-01
7.363114356994628906e-01
5.392913818359375000e-01
7.749210596084594727e-01
5.618557929992675781e-01
7.979658246040344238e-01
7.826907634735107422e-01
6.765354871749877930e-01
6.793828010559082031e-01
7.622524499893188477e-01
5.740830898284912109e-01
7.326368093490600586e-01
5.968669056892395020e-01
7.289854288101196289e-01
7.087396979331970215e-01
6.336417198181152344e-01
7.574629783630371094e-01
6.594570279121398926e-01
8.421660661697387695e-01
3.863698840141296387e-01
9.016840457916259766e-01
4.008615314960479736e-01
9.141149520874023438e-01
3.990994691848754883e-01
8.260689377784729004e-01
6.040446758270263672e-01
7.302761673927307129e-01
5.845617651939392090e-01
7.883441448211669922e-01
6.173800230026245117e-01
6.942301392555236816e-01
6.760352849960327148e-01
5.601169466972351074e-01
7.717068195343017578e-01
6.766506433486938477e-01
6.788635253906250000e-01
6.596736907958984375e-01
7.273156642913818359e-01
6.986529827117919922e-01
6.868972778320312500e-01
6.168655157089233398e-01
7.727739810943603516e-01
6.742528676986694336e-01
6.765918731689453125e-01
6.741489768028259277e-01
6.754264831542968750e-01
6.728397011756896973e-01
6.847085356712341309e-01
6.545890569686889648e-01
7.368168830871582031e-01
6.466298103332519531e-01
8.068709969520568848e-01
6.000951528549194336e-01
8.250881433486938477e-01
5.042066574096679688e-01
7.815154194831848145e-01
6.255737543106079102e-01
7.528581619262695312e-01
6.571059226989746094e-01
7.200584411621093750e-01
6.752097606658935547e-01
6.035064458847045898e-01
8.136982917785644531e-01
5.981349945068359375e-01
7.066825628280639648e-01
6.114732027053833008e-01
7.216198444366455078e-01
7.377445697784423828e-01
6.120731830596923828e-01
7.258982658386230469e-01
7.304920554161071777e-01
4.260586500167846680e-01
8.131015300750732422e-01
4.946416616439819336e-01
7.355543375015258789e-01
6.780023574829101562e-01
6.846355199813842773e-01
7.476935386657714844e-01
6.652835607528686523e-01
7.343364953994750977e-01
7.290843725204467773e-01
6.288699507713317871e-01
7.543063163757324219e-01
5.922601819038391113e-01
7.520724534988403320e-01
6.332292556762695312e-01
6.054626703262329102e-01
7.529664039611816406e-01
6.411894559860229492e-01
6.631419658660888672e-01
8.417134284973144531e-01
4.906352758407592773e-01
8.469536304473876953e-01
5.852445363998413086e-01
8.237888813018798828e-01
6.829692125320434570e-01
7.407031059265136719e-01
7.504616379737854004e-01
6.212714910507202148e-01
7.041718959808349609e-01
7.325870990753173828e-01
6.326425075531005859e-01
7.960650920867919922e-01
6.353732943534851074e-01
7.573004961013793945e-01
7.674396038055419922e-01
6.817073822021484375e-01
7.449509501457214355e-01
6.970465183258056641e-01
6.406539082527160645e-01
8.126587867736816406e-01
5.698770284652709961e-01
7.562631368637084961e-01
6.417770385742187500e-01
7.250292301177978516e-01
7.841634750366210938e-01
7.092666029930114746e-01
6.860918402671813965e-01
7.038834095001220703e-01
5.996809005737304688e-01
6.433804035186767578e-01
7.597148418426513672e-01
5.038279294967651367e-01
7.415736913681030273e-01
6.159790158271789551e-01
6.270634531974792480e-01
8.330684900283813477e-01
5.789434313774108887e-01
7.626255154609680176e-01
5.559823513031005859e-01
7.914881706237792969e-01
6.051638126373291016e-01
7.151961326599121094e-01
6.790075302124023438e-01
6.378408670425415039e-01
6.808840036392211914e-01
5.975843667984008789e-01
7.781862020492553711e-01
5.776555538177490234e-01
7.202275395393371582e-01
7.394781112670898438e-01
7.157472372055053711e-01
6.551642417907714844e-01
8.106283545494079590e-01
4.465040564537048340e-01
8.666108250617980957e-01
4.134286344051361084e-01
8.695217370986938477e-01
6.275810003280639648e-01
7.616196870803833008e-01
6.197938323020935059e-01
7.962991595268249512e-01
6.266593933105468750e-01
7.480240464210510254e-01
6.863840818405151367e-01
6.826394796371459961e-01
6.875890493392944336e-01
6.407566070556640625e-01
7.794330120086669922e-01
5.352298021316528320e-01
7.445682287216186523e-01
7.171181440353393555e-01
6.855871677398681641e-01
6.195892095565795898e-01
6.037654280662536621e-01
7.934579253196716309e-01
3.546625971794128418e-01
8.768121600151062012e-01
5.379241108894348145e-01
6.532895565032958984e-01
7.655123472213745117e-01
6.648626327514648438e-01
7.600194215774536133e-01
7.472117543220520020e-01
6.479741334915161133e-01
7.116822004318237305e-01
6.525157690048217773e-01
7.771669030189514160e-01
6.300203800201416016e-01
7.384924888610839844e-01
6.165653467178344727e-01
7.508383393287658691e-01
6.954289078712463379e-01
6.429365277290344238e-01
8.338056206703186035e-01
5.744024515151977539e-01
7.037149667739868164e-01
7.149732708930969238e-01
6.436813473701477051e-01
7.331560850143432617e-01
4.822946786880493164e-01
9.007452726364135742e-01
4.781407713890075684e-01
8.219628930091857910e-01
4.376829266548156738e-01
7.898330092430114746e-01
6.500629186630249023e-01
6.040867567062377930e-01
7.995195984840393066e-01
5.463305711746215820e-01
6.941615343093872070e-01
6.355689764022827148e-01
6.780647039413452148e-01
7.432643175125122070e-01
6.636308431625366211e-01
5.885841846466064453e-01
7.052191495895385742e-01
6.318243741989135742e-01
6.609671711921691895e-01
6.796623468399047852e-01
6.192393302917480469e-01
6.858637332916259766e-01
7.046800851821899414e-01
7.158587574958801270e-01
8.091319203376770020e-01
6.024855375289916992e-01
7.439422607421875000e-01
4.501166939735412598e-01
7.841725945472717285e-01
4.674414694309234619e-01
7.565672993659973145e-01
6.277378797531127930e-01
7.821773886680603027e-01
6.907317638397216797e-01
6.619647741317749023e-01
8.157517910003662109e-01
5.161322355270385742e-01
7.648049592971801758e-01
7.127049565315246582e-01
6.135364770889282227e-01
8.265593051910400391e-01
5.281645655632019043e-01
8.250002861022949219e-01
5.564735531806945801e-01
7.825449705123901367e-01
6.965557336807250977e-01
6.549042463302612305e-01
7.237760424613952637e-01
6.834738254547119141e-01
7.517635822296142578e-01
6.114867329597473145e-01
7.258204221725463867e-01
5.667965412139892578e-01
7.621360421180725098e-01
5.947080254554748535e-01
7.142410874366760254e-01
6.102850437164306641e-01
6.590170860290527344e-01
6.856661438941955566e-01
7.249577045440673828e-01
6.478214263916015625e-01
7.644406557083129883e-01
8.081867694854736328e-01
6.111109852790832520e-01
7.422454357147216797e-01
7.064512372016906738e-01
5.900496244430541992e-01
7.530096769332885742e-01
6.875500679016113281e-01
6.953010559082031250e-01
7.215282917022705078e-01
6.881129741668701172e-01
7.885898351669311523e-01
5.129781961441040039e-01
8.799866437911987305e-01
5.267317891120910645e-01
7.233312726020812988e-01
4.944810271263122559e-01
7.935094237327575684e-01
5.817404389381408691e-01
8.134034276008605957e-01
4.532731175422668457e-01
7.256925106048583984e-01
7.763158679008483887e-01
5.494593381881713867e-01
7.240610718727111816e-01
7.273042201995849609e-01
6.526049375534057617e-01
7.209653854370117188e-01
7.422968745231628418e-01
6.050797700881958008e-01
7.375739812850952148e-01
6.378848552703857422e-01
8.182797431945800781e-01
6.389594078063964844e-01
8.135868310928344727e-01
7.016738057136535645e-01
7.205985784530639648e-01
7.555683851242065430e-01
7.011549472808837891e-01
7.311977744102478027e-01
6.972213983535766602e-01
7.668699026107788086e-01
6.736590266227722168e-01
6.784243583679199219e-01
6.973872184753417969e-01
5.474504828453063965e-01
8.036791086196899414e-01
5.235307216644287109e-01
7.770107388496398926e-01
5.786159634590148926e-01
8.363559842109680176e-01
5.802794694900512695e-01
7.928748130798339844e-01
6.772023439407348633e-01
7.072314023971557617e-01
6.843903064727783203e-01
6.699380874633789062e-01
8.121838569641113281e-01
4.851778745651245117e-01
8.409496545791625977e-01
7.213052511215209961e-01
6.133732795715332031e-01
6.939418911933898926e-01
8.025947809219360352e-01
6.750711202621459961e-01
7.061922550201416016e-01
5.858781337738037109e-01
7.357134819030761719e-01
6.148854494094848633e-01
7.151589989662170410e-01
7.416508197784423828e-01
6.877536773681640625e-01
7.339884042739868164e-01
7.597470283508300781e-01
7.254860401153564453e-01
7.237991094589233398e-01
7.145072221755981445e-01
6.844857931137084961e-01
7.008005380630493164e-01
5.606676340103149414e-01
7.851928472518920898e-01
6.259647607803344727e-01
8.846189379692077637e-01
4.532124698162078857e-01
9.263273477554321289e-01
6.158809363842010498e-02
7.705023288726806641e-01
5.560374259948730469e-01
5.343297719955444336e-01
6.820561885833740234e-01
5.000039339065551758e-01
7.048141956329345703e-01
6.368992328643798828e-01
7.568463087081909180e-01
6.086853742599487305e-01
6.484975814819335938e-01
6.130684018135070801e-01
6.571403741836547852e-01
6.779986619949340820e-01
5.550790429115295410e-01
6.574218869209289551e-01
7.018592357635498047e-01
6.409250497817993164e-01
7.136582136154174805e-01
7.995204925537109375e-01
6.302450299263000488e-01
6.703384518623352051e-01
7.501416206359863281e-01
6.916295289993286133e-01
5.930792093276977539e-01
8.398293852806091309e-01
5.419600009918212891e-01
6.233301162719726562e-01
7.885255813598632812e-01
5.970989465713500977e-01
7.388641238212585449e-01
6.774672269821166992e-01
6.145648956298828125e-01
7.445408105850219727e-01
6.853822469711303711e-01
7.071585059165954590e-01
6.791421175003051758e-01
6.807756423950195312e-01
7.065473794937133789e-01
6.594122648239135742e-01
6.341469287872314453e-01
6.642099618911743164e-01
6.566884517669677734e-01
6.899511218070983887e-01
6.479699611663818359e-01
7.411635518074035645e-01
6.483765840530395508e-01
7.833657860755920410e-01
5.757402181625366211e-01
6.751974821090698242e-01
7.329156398773193359e-01
6.175675988197326660e-01
7.744861841201782227e-01
6.788607239723205566e-01
6.584819555282592773e-01
7.909130454063415527e-01
5.255124568939208984e-01
7.125134468078613281e-01
6.422374844551086426e-01
7.433120608329772949e-01
4.461024403572082520e-01
8.002678155899047852e-01
7.423071861267089844e-01
4.545140862464904785e-01
9.035153388977050781e-01
4.065741002559661865e-01
9.012728333473205566e-01
3.914673924446105957e-01
7.707501053810119629e-01
8.517484664916992188e-01
3.220523595809936523e-01
8.493514060974121094e-01
5.704073905944824219e-01
7.536528706550598145e-01
4.622569680213928223e-01
7.571308612823486328e-01
7.395241260528564453e-01
7.373203039169311523e-01
6.142394542694091797e-01
7.907934188842773438e-01
6.521037817001342773e-01
5.680993199348449707e-01
7.819355726242065430e-01
6.988660097122192383e-01
6.492475271224975586e-01
8.087273240089416504e-01
5.901734232902526855e-01
7.062381505966186523e-01
7.109742164611816406e-01
7.637786865234375000e-01
6.888805627822875977e-01
6.694494485855102539e-01
6.431822180747985840e-01
7.147142887115478516e-01
6.246792078018188477e-01
7.142565250396728516e-01
7.228837013244628906e-01
7.571930885314941406e-01
8.172458410263061523e-01
6.445215344429016113e-01
7.362689375877380371e-01
5.871828794479370117e-01
6.292194128036499023e-01
6.779813766479492188e-01
6.534121036529541016e-01
6.865657567977905273e-01
7.051407694816589355e-01
5.178579092025756836e-01
8.834163546562194824e-01
4.113762378692626953e-01
8.889861106872558594e-01
2.014254033565521240e-01
7.781569957733154297e-01
5.432156324386596680e-01
7.719708681106567383e-01
5.060185194015502930e-01
7.476863861083984375e-01
6.122766733169555664e-01
6.409298181533813477e-01
7.640031576156616211e-01
6.457393169403076172e-01
6.846610307693481445e-01
7.409480214118957520e-01
6.255842447280883789e-01
6.671336293220520020e-01
6.870876550674438477e-01
7.602484226226806641e-01
5.126440525054931641e-01
7.539167404174804688e-01
6.777072548866271973e-01
6.446171402931213379e-01
6.878055930137634277e-01
6.868070960044860840e-01
5.503830313682556152e-01
7.409934997558593750e-01
5.221912860870361328e-01
7.859227657318115234e-01
7.706384658813476562e-01
6.766356229782104492e-01
7.952646613121032715e-01
5.913493633270263672e-01
6.919122934341430664e-01
7.697094678878784180e-01
6.334706544876098633e-01
6.506862640380859375e-01
7.371470928192138672e-01
6.998976469039916992e-01
6.419774889945983887e-01
7.808097600936889648e-01
6.197427511215209961e-01
7.303826808929443359e-01
7.041047811508178711e-01
7.044342756271362305e-01
6.327511072158813477e-01
7.517561912536621094e-01
6.848807334899902344e-01
7.566033601760864258e-01
6.276084780693054199e-01
7.706327438354492188e-01
5.484890937805175781e-01
7.265961766242980957e-01
7.148070335388183594e-01
6.324417591094970703e-01
7.454952001571655273e-01
6.209858655929565430e-01
7.003778219223022461e-01
7.109301090240478516e-01
5.912455916404724121e-01
7.449344396591186523e-01
6.307009458541870117e-01
7.713644504547119141e-01
6.953440904617309570e-01
7.040987014770507812e-01
7.154232263565063477e-01
7.699345946311950684e-01
6.106626391410827637e-01
8.054069280624389648e-01
7.158052325248718262e-01
7.274244427680969238e-01
5.894217491149902344e-01
8.446957468986511230e-01
6.190689802169799805e-01
7.932052612304687500e-01
6.294277310371398926e-01
7.520578503608703613e-01
5.561144351959228516e-01
8.430282473564147949e-01
3.542374372482299805e-01
9.306821823120117188e-01
2.609162330627441406e-01
8.208574056625366211e-01
3.854810297489166260e-01
7.699908614158630371e-01
6.009131669998168945e-01
6.791483163833618164e-01
6.514014005661010742e-01
6.188845634460449219e-01
5.895262956619262695e-01
7.656295299530029297e-01
5.544762611389160156e-01
6.853179931640625000e-01
7.635749578475952148e-01
5.957732796669006348e-01
6.766973137855529785e-01
7.883712053298950195e-01
7.184413671493530273e-01
6.037533283233642578e-01
7.593897581100463867e-01
6.080384254455566406e-01
7.400014996528625488e-01
6.874783039093017578e-01
5.880912542343139648e-01
7.822558879852294922e-01
6.039735078811645508e-01
8.067646026611328125e-01
6.579166650772094727e-01
6.624476909637451172e-01
7.533388137817382812e-01
7.633404731750488281e-01
5.929512977600097656e-01
7.524223923683166504e-01
7.224075794219970703e-01
6.141685247421264648e-01
6.824242472648620605e-01
7.974791526794433594e-01
5.403911471366882324e-01
7.507247328758239746e-01
6.368902921676635742e-01
8.089642524719238281e-01
7.162808179855346680e-01
6.196074485778808594e-01
8.013761043548583984e-01
6.372298002243041992e-01
6.867434978485107422e-01
7.108201384544372559e-01
5.843178033828735352e-01
7.797178030014038086e-01
5.245127081871032715e-01
8.871834874153137207e-01
5.378881692886352539e-01
7.812149524688720703e-01
6.484148502349853516e-01
7.424937486648559570e-01
6.523350477218627930e-01
6.914815902709960938e-01
7.156581878662109375e-01
7.475860118865966797e-01
6.489456892013549805e-01
7.847529649734497070e-01
6.510024070739746094e-01
7.439450025558471680e-01
6.807831525802612305e-01
7.028554677963256836e-01
6.608670949935913086e-01
7.979619503021240234e-01
5.724388360977172852e-01
7.262890338897705078e-01
7.295060753822326660e-01
7.081640362739562988e-01
6.606571078300476074e-01
7.836458683013916016e-01
5.825755000114440918e-01
6.482080221176147461e-01
6.570873260498046875e-01
7.380757331848144531e-01
5.726624131202697754e-01
8.055059313774108887e-01
6.239283084869384766e-01
7.897770404815673828e-01
6.301498413085937500e-01
8.249183893203735352e-01
4.461007714271545410e-01
8.177148103713989258e-01
6.870256662368774414e-01
6.683524250984191895e-01
7.599418163299560547e-01
5.348718166351318359e-01
7.726197838783264160e-01
7.412008047103881836e-01
6.320587396621704102e-01
8.303227424621582031e-01
6.391967535018920898e-01
6.788083314895629883e-01
6.560660600662231445e-01
8.086164593696594238e-01
6.812408566474914551e-01
5.996356606483459473e-01
7.649840116500854492e-01
6.743335127830505371e-01
7.200124263763427734e-01
5.981763601303100586e-01
7.893272042274475098e-01
6.647590398788452148e-01
7.284939289093017578e-01
7.551867365837097168e-01
6.269147992134094238e-01
7.937639355659484863e-01
5.977447628974914551e-01
7.491594552993774414e-01
5.420509576797485352e-01
7.940874099731445312e-01
6.857525110244750977e-01
7.394988536834716797e-01
6.871734261512756348e-01
7.235745787620544434e-01
7.868294715881347656e-01
5.560371875762939453e-01
8.538462519645690918e-01
6.237474083900451660e-01
7.433356642723083496e-01
6.653087139129638672e-01
7.074015140533447266e-01
7.706804275512695312e-01
6.467752456665039062e-01
6.731019020080566406e-01
7.049040794372558594e-01
5.823241472244262695e-01
8.169484138488769531e-01
6.400355100631713867e-01
7.397787570953369141e-01
6.682448387145996094e-01
7.653708457946777344e-01
6.341757774353027344e-01
7.313838005065917969e-01
6.733967661857604980e-01
5.791825056076049805e-01
7.961270213127136230e-01
6.195096373558044434e-01
7.192201614379882812e-01
7.513024210929870605e-01
7.052282094955444336e-01
6.780492067337036133e-01
7.617697715759277344e-01
5.726268291473388672e-01
6.612800359725952148e-01
8.419122695922851562e-01
6.054009199142456055e-01
7.448312044143676758e-01
6.843582391738891602e-01
6.728869676589965820e-01
8.406785130500793457e-01
6.674929261207580566e-01
7.333601117134094238e-01
7.666386365890502930e-01
6.269061565399169922e-01
7.748355865478515625e-01
7.422903776168823242e-01
4.912683963775634766e-01
8.489669561386108398e-01
5.968986749649047852e-01
7.654368281364440918e-01
6.823107600212097168e-01
7.357934713363647461e-01
5.847316384315490723e-01
8.045223355293273926e-01
7.141718268394470215e-01
6.728339195251464844e-01
7.414529323577880859e-01
6.754646301269531250e-01
8.006604909896850586e-01
7.231087684631347656e-01
6.400411128997802734e-01
7.717659473419189453e-01
7.572335004806518555e-01
6.531351804733276367e-01
8.017441630363464355e-01
5.342458486557006836e-01
7.877176403999328613e-01
6.197527647018432617e-01
7.893329262733459473e-01
5.902427434921264648e-01
7.442247867584228516e-01
6.472688913345336914e-01
6.480671167373657227e-01
5.901270508766174316e-01
7.832633256912231445e-01
4.780181050300598145e-01
8.365561962127685547e-01
7.299859523773193359e-01
6.961336731910705566e-01
7.827704548835754395e-01
7.141802310943603516e-01
8.413621783256530762e-01
5.938136577606201172e-01
7.852942943572998047e-01
5.700598955154418945e-01
8.138891458511352539e-01
6.544092893600463867e-01
8.118856549263000488e-01
3.656767904758453369e-01
9.675316214561462402e-01
1.987206786870956421e-01
8.784584999084472656e-01
5.688882470130920410e-01
7.453837990760803223e-01
6.557348370552062988e-01
5.899935960769653320e-01
6.893680095672607422e-01
6.383720636367797852e-01
6.729930639266967773e-01
7.767748832702636719e-01
6.206292510032653809e-01
6.727269291877746582e-01
7.426397800445556641e-01
5.960055589675903320e-01
6.948232650756835938e-01
7.840001583099365234e-01
6.449114680290222168e-01
6.207033991813659668e-01
7.237383723258972168e-01
6.320590376853942871e-01
5.775125026702880859e-01
6.235994100570678711e-01
6.599249839782714844e-01
6.816492676734924316e-01
6.643385291099548340e-01
7.387830615043640137e-01
6.693345308303833008e-01
7.547960281372070312e-01
5.939686298370361328e-01
7.607378959655761719e-01
7.493016719818115234e-01
5.373837947845458984e-01
8.763735294342041016e-01
6.755086183547973633e-01
6.895201206207275391e-01
6.485993862152099609e-01
7.820631265640258789e-01
7.293362617492675781e-01
6.738663315773010254e-01
7.247600555419921875e-01
6.349628567695617676e-01
7.621357440948486328e-01
6.605432033538818359e-01
6.778298020362854004e-01
6.946122646331787109e-01
6.757974028587341309e-01
7.359244823455810547e-01
7.257958650588989258e-01
5.685592889785766602e-01
7.105218172073364258e-01
7.155379652976989746e-01
6.572293043136596680e-01
6.954889297485351562e-01
8.003968596458435059e-01
6.362383365631103516e-01
7.517344355583190918e-01
7.535183429718017578e-01
6.366848945617675781e-01
7.281659841537475586e-01
5.802446603775024414e-01
8.616664409637451172e-01
4.991617202758789062e-01
9.246402978897094727e-01
1.678850650787353516e-01
7.892351746559143066e-01
4.715248644351959229e-01
6.775346398353576660e-01
6.159469485282897949e-01
4.814937114715576172e-01
8.080014586448669434e-01
5.068745613098144531e-01
7.931387424468994141e-01
6.562361121177673340e-01
6.109941005706787109e-01
7.965965270996093750e-01
5.887387394905090332e-01
6.699404716491699219e-01
6.049869656562805176e-01
6.137026548385620117e-01
7.404355406761169434e-01
4.847565591335296631e-01
7.570623159408569336e-01
5.806404352188110352e-01
6.870787143707275391e-01
7.185624241828918457e-01
6.736315488815307617e-01
6.445280909538269043e-01
6.705529093742370605e-01
6.547191143035888672e-01
7.016052007675170898e-01
6.957163810729980469e-01
6.313107013702392578e-01
7.654845714569091797e-01
6.882094144821166992e-01
7.201747298240661621e-01
7.857269048690795898e-01
6.888042092323303223e-01
7.050518393516540527e-01
7.859911918640136719e-01
5.076084733009338379e-01
7.975676059722900391e-01
5.666716694831848145e-01
7.345262765884399414e-01
5.948301553726196289e-01
7.321685552597045898e-01
5.571041107177734375e-01
8.025044798851013184e-01
5.571498870849609375e-01
8.244179487228393555e-01
5.170093774795532227e-01
7.624952197074890137e-01
5.664449930191040039e-01
7.703535556793212891e-01
6.789144277572631836e-01
7.706245183944702148e-01
6.801418066024780273e-01
6.858979463577270508e-01
7.350655794143676758e-01
7.069535851478576660e-01
7.268649339675903320e-01
7.450094223022460938e-01
6.333502531051635742e-01
6.847046017646789551e-01
6.879302263259887695e-01
7.100843787193298340e-01
7.349359393119812012e-01
7.334815263748168945e-01
7.306706905364990234e-01
7.974078655242919922e-01
6.836459040641784668e-01
6.692745685577392578e-01
8.048173189163208008e-01
5.757973194122314453e-01
8.408589959144592285e-01
2.901891767978668213e-01
9.335758686065673828e-01
4.060316383838653564e-01
8.523524999618530273e-01
7.304879426956176758e-01
6.750768423080444336e-01
7.011771202087402344e-01
6.315611004829406738e-01
7.294852733612060547e-01
4.771272838115692139e-01
8.712737560272216797e-01
4.218888878822326660e-01
8.674011826515197754e-01
4.813481569290161133e-01
7.582319974899291992e-01
8.135547637939453125e-01
6.041254401206970215e-01
7.512584924697875977e-01
7.096110582351684570e-01
5.582786202430725098e-01
7.617057561874389648e-01
6.889138221740722656e-01
7.213275432586669922e-01
7.102988958358764648e-01
7.455320358276367188e-01
7.086152434349060059e-01
7.566434741020202637e-01
6.652722954750061035e-01
6.075978279113769531e-01
8.035094738006591797e-01
6.030946969985961914e-01
7.474222183227539062e-01
7.427576184272766113e-01
6.797892451286315918e-01
6.961042881011962891e-01
7.328416705131530762e-01
7.407315373420715332e-01
7.503705024719238281e-01
7.610009908676147461e-01
7.939175963401794434e-01
6.603280901908874512e-01
7.170076370239257812e-01
5.235608816146850586e-01
7.398841381072998047e-01
7.070109844207763672e-01
6.545460820198059082e-01
7.654755711555480957e-01
7.373032569885253906e-01
6.112347841262817383e-01
8.311891555786132812e-01
5.109748840332031250e-01
8.299658298492431641e-01
7.078260779380798340e-01
7.146947383880615234e-01
6.218502521514892578e-01
7.596161961555480957e-01
5.779125094413757324e-01
7.677744626998901367e-01
6.632449626922607422e-01
6.702413558959960938e-01
6.556748151779174805e-01
7.632144093513488770e-01
7.344262599945068359e-01
6.162496805191040039e-01
7.946467399597167969e-01
5.311371684074401855e-01
8.909751176834106445e-01
5.352840423583984375e-01
8.460755348205566406e-01
3.613111972808837891e-01
8.205346465110778809e-01
7.192313671112060547e-01
7.306056022644042969e-01
7.020903229713439941e-01
7.759107351303100586e-01
6.248363852500915527e-01
7.291418313980102539e-01
5.223605632781982422e-01
7.344322800636291504e-01
6.747746467590332031e-01
7.457774877548217773e-01
7.037360072135925293e-01
6.546968221664428711e-01
6.835514307022094727e-01
7.546064853668212891e-01
4.148930907249450684e-01
8.044655919075012207e-01
6.443607807159423828e-01
6.182087659835815430e-01
7.124937772750854492e-01
7.061873674392700195e-01
7.377874851226806641e-01
8.068761229515075684e-01
6.161493659019470215e-01
8.097026944160461426e-01
6.041669249534606934e-01
7.172253131866455078e-01
7.535498142242431641e-01
7.841955423355102539e-01
6.517311334609985352e-01
6.740440726280212402e-01
3.415248394012451172e-01
8.535352945327758789e-01
3.564270138740539551e-01
8.815394639968872070e-01
7.761058807373046875e-01
6.549823880195617676e-01
7.481460571289062500e-01
7.467522621154785156e-01
7.073136568069458008e-01
5.645492672920227051e-01
7.304825782775878906e-01
6.598874926567077637e-01
7.589063644409179688e-01
7.214215993881225586e-01
7.599269151687622070e-01
5.537826418876647949e-01
8.170477151870727539e-01
5.168583989143371582e-01
7.658561468124389648e-01
6.429979801177978516e-01
7.159752249717712402e-01
6.486624479293823242e-01
7.254164218902587891e-01
5.968710780143737793e-01
7.314235568046569824e-01
5.579130649566650391e-01
8.473535776138305664e-01
6.730769276618957520e-01
6.561965942382812500e-01
8.035387992858886719e-01
6.453254818916320801e-01
6.543865799903869629e-01
7.748396396636962891e-01
6.363040208816528320e-01
6.774700284004211426e-01
6.937155127525329590e-01
7.329732179641723633e-01
6.647141575813293457e-01
7.140591740608215332e-01
6.471583843231201172e-01
6.732333898544311523e-01
6.263915300369262695e-01
6.703618764877319336e-01
6.694135665893554688e-01
7.737164497375488281e-01
7.139045596122741699e-01
6.979476213455200195e-01
7.585908770561218262e-01
7.446228265762329102e-01
7.916806936264038086e-01
6.517181396484375000e-01
8.024553656578063965e-01
6.240811944007873535e-01
7.615978717803955078e-01
6.550250649452209473e-01
6.712222099304199219e-01
7.341859936714172363e-01
6.635279655456542969e-01
7.720946073532104492e-01
7.218103408813476562e-01
7.475578784942626953e-01
7.600704431533813477e-01
7.526210546493530273e-01
8.082542419433593750e-01
4.559176564216613770e-01
9.037585258483886719e-01
4.582293927669525146e-01
7.942783832550048828e-01
4.781202077865600586e-01
8.344339728355407715e-01
5.616427659988403320e-01
6.974821686744689941e-01
7.185684442520141602e-01
6.500394940376281738e-01
6.680598258972167969e-01
7.864671945571899414e-01
7.215524911880493164e-01
5.973227620124816895e-01
7.125064134597778320e-01
5.715664625167846680e-01
7.203245162963867188e-01
7.717640399932861328e-01
6.050118207931518555e-01
7.948223352432250977e-01
4.765490591526031494e-01
7.688490152359008789e-01
4.445639848709106445e-01
9.300807118415832520e-01
1.931163370609283447e-01
7.314871549606323242e-01
8.144851326942443848e-01
3.165921568870544434e-01
7.464950680732727051e-01
7.083493471145629883e-01
6.074283719062805176e-01
7.530868649482727051e-01
5.751895904541015625e-01
6.955844163894653320e-01
6.546697616577148438e-01
6.584951877593994141e-01
7.429164648056030273e-01
6.385661363601684570e-01
7.145119905471801758e-01
5.409905910491943359e-01
8.224709033966064453e-01
6.566934585571289062e-01
6.368239521980285645e-01
7.644469738006591797e-01
6.115169525146484375e-01
6.943871974945068359e-01
6.170055270195007324e-01
7.462681531906127930e-01
7.725708484649658203e-01
6.618034243583679199e-01
6.617590188980102539e-01
7.468255162239074707e-01
5.850590467453002930e-01
7.696217894554138184e-01
7.399871349334716797e-01
7.170996069908142090e-01
6.475735902786254883e-01
7.349546551704406738e-01
7.425031661987304688e-01
4.887655973434448242e-01
7.162094116210937500e-01
7.106720209121704102e-01
6.295411586761474609e-01
8.024420738220214844e-01
6.966202259063720703e-01
7.143285274505615234e-01
7.763609886169433594e-01
5.900864601135253906e-01
7.383253574371337891e-01
7.023073434829711914e-01
6.892364025115966797e-01
6.684468984603881836e-01
7.657755613327026367e-01
5.171160101890563965e-01
8.182119131088256836e-01
6.951344609260559082e-01
6.648308634757995605e-01
7.760505080223083496e-01
6.079196929931640625e-01
8.230394124984741211e-01
5.613148212432861328e-01
7.862486243247985840e-01
5.492374300956726074e-01
7.698820829391479492e-01
7.307749390602111816e-01
6.510182619094848633e-01
7.044385671615600586e-01
7.190720438957214355e-01
6.453262567520141602e-01
7.114639282226562500e-01
6.366525292396545410e-01
7.621142268180847168e-01
5.782779455184936523e-01
7.688546180725097656e-01
6.612642407417297363e-01
5.810209512710571289e-01
8.073203563690185547e-01
5.177568197250366211e-01
7.574064731597900391e-01
6.926717162132263184e-01
7.000238895416259766e-01
7.101904153823852539e-01
7.207790613174438477e-01
6.361668109893798828e-01
7.549049258232116699e-01
7.179268598556518555e-01
5.784746408462524414e-01
7.154229879379272461e-01
6.632758975028991699e-01
5.734965801239013672e-01
8.582963943481445312e-01
6.446299552917480469e-01
6.749893426895141602e-01
8.355755805969238281e-01
4.981486499309539795e-01
7.803514599800109863e-01
4.373300671577453613e-01
8.467692732810974121e-01
5.414355993270874023e-01
7.546200752258300781e-01
5.395250320434570312e-01
7.487554550170898438e-01
6.136442422866821289e-01
7.326723337173461914e-01
7.506321072578430176e-01
6.511955261230468750e-01
7.518335580825805664e-01
6.013494133949279785e-01
7.293208837509155273e-01
7.726792097091674805e-01
6.524058580398559570e-01
6.660814285278320312e-01
6.676938533782958984e-01
5.853050351142883301e-01
7.239812016487121582e-01
8.188769221305847168e-01
6.200577020645141602e-01
7.668511867523193359e-01
6.714606881141662598e-01
7.364984750747680664e-01
6.268122196197509766e-01
7.618821859359741211e-01
7.082744836807250977e-01
6.371955275535583496e-01
7.858614921569824219e-01
7.202392816543579102e-01
7.130761146545410156e-01
7.758560180664062500e-01
6.616190075874328613e-01
6.961610317230224609e-01
7.136102914810180664e-01
5.974467992782592773e-01
7.445483207702636719e-01
7.173900604248046875e-01
7.057336568832397461e-01
6.819072365760803223e-01
7.803447842597961426e-01
7.178456187248229980e-01
6.780573129653930664e-01
7.876681089401245117e-01
6.499872207641601562e-01
5.908806324005126953e-01
7.901138663291931152e-01
5.724322795867919922e-01
7.641581892967224121e-01
5.330278873443603516e-01
7.725875377655029297e-01
6.621616482734680176e-01
6.779580712318420410e-01
5.116382837295532227e-01
8.716183900833129883e-01
4.437119662761688232e-01
8.563823699951171875e-01
4.744743108749389648e-01
8.539421558380126953e-01
3.710924685001373291e-01
7.669119238853454590e-01
8.027513027191162109e-01
5.119891762733459473e-01
8.665632605552673340e-01
5.161763429641723633e-01
8.220269680023193359e-01
4.358984231948852539e-01
7.331576347351074219e-01
6.247541308403015137e-01
6.614657640457153320e-01
7.000793218612670898e-01
7.028374671936035156e-01
6.906348466873168945e-01
5.834325551986694336e-01
7.366880178451538086e-01
5.097823739051818848e-01
8.143962025642395020e-01
5.511221289634704590e-01
7.790567278861999512e-01
7.738182544708251953e-01
6.250403523445129395e-01
7.729737758636474609e-01
7.072331905364990234e-01
7.947919368743896484e-01
6.010977625846862793e-01
8.338950872421264648e-01
5.908622741699218750e-01
7.796919941902160645e-01
7.126235961914062500e-01
5.819693207740783691e-01
7.005084753036499023e-01
7.123515605926513672e-01
6.663907766342163086e-01
6.753078699111938477e-01
6.610211730003356934e-01
6.448168754577636719e-01
7.799766659736633301e-01
6.614564657211303711e-01
7.272894978523254395e-01
7.236605882644653320e-01
7.422473430633544922e-01
5.672758817672729492e-01
7.931474447250366211e-01
6.907426118850708008e-01
6.574794054031372070e-01
7.256962060928344727e-01
6.672631502151489258e-01
7.823555469512939453e-01
7.832839488983154297e-01
5.414412021636962891e-01
7.923176884651184082e-01
4.540145993232727051e-01
8.771807551383972168e-01
4.706706404685974121e-01
8.960803747177124023e-01
3.657920360565185547e-01
7.908641099929809570e-01
7.501381635665893555e-01
5.188680887222290039e-01
7.540674209594726562e-01
5.042066574096679688e-01
8.170517683029174805e-01
5.463292598724365234e-01
7.129608392715454102e-01
7.632839679718017578e-01
6.102936267852783203e-01
7.804582715034484863e-01
4.936842918395996094e-01
8.024497032165527344e-01
7.818412780761718750e-01
5.030840635299682617e-01
8.272409439086914062e-01
7.211173772811889648e-01
5.683487653732299805e-01
6.940037012100219727e-01
6.671899557113647461e-01
5.247757434844970703e-01
7.733361124992370605e-01
6.296140551567077637e-01
7.689486742019653320e-01
6.281890869140625000e-01
7.077544331550598145e-01
5.440983176231384277e-01
8.453890681266784668e-01
7.057725191116333008e-01
5.548316836357116699e-01
8.322808146476745605e-01
6.407322883605957031e-01
7.047014832496643066e-01
7.414094209671020508e-01
5.660128593444824219e-01
6.560963392257690430e-01
6.654984354972839355e-01
6.971757411956787109e-01
6.648232936859130859e-01
6.783560514450073242e-01
6.402640342712402344e-01
8.042328953742980957e-01
3.585257232189178467e-01
7.843527197837829590e-01
6.236974596977233887e-01
6.065185666084289551e-01
7.815275788307189941e-01
6.157822012901306152e-01
5.856440067291259766e-01
7.929693460464477539e-01
6.478654146194458008e-01
6.674056053161621094e-01
7.562748193740844727e-01
4.846268892288208008e-01
8.240302801132202148e-01
6.474944353103637695e-01
6.776379346847534180e-01
6.201916337013244629e-01
5.444241166114807129e-01
7.234407663345336914e-01
6.518160104751586914e-01
6.968516111373901367e-01
7.156174182891845703e-01
6.193948984146118164e-01
6.633475422859191895e-01
7.417263984680175781e-01
5.359666943550109863e-01
7.990825176239013672e-01
5.606717467308044434e-01
7.521698474884033203e-01
6.052408814430236816e-01
7.846893072128295898e-01
6.123295426368713379e-01
7.275662422180175781e-01
7.973567247390747070e-01
5.177516341209411621e-01
7.692086696624755859e-01
7.617480754852294922e-01
5.175796151161193848e-01
8.163273334503173828e-01
7.112677693367004395e-01
7.455782890319824219e-01
4.751108288764953613e-01
8.195072412490844727e-01
5.684849619865417480e-01
8.146511316299438477e-01
7.293581962585449219e-01
5.761476755142211914e-01
8.368026018142700195e-01
5.129615068435668945e-01
6.296726465225219727e-01
7.917318344116210938e-01
4.818753004074096680e-01
6.823037862777709961e-01
7.827365398406982422e-01
5.369579195976257324e-01
7.024182081222534180e-01
6.858916282653808594e-01
5.961477756500244141e-01
6.623884439468383789e-01
7.421661019325256348e-01
6.630489230155944824e-01
7.173154950141906738e-01
7.419153451919555664e-01
6.365177035331726074e-01
7.083550095558166504e-01
6.960661411285400391e-01
6.381793022155761719e-01
7.653481960296630859e-01
6.715129613876342773e-01
6.581965684890747070e-01
7.026253938674926758e-01
7.245483398437500000e-01
6.416959762573242188e-01
8.015564084053039551e-01
5.296244621276855469e-01
8.537452220916748047e-01
6.032353639602661133e-01
7.888270616531372070e-01
5.677443742752075195e-01
8.309149742126464844e-01
3.746197819709777832e-01
9.203458428382873535e-01
4.092090129852294922e-01
7.233762145042419434e-01
7.834862470626831055e-01
5.785927772521972656e-01
7.710090875625610352e-01
5.958979129791259766e-01
7.889243364334106445e-01
6.450629234313964844e-01
6.786394119262695312e-01
6.439715623855590820e-01
6.809160709381103516e-01
6.892491579055786133e-01
6.644465327262878418e-01
6.540997028350830078e-01
7.112975716590881348e-01
6.428089141845703125e-01
7.889423370361328125e-01
6.323148012161254883e-01
7.853587865829467773e-01
6.241575479507446289e-01
7.100299596786499023e-01
7.965234518051147461e-01
6.262377500534057617e-01
8.354878425598144531e-01
6.067956686019897461e-01
7.063410282135009766e-01
7.726522088050842285e-01
6.398435831069946289e-01
6.704840660095214844e-01
7.342333793640136719e-01
7.452195882797241211e-01
6.673546433448791504e-01
6.477445363998413086e-01
6.874614953994750977e-01
6.981428861618041992e-01
7.409074306488037109e-01
6.321138143539428711e-01
8.602360486984252930e-01
6.759277582168579102e-01
6.445657014846801758e-01
8.221770524978637695e-01
5.786792039871215820e-01
8.696396350860595703e-01
2.221355587244033813e-01
8.889673352241516113e-01
2.864009141921997070e-01
7.698029875755310059e-01
5.620905160903930664e-01
6.602321863174438477e-01
6.224077939987182617e-01
6.411510109901428223e-01
6.714496612548828125e-01
6.075356602668762207e-01
5.920380353927612305e-01
7.536367177963256836e-01
5.073100328445434570e-01
6.957519054412841797e-01
6.761801242828369141e-01
4.823187887668609619e-01
7.272044420242309570e-01
5.574739575386047363e-01
6.945868730545043945e-01
6.063302755355834961e-01
7.158011794090270996e-01
5.958996415138244629e-01
6.790690422058105469e-01
6.882787346839904785e-01
7.072772979736328125e-01
6.376398205757141113e-01
6.143572330474853516e-01
7.379978299140930176e-01
5.060458183288574219e-01
7.297071814537048340e-01
4.566284716129302979e-01
8.543356657028198242e-01
4.564750492572784424e-01
8.127177357673645020e-01
7.008332610130310059e-01
6.980276107788085938e-01
8.026004433631896973e-01
6.300361752510070801e-01
7.170710563659667969e-01
6.678580641746520996e-01
6.979336738586425781e-01
6.791242361068725586e-01
6.817411184310913086e-01
7.521126270294189453e-01
6.240028142929077148e-01
7.605233192443847656e-01
5.094237327575683594e-01
8.671165108680725098e-01
5.213210582733154297e-01
7.682888507843017578e-01
6.317570209503173828e-01
7.157461047172546387e-01
8.043482899665832520e-01
4.871203899383544922e-01
7.982914447784423828e-01
7.455923557281494141e-01
5.622250437736511230e-01
6.701115965843200684e-01
6.992138624191284180e-01
6.392289996147155762e-01
8.414318561553955078e-01
6.132283210754394531e-01
7.159210443496704102e-01
6.335318088531494141e-01
6.911329627037048340e-01
6.437416672706604004e-01
5.843614339828491211e-01
7.814728021621704102e-01
5.099856257438659668e-01
8.484318256378173828e-01
3.474313616752624512e-01
7.736108899116516113e-01
7.169836759567260742e-01
5.923329591751098633e-01
7.453907728195190430e-01
7.406168580055236816e-01
5.315475463867187500e-01
7.548498511314392090e-01
7.386465072631835938e-01
6.220875978469848633e-01
7.985087633132934570e-01
6.708065271377563477e-01
7.465573549270629883e-01
6.724584102630615234e-01
6.564391255378723145e-01
7.164657711982727051e-01
5.159220099449157715e-01
8.220626115798950195e-01
6.688852906227111816e-01
6.237397193908691406e-01
7.981230020523071289e-01
6.646720170974731445e-01
6.953556537628173828e-01
8.228875398635864258e-01
3.898274898529052734e-01
7.706370353698730469e-01
4.885189235210418701e-01
8.415718078613281250e-01
6.551787853240966797e-01
7.075112462043762207e-01
7.264490127563476562e-01
6.754893064498901367e-01
6.770667433738708496e-01
6.368212699890136719e-01
7.581132650375366211e-01
5.603626370429992676e-01
7.488597631454467773e-01
5.858389735221862793e-01
8.266459703445434570e-01
5.739685297012329102e-01
7.414333820343017578e-01
6.139541268348693848e-01
6.920309066772460938e-01
7.075311541557312012e-01
7.526496648788452148e-01
6.769924163818359375e-01
7.581143379211425781e-01
6.266943812370300293e-01
6.882019639015197754e-01
6.550894975662231445e-01
5.777573585510253906e-01
7.467198371887207031e-01
5.418993830680847168e-01
7.001053094863891602e-01
7.383838891983032227e-01
6.801320314407348633e-01
7.409929633140563965e-01
8.145064115524291992e-01
3.833802938461303711e-01
8.397846221923828125e-01
6.941440105438232422e-01
6.803559064865112305e-01
7.321981191635131836e-01
8.042665719985961914e-01
4.521417617797851562e-01
8.042008876800537109e-01
4.752593636512756348e-01
8.452782630920410156e-01
3.607894480228424072e-01
8.692381381988525391e-01
5.339399576187133789e-01
7.007570862770080566e-01
6.457288265228271484e-01
5.949950814247131348e-01
7.550948858261108398e-01
6.977170705795288086e-01
5.438033342361450195e-01
7.601161599159240723e-01
7.769959568977355957e-01
6.357913017272949219e-01
7.054883241653442383e-01
7.517132759094238281e-01
5.570226907730102539e-01
7.411285638809204102e-01
6.515645980834960938e-01
6.899962425231933594e-01
6.109254360198974609e-01
7.151082754135131836e-01
6.968011260032653809e-01
6.257287263870239258e-01
7.488110661506652832e-01
6.471117138862609863e-01
7.666679620742797852e-01
6.736199855804443359e-01
7.217886447906494141e-01
6.504337787628173828e-01
8.078894615173339844e-01
7.059708833694458008e-01
5.883926153182983398e-01
7.273792028427124023e-01
6.250261068344116211e-01
6.840779185295104980e-01
7.446420788764953613e-01
6.186732053756713867e-01
7.641059160232543945e-01
5.354082584381103516e-01
6.511373519897460938e-01
6.923385858535766602e-01
6.639167666435241699e-01
6.937938928604125977e-01
4.336143732070922852e-01
9.199087619781494141e-01
3.826187252998352051e-01
9.013550281524658203e-01
2.389585375785827637e-01
7.404247522354125977e-01
6.576859354972839355e-01
3.812997937202453613e-01
7.420588731765747070e-01
5.953202247619628906e-01
6.048389673233032227e-01
7.264580130577087402e-01
5.042430162429809570e-01
6.999001502990722656e-01
6.395598649978637695e-01
6.577357053756713867e-01
7.479468584060668945e-01
7.378432154655456543e-01
4.909211397171020508e-01
8.497282266616821289e-01
5.520126223564147949e-01
6.914551258087158203e-01
6.457114815711975098e-01
7.064852714538574219e-01
5.061758756637573242e-01
8.926196098327636719e-01
4.511710703372955322e-01
6.977202892303466797e-01
7.420132756233215332e-01
6.708139181137084961e-01
5.807908177375793457e-01
7.771015167236328125e-01
6.863232851028442383e-01
6.697000265121459961e-01
6.750485897064208984e-01
6.891364455223083496e-01
5.897024869918823242e-01
7.476271390914916992e-01
7.072581648826599121e-01
6.729077100753784180e-01
7.904922962188720703e-01
6.400770545005798340e-01
7.047806978225708008e-01
5.713815689086914062e-01
8.529050350189208984e-01
4.246281087398529053e-01
8.659875392913818359e-01
5.029176473617553711e-01
7.024320363998413086e-01
7.414793968200683594e-01
6.341662406921386719e-01
7.010843753814697266e-01
6.740930080413818359e-01
5.806561708450317383e-01
8.298861384391784668e-01
4.220147728919982910e-01
8.266912698745727539e-01
5.653409957885742188e-01
7.181520462036132812e-01
6.708073616027832031e-01
7.625105381011962891e-01
7.546587586402893066e-01
6.404473185539245605e-01
7.377928495407104492e-01
7.553672790527343750e-01
5.223689079284667969e-01
7.839093208312988281e-01
5.333051681518554688e-01
6.795009374618530273e-01
6.237323284149169922e-01
6.293802261352539062e-01
7.625604867935180664e-01
5.496160984039306641e-01
7.630361914634704590e-01
6.519445180892944336e-01
7.908864021301269531e-01
4.723116457462310791e-01
7.074147462844848633e-01
7.591305971145629883e-01
5.696257352828979492e-01
7.704307436943054199e-01
6.869857311248779297e-01
5.842787623405456543e-01
6.596357226371765137e-01
7.482699751853942871e-01
6.156046986579895020e-01
6.900480985641479492e-01
7.205143570899963379e-01
5.302177071571350098e-01
8.197790384292602539e-01
6.186474561691284180e-01
7.151942849159240723e-01
8.468685746192932129e-01
6.127164363861083984e-01
7.273875474929809570e-01
7.013080716133117676e-01
7.564430236816406250e-01
7.159995436668395996e-01
7.377126216888427734e-01
6.519855260848999023e-01
6.263025999069213867e-01
6.184684038162231445e-01
6.716885566711425781e-01
5.733766555786132812e-01
7.972429394721984863e-01
6.586689949035644531e-01
6.695600152015686035e-01
7.926815748214721680e-01
7.859677076339721680e-01
6.338313817977905273e-01
7.454343438148498535e-01
7.822064161300659180e-01
5.757101178169250488e-01
7.794395685195922852e-01
5.829539299011230469e-01
7.581816315650939941e-01
4.543147385120391846e-01
8.549867272377014160e-01
3.606090843677520752e-01
6.706073284149169922e-01
5.703461170196533203e-01
7.481887936592102051e-01
7.223144173622131348e-01
6.513783931732177734e-01
7.442414760589599609e-01
5.901525020599365234e-01
7.567447423934936523e-01
7.291082739830017090e-01
5.867043733596801758e-01
8.022662401199340820e-01
5.776684880256652832e-01
6.906538009643554688e-01
6.277515888214111328e-01
7.144898176193237305e-01
6.769119501113891602e-01
6.117693185806274414e-01
7.411062121391296387e-01
6.608357429504394531e-01
6.460651755332946777e-01
8.018881678581237793e-01
4.837078750133514404e-01
8.732774853706359863e-01
5.711905956268310547e-01
8.018383979797363281e-01
6.552934646606445312e-01
7.722488641738891602e-01
6.131110787391662598e-01
8.339735269546508789e-01
5.676288008689880371e-01
8.347897529602050781e-01
3.305698037147521973e-01
9.161424040794372559e-01
2.960377037525177002e-01
8.854868412017822266e-01
5.116616487503051758e-01
7.538874149322509766e-01
7.291086912155151367e-01
7.673819065093994141e-01
3.429670333862304688e-01
7.351573705673217773e-01
5.455098152160644531e-01
7.644266486167907715e-01
5.928296446800231934e-01
7.021141052246093750e-01
8.011163473129272461e-01
6.330174803733825684e-01
6.759208440780639648e-01
7.950064539909362793e-01
6.446959376335144043e-01
7.718296647071838379e-01
5.408118963241577148e-01
7.518870830535888672e-01
4.601247608661651611e-01
7.037596702575683594e-01
7.094125747680664062e-01
6.484357118606567383e-01
7.626079320907592773e-01
6.915265917778015137e-01
7.570151090621948242e-01
6.609396338462829590e-01
6.158590912818908691e-01
8.197516202926635742e-01
5.030533671379089355e-01
7.153660058975219727e-01
6.266573667526245117e-01
7.012717127799987793e-01
6.692917346954345703e-01
5.324469804763793945e-01
8.691805601119995117e-01
4.336470365524291992e-01
7.827941775321960449e-01
6.681486964225769043e-01
7.263691425323486328e-01
6.540374755859375000e-01
7.357112169265747070e-01
7.256941795349121094e-01
5.944403409957885742e-01
7.547758817672729492e-01
6.982409954071044922e-01
7.218694090843200684e-01
7.167429327964782715e-01
7.794544100761413574e-01
6.299644708633422852e-01
8.284612894058227539e-01
6.117924451828002930e-01
7.447404861450195312e-01
6.431465148925781250e-01
7.553031444549560547e-01
6.345918774604797363e-01
6.827826499938964844e-01
5.502669215202331543e-01
7.844794392585754395e-01
5.806759595870971680e-01
7.239482402801513672e-01
7.296403646469116211e-01
4.671356678009033203e-01
8.586599826812744141e-01
6.322569847106933594e-01
7.314173579216003418e-01
7.365531921386718750e-01
6.361505985260009766e-01
6.378169655799865723e-01
6.878530979156494141e-01
5.482530593872070312e-01
6.374645829200744629e-01
6.734542846679687500e-01
6.744755506515502930e-01
6.418211460113525391e-01
5.296356678009033203e-01
9.228417873382568359e-01
5.055171251296997070e-01
8.018908500671386719e-01
2.744128704071044922e-01
7.831115126609802246e-01
5.352171659469604492e-01
6.378600597381591797e-01
6.292701959609985352e-01
6.429030299186706543e-01
6.403700113296508789e-01
5.598874688148498535e-01
7.703299522399902344e-01
6.036074161529541016e-01
7.745650410652160645e-01
6.231179237365722656e-01
7.412325143814086914e-01
6.288403272628784180e-01
6.848775148391723633e-01
7.278341054916381836e-01
5.737967491149902344e-01
7.498127222061157227e-01
5.129789710044860840e-01
6.364625692367553711e-01
5.840283632278442383e-01
7.984694242477416992e-01
5.919335484504699707e-01
7.486343383789062500e-01
6.768394708633422852e-01
6.568863987922668457e-01
6.511197090148925781e-01
7.799153327941894531e-01
6.784014105796813965e-01
6.111778020858764648e-01
7.725085020065307617e-01
6.565592288970947266e-01
6.902129650115966797e-01
8.254575729370117188e-01
5.288982391357421875e-01
8.271198868751525879e-01
5.827419757843017578e-01
7.669060826301574707e-01
5.882599949836730957e-01
5.950919985771179199e-01
7.513634562492370605e-01
6.361545920372009277e-01
7.650036215782165527e-01
6.795259118080139160e-01
6.770047545433044434e-01
5.696681737899780273e-01
8.198822736740112305e-01
6.768867969512939453e-01
6.958422660827636719e-01
6.277120709419250488e-01
8.412945270538330078e-01
6.741375327110290527e-01
7.285598516464233398e-01
6.348159313201904297e-01
8.172612190246582031e-01
4.448551237583160400e-01
9.046640396118164062e-01
4.919070005416870117e-01
7.688874006271362305e-01
6.431572437286376953e-01
7.148924469947814941e-01
5.809565186500549316e-01
7.876965999603271484e-01
4.771337509155273438e-01
7.882614135742187500e-01
6.378132104873657227e-01
7.418674826622009277e-01
6.600220799446105957e-01
7.164404392242431641e-01
6.934335827827453613e-01
6.125536561012268066e-01
8.135910630226135254e-01
4.378902912139892578e-01
8.431766629219055176e-01
3.721796870231628418e-01
7.520677447319030762e-01
7.663733959197998047e-01
6.769653558731079102e-01
5.930919051170349121e-01
6.778909564018249512e-01
6.242520809173583984e-01
7.453840374946594238e-01
6.747771501541137695e-01
6.967663764953613281e-01
7.247052788734436035e-01
6.768856048583984375e-01
6.291413903236389160e-01
7.671977281570434570e-01
6.273297667503356934e-01
6.821535825729370117e-01
7.602071762084960938e-01
6.405024528503417969e-01
8.012011647224426270e-01
7.265518307685852051e-01
6.248306035995483398e-01
6.964254379272460938e-01
7.736556529998779297e-01
5.916429758071899414e-01
7.344452142715454102e-01
7.081106305122375488e-01
6.356214880943298340e-01
7.594923973083496094e-01
6.298781037330627441e-01
7.039116621017456055e-01
6.154615879058837891e-01
7.232849597930908203e-01
6.887735128402709961e-01
6.675843000411987305e-01
7.146482467651367188e-01
6.669218540191650391e-01
6.833925843238830566e-01
7.025651931762695312e-01
7.728744745254516602e-01
5.638744831085205078e-01
7.482550144195556641e-01
6.740089654922485352e-01
6.483119726181030273e-01
7.651455402374267578e-01
7.294607162475585938e-01
6.678059697151184082e-01
6.733659505844116211e-01
7.256320714950561523e-01
6.853611469268798828e-01
7.546564340591430664e-01
4.228573441505432129e-01
8.860136270523071289e-01
3.911318778991699219e-01
8.502632379531860352e-01
7.009432315826416016e-01
5.982367992401123047e-01
7.694056630134582520e-01
5.831470489501953125e-01
7.149550914764404297e-01
7.635203599929809570e-01
5.904217362403869629e-01
6.599751710891723633e-01
4.559621810913085938e-01
7.630770206451416016e-01
5.721317529678344727e-01
8.042110800743103027e-01
6.314245462417602539e-01
7.738708257675170898e-01
7.644163370132446289e-01
7.266701459884643555e-01
4.383655786514282227e-01
7.215170860290527344e-01
6.142758131027221680e-01
3.856057524681091309e-01
8.816404938697814941e-01
7.514611482620239258e-01
6.183654069900512695e-01
8.420425057411193848e-01
6.548210382461547852e-01
6.217489838600158691e-01
8.514191508293151855e-01
4.739058017730712891e-01
8.049067854881286621e-01
5.888932943344116211e-01
7.999438643455505371e-01
6.108208298683166504e-01
7.415220737457275391e-01
7.130692005157470703e-01
6.466037034988403320e-01
7.999860048294067383e-01
4.392976164817810059e-01
8.124268651008605957e-01
5.837514400482177734e-01
7.505096197128295898e-01
6.597304344177246094e-01
6.812739372253417969e-01
6.176266670227050781e-01
8.166154623031616211e-01
6.358851194381713867e-01
7.106600999832153320e-01
7.171149253845214844e-01
7.599586248397827148e-01
6.623157262802124023e-01
7.372922897338867188e-01
6.996998786926269531e-01
5.947973728179931641e-01
7.129018902778625488e-01
7.455161809921264648e-01
6.556183695793151855e-01
7.373588085174560547e-01
6.710163354873657227e-01
6.586613655090332031e-01
6.599692106246948242e-01
7.531725764274597168e-01
7.149088382720947266e-01
7.209499478340148926e-01
7.167756557464599609e-01
7.072480916976928711e-01
6.835027933120727539e-01
6.476396918296813965e-01
7.599750757217407227e-01
6.849203109741210938e-01
6.546497344970703125e-01
7.305257916450500488e-01
6.873335838317871094e-01
7.511062622070312500e-01
7.904633283615112305e-01
6.923371553421020508e-01
7.349615097045898438e-01
6.331813335418701172e-01
6.275140643119812012e-01
6.845216155052185059e-01
4.579153060913085938e-01
8.546422123908996582e-01
4.659432470798492432e-01
8.182216286659240723e-01
6.017284393310546875e-01
7.892605066299438477e-01
7.185798883438110352e-01
6.299902796745300293e-01
7.494908571243286133e-01
7.017550468444824219e-01
7.017772197723388672e-01
6.976739764213562012e-01
6.980117559432983398e-01
6.615021228790283203e-01
7.552174329757690430e-01
5.649925470352172852e-01
7.675683498382568359e-01
4.328374862670898438e-01
7.680745124816894531e-01
6.120482683181762695e-01
7.482653856277465820e-01
6.044592857360839844e-01
8.414537906646728516e-01
5.782243013381958008e-01
7.823145985603332520e-01
7.260524630546569824e-01
7.269140481948852539e-01
6.536759138107299805e-01
6.603716611862182617e-01
5.930698513984680176e-01
7.276806831359863281e-01
5.736483335494995117e-01
7.941894531250000000e-01
7.381529808044433594e-01
7.467061281204223633e-01
6.367895603179931641e-01
7.132163047790527344e-01
5.188298225402832031e-01
7.475697994232177734e-01
5.105817317962646484e-01
8.241848349571228027e-01
2.279657721519470215e-01
9.269015789031982422e-01
4.277963638305664062e-01
7.667791843414306641e-01
7.554872035980224609e-01
4.568066000938415527e-01
8.383339643478393555e-01
6.450085043907165527e-01
6.968773603439331055e-01
6.777371764183044434e-01
7.250043153762817383e-01
6.730728745460510254e-01
6.778111457824707031e-01
5.441519618034362793e-01
