4.808596372604370117e-01
7.803525924682617188e-01
8.182528614997863770e-01
7.921729683876037598e-01
6.735066175460815430e-01
5.837346911430358887e-01
6.437737941741943359e-01
6.069205403327941895e-01
6.207259297370910645e-01
5.394309759140014648e-01
5.562014579772949219e-01
5.050050616264343262e-01
5.214953422546386719e-01
4.735351204872131348e-01
4.039289951324462891e-01
3.734238147735595703e-01
4.325263500213623047e-01
4.287320971488952637e-01
4.049946367740631104e-01
4.347872436046600342e-01
3.904959559440612793e-01
3.043443560600280762e-01
3.468808233737945557e-01
3.658824861049652100e-01
2.448121607303619385e-01
3.947425782680511475e-01
3.853990733623504639e-01
3.293144702911376953e-01
2.868882417678833008e-01
2.358054518699645996e-01
2.832773923873901367e-01
2.503168582916259766e-01
2.882376313209533691e-01
2.310596108436584473e-01
2.762960493564605713e-01
1.890506148338317871e-01
2.207532078027725220e-01
2.481507807970046997e-01
1.845340728759765625e-01
2.617554366588592529e-01
1.641838997602462769e-01
1.848291754722595215e-01
2.411479055881500244e-01
1.431361883878707886e-01
1.956923902034759521e-01
2.362913191318511963e-01
9.789487719535827637e-02
1.533026546239852905e-01
1.776771545410156250e-01
1.607780754566192627e-01
1.300229281187057495e-01
1.929432898759841919e-01
1.347335129976272583e-01
1.435529738664627075e-01
1.459071487188339233e-01
1.502973735332489014e-01
1.331482827663421631e-01
2.510675191879272461e-01
8.812174946069717407e-02
2.197460085153579712e-01
1.192210614681243896e-01
1.659020483493804932e-01
1.237631812691688538e-01
1.571191549301147461e-01
1.308326274156570435e-01
1.775919497013092041e-01
1.055435538291931152e-01
1.369189321994781494e-01
1.333365589380264282e-01
1.119204983115196228e-01
1.371116340160369873e-01
1.534980088472366333e-01
1.129286289215087891e-01
1.375917792320251465e-01
2.025912255048751831e-01
1.010857671499252319e-01
1.446270495653152466e-01
1.792026460170745850e-01
6.992760300636291504e-02
1.528297513723373413e-01
1.909940540790557861e-01
6.247853860259056091e-02
3.862981498241424561e-01
2.947722375392913818e-02
3.875465691089630127e-01
1.175011768937110901e-01
2.886018753051757812e-01
1.276857554912567139e-01
6.269976496696472168e-01
6.253339815884828568e-03
4.386786222457885742e-01
3.482467234134674072e-01
1.312768012285232544e-01
3.129854798316955566e-01
2.673488557338714600e-01
1.970452666282653809e-01
2.415467798709869385e-01
2.117091417312622070e-01
2.550105452537536621e-01
2.627334296703338623e-01
2.232345938682556152e-01
3.388242423534393311e-01
1.526751667261123657e-01
5.517679452896118164e-01
4.630008339881896973e-02
2.577307224273681641e-01
3.808105587959289551e-01
1.226077973842620850e-01
3.073817491531372070e-01
2.566558420658111572e-01
2.158612757921218872e-01
3.517661094665527344e-01
1.153357997536659241e-01
6.439583301544189453e-01
4.157432913780212402e-02
3.231826424598693848e-01
5.136465430259704590e-01
2.028580456972122192e-01
3.430271148681640625e-01
2.690224647521972656e-01
2.772558927536010742e-01
2.342993766069412231e-01
4.527783989906311035e-01
1.967076510190963745e-01
4.045692384243011475e-01
1.686194539070129395e-01
4.064869284629821777e-01
9.290472418069839478e-02
4.888533651828765869e-01
1.241951882839202881e-01
3.600858449935913086e-01
3.624835610389709473e-01
2.570495009422302246e-01
4.393771290779113770e-01
1.793754398822784424e-01
6.022586822509765625e-01
7.940000295639038086e-02
3.529986739158630371e-01
4.332293868064880371e-01
1.840716004371643066e-01
2.474680393934249878e-01
3.371260762214660645e-01
2.528674304485321045e-01
3.854244947433471680e-01
1.771831661462783813e-01
5.872075557708740234e-01
6.929129362106323242e-02
2.122813165187835693e-01
5.166796445846557617e-01
1.426977813243865967e-01
1.950619518756866455e-01
3.337549269199371338e-01
2.321604788303375244e-01
2.840020656585693359e-01
2.498262673616409302e-01
2.714200615882873535e-01
1.856566965579986572e-01
2.898977994918823242e-01
2.274247556924819946e-01
3.844553828239440918e-01
1.452516019344329834e-01
4.358370006084442139e-01
4.651910066604614258e-01
3.864560276269912720e-02
3.451666831970214844e-01
3.535988926887512207e-01
2.303528785705566406e-01
1.725725084543228149e-01
2.389785945415496826e-01
2.068281769752502441e-01
2.673357725143432617e-01
2.459328472614288330e-01
2.200574725866317749e-01
1.791143417358398438e-01
2.569549083709716797e-01
2.463731616735458374e-01
1.995082944631576538e-01
2.630313336849212646e-01
2.438735216856002808e-01
1.877096593379974365e-01
2.399280816316604614e-01
1.309509575366973877e-01
1.470258831977844238e-01
2.154307067394256592e-01
1.137423813343048096e-01
1.182647943496704102e-01
1.978865414857864380e-01
1.556077003479003906e-01
1.517089754343032837e-01
2.554510831832885742e-01
1.999155580997467041e-01
1.772748678922653198e-01
2.635596096515655518e-01
1.610069721937179565e-01
1.880856603384017944e-01
1.681420505046844482e-01
1.860545575618743896e-01
1.783874034881591797e-01
1.615845859050750732e-01
1.710422337055206299e-01
1.915921568870544434e-01
2.250379025936126709e-01
2.714589238166809082e-01
1.827218532562255859e-01
1.810038983821868896e-01
2.436549067497253418e-01
1.009089052677154541e-01
1.742105185985565186e-01
1.240901798009872437e-01
1.005181819200515747e-01
1.800011098384857178e-01
9.038504958152770996e-02
1.509067118167877197e-01
2.939255833625793457e-01
7.763307541608810425e-02
2.335689216852188110e-01
3.092790246009826660e-01
6.681135296821594238e-02
2.456013262271881104e-01
1.655417531728744507e-01
8.733361959457397461e-02
1.733781397342681885e-01
1.686760485172271729e-01
7.914271950721740723e-02
2.468408644199371338e-01
1.012046262621879578e-01
4.172432422637939453e-01
4.988172650337219238e-02
1.689932942390441895e-01
2.757034301757812500e-01
1.525806784629821777e-01
1.814834624528884888e-01
1.113042533397674561e-01
1.615387201309204102e-01
2.910587191581726074e-01
4.484349489212036133e-02
3.040117621421813965e-01
9.994916617870330811e-02
2.811930477619171143e-01
1.069322079420089722e-01
3.505772352218627930e-01
2.857799082994461060e-02
5.292269587516784668e-02
1.694355010986328125e-01
9.431780874729156494e-02
5.358965322375297546e-02
8.056011795997619629e-02
1.631498634815216064e-01
9.801777452230453491e-02
1.726133078336715698e-01
1.167970225214958191e-01
4.996335506439208984e-01
1.319363154470920563e-02
2.064945846796035767e-01
2.563914656639099121e-01
8.774231374263763428e-02
1.349077820777893066e-01
1.123778671026229858e-01
1.042291224002838135e-01
8.020079135894775391e-02
1.207552179694175720e-01
6.337688863277435303e-02
1.294055432081222534e-01
1.369059979915618896e-01
1.415993869304656982e-01
1.252687275409698486e-01
1.008674949407577515e-01
1.013374179601669312e-01
1.067114472389221191e-01
1.061001271009445190e-01
9.760848432779312134e-02
7.389004528522491455e-02
9.868980944156646729e-02
1.494984030723571777e-01
8.269878476858139038e-02
9.685400873422622681e-02
1.852304637432098389e-01
1.657794564962387085e-01
8.229116350412368774e-02
1.323019117116928101e-01
1.343590617179870605e-01
1.205630600452423096e-01
1.204551607370376587e-01
2.608073055744171143e-01
4.046776890754699707e-02
1.294955164194107056e-01
2.359681874513626099e-01
6.305043399333953857e-02
1.281581819057464600e-01
2.026705592870712280e-01
8.278718590736389160e-02
1.932426393032073975e-01
2.237148284912109375e-01
1.912028491497039795e-01
1.250335574150085449e-01
4.290970563888549805e-01
1.139288246631622314e-01
2.096119523048400879e-01
2.382825314998626709e-01
1.836660355329513550e-01
3.419597744941711426e-01
8.362183719873428345e-02
5.916075110435485840e-01
6.841704249382019043e-02
1.798370778560638428e-01
3.829084336757659912e-01
9.438692033290863037e-02
3.760457932949066162e-01
1.490147560834884644e-01
3.718545436859130859e-01
1.995849311351776123e-01
2.769478261470794678e-01
2.058364748954772949e-01
3.206287622451782227e-01
1.680296808481216431e-01
6.478618979454040527e-01
5.985096096992492676e-02
8.408586382865905762e-01
1.669672131538391113e-01
3.692084252834320068e-01
4.593752622604370117e-01
3.631197810173034668e-01
4.353728592395782471e-01
2.868431210517883301e-01
2.953390777111053467e-01
3.733227252960205078e-01
2.214455604553222656e-01
3.741062879562377930e-01
1.805477142333984375e-01
5.931622982025146484e-01
6.814248859882354736e-02
4.377804398536682129e-01
2.286453247070312500e-01
2.115937471389770508e-01
3.303180634975433350e-01
2.053470611572265625e-01
3.029111623764038086e-01
2.699579596519470215e-01
2.245387434959411621e-01
4.051904678344726562e-01
2.329203635454177856e-01
2.246520221233367920e-01
1.529263854026794434e-01
4.866361618041992188e-01
4.499160647392272949e-01
1.099245399236679077e-01
6.321779489517211914e-01
3.609109222888946533e-01
3.447992205619812012e-01
5.786005258560180664e-01
5.032670497894287109e-01
4.696872830390930176e-01
4.856062531471252441e-01
3.580696582794189453e-01
4.095818698406219482e-01
3.763313889503479004e-01
3.422182202339172363e-01
3.183772563934326172e-01
3.513165712356567383e-01
4.125763177871704102e-01
3.572808206081390381e-01
3.759192824363708496e-01
2.852982282638549805e-01
4.854371249675750732e-01
4.921037703752517700e-02
4.792547225952148438e-01
1.521876156330108643e-01
4.207860231399536133e-01
2.103830575942993164e-01
3.335639834403991699e-01
1.853438615798950195e-01
4.756928682327270508e-01
4.404596984386444092e-02
2.793758809566497803e-01
3.097983598709106445e-01
4.707260802388191223e-02
2.273333966732025146e-01
3.939537107944488525e-01
1.810441017150878906e-01
2.126626372337341309e-01
3.253139853477478027e-01
3.495416343212127686e-01
1.639952659606933594e-01
3.279449343681335449e-01
2.844022512435913086e-01
1.366798430681228638e-01
3.790461122989654541e-01
3.002396225929260254e-01
2.543325424194335938e-01
4.427235722541809082e-01
3.663295507431030273e-01
2.574061751365661621e-01
4.686042070388793945e-01
3.600722849369049072e-01
2.791412472724914551e-01
6.387419700622558594e-01
2.410589307546615601e-01
5.504205822944641113e-01
1.721233725547790527e-01
4.867894351482391357e-01
4.139724969863891602e-01
3.011704683303833008e-01
4.167213439941406250e-01
2.551729977130889893e-01
3.977107405662536621e-01
2.215147018432617188e-01
3.181722164154052734e-01
2.971063852310180664e-01
2.055150568485260010e-01
2.305040210485458374e-01
4.041247367858886719e-01
1.002836674451828003e-01
5.399488210678100586e-01
2.616956233978271484e-01
8.011695742607116699e-01
4.839899484068155289e-03
3.677936196327209473e-01
6.515403985977172852e-01
2.993757426738739014e-01
5.812171697616577148e-01
1.823913156986236572e-01
7.460734844207763672e-01
2.567526698112487793e-01
1.993884444236755371e-01
4.048719406127929688e-01
3.519756197929382324e-01
3.662010431289672852e-01
3.786221742630004883e-01
3.965364098548889160e-01
4.361873865127563477e-01
2.875825166702270508e-01
4.199404120445251465e-01
1.610189080238342285e-01
3.339981138706207275e-01
2.756921350955963135e-01
2.423639297485351562e-01
4.034668803215026855e-01
2.309972643852233887e-01
3.178919553756713867e-01
4.282716512680053711e-01
2.259792536497116089e-01
4.317590296268463135e-01
2.155390381813049316e-01
2.843858599662780762e-01
3.991764783859252930e-01
1.420369744300842285e-01
4.350431561470031738e-01
2.882613837718963623e-01
3.412038683891296387e-01
2.700389623641967773e-01
6.126775145530700684e-01
9.693437814712524414e-02
6.961024999618530273e-01
2.086144238710403442e-01
2.771879434585571289e-01
5.049093961715698242e-01
2.367389947175979614e-01
3.753370046615600586e-01
4.090661406517028809e-01
2.418306171894073486e-01
4.298283159732818604e-01
2.600557506084442139e-01
2.603054046630859375e-01
4.277696609497070312e-01
1.669642031192779541e-01
5.032168030738830566e-01
1.415519714355468750e-01
4.776600897312164307e-01
3.152620792388916016e-01
3.879446387290954590e-01
2.183135449886322021e-01
5.042667984962463379e-01
1.585755348205566406e-01
3.478921651840209961e-01
3.271110951900482178e-01
2.500720620155334473e-01
3.851940035820007324e-01
2.595071196556091309e-01
3.711706995964050293e-01
2.771605551242828369e-01
4.509068131446838379e-01
2.139284312725067139e-01
5.328086614608764648e-01
1.764456927776336670e-01
4.008078873157501221e-01
2.628638148307800293e-01
3.063790500164031982e-01
2.801029384136199951e-01
3.055835366249084473e-01
2.690679430961608887e-01
4.008659720420837402e-01
3.196660280227661133e-01
4.088197648525238037e-01
4.086226820945739746e-01
2.418448925018310547e-01
4.962723255157470703e-01
2.267831563949584961e-01
3.500378429889678955e-01
3.435424566268920898e-01
3.311499953269958496e-01
3.225593566894531250e-01
5.593330860137939453e-01
1.811596751213073730e-01
4.830952286720275879e-01
2.547346055507659912e-01
3.195460438728332520e-01
3.647756576538085938e-01
2.460399419069290161e-01
3.980449438095092773e-01
2.526314556598663330e-01
3.274003267288208008e-01
2.885470390319824219e-01
3.642914295196533203e-01
2.816203236579895020e-01
4.760328531265258789e-01
1.957168728113174438e-01
5.450634956359863281e-01
2.748160660266876221e-01
3.607324063777923584e-01
4.061778783798217773e-01
3.152783513069152832e-01
5.430412888526916504e-01
1.889563500881195068e-01
4.975880384445190430e-01
3.264389038085937500e-01
2.537066936492919922e-01
3.794233202934265137e-01
2.912143766880035400e-01
4.136066436767578125e-01
3.362921774387359619e-01
4.336634874343872070e-01
3.558581173419952393e-01
3.033874630928039551e-01
3.606415390968322754e-01
4.788559675216674805e-01
1.829660236835479736e-01
6.958752870559692383e-01
1.173516511917114258e-01
5.450809597969055176e-01
3.601446747779846191e-01
3.422222733497619629e-01
4.169613718986511230e-01
4.107625186443328857e-01
4.206808805465698242e-01
3.808416724205017090e-01
2.887057065963745117e-01
4.335051178932189941e-01
3.578772544860839844e-01
3.945459723472595215e-01
4.632526636123657227e-01
2.824826240539550781e-01
4.586398899555206299e-01
2.669538855552673340e-01
4.062632620334625244e-01
3.226854801177978516e-01
3.513376712799072266e-01
3.505176305770874023e-01
3.195661902427673340e-01
2.801764011383056641e-01
4.383977651596069336e-01
2.789678573608398438e-01
2.001707553863525391e-01
3.719255030155181885e-01
2.215818315744400024e-01
3.034082949161529541e-01
4.767504632472991943e-01
1.842747032642364502e-01
5.281072258949279785e-01
2.399335801601409912e-01
3.472473025321960449e-01
3.788749575614929199e-01
3.279157280921936035e-01
4.137483537197113037e-01
3.035229444503784180e-01
3.208376765251159668e-01
4.390821456909179688e-01
2.485645711421966553e-01
5.311410427093505859e-01
2.608980834484100342e-01
4.230051040649414062e-01
3.480636477470397949e-01
3.512305617332458496e-01
4.239279031753540039e-01
2.907701134681701660e-01
3.589521646499633789e-01
3.362140953540802002e-01
2.789076566696166992e-01
3.315172791481018066e-01
3.490468859672546387e-01
3.781608641147613525e-01
4.463888406753540039e-01
3.438833951950073242e-01
3.863817453384399414e-01
3.071139752864837646e-01
4.920318126678466797e-01
2.040579319000244141e-01
5.291482806205749512e-01
3.105018138885498047e-01
3.715690672397613525e-01
4.133195281028747559e-01
2.744402885437011719e-01
3.881316184997558594e-01
3.166081309318542480e-01
3.028137683868408203e-01
4.295523762702941895e-01
2.758896350860595703e-01
5.569876432418823242e-01
2.292060703039169312e-01
4.520395696163177490e-01
3.143611252307891846e-01
4.072451591491699219e-01
2.142115533351898193e-01
3.745464682579040527e-01
4.169766008853912354e-01
2.594506740570068359e-01
4.609474539756774902e-01
2.546747326850891113e-01
3.424608707427978516e-01
3.304652571678161621e-01
1.918065845966339111e-01
4.364727735519409180e-01
2.087296843528747559e-01
5.193715691566467285e-01
2.591171264648437500e-01
5.040276646614074707e-01
2.527064681053161621e-01
4.075789451599121094e-01
3.458347022533416748e-01
3.260958790779113770e-01
4.049035310745239258e-01
2.746577858924865723e-01
3.248904347419738770e-01
3.021433353424072266e-01
3.269352018833160400e-01
3.437045216560363770e-01
3.994540870189666748e-01
3.451901674270629883e-01
3.355811834335327148e-01
3.926793932914733887e-01
2.207542657852172852e-01
5.256606340408325195e-01
1.412083804607391357e-01
5.857566595077514648e-01
1.619462072849273682e-01
5.138791799545288086e-01
2.862856388092041016e-01
2.687952220439910889e-01
3.693910241127014160e-01
4.061379432678222656e-01
1.953032910823822021e-01
4.497894346714019775e-01
2.385586053133010864e-01
2.845106124877929688e-01
3.051717281341552734e-01
3.481978774070739746e-01
2.939299046993255615e-01
3.246161639690399170e-01
3.489285111427307129e-01
3.046362400054931641e-01
3.603104054927825928e-01
2.916339039802551270e-01
5.266734361648559570e-01
1.886409819126129150e-01
5.002503395080566406e-01
1.892671585083007812e-01
4.029450416564941406e-01
3.747015595436096191e-01
2.621873021125793457e-01
3.932983875274658203e-01
2.522026598453521729e-01
3.002629876136779785e-01
3.024201095104217529e-01
3.347125649452209473e-01
3.224488198757171631e-01
2.776505649089813232e-01
3.308147788047790527e-01
2.232806384563446045e-01
4.462495744228363037e-01
1.784570515155792236e-01
4.449681639671325684e-01
2.788112461566925049e-01
5.100494027137756348e-01
2.065426707267761230e-01
6.196860074996948242e-01
1.123926043510437012e-01
5.598890781402587891e-01
1.524268090724945068e-01
4.956511557102203369e-01
2.698665261268615723e-01
4.193463921546936035e-01
2.443670332431793213e-01
3.756389617919921875e-01
3.511792421340942383e-01
2.964657545089721680e-01
4.553601443767547607e-01
2.216646075248718262e-01
5.476245880126953125e-01
2.001978754997253418e-01
3.172060549259185791e-01
3.364688158035278320e-01
3.083968758583068848e-01
2.070506364107131958e-01
4.006555080413818359e-01
4.325156509876251221e-01
1.830290555953979492e-01
5.138857960700988770e-01
1.185093894600868225e-01
3.920220136642456055e-01
4.057332277297973633e-01
3.371575474739074707e-01
3.877207040786743164e-01
5.239260196685791016e-01
2.206052243709564209e-01
5.631566047668457031e-01
1.886581033468246460e-01
4.217099547386169434e-01
2.604367434978485107e-01
2.473810613155364990e-01
3.241871893405914307e-01
1.951535344123840332e-01
3.446220457553863525e-01
2.582924365997314453e-01
3.330057859420776367e-01
4.632744789123535156e-01
3.272235691547393799e-01
3.575227856636047363e-01
4.001286625862121582e-01
2.952897548675537109e-01
4.111049473285675049e-01
2.592170238494873047e-01
5.169252157211303711e-01
1.158972159028053284e-01
4.999146759510040283e-01
2.425725013017654419e-01
4.757692217826843262e-01
2.500919699668884277e-01
5.161020755767822266e-01
2.122310996055603027e-01
4.395766854286193848e-01
3.299994468688964844e-01
4.318901896476745605e-01
2.871130704879760742e-01
5.196753740310668945e-01
1.405462175607681274e-01
4.640123546123504639e-01
2.906017601490020752e-01
2.665504217147827148e-01
4.282612800598144531e-01
2.440454065799713135e-01
5.103247761726379395e-01
1.655560731887817383e-01
6.346029639244079590e-01
1.787919402122497559e-01
3.993469476699829102e-01
3.417119383811950684e-01
4.364443123340606689e-01
3.142749369144439697e-01
4.303981065750122070e-01
3.456004858016967773e-01
3.127744197845458984e-01
3.693655133247375488e-01
2.757161259651184082e-01
3.468489646911621094e-01
3.984985351562500000e-01
2.334596216678619385e-01
5.848123431205749512e-01
1.554880440235137939e-01
4.632905721664428711e-01
2.445372790098190308e-01
3.380945324897766113e-01
4.353547394275665283e-01
2.695350646972656250e-01
4.084048271179199219e-01
3.440643548965454102e-01
2.877878546714782715e-01
4.032218158245086670e-01
3.112491965293884277e-01
3.262721300125122070e-01
3.836527168750762939e-01
3.205051422119140625e-01
4.711628556251525879e-01
1.762530505657196045e-01
3.578513860702514648e-01
4.061177968978881836e-01
2.129278481006622314e-01
4.413217306137084961e-01
2.209846079349517822e-01
4.269831180572509766e-01
3.860149979591369629e-01
3.813238143920898438e-01
4.713883399963378906e-01
3.309362530708312988e-01
3.789125084877014160e-01
2.636075615882873535e-01
4.078601598739624023e-01
2.906405329704284668e-01
3.196994066238403320e-01
4.120555520057678223e-01
2.490999102592468262e-01
4.716410934925079346e-01
1.869422793388366699e-01
3.679335117340087891e-01
2.358060479164123535e-01
3.976733684539794922e-01
3.225076794624328613e-01
4.548848271369934082e-01
2.575816512107849121e-01
6.367439031600952148e-01
1.639488041400909424e-01
4.244383275508880615e-01
2.454317510128021240e-01
2.321681678295135498e-01
4.241488873958587646e-01
2.193594276905059814e-01
5.123029351234436035e-01
2.046027034521102905e-01
4.149201512336730957e-01
3.993130326271057129e-01
3.062826097011566162e-01
4.562329649925231934e-01
3.323425650596618652e-01
3.384669125080108643e-01
4.349312186241149902e-01
2.520338892936706543e-01
2.499970346689224243e-01
4.885410666465759277e-01
2.054396718740463257e-01
4.344260990619659424e-01
2.245551943778991699e-01
4.507392644882202148e-01
2.485638856887817383e-01
4.598440527915954590e-01
2.374267429113388062e-01
4.599983692169189453e-01
2.642768323421478271e-01
3.791063129901885986e-01
3.949000239372253418e-01
3.016325831413269043e-01
4.893012642860412598e-01
1.311794519424438477e-01
4.727651178836822510e-01
2.012791931629180908e-01
2.911064028739929199e-01
4.286291599273681641e-01
2.632458508014678955e-01
5.553371310234069824e-01
2.248773425817489624e-01
7.090584635734558105e-01
1.146463155746459961e-01
4.543805718421936035e-01
4.377807974815368652e-01
2.461444586515426636e-01
5.952055454254150391e-01
2.551076412200927734e-01
2.761661410331726074e-01
3.618463277816772461e-01
3.112400770187377930e-01
4.927732646465301514e-01
2.092777788639068604e-01
4.551180601119995117e-01
2.816530466079711914e-01
4.377044439315795898e-01
2.342904508113861084e-01
4.953811168670654297e-01
2.476011812686920166e-01
3.934062719345092773e-01
2.775411009788513184e-01
3.482413291931152344e-01
2.569675445556640625e-01
3.626347780227661133e-01
3.335559368133544922e-01
3.030031919479370117e-01
4.834417104721069336e-01
3.245905041694641113e-01
2.960560619831085205e-01
4.643536806106567383e-01
1.944312453269958496e-01
3.215670287609100342e-01
2.858227193355560303e-01
2.471780031919479370e-01
3.869342803955078125e-01
3.261122703552246094e-01
3.295862972736358643e-01
3.898588120937347412e-01
2.679914534091949463e-01
4.492014646530151367e-01
1.791555881500244141e-01
5.654157996177673340e-01
1.424853503704071045e-01
5.778636932373046875e-01
2.109197080135345459e-01
4.615778326988220215e-01
2.918220162391662598e-01
3.736020028591156006e-01
2.468947470188140869e-01
4.207280278205871582e-01
1.726059019565582275e-01
6.174713969230651855e-01
1.560040414333343506e-01
4.946385622024536133e-01
2.752571702003479004e-01
2.801628112792968750e-01
3.431752324104309082e-01
3.407171368598937988e-01
3.567151427268981934e-01
1.557226181030273438e-01
3.972534239292144775e-01
2.342872321605682373e-01
3.345253765583038330e-01
3.079869151115417480e-01
3.098045587539672852e-01
3.259577751159667969e-01
2.931460440158843994e-01
4.942633509635925293e-01
3.419933915138244629e-01
4.555158019065856934e-01
3.419517874717712402e-01
3.877615928649902344e-01
2.699192762374877930e-01
4.556834101676940918e-01
1.936563849449157715e-01
3.174168765544891357e-01
4.161198437213897705e-01
2.244326919317245483e-01
3.874557018280029297e-01
3.591138720512390137e-01
2.529649138450622559e-01
3.895888924598693848e-01
3.362895250320434570e-01
2.359965592622756958e-01
3.888695836067199707e-01
2.188072502613067627e-01
3.496687412261962891e-01
2.632399499416351318e-01
3.707131147384643555e-01
2.540733516216278076e-01
4.777364730834960938e-01
1.799700856208801270e-01
5.548381805419921875e-01
2.342657446861267090e-01
4.232375323772430420e-01
3.153761625289916992e-01
4.898872971534729004e-01
1.964083462953567505e-01
5.788855552673339844e-01
1.174940913915634155e-01
4.291545748710632324e-01
2.900685667991638184e-01
2.913506925106048584e-01
3.596705198287963867e-01
3.970339298248291016e-01
1.949361562728881836e-01
4.857329428195953369e-01
1.553571373224258423e-01
4.852573275566101074e-01
2.466321289539337158e-01
3.077903389930725098e-01
3.960539400577545166e-01
2.932733893394470215e-01
3.908468782901763916e-01
4.376583993434906006e-01
3.090716600418090820e-01
4.237049818038940430e-01
3.232355117797851562e-01
3.489190042018890381e-01
3.649041652679443359e-01
3.755330145359039307e-01
3.496974110603332520e-01
3.126174211502075195e-01
3.884789347648620605e-01
2.658105492591857910e-01
4.897192716598510742e-01
2.383021414279937744e-01
4.569491744041442871e-01
3.649778962135314941e-01
2.659182846546173096e-01
5.128691196441650391e-01
2.573517560958862305e-01
4.439541697502136230e-01
3.751470446586608887e-01
3.515606820583343506e-01
2.786681652069091797e-01
3.361957669258117676e-01
3.416945338249206543e-01
3.230912387371063232e-01
2.896402776241302490e-01
3.895248770713806152e-01
1.181915178894996643e-01
6.064378023147583008e-01
1.032756641507148743e-01
5.964946746826171875e-01
2.097442299127578735e-01
2.852569222450256348e-01
5.058169960975646973e-01
1.183591708540916443e-01
5.197350382804870605e-01
1.793062388896942139e-01
4.500615596771240234e-01
2.926853895187377930e-01
3.709569573402404785e-01
3.678846061229705811e-01
4.098105132579803467e-01
2.102510780096054077e-01
5.213660001754760742e-01
1.557924598455429077e-01
3.406870961189270020e-01
3.077864348888397217e-01
2.186475396156311035e-01
3.766231238842010498e-01
2.805107831954956055e-01
3.030556142330169678e-01
4.536760747432708740e-01
1.723589599132537842e-01
4.429540634155273438e-01
2.522018551826477051e-01
2.458635419607162476e-01
4.049051105976104736e-01
2.806917130947113037e-01
4.244332313537597656e-01
3.068142533302307129e-01
3.448956608772277832e-01
3.329851627349853516e-01
3.235911130905151367e-01
3.180153071880340576e-01
3.041716814041137695e-01
2.400964945554733276e-01
3.236090540885925293e-01
3.830657303333282471e-01
2.752218246459960938e-01
3.164034783840179443e-01
2.826781868934631348e-01
2.761690616607666016e-01
4.162052869796752930e-01
3.173350095748901367e-01
5.001826286315917969e-01
1.990667134523391724e-01
6.318500041961669922e-01
1.914781928062438965e-01
3.110269904136657715e-01
3.634853363037109375e-01
2.398451566696166992e-01
5.161387920379638672e-01
1.245996579527854919e-01
6.118348836898803711e-01
1.025616899132728577e-01
3.537449836730957031e-01
2.688643336296081543e-01
2.885007262229919434e-01
2.361402511596679688e-01
3.125059008598327637e-01
2.964780926704406738e-01
2.841997742652893066e-01
3.478663563728332520e-01
3.425554931163787842e-01
3.697153627872467041e-01
2.762809991836547852e-01
5.873701572418212891e-01
1.422711014747619629e-01
4.106927216053009033e-01
2.828182280063629150e-01
2.458503991365432739e-01
3.689789175987243652e-01
3.507872223854064941e-01
2.609500288963317871e-01
4.029596447944641113e-01
1.814564466476440430e-01
5.190495252609252930e-01
2.041053771972656250e-01
4.815236330032348633e-01
2.103665173053741455e-01
3.872907161712646484e-01
2.533148229122161865e-01
3.188213407993316650e-01
4.180278182029724121e-01
4.373229444026947021e-01
3.212314844131469727e-01
3.355446159839630127e-01
5.110670328140258789e-01
2.891583740711212158e-01
3.817000687122344971e-01
4.039825797080993652e-01
2.383322119712829590e-01
3.391659855842590332e-01
2.701873481273651123e-01
3.595813512802124023e-01
2.291522771120071411e-01
2.687911391258239746e-01
3.463256359100341797e-01
2.054159641265869141e-01
4.474234282970428467e-01
1.066445559263229370e-01
6.924110651016235352e-01
2.632049918174743652e-01
3.261740207672119141e-01
3.918089866638183594e-01
1.156461834907531738e-01
7.364111542701721191e-01
5.315150320529937744e-02
2.923971712589263916e-01
4.745806157588958740e-01
2.623353600502014160e-01
3.095701038837432861e-01
4.481635987758636475e-01
2.487871944904327393e-01
5.019549727439880371e-01
1.983240693807601929e-01
3.542802631855010986e-01
4.415232837200164795e-01
2.784559130668640137e-01
3.362685441970825195e-01
3.899995088577270508e-01
2.776322066783905029e-01
3.114390969276428223e-01
6.160486936569213867e-01
1.408958137035369873e-01
4.599338769912719727e-01
3.887612819671630859e-01
1.839420199394226074e-01
3.405359685420989990e-01
3.422600030899047852e-01
2.387865483760833740e-01
4.577800631523132324e-01
1.769393384456634521e-01
5.612080097198486328e-01
2.316560447216033936e-01
5.621359944343566895e-01
1.775296330451965332e-01
5.151835680007934570e-01
2.100048363208770752e-01
4.848372638225555420e-01
1.977289766073226929e-01
3.776360154151916504e-01
3.740215301513671875e-01
2.890998125076293945e-01
4.551115036010742188e-01
2.142497152090072632e-01
3.910357952117919922e-01
2.387609928846359253e-01
2.996678948402404785e-01
2.639812529087066650e-01
3.817356824874877930e-01
1.330298185348510742e-01
4.525673091411590576e-01
1.690076887607574463e-01
4.460132718086242676e-01
2.856705784797668457e-01
2.942400276660919189e-01
4.364064335823059082e-01
2.178186178207397461e-01
3.189556598663330078e-01
5.332689285278320312e-01
1.267478317022323608e-01
5.248770713806152344e-01
2.657524347305297852e-01
2.426366806030273438e-01
3.243094682693481445e-01
2.998332977294921875e-01
2.757733762264251709e-01
2.819606661796569824e-01
3.267344832420349121e-01
3.306721448898315430e-01
4.007033705711364746e-01
3.998302221298217773e-01
2.124242335557937622e-01
5.267218351364135742e-01
2.662563323974609375e-01
4.197462499141693115e-01
3.212887644767761230e-01
5.255908966064453125e-01
1.601622998714447021e-01
5.412758588790893555e-01
2.270763814449310303e-01
4.541723430156707764e-01
2.015330195426940918e-01
3.817691504955291748e-01
1.711305975914001465e-01
4.243531227111816406e-01
4.324676394462585449e-01
1.615526378154754639e-01
7.027064561843872070e-01
5.240731686353683472e-02
3.065355420112609863e-01
4.957371354103088379e-01
1.578189879655838013e-01
2.961219549179077148e-01
4.604062736034393311e-01
1.526344418525695801e-01
3.422961831092834473e-01
3.025024533271789551e-01
1.823852062225341797e-01
3.296961188316345215e-01
2.300666719675064087e-01
2.439422905445098877e-01
3.872264027595520020e-01
2.639528512954711914e-01
4.214251041412353516e-01
1.999438107013702393e-01
2.635115385055541992e-01
3.339219689369201660e-01
2.578535079956054688e-01
1.686353832483291626e-01
4.745455384254455566e-01
2.813483774662017822e-01
3.583385646343231201e-01
3.704560995101928711e-01
3.963604569435119629e-01
2.724471092224121094e-01
4.202408194541931152e-01
3.349164724349975586e-01
3.516477644443511963e-01
4.068468511104583740e-01
3.172800540924072266e-01
3.141178488731384277e-01
3.018404841423034668e-01
3.445290625095367432e-01
2.199102640151977539e-01
3.723784983158111572e-01
1.564324945211410522e-01
5.071612596511840820e-01
1.112579554319381714e-01
5.619643330574035645e-01
1.600844860076904297e-01
3.120496273040771484e-01
3.411993980407714844e-01
3.436977267265319824e-01
2.962466776371002197e-01
4.795740842819213867e-01
2.336527109146118164e-01
5.162689089775085449e-01
2.766324579715728760e-01
2.561879158020019531e-01
4.975557923316955566e-01
1.129740700125694275e-01
6.994396448135375977e-01
1.349217295646667480e-01
4.589234590530395508e-01
2.029063254594802856e-01
2.452928125858306885e-01
4.766744971275329590e-01
2.501428723335266113e-01
5.218883752822875977e-01
2.903853058815002441e-01
3.889046907424926758e-01
3.126608729362487793e-01
2.551475465297698975e-01
3.098019957542419434e-01
1.961938142776489258e-01
4.633835852146148682e-01
1.807124465703964233e-01
5.056199431419372559e-01
2.391451001167297363e-01
3.212653100490570068e-01
4.353613555431365967e-01
2.644304037094116211e-01
6.151435971260070801e-01
9.550376236438751221e-02
4.923396706581115723e-01
2.573966085910797119e-01
2.701345384120941162e-01
2.565724253654479980e-01
2.945781946182250977e-01
2.395164817571640015e-01
3.344983756542205811e-01
2.903589904308319092e-01
2.930685281753540039e-01
2.444792091846466064e-01
3.003588914871215820e-01
2.758167684078216553e-01
2.921366095542907715e-01
2.560367584228515625e-01
4.337130188941955566e-01
2.063293904066085815e-01
4.628141820430755615e-01
2.407843470573425293e-01
2.946686744689941406e-01
2.707927227020263672e-01
2.991272807121276855e-01
4.223675131797790527e-01
1.608266532421112061e-01
5.935770273208618164e-01
1.216381341218948364e-01
5.213629603385925293e-01
1.801023632287979126e-01
3.213387727737426758e-01
4.889538884162902832e-01
2.263572663068771362e-01
5.005491971969604492e-01
2.282086610794067383e-01
3.285573124885559082e-01
4.929972589015960693e-01
1.943213343620300293e-01
5.028195977210998535e-01
1.702818870544433594e-01
5.779397487640380859e-01
1.387162506580352783e-01
4.812262654304504395e-01
1.966944336891174316e-01
2.803923487663269043e-01
3.151702284812927246e-01
3.049665689468383789e-01
4.049202501773834229e-01
4.050475656986236572e-01
3.369013667106628418e-01
4.199762940406799316e-01
2.596650123596191406e-01
4.347767829895019531e-01
4.323955476284027100e-01
2.976596355438232422e-01
3.416244387626647949e-01
2.658452987670898438e-01
3.943434357643127441e-01
4.013228714466094971e-01
1.505960524082183838e-01
3.574176728725433350e-01
2.681345343589782715e-01
3.330219984054565430e-01
1.548362076282501221e-01
3.876613676548004150e-01
2.367012351751327515e-01
2.901555597782135010e-01
2.133383452892303467e-01
3.960723876953125000e-01
3.011800646781921387e-01
2.666963636875152588e-01
2.948315143585205078e-01
3.022243380546569824e-01
2.729953527450561523e-01
1.942039132118225098e-01
4.313233494758605957e-01
2.022617012262344360e-01
2.614825367927551270e-01
2.375815510749816895e-01
4.652203023433685303e-01
2.355889528989791870e-01
4.450828433036804199e-01
1.675046086311340332e-01
4.195765852928161621e-01
3.309496939182281494e-01
2.382276803255081177e-01
3.039054572582244873e-01
3.684013485908508301e-01
1.566778123378753662e-01
4.333342909812927246e-01
2.709761261940002441e-01
2.590634822845458984e-01
2.760478258132934570e-01
3.550399541854858398e-01
4.653518497943878174e-01
2.523577809333801270e-01
3.354743123054504395e-01
3.745056986808776855e-01
2.536880373954772949e-01
3.469212949275970459e-01
3.858316242694854736e-01
2.191363871097564697e-01
5.878591537475585938e-01
7.984027266502380371e-02
6.101311445236206055e-01
6.604789197444915771e-02
4.844186007976531982e-01
3.667873442173004150e-01
1.753825247287750244e-01
3.327832818031311035e-01
3.557989001274108887e-01
3.537159264087677002e-01
2.828227281570434570e-01
3.188412189483642578e-01
3.497770726680755615e-01
3.020934462547302246e-01
3.183933496475219727e-01
4.112771749496459961e-01
2.410396337509155273e-01
3.214102983474731445e-01
2.030424177646636963e-01
2.598093152046203613e-01
5.393406748771667480e-01
6.735101342201232910e-02
7.161867618560791016e-01
8.483454585075378418e-02
3.293243348598480225e-01
5.509521961212158203e-01
2.000588476657867432e-01
3.853503465652465820e-01
1.692366749048233032e-01
4.523378610610961914e-01
1.803174614906311035e-01
6.616969108581542969e-01
1.263303458690643311e-01
6.196024417877197266e-01
1.750167608261108398e-01
4.016507267951965332e-01
3.132524490356445312e-01
3.960218429565429688e-01
1.940702050924301147e-01
5.990793108940124512e-01
2.936326563358306885e-01
3.702724575996398926e-01
1.505050957202911377e-01
7.999951839447021484e-01
1.090198904275894165e-01
4.107867181301116943e-01
3.103662729263305664e-01
3.632101416587829590e-01
3.896294534206390381e-01
2.929092645645141602e-01
3.217270374298095703e-01
2.339495867490768433e-01
3.054830133914947510e-01
3.136097788810729980e-01
2.195745110511779785e-01
4.399797320365905762e-01
3.638186156749725342e-01
4.173575937747955322e-01
4.228516221046447754e-01
2.579888701438903809e-01
3.609927892684936523e-01
3.948974609375000000e-01
2.335249036550521851e-01
4.270033240318298340e-01
2.780771255493164062e-01
2.434954047203063965e-01
4.369523525238037109e-01
3.281384706497192383e-01
3.496790528297424316e-01
3.596282303333282471e-01
2.570285797119140625e-01
3.461254239082336426e-01
2.599937617778778076e-01
3.930405378341674805e-01
2.377184331417083740e-01
3.752391040325164795e-01
3.111853003501892090e-01
3.077669441699981689e-01
3.208830058574676514e-01
3.463391065597534180e-01
2.408199906349182129e-01
4.059274196624755859e-01
2.264149785041809082e-01
4.026042520999908447e-01
3.855831027030944824e-01
3.440614640712738037e-01
4.587945640087127686e-01
2.747482955455780029e-01
3.642830848693847656e-01
3.127796649932861328e-01
3.342217803001403809e-01
2.734328508377075195e-01
3.428130149841308594e-01
2.489904761314392090e-01
2.467552274465560913e-01
2.855440378189086914e-01
2.332454919815063477e-01
4.056096971035003662e-01
2.584485709667205811e-01
3.637125492095947266e-01
3.066176176071166992e-01
3.292899727821350098e-01
2.233793437480926514e-01
5.037803649902343750e-01
1.569380313158035278e-01
3.182063698768615723e-01
3.519800305366516113e-01
3.381870388984680176e-01
3.959518074989318848e-01
2.945190966129302979e-01
3.346297442913055420e-01
3.170161843299865723e-01
2.181059867143630981e-01
4.290716946125030518e-01
2.575579583644866943e-01
2.235548794269561768e-01
4.825031757354736328e-01
3.459291756153106689e-01
2.674148082733154297e-01
3.701497912406921387e-01
2.791630625724792480e-01
4.362947344779968262e-01
9.899378567934036255e-02
4.941932857036590576e-01
4.159901738166809082e-01
2.291119992733001709e-01
2.218617498874664307e-01
2.301280051469802856e-01
3.501155376434326172e-01
2.396571338176727295e-01
3.622401952743530273e-01
2.190533280372619629e-01
3.953690528869628906e-01
2.845360636711120605e-01
4.690762162208557129e-01
1.957790851593017578e-01
4.485252201557159424e-01
3.031148910522460938e-01
3.642830550670623779e-01
4.055677950382232666e-01
2.647920250892639160e-01
3.301072120666503906e-01
3.270211815834045410e-01
3.757128119468688965e-01
2.538959383964538574e-01
2.728137969970703125e-01
3.394598066806793213e-01
2.049832940101623535e-01
3.654185533523559570e-01
2.872830033302307129e-01
3.309358358383178711e-01
2.836768031120300293e-01
3.154354989528656006e-01
3.271437883377075195e-01
3.735982179641723633e-01
2.968546152114868164e-01
3.050516545772552490e-01
2.926914989948272705e-01
3.178784847259521484e-01
2.551956176757812500e-01
3.283993601799011230e-01
2.138195931911468506e-01
3.547533750534057617e-01
3.642410039901733398e-01
1.615582108497619629e-01
7.138098478317260742e-01
3.907897472381591797e-01
2.471698820590972900e-01
4.980101287364959717e-01
8.408360183238983154e-02
6.403083801269531250e-01
1.826544106006622314e-01
2.306812405586242676e-01
5.631567239761352539e-01
2.413313537836074829e-01
3.327556252479553223e-01
2.618766129016876221e-01
3.436059951782226562e-01
3.040986955165863037e-01
3.755540251731872559e-01
2.869489192962646484e-01
4.381659030914306641e-01
2.139598280191421509e-01
2.955234050750732422e-01
4.075132608413696289e-01
2.039568722248077393e-01
3.322365880012512207e-01
3.613741397857666016e-01
3.421411514282226562e-01
1.583425402641296387e-01
2.763699293136596680e-01
3.417175710201263428e-01
2.646432518959045410e-01
3.719297051429748535e-01
3.229833245277404785e-01
4.073290824890136719e-01
2.971321344375610352e-01
3.482782244682312012e-01
2.281386405229568481e-01
4.355237782001495361e-01
2.918848991394042969e-01
4.061002731323242188e-01
2.146933227777481079e-01
4.220314025878906250e-01
1.977604627609252930e-01
2.634848952293395996e-01
2.623412013053894043e-01
3.517437279224395752e-01
2.562842369079589844e-01
3.378871083259582520e-01
4.556349515914916992e-01
3.556731939315795898e-01
3.584695160388946533e-01
5.918129682540893555e-01
2.345452010631561279e-01
4.259534180164337158e-01
3.313823342323303223e-01
2.840609252452850342e-01
2.818387746810913086e-01
3.489006757736206055e-01
2.972372472286224365e-01
2.714057564735412598e-01
3.934774398803710938e-01
2.046784907579421997e-01
4.171522259712219238e-01
2.291767895221710205e-01
3.787283897399902344e-01
2.832694053649902344e-01
2.561632990837097168e-01
3.920105695724487305e-01
3.355860710144042969e-01
3.477657437324523926e-01
4.206200838088989258e-01
2.544462680816650391e-01
5.367625951766967773e-01
2.792949676513671875e-01
4.077195525169372559e-01
2.051633894443511963e-01
7.794643640518188477e-01
5.901663005352020264e-02
5.588912963867187500e-01
2.676942348480224609e-01
2.618457078933715820e-01
3.773803710937500000e-01
2.164765894412994385e-01
3.794699311256408691e-01
2.852912843227386475e-01
2.604643106460571289e-01
4.319559931755065918e-01
2.088735401630401611e-01
2.475969195365905762e-01
4.444440007209777832e-01
2.493627369403839111e-01
4.679731428623199463e-01
2.901698648929595947e-01
2.496933490037918091e-01
3.001762032508850098e-01
3.246454000473022461e-01
2.762619256973266602e-01
2.794519662857055664e-01
3.368322849273681641e-01
3.512599170207977295e-01
2.671020627021789551e-01
5.784866809844970703e-01
1.422312855720520020e-01
7.411445379257202148e-01
1.195502877235412598e-01
3.500927686691284180e-01
5.428717136383056641e-01
2.162077426910400391e-01
2.980096936225891113e-01
3.486160635948181152e-01
3.127086758613586426e-01
2.459945678710937500e-01
4.239586591720581055e-01
2.498078346252441406e-01
2.745118439197540283e-01
3.171950578689575195e-01
3.200440406799316406e-01
3.701698780059814453e-01
3.137766718864440918e-01
2.587840855121612549e-01
4.417541325092315674e-01
2.763655781745910645e-01
3.104718923568725586e-01
2.829446196556091309e-01
3.266172409057617188e-01
4.213417768478393555e-01
3.424103260040283203e-01
2.698704004287719727e-01
3.405125439167022705e-01
3.173254132270812988e-01
3.032431602478027344e-01
2.824741303920745850e-01
3.584055602550506592e-01
3.326230049133300781e-01
4.192976355552673340e-01
3.091498613357543945e-01
5.177323818206787109e-01
1.768551170825958252e-01
5.121406316757202148e-01
1.200213432312011719e-01
5.154963135719299316e-01
2.389794439077377319e-01
4.154075384140014648e-01
2.613340616226196289e-01
3.585820198059082031e-01
2.976288795471191406e-01
3.778354823589324951e-01
2.995813190937042236e-01
3.291039764881134033e-01
4.117128551006317139e-01
1.533624231815338135e-01
4.475169479846954346e-01
2.931441068649291992e-01
3.146113157272338867e-01
2.776241302490234375e-01
3.033863008022308350e-01
2.555819749832153320e-01
1.558414399623870850e-01
3.500273227691650391e-01
2.771549820899963379e-01
2.461573481559753418e-01
2.802208065986633301e-01
3.347714543342590332e-01
1.924422383308410645e-01
3.604199290275573730e-01
2.654305100440979004e-01
1.972554624080657959e-01
4.025607705116271973e-01
2.798838913440704346e-01
3.564426898956298828e-01
3.908181190490722656e-01
2.021294534206390381e-01
3.414179682731628418e-01
4.141852259635925293e-01
2.398966103792190552e-01
3.770890235900878906e-01
2.816207110881805420e-01
3.330518305301666260e-01
3.393242359161376953e-01
3.522680401802062988e-01
2.280352711677551270e-01
3.894795775413513184e-01
3.136998116970062256e-01
3.443592190742492676e-01
2.883255183696746826e-01
3.071436882019042969e-01
2.685933411121368408e-01
2.057960629463195801e-01
2.892558276653289795e-01
3.911729454994201660e-01
1.953571885824203491e-01
5.043631792068481445e-01
1.573960036039352417e-01
5.663819313049316406e-01
1.580724120140075684e-01
5.126203894615173340e-01
7.261310517787933350e-02
4.631533920764923096e-01
3.079220652580261230e-01
2.397344112396240234e-01
5.178216099739074707e-01
3.336168229579925537e-01
1.996597200632095337e-01
6.807165145874023438e-01
2.172800302505493164e-01
7.582097053527832031e-01
1.423272341489791870e-01
2.959373593330383301e-01
4.969481825828552246e-01
3.699173033237457275e-01
4.190045297145843506e-01
2.208252847194671631e-01
6.748137474060058594e-01
2.504595816135406494e-01
3.371966183185577393e-01
4.056721925735473633e-01
2.591520249843597412e-01
3.901669383049011230e-01
2.786460518836975098e-01
2.732597291469573975e-01
3.958282768726348877e-01
3.485396504402160645e-01
3.144282698631286621e-01
4.585708975791931152e-01
2.705190479755401611e-01
2.390950918197631836e-01
4.340735971927642822e-01
2.464377731084823608e-01
2.545592784881591797e-01
3.674981594085693359e-01
3.337010145187377930e-01
4.230556786060333252e-01
1.851431131362915039e-01
4.324166178703308105e-01
3.856259286403656006e-01
3.874814510345458984e-01
1.657477021217346191e-01
5.267281532287597656e-01
2.992624044418334961e-01
3.995848298072814941e-01
2.173332124948501587e-01
4.226921200752258301e-01
2.062204480171203613e-01
3.892103433609008789e-01
3.296591043472290039e-01
3.714864850044250488e-01
3.350759446620941162e-01
4.041762053966522217e-01
2.806169390678405762e-01
2.975044548511505127e-01
3.129767477512359619e-01
3.596817255020141602e-01
1.964627206325531006e-01
3.049470782279968262e-01
4.463295042514801025e-01
2.619387805461883545e-01
2.980996966361999512e-01
4.192829728126525879e-01
2.901595532894134521e-01
2.324301898479461670e-01
4.185427427291870117e-01
3.957220911979675293e-01
4.264270067214965820e-01
1.898126155138015747e-01
4.809408783912658691e-01
2.604877948760986328e-01
2.345745861530303955e-01
4.228890836238861084e-01
2.864475548267364502e-01
3.311740458011627197e-01
3.093278110027313232e-01
3.737033903598785400e-01
1.210882067680358887e-01
7.698197364807128906e-01
3.164023160934448242e-02
7.019625902175903320e-01
7.514227926731109619e-02
4.401012659072875977e-01
4.265079200267791748e-01
3.107373118400573730e-01
4.219939708709716797e-01
4.174908399581909180e-01
5.084806680679321289e-01
3.168813288211822510e-01
3.303043842315673828e-01
4.524690806865692139e-01
1.625838875770568848e-01
3.903611898422241211e-01
3.202086389064788818e-01
3.079695701599121094e-01
2.680964469909667969e-01
2.733365893363952637e-01
4.091029763221740723e-01
2.878281176090240479e-01
2.327577471733093262e-01
3.231141865253448486e-01
2.514865696430206299e-01
4.001230001449584961e-01
3.372480273246765137e-01
3.285564482212066650e-01
3.395189940929412842e-01
3.256572186946868896e-01
2.877266407012939453e-01
4.466950297355651855e-01
2.204717248678207397e-01
5.123432278633117676e-01
2.252200394868850708e-01
3.223841190338134766e-01
2.672415673732757568e-01
4.198169112205505371e-01
2.532299757003784180e-01
4.224174022674560547e-01
3.810302615165710449e-01
2.648946046829223633e-01
4.591346979141235352e-01
1.826229393482208252e-01
2.012978494167327881e-01
3.758978843688964844e-01
2.884482741355895996e-01
3.600773513317108154e-01
3.440410196781158447e-01
2.698286473751068115e-01
4.265550673007965088e-01
2.767149209976196289e-01
3.891503214836120605e-01
4.241804778575897217e-01
2.405091524124145508e-01
5.223483443260192871e-01
1.622097790241241455e-01
5.701400041580200195e-01
1.744259595870971680e-01
4.492843449115753174e-01
3.204235136508941650e-01
3.443067669868469238e-01
2.315794229507446289e-01
3.660610318183898926e-01
2.655474841594696045e-01
4.876210093498229980e-01
2.902813553810119629e-01
3.220632672309875488e-01
3.530390858650207520e-01
3.178894817829132080e-01
2.930726408958435059e-01
2.367271780967712402e-01
2.865885496139526367e-01
3.531001508235931396e-01
3.744299411773681641e-01
1.469244956970214844e-01
4.564186334609985352e-01
2.072070091962814331e-01
5.451409220695495605e-01
1.131013557314872742e-01
3.439258635044097900e-01
2.822532653808593750e-01
2.092858701944351196e-01
4.102479815483093262e-01
2.567691206932067871e-01
3.811470866203308105e-01
2.805835008621215820e-01
2.258123755455017090e-01
4.208314418792724609e-01
2.005529105663299561e-01
3.474703431129455566e-01
3.005105257034301758e-01
3.628408312797546387e-01
2.907306551933288574e-01
4.334162771701812744e-01
2.983962893486022949e-01
4.307546913623809814e-01
2.325280010700225830e-01
5.313483476638793945e-01
1.884682476520538330e-01
4.309205412864685059e-01
2.878727316856384277e-01
3.311961293220520020e-01
5.223512053489685059e-01
1.616190969944000244e-01
2.779145240783691406e-01
3.246613144874572754e-01
1.857635676860809326e-01
5.409097671508789062e-01
1.544002145528793335e-01
3.657972812652587891e-01
3.841290473937988281e-01
2.307063341140747070e-01
4.848339557647705078e-01
2.903797626495361328e-01
2.718759179115295410e-01
5.675390958786010742e-01
2.098552882671356201e-01
4.961314797401428223e-01
2.179737240076065063e-01
3.611775636672973633e-01
2.431181222200393677e-01
3.082966804504394531e-01
3.344334661960601807e-01
4.644986689090728760e-01
2.562406659126281738e-01
2.942450046539306641e-01
3.845779001712799072e-01
2.832909822463989258e-01
2.323181033134460449e-01
4.431246519088745117e-01
1.897553950548171997e-01
3.803048133850097656e-01
2.387648522853851318e-01
2.371056228876113892e-01
3.350774943828582764e-01
4.457438588142395020e-01
2.653501331806182861e-01
3.651325106620788574e-01
1.963648200035095215e-01
4.695246219635009766e-01
2.060229480266571045e-01
4.785721302032470703e-01
1.304598748683929443e-01
4.850575029850006104e-01
2.249722331762313843e-01
4.563386440277099609e-01
1.428399085998535156e-01
6.670120954513549805e-01
2.083463668823242188e-01
6.653978228569030762e-01
1.824175193905830383e-02
5.145189166069030762e-01
2.842674255371093750e-01
3.920172750949859619e-01
2.914154529571533203e-01
3.354878425598144531e-01
4.193545281887054443e-01
2.013835310935974121e-01
3.857079148292541504e-01
3.345253169536590576e-01
2.331040054559707642e-01
3.382055163383483887e-01
3.701625168323516846e-01
1.045149266719818115e-01
3.076565861701965332e-01
3.758774101734161377e-01
2.347084283828735352e-01
2.030719965696334839e-01
3.188228607177734375e-01
2.242570221424102783e-01
4.200206398963928223e-01
3.168267607688903809e-01
3.294295072555541992e-01
2.740764617919921875e-01
4.410804510116577148e-01
2.314250320196151733e-01
4.728414714336395264e-01
2.084406316280364990e-01
3.460011482238769531e-01
3.588173687458038330e-01
3.035082817077636719e-01
3.632924556732177734e-01
3.075816035270690918e-01
2.247652113437652588e-01
4.510004520416259766e-01
2.472655177116394043e-01
3.508860766887664795e-01
2.522899508476257324e-01
4.151308536529541016e-01
3.022132515907287598e-01
3.236551582813262939e-01
5.189074277877807617e-01
9.866028279066085815e-02
3.169741630554199219e-01
4.014665484428405762e-01
1.711867153644561768e-01
2.554516494274139404e-01
4.467956423759460449e-01
4.893217682838439941e-01
2.136939465999603271e-01
4.698894917964935303e-01
1.411827653646469116e-01
5.658531785011291504e-01
1.651869118213653564e-01
3.684427440166473389e-01
3.163189589977264404e-01
3.025691807270050049e-01
3.416079878807067871e-01
2.537187635898590088e-01
4.366819560527801514e-01
1.887189000844955444e-01
3.158949613571166992e-01
3.982333242893218994e-01
2.196419388055801392e-01
4.741266369819641113e-01
1.912080645561218262e-01
3.671834468841552734e-01
3.399113416671752930e-01
3.677361607551574707e-01
3.059440255165100098e-01
2.862972617149353027e-01
2.981028854846954346e-01
2.906854152679443359e-01
3.867832422256469727e-01
2.080782353878021240e-01
3.376312851905822754e-01
4.309802353382110596e-01
1.856972277164459229e-01
2.573851943016052246e-01
3.692822754383087158e-01
2.321349829435348511e-01
3.089098930358886719e-01
3.827670216560363770e-01
1.663776487112045288e-01
5.776379108428955078e-01
2.183662056922912598e-01
2.736874818801879883e-01
3.906930685043334961e-01
2.644307017326354980e-01
3.904668688774108887e-01
3.060894012451171875e-01
4.105271100997924805e-01
2.443919032812118530e-01
3.189858496189117432e-01
3.566985130310058594e-01
2.485896050930023193e-01
2.528900802135467529e-01
3.329355418682098389e-01
2.107535302639007568e-01
2.557799816131591797e-01
4.595777988433837891e-01
2.334811836481094360e-01
2.479328513145446777e-01
3.482795059680938721e-01
2.935657501220703125e-01
2.118769586086273193e-01
3.769016861915588379e-01
1.473172158002853394e-01
5.844039916992187500e-01
1.577098369598388672e-01
5.810064673423767090e-01
1.696159839630126953e-01
5.410757064819335938e-01
8.455336838960647583e-02
5.410141944885253906e-01
2.748088240623474121e-01
1.514652967453002930e-01
6.738179922103881836e-01
7.306671142578125000e-02
4.508833289146423340e-01
2.518978416919708252e-01
2.213441431522369385e-01
5.407383441925048828e-01
2.541589438915252686e-01
3.357686698436737061e-01
3.267704248428344727e-01
2.932408750057220459e-01
3.143618106842041016e-01
2.348106503486633301e-01
5.603995919227600098e-01
1.092517226934432983e-01
4.697803258895874023e-01
3.458373248577117920e-01
2.453273236751556396e-01
2.492965161800384521e-01
4.379997849464416504e-01
2.690656781196594238e-01
1.873264312744140625e-01
4.467955529689788818e-01
2.753928899765014648e-01
3.112697005271911621e-01
2.253686934709548950e-01
3.184993863105773926e-01
2.971848249435424805e-01
2.565679550170898438e-01
4.326713085174560547e-01
3.272178769111633301e-01
2.492244690656661987e-01
2.649782896041870117e-01
3.241994976997375488e-01
3.049379587173461914e-01
2.655081152915954590e-01
3.714103400707244873e-01
1.635855734348297119e-01
2.229633629322052002e-01
3.835705220699310303e-01
1.907729506492614746e-01
4.074371457099914551e-01
1.939783096313476562e-01
4.606679975986480713e-01
2.473358064889907837e-01
4.075355529785156250e-01
1.501074135303497314e-01
4.592686295509338379e-01
1.885844767093658447e-01
4.000082015991210938e-01
1.211071312427520752e-01
4.768420457839965820e-01
2.386629283428192139e-01
2.299348711967468262e-01
4.163735210895538330e-01
9.160847216844558716e-02
2.293905913829803467e-01
6.253809928894042969e-01
5.947516113519668579e-02
4.940899908542633057e-01
2.472682595252990723e-01
1.970762908458709717e-01
3.669038116931915283e-01
2.658900916576385498e-01
2.069172561168670654e-01
3.786405324935913086e-01
3.901954293251037598e-01
2.251822948455810547e-01
4.583548903465270996e-01
2.386064380407333374e-01
3.627135455608367920e-01
2.677050232887268066e-01
3.670970201492309570e-01
1.887331902980804443e-01
3.251116871833801270e-01
2.535828948020935059e-01
2.733409404754638672e-01
2.028483748435974121e-01
2.711066603660583496e-01
2.970861196517944336e-01
2.497883737087249756e-01
2.774910330772399902e-01
3.595746755599975586e-01
2.230323255062103271e-01
6.794632673263549805e-01
1.473300457000732422e-01
3.561945855617523193e-01
4.445890784263610840e-01
2.244402766227722168e-01
2.553401589393615723e-01
3.604307770729064941e-01
2.366963028907775879e-01
4.466758370399475098e-01
1.615759432315826416e-01
4.958879351615905762e-01
1.766389906406402588e-01
5.068068504333496094e-01
1.436905562877655029e-01
5.746378898620605469e-01
6.411631405353546143e-02
4.451380968093872070e-01
2.561070919036865234e-01
3.280718326568603516e-01
3.109954297542572021e-01
3.967131078243255615e-01
3.098098933696746826e-01
5.045232176780700684e-01
2.443732917308807373e-01
5.463297367095947266e-01
2.200993895530700684e-01
3.544489741325378418e-01
3.602235913276672363e-01
2.354467213153839111e-01
3.509961366653442383e-01
2.194276005029678345e-01
3.285992145538330078e-01
1.704163253307342529e-01
2.872703671455383301e-01
3.150102198123931885e-01
2.387265861034393311e-01
3.726935386657714844e-01
2.449590414762496948e-01
4.412347674369812012e-01
2.335114479064941406e-01
4.562752842903137207e-01
2.845862209796905518e-01
2.669329941272735596e-01
3.286364972591400146e-01
3.174571990966796875e-01
2.501062154769897461e-01
3.072521388530731201e-01
2.459158301353454590e-01
4.087214469909667969e-01
2.065809667110443115e-01
4.449907541275024414e-01
2.636428773403167725e-01
2.257372140884399414e-01
4.412834644317626953e-01
1.754421591758728027e-01
4.582023620605468750e-01
2.047694325447082520e-01
4.185652732849121094e-01
1.899263262748718262e-01
3.487702012062072754e-01
2.157121598720550537e-01
3.115873336791992188e-01
3.042934536933898926e-01
1.718406081199645996e-01
4.471865892410278320e-01
2.302815318107604980e-01
2.968928813934326172e-01
1.945643424987792969e-01
2.454912215471267700e-01
3.524081707000732422e-01
1.412631273269653320e-01
3.306970000267028809e-01
4.312512874603271484e-01
1.351438760757446289e-01
5.283300876617431641e-01
3.032715916633605957e-01
2.096562087535858154e-01
4.929405450820922852e-01
2.469948232173919678e-01
4.503561258316040039e-01
2.209376990795135498e-01
3.288989663124084473e-01
3.822989463806152344e-01
1.631542444229125977e-01
5.303440690040588379e-01
1.463983952999114990e-01
5.019251108169555664e-01
3.192937672138214111e-01
1.740681529045104980e-01
3.719219863414764404e-01
3.464038670063018799e-01
2.328356504440307617e-01
2.744292020797729492e-01
3.439143300056457520e-01
2.506789267063140869e-01
3.435860276222229004e-01
3.166332542896270752e-01
3.069427013397216797e-01
3.671264648437500000e-01
2.446983754634857178e-01
3.842831850051879883e-01
2.910314798355102539e-01
3.706298172473907471e-01
3.249601721763610840e-01
2.492056190967559814e-01
4.162482023239135742e-01
2.072027921676635742e-01
2.750890254974365234e-01
3.672116994857788086e-01
2.443138659000396729e-01
3.235754668712615967e-01
2.759642601013183594e-01
2.597282528877258301e-01
3.528833389282226562e-01
3.137132227420806885e-01
3.571233153343200684e-01
2.843766212463378906e-01
3.401396870613098145e-01
1.960327029228210449e-01
5.005198717117309570e-01
1.596272140741348267e-01
2.667544484138488770e-01
2.524774670600891113e-01
3.688044548034667969e-01
2.733157873153686523e-01
3.442399203777313232e-01
3.722026646137237549e-01
1.678353250026702881e-01
3.313398957252502441e-01
1.759741306304931641e-01
2.868604063987731934e-01
2.986925244331359863e-01
2.643256187438964844e-01
4.400879740715026855e-01
2.047062814235687256e-01
3.948450386524200439e-01
2.492806166410446167e-01
3.197850584983825684e-01
2.651264667510986328e-01
3.298597335815429688e-01
2.857766151428222656e-01
2.094154506921768188e-01
2.709772586822509766e-01
5.609350204467773438e-01
8.636739850044250488e-02
2.288774549961090088e-01
3.530167341232299805e-01
1.747832000255584717e-01
2.483851611614227295e-01
3.417361974716186523e-01
3.742175698280334473e-01
3.592259883880615234e-01
3.174690604209899902e-01
2.134961187839508057e-01
3.263155817985534668e-01
2.493311166763305664e-01
2.600731253623962402e-01
2.409168183803558350e-01
4.324904382228851318e-01
1.214118599891662598e-01
5.439130663871765137e-01
1.147907525300979614e-01
4.007702469825744629e-01
2.904281616210937500e-01
1.751823425292968750e-01
4.689212441444396973e-01
8.028500527143478394e-02
5.274920463562011719e-01
1.934095919132232666e-01
4.488021731376647949e-01
2.277915775775909424e-01
3.479342460632324219e-01
4.489303529262542725e-01
1.259752810001373291e-01
6.655926108360290527e-01
9.906050562858581543e-02
4.223945438861846924e-01
4.108206033706665039e-01
1.388906091451644897e-01
4.406764805316925049e-01
1.858087182044982910e-01
4.503341019153594971e-01
2.260034829378128052e-01
3.618380725383758545e-01
3.631322979927062988e-01
3.197585046291351318e-01
3.166096210479736328e-01
3.118441104888916016e-01
3.530178666114807129e-01
2.607763409614562988e-01
2.661962509155273438e-01
4.694034457206726074e-01
1.807137131690979004e-01
3.428509533405303955e-01
2.919671535491943359e-01
1.883874833583831787e-01
2.716423869132995605e-01
2.503104805946350098e-01
1.882398426532745361e-01
4.038234055042266846e-01
3.683347105979919434e-01
2.095799744129180908e-01
2.862681746482849121e-01
4.575964212417602539e-01
2.603934407234191895e-01
3.561109900474548340e-01
3.039396107196807861e-01
2.304118275642395020e-01
3.669227361679077148e-01
2.925723791122436523e-01
3.212161660194396973e-01
3.671276569366455078e-01
2.760717570781707764e-01
4.309878349304199219e-01
3.111057877540588379e-01
2.573258280754089355e-01
2.795181870460510254e-01
3.469070196151733398e-01
2.123263031244277954e-01
3.410283029079437256e-01
2.888188064098358154e-01
3.001391589641571045e-01
3.619538545608520508e-01
3.597108125686645508e-01
2.556992173194885254e-01
4.873442053794860840e-01
1.873580068349838257e-01
3.363746702671051025e-01
2.378210127353668213e-01
2.787402868270874023e-01
2.077418863773345947e-01
2.511809170246124268e-01
4.154266715049743652e-01
2.219647616147994995e-01
4.587957262992858887e-01
2.281097471714019775e-01
4.298126101493835449e-01
2.727477550506591797e-01
3.854895234107971191e-01
1.682170033454895020e-01
3.388814330101013184e-01
3.603323101997375488e-01
2.051341533660888672e-01
4.432534575462341309e-01
2.640080153942108154e-01
5.316249728202819824e-01
9.745108336210250854e-02
4.013368785381317139e-01
3.747545480728149414e-01
4.247318804264068604e-01
3.260585665702819824e-01
3.433102369308471680e-01
3.018764853477478027e-01
3.459692001342773438e-01
2.153371870517730713e-01
3.541361987590789795e-01
2.528406381607055664e-01
3.145869374275207520e-01
3.185761570930480957e-01
3.277765214443206787e-01
3.798603415489196777e-01
2.704785168170928955e-01
2.591115832328796387e-01
3.486233353614807129e-01
2.983307540416717529e-01
2.095158100128173828e-01
4.386076927185058594e-01
2.237088382244110107e-01
5.001499652862548828e-01
1.928507089614868164e-01
4.219627976417541504e-01
2.268823534250259399e-01
4.209727644920349121e-01
1.892990022897720337e-01
3.806515336036682129e-01
3.689630031585693359e-01
2.267327606678009033e-01
5.918152332305908203e-01
1.218196824193000793e-01
4.347619116306304932e-01
3.760854303836822510e-01
1.346290409564971924e-01
4.329961836338043213e-01
2.687360644340515137e-01
2.039438635110855103e-01
2.861323356628417969e-01
4.215621352195739746e-01
1.135248690843582153e-01
4.147121012210845947e-01
2.708531618118286133e-01
4.164415299892425537e-01
2.391478121280670166e-01
3.790138363838195801e-01
2.507933378219604492e-01
4.832710325717926025e-01
1.224023103713989258e-01
2.278538346290588379e-01
3.790182471275329590e-01
2.345981001853942871e-01
2.590698599815368652e-01
2.767141461372375488e-01
3.705625534057617188e-01
2.644878923892974854e-01
3.107261657714843750e-01
3.153141140937805176e-01
2.390373498201370239e-01
3.705894351005554199e-01
3.847863078117370605e-01
2.432289421558380127e-01
4.295748472213745117e-01
1.963982582092285156e-01
4.648944735527038574e-01
9.366186708211898804e-02
4.348420500755310059e-01
3.202895522117614746e-01
2.422006130218505859e-01
3.817635476589202881e-01
2.700267434120178223e-01
4.269610047340393066e-01
3.201338648796081543e-01
3.322995007038116455e-01
4.018823802471160889e-01
1.904365718364715576e-01
5.742696523666381836e-01
9.143806248903274536e-02
4.062428772449493408e-01
2.195074856281280518e-01
4.941520094871520996e-01
1.252329051494598389e-01
3.670853972434997559e-01
2.324614822864532471e-01
2.569459974765777588e-01
4.106058478355407715e-01
3.023411035537719727e-01
3.007477521896362305e-01
5.932489633560180664e-01
9.922463446855545044e-02
4.839792251586914062e-01
1.874441355466842651e-01
4.645656347274780273e-01
3.137845396995544434e-01
2.365785837173461914e-01
5.261073112487792969e-01
2.337348461151123047e-01
4.529875218868255615e-01
2.019720971584320068e-01
3.260382413864135742e-01
3.758271932601928711e-01
1.900202631950378418e-01
4.773957729339599609e-01
1.932634860277175903e-01
3.200150728225708008e-01
3.902932405471801758e-01
1.968916356563568115e-01
3.972055315971374512e-01
3.381237387657165527e-01
2.552649974822998047e-01
3.695433735847473145e-01
1.718771159648895264e-01
4.238579273223876953e-01
1.110315546393394470e-01
3.673462271690368652e-01
3.811646103858947754e-01
1.604277789592742920e-01
4.814796447753906250e-01
2.936467230319976807e-01
2.536714375019073486e-01
3.317288756370544434e-01
3.523009121417999268e-01
1.812103092670440674e-01
3.407637774944305420e-01
2.911360859870910645e-01
2.535846233367919922e-01
4.085212945938110352e-01
2.267762720584869385e-01
3.762132525444030762e-01
1.487969458103179932e-01
5.708332657814025879e-01
1.681242883205413818e-01
2.659699022769927979e-01
3.496247529983520508e-01
2.487841248512268066e-01
4.875705242156982422e-01
2.032062411308288574e-01
4.830543696880340576e-01
3.354951143264770508e-01
2.840510606765747070e-01
3.804106712341308594e-01
2.502006292343139648e-01
2.753275632858276367e-01
3.547811508178710938e-01
2.015326917171478271e-01
2.799516916275024414e-01
4.382878541946411133e-01
1.939779371023178101e-01
2.609670460224151611e-01
2.844550609588623047e-01
3.352776467800140381e-01
3.201879262924194336e-01
2.933418452739715576e-01
2.848559916019439697e-01
2.599643468856811523e-01
3.584269285202026367e-01
2.972856760025024414e-01
3.964295387268066406e-01
2.823691964149475098e-01
3.352510333061218262e-01
3.222246766090393066e-01
4.095364212989807129e-01
2.427308112382888794e-01
1.724396347999572754e-01
3.719281256198883057e-01
1.768296957015991211e-01
3.653008639812469482e-01
2.671791911125183105e-01
2.903969883918762207e-01
3.403978347778320312e-01
4.363207221031188965e-01
1.881084144115447998e-01
5.702669024467468262e-01
1.222736090421676636e-01
2.932966947555541992e-01
2.164624631404876709e-01
3.356022536754608154e-01
2.514423131942749023e-01
3.930972218513488770e-01
3.734636604785919189e-01
2.807224988937377930e-01
2.627528905868530273e-01
5.658310651779174805e-01
1.334955990314483643e-01
2.904136776924133301e-01
4.080513119697570801e-01
1.886218041181564331e-01
2.362654805183410645e-01
4.227952659130096436e-01
2.260229289531707764e-01
3.232795894145965576e-01
2.833802700042724609e-01
3.433812856674194336e-01
2.302096486091613770e-01
3.584115207195281982e-01
2.688334286212921143e-01
2.582359313964843750e-01
3.540893495082855225e-01
2.949584722518920898e-01
4.345475137233734131e-01
1.474669575691223145e-01
3.721121549606323242e-01
2.797737121582031250e-01
2.007853537797927856e-01
2.958879172801971436e-01
4.095506072044372559e-01
2.870373725891113281e-01
4.044223725795745850e-01
2.892801463603973389e-01
3.950226902961730957e-01
2.247337996959686279e-01
2.964217662811279297e-01
4.521397650241851807e-01
1.543410122394561768e-01
4.731677174568176270e-01
6.777597963809967041e-02
6.347749233245849609e-01
8.628630638122558594e-02
6.970889568328857422e-01
4.302277788519859314e-02
4.615971446037292480e-01
2.358756959438323975e-01
3.578996658325195312e-01
2.413294613361358643e-01
4.068642854690551758e-01
2.493655830621719360e-01
3.173865377902984619e-01
3.960530757904052734e-01
1.988747119903564453e-01
4.398433864116668701e-01
2.758253216743469238e-01
3.401964902877807617e-01
3.523784279823303223e-01
2.825661003589630127e-01
2.758845686912536621e-01
3.155748248100280762e-01
3.202753663063049316e-01
4.036724567413330078e-01
2.425527572631835938e-01
3.325881361961364746e-01
3.431461453437805176e-01
3.112644553184509277e-01
3.168942630290985107e-01
3.103637695312500000e-01
2.506033480167388916e-01
3.661555945873260498e-01
2.144975364208221436e-01
3.274418711662292480e-01
2.315595746040344238e-01
4.415605068206787109e-01
1.303586363792419434e-01
4.690975546836853027e-01
2.264039218425750732e-01
3.247083425521850586e-01
2.242797017097473145e-01
3.565170168876647949e-01
3.367959856986999512e-01
3.146216273307800293e-01
3.632086217403411865e-01
2.464015930891036987e-01
4.679488837718963623e-01
2.419836372137069702e-01
3.027802109718322754e-01
3.290250301361083984e-01
2.707737088203430176e-01
3.536106944084167480e-01
4.530172049999237061e-01
1.473910659551620483e-01
5.200089216232299805e-01
1.643261611461639404e-01
4.524808228015899658e-01
3.218914866447448730e-01
2.132631093263626099e-01
3.851783871650695801e-01
2.461045980453491211e-01
3.640747070312500000e-01
3.268067538738250732e-01
2.797317206859588623e-01
3.789592385292053223e-01
2.348273247480392456e-01
4.331246614456176758e-01
2.592774927616119385e-01
3.185425400733947754e-01
4.236945509910583496e-01
2.564413249492645264e-01
2.447864711284637451e-01
4.096798300743103027e-01
1.349911242723464966e-01
4.833754897117614746e-01
1.419515162706375122e-01
3.026057183742523193e-01
2.378164231777191162e-01
2.774582505226135254e-01
3.616561293601989746e-01
2.134946584701538086e-01
3.696519136428833008e-01
3.229689300060272217e-01
2.475109845399856567e-01
3.622987866401672363e-01
1.936549395322799683e-01
2.723634541034698486e-01
2.737868428230285645e-01
2.774081826210021973e-01
3.363012671470642090e-01
2.311054468154907227e-01
2.971125841140747070e-01
3.978641033172607422e-01
1.793303489685058594e-01
4.207419157028198242e-01
2.496617287397384644e-01
2.855609655380249023e-01
2.824076414108276367e-01
2.440388947725296021e-01
2.952754199504852295e-01
3.915701508522033691e-01
2.956767678260803223e-01
3.221631646156311035e-01
4.261052310466766357e-01
2.153157144784927368e-01
4.562218487262725830e-01
2.684519886970520020e-01
1.985378563404083252e-01
4.618135392665863037e-01
2.453026920557022095e-01
4.103236198425292969e-01
1.542817503213882446e-01
4.781828224658966064e-01
2.066068947315216064e-01
3.461359441280364990e-01
2.851600050926208496e-01
3.876447379589080811e-01
3.421844244003295898e-01
2.797546982765197754e-01
4.659270048141479492e-01
1.918387115001678467e-01
3.243274092674255371e-01
3.337802886962890625e-01
2.999443411827087402e-01
3.383713364601135254e-01
3.521038293838500977e-01
1.331061273813247681e-01
6.581454277038574219e-01
9.142873436212539673e-02
4.899135231971740723e-01
1.931201070547103882e-01
3.147459030151367188e-01
2.434326708316802979e-01
4.081619083881378174e-01
2.260445356369018555e-01
3.406993448734283447e-01
2.432541996240615845e-01
2.893187403678894043e-01
3.777441978454589844e-01
2.267550826072692871e-01
4.139771461486816406e-01
1.994051188230514526e-01
4.275918006896972656e-01
2.354073971509933472e-01
3.048150539398193359e-01
3.686918020248413086e-01
3.383124172687530518e-01
4.194384217262268066e-01
1.318446397781372070e-01
6.432855129241943359e-01
1.758789867162704468e-01
3.180420398712158203e-01
4.253752529621124268e-01
2.028276920318603516e-01
2.589325010776519775e-01
3.384493589401245117e-01
2.610491514205932617e-01
3.009449541568756104e-01
2.843773961067199707e-01
3.399298787117004395e-01
2.658089399337768555e-01
3.202220201492309570e-01
2.830499112606048584e-01
3.554922044277191162e-01
2.552390694618225098e-01
2.591469287872314453e-01
4.095562100410461426e-01
1.707992851734161377e-01
3.644837141036987305e-01
3.418723344802856445e-01
2.610628008842468262e-01
4.463828504085540771e-01
1.488772481679916382e-01
6.614250540733337402e-01
6.374548375606536865e-02
6.362718343734741211e-01
1.780768334865570068e-01
4.599634706974029541e-01
2.653540670871734619e-01
2.317324727773666382e-01
5.105717182159423828e-01
2.186525911092758179e-01
4.283360242843627930e-01
2.761061191558837891e-01
2.942523360252380371e-01
3.578804135322570801e-01
2.743003964424133301e-01
3.267139792442321777e-01
4.774813652038574219e-01
2.629342675209045410e-01
3.446773886680603027e-01
3.409114778041839600e-01
3.162037134170532227e-01
2.918059229850769043e-01
3.022685348987579346e-01
1.782142370939254761e-01
3.662634193897247314e-01
2.495633810758590698e-01
4.513068795204162598e-01
1.893556416034698486e-01
5.457487106323242188e-01
2.116312682628631592e-01
4.479188919067382812e-01
2.163455486297607422e-01
3.297137618064880371e-01
2.783203423023223877e-01
3.131129741668701172e-01
4.140081405639648438e-01
1.843525320291519165e-01
4.219018220901489258e-01
2.709208428859710693e-01
2.743285894393920898e-01
4.537408351898193359e-01
1.648328006267547607e-01
4.582508802413940430e-01
2.400300204753875732e-01
3.857936859130859375e-01
2.403749227523803711e-01
2.973209917545318604e-01
3.400321900844573975e-01
1.951906234025955200e-01
3.695514798164367676e-01
2.331213355064392090e-01
4.370162189006805420e-01
2.276778668165206909e-01
4.325718581676483154e-01
2.604224383831024170e-01
3.355749547481536865e-01
3.758838176727294922e-01
2.809586524963378906e-01
3.115394711494445801e-01
3.565616011619567871e-01
1.979212760925292969e-01
3.049028813838958740e-01
3.089397549629211426e-01
1.894066482782363892e-01
4.136377871036529541e-01
2.412233948707580566e-01
2.209090143442153931e-01
4.735036790370941162e-01
1.887430250644683838e-01
2.801298499107360840e-01
3.333965241909027100e-01
2.614556550979614258e-01
3.425410985946655273e-01
1.806346774101257324e-01
5.667062997817993164e-01
2.288208901882171631e-01
4.182821810245513916e-01
1.679532527923583984e-01
5.622085332870483398e-01
1.363981217145919800e-01
5.614312887191772461e-01
1.022696048021316528e-01
3.018698096275329590e-01
4.327763617038726807e-01
2.517526149749755859e-01
3.982893228530883789e-01
3.445178270339965820e-01
1.911432892084121704e-01
2.414550781250000000e-01
3.261467814445495605e-01
2.659690082073211670e-01
3.614689111709594727e-01
2.711750864982604980e-01
3.411034643650054932e-01
1.918441951274871826e-01
2.857650518417358398e-01
2.247173339128494263e-01
2.847863435745239258e-01
3.206148147583007812e-01
2.510704100131988525e-01
3.098765313625335693e-01
2.783586382865905762e-01
3.279598355293273926e-01
2.796120047569274902e-01
3.375750184059143066e-01
3.657701611518859863e-01
1.880179047584533691e-01
6.126005053520202637e-01
1.293977648019790649e-01
3.945690989494323730e-01
1.705976426601409912e-01
4.695302844047546387e-01
1.199751123785972595e-01
4.013482034206390381e-01
2.156672775745391846e-01
3.253042697906494141e-01
3.117351531982421875e-01
2.970773875713348389e-01
3.165856003761291504e-01
2.089230865240097046e-01
4.276285171508789062e-01
2.000762373208999634e-01
2.529062926769256592e-01
3.399598896503448486e-01
4.208246469497680664e-01
1.620132327079772949e-01
2.846851050853729248e-01
3.410775959491729736e-01
4.570325016975402832e-01
2.245651036500930786e-01
3.215202689170837402e-01
2.242749929428100586e-01
2.626734972000122070e-01
3.313520550727844238e-01
3.207233548164367676e-01
2.114636152982711792e-01
3.044431507587432861e-01
2.606240808963775635e-01
2.416851818561553955e-01
4.620142877101898193e-01
2.330541610717773438e-01
3.767850995063781738e-01
1.965544819831848145e-01
5.305285453796386719e-01
1.365524530410766602e-01
8.653272986412048340e-01
1.475606951862573624e-02
6.117256879806518555e-01
2.796398401260375977e-01
3.894665837287902832e-01
5.546262860298156738e-01
2.844368815422058105e-01
4.556038975715637207e-01
2.596453130245208740e-01
3.427639305591583252e-01
2.904623746871948242e-01
4.436822831630706787e-01
2.788170278072357178e-01
3.512690067291259766e-01
3.945245742797851562e-01
2.679052054882049561e-01
4.682271480560302734e-01
3.899630904197692871e-01
2.185118198394775391e-01
2.395499646663665771e-01
4.453507065773010254e-01
1.752792000770568848e-01
3.166549205780029297e-01
3.865807056427001953e-01
2.760330438613891602e-01
2.897838354110717773e-01
5.297511816024780273e-01
1.227553561329841614e-01
2.483865618705749512e-01
5.646919012069702148e-01
2.160833179950714111e-01
2.725477218627929688e-01
3.772173523902893066e-01
2.734424471855163574e-01
3.770180344581604004e-01
2.189256548881530762e-01
3.539336323738098145e-01
2.921813726425170898e-01
2.603116035461425781e-01
3.714507222175598145e-01
2.962005734443664551e-01
2.181641608476638794e-01
4.196357131004333496e-01
3.342382311820983887e-01
3.051372468471527100e-01
3.047438859939575195e-01
3.327619433403015137e-01
2.256723642349243164e-01
3.626016974449157715e-01
2.327568829059600830e-01
3.686470389366149902e-01
3.730373382568359375e-01
2.148206681013107300e-01
4.127737879753112793e-01
2.607830166816711426e-01
3.016560077667236328e-01
3.829284906387329102e-01
2.237645983695983887e-01
5.016558170318603516e-01
2.316048443317413330e-01
4.515023529529571533e-01
1.310883164405822754e-01
5.294598937034606934e-01
2.972431778907775879e-01
1.616993248462677002e-01
6.962306499481201172e-01
1.124174073338508606e-01
6.952285170555114746e-01
4.683552682399749756e-02
2.821077704429626465e-01
4.693623483180999756e-01
1.106915473937988281e-01
6.493912935256958008e-01
2.192890644073486328e-01
3.816537559032440186e-01
1.797857135534286499e-01
4.661624431610107422e-01
2.951041460037231445e-01
2.103182077407836914e-01
2.686563134193420410e-01
5.284348726272583008e-01
2.200931757688522339e-01
2.097918093204498291e-01
4.301097393035888672e-01
3.471866250038146973e-01
2.669875025749206543e-01
3.556294739246368408e-01
1.724669933319091797e-01
3.359497487545013428e-01
3.253581523895263672e-01
3.227750062942504883e-01
2.615368962287902832e-01
2.888750731945037842e-01
3.316892385482788086e-01
4.293309450149536133e-01
2.191212326288223267e-01
3.013974130153656006e-01
2.317802906036376953e-01
2.642398774623870850e-01
3.016179800033569336e-01
1.797669082880020142e-01
4.458274841308593750e-01
3.541353046894073486e-01
3.640480637550354004e-01
3.249548673629760742e-01
3.170346021652221680e-01
3.435031175613403320e-01
3.745238184928894043e-01
2.134226560592651367e-01
6.473764777183532715e-01
1.473146080970764160e-01
7.357767820358276367e-01
4.828396439552307129e-02
5.670049190521240234e-01
1.576665341854095459e-01
4.434967041015625000e-01
2.761078476905822754e-01
4.603748321533203125e-01
2.696981430053710938e-01
2.989739179611206055e-01
3.369189798831939697e-01
2.889725565910339355e-01
3.928225636482238770e-01
2.952930927276611328e-01
2.615263462066650391e-01
3.392850756645202637e-01
3.544855713844299316e-01
3.254614472389221191e-01
2.358826398849487305e-01
4.495232701301574707e-01
3.266492784023284912e-01
2.802711129188537598e-01
3.211002349853515625e-01
4.189828634262084961e-01
2.351681292057037354e-01
4.826320409774780273e-01
1.516236364841461182e-01
4.017192721366882324e-01
2.923614382743835449e-01
2.227523028850555420e-01
3.487335741519927979e-01
2.435186356306076050e-01
3.895223736763000488e-01
2.554589807987213135e-01
2.871543169021606445e-01
3.146787285804748535e-01
3.098619580268859863e-01
3.477280437946319580e-01
2.027095705270767212e-01
4.311445355415344238e-01
2.166328877210617065e-01
2.842079997062683105e-01
3.616612851619720459e-01
2.847343683242797852e-01
2.296336591243743896e-01
3.622391819953918457e-01
2.363493144512176514e-01
3.017569184303283691e-01
2.974077463150024414e-01
4.527787566184997559e-01
1.530053168535232544e-01
3.935377895832061768e-01
4.170092940330505371e-01
2.054437994956970215e-01
3.837689161300659180e-01
2.168097198009490967e-01
3.423125147819519043e-01
3.499469757080078125e-01
2.410192191600799561e-01
4.073622226715087891e-01
2.645056843757629395e-01
3.063656687736511230e-01
2.623812556266784668e-01
2.520898878574371338e-01
3.289102017879486084e-01
3.094550371170043945e-01
1.534096747636795044e-01
3.749409914016723633e-01
2.667653560638427734e-01
3.109169304370880127e-01
2.355931252241134644e-01
4.567853808403015137e-01
1.404938101768493652e-01
3.958471119403839111e-01
2.247307896614074707e-01
4.276231229305267334e-01
1.467890739440917969e-01
6.386769413948059082e-01
5.583753064274787903e-02
8.015031814575195312e-01
3.817945718765258789e-02
5.988650321960449219e-01
1.134095788002014160e-01
6.209900379180908203e-01
2.586739957332611084e-01
4.006846547126770020e-01
3.513145446777343750e-01
2.988030612468719482e-01
3.178786635398864746e-01
5.177161693572998047e-01
1.927753090858459473e-01
3.642160296440124512e-01
3.709364235401153564e-01
2.978278100490570068e-01
2.348575592041015625e-01
4.193370938301086426e-01
2.764032483100891113e-01
2.036613523960113525e-01
4.264269471168518066e-01
3.005228042602539062e-01
2.522175312042236328e-01
3.106234669685363770e-01
2.571633458137512207e-01
3.872524499893188477e-01
2.310396730899810791e-01
3.197168111801147461e-01
2.910484075546264648e-01
2.412055879831314087e-01
3.616657853126525879e-01
2.984220981597900391e-01
2.188154757022857666e-01
3.827454745769500732e-01
3.370584845542907715e-01
2.559434473514556885e-01
3.351106345653533936e-01
3.521197736263275146e-01
2.149943113327026367e-01
4.366277456283569336e-01
3.031942844390869141e-01
2.906138896942138672e-01
2.043912559747695923e-01
2.486208975315093994e-01
4.540649056434631348e-01
2.427624911069869995e-01
2.304729968309402466e-01
3.830392360687255859e-01
2.937506437301635742e-01
4.244899153709411621e-01
2.076383233070373535e-01
4.682035446166992188e-01
1.330484598875045776e-01
4.201058745384216309e-01
2.249779403209686279e-01
2.766779065132141113e-01
3.596270084381103516e-01
2.731181979179382324e-01
3.304715156555175781e-01
3.343871235847473145e-01
2.055396139621734619e-01
3.514760136604309082e-01
2.273524403572082520e-01
3.652111887931823730e-01
3.014188408851623535e-01
3.133825063705444336e-01
2.181389629840850830e-01
4.714063405990600586e-01
1.334200203418731689e-01
3.881600201129913330e-01
3.044241368770599365e-01
2.724876999855041504e-01
3.008403182029724121e-01
3.355694413185119629e-01
2.763060033321380615e-01
3.482583165168762207e-01
3.147589564323425293e-01
4.061406254768371582e-01
1.951206028461456299e-01
3.816407620906829834e-01
2.126328796148300171e-01
3.593139946460723877e-01
2.043103426694869995e-01
4.395415186882019043e-01
1.556335389614105225e-01
5.138860344886779785e-01
1.974153220653533936e-01
3.228247761726379395e-01
3.528227210044860840e-01
2.186577022075653076e-01
4.313243031501770020e-01
2.218975871801376343e-01
2.320789247751235962e-01
4.304156899452209473e-01
2.148680984973907471e-01
3.440061807632446289e-01
2.440018802881240845e-01
3.068899512290954590e-01
2.799628674983978271e-01
2.544487416744232178e-01
3.427659869194030762e-01
3.262115716934204102e-01
3.341073989868164062e-01
2.604967653751373291e-01
3.205787837505340576e-01
3.066863417625427246e-01
2.832668423652648926e-01
2.815401554107666016e-01
2.445070296525955200e-01
3.708958923816680908e-01
2.236230373382568359e-01
4.551306664943695068e-01
1.920850872993469238e-01
3.432365655899047852e-01
2.292351126670837402e-01
2.945449948310852051e-01
2.498946785926818848e-01
2.800143957138061523e-01
2.933258116245269775e-01
2.153821885585784912e-01
4.347977042198181152e-01
2.008519321680068970e-01
3.173142671585083008e-01
2.933841645717620850e-01
2.993401885032653809e-01
2.811684310436248779e-01
2.019428461790084839e-01
3.982322812080383301e-01
3.708850741386413574e-01
2.008938789367675781e-01
4.103081822395324707e-01
2.187235057353973389e-01
3.482300043106079102e-01
2.903417944908142090e-01
3.495876193046569824e-01
1.960737705230712891e-01
3.843298852443695068e-01
3.483213782310485840e-01
2.056163251399993896e-01
4.109122753143310547e-01
2.848584055900573730e-01
3.048106431961059570e-01
2.578915059566497803e-01
2.798908352851867676e-01
2.916511893272399902e-01
3.221636414527893066e-01
2.341564446687698364e-01
3.796599209308624268e-01
3.225587606430053711e-01
1.894763112068176270e-01
3.900893926620483398e-01
2.640011608600616455e-01
2.685972452163696289e-01
3.487964272499084473e-01
1.830347776412963867e-01
3.213192820549011230e-01
3.019005954265594482e-01
2.450668066740036011e-01
3.999616801738739014e-01
2.721956670284271240e-01
1.565790474414825439e-01
5.998518466949462891e-01
1.566679179668426514e-01
3.483662307262420654e-01
2.466249465942382812e-01
3.729386925697326660e-01
2.463448047637939453e-01
3.691544234752655029e-01
1.577722132205963135e-01
2.262240946292877197e-01
4.740100502967834473e-01
1.694066822528839111e-01
3.703046441078186035e-01
2.896736860275268555e-01
2.608973383903503418e-01
2.775272727012634277e-01
2.394675910472869873e-01
2.962903380393981934e-01
3.940553963184356689e-01
1.796698272228240967e-01
4.022013545036315918e-01
1.820984929800033569e-01
4.639059305191040039e-01
1.703248023986816406e-01
4.883891344070434570e-01
1.744640916585922241e-01
3.743640780448913574e-01
2.333548367023468018e-01
5.154262781143188477e-01
1.308027505874633789e-01
3.553354144096374512e-01
2.607586383819580078e-01
2.455579638481140137e-01
2.785854339599609375e-01
2.456542253494262695e-01
3.623462915420532227e-01
1.644833981990814209e-01
3.716238141059875488e-01
2.162021547555923462e-01
4.007407426834106445e-01
2.470225989818572998e-01
4.842496514320373535e-01
7.297310978174209595e-02
9.368981719017028809e-01
2.860268764197826385e-02
6.514422893524169922e-01
1.348176449537277222e-01
3.269632458686828613e-01
3.301769793033599854e-01
3.680417835712432861e-01
3.196634054183959961e-01
2.831106781959533691e-01
2.968474030494689941e-01
4.086540639400482178e-01
2.240049839019775391e-01
2.872904837131500244e-01
4.306218028068542480e-01
2.637621164321899414e-01
3.185561001300811768e-01
3.944622874259948730e-01
2.599777579307556152e-01
3.575152456760406494e-01
3.631072044372558594e-01
3.731521368026733398e-01
3.161187171936035156e-01
3.770247697830200195e-01
3.593205511569976807e-01
2.732971608638763428e-01
2.794892191886901855e-01
3.056057691574096680e-01
3.250403404235839844e-01
3.229979872703552246e-01
1.800880432128906250e-01
4.152227640151977539e-01
2.830601930618286133e-01
1.916763782501220703e-01
4.165057539939880371e-01
2.729786634445190430e-01
3.342418670654296875e-01
2.532418072223663330e-01
2.467294633388519287e-01
3.507442474365234375e-01
2.721962630748748779e-01
3.031952381134033203e-01
2.538722157478332520e-01
3.885183334350585938e-01
2.832370102405548096e-01
2.766605019569396973e-01
3.009582757949829102e-01
2.779669761657714844e-01
2.855004668235778809e-01
3.527038693428039551e-01
2.471672445535659790e-01
4.101680517196655273e-01
3.096877336502075195e-01
2.710835039615631104e-01
2.615565657615661621e-01
3.044592440128326416e-01
2.050567716360092163e-01
3.399656414985656738e-01
2.849237918853759766e-01
2.243003249168395996e-01
4.116787612438201904e-01
2.090696096420288086e-01
5.600762963294982910e-01
1.968360543251037598e-01
8.090937137603759766e-01
1.624303311109542847e-02
5.841355323791503906e-01
2.383398115634918213e-01
4.693405926227569580e-01
3.716880679130554199e-01
3.223835825920104980e-01
5.782886147499084473e-01
1.887518763542175293e-01
3.879863023757934570e-01
3.592179417610168457e-01
2.545178830623626709e-01
4.094119071960449219e-01
2.214960902929306030e-01
3.495485186576843262e-01
3.913269639015197754e-01
3.730451464653015137e-01
4.025453031063079834e-01
2.208634018898010254e-01
4.755666851997375488e-01
2.887163758277893066e-01
3.955157399177551270e-01
2.885361015796661377e-01
2.950238585472106934e-01
3.247776925563812256e-01
2.987413406372070312e-01
3.677388429641723633e-01
3.652978539466857910e-01
2.357784360647201538e-01
2.876140475273132324e-01
3.468551039695739746e-01
2.538319528102874756e-01
2.840284705162048340e-01
3.463568687438964844e-01
2.118425518274307251e-01
2.956612706184387207e-01
3.760396838188171387e-01
2.209107279777526855e-01
4.781160056591033936e-01
2.064710408449172974e-01
4.019148349761962891e-01
2.035349160432815552e-01
5.403281450271606445e-01
1.898188591003417969e-01
5.138594508171081543e-01
1.192792728543281555e-01
3.943125903606414795e-01
2.332739531993865967e-01
5.032908320426940918e-01
1.648316979408264160e-01
4.132484793663024902e-01
2.209150195121765137e-01
2.629105448722839355e-01
2.599866986274719238e-01
3.002450466156005859e-01
3.435930013656616211e-01
2.389300763607025146e-01
2.611722946166992188e-01
3.403203189373016357e-01
2.267832607030868530e-01
3.801645636558532715e-01
2.849488556385040283e-01
2.374611049890518188e-01
2.973711490631103516e-01
2.370488941669464111e-01
2.812218666076660156e-01
3.422126173973083496e-01
1.710610240697860718e-01
2.522338628768920898e-01
4.532362222671508789e-01
2.279416918754577637e-01
6.329693198204040527e-01
5.035139247775077820e-02
8.210755586624145508e-01
7.241865992546081543e-02
4.217303395271301270e-01
2.385869622230529785e-01
1.758120954036712646e-01
3.434255123138427734e-01
2.887433171272277832e-01
3.799355328083038330e-01
1.603248715400695801e-01
6.177065372467041016e-01
1.144430041313171387e-01
5.936058163642883301e-01
1.011119708418846130e-01
3.710833191871643066e-01
3.380315005779266357e-01
1.474932581186294556e-01
3.909487128257751465e-01
3.331559598445892334e-01
2.206786274909973145e-01
3.812875151634216309e-01
2.255244106054306030e-01
3.219200968742370605e-01
2.525371313095092773e-01
3.017818331718444824e-01
2.887107729911804199e-01
3.187209367752075195e-01
2.169361859560012817e-01
3.191991150379180908e-01
4.518198370933532715e-01
1.933012008666992188e-01
3.195182085037231445e-01
2.919369339942932129e-01
2.471901178359985352e-01
3.156273961067199707e-01
3.236135840415954590e-01
2.152617871761322021e-01
1.856655180454254150e-01
3.334480524063110352e-01
2.976603209972381592e-01
2.180531024932861328e-01
4.118863642215728760e-01
2.154603302478790283e-01
3.951771259307861328e-01
2.664325833320617676e-01
2.416926473379135132e-01
3.582547605037689209e-01
2.757631838321685791e-01
2.010267674922943115e-01
4.728919267654418945e-01
1.405428051948547363e-01
4.739939570426940918e-01
2.180713117122650146e-01
2.700168192386627197e-01
2.928077876567840576e-01
4.171976149082183838e-01
2.076528072357177734e-01
3.789658546447753906e-01
2.658319771289825439e-01
3.303523063659667969e-01
2.805040478706359863e-01
2.909683585166931152e-01
2.532083988189697266e-01
2.482277601957321167e-01
4.281510114669799805e-01
1.167641431093215942e-01
5.742698907852172852e-01
1.560712456703186035e-01
5.776216387748718262e-01
8.414188027381896973e-02
4.393434524536132812e-01
3.002507984638214111e-01
2.959152460098266602e-01
2.234054803848266602e-01
3.212015330791473389e-01
2.117253392934799194e-01
5.444099903106689453e-01
2.556360363960266113e-01
4.056342840194702148e-01
2.125491946935653687e-01
2.885797321796417236e-01
2.859153151512145996e-01
3.435485363006591797e-01
3.292625546455383301e-01
3.801993131637573242e-01
1.956256031990051270e-01
5.212870836257934570e-01
2.546319067478179932e-01
2.325237691402435303e-01
3.844515085220336914e-01
2.999902963638305664e-01
2.287961691617965698e-01
2.553938925266265869e-01
1.613821685314178467e-01
5.078004598617553711e-01
1.834401488304138184e-01
3.160319626331329346e-01
3.291638195514678955e-01
2.061650753021240234e-01
2.161053717136383057e-01
6.960023045539855957e-01
1.344612836837768555e-01
6.882053017616271973e-01
4.845250770449638367e-02
5.155410170555114746e-01
2.393364608287811279e-01
1.649831235408782959e-01
3.341502547264099121e-01
2.887746095657348633e-01
2.723877131938934326e-01
2.065663337707519531e-01
4.700087308883666992e-01
2.609096467494964600e-01
2.546533346176147461e-01
2.723624408245086670e-01
3.016417026519775391e-01
2.231603562831878662e-01
5.250480771064758301e-01
2.264565676450729370e-01
3.906953632831573486e-01
2.520920038223266602e-01
3.572789430618286133e-01
2.693002820014953613e-01
3.816339969635009766e-01
2.546706795692443848e-01
4.375174045562744141e-01
2.117680162191390991e-01
4.272530078887939453e-01
2.239964008331298828e-01
2.183932065963745117e-01
4.327380955219268799e-01
2.356892228126525879e-01
2.243379056453704834e-01
3.832145333290100098e-01
2.547032237052917480e-01
3.260922133922576904e-01
3.509874641895294189e-01
2.505819499492645264e-01
3.016379475593566895e-01
3.256327807903289795e-01
3.247171044349670410e-01
3.188451528549194336e-01
3.337451219558715820e-01
2.707413434982299805e-01
3.459881544113159180e-01
3.369461297988891602e-01
2.439609169960021973e-01
2.579866051673889160e-01
3.055924177169799805e-01
2.207147181034088135e-01
2.540988326072692871e-01
2.429014444351196289e-01
3.705057799816131592e-01
2.236579954624176025e-01
3.250144720077514648e-01
2.885315120220184326e-01
2.950834333896636963e-01
3.424723744392395020e-01
1.868730783462524414e-01
3.718686401844024658e-01
1.473196446895599365e-01
2.657081782817840576e-01
2.897434532642364502e-01
2.984090447425842285e-01
1.914349794387817383e-01
2.154170125722885132e-01
6.802375316619873047e-01
1.978168636560440063e-01
5.157989263534545898e-01
8.349774777889251709e-02
5.007256269454956055e-01
1.870007961988449097e-01
2.607384324073791504e-01
4.366709589958190918e-01
2.075402736663818359e-01
3.550046384334564209e-01
3.307546973228454590e-01
2.638731002807617188e-01
2.448789179325103760e-01
4.248183965682983398e-01
2.505881190299987793e-01
3.728758394718170166e-01
2.645204961299896240e-01
2.835192978382110596e-01
4.711258709430694580e-01
2.184966206550598145e-01
6.084170341491699219e-01
2.043555080890655518e-01
8.380398154258728027e-01
1.613436080515384674e-02
3.952790498733520508e-01
6.020333170890808105e-01
9.742125123739242554e-02
6.102156639099121094e-01
2.629871368408203125e-01
1.981779932975769043e-01
4.702327251434326172e-01
2.644910812377929688e-01
3.655410408973693848e-01
3.351072967052459717e-01
2.842068672180175781e-01
3.846931159496307373e-01
2.699480652809143066e-01
3.838178515434265137e-01
2.144760936498641968e-01
4.165455996990203857e-01
2.910245060920715332e-01
2.726342678070068359e-01
4.800251722335815430e-01
2.139194607734680176e-01
3.346799015998840332e-01
3.599365353584289551e-01
2.901902794837951660e-01
2.279401719570159912e-01
3.165537118911743164e-01
2.826245725154876709e-01
3.932017087936401367e-01
1.831941604614257812e-01
3.254119157791137695e-01
3.445641398429870605e-01
2.448007613420486450e-01
2.433464229106903076e-01
3.618631660938262939e-01
3.551873564720153809e-01
2.583658993244171143e-01
4.023276865482330322e-01
4.078300893306732178e-01
1.477637588977813721e-01
2.734647691249847412e-01
2.624652385711669922e-01
2.621702551841735840e-01
3.853043317794799805e-01
1.830079108476638794e-01
3.665544688701629639e-01
3.403916656970977783e-01
2.478652894496917725e-01
2.643970847129821777e-01
4.028291702270507812e-01
1.881071776151657104e-01
4.232266843318939209e-01
2.596312761306762695e-01
2.680692672729492188e-01
3.101308941841125488e-01
2.403992414474487305e-01
4.669558405876159668e-01
2.054361701011657715e-01
4.090030193328857422e-01
1.806257963180541992e-01
3.623188138008117676e-01
3.686780929565429688e-01
2.067998945713043213e-01
3.831215500831604004e-01
2.440923899412155151e-01
2.894921004772186279e-01
3.534643948078155518e-01
3.121021986007690430e-01
4.043855369091033936e-01
1.853835880756378174e-01
4.521917700767517090e-01
2.979146838188171387e-01
2.164469063282012939e-01
5.357726216316223145e-01
1.361200511455535889e-01
4.162577092647552490e-01
1.958716064691543579e-01
2.346028387546539307e-01
3.399841785430908203e-01
3.528911769390106201e-01
2.057205736637115479e-01
3.110985159873962402e-01
3.246341347694396973e-01
2.244593650102615356e-01
4.471962451934814453e-01
2.983658611774444580e-01
2.735712528228759766e-01
4.628946185111999512e-01
1.758077889680862427e-01
2.964299917221069336e-01
3.713193535804748535e-01
1.460254192352294922e-01
6.602832674980163574e-01
1.569853425025939941e-01
5.762076377868652344e-01
1.660548001527786255e-01
4.659285545349121094e-01
2.109322696924209595e-01
3.921226263046264648e-01
1.954624652862548828e-01
3.340449929237365723e-01
3.249723017215728760e-01
2.524875998497009277e-01
3.628287315368652344e-01
2.686262130737304688e-01
3.500996232032775879e-01
2.936532199382781982e-01
2.904594838619232178e-01
3.239160776138305664e-01
3.256378769874572754e-01
2.786644697189331055e-01
2.676593959331512451e-01
4.344002306461334229e-01
1.835165768861770630e-01
3.556988537311553955e-01
2.470454275608062744e-01
3.302413523197174072e-01
2.535873055458068848e-01
3.514747917652130127e-01
3.692749738693237305e-01
1.818957328796386719e-01
2.843416333198547363e-01
2.964714765548706055e-01
2.705572843551635742e-01
2.914375364780426025e-01
2.924145758152008057e-01
3.511994183063507080e-01
3.020474314689636230e-01
2.886458337306976318e-01
3.235006928443908691e-01
2.854145765304565430e-01
2.523356974124908447e-01
2.868660986423492432e-01
2.987521290779113770e-01
2.117260545492172241e-01
2.487904727458953857e-01
3.211576342582702637e-01
3.381152153015136719e-01
2.354526817798614502e-01
4.516113400459289551e-01
1.872340738773345947e-01
5.271602869033813477e-01
1.270360648632049561e-01
5.042827129364013672e-01
2.148145139217376709e-01
4.264927506446838379e-01
1.203879714012145996e-01
6.307594180107116699e-01
8.270109444856643677e-02
5.499776601791381836e-01
1.567268073558807373e-01
6.590851545333862305e-01
7.855132967233657837e-02
3.658337295055389404e-01
3.428211212158203125e-01
2.136437147855758667e-01
5.573825836181640625e-01
1.549934744834899902e-01
5.670756697654724121e-01
1.378819048404693604e-01
5.034039616584777832e-01
2.760947942733764648e-01
3.364457488059997559e-01
3.000949025154113770e-01
3.170873522758483887e-01
3.782392740249633789e-01
3.076949715614318848e-01
4.392268061637878418e-01
2.802599370479583740e-01
3.832205832004547119e-01
2.123548090457916260e-01
3.715344667434692383e-01
3.289926946163177490e-01
1.980133652687072754e-01
2.659501433372497559e-01
2.650686502456665039e-01
3.132489323616027832e-01
2.238044291734695435e-01
4.038890898227691650e-01
1.977931559085845947e-01
3.839998245239257812e-01
3.455872833728790283e-01
2.151863127946853638e-01
4.302345216274261475e-01
3.684028983116149902e-01
1.996384561061859131e-01
3.231748342514038086e-01
2.955041825771331787e-01
3.432887196540832520e-01
3.397675156593322754e-01
1.765884011983871460e-01
3.422423899173736572e-01
2.901147007942199707e-01
2.291131466627120972e-01
2.906389832496643066e-01
4.091838300228118896e-01
2.442619502544403076e-01
2.341972142457962036e-01
3.591850697994232178e-01
1.939908862113952637e-01
2.669760584831237793e-01
3.328081369400024414e-01
2.037523090839385986e-01
5.971559882164001465e-01
1.423336416482925415e-01
5.478364229202270508e-01
1.312938481569290161e-01
6.055521965026855469e-01
8.283200114965438843e-02
3.980607390403747559e-01
4.264250993728637695e-01
1.800842583179473877e-01
5.782023072242736816e-01
1.759900748729705811e-01
5.304310321807861328e-01
1.760564893484115601e-01
3.729862570762634277e-01
3.576828837394714355e-01
2.167475521564483643e-01
4.361168742179870605e-01
1.292701214551925659e-01
5.111936330795288086e-01
2.454131096601486206e-01
1.418554484844207764e-01
5.055246353149414062e-01
2.617081701755523682e-01
2.283574193716049194e-01
4.047368764877319336e-01
4.274947047233581543e-01
2.507122159004211426e-01
3.706405758857727051e-01
2.982798516750335693e-01
3.557704985141754150e-01
2.798748612403869629e-01
3.769285082817077637e-01
1.937832981348037720e-01
5.315421819686889648e-01
2.531039118766784668e-01
1.837596446275711060e-01
4.424215257167816162e-01
2.724987566471099854e-01
2.699339091777801514e-01
3.951279819011688232e-01
2.892489731311798096e-01
3.691879808902740479e-01
3.518016040325164795e-01
3.055773973464965820e-01
3.269615769386291504e-01
3.653837740421295166e-01
2.717589139938354492e-01
4.439193606376647949e-01
1.711567044258117676e-01
5.940029621124267578e-01
2.099155932664871216e-01
2.966476678848266602e-01
4.963079392910003662e-01
2.002442628145217896e-01
2.710470259189605713e-01
4.720702171325683594e-01
2.154649496078491211e-01
3.117874264717102051e-01
3.911463618278503418e-01
1.439492702484130859e-01
5.652771592140197754e-01
2.440834492444992065e-01
3.216525912284851074e-01
4.095411896705627441e-01
2.940809428691864014e-01
3.707155883312225342e-01
3.008032143115997314e-01
3.050217330455780029e-01
3.716799020767211914e-01
3.043165802955627441e-01
3.576797544956207275e-01
3.425368368625640869e-01
1.862328201532363892e-01
4.922074973583221436e-01
2.271551191806793213e-01
4.346463680267333984e-01
2.592996358871459961e-01
3.533571362495422363e-01
1.628537774085998535e-01
3.300625383853912354e-01
3.669225275516510010e-01
1.772315502166748047e-01
4.291472136974334717e-01
3.534030020236968994e-01
1.485077738761901855e-01
4.179281592369079590e-01
2.391308993101119995e-01
3.944406509399414062e-01
1.410764604806900024e-01
4.823102951049804688e-01
2.143546640872955322e-01
3.603093326091766357e-01
2.249367535114288330e-01
2.815513312816619873e-01
5.548048615455627441e-01
2.104839235544204712e-01
2.619190514087677002e-01
4.933505952358245850e-01
1.761368215084075928e-01
4.109956622123718262e-01
3.818231225013732910e-01
2.058184742927551270e-01
3.873414099216461182e-01
3.287546634674072266e-01
3.116769194602966309e-01
3.134601116180419922e-01
3.680440187454223633e-01
2.092616260051727295e-01
3.442618846893310547e-01
3.661329746246337891e-01
2.196337282657623291e-01
3.674770593643188477e-01
3.151357173919677734e-01
2.481049299240112305e-01
3.247783780097961426e-01
3.095780313014984131e-01
2.617182731628417969e-01
2.955426573753356934e-01
3.478636741638183594e-01
2.746222019195556641e-01
3.872878551483154297e-01
1.625023782253265381e-01
4.673391878604888916e-01
2.861514091491699219e-01
3.477928638458251953e-01
1.908347904682159424e-01
5.576415657997131348e-01
1.213770955801010132e-01
7.241162061691284180e-01
6.792822480201721191e-02
3.801187872886657715e-01
3.906322121620178223e-01
1.762809455394744873e-01
4.274199306964874268e-01
2.153900116682052612e-01
3.458642959594726562e-01
2.884279191493988037e-01
3.274043202400207520e-01
2.728438973426818848e-01
4.163725376129150391e-01
2.688626050949096680e-01
3.050059974193572998e-01
3.463153243064880371e-01
3.526462316513061523e-01
2.209068387746810913e-01
3.647232651710510254e-01
1.914025098085403442e-01
4.026738703250885010e-01
2.504637837409973145e-01
3.388528227806091309e-01
2.491580545902252197e-01
2.864212393760681152e-01
3.868688344955444336e-01
1.558573693037033081e-01
2.839418947696685791e-01
3.826709091663360596e-01
2.249995768070220947e-01
3.289915025234222412e-01
3.197538852691650391e-01
2.498337477445602417e-01
2.757350802421569824e-01
3.701302409172058105e-01
2.918909788131713867e-01
2.820726335048675537e-01
3.701474070549011230e-01
2.173198163509368896e-01
4.061957299709320068e-01
1.980182826519012451e-01
3.167060613632202148e-01
3.904474079608917236e-01
2.669941484928131104e-01
6.283969879150390625e-01
3.758194670081138611e-02
7.281211614608764648e-01
9.870769083499908447e-02
6.243801712989807129e-01
3.069748878479003906e-01
3.679497838020324707e-01
3.710101246833801270e-01
3.973893523216247559e-01
3.425254225730895996e-01
3.444305658340454102e-01
3.969329893589019775e-01
4.224549233913421631e-01
2.638786435127258301e-01
3.981553018093109131e-01
4.188641905784606934e-01
3.237696290016174316e-01
4.646646082401275635e-01
2.590848505496978760e-01
4.676907062530517578e-01
2.160671949386596680e-01
4.021388292312622070e-01
2.636818885803222656e-01
4.143352508544921875e-01
2.538290619850158691e-01
3.165569901466369629e-01
3.448265790939331055e-01
3.152526319026947021e-01
5.198240876197814941e-01
2.123212367296218872e-01
4.654717147350311279e-01
2.722204923629760742e-01
6.102137565612792969e-01
1.000239998102188110e-01
4.065079689025878906e-01
2.932551801204681396e-01
2.100191414356231689e-01
3.239347338676452637e-01
2.089333832263946533e-01
3.906778097152709961e-01
2.930788695812225342e-01
2.754634916782379150e-01
3.301459252834320068e-01
2.604654133319854736e-01
3.430234193801879883e-01
2.391073554754257202e-01
3.911747038364410400e-01
1.969596147537231445e-01
5.553320050239562988e-01
1.300072669982910156e-01
3.769222795963287354e-01
2.370181828737258911e-01
3.269221186637878418e-01
3.784780502319335938e-01
1.833224296569824219e-01
4.226910471916198730e-01
4.034298360347747803e-01
1.645485311746597290e-01
4.508081674575805664e-01
2.817319929599761963e-01
2.911361455917358398e-01
3.922553658485412598e-01
1.649289727210998535e-01
3.655659258365631104e-01
3.103131651878356934e-01
3.683258295059204102e-01
3.148022592067718506e-01
2.778555154800415039e-01
5.134823918342590332e-01
2.344070523977279663e-01
5.937770009040832520e-01
6.019176542758941650e-02
4.976547658443450928e-01
3.052219450473785400e-01
2.237479835748672485e-01
3.586086034774780273e-01
2.814697623252868652e-01
2.396155595779418945e-01
4.399714767932891846e-01
2.818101942539215088e-01
2.242640405893325806e-01
3.301176726818084717e-01
2.942735254764556885e-01
3.667771220207214355e-01
2.140623033046722412e-01
3.539383411407470703e-01
4.199698567390441895e-01
2.021805793046951294e-01
5.037766098976135254e-01
1.794567257165908813e-01
2.699282467365264893e-01
4.839197397232055664e-01
2.070760428905487061e-01
2.443096637725830078e-01
5.229760408401489258e-01
1.752130091190338135e-01
5.779240131378173828e-01
1.148917153477668762e-01
4.533518552780151367e-01
2.211716026067733765e-01
2.593994140625000000e-01
3.762537240982055664e-01
2.546613216400146484e-01
3.304387927055358887e-01
2.872033119201660156e-01
4.230647385120391846e-01
1.745903193950653076e-01
4.268847405910491943e-01
2.613601088523864746e-01
4.077903032302856445e-01
2.035336196422576904e-01
3.744854331016540527e-01
3.019652962684631348e-01
3.046004176139831543e-01
2.958198189735412598e-01
3.564077019691467285e-01
2.052665352821350098e-01
3.761950433254241943e-01
2.795916795730590820e-01
3.475182056427001953e-01
3.884618878364562988e-01
2.454169988632202148e-01
5.221081376075744629e-01
2.059687674045562744e-01
3.960532546043395996e-01
2.735829651355743408e-01
2.525858879089355469e-01
3.411164879798889160e-01
3.892536163330078125e-01
1.044158339500427246e-01
5.997951030731201172e-01
2.508260011672973633e-01
1.679853349924087524e-01
4.001493453979492188e-01
2.678292989730834961e-01
1.872002780437469482e-01
5.908820629119873047e-01
2.044177502393722534e-01
6.031161546707153320e-01
8.726164698600769043e-02
5.794061422348022461e-01
1.976162642240524292e-01
3.724210858345031738e-01
3.731673657894134521e-01
3.215444982051849365e-01
4.152112007141113281e-01
2.290920466184616089e-01
2.583204209804534912e-01
4.224069118499755859e-01
2.178164422512054443e-01
1.926170736551284790e-01
3.631003499031066895e-01
3.615412414073944092e-01
2.179217636585235596e-01
4.404807090759277344e-01
2.448499053716659546e-01
3.518928885459899902e-01
2.916201949119567871e-01
3.990204334259033203e-01
3.123962283134460449e-01
2.559199929237365723e-01
3.893525600433349609e-01
2.714775502681732178e-01
4.103370904922485352e-01
1.754275560379028320e-01
3.240154981613159180e-01
2.810388207435607910e-01
3.555008769035339355e-01
2.235591262578964233e-01
2.552589476108551025e-01
4.946697354316711426e-01
1.974974274635314941e-01
2.569699883460998535e-01
4.413934648036956787e-01
2.220070064067840576e-01
4.701968133449554443e-01
2.155615091323852539e-01
4.277356863021850586e-01
3.704605400562286377e-01
2.691866457462310791e-01
4.201540946960449219e-01
1.864298880100250244e-01
6.986601352691650391e-01
1.076865121722221375e-01
8.134760856628417969e-01
1.295922547578811646e-01
5.838418006896972656e-01
4.415009915828704834e-01
2.132846415042877197e-01
5.260074138641357422e-01
2.625048458576202393e-01
3.389927744865417480e-01
4.345654845237731934e-01
2.491682469844818115e-01
4.147866964340209961e-01
3.604162931442260742e-01
2.667668461799621582e-01
3.362623751163482666e-01
3.216362595558166504e-01
1.955041289329528809e-01
6.081542968750000000e-01
1.507074683904647827e-01
4.342745244503021240e-01
3.110807538032531738e-01
3.374644815921783447e-01
1.930303275585174561e-01
5.852229595184326172e-01
1.590580344200134277e-01
3.397415876388549805e-01
4.256788790225982666e-01
2.679041624069213867e-01
2.752489447593688965e-01
5.077661275863647461e-01
2.522417902946472168e-01
2.574285864830017090e-01
3.322931826114654541e-01
3.736261725425720215e-01
2.170319259166717529e-01
3.907793164253234863e-01
2.621203958988189697e-01
2.728567123413085938e-01
3.490505814552307129e-01
2.453795224428176880e-01
3.968275189399719238e-01
2.120352089405059814e-01
5.949164628982543945e-01
9.074249118566513062e-02
6.065304279327392578e-01
1.706519722938537598e-01
2.857329845428466797e-01
4.244852662086486816e-01
2.436251789331436157e-01
3.823763728141784668e-01
3.214024007320404053e-01
2.658746838569641113e-01
5.155481696128845215e-01
1.553979814052581787e-01
5.146829485893249512e-01
2.185145616531372070e-01
3.139109611511230469e-01
3.450729846954345703e-01
2.415598779916763306e-01
2.994275093078613281e-01
2.675132751464843750e-01
3.852589130401611328e-01
2.610552608966827393e-01
2.050301134586334229e-01
5.074659585952758789e-01
2.578123211860656738e-01
4.044034481048583984e-01
2.740818858146667480e-01
3.539539575576782227e-01
4.042115211486816406e-01
1.871019005775451660e-01
4.779244661331176758e-01
2.269517481327056885e-01
4.784210920333862305e-01
1.255452036857604980e-01
4.351644515991210938e-01
3.678601980209350586e-01
1.980573832988739014e-01
4.291055202484130859e-01
3.530335426330566406e-01
2.540495991706848145e-01
4.136696457862854004e-01
3.301592469215393066e-01
2.256727963685989380e-01
3.453661203384399414e-01
3.183148503303527832e-01
2.173167318105697632e-01
5.112314224243164062e-01
1.366232335567474365e-01
2.646438479423522949e-01
4.035395085811614990e-01
1.489849537611007690e-01
3.864655494689941406e-01
2.793518304824829102e-01
3.162422776222229004e-01
2.313743531703948975e-01
2.691039443016052246e-01
3.304565548896789551e-01
4.048089981079101562e-01
3.666037917137145996e-01
3.982629776000976562e-01
2.358548492193222046e-01
3.773847222328186035e-01
2.495744675397872925e-01
2.497557103633880615e-01
3.864440917968750000e-01
2.305220067501068115e-01
1.803612262010574341e-01
3.025022447109222412e-01
3.067518472671508789e-01
2.902105450630187988e-01
3.913106620311737061e-01
2.496398985385894775e-01
4.644162654876708984e-01
1.751146018505096436e-01
7.146000862121582031e-01
1.242488473653793335e-01
4.501638412475585938e-01
3.026455938816070557e-01
3.864492475986480713e-01
2.905880808830261230e-01
2.382310032844543457e-01
3.595941662788391113e-01
2.105296105146408081e-01
3.746646642684936523e-01
3.462229371070861816e-01
2.220176756381988525e-01
4.732081294059753418e-01
2.453350126743316650e-01
3.395723104476928711e-01
3.082785606384277344e-01
3.674346208572387695e-01
2.972317337989807129e-01
3.149117231369018555e-01
3.776788711547851562e-01
2.295487970113754272e-01
2.989693582057952881e-01
4.486938118934631348e-01
1.238713786005973816e-01
4.848862886428833008e-01
1.818038672208786011e-01
4.139454066753387451e-01
2.201021611690521240e-01
2.803403735160827637e-01
2.498915791511535645e-01
4.193303883075714111e-01
1.891344487667083740e-01
5.616948604583740234e-01
9.884656965732574463e-02
7.898711562156677246e-01
9.723839908838272095e-02
5.045897364616394043e-01
1.838544607162475586e-01
4.170561730861663818e-01
3.792859911918640137e-01
4.138658642768859863e-01
2.639195322990417480e-01
4.950274527072906494e-01
2.728264927864074707e-01
3.595017194747924805e-01
2.235869765281677246e-01
3.703439235687255859e-01
3.320808708667755127e-01
2.290396392345428467e-01
2.947735190391540527e-01
3.346678018569946289e-01
2.019279599189758301e-01
3.656237125396728516e-01
2.725012302398681641e-01
4.849771857261657715e-01
3.354374170303344727e-01
3.422320187091827393e-01
3.241361379623413086e-01
2.450192570686340332e-01
3.820572495460510254e-01
2.555796504020690918e-01
2.567209601402282715e-01
2.841381430625915527e-01
3.276905715465545654e-01
4.799869060516357422e-01
2.109130322933197021e-01
3.953707516193389893e-01
3.208960890769958496e-01
3.818654119968414307e-01
3.300566673278808594e-01
2.719744443893432617e-01
5.453131198883056641e-01
1.499611139297485352e-01
4.513078033924102783e-01
1.939430087804794312e-01
2.820329666137695312e-01
2.548798322677612305e-01
3.679156899452209473e-01
2.852103710174560547e-01
2.600450813770294189e-01
3.977546095848083496e-01
2.838417887687683105e-01
2.276306152343750000e-01
3.139744997024536133e-01
2.832276821136474609e-01
1.881161332130432129e-01
3.701388239860534668e-01
2.052148580551147461e-01
3.780736923217773438e-01
2.321414351463317871e-01
3.446375131607055664e-01
3.832029104232788086e-01
3.051300048828125000e-01
3.300552666187286377e-01
5.044800639152526855e-01
1.308224052190780640e-01
3.256525993347167969e-01
4.874934554100036621e-01
1.555066704750061035e-01
4.456579089164733887e-01
3.382220268249511719e-01
2.764216363430023193e-01
3.018173873424530029e-01
3.430593609809875488e-01
3.622156083583831787e-01
3.823934197425842285e-01
3.004804849624633789e-01
3.442134559154510498e-01
3.491129875183105469e-01
3.494578003883361816e-01
3.276351094245910645e-01
1.988891512155532837e-01
6.853169798851013184e-01
1.600336581468582153e-01
6.239621639251708984e-01
1.049059778451919556e-01
6.015905141830444336e-01
2.261694073677062988e-01
4.108912348747253418e-01
3.970605731010437012e-01
4.018478095531463623e-01
3.478218317031860352e-01
2.991828918457031250e-01
4.541378617286682129e-01
1.737720668315887451e-01
3.744888305664062500e-01
2.842960059642791748e-01
3.733062744140625000e-01
2.948354184627532959e-01
3.327996134757995605e-01
3.433661460876464844e-01
2.722429335117340088e-01
4.907149076461791992e-01
2.454433143138885498e-01
4.318429231643676758e-01
3.259774744510650635e-01
4.797687530517578125e-01
1.471737027168273926e-01
3.111537098884582520e-01
3.616693317890167236e-01
2.479532063007354736e-01
3.360858261585235596e-01
3.520179390907287598e-01
2.166936993598937988e-01
3.079729080200195312e-01
3.597449660301208496e-01
2.549317777156829834e-01
2.916600704193115234e-01
3.731290698051452637e-01
1.950830817222595215e-01
4.966316521167755127e-01
1.761948764324188232e-01
4.195388555526733398e-01
2.047159075736999512e-01
4.264100193977355957e-01
3.653944730758666992e-01
2.665145099163055420e-01
3.502419590950012207e-01
1.924177110195159912e-01
2.680221199989318848e-01
2.470482289791107178e-01
5.140389204025268555e-01
1.732900291681289673e-01
2.515014410018920898e-01
2.566127181053161621e-01
4.298319518566131592e-01
2.058472335338592529e-01
3.359240889549255371e-01
1.663177311420440674e-01
4.997955560684204102e-01
1.333519220352172852e-01
6.171146631240844727e-01
9.215645492076873779e-02
4.592900574207305908e-01
2.451338469982147217e-01
3.615903854370117188e-01
3.144850134849548340e-01
4.150084257125854492e-01
1.940827667713165283e-01
5.279405713081359863e-01
2.264696061611175537e-01
3.658190071582794189e-01
1.925301551818847656e-01
3.968041539192199707e-01
2.834485173225402832e-01
2.808771133422851562e-01
4.925708472728729248e-01
1.332611739635467529e-01
6.727943420410156250e-01
1.313787996768951416e-01
4.127250015735626221e-01
3.406058847904205322e-01
2.174455821514129639e-01
3.482819795608520508e-01
4.004735350608825684e-01
2.988007962703704834e-01
3.708133101463317871e-01
2.558900415897369385e-01
3.022176027297973633e-01
3.941231369972229004e-01
2.128669470548629761e-01
3.094987273216247559e-01
4.106085896492004395e-01
2.159027159214019775e-01
2.791790366172790527e-01
3.641315698623657227e-01
2.464955598115921021e-01
3.999628126621246338e-01
2.141577303409576416e-01
2.632512450218200684e-01
3.746974468231201172e-01
3.456486761569976807e-01
2.048040032386779785e-01
4.287449717521667480e-01
2.396416813135147095e-01
2.362425029277801514e-01
4.435066580772399902e-01
2.469482570886611938e-01
2.874177098274230957e-01
3.135231733322143555e-01
3.438058495521545410e-01
2.572003006935119629e-01
3.663829565048217773e-01
2.538158595561981201e-01
3.436117172241210938e-01
2.847191691398620605e-01
2.881280779838562012e-01
3.269340991973876953e-01
1.771035790443420410e-01
4.239960610866546631e-01
3.383951485157012939e-01
1.808974146842956543e-01
2.836653590202331543e-01
3.762260973453521729e-01
2.525234818458557129e-01
3.518352210521697998e-01
3.522744774818420410e-01
3.225010633468627930e-01
3.412435054779052734e-01
2.371732592582702637e-01
5.867887735366821289e-01
1.101457998156547546e-01
5.296973586082458496e-01
2.674199938774108887e-01
2.302547395229339600e-01
4.650527834892272949e-01
2.225801348686218262e-01
3.430523276329040527e-01
3.877007067203521729e-01
2.690227329730987549e-01
4.887930750846862793e-01
2.164414227008819580e-01
4.681785404682159424e-01
2.183960080146789551e-01
3.406912386417388916e-01
2.474246621131896973e-01
3.738639354705810547e-01
2.030959427356719971e-01
3.576414585113525391e-01
2.120179831981658936e-01
5.766750574111938477e-01
4.206036925315856934e-01
1.175966784358024597e-01
4.342730343341827393e-01
3.042807281017303467e-01
2.026639580726623535e-01
4.272156059741973877e-01
2.276556938886642456e-01
2.437672615051269531e-01
5.046386718750000000e-01
1.614052057266235352e-01
4.128334522247314453e-01
2.526760697364807129e-01
4.317659735679626465e-01
1.730317771434783936e-01
3.543578684329986572e-01
3.246230781078338623e-01
1.903404593467712402e-01
4.968828260898590088e-01
1.104872152209281921e-01
5.794260501861572266e-01
1.677064150571823120e-01
3.664996922016143799e-01
2.748131155967712402e-01
3.391026854515075684e-01
2.944656014442443848e-01
3.691064119338989258e-01
2.191767990589141846e-01
3.092011809349060059e-01
3.578533232212066650e-01
2.289211452007293701e-01
2.757742404937744141e-01
3.834438920021057129e-01
2.498285025358200073e-01
2.982946336269378662e-01
4.120643734931945801e-01
2.677938640117645264e-01
2.177890241146087646e-01
3.785034120082855225e-01
3.668032586574554443e-01
2.445046007633209229e-01
2.931079268455505371e-01
4.012608528137207031e-01
2.958753705024719238e-01
2.374026775360107422e-01
3.053092956542968750e-01
3.389047980308532715e-01
2.334627509117126465e-01
2.616966962814331055e-01
3.780669569969177246e-01
3.110477924346923828e-01
2.961055636405944824e-01
3.067261576652526855e-01
2.739387750625610352e-01
2.633107304573059082e-01
2.813018560409545898e-01
1.987932026386260986e-01
3.625146150588989258e-01
2.928819060325622559e-01
3.411275744438171387e-01
3.750054836273193359e-01
2.018505930900573730e-01
6.385765671730041504e-01
1.236754134297370911e-01
5.123421549797058105e-01
1.318370550870895386e-01
3.349987268447875977e-01
3.119735717773437500e-01
3.054049909114837646e-01
2.841231822967529297e-01
3.234785795211791992e-01
2.253479361534118652e-01
3.773407638072967529e-01
2.898047566413879395e-01
2.465080320835113525e-01
3.444278240203857422e-01
2.161844074726104736e-01
5.593506097793579102e-01
1.555360257625579834e-01
4.322618544101715088e-01
3.412042856216430664e-01
2.731305062770843506e-01
2.634381651878356934e-01
3.963752388954162598e-01
1.584429740905761719e-01
4.471755325794219971e-01
2.023587971925735474e-01
2.588039040565490723e-01
3.371883034706115723e-01
4.102823138236999512e-01
2.392930537462234497e-01
5.210979580879211426e-01
2.446330785751342773e-01
2.827737927436828613e-01
2.551522850990295410e-01
3.602170944213867188e-01
2.867344021797180176e-01
3.736753463745117188e-01
2.173851132392883301e-01
5.328652858734130859e-01
1.938503235578536987e-01
6.266629099845886230e-01
6.591438502073287964e-02
7.156810760498046875e-01
1.335406899452209473e-01
4.249970018863677979e-01
2.983010709285736084e-01
1.479085385799407959e-01
5.069636702537536621e-01
2.927683591842651367e-01
2.436273694038391113e-01
3.395546078681945801e-01
3.291410207748413086e-01
2.888935208320617676e-01
3.429909050464630127e-01
2.451677322387695312e-01
