Epoch,Train Accuracy,Validation Accuracy
1,0.4773666666666667,0.5567333333333334
2,0.619788888888889,0.6590333333333334
3,0.6725333333333333,0.6868888888888889
4,0.7060555555555555,0.7007
5,0.7347444444444445,0.7223333333333334
6,0.7549222222222223,0.7311000000000001
7,0.7752666666666667,0.7441888888888889
8,0.8374,0.7722555555555556
9,0.8516666666666667,0.7724222222222222
10,0.8649222222222223,0.7734666666666667
