1.825866460800170898e+00
2.986398696899414062e+00
3.096196651458740234e+00
2.615185737609863281e+00
2.138859033584594727e+00
1.813735365867614746e+00
2.277569532394409180e+00
1.783701181411743164e+00
1.659412741661071777e+00
1.480026721954345703e+00
1.639878749847412109e+00
9.957392215728759766e-01
1.469155788421630859e+00
6.452419757843017578e-01
3.169061899185180664e+00
9.586314558982849121e-01
2.113019466400146484e+00
8.057501316070556641e-01
1.502787828445434570e+00
6.971148848533630371e-01
1.434110641479492188e+00
3.620932400226593018e-01
1.719589233398437500e+00
6.843106150627136230e-01
1.795352101325988770e+00
7.083587646484375000e-01
4.897898435592651367e-01
4.316032886505126953e+00
6.288011670112609863e-01
4.566493630409240723e-01
9.999901056289672852e-01
2.922711670398712158e-01
4.061650037765502930e-01
1.784249067306518555e+00
3.626118302345275879e-01
4.411365389823913574e-01
3.075959086418151855e-01
4.041919708251953125e+00
3.759656548500061035e-01
6.138457059860229492e-01
1.888002008199691772e-01
4.773034751415252686e-01
4.087064564228057861e-01
2.370863705873489380e-01
1.057264208793640137e+00
6.323675513267517090e-01
2.771252989768981934e-01
1.169669032096862793e+00
2.568897902965545654e-01
4.301965236663818359e-01
3.189093172550201416e-01
1.301626682281494141e+00
2.347608804702758789e-01
3.354477286338806152e-01
2.317088127136230469e+00
5.228205323219299316e-01
3.750164210796356201e-01
7.201095223426818848e-01
5.111732482910156250e-01
5.842240452766418457e-01
5.785979032516479492e-01
1.048205852508544922e+00
9.819873571395874023e-01
8.026282787322998047e-01
9.376972913742065430e-01
7.513267397880554199e-01
9.972580671310424805e-01
5.779980421066284180e-01
8.757461309432983398e-01
8.103756904602050781e-01
1.228560686111450195e+00
1.313055753707885742e+00
1.434964060783386230e+00
1.133036613464355469e+00
9.664812684059143066e-01
1.034009218215942383e+00
1.236172914505004883e+00
1.171549677848815918e+00
1.415171623229980469e+00
1.513024687767028809e+00
1.115882992744445801e+00
1.346962690353393555e+00
1.226494669914245605e+00
1.217350006103515625e+00
1.388983130455017090e+00
1.493101119995117188e+00
1.776232123374938965e+00
1.330882310867309570e+00
8.447681665420532227e-01
9.168890118598937988e-01
1.090153932571411133e+00
1.415228843688964844e+00
1.879081249237060547e+00
2.252639055252075195e+00
1.397387981414794922e+00
1.107586741447448730e+00
1.093885183334350586e+00
1.262635469436645508e+00
1.319393873214721680e+00
1.198411703109741211e+00
1.031361222267150879e+00
1.129527091979980469e+00
1.212061762809753418e+00
1.038739919662475586e+00
1.378547668457031250e+00
1.143373370170593262e+00
1.075720548629760742e+00
9.089330434799194336e-01
1.258170604705810547e+00
1.320456981658935547e+00
1.306445360183715820e+00
1.210064411163330078e+00
9.619609713554382324e-01
8.907744884490966797e-01
1.122647047042846680e+00
1.359838008880615234e+00
1.150362372398376465e+00
1.067750096321105957e+00
9.605435132980346680e-01
1.024290084838867188e+00
1.297755956649780273e+00
1.178626298904418945e+00
8.978689312934875488e-01
7.824007272720336914e-01
9.574258327484130859e-01
1.532895803451538086e+00
1.502971649169921875e+00
1.357535123825073242e+00
9.094877839088439941e-01
9.956228137016296387e-01
1.012189865112304688e+00
1.303606152534484863e+00
1.405725240707397461e+00
1.016138553619384766e+00
8.352674245834350586e-01
7.731819748878479004e-01
1.015555977821350098e+00
1.283878564834594727e+00
1.294262170791625977e+00
1.008224487304687500e+00
8.917404413223266602e-01
9.829216599464416504e-01
1.234345197677612305e+00
1.047911405563354492e+00
1.154078483581542969e+00
1.175974249839782715e+00
9.026111364364624023e-01
1.281301736831665039e+00
1.190062046051025391e+00
1.292428493499755859e+00
1.057477951049804688e+00
9.333217144012451172e-01
8.170051574707031250e-01
9.179788827896118164e-01
1.058042526245117188e+00
1.022521138191223145e+00
9.767956137657165527e-01
1.387243509292602539e+00
1.206519484519958496e+00
1.043872475624084473e+00
1.070611357688903809e+00
1.302194237709045410e+00
1.173288941383361816e+00
9.739498496055603027e-01
1.051958560943603516e+00
8.941481113433837891e-01
9.651179313659667969e-01
9.370309114456176758e-01
9.447246789932250977e-01
9.250239133834838867e-01
8.971352577209472656e-01
1.054843425750732422e+00
9.449428319931030273e-01
9.482801556587219238e-01
9.068820476531982422e-01
1.159443736076354980e+00
1.239988684654235840e+00
1.111433982849121094e+00
1.035531640052795410e+00
8.173731565475463867e-01
7.079728841781616211e-01
6.507583856582641602e-01
8.601086139678955078e-01
1.110476970672607422e+00
1.460065841674804688e+00
9.866092801094055176e-01
8.259611129760742188e-01
7.130429148674011230e-01
5.959174633026123047e-01
5.393071174621582031e-01
7.340073585510253906e-01
8.526992797851562500e-01
7.213656902313232422e-01
5.103671550750732422e-01
6.606174707412719727e-01
8.241927027702331543e-01
3.877586722373962402e-01
4.705775678157806396e-01
8.891946077346801758e-01
7.364513874053955078e-01
7.510983943939208984e-01
5.490980744361877441e-01
6.196615695953369141e-01
9.457284808158874512e-01
6.835805177688598633e-01
7.177592515945434570e-01
5.706702470779418945e-01
7.397112846374511719e-01
4.309037625789642334e-01
4.152023792266845703e-01
6.694468259811401367e-01
3.827024400234222412e-01
6.464132666587829590e-01
4.852034449577331543e-01
4.661092758178710938e-01
6.596162915229797363e-01
4.978061318397521973e-01
5.148195028305053711e-01
4.895788133144378662e-01
3.164330720901489258e-01
6.441202163696289062e-01
5.027157068252563477e-01
3.628499507904052734e-01
2.985944449901580811e-01
4.585356116294860840e-01
3.837679922580718994e-01
3.302507698535919189e-01
4.805815219879150391e-01
3.081993758678436279e-01
4.432301521301269531e-01
5.143305063247680664e-01
3.827707767486572266e-01
4.146614074707031250e-01
7.464648485183715820e-01
1.184606432914733887e+00
1.578910470008850098e+00
4.446022808551788330e-01
3.349966108798980713e-01
2.149667143821716309e-01
4.602735340595245361e-01
1.080881714820861816e+00
4.510912299156188965e-01
4.536294341087341309e-01
3.578761816024780273e-01
5.484374761581420898e-01
4.505382776260375977e-01
6.239870786666870117e-01
6.043633222579956055e-01
3.512261211872100830e-01
3.912067711353302002e-01
5.326507091522216797e-01
2.541570365428924561e-01
3.021358251571655273e-01
6.014246940612792969e-01
3.267734050750732422e-01
3.629649281501770020e-01
6.238767504692077637e-01
8.397023081779479980e-01
5.138025283813476562e-01
3.377677202224731445e-01
2.514738440513610840e-01
3.409221768379211426e-01
3.572304248809814453e-01
3.866211473941802979e-01
4.020298421382904053e-01
3.126236796379089355e-01
5.072007775306701660e-01
3.108084797859191895e-01
2.805268168449401855e-01
4.271275401115417480e-01
2.944449782371520996e-01
4.120695590972900391e-01
4.338093400001525879e-01
8.504434823989868164e-01
1.789097666740417480e+00
1.238748669624328613e+00
5.104441642761230469e-01
7.533845901489257812e-01
8.968044519424438477e-01
6.441666483879089355e-01
8.454118967056274414e-01
9.293845891952514648e-01
1.407040715217590332e+00
1.148907661437988281e+00
1.701973199844360352e+00
1.510381102561950684e+00
1.098617434501647949e+00
9.131790399551391602e-01
8.625154495239257812e-01
1.022424459457397461e+00
9.052690267562866211e-01
7.646157741546630859e-01
7.084826231002807617e-01
6.154001355171203613e-01
4.641983509063720703e-01
5.524057745933532715e-01
4.391966462135314941e-01
3.995953798294067383e-01
4.112473130226135254e-01
3.432452082633972168e-01
5.325915813446044922e-01
6.291584372520446777e-01
1.214858055114746094e+00
7.570602297782897949e-01
3.290639519691467285e-01
3.718003034591674805e-01
4.233517944812774658e-01
4.238230884075164795e-01
5.305092930793762207e-01
6.331436038017272949e-01
5.897436738014221191e-01
6.135860681533813477e-01
9.566546678543090820e-01
9.634656906127929688e-01
5.792082548141479492e-01
4.668335318565368652e-01
4.927025437355041504e-01
4.540404081344604492e-01
4.193824827671051025e-01
3.965370059013366699e-01
7.489037513732910156e-01
1.029770493507385254e+00
8.853621482849121094e-01
6.351178884506225586e-01
1.086293578147888184e+00
1.063469886779785156e+00
1.467603445053100586e+00
1.494275569915771484e+00
1.756998538970947266e+00
1.495568275451660156e+00
1.165209293365478516e+00
9.850502014160156250e-01
8.361793756484985352e-01
1.150437712669372559e+00
1.135504961013793945e+00
1.328476190567016602e+00
1.400462746620178223e+00
1.238874077796936035e+00
1.374592185020446777e+00
9.638471007347106934e-01
9.235707521438598633e-01
1.005342960357666016e+00
8.875395059585571289e-01
9.799522161483764648e-01
1.209210634231567383e+00
1.228682756423950195e+00
1.153995394706726074e+00
1.167390346527099609e+00
9.294338822364807129e-01
8.672173619270324707e-01
8.544533252716064453e-01
9.944864511489868164e-01
6.700701713562011719e-01
7.621723413467407227e-01
8.483686447143554688e-01
9.021216034889221191e-01
7.722010612487792969e-01
8.900440335273742676e-01
1.017208337783813477e+00
1.026282787322998047e+00
1.220133066177368164e+00
1.212557435035705566e+00
1.270596742630004883e+00
1.092252492904663086e+00
1.127005100250244141e+00
9.800306558609008789e-01
8.048098087310791016e-01
8.226187229156494141e-01
7.884256839752197266e-01
1.083798885345458984e+00
1.049584746360778809e+00
1.515262365341186523e+00
1.513798475265502930e+00
1.023470759391784668e+00
1.132173299789428711e+00
1.136294245719909668e+00
8.629903197288513184e-01
8.910337686538696289e-01
1.628304243087768555e+00
1.260104417800903320e+00
1.294960021972656250e+00
1.222812652587890625e+00
8.663067817687988281e-01
7.804132699966430664e-01
9.355462789535522461e-01
1.044465065002441406e+00
1.081140041351318359e+00
1.219098091125488281e+00
1.892575263977050781e+00
1.637072443962097168e+00
1.131671428680419922e+00
1.166984796524047852e+00
1.157283425331115723e+00
9.144748449325561523e-01
7.491129040718078613e-01
9.861089587211608887e-01
1.244978904724121094e+00
1.509555816650390625e+00
1.020433187484741211e+00
1.367937207221984863e+00
9.566223025321960449e-01
1.297170400619506836e+00
1.012937068939208984e+00
1.145316362380981445e+00
9.801428318023681641e-01
1.395446062088012695e+00
1.352792859077453613e+00
1.713063359260559082e+00
1.166534900665283203e+00
1.134909152984619141e+00
1.298313140869140625e+00
1.525773763656616211e+00
1.462629318237304688e+00
1.699418544769287109e+00
1.217754840850830078e+00
1.076694965362548828e+00
8.038992881774902344e-01
7.350208163261413574e-01
8.116275668144226074e-01
8.810041546821594238e-01
1.009256601333618164e+00
1.477017045021057129e+00
1.498683333396911621e+00
1.104152321815490723e+00
1.433437585830688477e+00
1.648938655853271484e+00
9.585877060890197754e-01
6.136718988418579102e-01
6.640113592147827148e-01
9.284162521362304688e-01
9.893349409103393555e-01
1.100740909576416016e+00
1.850784540176391602e+00
1.253898262977600098e+00
6.184051632881164551e-01
5.573063492774963379e-01
7.821461558341979980e-01
7.732705473899841309e-01
1.051335334777832031e+00
9.293034076690673828e-01
9.616751074790954590e-01
1.081774711608886719e+00
1.332840919494628906e+00
9.789619445800781250e-01
5.896500349044799805e-01
5.813242197036743164e-01
8.722400069236755371e-01
1.241677880287170410e+00
1.249915599822998047e+00
1.316263437271118164e+00
1.155163645744323730e+00
1.210359096527099609e+00
8.951555490493774414e-01
9.045748710632324219e-01
1.177667737007141113e+00
1.420988678932189941e+00
1.826306700706481934e+00
1.512619614601135254e+00
1.120311737060546875e+00
9.219952225685119629e-01
8.354237675666809082e-01
6.780834197998046875e-01
7.399452328681945801e-01
6.728018522262573242e-01
7.507093548774719238e-01
7.353278994560241699e-01
1.097984552383422852e+00
6.249197721481323242e-01
8.783733844757080078e-01
9.803839325904846191e-01
6.406815648078918457e-01
1.077887654304504395e+00
1.075568199157714844e+00
1.252231359481811523e+00
1.665316224098205566e+00
1.325065612792968750e+00
8.892351984977722168e-01
8.642401695251464844e-01
7.588961124420166016e-01
1.049811482429504395e+00
1.355105161666870117e+00
1.376359224319458008e+00
1.311899423599243164e+00
1.320628881454467773e+00
1.390696287155151367e+00
1.369550347328186035e+00
1.448682904243469238e+00
1.558128952980041504e+00
1.893236756324768066e+00
1.240875959396362305e+00
9.638272523880004883e-01
9.247810244560241699e-01
1.131897449493408203e+00
1.178700685501098633e+00
1.129382610321044922e+00
1.029150128364562988e+00
9.158883094787597656e-01
8.012756109237670898e-01
9.692490100860595703e-01
1.055030465126037598e+00
1.099967479705810547e+00
7.961487770080566406e-01
8.523652553558349609e-01
6.797170639038085938e-01
9.294828772544860840e-01
8.691287040710449219e-01
7.716620564460754395e-01
8.449943065643310547e-01
9.318175315856933594e-01
9.023219943046569824e-01
9.584387540817260742e-01
1.106102466583251953e+00
1.471252083778381348e+00
1.209544062614440918e+00
6.775264739990234375e-01
1.422667264938354492e+00
1.396857738494873047e+00
1.334606170654296875e+00
1.133842706680297852e+00
1.061290621757507324e+00
1.031530499458312988e+00
7.708127498626708984e-01
7.496072053909301758e-01
8.947416543960571289e-01
8.015080690383911133e-01
1.062433123588562012e+00
8.687092661857604980e-01
8.680863976478576660e-01
9.089782834053039551e-01
8.419969081878662109e-01
1.050155639648437500e+00
9.855669140815734863e-01
1.047479152679443359e+00
1.047683238983154297e+00
1.105106234550476074e+00
9.371941089630126953e-01
1.126207351684570312e+00
1.039788007736206055e+00
9.195301532745361328e-01
1.183617115020751953e+00
7.978370189666748047e-01
8.157576918601989746e-01
1.351506471633911133e+00
1.330868005752563477e+00
1.307938575744628906e+00
1.344794154167175293e+00
1.104652285575866699e+00
9.704781770706176758e-01
1.031280517578125000e+00
8.804247379302978516e-01
8.380956649780273438e-01
1.059024572372436523e+00
9.144952297210693359e-01
9.256397485733032227e-01
9.243875145912170410e-01
8.560807704925537109e-01
6.965355277061462402e-01
7.676897048950195312e-01
8.208800554275512695e-01
8.054869771003723145e-01
8.274298906326293945e-01
9.099992513656616211e-01
8.332303762435913086e-01
7.418488264083862305e-01
7.307393550872802734e-01
9.127386808395385742e-01
1.130661249160766602e+00
1.404153227806091309e+00
1.250362634658813477e+00
1.059715628623962402e+00
8.849610090255737305e-01
9.609156847000122070e-01
8.826714754104614258e-01
8.324090242385864258e-01
9.430599212646484375e-01
1.049749612808227539e+00
9.793983101844787598e-01
1.141018033027648926e+00
8.070713281631469727e-01
9.128769636154174805e-01
7.818732261657714844e-01
9.937792420387268066e-01
1.148970484733581543e+00
9.920185208320617676e-01
1.003232479095458984e+00
1.096958041191101074e+00
9.009868502616882324e-01
6.991417407989501953e-01
7.512894272804260254e-01
8.518710732460021973e-01
9.633519649505615234e-01
8.912115693092346191e-01
9.903690814971923828e-01
9.066798686981201172e-01
7.893443107604980469e-01
1.003600001335144043e+00
7.892572283744812012e-01
1.080085515975952148e+00
7.386771440505981445e-01
8.155497312545776367e-01
1.193211555480957031e+00
1.156893372535705566e+00
1.146850347518920898e+00
7.785056233406066895e-01
7.948102951049804688e-01
7.434331178665161133e-01
7.220362424850463867e-01
8.383359909057617188e-01
1.431118369102478027e+00
1.277100086212158203e+00
1.019222855567932129e+00
8.176239132881164551e-01
6.411797404289245605e-01
7.004123926162719727e-01
8.057041764259338379e-01
7.895892858505249023e-01
8.569247722625732422e-01
9.861314296722412109e-01
9.059196114540100098e-01
9.262139797210693359e-01
1.157687783241271973e+00
1.674769282341003418e+00
1.824545860290527344e+00
1.313024520874023438e+00
9.945861697196960449e-01
7.868178486824035645e-01
7.209249734878540039e-01
8.408064842224121094e-01
7.154391407966613770e-01
9.379490613937377930e-01
7.756443023681640625e-01
9.434512853622436523e-01
1.171681404113769531e+00
1.177981615066528320e+00
1.163992881774902344e+00
9.153150320053100586e-01
1.027792930603027344e+00
1.140218615531921387e+00
9.365579485893249512e-01
7.650300860404968262e-01
9.130356311798095703e-01
6.597673892974853516e-01
8.362462520599365234e-01
8.847843408584594727e-01
1.016196727752685547e+00
1.119622588157653809e+00
9.919500946998596191e-01
1.240403652191162109e+00
9.245758056640625000e-01
6.974409818649291992e-01
6.031751036643981934e-01
6.115816831588745117e-01
8.054657578468322754e-01
1.113282084465026855e+00
1.538862228393554688e+00
1.399524807929992676e+00
9.496390223503112793e-01
5.987144708633422852e-01
7.155776619911193848e-01
9.947882890701293945e-01
1.481854438781738281e+00
1.180659294128417969e+00
7.366045713424682617e-01
6.010499000549316406e-01
7.730540633201599121e-01
6.989008188247680664e-01
8.398526906967163086e-01
8.166360855102539062e-01
8.236367702484130859e-01
7.916840910911560059e-01
6.758374571800231934e-01
7.720328569412231445e-01
8.562967777252197266e-01
1.205249190330505371e+00
1.524147629737854004e+00
9.387542605400085449e-01
7.841941118240356445e-01
9.455051422119140625e-01
7.043712139129638672e-01
7.982270717620849609e-01
9.476684927940368652e-01
7.698951363563537598e-01
1.133287668228149414e+00
1.099203586578369141e+00
8.655194044113159180e-01
7.038353681564331055e-01
8.028210997581481934e-01
8.954829573631286621e-01
8.636389970779418945e-01
7.450208663940429688e-01
7.302070856094360352e-01
7.926066517829895020e-01
1.003425955772399902e+00
1.154829382896423340e+00
1.329728126525878906e+00
1.187931299209594727e+00
1.153692483901977539e+00
1.256786584854125977e+00
9.067969322204589844e-01
9.557105302810668945e-01
8.971339464187622070e-01
1.636027812957763672e+00
1.024102091789245605e+00
9.408047199249267578e-01
1.135365247726440430e+00
1.200594425201416016e+00
1.157170653343200684e+00
1.261610507965087891e+00
7.530830502510070801e-01
1.003296613693237305e+00
1.243693113327026367e+00
1.233696937561035156e+00
9.125527739524841309e-01
9.408940672874450684e-01
8.839744329452514648e-01
1.100558519363403320e+00
6.576888561248779297e-01
8.713721632957458496e-01
1.086981177330017090e+00
1.197208166122436523e+00
1.233829736709594727e+00
9.413211941719055176e-01
6.896001696586608887e-01
8.146325349807739258e-01
8.302738070487976074e-01
1.217080950736999512e+00
1.173793077468872070e+00
9.343677759170532227e-01
1.192026019096374512e+00
1.089604973793029785e+00
8.880492448806762695e-01
1.225569963455200195e+00
1.416096448898315430e+00
1.365229129791259766e+00
1.073970794677734375e+00
1.053361654281616211e+00
1.055116415023803711e+00
8.257853984832763672e-01
8.557566404342651367e-01
9.302215576171875000e-01
1.068631410598754883e+00
1.499206542968750000e+00
1.411008834838867188e+00
1.357275009155273438e+00
1.250692844390869141e+00
1.101410627365112305e+00
1.464073181152343750e+00
1.331736326217651367e+00
1.028083324432373047e+00
9.994869828224182129e-01
9.188556671142578125e-01
1.110625267028808594e+00
1.330314278602600098e+00
1.541608333587646484e+00
1.451382160186767578e+00
1.052728652954101562e+00
1.210024118423461914e+00
1.157232403755187988e+00
1.547124147415161133e+00
1.297333240509033203e+00
1.334222316741943359e+00
1.231474876403808594e+00
8.352776765823364258e-01
9.411350488662719727e-01
1.041250705718994141e+00
8.723685741424560547e-01
1.007959723472595215e+00
1.046433210372924805e+00
8.490116596221923828e-01
8.231784105300903320e-01
9.189524650573730469e-01
9.740231037139892578e-01
1.161903142929077148e+00
1.002727270126342773e+00
1.014366269111633301e+00
1.108968734741210938e+00
1.373327970504760742e+00
1.143877387046813965e+00
1.253621816635131836e+00
1.173696637153625488e+00
9.914649724960327148e-01
8.618440628051757812e-01
6.738702058792114258e-01
9.554568529129028320e-01
1.147109866142272949e+00
1.407547950744628906e+00
1.216058611869812012e+00
9.316349029541015625e-01
9.585012793540954590e-01
1.226723790168762207e+00
1.179034233093261719e+00
1.118832111358642578e+00
9.261454343795776367e-01
7.757093310356140137e-01
9.203253984451293945e-01
9.248487949371337891e-01
9.581809639930725098e-01
1.081686019897460938e+00
1.116908073425292969e+00
9.472063183784484863e-01
1.137922167778015137e+00
1.150928974151611328e+00
1.372264981269836426e+00
1.084463953971862793e+00
1.303295254707336426e+00
1.044492483139038086e+00
9.175879359245300293e-01
9.287832379341125488e-01
9.335559606552124023e-01
8.382059335708618164e-01
1.032780647277832031e+00
1.020649671554565430e+00
8.129092454910278320e-01
8.539249897003173828e-01
8.617818355560302734e-01
1.027798771858215332e+00
1.198293447494506836e+00
9.724388122558593750e-01
1.270726680755615234e+00
1.158857583999633789e+00
1.062665700912475586e+00
1.007747054100036621e+00
1.092420816421508789e+00
1.110148668289184570e+00
1.210625886917114258e+00
9.222456216812133789e-01
9.214928746223449707e-01
1.117357611656188965e+00
1.282992601394653320e+00
1.222902417182922363e+00
1.042892694473266602e+00
1.088567972183227539e+00
1.030807018280029297e+00
1.292733550071716309e+00
1.071500182151794434e+00
1.139225244522094727e+00
1.121837854385375977e+00
1.137369871139526367e+00
1.427655935287475586e+00
1.385704517364501953e+00
1.147419691085815430e+00
9.394801259040832520e-01
1.243509292602539062e+00
1.264711499214172363e+00
1.122149109840393066e+00
9.342520236968994141e-01
1.059336066246032715e+00
1.119959950447082520e+00
8.530222773551940918e-01
1.087373733520507812e+00
1.255849838256835938e+00
8.678201436996459961e-01
1.007944464683532715e+00
1.023546338081359863e+00
9.113655686378479004e-01
1.113320827484130859e+00
1.269867897033691406e+00
1.347513437271118164e+00
1.325394511222839355e+00
1.306054830551147461e+00
1.328001260757446289e+00
1.228169560432434082e+00
1.250577211380004883e+00
1.226532578468322754e+00
1.088311433792114258e+00
7.878978848457336426e-01
8.448587656021118164e-01
7.890141010284423828e-01
1.000957489013671875e+00
8.805214762687683105e-01
1.104842543601989746e+00
1.116507768630981445e+00
7.736155986785888672e-01
9.356052875518798828e-01
9.850659966468811035e-01
1.192095994949340820e+00
8.292053341865539551e-01
6.654177904129028320e-01
7.768247723579406738e-01
7.948601245880126953e-01
1.026464462280273438e+00
1.285184979438781738e+00
1.173845052719116211e+00
1.162469148635864258e+00
1.173206090927124023e+00
1.131192326545715332e+00
9.861798882484436035e-01
1.011515140533447266e+00
1.046003818511962891e+00
1.000649333000183105e+00
1.013929009437561035e+00
1.003320217132568359e+00
1.019258737564086914e+00
1.094765305519104004e+00
1.283807277679443359e+00
1.180638790130615234e+00
1.017432212829589844e+00
1.027677536010742188e+00
1.142913937568664551e+00
1.098410129547119141e+00
1.459745287895202637e+00
1.361057519912719727e+00
1.757199406623840332e+00
1.260891318321228027e+00
1.096546888351440430e+00
1.076162457466125488e+00
1.139706850051879883e+00
1.227253198623657227e+00
1.024881720542907715e+00
1.052673578262329102e+00
1.091887712478637695e+00
1.166034936904907227e+00
1.115613341331481934e+00
9.836952686309814453e-01
1.120974063873291016e+00
1.117104053497314453e+00
1.180918812751770020e+00
1.176419496536254883e+00
1.125762581825256348e+00
1.118076086044311523e+00
1.057803392410278320e+00
1.071488857269287109e+00
9.260600209236145020e-01
9.573858976364135742e-01
1.190696954727172852e+00
1.134988665580749512e+00
9.493292570114135742e-01
1.118395209312438965e+00
1.119550108909606934e+00
1.021997928619384766e+00
8.581522703170776367e-01
1.200011730194091797e+00
1.301345944404602051e+00
9.433950781822204590e-01
1.162147760391235352e+00
1.171490430831909180e+00
1.523345470428466797e+00
1.228289246559143066e+00
1.180639743804931641e+00
1.045469760894775391e+00
1.041343688964843750e+00
1.131138801574707031e+00
1.145743966102600098e+00
9.125597476959228516e-01
9.362099766731262207e-01
1.138649940490722656e+00
1.248518109321594238e+00
1.388991117477416992e+00
1.374845027923583984e+00
1.440124988555908203e+00
1.224680900573730469e+00
1.016490697860717773e+00
9.388511776924133301e-01
1.144051909446716309e+00
1.335970520973205566e+00
1.092726349830627441e+00
8.884630203247070312e-01
1.003311395645141602e+00
1.012423872947692871e+00
1.144292116165161133e+00
1.155553579330444336e+00
1.369839191436767578e+00
1.167659640312194824e+00
9.135510921478271484e-01
8.120970726013183594e-01
7.399995326995849609e-01
8.923113942146301270e-01
9.017691612243652344e-01
1.046891808509826660e+00
1.310098171234130859e+00
1.094754815101623535e+00
1.016517639160156250e+00
8.688229322433471680e-01
1.103480577468872070e+00
9.048980474472045898e-01
1.281620979309082031e+00
1.620459556579589844e+00
8.360627293586730957e-01
7.914328575134277344e-01
8.530517816543579102e-01
9.057295322418212891e-01
1.315328121185302734e+00
1.057893037796020508e+00
8.990508913993835449e-01
1.007430195808410645e+00
9.148839712142944336e-01
9.680466055870056152e-01
1.316655874252319336e+00
1.342968821525573730e+00
1.150027632713317871e+00
7.557793259620666504e-01
1.055622696876525879e+00
1.308663129806518555e+00
1.294010639190673828e+00
1.099642634391784668e+00
1.366920709609985352e+00
1.548194766044616699e+00
9.919822812080383301e-01
1.067607045173645020e+00
1.045234084129333496e+00
7.078130841255187988e-01
9.041613340377807617e-01
9.829407334327697754e-01
1.081431388854980469e+00
1.382455348968505859e+00
1.029954910278320312e+00
1.103421211242675781e+00
9.434806704521179199e-01
1.244404077529907227e+00
1.229458808898925781e+00
1.555356860160827637e+00
1.482986330986022949e+00
1.004288077354431152e+00
9.790958166122436523e-01
9.265658855438232422e-01
1.086195349693298340e+00
9.587727785110473633e-01
1.115252494812011719e+00
9.507419466972351074e-01
1.214765310287475586e+00
1.082874298095703125e+00
1.000268816947937012e+00
8.755300641059875488e-01
7.620130777359008789e-01
1.051471710205078125e+00
1.007436752319335938e+00
8.785954713821411133e-01
8.962565660476684570e-01
6.482791900634765625e-01
6.833302378654479980e-01
9.709124565124511719e-01
1.016847133636474609e+00
9.705642461776733398e-01
8.157255649566650391e-01
7.460622787475585938e-01
6.851403117179870605e-01
7.149423360824584961e-01
8.258651494979858398e-01
1.080848455429077148e+00
9.559718370437622070e-01
1.113312602043151855e+00
7.599309086799621582e-01
9.956102371215820312e-01
1.201061964035034180e+00
7.714692354202270508e-01
8.810204267501831055e-01
1.133189678192138672e+00
9.088866710662841797e-01
1.186323165893554688e+00
9.364091753959655762e-01
1.206468105316162109e+00
9.989390373229980469e-01
9.471650719642639160e-01
8.581872582435607910e-01
9.572424292564392090e-01
8.626073598861694336e-01
8.401384353637695312e-01
7.944586277008056641e-01
5.505784749984741211e-01
7.204622030258178711e-01
7.825202941894531250e-01
6.793570518493652344e-01
9.411808252334594727e-01
7.546895146369934082e-01
7.207908630371093750e-01
8.300185203552246094e-01
5.426170229911804199e-01
9.085469245910644531e-01
9.036355018615722656e-01
1.064613342285156250e+00
5.889864563941955566e-01
5.433352589607238770e-01
5.470352172851562500e-01
6.395162940025329590e-01
7.625128030776977539e-01
9.233410358428955078e-01
1.424169301986694336e+00
1.721797347068786621e+00
2.511300086975097656e+00
1.407427549362182617e+00
1.004140377044677734e+00
1.177557706832885742e+00
9.343382120132446289e-01
1.182709813117980957e+00
1.269923329353332520e+00
1.508212924003601074e+00
1.458521127700805664e+00
1.607210516929626465e+00
1.441804885864257812e+00
1.381026148796081543e+00
1.240734815597534180e+00
9.429594278335571289e-01
9.583505392074584961e-01
8.390735387802124023e-01
1.107337117195129395e+00
1.096465587615966797e+00
1.148462176322937012e+00
1.133891940116882324e+00
1.018820285797119141e+00
1.034442901611328125e+00
1.051231384277343750e+00
9.468442201614379883e-01
1.108162879943847656e+00
1.310097932815551758e+00
1.303646206855773926e+00
1.162563323974609375e+00
6.853522062301635742e-01
7.659796476364135742e-01
7.260073423385620117e-01
8.085925579071044922e-01
8.286193013191223145e-01
1.052492737770080566e+00
1.093626022338867188e+00
1.069458961486816406e+00
1.090203881263732910e+00
8.283115029335021973e-01
9.737407565116882324e-01
1.060265302658081055e+00
1.078785300254821777e+00
1.108214378356933594e+00
8.705874681472778320e-01
9.510048627853393555e-01
8.540021181106567383e-01
9.844987392425537109e-01
8.219617009162902832e-01
8.403943777084350586e-01
1.064342975616455078e+00
1.402545928955078125e+00
1.162028074264526367e+00
1.503310918807983398e+00
1.302786469459533691e+00
1.121954798698425293e+00
8.764554262161254883e-01
9.873341917991638184e-01
8.842771649360656738e-01
1.207369565963745117e+00
1.193360805511474609e+00
1.059705257415771484e+00
1.034600973129272461e+00
7.648844122886657715e-01
1.016431808471679688e+00
1.061368465423583984e+00
1.269166946411132812e+00
1.206401109695434570e+00
8.286843895912170410e-01
5.754571557044982910e-01
6.400419473648071289e-01
8.422409892082214355e-01
6.694872975349426270e-01
1.094915509223937988e+00
1.009421110153198242e+00
1.150270581245422363e+00
9.931060075759887695e-01
1.012483239173889160e+00
6.483970284461975098e-01
5.642659664154052734e-01
7.949362993240356445e-01
9.242196679115295410e-01
7.262021303176879883e-01
8.565325736999511719e-01
8.134690523147583008e-01
8.164994716644287109e-01
1.072560667991638184e+00
9.471652507781982422e-01
8.504106402397155762e-01
8.205639719963073730e-01
9.981747865676879883e-01
1.118973016738891602e+00
8.705710768699645996e-01
1.066826701164245605e+00
1.018513679504394531e+00
7.715551853179931641e-01
8.356714844703674316e-01
9.809685349464416504e-01
8.009445071220397949e-01
9.768017530441284180e-01
8.515009284019470215e-01
9.178960323333740234e-01
7.212690711021423340e-01
6.196191310882568359e-01
9.114602208137512207e-01
1.086377024650573730e+00
1.106121540069580078e+00
9.930493831634521484e-01
7.288247346878051758e-01
7.156822681427001953e-01
8.478490710258483887e-01
7.535818219184875488e-01
6.766854524612426758e-01
6.694145202636718750e-01
6.809300184249877930e-01
8.307384252548217773e-01
1.013983011245727539e+00
1.110278606414794922e+00
9.586815834045410156e-01
9.616279006004333496e-01
6.563943624496459961e-01
6.810178756713867188e-01
6.753275990486145020e-01
6.073958277702331543e-01
8.227415680885314941e-01
1.151391506195068359e+00
8.569879531860351562e-01
1.125894308090209961e+00
6.903772354125976562e-01
8.463395833969116211e-01
5.826181173324584961e-01
9.072571992874145508e-01
1.272349119186401367e+00
1.247105240821838379e+00
1.051312923431396484e+00
1.267507433891296387e+00
2.132786989212036133e+00
3.180396080017089844e+00
1.288486361503601074e+00
9.906688332557678223e-01
1.159570693969726562e+00
1.249117493629455566e+00
1.069237947463989258e+00
9.205652475357055664e-01
9.253089427947998047e-01
1.015545129776000977e+00
8.306268453598022461e-01
7.123183012008666992e-01
8.589317798614501953e-01
7.728506326675415039e-01
7.855402827262878418e-01
6.911335587501525879e-01
7.533569335937500000e-01
7.997775077819824219e-01
8.233618736267089844e-01
6.923645734786987305e-01
6.980785727500915527e-01
8.688967823982238770e-01
7.347073554992675781e-01
7.300795912742614746e-01
7.338932156562805176e-01
7.528979778289794922e-01
1.130650877952575684e+00
9.963561296463012695e-01
7.664475440979003906e-01
9.239561557769775391e-01
9.690098166465759277e-01
1.137939810752868652e+00
1.074702024459838867e+00
8.361150622367858887e-01
9.479451775550842285e-01
8.739820718765258789e-01
1.063691616058349609e+00
9.529324769973754883e-01
1.221192598342895508e+00
7.378856539726257324e-01
7.778460979461669922e-01
1.028936028480529785e+00
8.619824647903442383e-01
9.215877056121826172e-01
9.697672128677368164e-01
8.025212287902832031e-01
9.856250882148742676e-01
1.192076683044433594e+00
9.740808010101318359e-01
9.104700088500976562e-01
7.852097749710083008e-01
4.792821705341339111e-01
7.585275173187255859e-01
1.011799335479736328e+00
8.123264312744140625e-01
1.035352706909179688e+00
1.605008244514465332e+00
1.827265024185180664e+00
1.457479596138000488e+00
1.419338941574096680e+00
7.191624641418457031e-01
5.837067365646362305e-01
6.075249910354614258e-01
5.779222249984741211e-01
5.625122785568237305e-01
9.507970809936523438e-01
6.618149280548095703e-01
6.474055051803588867e-01
6.927034258842468262e-01
6.831151843070983887e-01
8.454152941703796387e-01
1.225208878517150879e+00
8.593940138816833496e-01
5.884721279144287109e-01
7.625669240951538086e-01
7.375512123107910156e-01
1.016196489334106445e+00
6.463903188705444336e-01
9.505872726440429688e-01
1.120830535888671875e+00
1.047014832496643066e+00
1.037611961364746094e+00
9.022442102432250977e-01
7.100990414619445801e-01
7.238336205482482910e-01
8.987578153610229492e-01
7.978515625000000000e-01
9.858090281486511230e-01
1.111965417861938477e+00
1.383453130722045898e+00
9.823845028877258301e-01
1.074430227279663086e+00
1.265101075172424316e+00
1.263106822967529297e+00
1.283000111579895020e+00
1.294072270393371582e+00
7.880337238311767578e-01
6.859174370765686035e-01
9.323985576629638672e-01
1.041305422782897949e+00
8.034334778785705566e-01
1.069976329803466797e+00
9.502160549163818359e-01
1.228613972663879395e+00
9.146605730056762695e-01
8.558902740478515625e-01
8.757551908493041992e-01
7.617389559745788574e-01
8.936574459075927734e-01
1.076223850250244141e+00
8.438981771469116211e-01
9.103094339370727539e-01
1.278701663017272949e+00
1.007180094718933105e+00
9.995719194412231445e-01
1.356435775756835938e+00
8.003351688385009766e-01
9.003392457962036133e-01
8.960088491439819336e-01
7.537201046943664551e-01
9.641366600990295410e-01
1.110487699508666992e+00
8.972898721694946289e-01
1.033936619758605957e+00
1.148153424263000488e+00
1.290598392486572266e+00
9.449065923690795898e-01
6.890598535537719727e-01
6.824803948402404785e-01
8.421365022659301758e-01
9.818414449691772461e-01
1.093298792839050293e+00
1.116342782974243164e+00
9.512193799018859863e-01
6.966465711593627930e-01
1.139300107955932617e+00
9.250946640968322754e-01
9.374212622642517090e-01
1.105514526367187500e+00
9.387383460998535156e-01
7.803981900215148926e-01
7.660255432128906250e-01
5.916023254394531250e-01
8.724024295806884766e-01
1.268638968467712402e+00
1.181747198104858398e+00
1.397037029266357422e+00
1.133260250091552734e+00
1.341798305511474609e+00
9.255821108818054199e-01
9.562284350395202637e-01
6.917331814765930176e-01
9.530693292617797852e-01
1.019154071807861328e+00
1.093689918518066406e+00
1.270146846771240234e+00
1.500471353530883789e+00
1.735201954841613770e+00
1.816298365592956543e+00
1.060023188591003418e+00
9.516155719757080078e-01
1.209666967391967773e+00
1.370879888534545898e+00
1.227566361427307129e+00
1.023655056953430176e+00
9.121141433715820312e-01
8.348059058189392090e-01
9.480941891670227051e-01
7.990688681602478027e-01
8.760623931884765625e-01
8.390555381774902344e-01
1.251695632934570312e+00
1.152689099311828613e+00
8.997123241424560547e-01
1.036835074424743652e+00
1.148668527603149414e+00
1.092422127723693848e+00
8.408945202827453613e-01
9.894154071807861328e-01
7.761071324348449707e-01
8.959934115409851074e-01
8.327611088752746582e-01
7.448487281799316406e-01
8.040801286697387695e-01
8.521049618721008301e-01
1.067819595336914062e+00
1.172883033752441406e+00
1.044265866279602051e+00
8.398101329803466797e-01
1.001544833183288574e+00
9.954551458358764648e-01
9.315490126609802246e-01
9.561718702316284180e-01
1.054708957672119141e+00
7.428263425827026367e-01
6.717886328697204590e-01
8.957993984222412109e-01
7.618089318275451660e-01
8.502446413040161133e-01
7.785925269126892090e-01
8.358613252639770508e-01
9.204512834548950195e-01
8.787984251976013184e-01
6.561769247055053711e-01
8.012331724166870117e-01
9.085856676101684570e-01
9.183024168014526367e-01
8.372826576232910156e-01
8.780490159988403320e-01
8.303519487380981445e-01
7.978193163871765137e-01
9.013237953186035156e-01
7.563418149948120117e-01
7.287837862968444824e-01
6.683200597763061523e-01
8.483641147613525391e-01
1.039914727210998535e+00
8.614946603775024414e-01
8.166105747222900391e-01
1.018791675567626953e+00
9.709943532943725586e-01
8.116499781608581543e-01
6.995358467102050781e-01
8.356479406356811523e-01
1.021207690238952637e+00
1.011978983879089355e+00
1.231706380844116211e+00
1.624064207077026367e+00
1.143756270408630371e+00
1.388989925384521484e+00
1.506886005401611328e+00
1.326881170272827148e+00
1.265856623649597168e+00
1.196209430694580078e+00
1.153759717941284180e+00
1.013328909873962402e+00
1.289634943008422852e+00
1.217096924781799316e+00
7.035770416259765625e-01
8.866012096405029297e-01
8.195869922637939453e-01
8.139604926109313965e-01
9.033211469650268555e-01
1.073206663131713867e+00
8.728640079498291016e-01
5.557781457901000977e-01
5.876824855804443359e-01
9.586766958236694336e-01
8.089265227317810059e-01
8.191023468971252441e-01
1.071864962577819824e+00
1.126810908317565918e+00
9.308282732963562012e-01
8.265662193298339844e-01
8.791503310203552246e-01
8.319725394248962402e-01
9.787484407424926758e-01
8.347886800765991211e-01
9.715170860290527344e-01
8.465833663940429688e-01
7.360774874687194824e-01
9.070651531219482422e-01
8.898118734359741211e-01
9.294942617416381836e-01
1.011479973793029785e+00
9.136549830436706543e-01
8.346041440963745117e-01
7.217251062393188477e-01
7.642312049865722656e-01
7.664078474044799805e-01
8.263825774192810059e-01
8.486278057098388672e-01
1.138394236564636230e+00
7.658543586730957031e-01
8.627057075500488281e-01
7.611275911331176758e-01
6.189756393432617188e-01
6.869475841522216797e-01
6.666909456253051758e-01
8.535528779029846191e-01
1.005652427673339844e+00
1.075871229171752930e+00
9.558844566345214844e-01
9.663602709770202637e-01
9.126514792442321777e-01
1.078055977821350098e+00
1.090949535369873047e+00
1.510649085044860840e+00
1.062545895576477051e+00
1.194707870483398438e+00
1.603928685188293457e+00
1.382810473442077637e+00
8.262504339218139648e-01
8.497823476791381836e-01
8.244173526763916016e-01
1.008079409599304199e+00
9.507088661193847656e-01
6.608256101608276367e-01
7.775668501853942871e-01
8.839249610900878906e-01
9.311562776565551758e-01
8.102819919586181641e-01
7.217451333999633789e-01
7.140432596206665039e-01
6.519248485565185547e-01
7.521843910217285156e-01
5.819309353828430176e-01
5.863870978355407715e-01
9.116324782371520996e-01
9.503712654113769531e-01
9.901806116104125977e-01
7.273204326629638672e-01
7.815224528312683105e-01
6.448878645896911621e-01
6.720539331436157227e-01
7.420766353607177734e-01
7.854059934616088867e-01
8.061807155609130859e-01
6.244301795959472656e-01
9.080954790115356445e-01
6.265804171562194824e-01
7.617430686950683594e-01
7.642552852630615234e-01
9.640551805496215820e-01
1.042892694473266602e+00
9.751946926116943359e-01
8.235434293746948242e-01
7.758604288101196289e-01
6.009950637817382812e-01
5.628777742385864258e-01
8.060758113861083984e-01
7.445128560066223145e-01
6.559455394744873047e-01
5.096132755279541016e-01
5.978748202323913574e-01
5.236823558807373047e-01
5.850260257720947266e-01
5.306286811828613281e-01
7.920516133308410645e-01
5.703962445259094238e-01
7.246042490005493164e-01
6.993708610534667969e-01
5.465398430824279785e-01
6.285701394081115723e-01
5.834455490112304688e-01
7.854565978050231934e-01
1.219347357749938965e+00
1.262775778770446777e+00
1.593883156776428223e+00
2.246868133544921875e+00
2.577566146850585938e+00
1.203326940536499023e+00
9.053717255592346191e-01
9.865221381187438965e-01
1.011041402816772461e+00
9.243898391723632812e-01
8.786446452140808105e-01
8.626807928085327148e-01
1.069503068923950195e+00
1.217375516891479492e+00
9.927736520767211914e-01
1.083434820175170898e+00
7.780353426933288574e-01
7.005023956298828125e-01
9.235041141510009766e-01
8.188140392303466797e-01
1.092737674713134766e+00
1.021087288856506348e+00
1.223354339599609375e+00
6.355347633361816406e-01
6.975370645523071289e-01
7.975001335144042969e-01
7.638219594955444336e-01
1.041468381881713867e+00
9.601193070411682129e-01
8.404658436775207520e-01
6.410471200942993164e-01
5.315217971801757812e-01
6.524448394775390625e-01
6.559838652610778809e-01
7.399171590805053711e-01
6.091777086257934570e-01
8.989633321762084961e-01
1.039076566696166992e+00
8.719078302383422852e-01
7.482967972755432129e-01
5.576080679893493652e-01
8.243904709815979004e-01
7.706021070480346680e-01
7.535074949264526367e-01
8.773316740989685059e-01
6.491532325744628906e-01
5.773550271987915039e-01
5.459414720535278320e-01
5.141866207122802734e-01
5.866612792015075684e-01
9.769788384437561035e-01
1.002773165702819824e+00
1.158300638198852539e+00
8.070148229598999023e-01
8.980220556259155273e-01
6.668592095375061035e-01
6.432262063026428223e-01
6.689451336860656738e-01
8.182974457740783691e-01
9.414609670639038086e-01
7.718890309333801270e-01
6.119877099990844727e-01
7.175082564353942871e-01
8.334408998489379883e-01
1.070581197738647461e+00
8.174667954444885254e-01
9.265654087066650391e-01
8.224032521247863770e-01
8.872113227844238281e-01
1.436382174491882324e+00
1.388128042221069336e+00
1.018234133720397949e+00
9.625327587127685547e-01
9.425709843635559082e-01
9.291845560073852539e-01
9.956537485122680664e-01
9.718139171600341797e-01
9.274390935897827148e-01
9.098247885704040527e-01
1.531295776367187500e+00
1.287817478179931641e+00
8.314389586448669434e-01
7.933988571166992188e-01
1.329985857009887695e+00
9.429439902305603027e-01
5.112698078155517578e-01
8.119015097618103027e-01
5.973901748657226562e-01
9.072268605232238770e-01
9.252648353576660156e-01
1.204219341278076172e+00
1.324904441833496094e+00
1.561783075332641602e+00
1.736554622650146484e+00
1.545502543449401855e+00
1.705518960952758789e+00
1.646673202514648438e+00
1.181429386138916016e+00
7.458170652389526367e-01
8.424131274223327637e-01
1.044672727584838867e+00
1.407131433486938477e+00
1.113864421844482422e+00
1.303183794021606445e+00
1.107434511184692383e+00
9.822977781295776367e-01
1.226112604141235352e+00
1.180910825729370117e+00
7.019233107566833496e-01
6.897745728492736816e-01
1.136170983314514160e+00
1.115480661392211914e+00
9.404051303863525391e-01
9.475098252296447754e-01
8.829064369201660156e-01
1.231397390365600586e+00
1.266530632972717285e+00
7.925164699554443359e-01
7.610021829605102539e-01
8.568940162658691406e-01
8.371968865394592285e-01
1.125013589859008789e+00
7.572255134582519531e-01
1.007464885711669922e+00
8.766185045242309570e-01
8.618130087852478027e-01
7.456008791923522949e-01
8.808416128158569336e-01
1.097635507583618164e+00
7.274063825607299805e-01
1.006009459495544434e+00
7.983722686767578125e-01
9.174493551254272461e-01
7.989468574523925781e-01
8.494371771812438965e-01
8.311022520065307617e-01
8.496836423873901367e-01
6.791822910308837891e-01
7.906723022460937500e-01
8.449324369430541992e-01
7.697185277938842773e-01
8.194762468338012695e-01
8.551801443099975586e-01
1.021654129028320312e+00
7.835644483566284180e-01
8.199540376663208008e-01
8.503041267395019531e-01
6.743505001068115234e-01
7.773159146308898926e-01
7.391953468322753906e-01
7.482158541679382324e-01
8.436356186866760254e-01
9.178073406219482422e-01
7.313358783721923828e-01
9.621139764785766602e-01
1.170041918754577637e+00
1.348183631896972656e+00
7.471285462379455566e-01
8.146754503250122070e-01
8.645550012588500977e-01
7.074932456016540527e-01
8.251744508743286133e-01
9.154930114746093750e-01
6.955769658088684082e-01
7.600288987159729004e-01
8.078618645668029785e-01
1.000886917114257812e+00
9.490841627120971680e-01
1.009191751480102539e+00
6.921308636665344238e-01
5.909082889556884766e-01
6.382909417152404785e-01
7.063504457473754883e-01
8.711066246032714844e-01
8.542443513870239258e-01
9.142692685127258301e-01
8.093332052230834961e-01
8.208270072937011719e-01
7.247907519340515137e-01
7.322937846183776855e-01
6.781778335571289062e-01
6.464300751686096191e-01
6.654121875762939453e-01
6.554962396621704102e-01
7.459661364555358887e-01
8.067123889923095703e-01
6.103238463401794434e-01
8.117620944976806641e-01
6.661305427551269531e-01
5.377155542373657227e-01
6.461601853370666504e-01
7.124481201171875000e-01
6.442863941192626953e-01
5.938439369201660156e-01
6.812598109245300293e-01
8.970814347267150879e-01
8.014016747474670410e-01
7.299733161926269531e-01
6.771976947784423828e-01
5.388677716255187988e-01
7.322715520858764648e-01
7.587808370590209961e-01
1.058730363845825195e+00
8.860968351364135742e-01
1.132282376289367676e+00
6.538091897964477539e-01
7.968879938125610352e-01
7.495826482772827148e-01
9.077859520912170410e-01
9.799974560737609863e-01
8.113991022109985352e-01
6.571614146232604980e-01
7.327927350997924805e-01
9.012429714202880859e-01
1.009439110755920410e+00
8.594112992286682129e-01
8.395600318908691406e-01
8.526215553283691406e-01
1.157432317733764648e+00
8.033958673477172852e-01
1.174429178237915039e+00
8.706158399581909180e-01
1.132626175880432129e+00
1.142053365707397461e+00
1.135847568511962891e+00
7.323888540267944336e-01
7.506188750267028809e-01
8.297663331031799316e-01
6.198982000350952148e-01
7.938584685325622559e-01
6.928511261940002441e-01
6.426304578781127930e-01
7.021377682685852051e-01
8.551707267761230469e-01
6.905824542045593262e-01
9.000988602638244629e-01
6.177830696105957031e-01
4.484597444534301758e-01
9.006372094154357910e-01
8.509190082550048828e-01
7.834632992744445801e-01
5.249242782592773438e-01
6.021873950958251953e-01
8.505340814590454102e-01
1.092701792716979980e+00
1.176457881927490234e+00
1.211153864860534668e+00
1.609176635742187500e+00
1.548555374145507812e+00
7.136083841323852539e-01
5.823301672935485840e-01
8.356190919876098633e-01
8.270000815391540527e-01
9.574749469757080078e-01
1.127422809600830078e+00
6.935491561889648438e-01
6.260491609573364258e-01
8.970404863357543945e-01
7.962045669555664062e-01
8.791003823280334473e-01
8.503597974777221680e-01
7.949037551879882812e-01
9.037598967552185059e-01
8.840321898460388184e-01
9.985920190811157227e-01
8.300815224647521973e-01
8.806089162826538086e-01
8.774294853210449219e-01
1.026825666427612305e+00
9.655518531799316406e-01
6.281238794326782227e-01
7.831870317459106445e-01
9.537696838378906250e-01
6.077519655227661133e-01
9.736545681953430176e-01
8.068549036979675293e-01
9.118282794952392578e-01
9.592610001564025879e-01
9.591717720031738281e-01
7.174714207649230957e-01
6.501683592796325684e-01
9.487845897674560547e-01
1.156141757965087891e+00
1.188715100288391113e+00
6.982277631759643555e-01
7.269147038459777832e-01
8.215007781982421875e-01
7.805016040802001953e-01
7.609354257583618164e-01
6.489844322204589844e-01
4.560254216194152832e-01
6.923688054084777832e-01
7.241711020469665527e-01
9.678790569305419922e-01
1.012107729911804199e+00
9.392414689064025879e-01
9.117317795753479004e-01
5.344927310943603516e-01
8.142582774162292480e-01
9.288953542709350586e-01
7.644393444061279297e-01
8.973740935325622559e-01
8.121426105499267578e-01
9.124398827552795410e-01
8.064534664154052734e-01
7.320917844772338867e-01
9.503538012504577637e-01
9.365000724792480469e-01
9.986751079559326172e-01
9.255216121673583984e-01
1.152335762977600098e+00
9.367749691009521484e-01
1.108929872512817383e+00
1.180169463157653809e+00
1.166828632354736328e+00
7.670444846153259277e-01
7.597362995147705078e-01
8.191816210746765137e-01
8.659009933471679688e-01
7.977647185325622559e-01
6.540049314498901367e-01
6.330404877662658691e-01
8.553569316864013672e-01
9.390643835067749023e-01
1.076441049575805664e+00
8.885792493820190430e-01
9.864951372146606445e-01
1.153169035911560059e+00
1.122901678085327148e+00
8.961225152015686035e-01
9.479247927665710449e-01
8.150593042373657227e-01
9.963824748992919922e-01
1.091410279273986816e+00
8.967137336730957031e-01
9.023382663726806641e-01
1.087816238403320312e+00
8.651278614997863770e-01
7.078117728233337402e-01
6.607078313827514648e-01
8.223158121109008789e-01
7.376297116279602051e-01
7.868305444717407227e-01
7.479239106178283691e-01
8.782452940940856934e-01
8.815023899078369141e-01
7.947068214416503906e-01
5.403174161911010742e-01
6.271759271621704102e-01
7.424017190933227539e-01
7.576653361320495605e-01
6.478620767593383789e-01
7.682732343673706055e-01
9.550973176956176758e-01
8.429989218711853027e-01
9.659776687622070312e-01
5.697870254516601562e-01
5.382138490676879883e-01
8.509079217910766602e-01
1.040105700492858887e+00
1.051674962043762207e+00
1.351115465164184570e+00
9.446952342987060547e-01
1.317746877670288086e+00
1.645494222640991211e+00
1.639054417610168457e+00
1.128522992134094238e+00
9.293417930603027344e-01
8.394667506217956543e-01
9.896895885467529297e-01
8.934513926506042480e-01
9.965307116508483887e-01
8.400952816009521484e-01
8.049880266189575195e-01
6.656061410903930664e-01
6.498321294784545898e-01
7.498079538345336914e-01
7.710335254669189453e-01
7.365759611129760742e-01
8.366311788558959961e-01
8.773712515830993652e-01
8.814608454704284668e-01
1.036273479461669922e+00
1.177186489105224609e+00
1.095108032226562500e+00
7.999540567398071289e-01
6.765296459197998047e-01
7.695380449295043945e-01
8.207718133926391602e-01
8.600037693977355957e-01
7.813967466354370117e-01
8.464369773864746094e-01
6.617960929870605469e-01
6.005148887634277344e-01
7.331016063690185547e-01
8.003196716308593750e-01
8.331418037414550781e-01
8.405682444572448730e-01
8.448387384414672852e-01
8.257193565368652344e-01
8.530807495117187500e-01
6.218684911727905273e-01
6.480116844177246094e-01
6.804223060607910156e-01
8.339011073112487793e-01
6.291596889495849609e-01
7.442103624343872070e-01
7.733550071716308594e-01
9.528474807739257812e-01
6.293356418609619141e-01
5.898875594139099121e-01
7.984462380409240723e-01
7.209601998329162598e-01
9.414950609207153320e-01
8.185552358627319336e-01
7.792483568191528320e-01
5.399632453918457031e-01
6.794592738151550293e-01
7.233933210372924805e-01
7.650268077850341797e-01
8.799012899398803711e-01
7.272365689277648926e-01
8.901407718658447266e-01
7.542203068733215332e-01
1.164986968040466309e+00
1.504027724266052246e+00
1.210476517677307129e+00
8.011088371276855469e-01
6.868480443954467773e-01
4.738303124904632568e-01
5.941748023033142090e-01
8.627548217773437500e-01
8.125553131103515625e-01
6.650496721267700195e-01
5.786748528480529785e-01
5.074360966682434082e-01
6.460158228874206543e-01
7.037057876586914062e-01
5.871672630310058594e-01
8.275570869445800781e-01
7.603719234466552734e-01
7.820136547088623047e-01
6.869876384735107422e-01
7.836508750915527344e-01
8.207038640975952148e-01
6.567998528480529785e-01
6.879584789276123047e-01
6.130751371383666992e-01
8.095865845680236816e-01
8.600777387619018555e-01
1.101107478141784668e+00
1.221099019050598145e+00
1.134974002838134766e+00
9.145891666412353516e-01
1.045099735260009766e+00
7.473661899566650391e-01
9.880845546722412109e-01
1.063083410263061523e+00
1.428154349327087402e+00
8.190681934356689453e-01
9.342768788337707520e-01
7.404078245162963867e-01
8.338844776153564453e-01
7.308017015457153320e-01
7.177138328552246094e-01
7.670468688011169434e-01
8.846486806869506836e-01
8.390653133392333984e-01
9.667634963989257812e-01
1.076400876045227051e+00
8.728940486907958984e-01
9.691790938377380371e-01
7.873867154121398926e-01
8.812017440795898438e-01
7.688411474227905273e-01
1.039681434631347656e+00
6.432482600212097168e-01
6.228845119476318359e-01
6.660319566726684570e-01
7.468618154525756836e-01
8.037142753601074219e-01
8.351348042488098145e-01
1.219021439552307129e+00
1.035755276679992676e+00
1.021872758865356445e+00
7.240051031112670898e-01
8.483170866966247559e-01
7.339381575584411621e-01
6.188358068466186523e-01
6.857962012290954590e-01
6.349465847015380859e-01
6.409628391265869141e-01
7.641282081604003906e-01
7.814308404922485352e-01
7.364768981933593750e-01
6.188477873802185059e-01
5.976040363311767578e-01
5.960090160369873047e-01
5.904800891876220703e-01
5.129872560501098633e-01
6.325140595436096191e-01
4.978693127632141113e-01
6.177802085876464844e-01
5.278571248054504395e-01
5.266733765602111816e-01
4.731176793575286865e-01
8.166712522506713867e-01
6.403399705886840820e-01
7.288436293601989746e-01
5.854354500770568848e-01
6.797585487365722656e-01
5.687146186828613281e-01
5.722245573997497559e-01
7.373626232147216797e-01
7.319020032882690430e-01
1.117619633674621582e+00
9.269478917121887207e-01
9.661555290222167969e-01
9.582347869873046875e-01
5.095152854919433594e-01
6.622961759567260742e-01
5.935854315757751465e-01
5.271969437599182129e-01
6.133394241333007812e-01
6.360886096954345703e-01
8.564475774765014648e-01
1.065396547317504883e+00
1.327187895774841309e+00
1.190321326255798340e+00
7.390823364257812500e-01
5.735570788383483887e-01
7.890196442604064941e-01
1.011908769607543945e+00
7.624502182006835938e-01
7.521073818206787109e-01
8.148666620254516602e-01
1.179546117782592773e+00
1.114732742309570312e+00
1.351489663124084473e+00
1.419075131416320801e+00
1.311550378799438477e+00
1.118311285972595215e+00
1.006804585456848145e+00
7.921487689018249512e-01
7.558718919754028320e-01
8.206485509872436523e-01
7.065036296844482422e-01
3.970194160938262939e-01
7.532484531402587891e-01
1.027321338653564453e+00
8.102630376815795898e-01
9.099748134613037109e-01
6.284863948822021484e-01
7.333287596702575684e-01
1.037038087844848633e+00
1.043062686920166016e+00
1.150833845138549805e+00
1.006672382354736328e+00
1.004379987716674805e+00
7.794181108474731445e-01
6.161460280418395996e-01
6.403224468231201172e-01
7.209413647651672363e-01
8.211393356323242188e-01
8.797665834426879883e-01
8.972395658493041992e-01
7.447413802146911621e-01
7.541893124580383301e-01
8.013674616813659668e-01
6.298409700393676758e-01
6.839172840118408203e-01
8.332514762878417969e-01
9.326235651969909668e-01
8.279632925987243652e-01
7.531725168228149414e-01
5.965032577514648438e-01
8.640968203544616699e-01
6.549333333969116211e-01
6.490206122398376465e-01
5.193051099777221680e-01
6.543551683425903320e-01
6.503800749778747559e-01
8.008834719657897949e-01
1.030037641525268555e+00
8.072003722190856934e-01
7.263352870941162109e-01
6.320252418518066406e-01
7.618319988250732422e-01
7.180935740470886230e-01
8.790568113327026367e-01
8.820949792861938477e-01
5.480575561523437500e-01
5.157245397567749023e-01
6.797593832015991211e-01
6.433095932006835938e-01
7.098234891891479492e-01
6.293985843658447266e-01
7.798105478286743164e-01
7.384604215621948242e-01
5.760902762413024902e-01
4.680544435977935791e-01
5.523476600646972656e-01
6.436942815780639648e-01
5.904989242553710938e-01
5.921869277954101562e-01
6.753162145614624023e-01
7.263559699058532715e-01
9.325345754623413086e-01
1.101635813713073730e+00
1.315933227539062500e+00
1.306664347648620605e+00
8.523529171943664551e-01
7.509133815765380859e-01
1.317198753356933594e+00
1.144438505172729492e+00
1.143606901168823242e+00
1.094974398612976074e+00
7.629746794700622559e-01
6.812691688537597656e-01
1.002841830253601074e+00
1.258815288543701172e+00
1.487595319747924805e+00
1.033950448036193848e+00
8.270379304885864258e-01
6.303364038467407227e-01
7.117136716842651367e-01
7.384348511695861816e-01
7.711159586906433105e-01
8.786644935607910156e-01
8.998292684555053711e-01
8.027549982070922852e-01
7.780619859695434570e-01
6.830328106880187988e-01
7.217881679534912109e-01
9.101821184158325195e-01
1.233995318412780762e+00
1.094451189041137695e+00
1.363211870193481445e+00
1.259235262870788574e+00
1.926906585693359375e+00
1.400227427482604980e+00
7.667254209518432617e-01
7.167669534683227539e-01
8.983514308929443359e-01
8.715182542800903320e-01
7.286288738250732422e-01
6.762534379959106445e-01
6.761840581893920898e-01
8.329398632049560547e-01
5.850083827972412109e-01
7.507413625717163086e-01
7.574261426925659180e-01
6.849164962768554688e-01
7.213464975357055664e-01
4.779616594314575195e-01
6.450358629226684570e-01
7.322350740432739258e-01
7.278832197189331055e-01
8.584796190261840820e-01
8.470564484596252441e-01
7.951941490173339844e-01
7.125081419944763184e-01
8.421004414558410645e-01
8.461377620697021484e-01
8.443106412887573242e-01
6.118699312210083008e-01
8.774493336677551270e-01
6.857005357742309570e-01
7.299189567565917969e-01
6.102175712585449219e-01
6.728510856628417969e-01
6.186195611953735352e-01
6.098955869674682617e-01
5.888326168060302734e-01
5.817383527755737305e-01
6.924725770950317383e-01
7.325360178947448730e-01
8.365391492843627930e-01
5.984718203544616699e-01
6.471612453460693359e-01
1.035917639732360840e+00
1.268044590950012207e+00
1.522869586944580078e+00
1.473041653633117676e+00
4.749439358711242676e-01
7.534242868423461914e-01
1.041002988815307617e+00
9.248930811882019043e-01
7.708135247230529785e-01
9.205562472343444824e-01
8.594469428062438965e-01
8.800547719001770020e-01
7.156008481979370117e-01
6.893028020858764648e-01
5.763220191001892090e-01
6.218135356903076172e-01
8.047369718551635742e-01
7.414164543151855469e-01
8.902212977409362793e-01
9.392678737640380859e-01
5.963549613952636719e-01
6.739969253540039062e-01
6.071158647537231445e-01
7.191407680511474609e-01
8.507564067840576172e-01
1.085555791854858398e+00
9.565503001213073730e-01
7.067491412162780762e-01
7.373253107070922852e-01
9.243959188461303711e-01
9.589347839355468750e-01
8.699879050254821777e-01
8.291165232658386230e-01
7.574671506881713867e-01
9.127478003501892090e-01
8.218357563018798828e-01
9.714156389236450195e-01
1.211258172988891602e+00
1.002466678619384766e+00
7.298114299774169922e-01
6.746130585670471191e-01
8.346735239028930664e-01
9.749374985694885254e-01
9.302784204483032227e-01
9.136058092117309570e-01
6.819653511047363281e-01
8.921650648117065430e-01
6.804503202438354492e-01
7.272270917892456055e-01
4.737910032272338867e-01
5.968192219734191895e-01
6.100392937660217285e-01
7.991236448287963867e-01
7.496243715286254883e-01
7.105102539062500000e-01
6.398299336433410645e-01
6.953146457672119141e-01
6.252506971359252930e-01
7.239555716514587402e-01
8.913031816482543945e-01
8.661872148513793945e-01
7.625623941421508789e-01
6.795449256896972656e-01
6.623207926750183105e-01
7.202572822570800781e-01
6.223424673080444336e-01
7.662917971611022949e-01
8.620766401290893555e-01
6.897836923599243164e-01
8.451048135757446289e-01
1.112960815429687500e+00
9.581738710403442383e-01
1.088986277580261230e+00
8.617637753486633301e-01
6.772820949554443359e-01
8.968769907951354980e-01
6.717612147331237793e-01
7.608520984649658203e-01
6.666485071182250977e-01
8.116728067398071289e-01
7.512549161911010742e-01
1.136587619781494141e+00
1.566923260688781738e+00
1.033760547637939453e+00
8.299353718757629395e-01
6.219692230224609375e-01
5.538411140441894531e-01
6.147058606147766113e-01
6.427875757217407227e-01
1.095869898796081543e+00
8.419548273086547852e-01
9.582608938217163086e-01
9.519583582878112793e-01
9.973016381263732910e-01
7.740913629531860352e-01
7.055591344833374023e-01
7.818627357482910156e-01
6.781783699989318848e-01
8.970577716827392578e-01
6.453589200973510742e-01
8.868483901023864746e-01
7.242574095726013184e-01
5.137445926666259766e-01
6.258205175399780273e-01
6.654343008995056152e-01
5.655153989791870117e-01
6.420076489448547363e-01
6.650174856185913086e-01
4.676891565322875977e-01
5.966192483901977539e-01
5.823101997375488281e-01
7.010948657989501953e-01
7.585988640785217285e-01
1.062281012535095215e+00
1.313271522521972656e+00
1.390126466751098633e+00
1.258356094360351562e+00
1.070815324783325195e+00
2.119597434997558594e+00
1.477121591567993164e+00
9.573811292648315430e-01
1.380423188209533691e+00
1.571155667304992676e+00
1.193290114402770996e+00
9.388478398323059082e-01
1.005397558212280273e+00
8.800852894783020020e-01
1.111419081687927246e+00
9.756286740303039551e-01
1.011967658996582031e+00
1.079753637313842773e+00
8.084062337875366211e-01
6.784164905548095703e-01
7.641018629074096680e-01
9.477564096450805664e-01
1.016073226928710938e+00
1.085152745246887207e+00
1.065976381301879883e+00
8.615581989288330078e-01
5.842463970184326172e-01
7.397848367691040039e-01
7.437094449996948242e-01
8.572359681129455566e-01
7.224970459938049316e-01
7.044876813888549805e-01
8.025302886962890625e-01
7.584853172302246094e-01
6.291934847831726074e-01
6.366811990737915039e-01
7.258528470993041992e-01
6.524336338043212891e-01
6.048018336296081543e-01
7.152312397956848145e-01
9.336181282997131348e-01
7.776747345924377441e-01
7.580524086952209473e-01
1.148622512817382812e+00
8.098098039627075195e-01
1.077896833419799805e+00
1.053320646286010742e+00
9.694947004318237305e-01
6.935829520225524902e-01
6.467092037200927734e-01
7.878984808921813965e-01
6.405888199806213379e-01
8.212587833404541016e-01
7.763912677764892578e-01
1.237024545669555664e+00
1.274458527565002441e+00
1.767900347709655762e+00
1.531891584396362305e+00
9.969471693038940430e-01
7.400460243225097656e-01
9.632089138031005859e-01
1.061238050460815430e+00
1.182933568954467773e+00
7.274519205093383789e-01
7.666158080101013184e-01
9.068315029144287109e-01
8.025048971176147461e-01
8.044173717498779297e-01
9.696784615516662598e-01
9.539335370063781738e-01
8.136202692985534668e-01
7.175484895706176758e-01
7.166118621826171875e-01
9.076389074325561523e-01
8.340127468109130859e-01
7.207489013671875000e-01
7.641118764877319336e-01
4.449953138828277588e-01
6.958783864974975586e-01
7.480220198631286621e-01
6.878474950790405273e-01
6.711291670799255371e-01
7.973716259002685547e-01
8.943489193916320801e-01
8.634020090103149414e-01
8.319008350372314453e-01
6.044259071350097656e-01
5.968496203422546387e-01
4.290829598903656006e-01
6.166857481002807617e-01
6.757643222808837891e-01
5.993990302085876465e-01
6.286804676055908203e-01
6.650416851043701172e-01
5.046263337135314941e-01
6.178233027458190918e-01
6.530661582946777344e-01
6.838796734809875488e-01
6.561870574951171875e-01
7.508926391601562500e-01
6.270395517349243164e-01
6.050411462783813477e-01
6.259167194366455078e-01
7.821717262268066406e-01
8.097744584083557129e-01
1.332479119300842285e+00
1.715825557708740234e+00
1.030622959136962891e+00
9.533531665802001953e-01
8.078979253768920898e-01
9.037195444107055664e-01
9.222187995910644531e-01
6.672083735466003418e-01
7.949839830398559570e-01
6.795330643653869629e-01
7.014177441596984863e-01
7.480953931808471680e-01
7.034690380096435547e-01
1.003527879714965820e+00
9.302916526794433594e-01
8.966761827468872070e-01
5.964418649673461914e-01
5.859833955764770508e-01
6.826688647270202637e-01
7.799223661422729492e-01
6.616274118423461914e-01
9.919106364250183105e-01
1.094463825225830078e+00
1.086486816406250000e+00
6.850037574768066406e-01
4.412906169891357422e-01
5.431674122810363770e-01
5.270493030548095703e-01
6.800366044044494629e-01
7.798177003860473633e-01
7.966154217720031738e-01
9.423073530197143555e-01
9.187980294227600098e-01
6.948271393775939941e-01
7.152670025825500488e-01
4.943786263465881348e-01
5.639826655387878418e-01
5.942825675010681152e-01
6.122565269470214844e-01
1.585670471191406250e+00
1.830777645111083984e+00
1.542726039886474609e+00
1.100394845008850098e+00
1.346585750579833984e+00
1.077231049537658691e+00
9.379762411117553711e-01
9.499866962432861328e-01
9.590736031532287598e-01
6.075786352157592773e-01
7.246215343475341797e-01
1.095720291137695312e+00
1.541970252990722656e+00
1.740056872367858887e+00
1.054672360420227051e+00
8.940072655677795410e-01
6.285269856452941895e-01
6.826831698417663574e-01
8.172440528869628906e-01
8.154349327087402344e-01
7.581298351287841797e-01
8.453564643859863281e-01
9.587595462799072266e-01
8.502641320228576660e-01
4.627141356468200684e-01
4.488582015037536621e-01
7.395871281623840332e-01
7.268174886703491211e-01
7.736793756484985352e-01
7.228412628173828125e-01
7.266255617141723633e-01
6.826803684234619141e-01
7.874710559844970703e-01
8.705337047576904297e-01
1.030680179595947266e+00
8.133483529090881348e-01
1.034108996391296387e+00
8.328819274902343750e-01
9.844977259635925293e-01
8.226267099380493164e-01
7.970479130744934082e-01
8.294538259506225586e-01
7.856771945953369141e-01
7.217414379119873047e-01
7.488740086555480957e-01
6.879990100860595703e-01
8.544728159904479980e-01
6.517491936683654785e-01
7.549936771392822266e-01
5.059239268302917480e-01
5.436094999313354492e-01
5.553073883056640625e-01
6.422048807144165039e-01
6.007343530654907227e-01
7.315796613693237305e-01
1.042207717895507812e+00
1.046495079994201660e+00
1.173669576644897461e+00
9.576911330223083496e-01
8.084867000579833984e-01
8.069147467613220215e-01
8.464865684509277344e-01
7.892270088195800781e-01
1.031826257705688477e+00
7.500392794609069824e-01
8.144177794456481934e-01
5.984777212142944336e-01
8.410333991050720215e-01
5.252723693847656250e-01
6.938174962997436523e-01
8.163564205169677734e-01
7.482022643089294434e-01
6.361956596374511719e-01
7.501284480094909668e-01
9.000186920166015625e-01
9.092633724212646484e-01
8.746832609176635742e-01
7.379852533340454102e-01
6.964102983474731445e-01
9.156876206398010254e-01
1.203543663024902344e+00
1.051002860069274902e+00
9.201006889343261719e-01
7.789564728736877441e-01
5.607166290283203125e-01
5.174652338027954102e-01
6.903710365295410156e-01
8.241149187088012695e-01
6.620655059814453125e-01
1.101120233535766602e+00
1.104825496673583984e+00
7.949832677841186523e-01
5.194063186645507812e-01
5.794951319694519043e-01
4.207922816276550293e-01
8.226103186607360840e-01
1.148446321487426758e+00
1.291483759880065918e+00
9.383793473243713379e-01
7.097709774971008301e-01
6.525340676307678223e-01
5.877723693847656250e-01
9.107717275619506836e-01
7.660487294197082520e-01
1.424396753311157227e+00
1.110166549682617188e+00
8.530727624893188477e-01
5.611497163772583008e-01
7.032822370529174805e-01
5.819846391677856445e-01
5.163081884384155273e-01
7.162053585052490234e-01
7.146769165992736816e-01
4.947744607925415039e-01
6.655759811401367188e-01
6.445618867874145508e-01
8.154133558273315430e-01
7.703665494918823242e-01
7.748451828956604004e-01
6.556226015090942383e-01
7.104762792587280273e-01
7.159682512283325195e-01
5.907089710235595703e-01
5.264124870300292969e-01
7.692173719406127930e-01
9.659866094589233398e-01
1.625924825668334961e+00
1.255478739738464355e+00
1.013286590576171875e+00
8.704092502593994141e-01
1.218633174896240234e+00
8.933546543121337891e-01
1.064727425575256348e+00
8.832094073295593262e-01
8.413084745407104492e-01
8.466169834136962891e-01
8.625561594963073730e-01
6.725358366966247559e-01
5.499473810195922852e-01
8.611272573471069336e-01
8.506869077682495117e-01
6.559379100799560547e-01
5.038947463035583496e-01
5.921804904937744141e-01
8.029700517654418945e-01
8.974919319152832031e-01
7.316186428070068359e-01
6.412559747695922852e-01
7.322748899459838867e-01
5.968647003173828125e-01
7.943875193595886230e-01
8.345718979835510254e-01
9.884594082832336426e-01
1.120751976966857910e+00
1.318227648735046387e+00
1.026141762733459473e+00
1.478786587715148926e+00
1.766992568969726562e+00
9.408925771713256836e-01
6.804908514022827148e-01
8.929564952850341797e-01
1.319423675537109375e+00
1.076671242713928223e+00
9.041676521301269531e-01
7.831396460533142090e-01
7.135304212570190430e-01
6.000722050666809082e-01
4.709243774414062500e-01
8.319793939590454102e-01
5.866608619689941406e-01
6.967625617980957031e-01
7.755503654479980469e-01
1.100359082221984863e+00
9.509057998657226562e-01
6.796193122863769531e-01
7.456105947494506836e-01
7.954250574111938477e-01
9.175231456756591797e-01
8.896080255508422852e-01
8.994581699371337891e-01
9.653390645980834961e-01
8.137540817260742188e-01
7.426779270172119141e-01
7.252307534217834473e-01
8.047845363616943359e-01
8.499574065208435059e-01
7.711239457130432129e-01
7.142726182937622070e-01
9.249753952026367188e-01
7.549697756767272949e-01
7.951533794403076172e-01
8.178449869155883789e-01
5.916401147842407227e-01
5.292974710464477539e-01
6.320837736129760742e-01
6.723489761352539062e-01
1.026103258132934570e+00
9.835532903671264648e-01
1.417032122611999512e+00
8.842188715934753418e-01
1.015754818916320801e+00
9.750139117240905762e-01
9.790205359458923340e-01
1.092843890190124512e+00
1.178646445274353027e+00
7.997778654098510742e-01
7.621565461158752441e-01
6.371116638183593750e-01
5.876178145408630371e-01
5.549379587173461914e-01
6.231702566146850586e-01
8.278776407241821289e-01
8.252545595169067383e-01
9.100902676582336426e-01
1.221868276596069336e+00
9.113042950630187988e-01
8.321168422698974609e-01
8.630361557006835938e-01
7.815564870834350586e-01
8.084281086921691895e-01
9.435586929321289062e-01
6.330808401107788086e-01
8.731737732887268066e-01
1.093959331512451172e+00
6.572860479354858398e-01
8.224173188209533691e-01
7.494385838508605957e-01
6.480975151062011719e-01
7.497115135192871094e-01
8.660705685615539551e-01
7.093853950500488281e-01
7.776170969009399414e-01
8.431720733642578125e-01
1.012928128242492676e+00
1.029212713241577148e+00
9.724284410476684570e-01
5.491605997085571289e-01
6.794766187667846680e-01
6.669098138809204102e-01
5.612509250640869141e-01
6.091666221618652344e-01
6.521137952804565430e-01
8.273344635963439941e-01
8.736894726753234863e-01
7.312444448471069336e-01
7.788913249969482422e-01
8.074387311935424805e-01
7.682494521141052246e-01
6.690692305564880371e-01
6.216608285903930664e-01
4.772824943065643311e-01
6.540403962135314941e-01
8.941332101821899414e-01
6.972616910934448242e-01
8.443475961685180664e-01
6.928644180297851562e-01
7.242802381515502930e-01
6.004538536071777344e-01
5.743398070335388184e-01
6.390497088432312012e-01
6.846117973327636719e-01
7.161611318588256836e-01
9.487778544425964355e-01
1.087107658386230469e+00
9.612218141555786133e-01
7.310513257980346680e-01
7.303838729858398438e-01
8.789148926734924316e-01
6.793639659881591797e-01
8.924842476844787598e-01
9.299864768981933594e-01
9.170724749565124512e-01
6.988334059715270996e-01
7.409465312957763672e-01
7.871576547622680664e-01
4.831737279891967773e-01
5.026208758354187012e-01
1.430592894554138184e+00
1.621756792068481445e+00
7.130059003829956055e-01
6.456184387207031250e-01
6.815009117126464844e-01
7.728971242904663086e-01
1.098489642143249512e+00
9.807252287864685059e-01
8.464232683181762695e-01
1.013017416000366211e+00
7.946105599403381348e-01
5.663556456565856934e-01
7.289922237396240234e-01
7.811971902847290039e-01
5.720085501670837402e-01
7.374187707901000977e-01
1.124834656715393066e+00
1.158438920974731445e+00
1.090490818023681641e+00
1.063161492347717285e+00
1.220421195030212402e+00
1.247347354888916016e+00
1.421743631362915039e+00
1.364090323448181152e+00
1.845895171165466309e+00
1.548202872276306152e+00
9.781123995780944824e-01
6.912306547164916992e-01
9.769787788391113281e-01
1.216066002845764160e+00
9.023625850677490234e-01
8.283731937408447266e-01
8.791101574897766113e-01
8.390712141990661621e-01
1.286103248596191406e+00
1.411713123321533203e+00
9.852564930915832520e-01
8.898612856864929199e-01
6.371816992759704590e-01
9.447316527366638184e-01
8.393954038619995117e-01
6.279139518737792969e-01
8.066046237945556641e-01
9.858092069625854492e-01
7.334448099136352539e-01
7.294271588325500488e-01
6.195823550224304199e-01
8.250826597213745117e-01
9.523304104804992676e-01
6.671001315116882324e-01
6.778499484062194824e-01
7.656499743461608887e-01
8.393287062644958496e-01
6.224645376205444336e-01
3.883318305015563965e-01
5.734844207763671875e-01
7.245228886604309082e-01
7.003262639045715332e-01
6.514247059822082520e-01
5.446119308471679688e-01
4.342480897903442383e-01
5.855286121368408203e-01
1.192158102989196777e+00
8.380156755447387695e-01
1.089843153953552246e+00
1.085921645164489746e+00
9.441685676574707031e-01
8.041001558303833008e-01
6.770638227462768555e-01
7.222578525543212891e-01
3.683410584926605225e-01
5.792977809906005859e-01
3.300606608390808105e-01
1.004241228103637695e+00
9.217790365219116211e-01
8.738729953765869141e-01
3.889804780483245850e-01
5.857992768287658691e-01
7.189773321151733398e-01
5.711157321929931641e-01
5.968068838119506836e-01
8.101097345352172852e-01
6.495620012283325195e-01
5.203741192817687988e-01
3.420727849006652832e-01
9.058620929718017578e-01
1.798590421676635742e+00
1.178295850753784180e+00
1.029382467269897461e+00
1.266587376594543457e+00
2.329384803771972656e+00
2.783750295639038086e+00
1.283400535583496094e+00
1.009243011474609375e+00
7.560006380081176758e-01
7.324187755584716797e-01
9.214253425598144531e-01
1.070383310317993164e+00
9.434099197387695312e-01
1.099724769592285156e+00
1.028847098350524902e+00
6.601826548576354980e-01
7.058260440826416016e-01
7.324525117874145508e-01
9.988197088241577148e-01
8.736224174499511719e-01
7.274547815322875977e-01
9.832247495651245117e-01
1.007547259330749512e+00
1.032084465026855469e+00
8.035378456115722656e-01
7.664006948471069336e-01
9.022196531295776367e-01
1.080387115478515625e+00
1.086859226226806641e+00
1.537542462348937988e+00
1.231420755386352539e+00
1.212208509445190430e+00
1.129055738449096680e+00
1.324302554130554199e+00
9.918553829193115234e-01
7.843043208122253418e-01
7.917248010635375977e-01
1.015672802925109863e+00
1.019430994987487793e+00
8.581641912460327148e-01
7.639617323875427246e-01
7.091228961944580078e-01
8.836637735366821289e-01
8.686206936836242676e-01
8.453279137611389160e-01
8.908002376556396484e-01
8.154199719429016113e-01
1.041593194007873535e+00
9.194345474243164062e-01
8.206432461738586426e-01
8.644341230392456055e-01
7.396603822708129883e-01
8.516808748245239258e-01
8.301923274993896484e-01
7.461293339729309082e-01
8.113601803779602051e-01
8.735424280166625977e-01
7.221174240112304688e-01
9.795322418212890625e-01
1.026719093322753906e+00
1.181886553764343262e+00
1.173852920532226562e+00
1.132178902626037598e+00
9.532592892646789551e-01
9.813680648803710938e-01
1.055759191513061523e+00
9.350714683532714844e-01
9.632573127746582031e-01
7.847297191619873047e-01
7.920918464660644531e-01
6.639921665191650391e-01
8.316577672958374023e-01
7.036197185516357422e-01
9.403019547462463379e-01
8.755411505699157715e-01
9.224184751510620117e-01
7.504543662071228027e-01
8.894788026809692383e-01
7.426322698593139648e-01
9.448867440223693848e-01
8.270680308341979980e-01
7.532087564468383789e-01
8.537340164184570312e-01
6.044632196426391602e-01
9.117438793182373047e-01
9.869937896728515625e-01
6.898157596588134766e-01
5.504406094551086426e-01
8.764717578887939453e-01
6.991254687309265137e-01
5.535551309585571289e-01
1.436846137046813965e+00
1.162814259529113770e+00
7.622135877609252930e-01
3.928554654121398926e-01
6.654049754142761230e-01
7.450373172760009766e-01
7.729355692863464355e-01
1.061515450477600098e+00
1.380075693130493164e+00
1.360255360603332520e+00
9.430841207504272461e-01
8.019516468048095703e-01
7.111908197402954102e-01
5.511292219161987305e-01
7.149914503097534180e-01
5.215113162994384766e-01
4.103347063064575195e-01
7.589782476425170898e-01
6.513383984565734863e-01
1.011494159698486328e+00
8.402467966079711914e-01
1.015647172927856445e+00
8.661568760871887207e-01
7.138425707817077637e-01
5.800191164016723633e-01
5.863863825798034668e-01
6.708682775497436523e-01
4.771044254302978516e-01
6.595717072486877441e-01
7.724540829658508301e-01
1.232394456863403320e+00
1.037485361099243164e+00
6.695219874382019043e-01
5.322506427764892578e-01
6.770783066749572754e-01
6.331353187561035156e-01
4.769457280635833740e-01
8.050226569175720215e-01
5.974662303924560547e-01
6.582728028297424316e-01
5.355401039123535156e-01
6.713963747024536133e-01
7.228729724884033203e-01
7.495537996292114258e-01
7.139371037483215332e-01
8.517626523971557617e-01
9.722474217414855957e-01
8.710145354270935059e-01
7.157952785491943359e-01
6.895385384559631348e-01
5.366433858871459961e-01
6.251885294914245605e-01
4.905939400196075439e-01
9.877765178680419922e-01
1.376775026321411133e+00
1.252142310142517090e+00
6.277611255645751953e-01
7.941851019859313965e-01
6.346250772476196289e-01
6.091679930686950684e-01
5.532308220863342285e-01
4.849810600280761719e-01
7.093290686607360840e-01
8.251329064369201660e-01
8.589513897895812988e-01
1.299335837364196777e+00
1.127044916152954102e+00
1.101561665534973145e+00
1.400391221046447754e+00
9.034395813941955566e-01
5.873531103134155273e-01
8.183865547180175781e-01
8.435128331184387207e-01
8.153894543647766113e-01
8.092054128646850586e-01
6.890675425529479980e-01
1.067493915557861328e+00
1.452600598335266113e+00
1.245021820068359375e+00
1.024864435195922852e+00
8.408957719802856445e-01
6.752586364746093750e-01
7.941738367080688477e-01
6.990993022918701172e-01
7.198731899261474609e-01
7.974100708961486816e-01
9.138031601905822754e-01
5.744908452033996582e-01
7.762606143951416016e-01
8.668720722198486328e-01
1.031975507736206055e+00
1.235369563102722168e+00
1.776478171348571777e+00
1.108531713485717773e+00
9.008915424346923828e-01
1.025052070617675781e+00
8.933562040328979492e-01
1.062066078186035156e+00
1.213828325271606445e+00
1.340464711189270020e+00
1.373575687408447266e+00
1.446652770042419434e+00
7.646166086196899414e-01
8.410673737525939941e-01
1.073161363601684570e+00
9.467846155166625977e-01
1.124912500381469727e+00
1.127028465270996094e+00
1.076058983802795410e+00
8.344879150390625000e-01
5.967992544174194336e-01
7.514997720718383789e-01
7.525113224983215332e-01
7.297941446304321289e-01
9.027144312858581543e-01
9.051851034164428711e-01
7.130829095840454102e-01
8.947262763977050781e-01
8.760839700698852539e-01
9.308115839958190918e-01
7.283702492713928223e-01
8.285124897956848145e-01
1.044583559036254883e+00
8.663865327835083008e-01
1.114931106567382812e+00
7.103465795516967773e-01
1.071359634399414062e+00
9.026898741722106934e-01
8.204294443130493164e-01
7.405076026916503906e-01
5.192589163780212402e-01
6.881797909736633301e-01
8.570444583892822266e-01
5.321559309959411621e-01
5.515353679656982422e-01
1.199695587158203125e+00
9.950746297836303711e-01
7.071171998977661133e-01
7.122594118118286133e-01
7.204416990280151367e-01
8.600600361824035645e-01
9.152336120605468750e-01
7.773947119712829590e-01
5.169484615325927734e-01
7.389940619468688965e-01
8.095995187759399414e-01
7.181774377822875977e-01
8.440202474594116211e-01
4.263412952423095703e-01
5.665693283081054688e-01
6.895818114280700684e-01
1.007420659065246582e+00
1.273060321807861328e+00
1.298987984657287598e+00
2.089540481567382812e+00
6.338532567024230957e-01
7.967770695686340332e-01
1.194054007530212402e+00
9.862451553344726562e-01
9.841263294219970703e-01
9.808408021926879883e-01
9.264757633209228516e-01
1.251437544822692871e+00
1.173363804817199707e+00
9.251784682273864746e-01
7.157757878303527832e-01
4.940818548202514648e-01
6.149163246154785156e-01
8.325604200363159180e-01
7.574762105941772461e-01
6.370130777359008789e-01
5.745590925216674805e-01
6.436154842376708984e-01
8.097163438796997070e-01
8.771898746490478516e-01
4.451856315135955811e-01
4.875734448432922363e-01
9.338736534118652344e-01
8.400486707687377930e-01
7.131543159484863281e-01
6.401339769363403320e-01
1.371783375740051270e+00
1.387428760528564453e+00
2.020446062088012695e+00
1.649512410163879395e+00
6.180795431137084961e-01
9.693776965141296387e-01
1.170729637145996094e+00
1.289054393768310547e+00
7.965877056121826172e-01
7.086882591247558594e-01
6.625553369522094727e-01
7.040315866470336914e-01
7.681512832641601562e-01
8.180164098739624023e-01
9.266562461853027344e-01
6.253108978271484375e-01
4.534881711006164551e-01
5.298653841018676758e-01
7.157862782478332520e-01
8.174471855163574219e-01
5.502697229385375977e-01
6.113680601119995117e-01
5.852200388908386230e-01
7.717442512512207031e-01
5.369814038276672363e-01
6.770060062408447266e-01
7.731935977935791016e-01
6.658505201339721680e-01
7.578872442245483398e-01
7.042559385299682617e-01
9.935668706893920898e-01
1.752738833427429199e+00
1.530993938446044922e+00
6.866456270217895508e-01
7.182219028472900391e-01
7.012324333190917969e-01
8.774212002754211426e-01
8.944380879402160645e-01
9.968995451927185059e-01
7.580109834671020508e-01
8.094285726547241211e-01
6.346997022628784180e-01
7.888564467430114746e-01
8.142180442810058594e-01
7.040553092956542969e-01
8.383585810661315918e-01
7.842859029769897461e-01
1.187142372131347656e+00
1.510785937309265137e+00
1.742465019226074219e+00
1.415127158164978027e+00
1.208311200141906738e+00
1.065148115158081055e+00
7.766296863555908203e-01
7.853871583938598633e-01
6.926989555358886719e-01
7.027140855789184570e-01
8.053297996520996094e-01
9.472173452377319336e-01
1.224112510681152344e+00
8.336337804794311523e-01
6.015362739562988281e-01
1.116934180259704590e+00
1.206950187683105469e+00
5.086212754249572754e-01
7.015382051467895508e-01
7.344967126846313477e-01
8.314694762229919434e-01
5.524436831474304199e-01
6.764580011367797852e-01
6.130003929138183594e-01
6.410392522811889648e-01
6.297541856765747070e-01
6.725463271141052246e-01
8.635534644126892090e-01
7.584974765777587891e-01
8.741934299468994141e-01
7.998055219650268555e-01
1.130106925964355469e+00
5.680522322654724121e-01
6.063919663429260254e-01
7.846366763114929199e-01
5.498639941215515137e-01
6.459052562713623047e-01
1.103221058845520020e+00
8.638310432434082031e-01
9.530799984931945801e-01
9.225196242332458496e-01
8.817850947380065918e-01
8.524833917617797852e-01
8.946639895439147949e-01
6.793928146362304688e-01
5.353751182556152344e-01
1.420472383499145508e+00
2.098391771316528320e+00
1.195593476295471191e+00
9.634326696395874023e-01
1.228830099105834961e+00
7.405796647071838379e-01
7.968966364860534668e-01
7.946032285690307617e-01
1.395817041397094727e+00
1.279332399368286133e+00
8.950300216674804688e-01
1.028845191001892090e+00
1.033956885337829590e+00
1.067591667175292969e+00
1.007328271865844727e+00
1.010211229324340820e+00
8.992682695388793945e-01
8.683962821960449219e-01
7.332370281219482422e-01
5.517132282257080078e-01
8.384354114532470703e-01
9.588489532470703125e-01
5.704613327980041504e-01
6.258478164672851562e-01
7.716166377067565918e-01
7.961647510528564453e-01
9.179122447967529297e-01
7.239997982978820801e-01
7.467517852783203125e-01
6.756832599639892578e-01
6.796150207519531250e-01
7.071335911750793457e-01
6.474207043647766113e-01
6.324656009674072266e-01
7.375414967536926270e-01
8.865001201629638672e-01
7.004620432853698730e-01
7.731783390045166016e-01
5.934812426567077637e-01
1.181612730026245117e+00
1.048293828964233398e+00
7.347899675369262695e-01
3.969516456127166748e-01
5.758836269378662109e-01
4.523337483406066895e-01
5.672720670700073242e-01
8.981318473815917969e-01
1.402892470359802246e+00
1.417456626892089844e+00
9.982838630676269531e-01
7.228428125381469727e-01
7.155694961547851562e-01
5.214935541152954102e-01
1.246232986450195312e+00
1.145009636878967285e+00
9.253804087638854980e-01
7.420108914375305176e-01
9.165421724319458008e-01
1.246873617172241211e+00
8.029781579971313477e-01
8.161350488662719727e-01
4.963594377040863037e-01
4.889405369758605957e-01
7.618866562843322754e-01
7.513489723205566406e-01
5.955262184143066406e-01
6.444337368011474609e-01
6.446260213851928711e-01
8.006641864776611328e-01
5.158998966217041016e-01
6.335718631744384766e-01
8.513126373291015625e-01
1.768260478973388672e+00
1.514660120010375977e+00
1.977463722229003906e+00
1.359121799468994141e+00
7.677314281463623047e-01
8.229661583900451660e-01
8.528406620025634766e-01
1.058096170425415039e+00
1.011818170547485352e+00
8.973361253738403320e-01
8.910444974899291992e-01
7.712588310241699219e-01
7.978518009185791016e-01
7.506372928619384766e-01
6.359296441078186035e-01
6.543675065040588379e-01
1.044845104217529297e+00
7.657499313354492188e-01
6.558231115341186523e-01
4.690661430358886719e-01
7.226952910423278809e-01
6.596468687057495117e-01
3.906000256538391113e-01
5.327782630920410156e-01
7.094047069549560547e-01
1.848072409629821777e+00
1.005527973175048828e+00
1.037377715110778809e+00
1.346707224845886230e+00
1.842749595642089844e+00
1.104036092758178711e+00
8.456636667251586914e-01
7.093557119369506836e-01
9.011162519454956055e-01
1.324080944061279297e+00
8.013452887535095215e-01
9.181823730468750000e-01
9.909765124320983887e-01
9.442219734191894531e-01
9.696527719497680664e-01
9.414113163948059082e-01
6.835600137710571289e-01
7.635138630867004395e-01
7.046452760696411133e-01
6.737782955169677734e-01
9.038305878639221191e-01
6.405797004699707031e-01
7.805877923965454102e-01
7.249048352241516113e-01
6.556900739669799805e-01
8.073130846023559570e-01
9.480671882629394531e-01
7.558740973472595215e-01
7.747423648834228516e-01
4.319907426834106445e-01
5.821907520294189453e-01
6.959834098815917969e-01
8.045402765274047852e-01
9.258853793144226074e-01
8.055037260055541992e-01
7.607595324516296387e-01
6.527290344238281250e-01
9.034174680709838867e-01
6.002941131591796875e-01
7.585656642913818359e-01
6.745753288269042969e-01
8.634940385818481445e-01
1.396852493286132812e+00
1.903939843177795410e+00
1.492893457412719727e+00
8.205808401107788086e-01
7.505404949188232422e-01
8.913893103599548340e-01
8.429750204086303711e-01
9.416713118553161621e-01
1.050897836685180664e+00
1.180490851402282715e+00
1.484755516052246094e+00
1.803207159042358398e+00
1.179572343826293945e+00
5.878080725669860840e-01
1.064558148384094238e+00
1.013033866882324219e+00
5.543621182441711426e-01
6.652607321739196777e-01
1.040704131126403809e+00
7.857702970504760742e-01
7.632534503936767578e-01
7.749359607696533203e-01
8.134285211563110352e-01
8.530210852622985840e-01
6.194449663162231445e-01
4.946411550045013428e-01
1.171463847160339355e+00
1.188378095626831055e+00
8.810211420059204102e-01
7.314251661300659180e-01
8.772865533828735352e-01
8.843024969100952148e-01
6.462547779083251953e-01
8.115787506103515625e-01
4.688478708267211914e-01
5.493284463882446289e-01
6.865742802619934082e-01
5.413103103637695312e-01
8.750793337821960449e-01
7.193664312362670898e-01
5.780189633369445801e-01
7.694591283798217773e-01
7.919299602508544922e-01
7.042431831359863281e-01
7.939640879631042480e-01
5.823517441749572754e-01
7.364145517349243164e-01
7.308691740036010742e-01
6.486663222312927246e-01
9.298554658889770508e-01
9.778645634651184082e-01
7.300236225128173828e-01
6.434333324432373047e-01
7.151913642883300781e-01
5.887061953544616699e-01
6.597883105278015137e-01
1.046569705009460449e+00
1.440603971481323242e+00
1.641714215278625488e+00
9.767991304397583008e-01
1.193307757377624512e+00
1.372174263000488281e+00
6.598162651062011719e-01
7.759603857994079590e-01
7.853295803070068359e-01
5.330025553703308105e-01
7.508947849273681641e-01
7.359375953674316406e-01
6.970581412315368652e-01
6.968058347702026367e-01
7.336332798004150391e-01
7.982614040374755859e-01
9.367959499359130859e-01
1.078277349472045898e+00
1.160450100898742676e+00
1.352830171585083008e+00
9.587009549140930176e-01
9.157861471176147461e-01
9.332635402679443359e-01
1.223728418350219727e+00
1.023129940032958984e+00
8.786638379096984863e-01
6.939861774444580078e-01
9.114069938659667969e-01
1.259537339210510254e+00
1.371325731277465820e+00
9.305060505867004395e-01
6.013467907905578613e-01
6.741769909858703613e-01
6.675254106521606445e-01
8.227714300155639648e-01
7.727546095848083496e-01
5.099134445190429688e-01
7.789807319641113281e-01
5.494780540466308594e-01
9.444605112075805664e-01
6.404598355293273926e-01
6.238363385200500488e-01
5.406687259674072266e-01
7.697187662124633789e-01
7.356238961219787598e-01
7.550206184387207031e-01
5.113277435302734375e-01
7.284546494483947754e-01
7.733951807022094727e-01
5.941627025604248047e-01
6.300140023231506348e-01
1.039755225181579590e+00
1.138926982879638672e+00
1.008059501647949219e+00
7.624914646148681641e-01
5.295633077621459961e-01
7.367862462997436523e-01
5.590180754661560059e-01
6.561610698699951172e-01
7.240645289421081543e-01
1.410716652870178223e+00
8.997092247009277344e-01
4.642238020896911621e-01
6.768582463264465332e-01
5.860489010810852051e-01
4.890654385089874268e-01
7.115080952644348145e-01
8.912166357040405273e-01
8.689187169075012207e-01
5.126129388809204102e-01
9.036571383476257324e-01
9.804736971855163574e-01
1.355247020721435547e+00
1.982437252998352051e+00
2.353890657424926758e+00
1.660323381423950195e+00
1.096892356872558594e+00
8.828005790710449219e-01
1.146708011627197266e+00
7.165518999099731445e-01
9.269503951072692871e-01
8.710527420043945312e-01
9.538686275482177734e-01
6.853672266006469727e-01
5.321425199508666992e-01
9.868866205215454102e-01
7.923200726509094238e-01
7.676267623901367188e-01
9.075158834457397461e-01
9.606652259826660156e-01
6.993317604064941406e-01
4.014333784580230713e-01
1.996584981679916382e-01
1.878514528274536133e+00
2.446464300155639648e+00
1.412484645843505859e+00
3.076672077178955078e+00
1.913339853286743164e+00
1.201743364334106445e+00
8.366304636001586914e-01
9.242268800735473633e-01
1.013044118881225586e+00
1.343271613121032715e+00
1.127906084060668945e+00
1.731121301651000977e+00
1.086290597915649414e+00
1.052172422409057617e+00
8.781980872154235840e-01
1.038269996643066406e+00
1.372543931007385254e+00
1.292342662811279297e+00
1.367902040481567383e+00
1.008790612220764160e+00
9.712738394737243652e-01
9.688326120376586914e-01
9.212235212326049805e-01
8.125438094139099121e-01
9.637382030487060547e-01
9.406508207321166992e-01
1.218500137329101562e+00
6.833066940307617188e-01
6.725275516510009766e-01
8.460198640823364258e-01
8.456202745437622070e-01
1.035800695419311523e+00
1.251114130020141602e+00
1.074787020683288574e+00
1.173300147056579590e+00
9.442523717880249023e-01
8.132241368293762207e-01
9.223254919052124023e-01
9.117715358734130859e-01
7.253267168998718262e-01
6.576334834098815918e-01
8.091126680374145508e-01
8.159972429275512695e-01
6.313545107841491699e-01
8.096958994865417480e-01
9.254108667373657227e-01
7.051906585693359375e-01
6.537952423095703125e-01
6.146950721740722656e-01
1.031273603439331055e+00
8.281767368316650391e-01
7.163585424423217773e-01
1.023364543914794922e+00
1.370195508003234863e+00
7.879415750503540039e-01
6.390110254287719727e-01
6.262751817703247070e-01
6.783608198165893555e-01
1.006413817405700684e+00
8.079159259796142578e-01
8.840838074684143066e-01
7.412641644477844238e-01
5.793917775154113770e-01
7.830709218978881836e-01
8.072315454483032227e-01
6.040985584259033203e-01
8.313717842102050781e-01
9.400351643562316895e-01
7.726354598999023438e-01
5.640946030616760254e-01
8.253612518310546875e-01
8.418739438056945801e-01
7.290061712265014648e-01
7.268820405006408691e-01
4.038300514221191406e-01
1.221428751945495605e+00
1.102236747741699219e+00
1.000668048858642578e+00
1.245178461074829102e+00
9.320893287658691406e-01
6.962064504623413086e-01
8.208732604980468750e-01
8.596524000167846680e-01
7.600773572921752930e-01
8.055133223533630371e-01
7.502945065498352051e-01
5.906538963317871094e-01
6.319748163223266602e-01
6.518089175224304199e-01
5.731093883514404297e-01
5.667301416397094727e-01
5.212276577949523926e-01
5.623944401741027832e-01
6.917895078659057617e-01
7.533637881278991699e-01
1.154089570045471191e+00
7.917458415031433105e-01
7.725552916526794434e-01
1.233538508415222168e+00
1.128464818000793457e+00
8.601363897323608398e-01
8.033944368362426758e-01
8.277594447135925293e-01
7.262299060821533203e-01
6.000683307647705078e-01
6.767907142639160156e-01
8.230329751968383789e-01
6.748366355895996094e-01
8.363831043243408203e-01
9.260081052780151367e-01
1.037997722625732422e+00
1.447068452835083008e+00
1.459769964218139648e+00
1.161687612533569336e+00
5.930920839309692383e-01
5.803620815277099609e-01
7.769313454627990723e-01
9.037090539932250977e-01
7.999010086059570312e-01
7.772676348686218262e-01
7.126576304435729980e-01
6.428951621055603027e-01
6.280776262283325195e-01
5.265444517135620117e-01
5.413942337036132812e-01
5.882645845413208008e-01
6.679126024246215820e-01
7.156441211700439453e-01
6.511237621307373047e-01
6.357389688491821289e-01
6.853092312812805176e-01
8.253929018974304199e-01
9.451460838317871094e-01
7.490669488906860352e-01
4.407318532466888428e-01
7.262907028198242188e-01
5.492625236511230469e-01
6.743094921112060547e-01
1.069995045661926270e+00
7.423243522644042969e-01
7.428288459777832031e-01
6.988027095794677734e-01
6.228397488594055176e-01
7.622190713882446289e-01
1.053393006324768066e+00
4.635598659515380859e-01
5.808172225952148438e-01
4.675540626049041748e-01
5.248157382011413574e-01
6.335597634315490723e-01
1.093976140022277832e+00
9.351736307144165039e-01
7.736176252365112305e-01
7.995818257331848145e-01
6.686525344848632812e-01
7.806671857833862305e-01
1.052003622055053711e+00
1.406886100769042969e+00
9.079235196113586426e-01
6.665787100791931152e-01
6.845896840095520020e-01
6.276368498802185059e-01
6.889716982841491699e-01
6.006980538368225098e-01
4.828898012638092041e-01
6.622899770736694336e-01
6.023111939430236816e-01
6.580210924148559570e-01
7.855801582336425781e-01
4.854039251804351807e-01
6.241517066955566406e-01
4.877728223800659180e-01
5.523570179939270020e-01
6.383095979690551758e-01
5.612726211547851562e-01
5.822280645370483398e-01
5.390760898590087891e-01
1.204792976379394531e+00
1.914697051048278809e+00
1.722536683082580566e+00
3.179730892181396484e+00
1.697259783744812012e+00
9.232781529426574707e-01
8.621945381164550781e-01
1.077608823776245117e+00
1.186370491981506348e+00
1.247362613677978516e+00
9.895669221878051758e-01
9.148415923118591309e-01
8.292630910873413086e-01
6.698060631752014160e-01
9.461841583251953125e-01
9.217450618743896484e-01
9.299612045288085938e-01
5.441126823425292969e-01
5.332754254341125488e-01
8.908207416534423828e-01
9.782474040985107422e-01
8.519870042800903320e-01
9.297547936439514160e-01
9.079721570014953613e-01
1.058856964111328125e+00
8.557602763175964355e-01
1.053760290145874023e+00
1.004813313484191895e+00
8.537276983261108398e-01
8.169457912445068359e-01
7.809506654739379883e-01
6.429959535598754883e-01
8.086946010589599609e-01
6.509771943092346191e-01
6.026226282119750977e-01
5.909911394119262695e-01
7.879553437232971191e-01
8.231509327888488770e-01
9.295271039009094238e-01
9.689095616340637207e-01
6.808973550796508789e-01
6.911845207214355469e-01
9.455820322036743164e-01
7.847433090209960938e-01
6.919672489166259766e-01
4.270028471946716309e-01
4.990437030792236328e-01
6.017926335334777832e-01
7.025128602981567383e-01
6.086627840995788574e-01
6.277204751968383789e-01
7.241973876953125000e-01
1.198485016822814941e+00
1.374450325965881348e+00
1.360068678855895996e+00
1.057970643043518066e+00
9.532513618469238281e-01
1.394157886505126953e+00
1.215395689010620117e+00
1.247240066528320312e+00
1.038062214851379395e+00
9.034342765808105469e-01
9.808768033981323242e-01
1.482160210609436035e+00
1.467123150825500488e+00
1.029640793800354004e+00
6.605825424194335938e-01
7.896928787231445312e-01
1.108979821205139160e+00
8.101666569709777832e-01
7.980602979660034180e-01
6.793483495712280273e-01
7.973496913909912109e-01
1.232937574386596680e+00
1.168575644493103027e+00
1.127342343330383301e+00
7.923829555511474609e-01
6.920187473297119141e-01
6.429090499877929688e-01
6.848084926605224609e-01
6.003966331481933594e-01
7.719323635101318359e-01
1.126724839210510254e+00
1.141018152236938477e+00
9.198849201202392578e-01
7.354003190994262695e-01
1.120858192443847656e+00
1.025320053100585938e+00
1.179006218910217285e+00
1.305324196815490723e+00
1.274034261703491211e+00
1.181622147560119629e+00
1.125717163085937500e+00
1.142244458198547363e+00
8.837931156158447266e-01
5.691923499107360840e-01
6.567895412445068359e-01
8.539513945579528809e-01
8.733993172645568848e-01
8.200680613517761230e-01
7.282352447509765625e-01
5.536891222000122070e-01
6.564126014709472656e-01
6.228271722793579102e-01
7.036988139152526855e-01
6.214192509651184082e-01
6.187007427215576172e-01
8.593758344650268555e-01
7.554670572280883789e-01
7.089095115661621094e-01
1.540434837341308594e+00
1.751003623008728027e+00
1.180892705917358398e+00
1.519460201263427734e+00
1.427875518798828125e+00
1.310482859611511230e+00
1.180401921272277832e+00
8.752254247665405273e-01
1.037342667579650879e+00
8.425786495208740234e-01
9.723158478736877441e-01
1.132105946540832520e+00
1.120733618736267090e+00
7.251172065734863281e-01
6.820751428604125977e-01
8.128449916839599609e-01
9.715994596481323242e-01
8.720886707305908203e-01
7.722102403640747070e-01
8.081819415092468262e-01
6.369063258171081543e-01
8.259807229042053223e-01
5.915637016296386719e-01
7.688793540000915527e-01
7.445787191390991211e-01
6.652294397354125977e-01
6.684857606887817383e-01
6.792133450508117676e-01
9.932105541229248047e-01
9.240739345550537109e-01
6.369824409484863281e-01
7.266398072242736816e-01
7.965909242630004883e-01
7.331237792968750000e-01
5.604326725006103516e-01
5.224696397781372070e-01
9.388687014579772949e-01
1.037446379661560059e+00
1.101562023162841797e+00
1.089861631393432617e+00
7.091878652572631836e-01
5.923078060150146484e-01
6.184664964675903320e-01
5.994981527328491211e-01
7.441960573196411133e-01
6.526914834976196289e-01
9.294407963752746582e-01
9.328801035881042480e-01
6.815142631530761719e-01
5.542868375778198242e-01
7.482694983482360840e-01
6.299302577972412109e-01
8.621229529380798340e-01
9.204692244529724121e-01
6.401454210281372070e-01
7.250666618347167969e-01
4.440978467464447021e-01
7.374915480613708496e-01
5.192424058914184570e-01
5.818524956703186035e-01
7.098774313926696777e-01
6.767715215682983398e-01
5.383472442626953125e-01
5.461170077323913574e-01
7.278872728347778320e-01
5.948345661163330078e-01
8.711078763008117676e-01
1.278746485710144043e+00
6.532832384109497070e-01
4.867730736732482910e-01
1.199291825294494629e+00
1.009275555610656738e+00
7.766926288604736328e-01
7.869082093238830566e-01
7.345444560050964355e-01
6.797118186950683594e-01
8.475718498229980469e-01
8.513798117637634277e-01
7.142215967178344727e-01
5.011311173439025879e-01
8.412257432937622070e-01
1.010566115379333496e+00
1.077541589736938477e+00
1.165975332260131836e+00
1.393547654151916504e+00
1.871207594871520996e+00
2.311049461364746094e+00
1.954894185066223145e+00
1.813261032104492188e+00
1.690323829650878906e+00
1.252090454101562500e+00
6.599689722061157227e-01
8.589912652969360352e-01
9.258637428283691406e-01
1.009650468826293945e+00
1.023907661437988281e+00
1.053679704666137695e+00
1.024890542030334473e+00
9.088521599769592285e-01
8.121658563613891602e-01
9.644351005554199219e-01
1.042189717292785645e+00
8.444526195526123047e-01
7.387771010398864746e-01
8.993705511093139648e-01
6.594002842903137207e-01
7.619044780731201172e-01
5.966039896011352539e-01
5.871428251266479492e-01
7.025097608566284180e-01
8.646843433380126953e-01
9.288994669914245605e-01
7.489017248153686523e-01
3.682938814163208008e-01
6.529759168624877930e-01
7.101241350173950195e-01
6.040926575660705566e-01
8.263987898826599121e-01
5.865913033485412598e-01
6.780015230178833008e-01
8.103563785552978516e-01
8.362735509872436523e-01
9.048863649368286133e-01
7.192074060440063477e-01
6.421056389808654785e-01
5.921922922134399414e-01
5.497817993164062500e-01
1.241416931152343750e+00
1.550483226776123047e+00
1.204750895500183105e+00
1.166538596153259277e+00
1.048536777496337891e+00
9.963160157203674316e-01
9.740704298019409180e-01
8.455889225006103516e-01
1.075936198234558105e+00
8.904444575309753418e-01
7.401869297027587891e-01
7.450317740440368652e-01
6.434011459350585938e-01
1.025486707687377930e+00
1.247367143630981445e+00
1.781655550003051758e+00
1.218641400337219238e+00
8.639028072357177734e-01
6.506254673004150391e-01
8.095660805702209473e-01
5.506006479263305664e-01
9.033865928649902344e-01
7.176981568336486816e-01
7.090237140655517578e-01
1.010589003562927246e+00
1.242331266403198242e+00
7.947475910186767578e-01
7.266950011253356934e-01
6.918345689773559570e-01
7.663483619689941406e-01
6.691705584526062012e-01
1.299805641174316406e+00
1.619502902030944824e+00
1.265449404716491699e+00
1.187225699424743652e+00
8.318507671356201172e-01
7.837132215499877930e-01
8.237541913986206055e-01
8.389169573783874512e-01
1.275058269500732422e+00
1.140484929084777832e+00
8.711487054824829102e-01
8.671703338623046875e-01
7.625975012779235840e-01
7.677569389343261719e-01
8.813689947128295898e-01
6.529847383499145508e-01
6.587459444999694824e-01
7.272667288780212402e-01
6.929624080657958984e-01
6.932142972946166992e-01
7.334471344947814941e-01
7.280762195587158203e-01
3.913414478302001953e-01
8.446969985961914062e-01
6.619649529457092285e-01
6.988272666931152344e-01
8.153493404388427734e-01
7.883920669555664062e-01
5.982939004898071289e-01
5.524219274520874023e-01
8.044822216033935547e-01
9.795514345169067383e-01
8.999555110931396484e-01
8.478136658668518066e-01
5.606231689453125000e-01
6.654646396636962891e-01
7.228034734725952148e-01
1.320361614227294922e+00
1.381835579872131348e+00
8.221448659896850586e-01
5.510606765747070312e-01
7.336015701293945312e-01
4.650685787200927734e-01
5.917927026748657227e-01
4.945693612098693848e-01
8.358895778656005859e-01
7.197066545486450195e-01
8.015997409820556641e-01
8.193891048431396484e-01
7.928504943847656250e-01
9.867140650749206543e-01
1.034253716468811035e+00
9.622188806533813477e-01
8.250057697296142578e-01
4.709127247333526611e-01
5.659807920455932617e-01
9.725528955459594727e-01
1.306380271911621094e+00
9.244105815887451172e-01
1.120497226715087891e+00
9.337584376335144043e-01
5.014233589172363281e-01
7.819360494613647461e-01
1.238913297653198242e+00
1.941076397895812988e+00
1.233416438102722168e+00
9.574213624000549316e-01
9.125512838363647461e-01
7.532405853271484375e-01
8.468859195709228516e-01
7.988135814666748047e-01
1.286129474639892578e+00
1.480581641197204590e+00
9.582043886184692383e-01
8.036631345748901367e-01
7.932869791984558105e-01
7.291170358657836914e-01
6.958912611007690430e-01
5.368183851242065430e-01
8.325871229171752930e-01
5.968534946441650391e-01
5.638048648834228516e-01
7.229853868484497070e-01
9.542685747146606445e-01
4.613432884216308594e-01
5.743551254272460938e-01
5.843027234077453613e-01
6.921176910400390625e-01
7.579687237739562988e-01
5.874749422073364258e-01
5.746089220046997070e-01
6.011049747467041016e-01
8.346027731895446777e-01
1.127559423446655273e+00
1.523952722549438477e+00
6.845268011093139648e-01
1.022282600402832031e+00
1.023031353950500488e+00
8.164716362953186035e-01
5.997077226638793945e-01
8.724264502525329590e-01
8.528947830200195312e-01
1.066483378410339355e+00
1.162561416625976562e+00
1.053525567054748535e+00
7.936412096023559570e-01
8.018418550491333008e-01
7.866964340209960938e-01
8.926452398300170898e-01
1.231444835662841797e+00
7.796949744224548340e-01
8.089158535003662109e-01
8.957983255386352539e-01
9.446843862533569336e-01
6.252590417861938477e-01
7.627310156822204590e-01
6.387594938278198242e-01
1.066248893737792969e+00
9.406487941741943359e-01
1.190871477127075195e+00
1.104632496833801270e+00
1.038873910903930664e+00
6.727485060691833496e-01
6.898366808891296387e-01
6.965624094009399414e-01
8.435086011886596680e-01
7.967415452003479004e-01
6.303484439849853516e-01
7.620568275451660156e-01
7.553386688232421875e-01
8.705182075500488281e-01
9.484319686889648438e-01
7.828788757324218750e-01
6.776279211044311523e-01
7.969871759414672852e-01
7.976624965667724609e-01
6.719072461128234863e-01
5.362308025360107422e-01
5.215278863906860352e-01
4.568426609039306641e-01
5.629590749740600586e-01
8.149042129516601562e-01
7.954409122467041016e-01
7.253823876380920410e-01
8.036714792251586914e-01
6.681148409843444824e-01
7.358494997024536133e-01
7.706938385963439941e-01
5.745001435279846191e-01
6.908209323883056641e-01
6.914058923721313477e-01
5.632838010787963867e-01
5.771647691726684570e-01
6.291293501853942871e-01
5.513753890991210938e-01
6.040061116218566895e-01
6.862896680831909180e-01
9.604423642158508301e-01
1.560984134674072266e+00
1.032657861709594727e+00
1.314409971237182617e+00
1.182593584060668945e+00
8.001087903976440430e-01
8.596916198730468750e-01
8.212773799896240234e-01
6.573124527931213379e-01
9.119296669960021973e-01
1.630630493164062500e+00
1.374336481094360352e+00
6.560043096542358398e-01
6.002681255340576172e-01
8.465419411659240723e-01
7.836984395980834961e-01
8.497719764709472656e-01
6.245687603950500488e-01
5.822551846504211426e-01
7.984795570373535156e-01
6.099017858505249023e-01
7.049901485443115234e-01
9.088475108146667480e-01
9.522870779037475586e-01
7.750281095504760742e-01
1.021672844886779785e+00
6.716026067733764648e-01
6.540847420692443848e-01
7.646589279174804688e-01
8.977618217468261719e-01
8.222090601921081543e-01
5.571550130844116211e-01
6.181433200836181641e-01
1.034617066383361816e+00
1.269723415374755859e+00
2.586555004119873047e+00
9.610958099365234375e-01
9.709233045578002930e-01
8.875311613082885742e-01
8.281293511390686035e-01
1.249654531478881836e+00
1.354408025741577148e+00
1.174420952796936035e+00
9.413688182830810547e-01
7.648823261260986328e-01
8.571396470069885254e-01
9.614942073822021484e-01
8.757378458976745605e-01
8.709320425987243652e-01
9.187383651733398438e-01
6.944067478179931641e-01
5.185064673423767090e-01
4.738542139530181885e-01
1.045060992240905762e+00
1.570882678031921387e+00
1.097061753273010254e+00
5.986168980598449707e-01
8.745501041412353516e-01
8.558948636054992676e-01
5.732885003089904785e-01
6.302600502967834473e-01
5.957099199295043945e-01
1.312375187873840332e+00
8.488079309463500977e-01
6.894098520278930664e-01
8.489841222763061523e-01
7.784063220024108887e-01
8.864597082138061523e-01
9.116127490997314453e-01
7.645715475082397461e-01
5.771704316139221191e-01
6.900621056556701660e-01
8.961570858955383301e-01
1.252985000610351562e+00
1.595014929771423340e+00
8.488910794258117676e-01
4.632423520088195801e-01
4.873468577861785889e-01
6.875231266021728516e-01
7.546199560165405273e-01
5.670992136001586914e-01
6.221821308135986328e-01
6.639195680618286133e-01
6.855647563934326172e-01
7.385246753692626953e-01
7.280321121215820312e-01
5.661207437515258789e-01
5.587776899337768555e-01
5.736418366432189941e-01
5.044961571693420410e-01
6.448019742965698242e-01
7.092432975769042969e-01
4.877579212188720703e-01
4.586999714374542236e-01
8.174830675125122070e-01
7.991831302642822266e-01
6.349480152130126953e-01
7.318321466445922852e-01
6.535172462463378906e-01
7.540504932403564453e-01
9.732040166854858398e-01
9.624240398406982422e-01
5.965178608894348145e-01
6.659321784973144531e-01
7.093854546546936035e-01
8.051966428756713867e-01
7.680580615997314453e-01
1.004563808441162109e+00
8.636031150817871094e-01
7.267074584960937500e-01
8.891518115997314453e-01
1.221927285194396973e+00
1.135563373565673828e+00
6.261019110679626465e-01
5.017426609992980957e-01
4.792070388793945312e-01
3.411035835742950439e-01
7.558102011680603027e-01
8.365170359611511230e-01
7.000721096992492676e-01
6.065657138824462891e-01
5.302463173866271973e-01
5.923188924789428711e-01
5.712003707885742188e-01
1.188122153282165527e+00
9.888952970504760742e-01
1.778797268867492676e+00
2.036216735839843750e+00
7.635523080825805664e-01
6.662822961807250977e-01
1.179645419120788574e+00
9.039909839630126953e-01
9.534199237823486328e-01
8.156191110610961914e-01
9.453102946281433105e-01
9.689961075782775879e-01
1.064237952232360840e+00
7.158501148223876953e-01
6.849045753479003906e-01
6.210594773292541504e-01
7.323318123817443848e-01
1.009919643402099609e+00
1.117280721664428711e+00
9.681720137596130371e-01
9.067130088806152344e-01
9.564174413681030273e-01
9.375833272933959961e-01
8.775672912597656250e-01
8.154013156890869141e-01
6.982244253158569336e-01
7.077638506889343262e-01
6.633375883102416992e-01
5.485989451408386230e-01
4.870899617671966553e-01
1.013623237609863281e+00
1.090471625328063965e+00
1.176212549209594727e+00
1.400542140007019043e+00
1.549920558929443359e+00
1.073153734207153320e+00
8.356649875640869141e-01
6.861516833305358887e-01
7.392842173576354980e-01
7.913635969161987305e-01
8.343885540962219238e-01
8.958262205123901367e-01
1.085723400115966797e+00
1.710743069648742676e+00
1.119879126548767090e+00
6.552676558494567871e-01
6.239608526229858398e-01
4.387190937995910645e-01
7.291365861892700195e-01
6.753786802291870117e-01
6.583174467086791992e-01
6.126060485839843750e-01
8.310396075248718262e-01
7.781841754913330078e-01
1.159344673156738281e+00
1.057560682296752930e+00
9.108258485794067383e-01
9.705247879028320312e-01
9.628731012344360352e-01
6.672730445861816406e-01
7.581959962844848633e-01
9.948370456695556641e-01
1.176937580108642578e+00
1.325723886489868164e+00
9.227555990219116211e-01
9.049905538558959961e-01
6.741335988044738770e-01
6.665558815002441406e-01
8.487597107887268066e-01
1.487272620201110840e+00
1.185961723327636719e+00
7.140343785285949707e-01
8.094353079795837402e-01
6.789809465408325195e-01
6.890861988067626953e-01
6.446924209594726562e-01
7.953026294708251953e-01
8.265151381492614746e-01
6.370809674263000488e-01
8.320368528366088867e-01
9.131804704666137695e-01
7.650458216667175293e-01
7.737541198730468750e-01
1.158291459083557129e+00
1.376803159713745117e+00
7.308738827705383301e-01
6.742948293685913086e-01
8.091069459915161133e-01
8.187015652656555176e-01
6.268799304962158203e-01
6.935181021690368652e-01
8.100773692131042480e-01
6.779163479804992676e-01
6.720600724220275879e-01
7.336513400077819824e-01
4.942265152931213379e-01
3.019200563430786133e-01
1.473546862602233887e+00
2.571879386901855469e+00
9.180971384048461914e-01
1.065596461296081543e+00
1.294753551483154297e+00
7.864748239517211914e-01
6.721348762512207031e-01
8.309344053268432617e-01
1.292542695999145508e+00
1.400136828422546387e+00
1.032247066497802734e+00
1.051181077957153320e+00
8.089919090270996094e-01
8.829586505889892578e-01
8.095506429672241211e-01
7.544845342636108398e-01
8.215248584747314453e-01
8.167559504508972168e-01
7.592027783393859863e-01
6.834438443183898926e-01
5.693652629852294922e-01
6.767026185989379883e-01
7.477636933326721191e-01
7.117667794227600098e-01
8.609006404876708984e-01
6.463919878005981445e-01
6.769878268241882324e-01
8.773832917213439941e-01
9.448283314704895020e-01
9.369487762451171875e-01
7.268373370170593262e-01
6.567749977111816406e-01
7.933416962623596191e-01
6.590725183486938477e-01
5.491860508918762207e-01
7.434075474739074707e-01
8.691903352737426758e-01
9.926463365554809570e-01
5.079319477081298828e-01
5.637485980987548828e-01
7.837255597114562988e-01
5.965400338172912598e-01
5.883066058158874512e-01
5.666643381118774414e-01
5.128406286239624023e-01
5.319316387176513672e-01
6.200216412544250488e-01
6.003054380416870117e-01
7.460266351699829102e-01
8.203302025794982910e-01
6.599380373954772949e-01
5.500409603118896484e-01
6.426092386245727539e-01
3.991769254207611084e-01
5.460445880889892578e-01
5.469934940338134766e-01
5.809003114700317383e-01
1.065815210342407227e+00
1.423268079757690430e+00
2.395715236663818359e+00
1.205936551094055176e+00
2.069501638412475586e+00
1.990652441978454590e+00
6.629844903945922852e-01
6.284701228141784668e-01
7.396671772003173828e-01
1.111709356307983398e+00
7.644885182380676270e-01
9.213829040527343750e-01
7.908358573913574219e-01
1.103737831115722656e+00
1.547862768173217773e+00
1.285498380661010742e+00
6.362478137016296387e-01
7.529320716857910156e-01
6.676297187805175781e-01
8.882764577865600586e-01
8.822292089462280273e-01
9.071391224861145020e-01
8.735244870185852051e-01
6.871649026870727539e-01
6.846096515655517578e-01
5.952687263488769531e-01
7.758141160011291504e-01
7.842997908592224121e-01
8.600795865058898926e-01
8.079652190208435059e-01
6.031257510185241699e-01
1.400314331054687500e+00
1.276803255081176758e+00
1.591042995452880859e+00
2.617723226547241211e+00
1.801193833351135254e+00
8.858935236930847168e-01
1.226422667503356934e+00
1.072481632232666016e+00
9.877590537071228027e-01
8.535993099212646484e-01
8.777302503585815430e-01
1.105246067047119141e+00
7.707796096801757812e-01
9.625848531723022461e-01
1.037222027778625488e+00
9.190353751182556152e-01
9.409265518188476562e-01
7.624813318252563477e-01
7.248637080192565918e-01
7.448440790176391602e-01
7.338015437126159668e-01
7.586638927459716797e-01
6.886898875236511230e-01
5.380418300628662109e-01
6.937248110771179199e-01
7.527630329132080078e-01
7.752553224563598633e-01
6.940483450889587402e-01
6.680722236633300781e-01
6.083815097808837891e-01
7.818297147750854492e-01
7.506852746009826660e-01
6.682620644569396973e-01
4.715635776519775391e-01
7.777404785156250000e-01
7.199466228485107422e-01
8.685709834098815918e-01
5.436854362487792969e-01
7.304874658584594727e-01
7.584605216979980469e-01
7.847921252250671387e-01
1.023274421691894531e+00
8.652604222297668457e-01
9.560877680778503418e-01
8.484867215156555176e-01
5.507119297981262207e-01
9.420209527015686035e-01
9.836032390594482422e-01
6.305150985717773438e-01
6.068972349166870117e-01
3.942222595214843750e-01
4.286639094352722168e-01
9.022966027259826660e-01
1.206974148750305176e+00
1.384549140930175781e+00
1.107836127281188965e+00
8.914393186569213867e-01
6.384549140930175781e-01
7.241788506507873535e-01
7.319673299789428711e-01
5.974028110504150391e-01
7.916564941406250000e-01
5.676188468933105469e-01
8.308299779891967773e-01
7.914302349090576172e-01
7.183521389961242676e-01
7.382867336273193359e-01
9.730030298233032227e-01
1.179239392280578613e+00
1.561273813247680664e+00
1.116501569747924805e+00
8.804633617401123047e-01
1.103578686714172363e+00
8.563832044601440430e-01
1.161386847496032715e+00
7.533589601516723633e-01
7.758114337921142578e-01
6.782100200653076172e-01
7.977503538131713867e-01
1.024732708930969238e+00
8.705689907073974609e-01
7.732728123664855957e-01
7.308758497238159180e-01
9.762920141220092773e-01
1.044856190681457520e+00
6.768711805343627930e-01
5.736236572265625000e-01
4.921013414859771729e-01
4.998958706855773926e-01
7.015919685363769531e-01
7.398070693016052246e-01
6.608989238739013672e-01
5.746494531631469727e-01
7.507624030113220215e-01
6.958899497985839844e-01
6.287566423416137695e-01
6.059350967407226562e-01
6.950227022171020508e-01
6.372530460357666016e-01
5.563274621963500977e-01
8.280442953109741211e-01
7.860643863677978516e-01
9.384026527404785156e-01
9.166774153709411621e-01
1.341863036155700684e+00
1.837590694427490234e+00
1.144792199134826660e+00
1.133956670761108398e+00
1.152940034866333008e+00
1.126644611358642578e+00
7.757053971290588379e-01
9.869551062583923340e-01
7.543559074401855469e-01
9.148198366165161133e-01
9.228594899177551270e-01
5.649397373199462891e-01
5.802087783813476562e-01
1.008946061134338379e+00
1.362438082695007324e+00
9.347589015960693359e-01
8.146033287048339844e-01
1.288039684295654297e+00
1.188089966773986816e+00
7.158612012863159180e-01
7.302272319793701172e-01
6.125500798225402832e-01
6.711690425872802734e-01
8.482178449630737305e-01
8.266858458518981934e-01
8.789402246475219727e-01
9.917294979095458984e-01
1.082768321037292480e+00
9.107260704040527344e-01
1.060600519180297852e+00
8.159392476081848145e-01
9.721680879592895508e-01
7.517883777618408203e-01
5.878458619117736816e-01
7.310035824775695801e-01
6.935523748397827148e-01
6.155016422271728516e-01
5.923218131065368652e-01
4.973900318145751953e-01
5.029215812683105469e-01
4.772118628025054932e-01
8.678618073463439941e-01
9.351421594619750977e-01
9.755183458328247070e-01
1.111338496208190918e+00
1.779864430427551270e+00
1.285660982131958008e+00
1.032752752304077148e+00
6.885976791381835938e-01
7.989441752433776855e-01
7.989929914474487305e-01
8.081790804862976074e-01
8.123476505279541016e-01
8.521868586540222168e-01
7.205570936203002930e-01
8.588454127311706543e-01
5.767586231231689453e-01
5.625722408294677734e-01
6.038488149642944336e-01
4.376030266284942627e-01
4.539439678192138672e-01
7.149988412857055664e-01
6.938217878341674805e-01
8.046016693115234375e-01
6.691040992736816406e-01
7.486752867698669434e-01
8.330742120742797852e-01
1.047033309936523438e+00
9.307241439819335938e-01
8.677722215652465820e-01
9.332565069198608398e-01
9.659962654113769531e-01
8.853629827499389648e-01
8.701317310333251953e-01
9.436984062194824219e-01
6.986185312271118164e-01
7.185215353965759277e-01
6.021063327789306641e-01
7.067517638206481934e-01
7.840117216110229492e-01
4.686573445796966553e-01
5.220258235931396484e-01
9.081559181213378906e-01
7.028493881225585938e-01
7.398644089698791504e-01
7.054246664047241211e-01
8.849951624870300293e-01
1.182817697525024414e+00
1.802950859069824219e+00
1.658637642860412598e+00
1.759755849838256836e+00
1.244225859642028809e+00
6.624571681022644043e-01
8.712921738624572754e-01
9.511090517044067383e-01
9.871332645416259766e-01
9.213773608207702637e-01
8.109243512153625488e-01
7.509275674819946289e-01
6.902838945388793945e-01
9.606914520263671875e-01
7.437810897827148438e-01
1.148043990135192871e+00
1.438902020454406738e+00
1.158747196197509766e+00
1.029464602470397949e+00
8.120687007904052734e-01
8.022463917732238770e-01
7.892061471939086914e-01
7.433648705482482910e-01
8.190466761589050293e-01
7.968255281448364258e-01
9.914883375167846680e-01
6.789497137069702148e-01
7.684793472290039062e-01
8.932471275329589844e-01
8.668768405914306641e-01
8.131600022315979004e-01
7.725973129272460938e-01
7.284507751464843750e-01
8.245002031326293945e-01
9.306844472885131836e-01
7.443131208419799805e-01
6.782911419868469238e-01
4.558284878730773926e-01
8.391869664192199707e-01
6.761573553085327148e-01
4.896811246871948242e-01
5.531356334686279297e-01
5.821242332458496094e-01
3.809509873390197754e-01
8.604614734649658203e-01
1.022221922874450684e+00
9.300448894500732422e-01
7.343759536743164062e-01
8.026959896087646484e-01
1.008423566818237305e+00
6.560164690017700195e-01
9.110001325607299805e-01
9.039015173912048340e-01
1.043106198310852051e+00
9.892781972885131836e-01
1.611624121665954590e+00
1.647931218147277832e+00
9.826413989067077637e-01
9.014025926589965820e-01
1.123931407928466797e+00
7.255413532257080078e-01
7.710921764373779297e-01
7.141289114952087402e-01
6.629947423934936523e-01
6.898275017738342285e-01
9.961453676223754883e-01
8.109802007675170898e-01
