6.500010490417480469e+00
5.246041297912597656e+00
6.007528305053710938e+00
6.737847805023193359e+00
7.450401306152343750e+00
8.194061279296875000e+00
9.031375885009765625e+00
9.375161170959472656e+00
1.020184898376464844e+01
1.022090435028076172e+01
1.010406970977783203e+01
1.036423683166503906e+01
1.310520076751708984e+01
1.010195541381835938e+01
1.515464401245117188e+01
1.116537475585937500e+01
1.438890457153320312e+01
1.091926002502441406e+01
1.456941986083984375e+01
1.108719253540039062e+01
1.512186050415039062e+01
1.178433036804199219e+01
1.647629737854003906e+01
1.282967853546142578e+01
1.724504089355468750e+01
1.417487335205078125e+01
6.570388793945312500e+00
1.751556015014648438e+01
1.748286628723144531e+01
1.000142669677734375e+01
1.335495758056640625e+01
1.140003395080566406e+01
7.514940261840820312e+00
1.832597160339355469e+01
1.892097282409667969e+01
1.295527458190917969e+01
5.184656620025634766e+00
1.826880836486816406e+01
2.023625183105468750e+01
1.551510429382324219e+01
8.100277900695800781e+00
8.309170722961425781e+00
1.015105819702148438e+01
8.380710601806640625e+00
1.579126167297363281e+01
1.470124530792236328e+01
8.311462402343750000e+00
1.697488594055175781e+01
1.748802185058593750e+01
1.253663444519042969e+01
5.998771667480468750e+00
1.471572017669677734e+01
1.487712383270263672e+01
8.344090461730957031e+00
1.446158027648925781e+01
1.444963741302490234e+01
7.854276180267333984e+00
8.044664382934570312e+00
7.392427921295166016e+00
7.692475318908691406e+00
5.636598110198974609e+00
9.445175170898437500e+00
6.085853576660156250e+00
5.713155746459960938e+00
7.808393478393554688e+00
5.815568447113037109e+00
7.311437606811523438e+00
5.654645919799804688e+00
6.662672519683837891e+00
5.102609634399414062e+00
8.632133483886718750e+00
3.236659526824951172e+00
7.646005630493164062e+00
4.465430259704589844e+00
4.719913482666015625e+00
4.620313644409179688e+00
3.333335638046264648e+00
5.613059043884277344e+00
2.274551868438720703e+00
5.262033939361572266e+00
3.008622646331787109e+00
4.407385349273681641e+00
2.645695209503173828e+00
4.523676872253417969e+00
2.317277193069458008e+00
4.508387088775634766e+00
2.040108680725097656e+00
3.439892768859863281e+00
3.508124351501464844e+00
2.497872352600097656e+00
3.805888414382934570e+00
1.664080142974853516e+00
5.876668930053710938e+00
1.625163793563842773e+00
3.578155040740966797e+00
2.363248348236083984e+00
2.523029327392578125e+00
2.220461368560791016e+00
2.774442195892333984e+00
2.335759639739990234e+00
3.400809049606323242e+00
1.609308958053588867e+00
2.969264030456542969e+00
2.413654804229736328e+00
2.812464237213134766e+00
2.143242835998535156e+00
2.597955703735351562e+00
2.190817356109619141e+00
2.546256065368652344e+00
1.857487082481384277e+00
2.610402822494506836e+00
1.754095315933227539e+00
3.375370025634765625e+00
2.395739555358886719e+00
2.987765789031982422e+00
2.250857830047607422e+00
2.410093784332275391e+00
2.181570529937744141e+00
3.237108707427978516e+00
2.183748245239257812e+00
2.654257774353027344e+00
2.396011352539062500e+00
2.132508277893066406e+00
3.652210712432861328e+00
1.968010187149047852e+00
3.478904962539672852e+00
1.590566873550415039e+00
2.743732690811157227e+00
2.863490581512451172e+00
2.291945695877075195e+00
3.139137744903564453e+00
1.735357522964477539e+00
2.717625141143798828e+00
2.175713062286376953e+00
2.889785289764404297e+00
2.652922391891479492e+00
2.127469062805175781e+00
2.277415037155151367e+00
2.462463140487670898e+00
2.056205511093139648e+00
2.548552036285400391e+00
1.871757864952087402e+00
2.860539436340332031e+00
1.691206216812133789e+00
2.949077606201171875e+00
2.068502902984619141e+00
2.111557960510253906e+00
3.396556377410888672e+00
2.133380889892578125e+00
2.371232032775878906e+00
2.493622064590454102e+00
2.696618795394897461e+00
2.601148128509521484e+00
2.236101627349853516e+00
2.550175905227661133e+00
1.851133346557617188e+00
2.604995250701904297e+00
2.014344930648803711e+00
2.818085908889770508e+00
1.536002278327941895e+00
4.457942962646484375e+00
2.135046482086181641e+00
2.988279581069946289e+00
2.520980596542358398e+00
2.789075851440429688e+00
2.331596374511718750e+00
3.998232364654541016e+00
2.203967094421386719e+00
3.487990856170654297e+00
2.763721942901611328e+00
2.491603851318359375e+00
2.809290647506713867e+00
2.333859682083129883e+00
3.445451259613037109e+00
1.812862396240234375e+00
4.419904708862304688e+00
2.227504730224609375e+00
2.639800786972045898e+00
3.335531234741210938e+00
2.610546588897705078e+00
3.557844161987304688e+00
3.414752960205078125e+00
1.514789938926696777e+00
3.963156461715698242e+00
2.044929742813110352e+00
4.379392147064208984e+00
2.887894630432128906e+00
2.925605535507202148e+00
3.539839029312133789e+00
3.290877580642700195e+00
3.424380779266357422e+00
2.938262462615966797e+00
4.462842464447021484e+00
3.973370552062988281e+00
2.771011829376220703e+00
5.335782051086425781e+00
4.912768840789794922e+00
3.734031677246093750e+00
5.018837928771972656e+00
3.853347778320312500e+00
4.595240592956542969e+00
4.561171054840087891e+00
4.920345306396484375e+00
5.736195564270019531e+00
5.304923057556152344e+00
5.679225921630859375e+00
5.274643898010253906e+00
5.924263477325439453e+00
6.165179252624511719e+00
5.752782821655273438e+00
5.840316295623779297e+00
6.033251762390136719e+00
4.808298110961914062e+00
6.082222938537597656e+00
5.282975196838378906e+00
5.882179737091064453e+00
5.142851352691650391e+00
4.835374355316162109e+00
6.490068435668945312e+00
5.023687839508056641e+00
4.348778724670410156e+00
6.633449077606201172e+00
5.151106357574462891e+00
3.702619552612304688e+00
6.223977565765380859e+00
4.787555694580078125e+00
4.090820312500000000e+00
5.039049625396728516e+00
4.766757011413574219e+00
3.520313739776611328e+00
4.685138702392578125e+00
4.055924415588378906e+00
4.639780998229980469e+00
2.327360630035400391e+00
7.105144500732421875e+00
3.326604843139648438e+00
3.856831550598144531e+00
5.369327545166015625e+00
5.249162673950195312e+00
4.123762130737304688e+00
5.130999565124511719e+00
5.098985195159912109e+00
4.206041336059570312e+00
4.427280426025390625e+00
4.620553970336914062e+00
5.231271266937255859e+00
4.010969161987304688e+00
5.969547271728515625e+00
5.069702148437500000e+00
3.797030448913574219e+00
5.441234588623046875e+00
5.335398674011230469e+00
4.442762374877929688e+00
5.909743309020996094e+00
5.870656013488769531e+00
5.269422531127929688e+00
8.062317848205566406e+00
5.998773574829101562e+00
5.239364624023437500e+00
5.711519241333007812e+00
5.284165859222412109e+00
4.702147006988525391e+00
4.720602989196777344e+00
4.333462715148925781e+00
3.777682304382324219e+00
4.100479602813720703e+00
4.507777214050292969e+00
4.398376464843750000e+00
3.757250308990478516e+00
5.126403808593750000e+00
4.346714019775390625e+00
5.536287784576416016e+00
3.888062715530395508e+00
8.408264160156250000e+00
1.521572828292846680e+00
5.752939701080322266e+00
5.017085075378417969e+00
3.943832874298095703e+00
4.682091712951660156e+00
5.075278282165527344e+00
4.478124141693115234e+00
5.186089992523193359e+00
2.882660865783691406e+00
6.214671134948730469e+00
1.333957195281982422e+00
4.650490760803222656e+00
2.394500732421875000e+00
2.335091590881347656e+00
2.975007057189941406e+00
1.936546087265014648e+00
4.276713848114013672e+00
2.035099267959594727e+00
4.525202751159667969e+00
3.106348752975463867e+00
2.753255605697631836e+00
3.178305387496948242e+00
3.503161430358886719e+00
3.269317388534545898e+00
3.486978054046630859e+00
3.990952491760253906e+00
2.486944675445556641e+00
5.429415702819824219e+00
2.370112419128417969e+00
4.744140625000000000e+00
4.666771411895751953e+00
3.338441133499145508e+00
4.748515129089355469e+00
4.297978401184082031e+00
4.958918094635009766e+00
3.401384830474853516e+00
5.307678222656250000e+00
3.450548410415649414e+00
7.147929668426513672e+00
4.185838699340820312e+00
3.627730846405029297e+00
5.502181053161621094e+00
4.168681144714355469e+00
4.117219924926757812e+00
4.297639846801757812e+00
5.136949062347412109e+00
2.646692276000976562e+00
6.216717243194580078e+00
4.247988224029541016e+00
3.567436218261718750e+00
5.164746284484863281e+00
2.471318006515502930e+00
3.807926893234252930e+00
2.607685565948486328e+00
2.589440822601318359e+00
2.605655431747436523e+00
2.515677452087402344e+00
3.015812158584594727e+00
2.779204130172729492e+00
1.532874226570129395e+00
2.539794206619262695e+00
1.817757368087768555e+00
2.278367996215820312e+00
1.831602454185485840e+00
1.873732089996337891e+00
1.831970334053039551e+00
1.908436298370361328e+00
1.291606187820434570e+00
2.869288206100463867e+00
9.139770269393920898e-01
3.112193584442138672e+00
7.812588214874267578e-01
3.030793190002441406e+00
1.263721704483032227e+00
2.289021492004394531e+00
1.913100242614746094e+00
1.977769613265991211e+00
2.003163099288940430e+00
2.254552125930786133e+00
2.434011936187744141e+00
1.494197845458984375e+00
2.529860734939575195e+00
1.744181394577026367e+00
2.124490737915039062e+00
1.776048064231872559e+00
3.168517112731933594e+00
1.197801828384399414e+00
2.894713163375854492e+00
1.386498212814331055e+00
2.796094417572021484e+00
1.400363564491271973e+00
3.147836685180664062e+00
2.312717676162719727e+00
2.509538173675537109e+00
3.031781196594238281e+00
1.554149746894836426e+00
4.424448013305664062e+00
1.409575462341308594e+00
3.177285671234130859e+00
2.219422817230224609e+00
3.385983943939208984e+00
2.606288909912109375e+00
3.394295692443847656e+00
2.868497371673583984e+00
2.947082042694091797e+00
1.435649633407592773e+00
3.974034070968627930e+00
1.516455769538879395e+00
2.970332145690917969e+00
2.843862295150756836e+00
2.171640872955322266e+00
3.099994659423828125e+00
1.421687602996826172e+00
3.801582336425781250e+00
9.613870382308959961e-01
3.260381698608398438e+00
2.250328302383422852e+00
2.267697811126708984e+00
2.188343048095703125e+00
2.997586965560913086e+00
2.047561168670654297e+00
4.094395637512207031e+00
1.145396471023559570e+00
3.517041206359863281e+00
2.203710556030273438e+00
2.802234411239624023e+00
2.095749855041503906e+00
3.304581642150878906e+00
2.151554584503173828e+00
3.647242069244384766e+00
1.901210188865661621e+00
3.496507644653320312e+00
1.821921467781066895e+00
3.255666255950927734e+00
1.594615459442138672e+00
2.561038017272949219e+00
2.015344858169555664e+00
2.030022621154785156e+00
1.839815855026245117e+00
1.850061178207397461e+00
2.132167577743530273e+00
2.622014284133911133e+00
2.716688394546508789e+00
2.435259819030761719e+00
2.913829326629638672e+00
2.052727699279785156e+00
3.747098922729492188e+00
1.185624599456787109e+00
2.601140260696411133e+00
1.377747654914855957e+00
4.725359916687011719e+00
1.721750020980834961e+00
3.258099555969238281e+00
2.531295776367187500e+00
2.623699665069580078e+00
3.314291000366210938e+00
1.984699010848999023e+00
4.302870273590087891e+00
9.702093005180358887e-01
3.236776351928710938e+00
3.437788486480712891e+00
2.778079748153686523e+00
3.620648384094238281e+00
2.506448745727539062e+00
3.031099557876586914e+00
2.709464550018310547e+00
3.306739568710327148e+00
2.624999523162841797e+00
2.896721124649047852e+00
3.082849502563476562e+00
3.337435722351074219e+00
2.813368320465087891e+00
3.128285884857177734e+00
2.971145153045654297e+00
2.292931079864501953e+00
2.504720211029052734e+00
2.052046298980712891e+00
2.671419858932495117e+00
2.368018150329589844e+00
2.459780216217041016e+00
3.563775062561035156e+00
9.639165401458740234e-01
5.077147006988525391e+00
2.192010879516601562e+00
2.184650897979736328e+00
3.066786050796508789e+00
2.995883464813232422e+00
3.679930686950683594e+00
2.104091882705688477e+00
3.806746721267700195e+00
2.149946212768554688e+00
3.605404138565063477e+00
2.195862770080566406e+00
2.808518648147583008e+00
5.212683200836181641e+00
2.918990135192871094e+00
1.947357892990112305e+00
4.272855758666992188e+00
2.830783843994140625e+00
3.070501804351806641e+00
2.166684627532958984e+00
3.238646507263183594e+00
2.655207157135009766e+00
2.712311506271362305e+00
3.230236768722534180e+00
3.149565219879150391e+00
2.382009029388427734e+00
2.771882057189941406e+00
2.364231348037719727e+00
3.569299221038818359e+00
1.902670383453369141e+00
3.099029064178466797e+00
1.176821351051330566e+00
4.759242534637451172e+00
1.376221179962158203e+00
2.243483543395996094e+00
2.777816295623779297e+00
2.394633054733276367e+00
1.720916152000427246e+00
2.575920343399047852e+00
1.929784536361694336e+00
2.918862342834472656e+00
2.402967929840087891e+00
2.164277076721191406e+00
3.072496414184570312e+00
2.013675451278686523e+00
2.262115955352783203e+00
2.901275396347045898e+00
2.210692882537841797e+00
2.951976060867309570e+00
2.291173458099365234e+00
2.860493421554565430e+00
3.289724111557006836e+00
2.371709108352661133e+00
2.751035213470458984e+00
3.255455017089843750e+00
1.827484846115112305e+00
5.313571929931640625e+00
1.939025163650512695e+00
4.897206306457519531e+00
1.907189249992370605e+00
4.924351215362548828e+00
2.079603910446166992e+00
2.893526077270507812e+00
2.493782997131347656e+00
2.545722484588623047e+00
2.708767890930175781e+00
2.609907150268554688e+00
2.572499752044677734e+00
2.751147985458374023e+00
2.306756973266601562e+00
2.749166250228881836e+00
2.412008762359619141e+00
2.304691791534423828e+00
2.943721055984497070e+00
2.360816001892089844e+00
3.377793073654174805e+00
2.523950099945068359e+00
3.645894289016723633e+00
2.468001365661621094e+00
3.203253746032714844e+00
3.475458383560180664e+00
2.533511400222778320e+00
3.062902927398681641e+00
2.522984981536865234e+00
2.583108425140380859e+00
2.627222537994384766e+00
2.214504718780517578e+00
3.027135848999023438e+00
1.678015708923339844e+00
3.038050174713134766e+00
1.436289787292480469e+00
3.395036220550537109e+00
1.926032423973083496e+00
1.872797250747680664e+00
2.837803363800048828e+00
1.923187494277954102e+00
2.196552276611328125e+00
2.384879350662231445e+00
2.031613111495971680e+00
2.169831991195678711e+00
2.549933433532714844e+00
2.488876581192016602e+00
2.385475635528564453e+00
2.208886861801147461e+00
2.578764438629150391e+00
2.296214103698730469e+00
2.590880155563354492e+00
2.541344165802001953e+00
3.064627170562744141e+00
2.456802368164062500e+00
3.904814720153808594e+00
1.477062225341796875e+00
4.006050109863281250e+00
1.918874025344848633e+00
2.903693437576293945e+00
3.230919837951660156e+00
2.031485557556152344e+00
3.686938762664794922e+00
3.490349292755126953e+00
1.868004798889160156e+00
3.706298351287841797e+00
2.061271667480468750e+00
3.478085994720458984e+00
2.403189659118652344e+00
2.414944648742675781e+00
3.171001195907592773e+00
1.568019390106201172e+00
3.559899568557739258e+00
2.049019336700439453e+00
2.346623897552490234e+00
2.026394128799438477e+00
2.694542407989501953e+00
2.604999780654907227e+00
2.363304138183593750e+00
2.702472686767578125e+00
2.157951354980468750e+00
2.634212970733642578e+00
1.794826030731201172e+00
2.865801811218261719e+00
1.643162012100219727e+00
3.325337409973144531e+00
1.778322458267211914e+00
2.992814779281616211e+00
2.462252140045166016e+00
1.478230237960815430e+00
3.650516271591186523e+00
1.579056501388549805e+00
3.244601726531982422e+00
2.294382095336914062e+00
1.875501632690429688e+00
3.501608371734619141e+00
2.762984752655029297e+00
1.572632193565368652e+00
3.951704978942871094e+00
1.793854951858520508e+00
2.148318052291870117e+00
2.995069503784179688e+00
2.367874622344970703e+00
2.117922782897949219e+00
3.071055889129638672e+00
2.363575935363769531e+00
2.714023590087890625e+00
2.288402557373046875e+00
2.401236772537231445e+00
3.452445030212402344e+00
9.797786474227905273e-01
4.806442260742187500e+00
1.064096212387084961e+00
3.755686283111572266e+00
2.158208370208740234e+00
3.218220233917236328e+00
2.659437179565429688e+00
2.708981513977050781e+00
2.963697195053100586e+00
2.595026969909667969e+00
3.339432239532470703e+00
1.691342473030090332e+00
4.439682006835937500e+00
2.019231319427490234e+00
3.732278347015380859e+00
2.669210433959960938e+00
2.548555850982666016e+00
3.075102329254150391e+00
2.726324081420898438e+00
2.712284803390502930e+00
3.066072225570678711e+00
2.566023826599121094e+00
2.749901533126831055e+00
2.891372203826904297e+00
2.386872291564941406e+00
3.378548622131347656e+00
1.710080504417419434e+00
3.713541030883789062e+00
2.088236331939697266e+00
3.087275505065917969e+00
2.689299106597900391e+00
2.752390623092651367e+00
2.500497579574584961e+00
3.387907505035400391e+00
1.099619150161743164e+00
4.578058719635009766e+00
2.710894823074340820e+00
2.703872203826904297e+00
3.465860366821289062e+00
1.601737141609191895e+00
3.584146499633789062e+00
1.705501794815063477e+00
2.337924242019653320e+00
3.210835456848144531e+00
1.800683021545410156e+00
2.754623413085937500e+00
2.423217773437500000e+00
2.713522434234619141e+00
2.359563350677490234e+00
2.438231468200683594e+00
3.159536361694335938e+00
1.913625478744506836e+00
4.031404495239257812e+00
9.172277450561523438e-01
3.849184513092041016e+00
2.420686721801757812e+00
1.831462621688842773e+00
3.262532711029052734e+00
2.220565319061279297e+00
2.546517848968505859e+00
2.270520448684692383e+00
2.800649642944335938e+00
1.112639307975769043e+00
3.592463970184326172e+00
2.104736804962158203e+00
2.313114881515502930e+00
3.128523111343383789e+00
2.138169527053833008e+00
3.181215047836303711e+00
2.437040805816650391e+00
3.164201736450195312e+00
2.310026645660400391e+00
4.053869247436523438e+00
1.299655675888061523e+00
4.409924507141113281e+00
2.096009731292724609e+00
2.687831163406372070e+00
2.286945343017578125e+00
2.561580181121826172e+00
2.763865709304809570e+00
2.407549381256103516e+00
1.965150117874145508e+00
3.978246927261352539e+00
2.441964387893676758e+00
2.801090240478515625e+00
2.885155200958251953e+00
1.270524263381958008e+00
3.578042745590209961e+00
2.719021320343017578e+00
1.645411968231201172e+00
4.032750129699707031e+00
2.182829380035400391e+00
1.744188070297241211e+00
3.701169490814208984e+00
1.898979902267456055e+00
3.462626218795776367e+00
2.688054323196411133e+00
2.132366418838500977e+00
2.961532115936279297e+00
1.525257349014282227e+00
2.790165424346923828e+00
2.733641862869262695e+00
2.422194957733154297e+00
2.886835098266601562e+00
2.243177652359008789e+00
2.323667526245117188e+00
3.795531749725341797e+00
2.140975952148437500e+00
4.027158737182617188e+00
2.290645599365234375e+00
2.456933021545410156e+00
4.680494785308837891e+00
1.460582494735717773e+00
4.331647396087646484e+00
2.136313915252685547e+00
2.915769577026367188e+00
2.628216743469238281e+00
2.281794548034667969e+00
3.138121843338012695e+00
2.395137310028076172e+00
3.540784120559692383e+00
1.544352889060974121e+00
4.197489738464355469e+00
1.984349966049194336e+00
3.580449104309082031e+00
2.999607801437377930e+00
2.576616287231445312e+00
3.109524250030517578e+00
2.615552186965942383e+00
2.985305786132812500e+00
3.270752429962158203e+00
2.026972293853759766e+00
3.902292728424072266e+00
1.752258539199829102e+00
3.047397851943969727e+00
2.825763225555419922e+00
2.169025421142578125e+00
2.603239297866821289e+00
2.506199121475219727e+00
2.453544139862060547e+00
1.887550115585327148e+00
2.969565391540527344e+00
2.485056877136230469e+00
1.987453341484069824e+00
3.585321903228759766e+00
2.439169883728027344e+00
2.121372222900390625e+00
2.686430454254150391e+00
2.669905185699462891e+00
2.520244598388671875e+00
2.727338552474975586e+00
2.326803684234619141e+00
2.639369249343872070e+00
2.550682306289672852e+00
2.978098154067993164e+00
2.218465805053710938e+00
3.348524093627929688e+00
1.985568642616271973e+00
3.321950912475585938e+00
1.941199302673339844e+00
3.647016048431396484e+00
2.294583797454833984e+00
2.617312431335449219e+00
3.443846225738525391e+00
1.559285163879394531e+00
3.380628108978271484e+00
1.922153949737548828e+00
3.177089929580688477e+00
2.342566728591918945e+00
2.948812007904052734e+00
2.295958995819091797e+00
2.668730020523071289e+00
2.701230525970458984e+00
2.732593059539794922e+00
2.529741764068603516e+00
2.512186050415039062e+00
3.047488451004028320e+00
2.381313323974609375e+00
2.208719015121459961e+00
2.676035642623901367e+00
2.448641538619995117e+00
2.651625156402587891e+00
1.872753143310546875e+00
3.628043651580810547e+00
1.561438798904418945e+00
3.371410369873046875e+00
2.424367189407348633e+00
2.851628780364990234e+00
2.527209281921386719e+00
3.006679058074951172e+00
1.691105842590332031e+00
3.471479415893554688e+00
2.515632629394531250e+00
2.577434062957763672e+00
3.852231502532958984e+00
1.996956586837768555e+00
3.402922391891479492e+00
2.662252426147460938e+00
2.803382396697998047e+00
2.615027427673339844e+00
2.677616119384765625e+00
2.349465131759643555e+00
3.405691146850585938e+00
2.178299903869628906e+00
3.350243568420410156e+00
2.975542068481445312e+00
3.071197032928466797e+00
2.127725601196289062e+00
3.720699310302734375e+00
2.182060718536376953e+00
3.119601726531982422e+00
3.086365699768066406e+00
3.669997215270996094e+00
2.693630695343017578e+00
3.495109081268310547e+00
2.309158802032470703e+00
3.295310735702514648e+00
2.646699905395507812e+00
3.557523250579833984e+00
1.666398167610168457e+00
3.362752199172973633e+00
2.287206888198852539e+00
3.425323009490966797e+00
2.081267595291137695e+00
2.976920366287231445e+00
2.595846176147460938e+00
2.115189075469970703e+00
3.411134004592895508e+00
2.699890613555908203e+00
2.409971714019775391e+00
2.316157817840576172e+00
3.097855567932128906e+00
2.035453796386718750e+00
3.021559238433837891e+00
2.800117969512939453e+00
2.051311492919921875e+00
3.364320755004882812e+00
1.944071769714355469e+00
3.117149829864501953e+00
2.186422348022460938e+00
2.502966165542602539e+00
2.140836477279663086e+00
3.122629165649414062e+00
2.068110942840576172e+00
2.608548164367675781e+00
3.071521997451782227e+00
2.903186798095703125e+00
2.708653450012207031e+00
2.308410167694091797e+00
3.435436248779296875e+00
2.034046173095703125e+00
2.921740293502807617e+00
3.213425636291503906e+00
2.791642665863037109e+00
2.639728546142578125e+00
2.768498659133911133e+00
3.510034322738647461e+00
2.805932998657226562e+00
3.706018924713134766e+00
3.071451187133789062e+00
3.573137760162353516e+00
2.738835096359252930e+00
3.021121025085449219e+00
3.626789569854736328e+00
2.436605930328369141e+00
2.962852478027343750e+00
3.497768163681030273e+00
2.238409519195556641e+00
3.645459890365600586e+00
2.231849193572998047e+00
3.141829490661621094e+00
2.620447635650634766e+00
3.116682052612304688e+00
2.256264686584472656e+00
3.275534391403198242e+00
2.466928482055664062e+00
3.621603012084960938e+00
2.842816352844238281e+00
3.551044464111328125e+00
2.354150295257568359e+00
4.441593170166015625e+00
1.865895628929138184e+00
5.088847160339355469e+00
2.777363777160644531e+00
3.013722419738769531e+00
3.544706344604492188e+00
2.550103664398193359e+00
3.866530895233154297e+00
2.686899662017822266e+00
3.216996192932128906e+00
2.732001304626464844e+00
3.071819305419921875e+00
2.851753234863281250e+00
2.410495996475219727e+00
3.326471567153930664e+00
2.365095615386962891e+00
2.421562910079956055e+00
3.017149925231933594e+00
2.271482944488525391e+00
2.930788040161132812e+00
2.087686061859130859e+00
3.385735511779785156e+00
2.406174898147583008e+00
3.764571189880371094e+00
1.872493505477905273e+00
4.510251045227050781e+00
2.360765933990478516e+00
3.521891593933105469e+00
1.893689632415771484e+00
3.611397743225097656e+00
2.768999099731445312e+00
2.336602687835693359e+00
3.529285669326782227e+00
2.226984500885009766e+00
3.830904245376586914e+00
2.205879211425781250e+00
3.561983585357666016e+00
3.341990470886230469e+00
2.402246952056884766e+00
3.018386125564575195e+00
2.790907382965087891e+00
2.411867141723632812e+00
3.567453384399414062e+00
2.459173440933227539e+00
3.372765302658081055e+00
2.317980527877807617e+00
3.180368423461914062e+00
2.275434494018554688e+00
3.971749782562255859e+00
1.278367280960083008e+00
4.953767776489257812e+00
2.428457736968994141e+00
4.557352542877197266e+00
1.975318789482116699e+00
4.110489845275878906e+00
2.359068393707275391e+00
2.968986511230468750e+00
3.052947998046875000e+00
2.504900932312011719e+00
3.965914249420166016e+00
2.206738948822021484e+00
3.041047096252441406e+00
3.458044290542602539e+00
2.405487298965454102e+00
3.797824859619140625e+00
2.759820938110351562e+00
3.619919538497924805e+00
2.832549571990966797e+00
3.635533809661865234e+00
2.687448501586914062e+00
3.045119047164916992e+00
4.141218185424804688e+00
2.844783782958984375e+00
2.936328887939453125e+00
4.609642505645751953e+00
2.099949836730957031e+00
4.959041595458984375e+00
2.661812782287597656e+00
2.947863578796386719e+00
3.659638404846191406e+00
2.138853311538696289e+00
3.382800102233886719e+00
2.543718814849853516e+00
2.774281978607177734e+00
3.879506826400756836e+00
3.087913990020751953e+00
2.773656368255615234e+00
5.056421279907226562e+00
2.321135520935058594e+00
3.654694080352783203e+00
3.597885608673095703e+00
2.289034366607666016e+00
3.295545578002929688e+00
2.459798336029052734e+00
4.205668449401855469e+00
1.684326410293579102e+00
3.370034694671630859e+00
2.762967348098754883e+00
2.013689517974853516e+00
3.396003484725952148e+00
3.085560560226440430e+00
2.871135473251342773e+00
4.023694992065429688e+00
1.916931629180908203e+00
4.249262809753417969e+00
2.417078971862792969e+00
3.583786964416503906e+00
2.699260711669921875e+00
2.638172149658203125e+00
3.484992742538452148e+00
1.488607406616210938e+00
3.622429847717285156e+00
2.131812572479248047e+00
4.295255661010742188e+00
2.250201702117919922e+00
2.914719104766845703e+00
2.532665252685546875e+00
2.777324676513671875e+00
3.111834526062011719e+00
1.793215513229370117e+00
4.063896179199218750e+00
2.561244010925292969e+00
3.305680274963378906e+00
3.284331798553466797e+00
2.444363594055175781e+00
3.872097492218017578e+00
2.737347364425659180e+00
3.104251384735107422e+00
3.373392581939697266e+00
3.014124870300292969e+00
2.807774066925048828e+00
3.277691364288330078e+00
3.092411994934082031e+00
3.444891691207885742e+00
3.145657062530517578e+00
3.203160762786865234e+00
3.453814506530761719e+00
2.464179754257202148e+00
3.804924726486206055e+00
2.501722335815429688e+00
3.923276662826538086e+00
3.355585575103759766e+00
2.432505130767822266e+00
3.654037952423095703e+00
3.064456462860107422e+00
3.364223718643188477e+00
2.026960611343383789e+00
3.214058160781860352e+00
2.304633617401123047e+00
3.990902423858642578e+00
2.623975992202758789e+00
3.414016246795654297e+00
3.669820785522460938e+00
2.573773384094238281e+00
4.116508483886718750e+00
2.955665588378906250e+00
3.509979724884033203e+00
3.481394529342651367e+00
3.330079078674316406e+00
2.904331445693969727e+00
4.136457443237304688e+00
2.874831199645996094e+00
2.969921112060546875e+00
3.431786298751831055e+00
3.063848018646240234e+00
3.623559474945068359e+00
3.094609260559082031e+00
4.891208171844482422e+00
2.504195928573608398e+00
4.954658508300781250e+00
3.492436170578002930e+00
3.373937606811523438e+00
4.944467544555664062e+00
2.554657459259033203e+00
3.895076274871826172e+00
1.834613800048828125e+00
7.313329696655273438e+00
8.308317065238952637e-01
5.239861965179443359e+00
2.019267082214355469e+00
2.578755855560302734e+00
3.197749853134155273e+00
2.078471422195434570e+00
2.898538351058959961e+00
2.832366466522216797e+00
1.471281051635742188e+00
5.178695678710937500e+00
1.408578038215637207e+00
3.573820829391479492e+00
3.038254022598266602e+00
2.781601905822753906e+00
2.950593471527099609e+00
2.754903793334960938e+00
2.930415153503417969e+00
2.482563734054565430e+00
2.508482456207275391e+00
3.077234745025634766e+00
2.589439630508422852e+00
2.513278245925903320e+00
2.680679798126220703e+00
2.514964342117309570e+00
3.419749021530151367e+00
1.971337199211120605e+00
2.905156612396240234e+00
2.551814556121826172e+00
3.133995294570922852e+00
2.958969354629516602e+00
2.469361543655395508e+00
2.904225349426269531e+00
2.526915073394775391e+00
2.889765262603759766e+00
1.602803230285644531e+00
3.492963314056396484e+00
2.050149917602539062e+00
3.085537433624267578e+00
2.624929904937744141e+00
2.424234867095947266e+00
3.032348632812500000e+00
1.973417639732360840e+00
4.195200920104980469e+00
2.250016927719116211e+00
2.970993518829345703e+00
2.410332679748535156e+00
2.910790920257568359e+00
2.644842147827148438e+00
2.936031341552734375e+00
1.986891984939575195e+00
4.160132408142089844e+00
1.460996866226196289e+00
5.376898765563964844e+00
2.314297914505004883e+00
3.200759410858154297e+00
2.553760051727294922e+00
3.526438236236572266e+00
2.664155960083007812e+00
2.168658256530761719e+00
3.943372249603271484e+00
2.160322666168212891e+00
3.870708465576171875e+00
2.529947996139526367e+00
3.725505352020263672e+00
1.787045717239379883e+00
4.168562889099121094e+00
2.200550079345703125e+00
3.122406482696533203e+00
3.480887413024902344e+00
2.339634418487548828e+00
4.148770809173583984e+00
3.061601400375366211e+00
3.722130060195922852e+00
3.393202781677246094e+00
4.235564231872558594e+00
2.316281795501708984e+00
3.924137592315673828e+00
3.495330333709716797e+00
3.254354476928710938e+00
3.243315696716308594e+00
3.502767562866210938e+00
2.818913459777832031e+00
4.435001850128173828e+00
2.820347070693969727e+00
3.360472679138183594e+00
3.469962120056152344e+00
3.317733764648437500e+00
3.248225927352905273e+00
4.203169822692871094e+00
2.532525300979614258e+00
4.025506973266601562e+00
2.876830339431762695e+00
4.534044742584228516e+00
3.103691577911376953e+00
3.441862106323242188e+00
3.035753488540649414e+00
3.810989379882812500e+00
2.197765827178955078e+00
4.467526435852050781e+00
2.557984352111816406e+00
2.989054203033447266e+00
3.612450361251831055e+00
3.265792369842529297e+00
2.647062301635742188e+00
3.740190982818603516e+00
2.202923297882080078e+00
3.632108688354492188e+00
3.359055995941162109e+00
2.349317550659179688e+00
4.356563091278076172e+00
3.139637947082519531e+00
3.652646541595458984e+00
2.986688852310180664e+00
2.920767545700073242e+00
3.926187992095947266e+00
2.377762317657470703e+00
4.262172698974609375e+00
2.045279264450073242e+00
3.826924324035644531e+00
2.939769744873046875e+00
2.844425916671752930e+00
2.904653787612915039e+00
3.394911766052246094e+00
2.409127473831176758e+00
4.708885192871093750e+00
2.940878629684448242e+00
3.490871906280517578e+00
3.067081451416015625e+00
3.347088575363159180e+00
3.141064167022705078e+00
4.549588680267333984e+00
1.475144624710083008e+00
4.366056442260742188e+00
2.186732292175292969e+00
7.255660057067871094e+00
1.626002341508865356e-01
5.669094085693359375e+00
3.158256530761718750e+00
2.393092870712280273e+00
4.302710533142089844e+00
2.368438720703125000e+00
3.493758678436279297e+00
2.748825073242187500e+00
3.179552078247070312e+00
2.678984403610229492e+00
3.252018928527832031e+00
2.383416414260864258e+00
3.281737327575683594e+00
2.476582765579223633e+00
2.929779767990112305e+00
2.790570020675659180e+00
3.390818595886230469e+00
2.454660892486572266e+00
2.836106538772583008e+00
2.804689884185791016e+00
2.901513576507568359e+00
2.731746196746826172e+00
3.338175296783447266e+00
2.419334888458251953e+00
3.308770418167114258e+00
2.694694995880126953e+00
2.287695169448852539e+00
3.218405485153198242e+00
3.126009941101074219e+00
2.573322534561157227e+00
3.379140853881835938e+00
2.373745203018188477e+00
3.531718254089355469e+00
2.370002031326293945e+00
3.880385398864746094e+00
2.720072269439697266e+00
3.064216852188110352e+00
2.252373456954956055e+00
4.240531921386718750e+00
3.061688423156738281e+00
2.140043735504150391e+00
4.128626346588134766e+00
2.992393016815185547e+00
3.114239215850830078e+00
3.354594707489013672e+00
3.149132728576660156e+00
2.564072608947753906e+00
4.648320674896240234e+00
2.661210060119628906e+00
2.774291038513183594e+00
3.844071388244628906e+00
3.800474166870117188e+00
2.572837829589843750e+00
3.955787181854248047e+00
2.583459615707397461e+00
4.780531406402587891e+00
1.318983316421508789e+00
6.202638149261474609e+00
2.370101451873779297e+00
3.047115325927734375e+00
3.903097867965698242e+00
3.179459333419799805e+00
3.569487094879150391e+00
3.435717821121215820e+00
3.476000785827636719e+00
2.922459840774536133e+00
3.562342405319213867e+00
2.426771402359008789e+00
4.109451770782470703e+00
3.079887151718139648e+00
4.280519485473632812e+00
1.886181235313415527e+00
3.391470432281494141e+00
2.867457151412963867e+00
3.587298870086669922e+00
2.623519420623779297e+00
3.763947963714599609e+00
3.425408840179443359e+00
2.191289424896240234e+00
3.734588861465454102e+00
2.478087425231933594e+00
2.986431360244750977e+00
2.533698558807373047e+00
3.888391733169555664e+00
2.373857498168945312e+00
4.035331249237060547e+00
2.437601089477539062e+00
4.281390190124511719e+00
1.560619115829467773e+00
4.836455345153808594e+00
1.792415142059326172e+00
3.942054271697998047e+00
1.680493712425231934e+00
4.894580364227294922e+00
1.034626007080078125e+00
4.449626922607421875e+00
2.965726852416992188e+00
2.996402740478515625e+00
3.448197841644287109e+00
2.415497541427612305e+00
3.564501285552978516e+00
2.776650905609130859e+00
2.391932249069213867e+00
4.242340087890625000e+00
2.726708889007568359e+00
2.734604120254516602e+00
3.895644903182983398e+00
2.824838161468505859e+00
2.275812625885009766e+00
3.653553962707519531e+00
2.718146324157714844e+00
3.524913311004638672e+00
2.331544160842895508e+00
3.644176959991455078e+00
2.130415678024291992e+00
3.721086263656616211e+00
2.523249626159667969e+00
2.820456266403198242e+00
2.563664674758911133e+00
3.188357591629028320e+00
2.342129230499267578e+00
3.705839633941650391e+00
2.141659498214721680e+00
4.174840927124023438e+00
1.827962160110473633e+00
4.753815650939941406e+00
2.758192777633666992e+00
3.137942314147949219e+00
3.240367412567138672e+00
2.216959476470947266e+00
4.220965385437011719e+00
1.833968997001647949e+00
3.401413917541503906e+00
2.388588905334472656e+00
2.747288227081298828e+00
3.173023223876953125e+00
3.192241668701171875e+00
2.359621524810791016e+00
2.844332456588745117e+00
2.437194108963012695e+00
3.362967014312744141e+00
3.378883838653564453e+00
2.862446308135986328e+00
2.658247947692871094e+00
5.195296287536621094e+00
2.268117904663085938e+00
4.418387889862060547e+00
1.860453844070434570e+00
2.906894207000732422e+00
2.582525491714477539e+00
3.063502311706542969e+00
3.163489341735839844e+00
2.386453390121459961e+00
3.390785694122314453e+00
2.085764408111572266e+00
5.375862121582031250e+00
8.596796393394470215e-01
4.853631973266601562e+00
1.929786443710327148e+00
2.886474847793579102e+00
2.825288534164428711e+00
1.741824150085449219e+00
4.405921936035156250e+00
2.358936786651611328e+00
2.187526226043701172e+00
3.116363525390625000e+00
2.488341331481933594e+00
3.066976547241210938e+00
2.968510389328002930e+00
3.002931118011474609e+00
2.491887331008911133e+00
3.521148443222045898e+00
2.855732679367065430e+00
2.946782827377319336e+00
3.550172805786132812e+00
2.292078018188476562e+00
3.677027702331542969e+00
2.646165847778320312e+00
2.866760015487670898e+00
2.905996799468994141e+00
2.671317815780639648e+00
3.505289793014526367e+00
2.863164424896240234e+00
2.970732927322387695e+00
3.205014228820800781e+00
2.263765096664428711e+00
2.885491609573364258e+00
2.574443101882934570e+00
2.996459960937500000e+00
2.610682964324951172e+00
3.606487274169921875e+00
2.386906623840332031e+00
3.389188051223754883e+00
3.256825923919677734e+00
2.948347568511962891e+00
3.270690441131591797e+00
2.945759296417236328e+00
2.987197637557983398e+00
2.652456283569335938e+00
3.149152040481567383e+00
3.100213527679443359e+00
2.273952007293701172e+00
3.128226280212402344e+00
3.076850414276123047e+00
2.944182872772216797e+00
2.607295989990234375e+00
2.840564966201782227e+00
3.039127826690673828e+00
2.374709606170654297e+00
3.275826930999755859e+00
2.928567886352539062e+00
2.369040489196777344e+00
2.586540222167968750e+00
3.297776699066162109e+00
2.657631635665893555e+00
2.879843711853027344e+00
2.577635765075683594e+00
3.601247787475585938e+00
2.695896148681640625e+00
2.591360569000244141e+00
3.596822261810302734e+00
2.728262901306152344e+00
2.983043909072875977e+00
3.532117843627929688e+00
2.227516174316406250e+00
4.121277809143066406e+00
1.338770747184753418e+00
3.369278669357299805e+00
1.445015311241149902e+00
3.198860645294189453e+00
1.219963550567626953e+00
3.787829637527465820e+00
1.823496580123901367e+00
3.953355073928833008e+00
1.882130861282348633e+00
4.040033817291259766e+00
1.688382148742675781e+00
3.719882965087890625e+00
2.531208992004394531e+00
3.551932573318481445e+00
2.338890790939331055e+00
3.106724023818969727e+00
2.648341178894042969e+00
2.327123165130615234e+00
3.710399150848388672e+00
3.063978433609008789e+00
2.942902088165283203e+00
2.576981544494628906e+00
3.501570224761962891e+00
3.409976243972778320e+00
2.403908729553222656e+00
3.385564565658569336e+00
2.709042072296142578e+00
3.673658847808837891e+00
2.414694547653198242e+00
3.580808162689208984e+00
2.797265052795410156e+00
3.321794748306274414e+00
3.233403444290161133e+00
2.810013771057128906e+00
3.713777303695678711e+00
2.390799045562744141e+00
3.676870346069335938e+00
2.210420846939086914e+00
3.913120985031127930e+00
2.386610507965087891e+00
2.929187297821044922e+00
3.796858310699462891e+00
3.250338792800903320e+00
3.125275611877441406e+00
4.363884925842285156e+00
2.715011358261108398e+00
4.165156841278076172e+00
3.634110212326049805e+00
2.534556388854980469e+00
3.795061588287353516e+00
3.367103576660156250e+00
3.212708950042724609e+00
3.111184597015380859e+00
4.124458312988281250e+00
2.754909038543701172e+00
3.799190759658813477e+00
2.393466472625732422e+00
4.626279354095458984e+00
2.457999229431152344e+00
4.210806846618652344e+00
1.244889616966247559e+00
5.691344261169433594e+00
1.786798477172851562e+00
5.625846862792968750e+00
1.461032629013061523e+00
4.141863822937011719e+00
3.224623441696166992e+00
3.453421592712402344e+00
2.991877317428588867e+00
2.469676017761230469e+00
3.665092945098876953e+00
2.885122776031494141e+00
2.681071758270263672e+00
3.477195262908935547e+00
2.689877986907958984e+00
3.279560089111328125e+00
3.304683923721313477e+00
3.929900169372558594e+00
2.894478082656860352e+00
4.083125114440917969e+00
4.148863792419433594e+00
2.931637763977050781e+00
4.905634880065917969e+00
2.077168941497802734e+00
4.229176044464111328e+00
2.848868131637573242e+00
3.549191474914550781e+00
3.657852172851562500e+00
3.370745420455932617e+00
3.656164169311523438e+00
2.631300449371337891e+00
4.271168231964111328e+00
2.686220645904541016e+00
3.530366420745849609e+00
3.161180734634399414e+00
2.756934165954589844e+00
3.226989746093750000e+00
3.354912281036376953e+00
1.937591075897216797e+00
4.501318454742431641e+00
2.985013008117675781e+00
2.734923362731933594e+00
3.755270957946777344e+00
3.368926525115966797e+00
2.423493862152099609e+00
4.245094776153564453e+00
2.957522869110107422e+00
3.601413726806640625e+00
3.276928424835205078e+00
3.002749443054199219e+00
3.675231218338012695e+00
3.035850048065185547e+00
2.992397308349609375e+00
4.160688400268554688e+00
2.385080337524414062e+00
3.615030288696289062e+00
3.364521980285644531e+00
3.227875947952270508e+00
4.397681236267089844e+00
2.083411216735839844e+00
5.845015048980712891e+00
9.313842654228210449e-01
6.641827106475830078e+00
2.083358913660049438e-01
5.299964427947998047e+00
2.564769744873046875e+00
2.010147571563720703e+00
2.848128795623779297e+00
2.407664775848388672e+00
2.281888246536254883e+00
3.196053028106689453e+00
2.371541023254394531e+00
2.074153423309326172e+00
3.468589305877685547e+00
2.435238122940063477e+00
3.249062061309814453e+00
3.559349298477172852e+00
3.325543403625488281e+00
3.762571811676025391e+00
2.969879627227783203e+00
4.661109924316406250e+00
2.280338048934936523e+00
4.303491115570068359e+00
3.214436531066894531e+00
3.622084140777587891e+00
3.299662113189697266e+00
2.816546678543090820e+00
3.794944524765014648e+00
2.484297275543212891e+00
4.755388259887695312e+00
3.653445720672607422e+00
2.964688539505004883e+00
3.802821397781372070e+00
3.178439378738403320e+00
3.687070608139038086e+00
3.324269771575927734e+00
3.162934303283691406e+00
3.481135368347167969e+00
3.001860618591308594e+00
3.662732601165771484e+00
3.545835494995117188e+00
3.045649051666259766e+00
3.153098344802856445e+00
3.442317008972167969e+00
2.736775398254394531e+00
4.168918609619140625e+00
3.363720893859863281e+00
3.458791255950927734e+00
3.647249698638916016e+00
3.602481126785278320e+00
4.308138370513916016e+00
2.244330883026123047e+00
5.039037704467773438e+00
2.692893743515014648e+00
3.778358221054077148e+00
3.145995378494262695e+00
3.176739454269409180e+00
4.694080352783203125e+00
2.351222038269042969e+00
5.298312664031982422e+00
3.237243890762329102e+00
3.025886297225952148e+00
4.482506752014160156e+00
2.321246623992919922e+00
5.013160705566406250e+00
2.682296037673950195e+00
3.375418186187744141e+00
3.685707807540893555e+00
1.644957065582275391e+00
5.418036460876464844e+00
1.733075022697448730e+00
3.635267019271850586e+00
2.722749710083007812e+00
3.718529224395751953e+00
3.752254009246826172e+00
2.245399475097656250e+00
4.417040824890136719e+00
2.573402881622314453e+00
4.220409870147705078e+00
1.407294869422912598e+00
5.641478538513183594e+00
3.377347469329833984e+00
2.660331726074218750e+00
5.165838241577148438e+00
3.265175819396972656e+00
3.119060277938842773e+00
4.053089141845703125e+00
3.446674823760986328e+00
4.311815261840820312e+00
2.608390808105468750e+00
5.296936988830566406e+00
2.260192632675170898e+00
5.494951725006103516e+00
1.339557051658630371e+00
5.850994110107421875e+00
1.103018999099731445e+00
4.016358375549316406e+00
2.130952835083007812e+00
2.815973043441772461e+00
3.099606037139892578e+00
1.921142935752868652e+00
3.455946922302246094e+00
2.383625507354736328e+00
1.929511547088623047e+00
2.840724706649780273e+00
3.422022342681884766e+00
1.673453927040100098e+00
4.152846813201904297e+00
3.161914110183715820e+00
3.236377239227294922e+00
2.631077051162719727e+00
3.285838365554809570e+00
2.264418125152587891e+00
3.210288286209106445e+00
2.398486614227294922e+00
2.610291719436645508e+00
2.676771163940429688e+00
3.070626735687255859e+00
2.882491350173950195e+00
3.335990428924560547e+00
2.687387943267822266e+00
2.691967487335205078e+00
3.216836929321289062e+00
2.738232612609863281e+00
2.654930353164672852e+00
2.709438800811767578e+00
3.479099035263061523e+00
2.382028102874755859e+00
3.094024658203125000e+00
3.006692171096801758e+00
2.553930044174194336e+00
3.526127338409423828e+00
2.413151741027832031e+00
2.855586767196655273e+00
3.072990417480468750e+00
2.324800729751586914e+00
3.655263900756835938e+00
2.445313453674316406e+00
3.044107198715209961e+00
2.668933391571044922e+00
3.351332187652587891e+00
2.337223052978515625e+00
2.716776132583618164e+00
2.789094209671020508e+00
2.554213523864746094e+00
2.154211521148681641e+00
3.698675632476806641e+00
2.681459903717041016e+00
3.164212465286254883e+00
2.878010749816894531e+00
3.441479206085205078e+00
2.133459568023681641e+00
4.252781391143798828e+00
2.443943977355957031e+00
4.528312683105468750e+00
1.364394903182983398e+00
4.437587738037109375e+00
3.148658990859985352e+00
2.345186233520507812e+00
4.203555107116699219e+00
2.542994499206542969e+00
2.603243350982666016e+00
3.034293174743652344e+00
2.936384677886962891e+00
3.168065547943115234e+00
2.535219430923461914e+00
3.952161312103271484e+00
2.062122583389282227e+00
3.374094009399414062e+00
3.199160099029541016e+00
2.528810024261474609e+00
3.367004632949829102e+00
2.792724609375000000e+00
3.172867774963378906e+00
2.602178096771240234e+00
3.810759067535400391e+00
2.776851177215576172e+00
4.060503005981445312e+00
2.680391311645507812e+00
3.233136177062988281e+00
3.452875137329101562e+00
3.434083938598632812e+00
2.887846946716308594e+00
3.734731674194335938e+00
2.967172145843505859e+00
3.461637020111083984e+00
3.216825008392333984e+00
3.066105365753173828e+00
3.544463157653808594e+00
3.235892295837402344e+00
3.216349840164184570e+00
3.102823734283447266e+00
3.118567705154418945e+00
3.576868295669555664e+00
3.083088397979736328e+00
2.745115280151367188e+00
4.457585334777832031e+00
2.705241680145263672e+00
3.889352560043334961e+00
3.309297084808349609e+00
4.064684867858886719e+00
2.686907768249511719e+00
3.607119560241699219e+00
2.695730924606323242e+00
3.813067674636840820e+00
3.084276199340820312e+00
4.096213340759277344e+00
2.466610670089721680e+00
4.962631225585937500e+00
2.384259700775146484e+00
4.218442916870117188e+00
3.384469985961914062e+00
3.510776519775390625e+00
3.876227617263793945e+00
2.958236455917358398e+00
3.561780452728271484e+00
3.870534896850585938e+00
2.820455074310302734e+00
4.650805473327636719e+00
2.667618513107299805e+00
4.022338867187500000e+00
2.248433113098144531e+00
6.139348983764648438e+00
1.843488693237304688e+00
4.928197383880615234e+00
3.289955615997314453e+00
3.354879617691040039e+00
3.348751544952392578e+00
3.401461124420166016e+00
2.900287628173828125e+00
3.675390958786010742e+00
2.831039428710937500e+00
2.924007415771484375e+00
4.000624179840087891e+00
2.705995559692382812e+00
4.009577274322509766e+00
3.105452775955200195e+00
2.687436580657958984e+00
4.980701446533203125e+00
2.592211723327636719e+00
3.681710243225097656e+00
2.915988922119140625e+00
4.516013622283935547e+00
1.728117227554321289e+00
4.894068241119384766e+00
1.820012331008911133e+00
5.867609977722167969e+00
1.476845264434814453e+00
4.115310668945312500e+00
2.920494079589843750e+00
2.824437618255615234e+00
3.898144960403442383e+00
3.600781440734863281e+00
2.168872833251953125e+00
4.138469696044921875e+00
3.067964076995849609e+00
2.687240123748779297e+00
4.522833824157714844e+00
2.674959659576416016e+00
3.942148923873901367e+00
3.507171154022216797e+00
3.318166255950927734e+00
3.553338289260864258e+00
2.725841522216796875e+00
3.392781257629394531e+00
2.959681510925292969e+00
2.568394184112548828e+00
4.190148353576660156e+00
1.816941499710083008e+00
3.476971149444580078e+00
3.360643625259399414e+00
2.333549499511718750e+00
3.695377826690673828e+00
2.705896615982055664e+00
3.903618097305297852e+00
3.049346446990966797e+00
3.419030666351318359e+00
2.182250261306762695e+00
3.923986673355102539e+00
3.247484207153320312e+00
2.241846084594726562e+00
4.626607894897460938e+00
1.649925470352172852e+00
4.406589508056640625e+00
2.676446676254272461e+00
3.354096174240112305e+00
2.731875419616699219e+00
3.914923191070556641e+00
2.679746866226196289e+00
3.870653390884399414e+00
3.423061847686767578e+00
3.301425695419311523e+00
3.870416164398193359e+00
1.918468952178955078e+00
5.098915100097656250e+00
2.189411640167236328e+00
5.098623275756835938e+00
3.450509071350097656e+00
2.960255622863769531e+00
3.632496356964111328e+00
3.240006446838378906e+00
2.966112375259399414e+00
4.002306938171386719e+00
2.629185676574707031e+00
4.809021472930908203e+00
2.761450290679931641e+00
4.650501251220703125e+00
1.988437891006469727e+00
5.159013271331787109e+00
1.563994646072387695e+00
5.199414253234863281e+00
2.080657482147216797e+00
5.025602340698242188e+00
1.500860095024108887e+00
4.260564804077148438e+00
2.946858882904052734e+00
3.086878299713134766e+00
2.716234922409057617e+00
3.313671112060546875e+00
2.601368904113769531e+00
2.605109691619873047e+00
2.695715665817260742e+00
3.307401895523071289e+00
2.063360929489135742e+00
3.873345851898193359e+00
1.887416720390319824e+00
4.412864685058593750e+00
1.418090105056762695e+00
4.718535423278808594e+00
2.207700729370117188e+00
3.578504085540771484e+00
2.134093999862670898e+00
4.108684062957763672e+00
1.870446920394897461e+00
4.155383110046386719e+00
1.879621505737304688e+00
4.002146720886230469e+00
2.081958293914794922e+00
3.736922502517700195e+00
2.706583738327026367e+00
3.616013288497924805e+00
2.841876268386840820e+00
3.006089210510253906e+00
3.329898834228515625e+00
2.037428855895996094e+00
4.192898273468017578e+00
2.667484760284423828e+00
2.975012302398681641e+00
3.423849582672119141e+00
2.981986999511718750e+00
2.613370895385742188e+00
3.699860095977783203e+00
1.992515206336975098e+00
4.194123744964599609e+00
2.092096328735351562e+00
4.107820510864257812e+00
3.076731920242309570e+00
3.984920024871826172e+00
1.800817728042602539e+00
5.192891120910644531e+00
1.020859956741333008e+00
5.165991783142089844e+00
1.598502874374389648e+00
5.318017959594726562e+00
1.388586521148681641e+00
4.662177562713623047e+00
1.883550882339477539e+00
3.990211009979248047e+00
2.419997215270996094e+00
3.661989688873291016e+00
2.548917293548583984e+00
3.434143066406250000e+00
3.265314579010009766e+00
2.844496965408325195e+00
3.308899164199829102e+00
2.839902877807617188e+00
3.064413070678710938e+00
3.361845970153808594e+00
2.328073501586914062e+00
4.019521713256835938e+00
2.148587703704833984e+00
4.020795822143554688e+00
1.638652443885803223e+00
4.999693870544433594e+00
2.513664245605468750e+00
3.245088100433349609e+00
2.980659484863281250e+00
3.461614608764648438e+00
2.199233055114746094e+00
3.898482799530029297e+00
2.362821817398071289e+00
3.660784721374511719e+00
2.892086267471313477e+00
3.310824155807495117e+00
3.112061023712158203e+00
3.205479860305786133e+00
2.543520927429199219e+00
3.432128906250000000e+00
1.981321334838867188e+00
4.556091308593750000e+00
2.635759353637695312e+00
2.880815982818603516e+00
3.092558383941650391e+00
3.171521186828613281e+00
3.189682960510253906e+00
2.666144847869873047e+00
4.427915573120117188e+00
2.238985776901245117e+00
3.277563333511352539e+00
3.428102254867553711e+00
2.626980781555175781e+00
3.869791030883789062e+00
2.531967401504516602e+00
4.511801719665527344e+00
2.467466592788696289e+00
3.202886343002319336e+00
3.516325235366821289e+00
2.853472709655761719e+00
3.604226112365722656e+00
2.627471923828125000e+00
4.220129966735839844e+00
2.528200149536132812e+00
4.749936103820800781e+00
2.066081285476684570e+00
5.806477546691894531e+00
1.353150844573974609e+00
5.689436912536621094e+00
2.696450710296630859e+00
4.368309974670410156e+00
3.701683044433593750e+00
2.880821704864501953e+00
3.548674583435058594e+00
2.609605073928833008e+00
3.024509429931640625e+00
4.019207954406738281e+00
3.064918518066406250e+00
2.925739288330078125e+00
3.757849693298339844e+00
2.904218912124633789e+00
3.119792461395263672e+00
3.246918678283691406e+00
2.823516130447387695e+00
3.362954378128051758e+00
2.524253368377685547e+00
3.957308292388916016e+00
2.677414417266845703e+00
3.817010879516601562e+00
2.716872930526733398e+00
4.256026268005371094e+00
2.293603420257568359e+00
4.105484485626220703e+00
1.860005617141723633e+00
5.114754199981689453e+00
2.073452949523925781e+00
4.491310119628906250e+00
1.953153014183044434e+00
5.243366241455078125e+00
1.310304641723632812e+00
4.786906242370605469e+00
2.369396686553955078e+00
3.136339902877807617e+00
3.040283203125000000e+00
2.660596847534179688e+00
3.358964920043945312e+00
2.507346630096435547e+00
3.787464380264282227e+00
2.294713973999023438e+00
3.780640363693237305e+00
2.313530445098876953e+00
4.406047821044921875e+00
2.185593128204345703e+00
4.154412269592285156e+00
2.285611152648925781e+00
4.356431007385253906e+00
2.732239723205566406e+00
3.092114448547363281e+00
3.112418651580810547e+00
3.134288549423217773e+00
3.491195678710937500e+00
2.453108549118041992e+00
5.058630943298339844e+00
2.025543212890625000e+00
5.121878623962402344e+00
2.388298988342285156e+00
4.164033412933349609e+00
3.101414680480957031e+00
3.115434646606445312e+00
3.620688915252685547e+00
2.772675991058349609e+00
3.722665786743164062e+00
3.275271415710449219e+00
2.610086679458618164e+00
4.029457569122314453e+00
2.872876405715942383e+00
3.236322879791259766e+00
2.871656417846679688e+00
3.440797805786132812e+00
3.049246549606323242e+00
3.633216381072998047e+00
2.676464796066284180e+00
3.942486524581909180e+00
2.865210056304931641e+00
3.948204040527343750e+00
2.903640270233154297e+00
3.716004610061645508e+00
3.050609588623046875e+00
3.912472248077392578e+00
3.262512922286987305e+00
3.518028736114501953e+00
3.700572967529296875e+00
3.364007949829101562e+00
3.696856737136840820e+00
3.271121025085449219e+00
3.599688529968261719e+00
3.642109394073486328e+00
1.848877668380737305e+00
5.516551017761230469e+00
1.965788006782531738e+00
4.824975013732910156e+00
3.379899501800537109e+00
3.845582008361816406e+00
3.513791561126708984e+00
3.712266206741333008e+00
3.601881742477416992e+00
2.814658641815185547e+00
4.561119079589843750e+00
1.226398706436157227e+00
6.580457687377929688e+00
3.115505218505859375e+00
4.451316833496093750e+00
3.889261722564697266e+00
2.648319721221923828e+00
4.448479652404785156e+00
2.139920711517333984e+00
5.210386276245117188e+00
1.717384815216064453e+00
5.143619537353515625e+00
1.343869566917419434e+00
5.284980773925781250e+00
1.942788720130920410e+00
3.869925975799560547e+00
2.472585678100585938e+00
3.455403327941894531e+00
3.980813503265380859e+00
2.596122264862060547e+00
4.271555900573730469e+00
3.272523641586303711e+00
4.554528713226318359e+00
2.178928852081298828e+00
5.245016098022460938e+00
2.540554046630859375e+00
3.138218402862548828e+00
3.509736537933349609e+00
2.427723407745361328e+00
3.942989349365234375e+00
1.661592364311218262e+00
4.732528686523437500e+00
1.795402765274047852e+00
4.579100608825683594e+00
2.799590110778808594e+00
2.978177547454833984e+00
4.122993469238281250e+00
2.276373386383056641e+00
4.282470703125000000e+00
2.305151939392089844e+00
3.158059597015380859e+00
3.646988630294799805e+00
2.143233776092529297e+00
4.027965545654296875e+00
2.788437843322753906e+00
3.393275737762451172e+00
2.307477951049804688e+00
3.378655195236206055e+00
2.653175354003906250e+00
3.338111877441406250e+00
2.688024044036865234e+00
3.107718467712402344e+00
3.345439434051513672e+00
3.085401058197021484e+00
2.504755496978759766e+00
3.588763475418090820e+00
2.273711442947387695e+00
4.198856830596923828e+00
1.768210172653198242e+00
3.276555538177490234e+00
3.398535728454589844e+00
2.522576332092285156e+00
2.903605699539184570e+00
3.963470458984375000e+00
1.945144653320312500e+00
3.936492443084716797e+00
3.416681766510009766e+00
3.214551687240600586e+00
3.215300321578979492e+00
3.814922571182250977e+00
3.748517036437988281e+00
2.821739435195922852e+00
4.761690616607666016e+00
2.529700040817260742e+00
3.751096725463867188e+00
3.422677993774414062e+00
3.577549934387207031e+00
3.107517719268798828e+00
4.021977901458740234e+00
2.425605773925781250e+00
4.624178886413574219e+00
2.269037723541259766e+00
5.509016513824462891e+00
1.373465418815612793e+00
5.410684585571289062e+00
2.338420391082763672e+00
4.178458213806152344e+00
1.507005095481872559e+00
4.929525852203369141e+00
1.541567564010620117e+00
4.219217300415039062e+00
2.227513790130615234e+00
4.168487071990966797e+00
2.142436504364013672e+00
5.542976856231689453e+00
1.336554765701293945e+00
4.681056976318359375e+00
2.893961906433105469e+00
3.504739761352539062e+00
3.655224800109863281e+00
3.319651603698730469e+00
3.281362533569335938e+00
3.532114982604980469e+00
2.656860828399658203e+00
4.530666351318359375e+00
2.266614437103271484e+00
4.123050689697265625e+00
2.672346830368041992e+00
4.244241237640380859e+00
2.234778881072998047e+00
4.487141609191894531e+00
1.583428859710693359e+00
4.373692989349365234e+00
6.179060339927673340e-01
5.934197425842285156e+00
2.504908323287963867e+00
2.937325000762939453e+00
4.156346321105957031e+00
2.350091218948364258e+00
3.390121936798095703e+00
2.995281457901000977e+00
3.186501502990722656e+00
2.886409521102905273e+00
2.620497703552246094e+00
2.859379768371582031e+00
3.477468967437744141e+00
2.537185192108154297e+00
3.117129564285278320e+00
2.886998653411865234e+00
2.971969604492187500e+00
3.132354259490966797e+00
2.883658409118652344e+00
3.452042102813720703e+00
1.991917610168457031e+00
3.458284854888916016e+00
2.602199077606201172e+00
3.140706539154052734e+00
3.879784584045410156e+00
2.245431661605834961e+00
3.523514986038208008e+00
3.255707740783691406e+00
3.855806827545166016e+00
2.865180015563964844e+00
3.788216829299926758e+00
3.407130241394042969e+00
2.787629127502441406e+00
3.876039743423461914e+00
3.310147762298583984e+00
3.736053466796875000e+00
3.149685382843017578e+00
3.814054250717163086e+00
2.668763160705566406e+00
3.744264602661132812e+00
3.789430618286132812e+00
2.127037286758422852e+00
4.551752090454101562e+00
7.377930283546447754e-01
6.238842010498046875e+00
2.739365339279174805e+00
2.810904502868652344e+00
4.581935405731201172e+00
1.759987592697143555e+00
3.849327564239501953e+00
2.058785915374755859e+00
4.250953674316406250e+00
1.760221362113952637e+00
3.492711067199707031e+00
2.776968002319335938e+00
2.866682052612304688e+00
3.814466476440429688e+00
2.341142177581787109e+00
2.787229299545288086e+00
3.668943405151367188e+00
1.792526006698608398e+00
4.280237197875976562e+00
2.820879459381103516e+00
2.778470039367675781e+00
3.395735263824462891e+00
2.128295898437500000e+00
4.745910167694091797e+00
1.831442117691040039e+00
4.200098037719726562e+00
3.031165361404418945e+00
2.833714485168457031e+00
2.914612293243408203e+00
3.468638420104980469e+00
2.114385128021240234e+00
4.043318748474121094e+00
2.177159309387207031e+00
4.015635967254638672e+00
1.909933090209960938e+00
5.754420757293701172e+00
1.384606122970581055e+00
4.115206718444824219e+00
2.552864789962768555e+00
3.142156600952148438e+00
2.552896738052368164e+00
2.082486867904663086e+00
3.616723537445068359e+00
2.683262825012207031e+00
3.127637147903442383e+00
2.605832576751708984e+00
3.426176548004150391e+00
2.558201789855957031e+00
3.263392686843872070e+00
3.839085102081298828e+00
2.436545610427856445e+00
4.273365497589111328e+00
2.516620635986328125e+00
3.021829128265380859e+00
3.118373632431030273e+00
2.959439039230346680e+00
2.912129878997802734e+00
4.207308769226074219e+00
1.929524421691894531e+00
4.408350944519042969e+00
2.763170957565307617e+00
4.128695964813232422e+00
2.418181657791137695e+00
3.582460641860961914e+00
2.779616355895996094e+00
2.505941390991210938e+00
3.010155439376831055e+00
3.468601703643798828e+00
1.502898454666137695e+00
4.553689002990722656e+00
1.342510104179382324e+00
4.937671661376953125e+00
2.538559675216674805e+00
2.991932868957519531e+00
2.733776569366455078e+00
3.179569005966186523e+00
2.419829368591308594e+00
3.369923114776611328e+00
2.427554368972778320e+00
4.159807682037353516e+00
1.374594926834106445e+00
4.880703926086425781e+00
1.911210894584655762e+00
4.943819046020507812e+00
2.774222850799560547e+00
3.270194053649902344e+00
3.950156688690185547e+00
2.599812746047973633e+00
4.232721328735351562e+00
2.286312580108642578e+00
3.902371406555175781e+00
1.701628684997558594e+00
4.040108680725097656e+00
2.658500432968139648e+00
2.786499261856079102e+00
3.389913558959960938e+00
2.485476970672607422e+00
3.049704313278198242e+00
3.515518188476562500e+00
2.069436073303222656e+00
4.602550506591796875e+00
3.817397594451904297e+00
2.470071792602539062e+00
3.889534950256347656e+00
3.373654603958129883e+00
2.745918750762939453e+00
3.928157806396484375e+00
3.088675498962402344e+00
3.039009571075439453e+00
3.544182300567626953e+00
2.929208755493164062e+00
2.155816078186035156e+00
4.857572555541992188e+00
1.148996591567993164e+00
5.208610534667968750e+00
1.595046997070312500e+00
5.987982273101806641e+00
7.327840328216552734e-01
4.052634716033935547e+00
1.118763685226440430e+00
5.096037864685058594e+00
1.540563464164733887e+00
3.010271072387695312e+00
2.208541631698608398e+00
3.240114927291870117e+00
2.722002029418945312e+00
2.331670045852661133e+00
2.877083539962768555e+00
2.121693134307861328e+00
2.497289180755615234e+00
2.871850013732910156e+00
3.235670328140258789e+00
1.934627532958984375e+00
3.631462574005126953e+00
1.494107604026794434e+00
4.432415008544921875e+00
1.941716432571411133e+00
3.272500514984130859e+00
2.363057136535644531e+00
4.318213462829589844e+00
2.262928009033203125e+00
2.986555099487304688e+00
2.904777288436889648e+00
2.693947792053222656e+00
2.418293952941894531e+00
3.129936695098876953e+00
2.617513418197631836e+00
3.033300399780273438e+00
3.072903633117675781e+00
3.059806585311889648e+00
3.120280981063842773e+00
3.205316305160522461e+00
2.153843164443969727e+00
4.440146446228027344e+00
1.773152112960815430e+00
3.932591438293457031e+00
2.001480579376220703e+00
3.196434020996093750e+00
2.052089929580688477e+00
3.645280122756958008e+00
3.120731830596923828e+00
3.173144578933715820e+00
3.376408576965332031e+00
2.634399414062500000e+00
4.042229175567626953e+00
1.796223402023315430e+00
4.130758285522460938e+00
7.748448252677917480e-01
5.153276920318603516e+00
2.473453521728515625e+00
3.056450605392456055e+00
2.452647686004638672e+00
4.466735363006591797e+00
1.442423820495605469e+00
4.075309276580810547e+00
2.599624156951904297e+00
3.007962942123413086e+00
2.571494102478027344e+00
2.479257822036743164e+00
4.041049957275390625e+00
1.652716159820556641e+00
4.523759841918945312e+00
2.687323808670043945e+00
3.018422126770019531e+00
3.693006038665771484e+00
2.248696327209472656e+00
3.835448741912841797e+00
2.623647212982177734e+00
3.292653322219848633e+00
2.937695026397705078e+00
3.834010124206542969e+00
2.284930944442749023e+00
2.985648155212402344e+00
3.736262559890747070e+00
2.520687818527221680e+00
3.827230691909790039e+00
2.290063142776489258e+00
3.901568412780761719e+00
3.163887500762939453e+00
3.401277065277099609e+00
3.614824771881103516e+00
3.726970434188842773e+00
2.696517467498779297e+00
3.808314800262451172e+00
2.658996105194091797e+00
3.925273656845092773e+00
3.124238252639770508e+00
2.841451168060302734e+00
3.527328491210937500e+00
3.186847925186157227e+00
2.766089439392089844e+00
3.612911701202392578e+00
2.923264265060424805e+00
3.773404121398925781e+00
2.463685512542724609e+00
5.129507064819335938e+00
1.507522583007812500e+00
6.463884353637695312e+00
1.537671327590942383e+00
4.538972854614257812e+00
1.960136651992797852e+00
4.240725040435791016e+00
1.914634943008422852e+00
3.981721878051757812e+00
2.079630851745605469e+00
4.196809768676757812e+00
2.427953004837036133e+00
2.824558258056640625e+00
3.443877696990966797e+00
2.023528575897216797e+00
4.048059463500976562e+00
1.933895111083984375e+00
3.705734729766845703e+00
2.840668678283691406e+00
3.263293743133544922e+00
2.401407480239868164e+00
3.107279062271118164e+00
3.215683937072753906e+00
1.797080755233764648e+00
4.508352756500244141e+00
2.119047164916992188e+00
3.110487699508666992e+00
2.966135501861572266e+00
3.586392641067504883e+00
2.645690441131591797e+00
3.691401958465576172e+00
1.942429542541503906e+00
3.766745567321777344e+00
1.567493677139282227e+00
3.538897275924682617e+00
2.592529296875000000e+00
3.342923164367675781e+00
2.493075847625732422e+00
3.344611406326293945e+00
2.594417572021484375e+00
1.587306499481201172e+00
5.688853263854980469e+00
9.667814373970031738e-01
4.334015846252441406e+00
1.223959445953369141e+00
5.229047775268554688e+00
1.728806495666503906e+00
3.976927757263183594e+00
1.684970855712890625e+00
3.692929744720458984e+00
2.924427986145019531e+00
2.000084161758422852e+00
4.820578098297119141e+00
7.558621168136596680e-01
5.333812713623046875e+00
2.339317798614501953e+00
3.678415536880493164e+00
2.590198040008544922e+00
3.031637430191040039e+00
2.631091117858886719e+00
3.214368343353271484e+00
2.538603305816650391e+00
2.882356405258178711e+00
2.352359771728515625e+00
3.516579627990722656e+00
3.409913778305053711e+00
3.271222829818725586e+00
3.117225170135498047e+00
2.920169830322265625e+00
3.261637687683105469e+00
2.918321132659912109e+00
3.345438003540039062e+00
2.809179782867431641e+00
4.271301269531250000e+00
1.810689210891723633e+00
4.186827659606933594e+00
2.247085571289062500e+00
4.316169738769531250e+00
1.746867299079895020e+00
4.393672466278076172e+00
2.193161487579345703e+00
2.906202793121337891e+00
2.551141262054443359e+00
3.193454265594482422e+00
2.451767921447753906e+00
3.875333547592163086e+00
2.591554641723632812e+00
4.326099395751953125e+00
2.545079946517944336e+00
3.717327833175659180e+00
3.630620956420898438e+00
2.559509754180908203e+00
3.876612186431884766e+00
3.146549224853515625e+00
2.932656288146972656e+00
2.198720455169677734e+00
4.006200790405273438e+00
1.620255231857299805e+00
4.513265609741210938e+00
1.915162801742553711e+00
4.078831672668457031e+00
2.049184322357177734e+00
4.234004020690917969e+00
1.951818823814392090e+00
4.164383888244628906e+00
2.175529003143310547e+00
4.477978706359863281e+00
2.706436157226562500e+00
3.107659101486206055e+00
3.479761600494384766e+00
2.299682855606079102e+00
5.203747272491455078e+00
2.785736560821533203e+00
2.771402359008789062e+00
4.404566764831542969e+00
1.900422930717468262e+00
3.835916042327880859e+00
2.029204845428466797e+00
3.184013843536376953e+00
2.595825672149658203e+00
4.595427513122558594e+00
1.582030057907104492e+00
4.344264984130859375e+00
2.084622859954833984e+00
3.397541999816894531e+00
3.125999927520751953e+00
2.689412832260131836e+00
2.670236110687255859e+00
2.825896024703979492e+00
3.207763195037841797e+00
1.384442329406738281e+00
4.302624702453613281e+00
2.886143207550048828e+00
2.658392906188964844e+00
3.830557823181152344e+00
3.232990264892578125e+00
1.659248828887939453e+00
5.416647434234619141e+00
1.741881251335144043e+00
3.806635379791259766e+00
3.078670501708984375e+00
3.337931632995605469e+00
2.499650955200195312e+00
3.709123849868774414e+00
1.702652215957641602e+00
4.751233100891113281e+00
1.911226034164428711e+00
3.685178041458129883e+00
2.783608913421630859e+00
2.948190689086914062e+00
3.108646869659423828e+00
2.572700500488281250e+00
3.184538841247558594e+00
2.339742422103881836e+00
2.594789028167724609e+00
4.139651298522949219e+00
2.463357925415039062e+00
4.100837707519531250e+00
2.312993526458740234e+00
3.263208150863647461e+00
2.765333652496337891e+00
2.881175041198730469e+00
2.601862430572509766e+00
3.032855510711669922e+00
2.889153480529785156e+00
4.321917533874511719e+00
9.650156497955322266e-01
5.493039608001708984e+00
1.883821487426757812e+00
4.519735336303710938e+00
1.927969217300415039e+00
4.514055728912353516e+00
1.763671159744262695e+00
3.748022317886352539e+00
2.555306673049926758e+00
3.384028434753417969e+00
2.752484560012817383e+00
2.948440551757812500e+00
3.742819786071777344e+00
2.764886379241943359e+00
4.516500473022460938e+00
2.388308763504028320e+00
3.634955883026123047e+00
3.287510156631469727e+00
3.320226192474365234e+00
2.764131069183349609e+00
3.390549182891845703e+00
3.421868562698364258e+00
3.212746143341064453e+00
3.495753288269042969e+00
2.891155242919921875e+00
4.957227706909179688e+00
1.989448308944702148e+00
5.148121833801269531e+00
1.596328496932983398e+00
4.831961154937744141e+00
1.299459457397460938e+00
6.159461021423339844e+00
1.751187801361083984e+00
3.154119253158569336e+00
3.991586208343505859e+00
1.413363933563232422e+00
4.013280868530273438e+00
1.787501096725463867e+00
3.124464035034179688e+00
2.514739036560058594e+00
3.352665901184082031e+00
3.341533660888671875e+00
2.515878200531005859e+00
3.668823480606079102e+00
2.891140460968017578e+00
3.699150562286376953e+00
2.277893066406250000e+00
4.775373458862304688e+00
2.317105293273925781e+00
3.360706806182861328e+00
3.400380134582519531e+00
3.042504549026489258e+00
3.318615913391113281e+00
3.704774379730224609e+00
1.998979926109313965e+00
5.191786289215087891e+00
2.703871250152587891e+00
3.927794456481933594e+00
2.661494731903076172e+00
5.016565799713134766e+00
1.931489109992980957e+00
3.258337974548339844e+00
3.525066137313842773e+00
2.546476364135742188e+00
4.117306232452392578e+00
2.304745197296142578e+00
3.832852363586425781e+00
3.063743114471435547e+00
3.288396835327148438e+00
2.825842380523681641e+00
2.393709897994995117e+00
4.992543220520019531e+00
1.188366174697875977e+00
4.348895549774169922e+00
1.666801691055297852e+00
4.075621604919433594e+00
1.812401175498962402e+00
4.665083885192871094e+00
1.492439270019531250e+00
4.800651073455810547e+00
2.677050828933715820e+00
2.878168582916259766e+00
3.492677688598632812e+00
2.619167089462280273e+00
3.565749883651733398e+00
3.138523817062377930e+00
2.724476099014282227e+00
4.384899616241455078e+00
1.941675782203674316e+00
5.350306510925292969e+00
2.570581197738647461e+00
4.277043342590332031e+00
2.436141967773437500e+00
4.688431739807128906e+00
2.430431842803955078e+00
4.215104103088378906e+00
3.102262973785400391e+00
2.393538475036621094e+00
3.918403387069702148e+00
2.530076980590820312e+00
3.403812885284423828e+00
3.573301076889038086e+00
3.026657104492187500e+00
2.851650476455688477e+00
3.973903179168701172e+00
2.195399761199951172e+00
4.397372245788574219e+00
1.704358100891113281e+00
5.013361930847167969e+00
2.197525978088378906e+00
3.569455146789550781e+00
3.643219470977783203e+00
2.394765377044677734e+00
4.260710239410400391e+00
2.927667140960693359e+00
2.998617887496948242e+00
3.056289196014404297e+00
2.782746791839599609e+00
3.699339866638183594e+00
2.423232078552246094e+00
4.659994125366210938e+00
2.368147373199462891e+00
4.232413291931152344e+00
2.697512149810791016e+00
2.844093799591064453e+00
4.219771385192871094e+00
2.388317108154296875e+00
4.657474517822265625e+00
2.209336280822753906e+00
4.623506546020507812e+00
2.462699413299560547e+00
3.502704381942749023e+00
2.583037853240966797e+00
2.983497619628906250e+00
2.853160142898559570e+00
3.071937561035156250e+00
2.163859367370605469e+00
4.735793590545654297e+00
1.527475833892822266e+00
2.904603719711303711e+00
2.983218431472778320e+00
2.429072141647338867e+00
3.540709018707275391e+00
2.851768016815185547e+00
3.933089971542358398e+00
1.542242288589477539e+00
4.586378097534179688e+00
2.489426612854003906e+00
3.919104814529418945e+00
2.617960929870605469e+00
3.692995309829711914e+00
2.327794313430786133e+00
6.794099807739257812e+00
3.167604446411132812e+00
3.510160446166992188e+00
2.820160150527954102e+00
4.098072052001953125e+00
1.828467369079589844e+00
4.302784919738769531e+00
2.085388660430908203e+00
5.159134387969970703e+00
2.411752462387084961e+00
3.768908023834228516e+00
3.581757783889770508e+00
2.219597339630126953e+00
3.991392612457275391e+00
2.812159061431884766e+00
1.399232149124145508e+00
3.588782310485839844e+00
1.488801479339599609e+00
3.106430053710937500e+00
1.288203835487365723e+00
5.157740592956542969e+00
9.821693897247314453e-01
5.335272789001464844e+00
5.611430406570434570e-01
5.542959213256835938e+00
2.224942684173583984e+00
3.144611835479736328e+00
2.745884180068969727e+00
2.254685163497924805e+00
3.551506996154785156e+00
2.474323272705078125e+00
3.502436637878417969e+00
2.595954656600952148e+00
4.385126113891601562e+00
1.187529325485229492e+00
5.848685741424560547e+00
2.654101610183715820e+00
2.400992631912231445e+00
3.664577484130859375e+00
1.959748268127441406e+00
3.443477869033813477e+00
3.953768253326416016e+00
1.761175036430358887e+00
3.953721046447753906e+00
2.904948949813842773e+00
3.541252136230468750e+00
2.522891521453857422e+00
3.798027992248535156e+00
2.223775863647460938e+00
3.529889583587646484e+00
2.432230949401855469e+00
3.676177978515625000e+00
3.122463464736938477e+00
3.392732143402099609e+00
3.068380117416381836e+00
2.805358409881591797e+00
4.423125267028808594e+00
2.243437051773071289e+00
3.738263845443725586e+00
3.530901432037353516e+00
2.812267065048217773e+00
2.607653617858886719e+00
3.605950355529785156e+00
1.817979574203491211e+00
4.757280349731445312e+00
1.901996612548828125e+00
3.039424419403076172e+00
3.646494150161743164e+00
2.907736301422119141e+00
3.569525241851806641e+00
3.163939714431762695e+00
5.248587608337402344e+00
3.811043262481689453e+00
4.712327003479003906e+00
2.265572071075439453e+00
4.053917407989501953e+00
3.973680973052978516e+00
2.246407508850097656e+00
3.831758737564086914e+00
2.970779418945312500e+00
2.960745334625244141e+00
2.943426847457885742e+00
2.885446071624755859e+00
2.871724843978881836e+00
3.404484033584594727e+00
5.392622947692871094e+00
1.502896785736083984e+00
3.282320022583007812e+00
8.921571373939514160e-01
5.026110172271728516e+00
3.027041256427764893e-01
4.266730308532714844e+00
2.241982460021972656e+00
2.826631069183349609e+00
3.341322422027587891e+00
2.719532012939453125e+00
2.721792221069335938e+00
3.048650026321411133e+00
2.307880401611328125e+00
3.786483049392700195e+00
1.973129987716674805e+00
2.809323549270629883e+00
3.941723346710205078e+00
2.350153923034667969e+00
2.717204570770263672e+00
2.929324150085449219e+00
2.005990028381347656e+00
3.850305318832397461e+00
1.814192533493041992e+00
3.293735265731811523e+00
2.209697723388671875e+00
3.626384019851684570e+00
1.441599965095520020e+00
4.171211242675781250e+00
1.191244125366210938e+00
3.935400009155273438e+00
1.164162635803222656e+00
4.241694450378417969e+00
1.124085187911987305e+00
3.686532497406005859e+00
2.285774946212768555e+00
2.658495426177978516e+00
3.282797574996948242e+00
1.780260086059570312e+00
3.653838634490966797e+00
2.364290475845336914e+00
2.637848138809204102e+00
2.850411891937255859e+00
2.221575975418090820e+00
4.378352642059326172e+00
1.979645252227783203e+00
4.107054710388183594e+00
1.637740015983581543e+00
4.050333976745605469e+00
1.881659984588623047e+00
3.339748859405517578e+00
2.586517810821533203e+00
3.593765735626220703e+00
1.977195024490356445e+00
3.685967922210693359e+00
2.353212356567382812e+00
3.246437788009643555e+00
2.531450748443603516e+00
3.512279510498046875e+00
1.760689020156860352e+00
3.478260040283203125e+00
1.310742855072021484e+00
3.214660406112670898e+00
1.711249589920043945e+00
2.643089294433593750e+00
1.907776355743408203e+00
2.810117244720458984e+00
2.419887542724609375e+00
2.782156944274902344e+00
2.627373218536376953e+00
3.126643180847167969e+00
2.925375938415527344e+00
3.178023815155029297e+00
2.263330459594726562e+00
2.572384834289550781e+00
2.395828247070312500e+00
4.336675643920898438e+00
2.168097734451293945e+00
2.742460012435913086e+00
3.144710063934326172e+00
1.563144207000732422e+00
4.056504249572753906e+00
2.336392402648925781e+00
2.966194629669189453e+00
2.516624927520751953e+00
2.268124580383300781e+00
3.395485877990722656e+00
2.549722909927368164e+00
3.335751056671142578e+00
2.066527366638183594e+00
4.005417823791503906e+00
2.530120372772216797e+00
5.381070613861083984e+00
2.799756288528442383e+00
4.633307456970214844e+00
3.169115304946899414e+00
3.595882177352905273e+00
3.048734664916992188e+00
2.425291538238525391e+00
3.931931734085083008e+00
1.109653234481811523e+00
4.847646713256835938e+00
2.625915527343750000e+00
2.661776781082153320e+00
3.493795871734619141e+00
2.880890369415283203e+00
3.930345058441162109e+00
2.838779926300048828e+00
2.652978420257568359e+00
3.995900630950927734e+00
2.365255117416381836e+00
3.588235855102539062e+00
1.773311138153076172e+00
4.403719425201416016e+00
2.095915317535400391e+00
3.919213771820068359e+00
2.761469364166259766e+00
3.332201957702636719e+00
2.524315357208251953e+00
3.469022274017333984e+00
2.068356990814208984e+00
4.740185737609863281e+00
1.119164347648620605e+00
4.338751792907714844e+00
2.881426334381103516e+00
2.827185869216918945e+00
3.384028673171997070e+00
3.701040267944335938e+00
2.752089023590087891e+00
3.304055213928222656e+00
2.909780025482177734e+00
3.363462924957275391e+00
3.063519001007080078e+00
2.464864253997802734e+00
3.318696975708007812e+00
1.601081609725952148e+00
4.141663551330566406e+00
1.379616260528564453e+00
3.602248191833496094e+00
2.084425687789916992e+00
3.609309673309326172e+00
2.268178462982177734e+00
3.182150363922119141e+00
2.977979183197021484e+00
2.439245700836181641e+00
5.355023384094238281e+00
1.446564555168151855e+00
4.610432624816894531e+00
2.586175203323364258e+00
4.288133621215820312e+00
2.628037929534912109e+00
3.177366733551025391e+00
3.259819984436035156e+00
3.155330657958984375e+00
2.890707254409790039e+00
4.513075828552246094e+00
1.901738882064819336e+00
5.699251174926757812e+00
1.423626065254211426e+00
4.923228740692138672e+00
1.901410102844238281e+00
4.281708717346191406e+00
2.653203010559082031e+00
3.210501670837402344e+00
2.345750331878662109e+00
3.168810844421386719e+00
3.295819997787475586e+00
2.072053432464599609e+00
5.163142204284667969e+00
1.038879752159118652e+00
4.976968765258789062e+00
1.641321182250976562e+00
3.078894138336181641e+00
3.367611169815063477e+00
2.272178173065185547e+00
3.342604637145996094e+00
2.505549907684326172e+00
2.412665843963623047e+00
2.976865768432617188e+00
3.002652883529663086e+00
2.010608911514282227e+00
4.484389305114746094e+00
1.567542791366577148e+00
4.969124317169189453e+00
1.751133203506469727e+00
4.040125370025634766e+00
1.699954867362976074e+00
3.394937276840209961e+00
2.072081327438354492e+00
4.170547485351562500e+00
1.325944900512695312e+00
4.804782390594482422e+00
1.423285007476806641e+00
4.256045341491699219e+00
2.694228649139404297e+00
2.231551647186279297e+00
3.418058872222900391e+00
1.958231210708618164e+00
4.967320442199707031e+00
1.341235756874084473e+00
4.337804794311523438e+00
2.270265102386474609e+00
2.574771165847778320e+00
3.381963014602661133e+00
2.479936122894287109e+00
3.291272401809692383e+00
2.102154731750488281e+00
3.520959854125976562e+00
2.413283348083496094e+00
4.157039642333984375e+00
1.592545866966247559e+00
4.019831657409667969e+00
2.660451889038085938e+00
2.501194715499877930e+00
4.482301712036132812e+00
2.139568567276000977e+00
4.074437618255615234e+00
1.981802701950073242e+00
2.807113170623779297e+00
2.310286998748779297e+00
3.170312643051147461e+00
3.028769254684448242e+00
2.992232322692871094e+00
2.581703901290893555e+00
3.504179000854492188e+00
3.363172054290771484e+00
2.332796096801757812e+00
4.803759574890136719e+00
2.735965728759765625e+00
2.240062952041625977e+00
3.669568061828613281e+00
2.157637119293212891e+00
4.310178279876708984e+00
2.023633003234863281e+00
3.417673349380493164e+00
3.386144638061523438e+00
2.679041624069213867e+00
3.776437759399414062e+00
2.647140502929687500e+00
4.397367000579833984e+00
3.648994684219360352e+00
2.820597648620605469e+00
4.803032398223876953e+00
1.316424012184143066e+00
4.741427421569824219e+00
4.843941926956176758e-01
6.311714172363281250e+00
4.503389835357666016e+00
1.327760934829711914e+00
4.621740818023681641e+00
1.709771871566772461e+00
3.412200689315795898e+00
2.294530153274536133e+00
4.406212806701660156e+00
1.329366922378540039e+00
4.272109031677246094e+00
2.040997982025146484e+00
3.687501668930053711e+00
3.504075765609741211e+00
2.705774784088134766e+00
3.287511825561523438e+00
3.007375478744506836e+00
3.305384159088134766e+00
3.139223098754882812e+00
3.685298681259155273e+00
2.081698656082153320e+00
4.716897487640380859e+00
4.215661525726318359e+00
2.788902759552001953e+00
4.868466377258300781e+00
2.452222108840942383e+00
4.234561920166015625e+00
2.377024173736572266e+00
4.912197113037109375e+00
1.016105413436889648e+00
5.958968162536621094e+00
2.386316776275634766e+00
2.427979469299316406e+00
4.199271202087402344e+00
1.397433161735534668e+00
4.410203456878662109e+00
2.525137901306152344e+00
3.918768405914306641e+00
2.652894496917724609e+00
3.025252819061279297e+00
3.466390132904052734e+00
2.061247825622558594e+00
3.474243164062500000e+00
3.101644992828369141e+00
3.084426403045654297e+00
3.674846172332763672e+00
2.140191793441772461e+00
3.060200691223144531e+00
3.072611808776855469e+00
2.938652515411376953e+00
2.708183050155639648e+00
3.260619163513183594e+00
2.690269470214843750e+00
3.291859626770019531e+00
2.560015201568603516e+00
3.014691352844238281e+00
3.588821411132812500e+00
1.932883739471435547e+00
5.442556381225585938e+00
7.290503978729248047e-01
5.370741844177246094e+00
2.457724094390869141e+00
3.058788299560546875e+00
3.069751024246215820e+00
3.529530048370361328e+00
1.924571275711059570e+00
4.445261478424072266e+00
2.319800853729248047e+00
3.739344596862792969e+00
3.511831998825073242e+00
2.381691694259643555e+00
3.480261087417602539e+00
2.154763460159301758e+00
4.003283977508544922e+00
1.889061212539672852e+00
4.903873443603515625e+00
9.414486885070800781e-01
4.195030212402343750e+00
1.725213050842285156e+00
3.619055509567260742e+00
2.098768234252929688e+00
3.073410987854003906e+00
2.832769870758056641e+00
2.582545995712280273e+00
3.254729032516479492e+00
1.407012462615966797e+00
4.903083801269531250e+00
1.841258525848388672e+00
3.120638608932495117e+00
2.685686111450195312e+00
4.210645675659179688e+00
1.864729046821594238e+00
3.168020248413085938e+00
4.444017410278320312e+00
2.122033834457397461e+00
3.584663867950439453e+00
2.879425525665283203e+00
2.774133682250976562e+00
3.143687725067138672e+00
2.504879951477050781e+00
3.330457925796508789e+00
1.798849821090698242e+00
4.342728614807128906e+00
1.977836608886718750e+00
3.753572463989257812e+00
1.665214061737060547e+00
3.966664552688598633e+00
3.102025032043457031e+00
1.982537031173706055e+00
3.220102310180664062e+00
3.355823516845703125e+00
1.875860333442687988e+00
2.845821380615234375e+00
1.571397662162780762e+00
3.626171112060546875e+00
1.761864185333251953e+00
3.438119888305664062e+00
2.177923202514648438e+00
3.593208551406860352e+00
2.329732894897460938e+00
2.297165632247924805e+00
5.109086036682128906e+00
7.382731437683105469e-01
3.113379478454589844e+00
1.205367326736450195e+00
3.624011754989624023e+00
3.186546325683593750e+00
4.054498195648193359e+00
1.339697360992431641e+00
5.349623680114746094e+00
1.819700241088867188e+00
1.965537428855895996e+00
3.201841354370117188e+00
1.539050340652465820e+00
3.586715221405029297e+00
1.881738424301147461e+00
2.793798446655273438e+00
2.237935066223144531e+00
2.886072635650634766e+00
2.671414375305175781e+00
3.694600105285644531e+00
1.814917564392089844e+00
3.614824533462524414e+00
3.284356117248535156e+00
2.869123697280883789e+00
4.216944694519042969e+00
2.102634906768798828e+00
3.530500650405883789e+00
2.682171583175659180e+00
2.680238723754882812e+00
3.464502096176147461e+00
2.867654085159301758e+00
2.595767974853515625e+00
3.666906118392944336e+00
2.610075473785400391e+00
2.676336765289306641e+00
3.281443595886230469e+00
2.585708141326904297e+00
2.489009141921997070e+00
2.350792884826660156e+00
5.614126205444335938e+00
2.590703487396240234e+00
3.960979938507080078e+00
2.951677322387695312e+00
2.742204427719116211e+00
2.901286125183105469e+00
4.218314170837402344e+00
1.212626457214355469e+00
4.974792480468750000e+00
1.501423835754394531e+00
3.858779430389404297e+00
2.751904010772705078e+00
4.079848766326904297e+00
2.309829950332641602e+00
4.411978721618652344e+00
2.172352313995361328e+00
2.991093158721923828e+00
3.658435106277465820e+00
1.147426366806030273e+00
4.957973480224609375e+00
1.774443626403808594e+00
3.215741634368896484e+00
4.052004814147949219e+00
2.252761363983154297e+00
2.851600408554077148e+00
3.149148225784301758e+00
2.717740058898925781e+00
2.526798725128173828e+00
3.556168556213378906e+00
1.922403573989868164e+00
3.608958959579467773e+00
2.828551292419433594e+00
4.677546024322509766e+00
6.858820915222167969e-01
4.988193511962890625e+00
7.864460945129394531e-01
3.357189655303955078e+00
2.564775466918945312e+00
2.333369731903076172e+00
2.674962997436523438e+00
2.540334224700927734e+00
2.463464260101318359e+00
3.662751436233520508e+00
2.436734676361083984e+00
2.497528076171875000e+00
3.298287630081176758e+00
2.368942260742187500e+00
3.276171922683715820e+00
2.323039531707763672e+00
4.169897079467773438e+00
2.493099689483642578e+00
2.734406948089599609e+00
3.156619071960449219e+00
2.561692714691162109e+00
3.625529527664184570e+00
3.400129079818725586e+00
3.626082420349121094e+00
1.617085576057434082e+00
4.166632175445556641e+00
1.658033967018127441e+00
5.544450759887695312e+00
5.410145521163940430e-01
4.721379280090332031e+00
2.407155513763427734e+00
2.821012496948242188e+00
4.330782413482666016e+00
1.627696752548217773e+00
4.275074958801269531e+00
1.866502165794372559e+00
4.917955398559570312e+00
1.842734575271606445e+00
3.740890502929687500e+00
2.077406883239746094e+00
3.844636917114257812e+00
2.402769327163696289e+00
3.413215637207031250e+00
2.828222036361694336e+00
2.379213333129882812e+00
3.624305963516235352e+00
2.805666446685791016e+00
3.394136428833007812e+00
2.602491140365600586e+00
3.466575622558593750e+00
1.844181776046752930e+00
4.386161804199218750e+00
2.414047718048095703e+00
3.338783740997314453e+00
3.699767589569091797e+00
2.609373807907104492e+00
3.548346519470214844e+00
2.164406776428222656e+00
2.900558948516845703e+00
2.812027931213378906e+00
3.099624872207641602e+00
2.486328601837158203e+00
3.421363353729248047e+00
3.074258089065551758e+00
3.234461784362792969e+00
2.218071460723876953e+00
5.142350196838378906e+00
1.298711776733398438e+00
5.479302883148193359e+00
2.711771249771118164e+00
3.025542259216308594e+00
3.453659057617187500e+00
2.186238050460815430e+00
3.794283151626586914e+00
2.144226551055908203e+00
4.246604442596435547e+00
1.159350872039794922e+00
5.186897754669189453e+00
1.799976348876953125e+00
3.049822330474853516e+00
4.068935394287109375e+00
1.322250604629516602e+00
4.419846534729003906e+00
2.948756456375122070e+00
2.298216581344604492e+00
2.917656898498535156e+00
2.782867193222045898e+00
2.449378013610839844e+00
3.509048700332641602e+00
1.626193761825561523e+00
4.006504058837890625e+00
3.109497785568237305e+00
1.988919734954833984e+00
4.863692283630371094e+00
2.276932954788208008e+00
2.193414688110351562e+00
3.767068862915039062e+00
2.143105983734130859e+00
3.080096483230590820e+00
2.248287200927734375e+00
3.099930763244628906e+00
2.908321857452392578e+00
2.396000385284423828e+00
3.159707069396972656e+00
2.681121349334716797e+00
2.747837066650390625e+00
2.730463504791259766e+00
3.789067506790161133e+00
1.673707127571105957e+00
3.747119426727294922e+00
2.470423460006713867e+00
3.252059936523437500e+00
2.886481046676635742e+00
2.204935312271118164e+00
3.975046873092651367e+00
2.169720888137817383e+00
4.485232830047607422e+00
2.026132106781005859e+00
3.412293195724487305e+00
2.826426982879638672e+00
2.521371364593505859e+00
2.278712749481201172e+00
4.348505020141601562e+00
1.391272544860839844e+00
5.319515228271484375e+00
1.519752025604248047e+00
5.237502098083496094e+00
1.197903871536254883e+00
3.830681324005126953e+00
3.437116146087646484e+00
2.557860851287841797e+00
3.635420799255371094e+00
2.635890483856201172e+00
3.573468208312988281e+00
2.425602436065673828e+00
3.440444231033325195e+00
2.555821895599365234e+00
3.290436983108520508e+00
3.228146076202392578e+00
2.042933225631713867e+00
5.367376327514648438e+00
1.498334050178527832e+00
4.171275138854980469e+00
1.614072799682617188e+00
3.418980121612548828e+00
1.786307334899902344e+00
3.622203350067138672e+00
2.151312351226806641e+00
3.647856712341308594e+00
2.352655649185180664e+00
4.712067127227783203e+00
9.449036121368408203e-01
4.880065441131591797e+00
2.582589149475097656e+00
2.380063056945800781e+00
3.676571846008300781e+00
2.161713123321533203e+00
3.345682144165039062e+00
2.451321125030517578e+00
2.398442268371582031e+00
3.611855506896972656e+00
2.744601249694824219e+00
2.460919141769409180e+00
2.876257181167602539e+00
4.022160530090332031e+00
2.235865354537963867e+00
3.250548362731933594e+00
1.926885128021240234e+00
3.113159656524658203e+00
2.738892555236816406e+00
3.373712539672851562e+00
2.081070423126220703e+00
2.995578289031982422e+00
2.414714813232421875e+00
4.098656654357910156e+00
1.322029590606689453e+00
3.569777965545654297e+00
2.229338645935058594e+00
3.118607521057128906e+00
2.452928543090820312e+00
2.408366918563842773e+00
3.722039222717285156e+00
1.679714083671569824e+00
5.106979370117187500e+00
3.276546001434326172e+00
2.237413167953491211e+00
3.748909950256347656e+00
2.536963462829589844e+00
2.394042015075683594e+00
4.261736869812011719e+00
1.469352006912231445e+00
3.847316980361938477e+00
3.297607660293579102e+00
1.588586568832397461e+00
5.561180114746093750e+00
8.116927146911621094e-01
6.161914348602294922e+00
5.119730830192565918e-01
3.750106811523437500e+00
2.157311201095581055e+00
2.703446388244628906e+00
3.091690540313720703e+00
2.837727069854736328e+00
4.421642303466796875e+00
2.022190093994140625e+00
3.188555955886840820e+00
3.487525463104248047e+00
2.852070808410644531e+00
2.759828567504882812e+00
2.632473945617675781e+00
4.191241264343261719e+00
1.841028690338134766e+00
4.084048271179199219e+00
2.748179912567138672e+00
4.140637874603271484e+00
3.534787654876708984e+00
6.665309906005859375e+00
1.543192028999328613e+00
6.277422904968261719e+00
6.482162475585937500e-01
2.924253463745117188e+00
2.904076576232910156e+00
2.343309402465820312e+00
3.588377952575683594e+00
1.998067975044250488e+00
3.805170297622680664e+00
1.974392652511596680e+00
2.927748203277587891e+00
1.926834106445312500e+00
2.890880107879638672e+00
3.470678329467773438e+00
1.555042862892150879e+00
3.709230899810791016e+00
1.813871383666992188e+00
2.553383827209472656e+00
3.231028318405151367e+00
2.106049299240112305e+00
3.108836650848388672e+00
2.603564500808715820e+00
2.588276147842407227e+00
2.581442117691040039e+00
2.524691820144653320e+00
2.450480461120605469e+00
2.831370830535888672e+00
2.933543920516967773e+00
2.993184566497802734e+00
1.827213525772094727e+00
4.351391792297363281e+00
1.322059154510498047e+00
3.987124919891357422e+00
1.507606983184814453e+00
4.039067268371582031e+00
2.496912479400634766e+00
3.003418922424316406e+00
2.576318740844726562e+00
3.138713359832763672e+00
2.692938804626464844e+00
2.319036483764648438e+00
3.692681312561035156e+00
2.476240158081054688e+00
3.032049179077148438e+00
2.708555221557617188e+00
2.873875617980957031e+00
3.180887222290039062e+00
2.936341285705566406e+00
2.847441911697387695e+00
3.251087427139282227e+00
1.978961825370788574e+00
4.938328742980957031e+00
1.881490945816040039e+00
3.391852617263793945e+00
3.480584859848022461e+00
2.719346046447753906e+00
2.641057968139648438e+00
2.344836950302124023e+00
2.380828619003295898e+00
2.790600776672363281e+00
2.778950929641723633e+00
2.890052318572998047e+00
2.236738204956054688e+00
2.913619041442871094e+00
3.341822385787963867e+00
1.697149991989135742e+00
4.073248863220214844e+00
2.302412748336791992e+00
2.486142635345458984e+00
4.249065399169921875e+00
2.170005321502685547e+00
3.479899883270263672e+00
2.861476898193359375e+00
3.189984321594238281e+00
4.201585769653320312e+00
1.674372434616088867e+00
6.065452098846435547e+00
1.508354425430297852e+00
3.820448875427246094e+00
2.953749418258666992e+00
3.058646440505981445e+00
2.854754924774169922e+00
2.649879455566406250e+00
2.134915351867675781e+00
3.561379194259643555e+00
2.976848602294921875e+00
2.225297451019287109e+00
4.403074264526367188e+00
2.747057437896728516e+00
3.073330640792846680e+00
3.332170724868774414e+00
2.472704410552978516e+00
4.015046596527099609e+00
1.771797180175781250e+00
2.990234613418579102e+00
1.868177056312561035e+00
4.746887207031250000e+00
1.346733331680297852e+00
4.590986251831054688e+00
1.848196506500244141e+00
3.261641025543212891e+00
2.433147430419921875e+00
2.759135484695434570e+00
3.147296428680419922e+00
2.699703693389892578e+00
2.390884876251220703e+00
3.166054964065551758e+00
1.776179909706115723e+00
3.974629402160644531e+00
9.925978183746337891e-01
4.594873428344726562e+00
1.099089145660400391e+00
4.302843093872070312e+00
3.311632394790649414e+00
2.128135681152343750e+00
3.159969329833984375e+00
1.756929159164428711e+00
3.697207450866699219e+00
1.899574279785156250e+00
3.182381391525268555e+00
2.435966491699218750e+00
3.111245393753051758e+00
2.605875492095947266e+00
2.525654315948486328e+00
3.032586097717285156e+00
2.526404380798339844e+00
2.303628444671630859e+00
2.469706058502197266e+00
3.164265871047973633e+00
2.208978414535522461e+00
3.985885143280029297e+00
1.809203863143920898e+00
3.419726848602294922e+00
3.094169616699218750e+00
3.965896844863891602e+00
3.017875194549560547e+00
1.750509619712829590e+00
3.879271030426025391e+00
2.095746040344238281e+00
3.643096208572387695e+00
2.382021665573120117e+00
3.160403251647949219e+00
2.136745929718017578e+00
3.457821369171142578e+00
3.171247005462646484e+00
2.326993942260742188e+00
3.203090429306030273e+00
3.865788698196411133e+00
2.360502719879150391e+00
3.666118860244750977e+00
2.367585182189941406e+00
3.834996700286865234e+00
2.275814533233642578e+00
3.762693405151367188e+00
1.972601056098937988e+00
6.242300987243652344e+00
1.592337489128112793e+00
4.525783538818359375e+00
2.554308891296386719e+00
3.393866062164306641e+00
2.657337665557861328e+00
2.648038387298583984e+00
2.971531867980957031e+00
3.025755405426025391e+00
2.974678277969360352e+00
3.771035194396972656e+00
2.265743732452392578e+00
3.482246875762939453e+00
2.645959377288818359e+00
3.379590988159179688e+00
2.713757514953613281e+00
2.557655334472656250e+00
3.028346061706542969e+00
2.869767427444458008e+00
3.312340974807739258e+00
1.996251821517944336e+00
5.308296203613281250e+00
7.013028860092163086e-01
5.974690914154052734e+00
6.682293415069580078e-01
3.458280801773071289e+00
2.214568614959716797e+00
2.222167730331420898e+00
3.168041706085205078e+00
1.462942957878112793e+00
3.676600456237792969e+00
1.933905720710754395e+00
3.744197845458984375e+00
2.839514732360839844e+00
2.462097406387329102e+00
4.994609355926513672e+00
2.185629606246948242e+00
3.880022048950195312e+00
3.391240596771240234e+00
3.208421945571899414e+00
2.822409868240356445e+00
3.470950365066528320e+00
1.970681667327880859e+00
4.242745876312255859e+00
1.867796659469604492e+00
4.235683917999267578e+00
1.986638307571411133e+00
3.882304668426513672e+00
2.055814266204833984e+00
3.726271152496337891e+00
2.544390201568603516e+00
3.095589160919189453e+00
2.643012046813964844e+00
3.813526153564453125e+00
2.439561843872070312e+00
3.053848505020141602e+00
2.711772680282592773e+00
1.852778434753417969e+00
3.891439199447631836e+00
1.541453599929809570e+00
3.638249397277832031e+00
2.854941129684448242e+00
2.215682268142700195e+00
3.048196554183959961e+00
1.829864263534545898e+00
3.695178747177124023e+00
3.216689348220825195e+00
2.778072834014892578e+00
3.260366439819335938e+00
2.302127838134765625e+00
3.898252010345458984e+00
2.045718193054199219e+00
4.246555328369140625e+00
1.154059052467346191e+00
4.515272140502929688e+00
6.075868606567382812e-01
4.972645759582519531e+00
1.960991978645324707e+00
2.671042442321777344e+00
2.015590667724609375e+00
3.180052042007446289e+00
2.266571998596191406e+00
3.382394313812255859e+00
1.288830757141113281e+00
4.023129940032958984e+00
1.407709836959838867e+00
3.447144031524658203e+00
3.316648960113525391e+00
1.612979173660278320e+00
4.339262008666992188e+00
2.843772411346435547e+00
2.289560317993164062e+00
3.562784671783447266e+00
2.196727275848388672e+00
4.493901729583740234e+00
1.357531189918518066e+00
4.517279624938964844e+00
2.476874351501464844e+00
3.542517185211181641e+00
2.554485321044921875e+00
3.599803447723388672e+00
2.400899171829223633e+00
4.030371665954589844e+00
1.280371189117431641e+00
4.481242179870605469e+00
2.200990676879882812e+00
3.251597404479980469e+00
1.529552459716796875e+00
4.400453567504882812e+00
1.521307706832885742e+00
4.778373718261718750e+00
1.354781270027160645e+00
4.891976356506347656e+00
1.565520405769348145e+00
4.818804740905761719e+00
2.702982902526855469e+00
2.740106821060180664e+00
3.785552024841308594e+00
2.414372682571411133e+00
3.373192310333251953e+00
2.747521400451660156e+00
2.668328285217285156e+00
2.964387893676757812e+00
2.819754123687744141e+00
2.863499641418457031e+00
2.544149398803710938e+00
4.006962299346923828e+00
2.699074983596801758e+00
2.334353685379028320e+00
3.283421754837036133e+00
1.567178130149841309e+00
5.073509693145751953e+00
9.959928989410400391e-01
4.719303131103515625e+00
9.417312145233154297e-01
4.962666511535644531e+00
1.118023753166198730e+00
3.738487720489501953e+00
2.323297500610351562e+00
3.271716356277465820e+00
2.106119632720947266e+00
3.520807504653930664e+00
1.434498667716979980e+00
4.109808921813964844e+00
2.715823650360107422e+00
2.006524562835693359e+00
4.029630661010742188e+00
1.725743055343627930e+00
3.357776641845703125e+00
2.304114818572998047e+00
2.689070224761962891e+00
2.728110313415527344e+00
1.978526830673217773e+00
3.397336959838867188e+00
2.351020812988281250e+00
2.580804347991943359e+00
2.699339866638183594e+00
2.803446531295776367e+00
1.728401899337768555e+00
4.140348434448242188e+00
2.309753417968750000e+00
2.278582811355590820e+00
3.449496746063232422e+00
2.453159332275390625e+00
3.347689151763916016e+00
2.626435041427612305e+00
2.957125425338745117e+00
4.411400794982910156e+00
1.689349174499511719e+00
4.853129386901855469e+00
2.002753734588623047e+00
3.097954273223876953e+00
2.723154544830322266e+00
3.517359495162963867e+00
2.882426261901855469e+00
2.814680576324462891e+00
2.315807104110717773e+00
4.909905433654785156e+00
2.716578960418701172e+00
2.852877378463745117e+00
3.331843137741088867e+00
2.430917263031005859e+00
3.395689010620117188e+00
2.778598546981811523e+00
2.398989200592041016e+00
3.123276233673095703e+00
2.603929042816162109e+00
2.260620117187500000e+00
3.543242931365966797e+00
2.856480598449707031e+00
3.466229438781738281e+00
2.435778379440307617e+00
2.900071144104003906e+00
3.146191120147705078e+00
2.234382152557373047e+00
3.216845035552978516e+00
3.610210895538330078e+00
1.482071161270141602e+00
4.546255111694335938e+00
3.348209619522094727e+00
1.793970823287963867e+00
4.810504913330078125e+00
1.837313175201416016e+00
3.288202285766601562e+00
2.186685085296630859e+00
3.578949928283691406e+00
1.891316056251525879e+00
3.870334625244140625e+00
2.215643882751464844e+00
2.945050477981567383e+00
2.511361360549926758e+00
4.102060317993164062e+00
1.642670869827270508e+00
4.392549514770507812e+00
1.191677331924438477e+00
4.992937088012695312e+00
4.303591847419738770e-01
4.478431701660156250e+00
7.254580855369567871e-01
4.699072837829589844e+00
1.504621982574462891e+00
3.260173320770263672e+00
3.548242568969726562e+00
2.238761901855468750e+00
3.772874116897583008e+00
1.649611711502075195e+00
3.363529443740844727e+00
1.761357069015502930e+00
3.724007606506347656e+00
2.090677261352539062e+00
3.394594430923461914e+00
1.900083065032958984e+00
1.860357522964477539e+00
3.977935314178466797e+00
2.265649557113647461e+00
3.186598539352416992e+00
2.321689605712890625e+00
2.969224929809570312e+00
2.721774339675903320e+00
2.994488239288330078e+00
2.117968559265136719e+00
3.707487583160400391e+00
1.797509193420410156e+00
3.820259094238281250e+00
3.484352111816406250e+00
2.885043859481811523e+00
2.976430416107177734e+00
2.739964008331298828e+00
2.315875768661499023e+00
3.170332908630371094e+00
2.130611896514892578e+00
3.399072408676147461e+00
1.744875907897949219e+00
3.571165323257446289e+00
2.174301147460937500e+00
2.270066022872924805e+00
3.357231378555297852e+00
1.933327078819274902e+00
4.339199066162109375e+00
1.023208498954772949e+00
4.130032539367675781e+00
1.357304453849792480e+00
3.779538631439208984e+00
1.793386578559875488e+00
2.386135578155517578e+00
2.830604791641235352e+00
1.783479690551757812e+00
3.067642211914062500e+00
2.746005535125732422e+00
3.308809041976928711e+00
3.326740741729736328e+00
1.055922389030456543e+00
4.898189544677734375e+00
1.338909149169921875e+00
3.248085021972656250e+00
2.859837532043457031e+00
2.736912965774536133e+00
3.433317661285400391e+00
2.834822177886962891e+00
3.086669206619262695e+00
2.704573631286621094e+00
3.655691146850585938e+00
1.723171472549438477e+00
4.348875522613525391e+00
2.787034511566162109e+00
3.021030426025390625e+00
3.361399412155151367e+00
2.315977096557617188e+00
4.028520107269287109e+00
1.052109241485595703e+00
5.536332130432128906e+00
1.620268344879150391e+00
3.865854024887084961e+00
2.468534708023071289e+00
2.799506187438964844e+00
2.916831016540527344e+00
1.965303897857666016e+00
3.291872978210449219e+00
1.423223972320556641e+00
3.629842996597290039e+00
1.674242258071899414e+00
4.233210563659667969e+00
1.947803020477294922e+00
3.205477714538574219e+00
2.482193708419799805e+00
3.091631650924682617e+00
2.324773788452148438e+00
2.407305717468261719e+00
3.314473152160644531e+00
1.922836542129516602e+00
4.674773216247558594e+00
3.075464725494384766e+00
2.478833675384521484e+00
2.284675836563110352e+00
2.789437294006347656e+00
2.850332260131835938e+00
2.022920608520507812e+00
2.909753561019897461e+00
3.830298423767089844e+00
1.643072843551635742e+00
4.206617832183837891e+00
2.169756889343261719e+00
3.699372291564941406e+00
3.309650421142578125e+00
2.259923934936523438e+00
4.600390911102294922e+00
1.357254981994628906e+00
5.180465698242187500e+00
3.285583257675170898e+00
2.419587612152099609e+00
3.776760816574096680e+00
3.265410423278808594e+00
3.052583694458007812e+00
2.690239429473876953e+00
3.540086269378662109e+00
2.856533050537109375e+00
2.865070104598999023e+00
2.204406738281250000e+00
4.722302913665771484e+00
1.483291625976562500e+00
4.610696792602539062e+00
1.903537392616271973e+00
3.411741256713867188e+00
3.420367002487182617e+00
2.059201478958129883e+00
4.694588661193847656e+00
1.390861749649047852e+00
3.849086761474609375e+00
1.284820795059204102e+00
3.600858449935913086e+00
3.363584280014038086e+00
1.560382127761840820e+00
4.281140327453613281e+00
9.300833940505981445e-01
4.345039844512939453e+00
1.850662350654602051e+00
3.407773733139038086e+00
2.350778818130493164e+00
2.365732669830322266e+00
3.062190771102905273e+00
7.420438528060913086e-01
4.107931137084960938e+00
2.342543125152587891e+00
2.094233989715576172e+00
3.187175750732421875e+00
2.917596340179443359e+00
3.511475086212158203e+00
2.169485569000244141e+00
2.801685333251953125e+00
2.764818191528320312e+00
3.128376007080078125e+00
2.313377380371093750e+00
2.890960693359375000e+00
2.836786031723022461e+00
3.448740005493164062e+00
2.386969089508056641e+00
3.783566951751708984e+00
2.871113538742065430e+00
2.185851097106933594e+00
4.224494934082031250e+00
3.336250305175781250e+00
2.067349433898925781e+00
5.167711257934570312e+00
1.942439556121826172e+00
2.856016635894775391e+00
4.297670364379882812e+00
1.872909307479858398e+00
4.441964149475097656e+00
2.431259155273437500e+00
4.228677749633789062e+00
1.606992959976196289e+00
4.921396255493164062e+00
1.323423624038696289e+00
3.315700531005859375e+00
2.278388977050781250e+00
2.261628150939941406e+00
3.203961372375488281e+00
2.121983528137207031e+00
3.597661495208740234e+00
1.805259227752685547e+00
5.031873226165771484e+00
1.880094051361083984e+00
4.446833610534667969e+00
2.339007854461669922e+00
3.984407424926757812e+00
2.277236938476562500e+00
4.046287536621093750e+00
1.322424650192260742e+00
4.905047416687011719e+00
1.751174569129943848e+00
3.357348203659057617e+00
2.393187046051025391e+00
3.060460090637207031e+00
2.764997959136962891e+00
2.195823669433593750e+00
2.958414793014526367e+00
2.973762750625610352e+00
1.923196673393249512e+00
4.042743206024169922e+00
1.821015357971191406e+00
3.642238378524780273e+00
2.043925762176513672e+00
3.418076276779174805e+00
2.097623348236083984e+00
2.631244182586669922e+00
2.665713310241699219e+00
2.867081165313720703e+00
3.186196804046630859e+00
2.737140178680419922e+00
4.211016654968261719e+00
1.652511358261108398e+00
4.416183948516845703e+00
1.977360248565673828e+00
3.755572795867919922e+00
2.399573802947998047e+00
3.138237953186035156e+00
2.938108444213867188e+00
2.185078382492065430e+00
3.187407493591308594e+00
2.736826658248901367e+00
3.019697904586791992e+00
3.968239307403564453e+00
2.567244052886962891e+00
2.353249788284301758e+00
3.501324653625488281e+00
1.957452535629272461e+00
4.860609054565429688e+00
1.153366565704345703e+00
3.935068607330322266e+00
8.920409083366394043e-01
3.486625432968139648e+00
2.221592903137207031e+00
2.041171073913574219e+00
3.088485717773437500e+00
2.353205680847167969e+00
4.388444423675537109e+00
1.064023017883300781e+00
4.711554050445556641e+00
3.342084407806396484e+00
1.905677199363708496e+00
3.805660486221313477e+00
1.891670227050781250e+00
3.712260723114013672e+00
3.245632648468017578e+00
2.056819438934326172e+00
3.353348731994628906e+00
3.067759037017822266e+00
1.812209606170654297e+00
3.718153238296508789e+00
2.019771575927734375e+00
2.446203231811523438e+00
3.566305398941040039e+00
2.666062355041503906e+00
3.083666324615478516e+00
2.245667695999145508e+00
2.341825485229492188e+00
3.018127679824829102e+00
2.729868888854980469e+00
3.456327676773071289e+00
1.090981364250183105e+00
6.220715522766113281e+00
1.544006705284118652e+00
2.111081123352050781e+00
2.646379232406616211e+00
2.136225223541259766e+00
3.140403270721435547e+00
1.237349033355712891e+00
4.287871360778808594e+00
2.001042604446411133e+00
3.655586719512939453e+00
2.635648488998413086e+00
3.524653673171997070e+00
1.978386282920837402e+00
4.324155807495117188e+00
2.176090955734252930e+00
3.113721609115600586e+00
3.466715335845947266e+00
3.113451480865478516e+00
2.799332141876220703e+00
5.499221801757812500e+00
1.667537569999694824e+00
3.356691837310791016e+00
3.391063213348388672e+00
1.845022439956665039e+00
4.250483989715576172e+00
2.114591121673583984e+00
4.019652366638183594e+00
1.839317440986633301e+00
4.739422321319580078e+00
2.233760118484497070e+00
3.123652219772338867e+00
3.615957975387573242e+00
1.903730630874633789e+00
3.984928846359252930e+00
1.968209147453308105e+00
3.765329122543334961e+00
2.454574108123779297e+00
3.886338710784912109e+00
1.567110300064086914e+00
4.978574752807617188e+00
1.548682212829589844e+00
3.407433986663818359e+00
3.367540836334228516e+00
2.731194019317626953e+00
2.053646087646484375e+00
3.417310476303100586e+00
2.651906967163085938e+00
2.537457466125488281e+00
3.182773113250732422e+00
2.049636363983154297e+00
3.236058235168457031e+00
2.433161258697509766e+00
2.901220321655273438e+00
2.694389343261718750e+00
2.484261512756347656e+00
3.163292646408081055e+00
2.241384983062744141e+00
2.495140314102172852e+00
3.210644245147705078e+00
2.654720067977905273e+00
3.529903888702392578e+00
2.203351736068725586e+00
2.984592676162719727e+00
2.340385913848876953e+00
2.826123952865600586e+00
4.442595005035400391e+00
1.275538206100463867e+00
4.341012954711914062e+00
2.497645854949951172e+00
4.468130111694335938e+00
1.820004463195800781e+00
4.358259201049804688e+00
1.971519947052001953e+00
4.355436325073242188e+00
2.253506660461425781e+00
3.466522932052612305e+00
1.233847498893737793e+00
5.426744461059570312e+00
2.128798961639404297e+00
2.880457401275634766e+00
3.106769084930419922e+00
2.965045928955078125e+00
3.513366222381591797e+00
1.907116174697875977e+00
3.866102218627929688e+00
2.266814947128295898e+00
2.365339040756225586e+00
3.065430641174316406e+00
2.592705726623535156e+00
3.905508518218994141e+00
1.392859458923339844e+00
4.924465179443359375e+00
3.336766660213470459e-01
4.464326858520507812e+00
3.294780254364013672e+00
1.851288080215454102e+00
3.846193313598632812e+00
2.400520563125610352e+00
3.523746967315673828e+00
2.213538646697998047e+00
3.902405977249145508e+00
1.601673841476440430e+00
3.865797519683837891e+00
2.348914146423339844e+00
2.728333473205566406e+00
3.673854351043701172e+00
2.100125551223754883e+00
4.367445468902587891e+00
1.747728109359741211e+00
3.748384952545166016e+00
1.344083786010742188e+00
4.172992229461669922e+00
1.637605786323547363e+00
3.606983661651611328e+00
2.231293678283691406e+00
3.114994049072265625e+00
2.261958360671997070e+00
3.612631320953369141e+00
2.501480340957641602e+00
2.663743019104003906e+00
3.965561389923095703e+00
1.028769969940185547e+00
4.764947891235351562e+00
7.085856795310974121e-01
4.685730934143066406e+00
1.642738342285156250e+00
3.341836452484130859e+00
2.865952014923095703e+00
2.730649948120117188e+00
2.692451000213623047e+00
2.970190525054931641e+00
1.507016658782958984e+00
4.305527687072753906e+00
1.083864569664001465e+00
3.487453937530517578e+00
2.870072364807128906e+00
2.986905813217163086e+00
2.897515058517456055e+00
2.069079399108886719e+00
3.416808128356933594e+00
2.597789764404296875e+00
2.213966846466064453e+00
3.105690002441406250e+00
1.514830112457275391e+00
4.037445068359375000e+00
1.674816370010375977e+00
3.592283487319946289e+00
1.495537519454956055e+00
4.065426349639892578e+00
2.779376029968261719e+00
1.775237679481506348e+00
4.496284961700439453e+00
1.265058517456054688e+00
3.639591217041015625e+00
1.853957891464233398e+00
3.356235980987548828e+00
2.363407611846923828e+00
2.876909732818603516e+00
1.402064323425292969e+00
5.064826488494873047e+00
2.042869091033935547e+00
1.893780231475830078e+00
3.225508213043212891e+00
2.337414026260375977e+00
2.675065994262695312e+00
3.893042564392089844e+00
1.778959512710571289e+00
3.717010021209716797e+00
2.774106740951538086e+00
1.874542474746704102e+00
3.261571407318115234e+00
2.435395240783691406e+00
1.533666849136352539e+00
4.516240596771240234e+00
1.743186235427856445e+00
3.195126295089721680e+00
2.495939016342163086e+00
2.526146411895751953e+00
2.141082286834716797e+00
3.653219938278198242e+00
2.022070407867431641e+00
3.550034523010253906e+00
2.393412590026855469e+00
2.804316043853759766e+00
2.382950782775878906e+00
3.003908157348632812e+00
3.053167819976806641e+00
5.851222991943359375e+00
2.100805759429931641e+00
3.566421985626220703e+00
1.118464231491088867e+00
4.454211711883544922e+00
2.499065876007080078e+00
2.593176841735839844e+00
4.382286548614501953e+00
1.131405591964721680e+00
4.241224288940429688e+00
1.458077192306518555e+00
3.936890840530395508e+00
1.973915576934814453e+00
2.568870544433593750e+00
2.396098136901855469e+00
2.607033729553222656e+00
1.844088435173034668e+00
3.917018890380859375e+00
2.153999805450439453e+00
3.279739856719970703e+00
2.809158325195312500e+00
2.044062614440917969e+00
3.180624961853027344e+00
2.152123451232910156e+00
2.385940074920654297e+00
3.356023311614990234e+00
2.181448936462402344e+00
4.117390632629394531e+00
1.673019766807556152e+00
3.663644790649414062e+00
2.745865583419799805e+00
2.177926063537597656e+00
3.628336191177368164e+00
3.029844760894775391e+00
2.161756992340087891e+00
3.724733591079711914e+00
1.424151420593261719e+00
3.841066598892211914e+00
3.103502273559570312e+00
2.711282253265380859e+00
2.584439992904663086e+00
3.322816371917724609e+00
2.415464878082275391e+00
2.842207908630371094e+00
3.345865964889526367e+00
2.288962364196777344e+00
3.129015445709228516e+00
2.396871328353881836e+00
3.479045867919921875e+00
1.681728363037109375e+00
4.282266616821289062e+00
2.800701379776000977e+00
2.745930194854736328e+00
3.301571130752563477e+00
3.199787855148315430e+00
1.990270614624023438e+00
4.874663352966308594e+00
9.012434482574462891e-01
6.129899978637695312e+00
1.261378765106201172e+00
5.465521335601806641e+00
4.701989889144897461e-01
4.250976562500000000e+00
2.747129917144775391e+00
2.425703048706054688e+00
3.242937564849853516e+00
1.944552898406982422e+00
3.413948059082031250e+00
1.998466849327087402e+00
3.511653900146484375e+00
1.110114097595214844e+00
5.034569740295410156e+00
2.396531820297241211e+00
2.576657772064208984e+00
3.238447427749633789e+00
2.408535003662109375e+00
2.674970388412475586e+00
3.034474372863769531e+00
1.814040184020996094e+00
3.723005771636962891e+00
2.040607929229736328e+00
4.125732898712158203e+00
2.870608329772949219e+00
2.090652942657470703e+00
4.262207984924316406e+00
1.865153551101684570e+00
3.752520561218261719e+00
3.019228219985961914e+00
4.820023059844970703e+00
1.909853458404541016e+00
6.009283065795898438e+00
4.793968200683593750e-01
4.811586380004882812e+00
1.177014946937561035e+00
4.715189933776855469e+00
1.547208070755004883e+00
3.228885173797607422e+00
2.822016716003417969e+00
1.591534972190856934e+00
4.110184192657470703e+00
2.541029930114746094e+00
2.326334953308105469e+00
2.467985153198242188e+00
1.933763742446899414e+00
2.879073858261108398e+00
2.888717651367187500e+00
2.196260213851928711e+00
3.537272453308105469e+00
2.303710937500000000e+00
3.191195726394653320e+00
2.412470340728759766e+00
3.211960315704345703e+00
2.943539142608642578e+00
2.614244461059570312e+00
3.127817153930664062e+00
2.795228004455566406e+00
2.546560525894165039e+00
2.826756000518798828e+00
2.439188241958618164e+00
2.830441474914550781e+00
2.616384267807006836e+00
3.235084056854248047e+00
2.299986600875854492e+00
2.230205297470092773e+00
3.561663866043090820e+00
2.682043313980102539e+00
2.351311683654785156e+00
3.351875305175781250e+00
1.720390677452087402e+00
4.011836528778076172e+00
2.013930320739746094e+00
3.348802566528320312e+00
2.416935920715332031e+00
3.607860088348388672e+00
1.621632814407348633e+00
2.819812059402465820e+00
2.668491840362548828e+00
2.689975261688232422e+00
3.018141746520996094e+00
2.555038928985595703e+00
4.758057117462158203e+00
1.326573014259338379e+00
4.211567878723144531e+00
1.881214022636413574e+00
3.192167758941650391e+00
2.895058870315551758e+00
3.081789493560791016e+00
2.024923563003540039e+00
2.964043617248535156e+00
2.248289585113525391e+00
2.750569581985473633e+00
4.054752349853515625e+00
2.048426389694213867e+00
2.429506301879882812e+00
4.032644748687744141e+00
1.526235103607177734e+00
4.724790573120117188e+00
1.421146631240844727e+00
3.895208120346069336e+00
1.802513360977172852e+00
3.727004051208496094e+00
1.709808349609375000e+00
3.924667835235595703e+00
2.215829849243164062e+00
2.516893148422241211e+00
3.245865583419799805e+00
1.765696287155151367e+00
3.514049053192138672e+00
1.910669803619384766e+00
2.683092594146728516e+00
3.567891120910644531e+00
1.647423505783081055e+00
3.189429759979248047e+00
2.563399314880371094e+00
2.629389762878417969e+00
2.786347150802612305e+00
2.541922569274902344e+00
3.043061733245849609e+00
2.109229564666748047e+00
2.961356639862060547e+00
2.456385850906372070e+00
2.613370418548583984e+00
3.203052997589111328e+00
2.706760883331298828e+00
2.738993167877197266e+00
3.390445709228515625e+00
2.313950061798095703e+00
3.704475641250610352e+00
2.230679512023925781e+00
3.723561048507690430e+00
1.461238622665405273e+00
4.529258728027343750e+00
7.043031454086303711e-01
4.805262088775634766e+00
1.375712633132934570e+00
5.047396659851074219e+00
1.711588025093078613e+00
3.183744430541992188e+00
3.037500619888305664e+00
2.489593505859375000e+00
3.801334381103515625e+00
1.746422052383422852e+00
4.241175651550292969e+00
3.086462259292602539e+00
2.438271760940551758e+00
4.052987098693847656e+00
1.602014064788818359e+00
3.931402683258056641e+00
1.614455819129943848e+00
4.766235351562500000e+00
1.798769474029541016e+00
3.269456863403320312e+00
3.405261516571044922e+00
2.736549377441406250e+00
3.050231933593750000e+00
2.692314386367797852e+00
2.030562877655029297e+00
3.420888900756835938e+00
1.631361722946166992e+00
3.607620716094970703e+00
1.934309124946594238e+00
2.654537439346313477e+00
2.754716396331787109e+00
2.332677841186523438e+00
2.548982858657836914e+00
2.719602823257446289e+00
2.534233093261718750e+00
2.619828701019287109e+00
2.709898471832275391e+00
2.784739494323730469e+00
2.829939842224121094e+00
3.092487812042236328e+00
2.296718358993530273e+00
3.743946790695190430e+00
1.771314382553100586e+00
3.940500259399414062e+00
7.935068607330322266e-01
5.048154354095458984e+00
1.766613960266113281e+00
2.941506385803222656e+00
2.639075517654418945e+00
2.362273216247558594e+00
2.495829582214355469e+00
2.565800189971923828e+00
3.307292938232421875e+00
1.988628864288330078e+00
3.573169708251953125e+00
2.058751821517944336e+00
2.966340541839599609e+00
2.551223754882812500e+00
3.314396142959594727e+00
3.121649265289306641e+00
2.837445735931396484e+00
2.607283353805541992e+00
2.668498516082763672e+00
2.584446907043457031e+00
2.194001197814941406e+00
3.373280763626098633e+00
1.601895689964294434e+00
4.041507720947265625e+00
1.617701530456542969e+00
3.693916797637939453e+00
1.696923494338989258e+00
3.418438911437988281e+00
1.666657209396362305e+00
3.739873886108398438e+00
1.721724987030029297e+00
3.093612194061279297e+00
2.070339679718017578e+00
3.253228187561035156e+00
2.324235439300537109e+00
2.797802448272705078e+00
3.349926471710205078e+00
2.322573184967041016e+00
3.928797006607055664e+00
2.295444726943969727e+00
2.517335653305053711e+00
3.969879388809204102e+00
1.464590668678283691e+00
5.428105354309082031e+00
4.510563611984252930e-01
5.010549545288085938e+00
9.972026348114013672e-01
3.469772815704345703e+00
2.688403367996215820e+00
2.003303527832031250e+00
3.334156990051269531e+00
1.545065402984619141e+00
3.769660472869873047e+00
2.341718196868896484e+00
3.158577203750610352e+00
2.836406230926513672e+00
2.283103704452514648e+00
4.260080814361572266e+00
1.217253208160400391e+00
4.077529907226562500e+00
1.525084257125854492e+00
3.748700141906738281e+00
2.454073429107666016e+00
1.981652736663818359e+00
3.237355470657348633e+00
2.633122444152832031e+00
1.770853281021118164e+00
4.002557754516601562e+00
1.929853320121765137e+00
2.998632669448852539e+00
3.601675033569335938e+00
1.935700535774230957e+00
3.091086626052856445e+00
2.106027603149414062e+00
2.919638633728027344e+00
2.839678287506103516e+00
1.992946982383728027e+00
3.316527843475341797e+00
2.174192190170288086e+00
3.152226448059082031e+00
2.613932847976684570e+00
3.210792541503906250e+00
2.614671945571899414e+00
2.533037185668945312e+00
3.012329101562500000e+00
2.642434597015380859e+00
2.640336513519287109e+00
4.506330013275146484e+00
1.562282085418701172e+00
3.736612319946289062e+00
3.207755088806152344e+00
1.947036504745483398e+00
3.627021312713623047e+00
2.657951116561889648e+00
3.309301853179931641e+00
1.362704277038574219e+00
4.869633674621582031e+00
9.862667322158813477e-01
5.413831710815429688e+00
1.516499161720275879e+00
3.685029506683349609e+00
1.816852569580078125e+00
3.613853931427001953e+00
2.245707035064697266e+00
2.774389266967773438e+00
3.095696449279785156e+00
2.671123504638671875e+00
1.960177421569824219e+00
3.370740413665771484e+00
2.639990091323852539e+00
