5.518791675567626953e-01
6.090561151504516602e-01
9.413465261459350586e-01
7.993847727775573730e-01
9.073795080184936523e-01
9.253699779510498047e-01
8.027386665344238281e-01
8.662831783294677734e-01
9.032238721847534180e-01
5.746231079101562500e-01
8.440115451812744141e-01
9.519952535629272461e-01
9.380039572715759277e-01
7.689171433448791504e-01
7.469819784164428711e-01
9.449467062950134277e-01
9.594175219535827637e-01
9.987208843231201172e-01
9.987000226974487305e-01
9.979605674743652344e-01
9.980556964874267578e-01
9.989938735961914062e-01
9.993529319763183594e-01
9.983892440795898438e-01
9.990365505218505859e-01
9.990347027778625488e-01
9.947863221168518066e-01
9.981765747070312500e-01
9.908068180084228516e-01
9.961929321289062500e-01
9.964625835418701172e-01
9.998753666877746582e-01
9.990686774253845215e-01
8.820993900299072266e-01
6.555147171020507812e-01
9.121780991554260254e-01
9.667991995811462402e-01
9.749715328216552734e-01
9.888563156127929688e-01
9.941036701202392578e-01
9.951744675636291504e-01
9.967521429061889648e-01
9.849878549575805664e-01
9.982438087463378906e-01
9.868949055671691895e-01
9.996327757835388184e-01
9.940426945686340332e-01
9.987984895706176758e-01
9.995931982994079590e-01
9.989374876022338867e-01
9.996939897537231445e-01
9.990838766098022461e-01
9.995899200439453125e-01
9.994629025459289551e-01
9.935820102691650391e-01
9.973731040954589844e-01
9.983768463134765625e-01
9.997655749320983887e-01
9.998078346252441406e-01
9.997977018356323242e-01
9.997999668121337891e-01
9.965053796768188477e-01
9.998477101325988770e-01
9.986099004745483398e-01
9.982438087463378906e-01
9.975827336311340332e-01
9.975347518920898438e-01
9.995409846305847168e-01
9.996435046195983887e-01
9.976248741149902344e-01
9.988349676132202148e-01
9.999782443046569824e-01
9.998018741607666016e-01
9.945712089538574219e-01
9.999804496765136719e-01
9.999082088470458984e-01
9.995255470275878906e-01
9.997730255126953125e-01
9.999136924743652344e-01
9.999015331268310547e-01
9.998288154602050781e-01
9.989935755729675293e-01
9.964975118637084961e-01
9.998874664306640625e-01
9.993475675582885742e-01
9.996494054794311523e-01
9.992591738700866699e-01
9.997960329055786133e-01
9.994738698005676270e-01
9.999502897262573242e-01
9.999885559082031250e-01
9.921850562095642090e-01
9.998259544372558594e-01
9.999288320541381836e-01
9.999048709869384766e-01
9.998861551284790039e-01
9.998840093612670898e-01
9.999668598175048828e-01
9.999386072158813477e-01
9.999292492866516113e-01
9.999500513076782227e-01
9.999796152114868164e-01
9.999289512634277344e-01
9.999351501464843750e-01
9.999563097953796387e-01
9.999675750732421875e-01
9.999848604202270508e-01
9.999538064002990723e-01
9.999762773513793945e-01
9.999391436576843262e-01
9.999641180038452148e-01
9.999877214431762695e-01
9.999381303787231445e-01
9.999084472656250000e-01
9.998871088027954102e-01
9.998992681503295898e-01
9.999880194664001465e-01
9.999915361404418945e-01
9.999499917030334473e-01
9.999850988388061523e-01
9.999827146530151367e-01
9.999232888221740723e-01
9.999827742576599121e-01
9.995132088661193848e-01
9.998669624328613281e-01
9.987086057662963867e-01
9.999948740005493164e-01
9.997324943542480469e-01
9.999350309371948242e-01
9.999756813049316406e-01
9.999865293502807617e-01
9.999834895133972168e-01
9.999426007270812988e-01
9.999454617500305176e-01
9.996764659881591797e-01
9.999135732650756836e-01
9.999836683273315430e-01
9.999068975448608398e-01
9.999430179595947266e-01
9.999790191650390625e-01
9.994051456451416016e-01
9.987199306488037109e-01
9.999575614929199219e-01
9.999938011169433594e-01
9.998468160629272461e-01
9.999679327011108398e-01
9.998540878295898438e-01
9.999893903732299805e-01
9.999169111251831055e-01
9.941105842590332031e-01
9.999577999114990234e-01
9.999697804450988770e-01
9.998835325241088867e-01
9.999614357948303223e-01
9.999613165855407715e-01
9.999537467956542969e-01
9.999560117721557617e-01
9.999670386314392090e-01
9.997392892837524414e-01
9.999850988388061523e-01
9.995406866073608398e-01
9.998366236686706543e-01
9.999690055847167969e-01
9.999341368675231934e-01
9.999727010726928711e-01
9.999189972877502441e-01
9.999842047691345215e-01
9.999605417251586914e-01
9.999508857727050781e-01
9.999643564224243164e-01
9.999696612358093262e-01
9.999729394912719727e-01
9.999673366546630859e-01
9.999797940254211426e-01
9.999502897262573242e-01
9.999775886535644531e-01
9.999916553497314453e-01
9.999771118164062500e-01
9.999825358390808105e-01
9.999782443046569824e-01
9.999377727508544922e-01
9.999883174896240234e-01
9.999881386756896973e-01
9.999898672103881836e-01
9.999952316284179688e-01
9.998478889465332031e-01
9.993947148323059082e-01
9.985734224319458008e-01
9.999607205390930176e-01
9.999808073043823242e-01
9.999934434890747070e-01
9.999856948852539062e-01
9.999200701713562012e-01
9.999792575836181641e-01
9.999679327011108398e-01
9.999547004699707031e-01
9.999360442161560059e-01
9.999620318412780762e-01
9.998086094856262207e-01
9.996802806854248047e-01
9.999632835388183594e-01
9.999955892562866211e-01
9.999954700469970703e-01
9.999952316284179688e-01
9.999784827232360840e-01
9.999458789825439453e-01
9.999659061431884766e-01
9.999867677688598633e-01
9.998865723609924316e-01
9.999828934669494629e-01
9.998499155044555664e-01
9.999941587448120117e-01
9.999006986618041992e-01
9.999828338623046875e-01
9.999797940254211426e-01
9.999965429306030273e-01
9.999573826789855957e-01
9.999012351036071777e-01
9.999910593032836914e-01
9.999952316284179688e-01
9.999917149543762207e-01
9.999782443046569824e-01
9.999647140502929688e-01
9.999943971633911133e-01
9.999808073043823242e-01
9.999339580535888672e-01
9.999667406082153320e-01
9.999942779541015625e-01
9.999116063117980957e-01
9.999935030937194824e-01
9.999642372131347656e-01
9.999945163726806641e-01
9.999943375587463379e-01
9.999952912330627441e-01
9.999810457229614258e-01
9.999955892562866211e-01
9.999701380729675293e-01
9.999891519546508789e-01
9.999780654907226562e-01
9.999872446060180664e-01
9.999842047691345215e-01
9.999924898147583008e-01
9.999907612800598145e-01
9.999562501907348633e-01
9.999889135360717773e-01
9.999714493751525879e-01
9.999887943267822266e-01
9.999837875366210938e-01
9.999874830245971680e-01
9.999715089797973633e-01
9.999883174896240234e-01
9.999903440475463867e-01
9.999610781669616699e-01
9.999359846115112305e-01
9.999872446060180664e-01
9.999879598617553711e-01
9.999931454658508301e-01
9.999843835830688477e-01
9.999873638153076172e-01
9.999876022338867188e-01
9.999949932098388672e-01
9.999929070472717285e-01
9.999907016754150391e-01
9.999936819076538086e-01
9.999854564666748047e-01
9.999945163726806641e-01
9.999922513961791992e-01
9.999850988388061523e-01
9.999904036521911621e-01
9.999837279319763184e-01
9.999933838844299316e-01
9.999779462814331055e-01
9.999827742576599121e-01
9.999796748161315918e-01
9.999810457229614258e-01
9.999853372573852539e-01
9.999863505363464355e-01
9.999932050704956055e-01
9.999876022338867188e-01
9.999593496322631836e-01
9.999922513961791992e-01
9.999743700027465820e-01
9.999941587448120117e-01
9.999018907546997070e-01
9.999232888221740723e-01
9.999425411224365234e-01
9.999896287918090820e-01
9.998778104782104492e-01
9.999539852142333984e-01
9.999966621398925781e-01
9.999977350234985352e-01
9.999861717224121094e-01
9.999443292617797852e-01
9.999927878379821777e-01
9.999601840972900391e-01
9.999824762344360352e-01
9.999833106994628906e-01
9.999839663505554199e-01
9.999538660049438477e-01
9.999771118164062500e-01
9.999889731407165527e-01
9.999945163726806641e-01
9.997373223304748535e-01
9.999883770942687988e-01
9.999844431877136230e-01
9.999947547912597656e-01
9.999805688858032227e-01
9.999690055847167969e-01
9.999812841415405273e-01
9.999898672103881836e-01
9.999790787696838379e-01
9.997863769531250000e-01
9.999964833259582520e-01
9.999793767929077148e-01
9.999817609786987305e-01
9.999292492866516113e-01
9.999867677688598633e-01
9.999691247940063477e-01
9.999697208404541016e-01
9.999946355819702148e-01
9.999808669090270996e-01
9.999941587448120117e-01
9.999971985816955566e-01
9.999702572822570801e-01
9.999953508377075195e-01
9.999915361404418945e-01
9.999953508377075195e-01
9.999855756759643555e-01
9.999847412109375000e-01
9.999597668647766113e-01
9.999170303344726562e-01
9.999842643737792969e-01
9.999616146087646484e-01
9.999674558639526367e-01
9.999870061874389648e-01
9.999715089797973633e-01
9.999772310256958008e-01
9.999487400054931641e-01
9.999654293060302734e-01
9.995309114456176758e-01
9.999923706054687500e-01
9.999972581863403320e-01
9.999710917472839355e-01
9.999874830245971680e-01
9.999319911003112793e-01
9.999829530715942383e-01
9.999973773956298828e-01
9.999881982803344727e-01
9.999411106109619141e-01
9.999949336051940918e-01
9.999874830245971680e-01
9.999935626983642578e-01
9.999698996543884277e-01
9.999974966049194336e-01
9.999936223030090332e-01
9.999926686286926270e-01
9.999942779541015625e-01
9.999953508377075195e-01
9.999930858612060547e-01
9.999755024909973145e-01
9.999880194664001465e-01
9.999597072601318359e-01
9.999903440475463867e-01
9.999946355819702148e-01
9.999811649322509766e-01
9.999855756759643555e-01
9.999959468841552734e-01
9.999970793724060059e-01
9.999957084655761719e-01
9.999931454658508301e-01
9.999893307685852051e-01
9.999746680259704590e-01
9.999909400939941406e-01
9.999902248382568359e-01
9.999955892562866211e-01
9.999577403068542480e-01
9.999976158142089844e-01
9.999965429306030273e-01
9.999859333038330078e-01
9.999737739562988281e-01
9.999743700027465820e-01
9.999842643737792969e-01
9.999895691871643066e-01
9.999939203262329102e-01
9.999899864196777344e-01
9.999828934669494629e-01
9.999830722808837891e-01
9.999842643737792969e-01
9.999917745590209961e-01
9.999885559082031250e-01
9.999235868453979492e-01
9.999811053276062012e-01
9.999914765357971191e-01
9.999892115592956543e-01
9.999949336051940918e-01
9.999550580978393555e-01
9.999874234199523926e-01
9.998480677604675293e-01
9.999763965606689453e-01
9.999902248382568359e-01
9.999710321426391602e-01
9.999966621398925781e-01
9.999853372573852539e-01
9.999933242797851562e-01
9.999955892562866211e-01
9.999186396598815918e-01
9.999945759773254395e-01
9.999773502349853516e-01
9.999784231185913086e-01
9.999729990959167480e-01
9.999846816062927246e-01
9.999809265136718750e-01
9.999943971633911133e-01
9.999839067459106445e-01
9.999953508377075195e-01
9.999837875366210938e-01
9.999973773956298828e-01
9.999960064888000488e-01
9.999964237213134766e-01
9.999901056289672852e-01
9.999985694885253906e-01
9.999350309371948242e-01
9.999908804893493652e-01
9.999654293060302734e-01
9.999912381172180176e-01
9.999875426292419434e-01
9.999825954437255859e-01
9.999954104423522949e-01
9.999823570251464844e-01
9.999853968620300293e-01
9.999940395355224609e-01
9.999910593032836914e-01
9.999973773956298828e-01
9.999953508377075195e-01
9.999934434890747070e-01
9.999974966049194336e-01
9.999898076057434082e-01
9.999835491180419922e-01
9.999819993972778320e-01
9.999881982803344727e-01
9.999796748161315918e-01
9.999749660491943359e-01
9.999895691871643066e-01
9.999929666519165039e-01
9.999964833259582520e-01
9.999956488609313965e-01
9.999674558639526367e-01
9.999718666076660156e-01
9.999759197235107422e-01
9.999881982803344727e-01
9.999925494194030762e-01
9.999824166297912598e-01
9.999918937683105469e-01
9.999135732650756836e-01
9.999933838844299316e-01
9.999957084655761719e-01
9.999822378158569336e-01
9.999843239784240723e-01
9.999927282333374023e-01
9.999832510948181152e-01
9.999957084655761719e-01
9.999978542327880859e-01
9.999968409538269043e-01
9.999943971633911133e-01
9.999805688858032227e-01
9.999904632568359375e-01
9.999610185623168945e-01
9.999926686286926270e-01
9.999862313270568848e-01
9.999960660934448242e-01
9.999666213989257812e-01
9.999963045120239258e-01
9.999932050704956055e-01
9.999924898147583008e-01
9.999920129776000977e-01
9.999905824661254883e-01
9.999782443046569824e-01
9.999760389328002930e-01
9.999822378158569336e-01
9.999840259552001953e-01
9.999837279319763184e-01
9.999874830245971680e-01
9.999893903732299805e-01
9.999889731407165527e-01
9.999861717224121094e-01
9.999840259552001953e-01
9.999887943267822266e-01
9.999823570251464844e-01
9.999581575393676758e-01
9.999964237213134766e-01
9.999812245368957520e-01
9.999973773956298828e-01
9.999673366546630859e-01
9.999236464500427246e-01
9.999958872795104980e-01
9.999930262565612793e-01
9.999919533729553223e-01
9.999824166297912598e-01
9.999879598617553711e-01
9.999891519546508789e-01
9.999908804893493652e-01
9.999986290931701660e-01
9.999502301216125488e-01
9.999943971633911133e-01
9.999966621398925781e-01
9.999824166297912598e-01
9.999933242797851562e-01
9.999895095825195312e-01
9.999958276748657227e-01
9.999943971633911133e-01
9.999892711639404297e-01
9.999862909317016602e-01
9.999941587448120117e-01
9.999735355377197266e-01
9.999955892562866211e-01
9.999871253967285156e-01
9.999902248382568359e-01
9.999755024909973145e-01
9.999891519546508789e-01
9.999988079071044922e-01
9.999967813491821289e-01
9.999893903732299805e-01
9.999898672103881836e-01
9.999943971633911133e-01
9.999953508377075195e-01
9.999831914901733398e-01
9.999934434890747070e-01
9.999879002571105957e-01
9.999792575836181641e-01
9.999951124191284180e-01
9.999971389770507812e-01
9.999880790710449219e-01
9.999932050704956055e-01
9.999889135360717773e-01
9.999952316284179688e-01
9.999729394912719727e-01
9.999839663505554199e-01
9.999976158142089844e-01
9.999839067459106445e-01
9.999923706054687500e-01
9.999913573265075684e-01
9.999967813491821289e-01
9.999951124191284180e-01
9.999769330024719238e-01
9.999955892562866211e-01
9.999889731407165527e-01
9.999738931655883789e-01
9.999844431877136230e-01
9.999710321426391602e-01
9.999421834945678711e-01
9.999791383743286133e-01
9.999950528144836426e-01
9.999977946281433105e-01
9.999983906745910645e-01
9.999696016311645508e-01
9.999985098838806152e-01
9.999391436576843262e-01
9.999924898147583008e-01
9.999960660934448242e-01
9.999943971633911133e-01
9.999983906745910645e-01
9.999955892562866211e-01
9.999830722808837891e-01
9.999845623970031738e-01
9.999980926513671875e-01
9.999924898147583008e-01
9.999942779541015625e-01
9.999933242797851562e-01
9.999942183494567871e-01
9.999904632568359375e-01
9.999791383743286133e-01
9.999897480010986328e-01
9.999952912330627441e-01
9.999963641166687012e-01
9.999852180480957031e-01
9.999989271163940430e-01
9.999453425407409668e-01
9.999977350234985352e-01
9.999954104423522949e-01
9.999964237213134766e-01
9.998979568481445312e-01
9.999936819076538086e-01
9.999893903732299805e-01
9.999979138374328613e-01
9.999971389770507812e-01
9.999926090240478516e-01
9.999958276748657227e-01
9.999676942825317383e-01
9.999692440032958984e-01
9.999967813491821289e-01
9.999941587448120117e-01
9.999883174896240234e-01
9.999177455902099609e-01
9.999934434890747070e-01
9.999973177909851074e-01
9.999913573265075684e-01
9.999963045120239258e-01
9.999960660934448242e-01
9.999988079071044922e-01
9.999856352806091309e-01
9.999903440475463867e-01
9.999971389770507812e-01
9.999943971633911133e-01
9.999819993972778320e-01
9.999930858612060547e-01
9.999952316284179688e-01
9.999901652336120605e-01
9.999817609786987305e-01
9.999983310699462891e-01
9.999950528144836426e-01
9.999922513961791992e-01
9.999952316284179688e-01
9.999796748161315918e-01
9.999749660491943359e-01
9.999917745590209961e-01
9.999990463256835938e-01
9.999761581420898438e-01
9.999810457229614258e-01
9.999948143959045410e-01
9.999954700469970703e-01
9.999849200248718262e-01
9.999824762344360352e-01
9.999831914901733398e-01
9.999777078628540039e-01
9.999830722808837891e-01
9.999930858612060547e-01
9.999804496765136719e-01
9.999935030937194824e-01
9.999973177909851074e-01
9.999907612800598145e-01
9.999967217445373535e-01
9.999933838844299316e-01
9.999907016754150391e-01
9.999887943267822266e-01
9.999974966049194336e-01
9.999965429306030273e-01
9.999799132347106934e-01
9.999663829803466797e-01
9.999830126762390137e-01
9.999842643737792969e-01
9.999964237213134766e-01
9.999863505363464355e-01
9.999926090240478516e-01
9.999914169311523438e-01
9.999920129776000977e-01
9.999942779541015625e-01
9.999946355819702148e-01
9.999979734420776367e-01
9.999907612800598145e-01
9.999985694885253906e-01
9.999951720237731934e-01
9.999800324440002441e-01
9.999604225158691406e-01
9.999924898147583008e-01
9.999954700469970703e-01
9.999971389770507812e-01
9.999959468841552734e-01
9.999958276748657227e-01
9.999924898147583008e-01
9.999966025352478027e-01
9.999870061874389648e-01
9.999905824661254883e-01
9.999915361404418945e-01
9.999930858612060547e-01
9.999976754188537598e-01
9.999966621398925781e-01
9.999349713325500488e-01
9.999763965606689453e-01
9.999870061874389648e-01
9.999967813491821289e-01
9.999929666519165039e-01
9.999946355819702148e-01
9.999809265136718750e-01
9.999972581863403320e-01
9.999208450317382812e-01
9.999885559082031250e-01
9.999958276748657227e-01
9.999951124191284180e-01
9.999922513961791992e-01
9.999977350234985352e-01
9.999849200248718262e-01
9.999967217445373535e-01
9.999971389770507812e-01
9.999971985816955566e-01
9.999973773956298828e-01
9.999976754188537598e-01
9.999974966049194336e-01
9.999916553497314453e-01
9.999970197677612305e-01
9.999967813491821289e-01
9.999862909317016602e-01
9.999988079071044922e-01
9.998998641967773438e-01
9.999914169311523438e-01
9.999865293502807617e-01
9.999879598617553711e-01
9.999992847442626953e-01
9.999961256980895996e-01
9.999941587448120117e-01
9.999762773513793945e-01
9.999896287918090820e-01
9.999976158142089844e-01
9.999973773956298828e-01
9.999883174896240234e-01
9.999949336051940918e-01
9.999931454658508301e-01
9.999874830245971680e-01
9.999964237213134766e-01
9.999715089797973633e-01
9.999978542327880859e-01
9.999803304672241211e-01
9.998984932899475098e-01
9.999959468841552734e-01
9.999964237213134766e-01
9.999959468841552734e-01
9.999944567680358887e-01
9.999979734420776367e-01
9.999905824661254883e-01
9.999982714653015137e-01
9.999954700469970703e-01
9.999961853027343750e-01
9.999961853027343750e-01
9.999909996986389160e-01
9.999951124191284180e-01
9.999829530715942383e-01
9.999971389770507812e-01
9.999890327453613281e-01
9.999900460243225098e-01
9.999911189079284668e-01
9.999965429306030273e-01
9.999910593032836914e-01
9.999986886978149414e-01
9.999990463256835938e-01
9.999952316284179688e-01
9.999939203262329102e-01
9.999881982803344727e-01
9.999958276748657227e-01
9.999961256980895996e-01
9.999899864196777344e-01
9.999630451202392578e-01
9.999972581863403320e-01
9.999947547912597656e-01
9.999817609786987305e-01
9.999892711639404297e-01
9.999970197677612305e-01
9.999957084655761719e-01
9.999965429306030273e-01
9.999947547912597656e-01
9.999954700469970703e-01
9.999743700027465820e-01
9.999862313270568848e-01
9.999859929084777832e-01
9.999942779541015625e-01
9.999984502792358398e-01
9.999890923500061035e-01
9.999933242797851562e-01
9.999802112579345703e-01
9.999959468841552734e-01
9.999824166297912598e-01
9.999898672103881836e-01
9.999785423278808594e-01
9.999907016754150391e-01
9.999972581863403320e-01
9.999970197677612305e-01
9.999943375587463379e-01
9.999930262565612793e-01
9.999966621398925781e-01
9.999959468841552734e-01
9.999974370002746582e-01
9.999948143959045410e-01
9.999984502792358398e-01
9.999963641166687012e-01
9.999945759773254395e-01
9.999977350234985352e-01
9.999928474426269531e-01
9.999959468841552734e-01
9.999961256980895996e-01
9.999952316284179688e-01
9.999868869781494141e-01
9.999953508377075195e-01
9.999989271163940430e-01
9.999393820762634277e-01
9.999958276748657227e-01
9.999907612800598145e-01
9.999962449073791504e-01
9.999561309814453125e-01
9.999581575393676758e-01
9.999908208847045898e-01
9.999979734420776367e-01
9.999843835830688477e-01
9.999945163726806641e-01
9.999890923500061035e-01
9.999841451644897461e-01
9.999958276748657227e-01
9.999980926513671875e-01
9.999960660934448242e-01
9.999897480010986328e-01
9.999914169311523438e-01
9.999930858612060547e-01
9.999824762344360352e-01
9.999963045120239258e-01
9.999691843986511230e-01
9.999971389770507812e-01
9.999956488609313965e-01
9.999943971633911133e-01
9.999969005584716797e-01
9.999960660934448242e-01
9.999955892562866211e-01
9.999942779541015625e-01
9.999942779541015625e-01
9.999950528144836426e-01
9.999980926513671875e-01
9.999989867210388184e-01
9.999864697456359863e-01
9.999929666519165039e-01
9.999936223030090332e-01
9.999897480010986328e-01
9.999970793724060059e-01
9.999957084655761719e-01
9.999945163726806641e-01
9.999983310699462891e-01
9.999771714210510254e-01
9.999958276748657227e-01
9.999825358390808105e-01
9.999948740005493164e-01
9.999971389770507812e-01
9.999650120735168457e-01
9.999818801879882812e-01
9.999954700469970703e-01
9.999706745147705078e-01
9.999922513961791992e-01
9.999955892562866211e-01
9.999949932098388672e-01
9.999988079071044922e-01
9.999986886978149414e-01
9.999773502349853516e-01
9.999972581863403320e-01
9.999907016754150391e-01
9.999921321868896484e-01
9.999993443489074707e-01
9.999978542327880859e-01
9.999985694885253906e-01
9.999964833259582520e-01
9.999986886978149414e-01
9.999983310699462891e-01
9.999982118606567383e-01
9.999935030937194824e-01
9.999960660934448242e-01
9.999905228614807129e-01
9.999960660934448242e-01
9.999955296516418457e-01
9.999951124191284180e-01
9.999978542327880859e-01
9.999915361404418945e-01
9.999977350234985352e-01
9.999898672103881836e-01
9.999971389770507812e-01
9.999982118606567383e-01
9.999982118606567383e-01
9.999940395355224609e-01
9.999941587448120117e-01
9.999935626983642578e-01
9.999904632568359375e-01
9.999941587448120117e-01
9.999982714653015137e-01
9.999982714653015137e-01
9.999947547912597656e-01
9.999923706054687500e-01
9.999977946281433105e-01
9.999986290931701660e-01
9.999963045120239258e-01
9.999945163726806641e-01
9.999856948852539062e-01
9.999968409538269043e-01
9.999262690544128418e-01
9.999991655349731445e-01
9.999892711639404297e-01
9.999953508377075195e-01
9.999976158142089844e-01
9.999895095825195312e-01
9.999960660934448242e-01
9.999865889549255371e-01
9.999980926513671875e-01
9.999862909317016602e-01
9.999945163726806641e-01
9.999983310699462891e-01
9.999940395355224609e-01
9.999966621398925781e-01
9.999976158142089844e-01
9.999960660934448242e-01
9.999970793724060059e-01
9.999986886978149414e-01
9.999883174896240234e-01
9.999960064888000488e-01
9.999949336051940918e-01
9.999971389770507812e-01
9.999961853027343750e-01
9.999983906745910645e-01
9.999966025352478027e-01
9.999942779541015625e-01
9.999953508377075195e-01
9.999929666519165039e-01
9.999986886978149414e-01
9.999950528144836426e-01
9.999974966049194336e-01
9.999964237213134766e-01
9.999779462814331055e-01
9.999968409538269043e-01
9.999986886978149414e-01
9.999972581863403320e-01
9.999965429306030273e-01
9.999954700469970703e-01
9.999822974205017090e-01
9.999978542327880859e-01
9.999411702156066895e-01
9.999966621398925781e-01
9.999959468841552734e-01
9.999556541442871094e-01
9.999867081642150879e-01
9.999966621398925781e-01
9.999986290931701660e-01
9.999872446060180664e-01
9.999949336051940918e-01
9.999984502792358398e-01
9.999973773956298828e-01
9.999985694885253906e-01
9.999964237213134766e-01
9.999961853027343750e-01
9.999974370002746582e-01
9.999985098838806152e-01
9.999901056289672852e-01
9.999962449073791504e-01
9.999778270721435547e-01
9.999976754188537598e-01
9.999961256980895996e-01
9.999952912330627441e-01
9.999898672103881836e-01
9.999964237213134766e-01
9.999529123306274414e-01
9.999985694885253906e-01
9.999989271163940430e-01
9.999860525131225586e-01
9.999943375587463379e-01
9.999943971633911133e-01
9.999936819076538086e-01
9.999932050704956055e-01
9.999991655349731445e-01
9.999787807464599609e-01
9.999623298645019531e-01
9.999985694885253906e-01
9.999969005584716797e-01
9.999961853027343750e-01
9.999420642852783203e-01
9.999945163726806641e-01
9.999978542327880859e-01
9.999983310699462891e-01
9.999930858612060547e-01
9.999965429306030273e-01
9.999971985816955566e-01
9.999970197677612305e-01
9.999963641166687012e-01
9.999980926513671875e-01
9.999934434890747070e-01
9.999960064888000488e-01
9.999934434890747070e-01
9.999915957450866699e-01
9.999887943267822266e-01
9.999928474426269531e-01
9.999970197677612305e-01
9.999766945838928223e-01
9.999983310699462891e-01
9.999985098838806152e-01
9.999897480010986328e-01
9.999976754188537598e-01
9.999969005584716797e-01
9.999935030937194824e-01
9.999982714653015137e-01
9.999992847442626953e-01
9.999960660934448242e-01
9.999896287918090820e-01
9.999966025352478027e-01
9.999911785125732422e-01
9.999876022338867188e-01
9.999969601631164551e-01
9.999833703041076660e-01
9.999918341636657715e-01
9.999969005584716797e-01
9.999932646751403809e-01
9.999964237213134766e-01
9.999949336051940918e-01
9.999980926513671875e-01
9.999923706054687500e-01
9.999963641166687012e-01
9.999987483024597168e-01
9.999908804893493652e-01
9.999986886978149414e-01
9.999974966049194336e-01
9.999967813491821289e-01
9.999941587448120117e-01
9.999946355819702148e-01
9.999919533729553223e-01
9.999983906745910645e-01
9.999982714653015137e-01
9.999940395355224609e-01
9.999974966049194336e-01
9.999980330467224121e-01
9.999958276748657227e-01
9.999970197677612305e-01
9.999979734420776367e-01
9.999979734420776367e-01
9.999927878379821777e-01
9.999657869338989258e-01
9.999959468841552734e-01
9.999910593032836914e-01
9.999976158142089844e-01
9.999971389770507812e-01
9.999979734420776367e-01
9.999946355819702148e-01
9.999953508377075195e-01
9.999969005584716797e-01
9.999818801879882812e-01
9.999982714653015137e-01
9.999982118606567383e-01
9.999945759773254395e-01
9.999986886978149414e-01
9.999943375587463379e-01
9.999979734420776367e-01
9.999960064888000488e-01
9.999989867210388184e-01
9.999949932098388672e-01
9.999987483024597168e-01
9.999973177909851074e-01
9.999949932098388672e-01
9.999954700469970703e-01
9.999952316284179688e-01
9.999946355819702148e-01
9.999985098838806152e-01
9.999972581863403320e-01
9.999961853027343750e-01
9.999977350234985352e-01
9.999959468841552734e-01
9.999974370002746582e-01
9.999978542327880859e-01
9.999955296516418457e-01
9.999937415122985840e-01
9.999943971633911133e-01
9.999980330467224121e-01
9.999930858612060547e-01
9.999964237213134766e-01
9.999960660934448242e-01
9.999979138374328613e-01
9.999940991401672363e-01
9.999988079071044922e-01
9.999983310699462891e-01
9.999806880950927734e-01
9.999971985816955566e-01
9.999925494194030762e-01
9.999994039535522461e-01
9.999979734420776367e-01
9.999965429306030273e-01
9.999970197677612305e-01
9.999974966049194336e-01
9.999973773956298828e-01
9.999846220016479492e-01
9.999983310699462891e-01
9.999952316284179688e-01
9.999967813491821289e-01
9.999963641166687012e-01
9.999973177909851074e-01
9.999946951866149902e-01
9.999979138374328613e-01
9.999941587448120117e-01
9.999973773956298828e-01
9.999929666519165039e-01
9.999980926513671875e-01
9.999742507934570312e-01
9.999989271163940430e-01
9.999976754188537598e-01
9.999929666519165039e-01
9.999979138374328613e-01
9.999971985816955566e-01
9.999947547912597656e-01
9.999990463256835938e-01
9.999980926513671875e-01
9.999952316284179688e-01
9.999881982803344727e-01
9.999975562095642090e-01
9.999952912330627441e-01
9.999953508377075195e-01
9.999933242797851562e-01
9.999972581863403320e-01
9.999970197677612305e-01
9.999953508377075195e-01
9.999938011169433594e-01
9.999935626983642578e-01
9.999986290931701660e-01
9.999977350234985352e-01
9.999940395355224609e-01
9.999975562095642090e-01
9.999861717224121094e-01
9.999990463256835938e-01
9.999990463256835938e-01
9.999939799308776855e-01
9.999988079071044922e-01
9.999981522560119629e-01
9.999665021896362305e-01
9.999963641166687012e-01
9.999989271163940430e-01
9.999972581863403320e-01
9.999980926513671875e-01
9.999920129776000977e-01
9.999957084655761719e-01
9.999978542327880859e-01
9.999928474426269531e-01
9.999986290931701660e-01
9.999977350234985352e-01
9.999889135360717773e-01
9.999982118606567383e-01
9.999866485595703125e-01
9.999854564666748047e-01
9.999965429306030273e-01
9.999982118606567383e-01
9.999959468841552734e-01
9.999971985816955566e-01
9.999970197677612305e-01
9.999958276748657227e-01
9.999974966049194336e-01
9.999957084655761719e-01
9.999952316284179688e-01
9.999915361404418945e-01
9.999990463256835938e-01
9.999949336051940918e-01
9.999978542327880859e-01
9.999809861183166504e-01
9.999938011169433594e-01
9.999982118606567383e-01
9.999976158142089844e-01
9.999983906745910645e-01
9.999949932098388672e-01
9.999979734420776367e-01
9.999953508377075195e-01
9.999928474426269531e-01
9.999977350234985352e-01
9.999961853027343750e-01
9.999880194664001465e-01
9.999991655349731445e-01
9.999977946281433105e-01
9.999980926513671875e-01
9.999992251396179199e-01
9.999958276748657227e-01
9.999940395355224609e-01
9.999946355819702148e-01
9.999977350234985352e-01
9.999920129776000977e-01
9.999977350234985352e-01
9.999980926513671875e-01
9.999907016754150391e-01
9.999973177909851074e-01
9.999954700469970703e-01
9.999984502792358398e-01
9.999980926513671875e-01
9.999963045120239258e-01
9.999979734420776367e-01
9.999981522560119629e-01
9.999976158142089844e-01
9.999980330467224121e-01
9.999984502792358398e-01
9.999990463256835938e-01
9.999970197677612305e-01
9.999929666519165039e-01
9.999902248382568359e-01
9.999930262565612793e-01
9.999943375587463379e-01
9.999979734420776367e-01
9.999989271163940430e-01
9.999846816062927246e-01
9.999994039535522461e-01
9.999996423721313477e-01
9.999895095825195312e-01
9.999985098838806152e-01
9.999966621398925781e-01
9.999974966049194336e-01
9.999987483024597168e-01
9.999971389770507812e-01
9.999996423721313477e-01
9.999954700469970703e-01
9.999986886978149414e-01
9.999983310699462891e-01
9.999960660934448242e-01
9.999954700469970703e-01
9.999828338623046875e-01
9.999951720237731934e-01
9.999954700469970703e-01
9.999965429306030273e-01
9.999978542327880859e-01
9.999902248382568359e-01
9.999986290931701660e-01
9.999987483024597168e-01
9.999891519546508789e-01
9.999969005584716797e-01
9.999973773956298828e-01
9.999951720237731934e-01
9.999963641166687012e-01
9.999958872795104980e-01
9.999967217445373535e-01
9.999966621398925781e-01
9.999978542327880859e-01
9.999946355819702148e-01
9.999992251396179199e-01
9.999938607215881348e-01
9.999985694885253906e-01
9.999970197677612305e-01
9.999819993972778320e-01
9.999978542327880859e-01
9.999980926513671875e-01
9.999970197677612305e-01
9.999979734420776367e-01
9.999954700469970703e-01
9.999969005584716797e-01
9.999924898147583008e-01
9.999937415122985840e-01
9.999969005584716797e-01
9.999983310699462891e-01
9.999984502792358398e-01
9.999955296516418457e-01
9.999849200248718262e-01
9.999941587448120117e-01
9.999982118606567383e-01
9.999986886978149414e-01
9.999985694885253906e-01
9.999990463256835938e-01
9.999923706054687500e-01
9.999960064888000488e-01
9.999919533729553223e-01
9.999985694885253906e-01
9.999993443489074707e-01
9.999991655349731445e-01
9.999923110008239746e-01
9.999991655349731445e-01
9.999983310699462891e-01
9.999985098838806152e-01
9.999964237213134766e-01
9.999954700469970703e-01
9.999827146530151367e-01
9.999876618385314941e-01
9.999868869781494141e-01
9.999955892562866211e-01
9.999983310699462891e-01
9.999969601631164551e-01
9.999995231628417969e-01
9.999988079071044922e-01
9.999991655349731445e-01
9.999977350234985352e-01
9.999935626983642578e-01
9.999961256980895996e-01
9.999946951866149902e-01
9.999923706054687500e-01
9.999952316284179688e-01
9.999971985816955566e-01
9.999970197677612305e-01
9.999980926513671875e-01
9.999979734420776367e-01
9.999927878379821777e-01
9.999960660934448242e-01
9.999988079071044922e-01
9.999930858612060547e-01
9.999983310699462891e-01
9.999980926513671875e-01
9.999972581863403320e-01
9.999983310699462891e-01
9.999940991401672363e-01
9.999948740005493164e-01
9.999941587448120117e-01
9.999965429306030273e-01
9.999932646751403809e-01
9.999669790267944336e-01
9.999831318855285645e-01
9.999970197677612305e-01
9.999990463256835938e-01
9.999978542327880859e-01
9.999926090240478516e-01
9.999994039535522461e-01
9.999979734420776367e-01
9.999887943267822266e-01
9.999979734420776367e-01
9.999959468841552734e-01
9.999960660934448242e-01
9.999985098838806152e-01
9.999997615814208984e-01
9.999989867210388184e-01
9.999982118606567383e-01
9.999979138374328613e-01
9.999988079071044922e-01
9.999989271163940430e-01
9.999945163726806641e-01
9.999980926513671875e-01
9.999974966049194336e-01
9.999987483024597168e-01
9.999992847442626953e-01
9.999966621398925781e-01
9.999979734420776367e-01
9.999969005584716797e-01
9.999986886978149414e-01
9.999973773956298828e-01
9.999992251396179199e-01
9.999979734420776367e-01
9.999982118606567383e-01
9.999989271163940430e-01
9.999982714653015137e-01
9.999970793724060059e-01
9.999951720237731934e-01
9.999969601631164551e-01
9.999979734420776367e-01
9.999981522560119629e-01
9.999823570251464844e-01
9.999973177909851074e-01
9.999965429306030273e-01
9.999943971633911133e-01
9.999781847000122070e-01
9.999762773513793945e-01
9.999978542327880859e-01
9.999935030937194824e-01
9.999958872795104980e-01
9.999988079071044922e-01
9.999895095825195312e-01
9.999930858612060547e-01
9.999974966049194336e-01
9.999980330467224121e-01
9.999991655349731445e-01
9.999990463256835938e-01
9.999930858612060547e-01
9.999886751174926758e-01
9.999991059303283691e-01
9.999989271163940430e-01
9.999972581863403320e-01
9.999978542327880859e-01
9.999990463256835938e-01
9.999990463256835938e-01
9.999983310699462891e-01
9.999964237213134766e-01
9.999878406524658203e-01
9.999979138374328613e-01
9.999983310699462891e-01
9.999924898147583008e-01
9.999976158142089844e-01
9.999846220016479492e-01
9.999973773956298828e-01
9.999989271163940430e-01
9.999986886978149414e-01
9.999868869781494141e-01
9.999960660934448242e-01
9.999977350234985352e-01
9.999973773956298828e-01
9.999926090240478516e-01
9.999819993972778320e-01
9.999936819076538086e-01
9.999980926513671875e-01
9.999946951866149902e-01
9.999985694885253906e-01
9.999735355377197266e-01
9.999959468841552734e-01
9.999992847442626953e-01
9.999978542327880859e-01
9.999972581863403320e-01
9.999997019767761230e-01
9.999988079071044922e-01
9.999967813491821289e-01
9.999988079071044922e-01
9.999990463256835938e-01
9.999990463256835938e-01
9.999968409538269043e-01
9.999977350234985352e-01
9.999989867210388184e-01
9.999952912330627441e-01
9.999974370002746582e-01
9.999927878379821777e-01
9.999995231628417969e-01
9.999970197677612305e-01
9.999967217445373535e-01
9.999998211860656738e-01
9.999982118606567383e-01
9.999989867210388184e-01
9.999991655349731445e-01
9.999991655349731445e-01
9.999980926513671875e-01
9.999996423721313477e-01
9.999958872795104980e-01
9.999995231628417969e-01
9.999920129776000977e-01
9.999957680702209473e-01
9.999933242797851562e-01
9.999912977218627930e-01
9.999923110008239746e-01
9.999984502792358398e-01
9.999975562095642090e-01
9.999961256980895996e-01
9.999985098838806152e-01
9.999972581863403320e-01
9.999934434890747070e-01
9.999989271163940430e-01
9.999979734420776367e-01
9.999922513961791992e-01
9.999983310699462891e-01
9.999964833259582520e-01
9.999929070472717285e-01
9.999948740005493164e-01
9.999982118606567383e-01
9.999989271163940430e-01
9.999965429306030273e-01
9.999971985816955566e-01
9.999962449073791504e-01
9.999984502792358398e-01
9.999957084655761719e-01
9.999986886978149414e-01
9.999969005584716797e-01
9.999982714653015137e-01
9.999956488609313965e-01
9.999966621398925781e-01
9.999991059303283691e-01
9.999939799308776855e-01
9.999892711639404297e-01
9.999917149543762207e-01
9.999977946281433105e-01
9.999987483024597168e-01
9.999993443489074707e-01
9.999992847442626953e-01
9.999995231628417969e-01
9.999950528144836426e-01
9.999884366989135742e-01
9.999932050704956055e-01
9.999994039535522461e-01
9.999992847442626953e-01
9.999924898147583008e-01
9.999909400939941406e-01
9.999986290931701660e-01
9.999979138374328613e-01
9.999973773956298828e-01
9.999977350234985352e-01
9.999992847442626953e-01
9.999992847442626953e-01
9.999976158142089844e-01
9.999978542327880859e-01
9.999966621398925781e-01
9.999990463256835938e-01
9.999958276748657227e-01
9.999989271163940430e-01
9.999969005584716797e-01
9.999929666519165039e-01
9.999946355819702148e-01
9.999969005584716797e-01
9.999968409538269043e-01
9.999989271163940430e-01
9.999990463256835938e-01
9.999956488609313965e-01
9.999991655349731445e-01
9.999909400939941406e-01
9.999969601631164551e-01
9.999970793724060059e-01
9.999983310699462891e-01
9.999952912330627441e-01
9.999974966049194336e-01
9.999992847442626953e-01
9.999975562095642090e-01
9.999992847442626953e-01
9.999986886978149414e-01
9.999964237213134766e-01
9.999977350234985352e-01
9.999973773956298828e-01
9.999905228614807129e-01
9.999973773956298828e-01
9.999984502792358398e-01
9.999970197677612305e-01
9.999992847442626953e-01
9.999969005584716797e-01
9.999974966049194336e-01
9.999990463256835938e-01
9.999965429306030273e-01
9.999980926513671875e-01
9.999927282333374023e-01
9.999994635581970215e-01
9.999985694885253906e-01
9.999962449073791504e-01
9.999994039535522461e-01
9.999983310699462891e-01
9.999873638153076172e-01
9.999983310699462891e-01
9.999905824661254883e-01
9.999963045120239258e-01
9.999989271163940430e-01
9.999982714653015137e-01
9.999994635581970215e-01
9.999976158142089844e-01
9.999951124191284180e-01
9.999940395355224609e-01
9.999981522560119629e-01
9.999946951866149902e-01
9.999983310699462891e-01
9.999985694885253906e-01
9.999941587448120117e-01
9.999975562095642090e-01
9.999962449073791504e-01
9.999948143959045410e-01
9.999970793724060059e-01
9.999983906745910645e-01
9.999852776527404785e-01
9.999992847442626953e-01
9.999989271163940430e-01
9.999986290931701660e-01
9.999957680702209473e-01
9.999918937683105469e-01
9.999970197677612305e-01
9.999988675117492676e-01
9.999991655349731445e-01
9.999936819076538086e-01
9.999978542327880859e-01
9.999990463256835938e-01
9.999982118606567383e-01
9.999966621398925781e-01
9.999967813491821289e-01
9.999981522560119629e-01
9.999986886978149414e-01
9.999973773956298828e-01
9.999967217445373535e-01
9.999976158142089844e-01
9.999963045120239258e-01
9.999979734420776367e-01
9.999983310699462891e-01
9.999963045120239258e-01
9.999974966049194336e-01
9.999917745590209961e-01
9.999833703041076660e-01
9.999936819076538086e-01
9.999990463256835938e-01
9.999991655349731445e-01
9.999960660934448242e-01
9.999984502792358398e-01
9.999988079071044922e-01
9.999977350234985352e-01
9.999969005584716797e-01
9.999915361404418945e-01
9.999973773956298828e-01
9.999972581863403320e-01
9.999991059303283691e-01
9.999936819076538086e-01
9.999983310699462891e-01
9.999997019767761230e-01
9.999940395355224609e-01
9.999994039535522461e-01
9.999988675117492676e-01
9.999987483024597168e-01
9.999970793724060059e-01
9.999992847442626953e-01
9.999980926513671875e-01
9.999993443489074707e-01
9.999907016754150391e-01
9.999988079071044922e-01
9.999976754188537598e-01
9.999990463256835938e-01
9.999936223030090332e-01
9.999974966049194336e-01
9.999913573265075684e-01
9.999987483024597168e-01
9.999980926513671875e-01
9.999991059303283691e-01
9.999961256980895996e-01
9.999982118606567383e-01
9.999970197677612305e-01
9.999989271163940430e-01
9.999985694885253906e-01
9.999996423721313477e-01
9.999967813491821289e-01
9.999970793724060059e-01
9.999991655349731445e-01
9.999913573265075684e-01
9.999960660934448242e-01
9.999972581863403320e-01
9.999984502792358398e-01
9.999964237213134766e-01
9.999965429306030273e-01
9.999976158142089844e-01
9.999973773956298828e-01
9.999948143959045410e-01
9.999992847442626953e-01
9.999978542327880859e-01
9.999987483024597168e-01
9.999963045120239258e-01
9.999942183494567871e-01
9.999977350234985352e-01
9.999979734420776367e-01
9.999996423721313477e-01
9.999961256980895996e-01
9.999978542327880859e-01
9.999994039535522461e-01
9.999988079071044922e-01
9.999971389770507812e-01
9.999929666519165039e-01
9.999976158142089844e-01
9.999991655349731445e-01
9.999982714653015137e-01
9.999988675117492676e-01
9.999991059303283691e-01
9.999989271163940430e-01
9.999979138374328613e-01
9.999991059303283691e-01
9.999985694885253906e-01
9.999984502792358398e-01
9.999979734420776367e-01
9.999964237213134766e-01
9.999881982803344727e-01
9.999976754188537598e-01
9.999981522560119629e-01
9.999995827674865723e-01
9.999934434890747070e-01
9.999985694885253906e-01
9.999978542327880859e-01
9.999992847442626953e-01
9.999951124191284180e-01
9.999966621398925781e-01
9.999992847442626953e-01
9.999972581863403320e-01
9.999984502792358398e-01
9.999990463256835938e-01
9.999945163726806641e-01
9.999938011169433594e-01
9.999982118606567383e-01
9.999994039535522461e-01
9.999936819076538086e-01
9.999997019767761230e-01
9.999989271163940430e-01
9.999984502792358398e-01
9.999994039535522461e-01
9.999995231628417969e-01
9.999814033508300781e-01
9.999986886978149414e-01
9.999988675117492676e-01
9.999909400939941406e-01
9.999980926513671875e-01
9.999997019767761230e-01
9.999981522560119629e-01
9.999972581863403320e-01
9.999966621398925781e-01
9.999992847442626953e-01
9.999952316284179688e-01
9.999991059303283691e-01
9.999966621398925781e-01
9.999985098838806152e-01
9.999992251396179199e-01
9.999991655349731445e-01
9.999983310699462891e-01
9.999988079071044922e-01
9.999981522560119629e-01
9.999994039535522461e-01
9.999984502792358398e-01
9.999995827674865723e-01
9.999989271163940430e-01
9.999994039535522461e-01
9.999911785125732422e-01
9.999983310699462891e-01
9.999994039535522461e-01
9.999994635581970215e-01
9.999953508377075195e-01
9.999970197677612305e-01
9.999947547912597656e-01
9.999921321868896484e-01
9.999979734420776367e-01
9.999958276748657227e-01
9.999989271163940430e-01
9.999951124191284180e-01
9.999975562095642090e-01
9.999979138374328613e-01
9.999986290931701660e-01
9.999984502792358398e-01
9.999991655349731445e-01
9.999991655349731445e-01
9.999951124191284180e-01
9.999990463256835938e-01
9.999971389770507812e-01
9.999997615814208984e-01
9.999984502792358398e-01
9.999947547912597656e-01
9.999987483024597168e-01
9.999978542327880859e-01
9.999982714653015137e-01
9.999985098838806152e-01
9.999995231628417969e-01
9.999989271163940430e-01
9.999967217445373535e-01
9.999988675117492676e-01
9.999960064888000488e-01
9.999974966049194336e-01
9.999965429306030273e-01
9.999989271163940430e-01
9.999898672103881836e-01
9.999986290931701660e-01
9.999952912330627441e-01
9.999994039535522461e-01
9.999955296516418457e-01
9.999988079071044922e-01
9.999985098838806152e-01
9.999994039535522461e-01
9.999965429306030273e-01
9.999993443489074707e-01
9.999976158142089844e-01
9.999973773956298828e-01
9.999990463256835938e-01
9.999988079071044922e-01
9.999926090240478516e-01
9.999976158142089844e-01
9.999965429306030273e-01
9.999970197677612305e-01
9.999932050704956055e-01
9.999982118606567383e-01
9.999982714653015137e-01
9.999985694885253906e-01
9.999960660934448242e-01
9.999985694885253906e-01
9.999994039535522461e-01
9.999985098838806152e-01
9.999932050704956055e-01
9.999971389770507812e-01
9.999990463256835938e-01
9.999991655349731445e-01
9.999921321868896484e-01
9.999986886978149414e-01
9.999956488609313965e-01
9.999975562095642090e-01
9.999992251396179199e-01
9.999965429306030273e-01
9.999995231628417969e-01
9.999994039535522461e-01
9.999957084655761719e-01
9.999828338623046875e-01
9.999981522560119629e-01
9.999988079071044922e-01
9.999943375587463379e-01
9.999961853027343750e-01
9.999991655349731445e-01
9.999995231628417969e-01
9.999995827674865723e-01
9.999969601631164551e-01
9.999980926513671875e-01
9.999973773956298828e-01
9.999951124191284180e-01
9.999984502792358398e-01
9.999992847442626953e-01
9.999979734420776367e-01
9.999986886978149414e-01
9.999774694442749023e-01
9.999994039535522461e-01
9.999982118606567383e-01
9.999991655349731445e-01
9.999977350234985352e-01
9.999952316284179688e-01
9.999990463256835938e-01
9.999940395355224609e-01
9.999986886978149414e-01
9.999983310699462891e-01
9.999994635581970215e-01
9.999989271163940430e-01
9.999958872795104980e-01
9.999884366989135742e-01
9.999982118606567383e-01
9.999989271163940430e-01
9.999986886978149414e-01
9.999979734420776367e-01
9.999989271163940430e-01
9.999988079071044922e-01
9.999993443489074707e-01
9.999978542327880859e-01
9.999961853027343750e-01
9.999979138374328613e-01
9.999991059303283691e-01
9.999986886978149414e-01
9.999955892562866211e-01
9.999980330467224121e-01
9.999952912330627441e-01
9.999974370002746582e-01
9.999990463256835938e-01
9.999994039535522461e-01
9.999990463256835938e-01
9.999994039535522461e-01
9.999966025352478027e-01
9.999980926513671875e-01
9.999970793724060059e-01
9.999988079071044922e-01
9.999977946281433105e-01
9.999622106552124023e-01
9.999992847442626953e-01
9.999982118606567383e-01
9.999933242797851562e-01
9.999994039535522461e-01
9.999966025352478027e-01
9.999961256980895996e-01
9.999990463256835938e-01
9.999971389770507812e-01
9.999991655349731445e-01
9.999986886978149414e-01
9.999948143959045410e-01
9.999989867210388184e-01
9.999980330467224121e-01
9.999988079071044922e-01
9.999990463256835938e-01
9.999995231628417969e-01
9.999989271163940430e-01
9.999985694885253906e-01
9.999983310699462891e-01
9.999966025352478027e-01
9.999993443489074707e-01
9.999993443489074707e-01
9.999983310699462891e-01
9.999952316284179688e-01
9.999976158142089844e-01
9.999973177909851074e-01
9.999989271163940430e-01
9.999992847442626953e-01
9.999883770942687988e-01
9.999991059303283691e-01
9.999947547912597656e-01
9.999995231628417969e-01
9.999991655349731445e-01
9.999970197677612305e-01
9.999971389770507812e-01
9.999994635581970215e-01
9.999954104423522949e-01
9.999971389770507812e-01
9.999975562095642090e-01
9.999952316284179688e-01
9.999970197677612305e-01
9.999995231628417969e-01
9.999993443489074707e-01
9.999992847442626953e-01
9.999986886978149414e-01
9.999958276748657227e-01
9.999990463256835938e-01
9.999995231628417969e-01
9.999979734420776367e-01
9.999989867210388184e-01
9.999965429306030273e-01
9.999976158142089844e-01
9.999989271163940430e-01
9.999967813491821289e-01
9.999991655349731445e-01
9.999930858612060547e-01
9.999982118606567383e-01
9.999979734420776367e-01
9.999985694885253906e-01
9.999988079071044922e-01
9.999976754188537598e-01
9.999960660934448242e-01
9.999973773956298828e-01
9.999989271163940430e-01
9.999969005584716797e-01
9.999959468841552734e-01
9.999995231628417969e-01
9.999992847442626953e-01
9.999963045120239258e-01
9.999980330467224121e-01
9.999986290931701660e-01
9.999923110008239746e-01
9.999952316284179688e-01
9.999983310699462891e-01
9.999970197677612305e-01
9.999977350234985352e-01
9.999989271163940430e-01
9.999933242797851562e-01
9.999982714653015137e-01
9.999965429306030273e-01
9.999989271163940430e-01
9.999994635581970215e-01
9.999980330467224121e-01
9.999958276748657227e-01
9.999995827674865723e-01
9.999951720237731934e-01
9.999988675117492676e-01
9.999988079071044922e-01
9.999846220016479492e-01
9.999992251396179199e-01
9.999991059303283691e-01
9.999990463256835938e-01
9.999986886978149414e-01
9.999988079071044922e-01
9.999988079071044922e-01
9.999994039535522461e-01
9.999937415122985840e-01
9.999985098838806152e-01
9.999995231628417969e-01
9.999988079071044922e-01
9.999989271163940430e-01
9.999994039535522461e-01
9.999988675117492676e-01
9.999966621398925781e-01
9.999980330467224121e-01
9.999980926513671875e-01
9.999967217445373535e-01
9.999994039535522461e-01
9.999994039535522461e-01
9.999936819076538086e-01
9.999976158142089844e-01
9.999994635581970215e-01
9.999985694885253906e-01
9.999970197677612305e-01
9.999994039535522461e-01
9.999970197677612305e-01
9.999996423721313477e-01
9.999991059303283691e-01
9.999982118606567383e-01
9.999945163726806641e-01
9.999957084655761719e-01
9.999980926513671875e-01
9.999990463256835938e-01
9.999993443489074707e-01
9.999992847442626953e-01
9.999971985816955566e-01
9.999994039535522461e-01
9.999992847442626953e-01
9.999988675117492676e-01
9.999990463256835938e-01
9.999982714653015137e-01
9.999997019767761230e-01
9.999981522560119629e-01
9.999984502792358398e-01
9.999988079071044922e-01
9.999985694885253906e-01
9.999989271163940430e-01
9.999973177909851074e-01
9.999996423721313477e-01
9.999963641166687012e-01
9.999982118606567383e-01
9.999965429306030273e-01
9.999989867210388184e-01
9.999995231628417969e-01
9.999978542327880859e-01
9.999979734420776367e-01
9.999989271163940430e-01
9.999980926513671875e-01
9.999969601631164551e-01
9.999992251396179199e-01
9.999998211860656738e-01
9.999993443489074707e-01
9.999989867210388184e-01
9.999981522560119629e-01
9.999951124191284180e-01
9.999917149543762207e-01
9.999982118606567383e-01
9.999988079071044922e-01
9.999983906745910645e-01
9.999967813491821289e-01
9.999957084655761719e-01
9.999983310699462891e-01
9.999917149543762207e-01
9.999982118606567383e-01
9.999967217445373535e-01
9.999971985816955566e-01
9.999988079071044922e-01
9.999982118606567383e-01
9.999947547912597656e-01
9.999989271163940430e-01
9.999994039535522461e-01
9.999809265136718750e-01
9.999988079071044922e-01
9.999976158142089844e-01
9.999997019767761230e-01
9.999992847442626953e-01
9.999995827674865723e-01
9.999991655349731445e-01
9.999976158142089844e-01
9.999993443489074707e-01
9.999911785125732422e-01
9.999955892562866211e-01
9.999893307685852051e-01
9.999891519546508789e-01
9.999995231628417969e-01
9.999984502792358398e-01
9.999998807907104492e-01
9.999967813491821289e-01
9.999995827674865723e-01
9.999926090240478516e-01
9.999992847442626953e-01
9.999986886978149414e-01
9.999984502792358398e-01
9.999943971633911133e-01
9.999992847442626953e-01
9.999996423721313477e-01
9.999972581863403320e-01
9.999947547912597656e-01
9.999980926513671875e-01
9.999973773956298828e-01
9.999985098838806152e-01
9.999972581863403320e-01
9.999989867210388184e-01
9.999995827674865723e-01
9.999978542327880859e-01
9.999989867210388184e-01
9.999994039535522461e-01
9.999992847442626953e-01
9.999989271163940430e-01
9.999972581863403320e-01
9.999989271163940430e-01
9.999981522560119629e-01
9.999988675117492676e-01
9.999994635581970215e-01
9.999942779541015625e-01
9.999989867210388184e-01
9.999994039535522461e-01
9.999985694885253906e-01
9.999980926513671875e-01
9.999967813491821289e-01
9.999989271163940430e-01
9.999969601631164551e-01
9.999980926513671875e-01
9.999989271163940430e-01
9.999991655349731445e-01
9.999993443489074707e-01
9.999995231628417969e-01
9.999995827674865723e-01
9.999991655349731445e-01
9.999995231628417969e-01
9.999988079071044922e-01
9.999980926513671875e-01
9.999989271163940430e-01
9.999982714653015137e-01
9.999978542327880859e-01
9.999959468841552734e-01
9.999973177909851074e-01
9.999992251396179199e-01
9.999979734420776367e-01
9.999944567680358887e-01
9.999958276748657227e-01
9.999977350234985352e-01
9.999970197677612305e-01
9.999968409538269043e-01
9.999997019767761230e-01
9.999962449073791504e-01
9.999990463256835938e-01
9.999982118606567383e-01
9.999983310699462891e-01
9.999992847442626953e-01
9.999991655349731445e-01
9.999982118606567383e-01
9.999986886978149414e-01
9.999994039535522461e-01
9.999986290931701660e-01
9.999978542327880859e-01
9.999993443489074707e-01
9.999991655349731445e-01
9.999986290931701660e-01
9.999976158142089844e-01
9.999992847442626953e-01
9.999992847442626953e-01
9.999973773956298828e-01
9.999968409538269043e-01
9.999985694885253906e-01
9.999993443489074707e-01
9.999940395355224609e-01
9.999990463256835938e-01
9.999962449073791504e-01
9.999984502792358398e-01
9.999947547912597656e-01
9.999993443489074707e-01
9.999943971633911133e-01
9.999951124191284180e-01
9.999949932098388672e-01
9.999992847442626953e-01
9.999971389770507812e-01
9.999994635581970215e-01
9.999992847442626953e-01
9.999887943267822266e-01
9.999989271163940430e-01
9.999972581863403320e-01
9.999997615814208984e-01
9.999986886978149414e-01
9.999983310699462891e-01
9.999987483024597168e-01
9.999976158142089844e-01
9.999973773956298828e-01
9.999996423721313477e-01
9.999982118606567383e-01
9.999996423721313477e-01
9.999992847442626953e-01
9.999967813491821289e-01
9.999992847442626953e-01
9.999995827674865723e-01
9.999988079071044922e-01
9.999989271163940430e-01
9.999996423721313477e-01
9.999990463256835938e-01
9.999989867210388184e-01
9.999997019767761230e-01
9.999991655349731445e-01
9.999965429306030273e-01
9.999989867210388184e-01
9.999980926513671875e-01
9.999942183494567871e-01
9.999982118606567383e-01
9.999982118606567383e-01
9.999983310699462891e-01
9.999996423721313477e-01
9.999988079071044922e-01
9.999995231628417969e-01
9.999982118606567383e-01
9.999971389770507812e-01
9.999993443489074707e-01
9.999995231628417969e-01
9.999985694885253906e-01
9.999991655349731445e-01
9.999998807907104492e-01
9.999987483024597168e-01
9.999758005142211914e-01
9.999993443489074707e-01
9.999989867210388184e-01
9.999923110008239746e-01
9.999996423721313477e-01
9.999991059303283691e-01
9.999935626983642578e-01
9.999989271163940430e-01
9.999973773956298828e-01
9.999985694885253906e-01
9.999986886978149414e-01
9.999989271163940430e-01
9.999991655349731445e-01
9.999994635581970215e-01
9.999991655349731445e-01
9.999998807907104492e-01
9.999945163726806641e-01
9.999989867210388184e-01
9.999991655349731445e-01
9.999989867210388184e-01
9.999989271163940430e-01
9.999981522560119629e-01
9.999954700469970703e-01
9.999986886978149414e-01
9.999980926513671875e-01
9.999996423721313477e-01
9.999991655349731445e-01
9.999988675117492676e-01
9.999983310699462891e-01
9.999979734420776367e-01
9.999983310699462891e-01
9.999961256980895996e-01
9.999982118606567383e-01
9.999994039535522461e-01
9.999990463256835938e-01
9.999994039535522461e-01
9.999976158142089844e-01
9.999995827674865723e-01
9.999995827674865723e-01
9.999989867210388184e-01
9.999988079071044922e-01
9.999968409538269043e-01
9.999989271163940430e-01
9.999992847442626953e-01
9.999979734420776367e-01
9.999973773956298828e-01
9.999991655349731445e-01
9.999995827674865723e-01
9.999986886978149414e-01
9.999997019767761230e-01
9.999946951866149902e-01
9.999989867210388184e-01
9.999990463256835938e-01
9.999976754188537598e-01
9.999980330467224121e-01
9.999992847442626953e-01
9.999996423721313477e-01
9.999993443489074707e-01
9.999989271163940430e-01
9.999991655349731445e-01
9.999994039535522461e-01
9.999992847442626953e-01
9.999974966049194336e-01
9.999963045120239258e-01
9.999996423721313477e-01
9.999984502792358398e-01
9.999988079071044922e-01
9.999992251396179199e-01
9.999980330467224121e-01
9.999971985816955566e-01
9.999974966049194336e-01
9.999966621398925781e-01
9.999983310699462891e-01
9.999991059303283691e-01
9.999995231628417969e-01
9.999932050704956055e-01
9.999994635581970215e-01
9.999998807907104492e-01
9.999997615814208984e-01
9.999991655349731445e-01
9.999872446060180664e-01
9.999992847442626953e-01
9.999986886978149414e-01
9.999982118606567383e-01
9.999878406524658203e-01
9.999966621398925781e-01
9.999979734420776367e-01
9.999995827674865723e-01
9.999997615814208984e-01
9.999994039535522461e-01
9.999992847442626953e-01
9.999993443489074707e-01
9.999992847442626953e-01
9.999989271163940430e-01
9.999995827674865723e-01
9.999990463256835938e-01
9.999978542327880859e-01
9.999882578849792480e-01
9.999991059303283691e-01
9.999985098838806152e-01
9.999992847442626953e-01
9.999914169311523438e-01
9.999972581863403320e-01
9.999976158142089844e-01
9.999994039535522461e-01
9.999992847442626953e-01
9.999994635581970215e-01
9.999985694885253906e-01
9.999992847442626953e-01
9.999992847442626953e-01
9.999990463256835938e-01
9.999976158142089844e-01
9.999991655349731445e-01
9.999992251396179199e-01
9.999979734420776367e-01
9.999982118606567383e-01
9.999992847442626953e-01
9.999953508377075195e-01
9.999991655349731445e-01
9.999949932098388672e-01
9.999984502792358398e-01
9.999989867210388184e-01
9.999990463256835938e-01
9.999985694885253906e-01
9.999996423721313477e-01
9.999989271163940430e-01
9.999991059303283691e-01
9.999992847442626953e-01
9.999984502792358398e-01
9.999990463256835938e-01
9.999991655349731445e-01
9.999992847442626953e-01
9.999994635581970215e-01
9.999977946281433105e-01
9.999974966049194336e-01
9.999997615814208984e-01
9.999994635581970215e-01
9.999989867210388184e-01
9.999917745590209961e-01
9.999979734420776367e-01
9.999958276748657227e-01
9.999997615814208984e-01
9.999984502792358398e-01
9.999974966049194336e-01
9.999953508377075195e-01
9.999979734420776367e-01
9.999990463256835938e-01
9.999986290931701660e-01
9.999984502792358398e-01
9.999993443489074707e-01
9.999974966049194336e-01
9.999991655349731445e-01
9.999997615814208984e-01
9.999996423721313477e-01
9.999992251396179199e-01
9.999997019767761230e-01
9.999989271163940430e-01
9.999974966049194336e-01
9.999936819076538086e-01
9.999994039535522461e-01
9.999982118606567383e-01
9.999954104423522949e-01
9.999974966049194336e-01
9.999979138374328613e-01
9.999986290931701660e-01
9.999989271163940430e-01
9.999988079071044922e-01
9.999974966049194336e-01
9.999954104423522949e-01
9.999991059303283691e-01
9.999990463256835938e-01
9.999962449073791504e-01
9.999948740005493164e-01
9.999990463256835938e-01
9.999994635581970215e-01
9.999995827674865723e-01
9.999991655349731445e-01
9.999996423721313477e-01
9.999984502792358398e-01
9.999997019767761230e-01
9.999978542327880859e-01
9.999969005584716797e-01
9.999977946281433105e-01
9.999970197677612305e-01
9.999990463256835938e-01
9.999985694885253906e-01
9.999989271163940430e-01
9.999995231628417969e-01
9.999988079071044922e-01
9.999988675117492676e-01
9.999986886978149414e-01
9.999994635581970215e-01
9.999998211860656738e-01
9.999989271163940430e-01
9.999989271163940430e-01
9.999988079071044922e-01
9.999989271163940430e-01
9.999995231628417969e-01
9.999992847442626953e-01
9.999993443489074707e-01
9.999978542327880859e-01
9.999991655349731445e-01
9.999995827674865723e-01
9.999992847442626953e-01
9.999984502792358398e-01
9.999997615814208984e-01
9.999992251396179199e-01
9.999992251396179199e-01
9.999985694885253906e-01
9.999995231628417969e-01
9.999980926513671875e-01
9.999960660934448242e-01
9.999947547912597656e-01
9.999998211860656738e-01
9.999997615814208984e-01
9.999979734420776367e-01
9.999994039535522461e-01
9.999931454658508301e-01
9.999964833259582520e-01
9.999986886978149414e-01
9.999986886978149414e-01
9.999992847442626953e-01
9.999969005584716797e-01
9.999996423721313477e-01
9.999992847442626953e-01
9.999989271163940430e-01
9.999995231628417969e-01
9.999998211860656738e-01
9.999990463256835938e-01
9.999993443489074707e-01
9.999989867210388184e-01
9.999992847442626953e-01
9.999952912330627441e-01
9.999990463256835938e-01
9.999992251396179199e-01
9.999992847442626953e-01
9.999958276748657227e-01
9.999992847442626953e-01
9.999979734420776367e-01
9.999978542327880859e-01
9.999980330467224121e-01
9.999996423721313477e-01
9.999945163726806641e-01
9.999991655349731445e-01
9.999994635581970215e-01
9.999982714653015137e-01
9.999996423721313477e-01
9.999981522560119629e-01
9.999997019767761230e-01
9.999984502792358398e-01
9.999997615814208984e-01
9.999983310699462891e-01
9.999942183494567871e-01
9.999986886978149414e-01
9.999973773956298828e-01
9.999988079071044922e-01
9.999996423721313477e-01
9.999993443489074707e-01
9.999998807907104492e-01
9.999997019767761230e-01
9.999978542327880859e-01
9.999984502792358398e-01
9.999992847442626953e-01
9.999983906745910645e-01
9.999966025352478027e-01
9.999994039535522461e-01
9.999985694885253906e-01
9.999995231628417969e-01
9.999996423721313477e-01
9.999970197677612305e-01
9.999996423721313477e-01
9.999981522560119629e-01
9.999996423721313477e-01
9.999973773956298828e-01
9.999989271163940430e-01
9.999991655349731445e-01
9.999996423721313477e-01
9.999948740005493164e-01
9.999976754188537598e-01
9.999991059303283691e-01
9.999967813491821289e-01
9.999992847442626953e-01
9.999985694885253906e-01
9.999988079071044922e-01
9.999994039535522461e-01
9.999977946281433105e-01
9.999995827674865723e-01
9.999976158142089844e-01
9.999992847442626953e-01
9.999994039535522461e-01
9.999978542327880859e-01
9.999983310699462891e-01
9.999998807907104492e-01
9.999997019767761230e-01
9.999994039535522461e-01
9.999980926513671875e-01
9.999988079071044922e-01
9.999992847442626953e-01
9.999985694885253906e-01
9.999997615814208984e-01
9.999989271163940430e-01
9.999982714653015137e-01
9.999996423721313477e-01
9.999972581863403320e-01
9.999990463256835938e-01
9.999966025352478027e-01
9.999989271163940430e-01
9.999983310699462891e-01
9.999984502792358398e-01
9.999997615814208984e-01
9.999947547912597656e-01
9.999994635581970215e-01
9.999989271163940430e-01
9.999992847442626953e-01
9.999990463256835938e-01
9.999971389770507812e-01
9.999962449073791504e-01
9.999979734420776367e-01
9.999996423721313477e-01
9.999991059303283691e-01
9.999997019767761230e-01
9.999908208847045898e-01
9.999995231628417969e-01
9.999995231628417969e-01
9.999997615814208984e-01
9.999998807907104492e-01
9.999996423721313477e-01
9.999958276748657227e-01
9.999990463256835938e-01
9.999994635581970215e-01
9.999987483024597168e-01
9.999988675117492676e-01
9.999988079071044922e-01
9.999990463256835938e-01
9.999991655349731445e-01
9.999982714653015137e-01
9.999970197677612305e-01
9.999991655349731445e-01
9.999993443489074707e-01
9.999980330467224121e-01
9.999994039535522461e-01
9.999994039535522461e-01
9.999963045120239258e-01
9.999991655349731445e-01
9.999926090240478516e-01
9.999991655349731445e-01
9.999983310699462891e-01
9.999983906745910645e-01
9.999990463256835938e-01
9.999988675117492676e-01
9.999991655349731445e-01
9.999992847442626953e-01
9.999989271163940430e-01
9.999986290931701660e-01
9.999991059303283691e-01
9.999991655349731445e-01
9.999996423721313477e-01
9.999990463256835938e-01
9.999955892562866211e-01
9.999989271163940430e-01
9.999996423721313477e-01
9.999966621398925781e-01
9.999978542327880859e-01
9.999978542327880859e-01
9.999969005584716797e-01
9.999985694885253906e-01
9.999989867210388184e-01
9.999995231628417969e-01
9.999966621398925781e-01
9.999983310699462891e-01
9.999987483024597168e-01
9.999984502792358398e-01
9.999959468841552734e-01
9.999979734420776367e-01
9.999996423721313477e-01
9.999999403953552246e-01
9.999991059303283691e-01
9.999975562095642090e-01
9.999992847442626953e-01
9.999985694885253906e-01
9.999976754188537598e-01
9.999979734420776367e-01
9.999973773956298828e-01
9.999969601631164551e-01
9.999992847442626953e-01
9.999978542327880859e-01
9.999986290931701660e-01
9.999988079071044922e-01
9.999991655349731445e-01
9.999954700469970703e-01
9.999956488609313965e-01
9.999995231628417969e-01
9.999992847442626953e-01
9.999994039535522461e-01
9.999992847442626953e-01
9.999989271163940430e-01
9.999997019767761230e-01
9.999996423721313477e-01
9.999988079071044922e-01
9.999985694885253906e-01
9.999991655349731445e-01
9.999996423721313477e-01
9.999997019767761230e-01
9.999988079071044922e-01
9.999946355819702148e-01
9.999995231628417969e-01
9.999987483024597168e-01
9.999992847442626953e-01
9.999974370002746582e-01
9.999991655349731445e-01
9.999998807907104492e-01
9.999995231628417969e-01
9.999995231628417969e-01
9.999998807907104492e-01
9.999993443489074707e-01
9.999995231628417969e-01
9.999995231628417969e-01
9.999991059303283691e-01
9.999991655349731445e-01
9.999994039535522461e-01
9.999992847442626953e-01
9.999992251396179199e-01
9.999994039535522461e-01
9.999996423721313477e-01
9.999994635581970215e-01
9.999993443489074707e-01
9.999995827674865723e-01
9.999997019767761230e-01
9.999983906745910645e-01
9.999983310699462891e-01
9.999994039535522461e-01
9.999992847442626953e-01
9.999996423721313477e-01
9.999992847442626953e-01
9.999995231628417969e-01
9.999923706054687500e-01
9.999989271163940430e-01
9.999990463256835938e-01
9.999998211860656738e-01
9.999991655349731445e-01
9.999997615814208984e-01
9.999982714653015137e-01
9.999992847442626953e-01
9.999977350234985352e-01
9.999988079071044922e-01
9.999986886978149414e-01
9.999995231628417969e-01
9.999994039535522461e-01
9.999995231628417969e-01
9.999990463256835938e-01
9.999990463256835938e-01
9.999998807907104492e-01
9.999995231628417969e-01
9.999994635581970215e-01
9.999991655349731445e-01
9.999974370002746582e-01
9.999990463256835938e-01
9.999986290931701660e-01
9.999948143959045410e-01
9.999995827674865723e-01
9.999974966049194336e-01
9.999998211860656738e-01
9.999994039535522461e-01
9.999993443489074707e-01
9.999995827674865723e-01
9.999992847442626953e-01
9.999889731407165527e-01
9.999966621398925781e-01
9.999989271163940430e-01
9.999992251396179199e-01
9.999991655349731445e-01
9.999995231628417969e-01
9.999994635581970215e-01
9.999995231628417969e-01
9.999972581863403320e-01
9.999989271163940430e-01
9.999989271163940430e-01
9.999989867210388184e-01
9.999978542327880859e-01
9.999995231628417969e-01
9.999984502792358398e-01
9.999990463256835938e-01
9.999995231628417969e-01
9.999995827674865723e-01
9.999959468841552734e-01
9.999955892562866211e-01
9.999985694885253906e-01
9.999996423721313477e-01
9.999991655349731445e-01
9.999989867210388184e-01
9.999971389770507812e-01
9.999994039535522461e-01
9.999997615814208984e-01
9.999961853027343750e-01
9.999988079071044922e-01
9.999991655349731445e-01
9.999994039535522461e-01
9.999993443489074707e-01
9.999987483024597168e-01
9.999993443489074707e-01
9.999997615814208984e-01
9.999995827674865723e-01
9.999992847442626953e-01
9.999997019767761230e-01
9.999997019767761230e-01
9.999991655349731445e-01
9.999976158142089844e-01
9.999996423721313477e-01
9.999998807907104492e-01
9.999996423721313477e-01
9.999967813491821289e-01
9.999995231628417969e-01
9.999993443489074707e-01
9.999992847442626953e-01
9.999998211860656738e-01
9.999977350234985352e-01
9.999982118606567383e-01
9.999995231628417969e-01
9.999997615814208984e-01
9.999994039535522461e-01
9.999979734420776367e-01
9.999991655349731445e-01
9.999988079071044922e-01
9.999990463256835938e-01
9.999974966049194336e-01
9.999993443489074707e-01
9.999963045120239258e-01
9.999975562095642090e-01
9.999998807907104492e-01
9.999977350234985352e-01
9.999988079071044922e-01
9.999995827674865723e-01
9.999992251396179199e-01
9.999990463256835938e-01
9.999994039535522461e-01
9.999995231628417969e-01
9.999997615814208984e-01
9.999995231628417969e-01
9.999972581863403320e-01
9.999975562095642090e-01
9.999991655349731445e-01
9.999976158142089844e-01
9.999976158142089844e-01
9.999991059303283691e-01
9.999985694885253906e-01
9.999915361404418945e-01
9.999988079071044922e-01
9.999988675117492676e-01
9.999992847442626953e-01
9.999970197677612305e-01
9.999979138374328613e-01
9.999996423721313477e-01
9.999988079071044922e-01
9.999990463256835938e-01
9.999961853027343750e-01
9.999986886978149414e-01
9.999985694885253906e-01
9.999994039535522461e-01
9.999995827674865723e-01
9.999992847442626953e-01
9.999995827674865723e-01
9.999995827674865723e-01
9.999985694885253906e-01
9.999991655349731445e-01
9.999984502792358398e-01
9.999991655349731445e-01
9.999985694885253906e-01
9.999972581863403320e-01
9.999974966049194336e-01
9.999997019767761230e-01
9.999996423721313477e-01
9.999991655349731445e-01
9.999986290931701660e-01
9.999992847442626953e-01
9.999985694885253906e-01
9.999997019767761230e-01
9.999993443489074707e-01
9.999995231628417969e-01
9.999991655349731445e-01
9.999995231628417969e-01
9.999989867210388184e-01
9.999991059303283691e-01
9.999998807907104492e-01
9.999977946281433105e-01
9.999994039535522461e-01
9.999996423721313477e-01
9.999997615814208984e-01
9.999986290931701660e-01
9.999991655349731445e-01
9.999992251396179199e-01
9.999990463256835938e-01
9.999995827674865723e-01
9.999963641166687012e-01
9.999949336051940918e-01
9.999995231628417969e-01
9.999991059303283691e-01
9.999994635581970215e-01
9.999991059303283691e-01
9.999995231628417969e-01
9.999990463256835938e-01
9.999991059303283691e-01
9.999988079071044922e-01
9.999994039535522461e-01
9.999998807907104492e-01
9.999991655349731445e-01
9.999977350234985352e-01
9.999995231628417969e-01
9.999994039535522461e-01
9.999994039535522461e-01
9.999976754188537598e-01
9.999998211860656738e-01
9.999990463256835938e-01
9.999978542327880859e-01
9.999991655349731445e-01
9.999995231628417969e-01
9.999995231628417969e-01
9.999982714653015137e-01
9.999986886978149414e-01
9.999988675117492676e-01
9.999997019767761230e-01
9.999996423721313477e-01
9.999977350234985352e-01
9.999988079071044922e-01
9.999996423721313477e-01
9.999995827674865723e-01
9.999987483024597168e-01
9.999996423721313477e-01
9.999995231628417969e-01
1.000000000000000000e+00
9.999997615814208984e-01
9.999997615814208984e-01
9.999990463256835938e-01
9.999998211860656738e-01
9.999990463256835938e-01
9.999934434890747070e-01
9.999988675117492676e-01
9.999986290931701660e-01
9.999993443489074707e-01
9.999988079071044922e-01
9.999969005584716797e-01
9.999985694885253906e-01
9.999994039535522461e-01
9.999983310699462891e-01
9.999992847442626953e-01
9.999995827674865723e-01
9.999878406524658203e-01
9.999966621398925781e-01
9.999996423721313477e-01
9.999988079071044922e-01
9.999985098838806152e-01
9.999992251396179199e-01
9.999991655349731445e-01
9.999995231628417969e-01
9.999992847442626953e-01
9.999992847442626953e-01
9.999989271163940430e-01
9.999997615814208984e-01
9.999995231628417969e-01
9.999989271163940430e-01
9.999994039535522461e-01
9.999995231628417969e-01
9.999986886978149414e-01
9.999998211860656738e-01
9.999995231628417969e-01
9.999991655349731445e-01
9.999994635581970215e-01
9.999995231628417969e-01
9.999986886978149414e-01
9.999995827674865723e-01
9.999985098838806152e-01
9.999981522560119629e-01
9.999995827674865723e-01
9.999992251396179199e-01
9.999985098838806152e-01
9.999990463256835938e-01
9.999994039535522461e-01
9.999984502792358398e-01
9.999990463256835938e-01
9.999997615814208984e-01
9.999976158142089844e-01
9.999983906745910645e-01
9.999989867210388184e-01
9.999992847442626953e-01
9.999995231628417969e-01
9.999991059303283691e-01
9.999991655349731445e-01
9.999994635581970215e-01
9.999976754188537598e-01
9.999995827674865723e-01
9.999992847442626953e-01
9.999997615814208984e-01
9.999992251396179199e-01
9.999996423721313477e-01
9.999997019767761230e-01
9.999995827674865723e-01
9.999985694885253906e-01
9.999989867210388184e-01
9.999983906745910645e-01
9.999997615814208984e-01
9.999991059303283691e-01
1.000000000000000000e+00
9.999984502792358398e-01
9.999996423721313477e-01
9.999974966049194336e-01
9.999992847442626953e-01
9.999983310699462891e-01
9.999996423721313477e-01
9.999989867210388184e-01
9.999992847442626953e-01
9.999994635581970215e-01
9.999978542327880859e-01
9.999997615814208984e-01
9.999992847442626953e-01
9.999989867210388184e-01
9.999992847442626953e-01
9.999990463256835938e-01
9.999995231628417969e-01
9.999980926513671875e-01
9.999996423721313477e-01
9.999994039535522461e-01
9.999995231628417969e-01
9.999996423721313477e-01
9.999989271163940430e-01
9.999991655349731445e-01
9.999985694885253906e-01
9.999989271163940430e-01
9.999996423721313477e-01
9.999994039535522461e-01
9.999997019767761230e-01
9.999992847442626953e-01
9.999997019767761230e-01
9.999995827674865723e-01
9.999995231628417969e-01
9.999976754188537598e-01
9.999990463256835938e-01
9.999995231628417969e-01
9.999987483024597168e-01
9.999973773956298828e-01
9.999991655349731445e-01
9.999988675117492676e-01
9.999996423721313477e-01
9.999986886978149414e-01
9.999992847442626953e-01
9.999994039535522461e-01
9.999996423721313477e-01
9.999985694885253906e-01
9.999986290931701660e-01
9.999995231628417969e-01
9.999989271163940430e-01
9.999981522560119629e-01
9.999979734420776367e-01
9.999996423721313477e-01
9.999983310699462891e-01
9.999992847442626953e-01
9.999997615814208984e-01
9.999995231628417969e-01
9.999991655349731445e-01
9.999995827674865723e-01
9.999997615814208984e-01
9.999989271163940430e-01
9.999994635581970215e-01
9.999992847442626953e-01
9.999996423721313477e-01
9.999982118606567383e-01
9.999995231628417969e-01
9.999991655349731445e-01
9.999995231628417969e-01
9.999996423721313477e-01
9.999983906745910645e-01
9.999995231628417969e-01
9.999970793724060059e-01
9.999995827674865723e-01
9.999989271163940430e-01
9.999998807907104492e-01
9.999997615814208984e-01
9.999991655349731445e-01
9.999983310699462891e-01
9.999992847442626953e-01
9.999994039535522461e-01
9.999965429306030273e-01
9.999997019767761230e-01
9.999995827674865723e-01
9.999992847442626953e-01
9.999995827674865723e-01
9.999985098838806152e-01
9.999988079071044922e-01
9.999984502792358398e-01
9.999997615814208984e-01
9.999997615814208984e-01
9.999990463256835938e-01
9.999993443489074707e-01
9.999998807907104492e-01
9.999995231628417969e-01
9.999983310699462891e-01
9.999961853027343750e-01
9.999998807907104492e-01
9.999977350234985352e-01
9.999997019767761230e-01
9.999996423721313477e-01
9.999989271163940430e-01
9.999960660934448242e-01
9.999977350234985352e-01
9.999996423721313477e-01
9.999985694885253906e-01
9.999993443489074707e-01
9.999978542327880859e-01
9.999995231628417969e-01
9.999993443489074707e-01
9.999985098838806152e-01
9.999989271163940430e-01
9.999974966049194336e-01
9.999986290931701660e-01
9.999998807907104492e-01
9.999995827674865723e-01
9.999992847442626953e-01
9.999986886978149414e-01
9.999981522560119629e-01
9.999994635581970215e-01
9.999997615814208984e-01
9.999991655349731445e-01
9.999989271163940430e-01
9.999963641166687012e-01
9.999983310699462891e-01
9.999993443489074707e-01
9.999985098838806152e-01
9.999980926513671875e-01
9.999995827674865723e-01
9.999997615814208984e-01
9.999998807907104492e-01
9.999984502792358398e-01
9.999997615814208984e-01
9.999985694885253906e-01
9.999996423721313477e-01
9.999994039535522461e-01
9.999996423721313477e-01
9.999999403953552246e-01
9.999994039535522461e-01
9.999995231628417969e-01
9.999993443489074707e-01
9.999997615814208984e-01
9.999996423721313477e-01
9.999992251396179199e-01
9.999983906745910645e-01
9.999996423721313477e-01
9.999980330467224121e-01
9.999995231628417969e-01
9.999991655349731445e-01
9.999976754188537598e-01
9.999983906745910645e-01
9.999874830245971680e-01
9.999994039535522461e-01
9.999989867210388184e-01
9.999991655349731445e-01
9.999989867210388184e-01
9.999997019767761230e-01
9.999985694885253906e-01
9.999996423721313477e-01
9.999996423721313477e-01
1.000000000000000000e+00
9.999985098838806152e-01
9.999998211860656738e-01
9.999979138374328613e-01
9.999997019767761230e-01
9.999979734420776367e-01
9.999945759773254395e-01
9.999995231628417969e-01
9.999997019767761230e-01
9.999990463256835938e-01
9.999998211860656738e-01
9.999987483024597168e-01
9.999984502792358398e-01
9.999988675117492676e-01
9.999998807907104492e-01
9.999995231628417969e-01
9.999910593032836914e-01
9.999992847442626953e-01
9.999995231628417969e-01
9.999995827674865723e-01
9.999985098838806152e-01
9.999996423721313477e-01
9.999997615814208984e-01
9.999994039535522461e-01
9.999988079071044922e-01
9.999988079071044922e-01
9.999997019767761230e-01
9.999995231628417969e-01
9.999985098838806152e-01
9.999961256980895996e-01
9.999986886978149414e-01
9.999988675117492676e-01
9.999974370002746582e-01
9.999997615814208984e-01
9.999994039535522461e-01
9.999996423721313477e-01
9.999996423721313477e-01
9.999998807907104492e-01
9.999996423721313477e-01
9.999995231628417969e-01
9.999986290931701660e-01
9.999983906745910645e-01
9.999994039535522461e-01
9.999989867210388184e-01
9.999955892562866211e-01
9.999998807907104492e-01
9.999996423721313477e-01
9.999997615814208984e-01
9.999989271163940430e-01
9.999996423721313477e-01
9.999995231628417969e-01
9.999994039535522461e-01
9.999989271163940430e-01
9.999995231628417969e-01
9.999992847442626953e-01
9.999997019767761230e-01
9.999991655349731445e-01
9.999994039535522461e-01
9.999985694885253906e-01
9.999995827674865723e-01
9.999982118606567383e-01
9.999997615814208984e-01
9.999993443489074707e-01
9.999990463256835938e-01
9.999994039535522461e-01
9.999976158142089844e-01
9.999994039535522461e-01
9.999994039535522461e-01
9.999989271163940430e-01
9.999992847442626953e-01
9.999992847442626953e-01
9.999997615814208984e-01
9.999998807907104492e-01
9.999998807907104492e-01
9.999992251396179199e-01
9.999995827674865723e-01
1.000000000000000000e+00
9.999976158142089844e-01
9.999991655349731445e-01
9.999992847442626953e-01
9.999963045120239258e-01
9.999994039535522461e-01
9.999997615814208984e-01
9.999989271163940430e-01
9.999988079071044922e-01
9.999995231628417969e-01
9.999998807907104492e-01
9.999996423721313477e-01
9.999996423721313477e-01
9.999994039535522461e-01
9.999997019767761230e-01
9.999984502792358398e-01
9.999997019767761230e-01
9.999994039535522461e-01
9.999979138374328613e-01
9.999996423721313477e-01
9.999997019767761230e-01
9.999990463256835938e-01
9.999992847442626953e-01
9.999997615814208984e-01
9.999991655349731445e-01
9.999966621398925781e-01
9.999997615814208984e-01
9.999994039535522461e-01
9.999995231628417969e-01
9.999992251396179199e-01
9.999998211860656738e-01
9.999990463256835938e-01
9.999991655349731445e-01
9.999993443489074707e-01
9.999974966049194336e-01
9.999997615814208984e-01
9.999986886978149414e-01
9.999979138374328613e-01
9.999995231628417969e-01
9.999994039535522461e-01
9.999997615814208984e-01
9.999988079071044922e-01
9.999994039535522461e-01
9.999997019767761230e-01
9.999998807907104492e-01
9.999996423721313477e-01
9.999995827674865723e-01
9.999997615814208984e-01
9.999998807907104492e-01
9.999996423721313477e-01
9.999986886978149414e-01
9.999997615814208984e-01
9.999969005584716797e-01
9.999997019767761230e-01
9.999995827674865723e-01
9.999985098838806152e-01
9.999996423721313477e-01
9.999994039535522461e-01
9.999994039535522461e-01
9.999995827674865723e-01
9.999996423721313477e-01
9.999997019767761230e-01
9.999963641166687012e-01
9.999985694885253906e-01
9.999997019767761230e-01
9.999997615814208984e-01
9.999995827674865723e-01
9.999955892562866211e-01
9.999979138374328613e-01
9.999986886978149414e-01
9.999994039535522461e-01
9.999997615814208984e-01
9.999998807907104492e-01
9.999995231628417969e-01
9.999998211860656738e-01
9.999995231628417969e-01
9.999995827674865723e-01
9.999980926513671875e-01
9.999992847442626953e-01
9.999995827674865723e-01
9.999994039535522461e-01
9.999993443489074707e-01
9.999991655349731445e-01
9.999994039535522461e-01
9.999996423721313477e-01
9.999995231628417969e-01
9.999991655349731445e-01
9.999992847442626953e-01
9.999989271163940430e-01
9.999998807907104492e-01
9.999991655349731445e-01
9.999992847442626953e-01
1.000000000000000000e+00
9.999996423721313477e-01
9.999989867210388184e-01
9.999983310699462891e-01
9.999974966049194336e-01
9.999989271163940430e-01
9.999959468841552734e-01
9.999992847442626953e-01
9.999995231628417969e-01
9.999997615814208984e-01
9.999989867210388184e-01
9.999982118606567383e-01
9.999995231628417969e-01
9.999989867210388184e-01
9.999995827674865723e-01
9.999977946281433105e-01
9.999989867210388184e-01
9.999995827674865723e-01
9.999995231628417969e-01
9.999992847442626953e-01
9.999985694885253906e-01
9.999995231628417969e-01
9.999988079071044922e-01
9.999998807907104492e-01
9.999985694885253906e-01
9.999985694885253906e-01
9.999993443489074707e-01
9.999997615814208984e-01
9.999979734420776367e-01
9.999993443489074707e-01
9.999994635581970215e-01
9.999995231628417969e-01
9.999991059303283691e-01
9.999994039535522461e-01
9.999982714653015137e-01
9.999995231628417969e-01
9.999991655349731445e-01
9.999998807907104492e-01
9.999995827674865723e-01
9.999995231628417969e-01
9.999992847442626953e-01
9.999996423721313477e-01
9.999997019767761230e-01
9.999996423721313477e-01
9.999996423721313477e-01
9.999994039535522461e-01
9.999980330467224121e-01
9.999995231628417969e-01
9.999996423721313477e-01
9.999996423721313477e-01
9.999989271163940430e-01
9.999988079071044922e-01
9.999983310699462891e-01
9.999989271163940430e-01
9.999997615814208984e-01
9.999997019767761230e-01
9.999998807907104492e-01
9.999998211860656738e-01
9.999998807907104492e-01
9.999985694885253906e-01
9.999994039535522461e-01
9.999996423721313477e-01
9.999980330467224121e-01
9.999995231628417969e-01
9.999997615814208984e-01
9.999996423721313477e-01
9.999997615814208984e-01
9.999995827674865723e-01
9.999997615814208984e-01
9.999971389770507812e-01
9.999994039535522461e-01
9.999986886978149414e-01
9.999998807907104492e-01
9.999998211860656738e-01
9.999989867210388184e-01
9.999985694885253906e-01
9.999997615814208984e-01
9.999995827674865723e-01
9.999997615814208984e-01
9.999957680702209473e-01
9.999997615814208984e-01
9.999992847442626953e-01
9.999972581863403320e-01
9.999998211860656738e-01
9.999988079071044922e-01
9.999990463256835938e-01
9.999980926513671875e-01
9.999951720237731934e-01
9.999989867210388184e-01
9.999997615814208984e-01
9.999996423721313477e-01
9.999992251396179199e-01
9.999995231628417969e-01
9.999990463256835938e-01
9.999997615814208984e-01
9.999998807907104492e-01
9.999996423721313477e-01
9.999998807907104492e-01
9.999997615814208984e-01
9.999976158142089844e-01
9.999982118606567383e-01
9.999973773956298828e-01
9.999996423721313477e-01
9.999982118606567383e-01
9.999983906745910645e-01
9.999995827674865723e-01
9.999995827674865723e-01
9.999938011169433594e-01
9.999994635581970215e-01
9.999991059303283691e-01
9.999995231628417969e-01
9.999994635581970215e-01
9.999990463256835938e-01
9.999988079071044922e-01
9.999977350234985352e-01
9.999987483024597168e-01
9.999986886978149414e-01
9.999997615814208984e-01
9.999992847442626953e-01
9.999989271163940430e-01
9.999988079071044922e-01
9.999994039535522461e-01
9.999980330467224121e-01
9.999997615814208984e-01
9.999972581863403320e-01
9.999994635581970215e-01
9.999998807907104492e-01
9.999997019767761230e-01
9.999997615814208984e-01
9.999988079071044922e-01
9.999998807907104492e-01
9.999995231628417969e-01
9.999998211860656738e-01
9.999989867210388184e-01
9.999997615814208984e-01
9.999997615814208984e-01
9.999995231628417969e-01
9.999994635581970215e-01
9.999998807907104492e-01
9.999994039535522461e-01
9.999995231628417969e-01
9.999993443489074707e-01
9.999980926513671875e-01
9.999998211860656738e-01
9.999993443489074707e-01
9.999995231628417969e-01
9.999996423721313477e-01
9.999952316284179688e-01
9.999991655349731445e-01
9.999979734420776367e-01
9.999997615814208984e-01
9.999997615814208984e-01
9.999991655349731445e-01
9.999996423721313477e-01
9.999997615814208984e-01
9.999997019767761230e-01
9.999983906745910645e-01
9.999978542327880859e-01
9.999995827674865723e-01
9.999992847442626953e-01
9.999991655349731445e-01
9.999990463256835938e-01
9.999997615814208984e-01
9.999997615814208984e-01
9.999997019767761230e-01
9.999997615814208984e-01
9.999996423721313477e-01
9.999995231628417969e-01
9.999998807907104492e-01
9.999998807907104492e-01
9.999991655349731445e-01
9.999990463256835938e-01
9.999983310699462891e-01
9.999989271163940430e-01
9.999979734420776367e-01
9.999999403953552246e-01
9.999994635581970215e-01
9.999993443489074707e-01
9.999997019767761230e-01
9.999999403953552246e-01
9.999996423721313477e-01
9.999983310699462891e-01
9.999979734420776367e-01
9.999995231628417969e-01
9.999988079071044922e-01
9.999983310699462891e-01
9.999984502792358398e-01
9.999988675117492676e-01
9.999997019767761230e-01
9.999997615814208984e-01
9.999998211860656738e-01
9.999972581863403320e-01
9.999998807907104492e-01
9.999995827674865723e-01
9.999995231628417969e-01
9.999995231628417969e-01
9.999998807907104492e-01
9.999992251396179199e-01
9.999991655349731445e-01
9.999995231628417969e-01
9.999995827674865723e-01
9.999995231628417969e-01
9.999991059303283691e-01
9.999989867210388184e-01
9.999989867210388184e-01
9.999998807907104492e-01
9.999987483024597168e-01
9.999998807907104492e-01
9.999994039535522461e-01
9.999997615814208984e-01
9.999998211860656738e-01
9.999997615814208984e-01
9.999997615814208984e-01
9.999985694885253906e-01
9.999989867210388184e-01
9.999997615814208984e-01
9.999997615814208984e-01
9.999992847442626953e-01
9.999992847442626953e-01
9.999996423721313477e-01
9.999992847442626953e-01
9.999996423721313477e-01
9.999998211860656738e-01
9.999996423721313477e-01
9.999991655349731445e-01
9.999998807907104492e-01
9.999997615814208984e-01
9.999993443489074707e-01
9.999989271163940430e-01
9.999997615814208984e-01
9.999987483024597168e-01
9.999982118606567383e-01
9.999998807907104492e-01
9.999998807907104492e-01
9.999990463256835938e-01
9.999995827674865723e-01
9.999992847442626953e-01
9.999998807907104492e-01
9.999991655349731445e-01
9.999995827674865723e-01
9.999995231628417969e-01
9.999997615814208984e-01
9.999989271163940430e-01
9.999985694885253906e-01
9.999993443489074707e-01
9.999997615814208984e-01
9.999994039535522461e-01
9.999997615814208984e-01
9.999994039535522461e-01
9.999997615814208984e-01
9.999992847442626953e-01
9.999997615814208984e-01
9.999982714653015137e-01
9.999990463256835938e-01
9.999996423721313477e-01
9.999987483024597168e-01
9.999997019767761230e-01
9.999998211860656738e-01
9.999995231628417969e-01
9.999988079071044922e-01
9.999997615814208984e-01
9.999993443489074707e-01
9.999997019767761230e-01
9.999994635581970215e-01
9.999999403953552246e-01
9.999995231628417969e-01
9.999998211860656738e-01
9.999993443489074707e-01
9.999994635581970215e-01
9.999986290931701660e-01
9.999985694885253906e-01
9.999988675117492676e-01
9.999992847442626953e-01
9.999983906745910645e-01
9.999995231628417969e-01
9.999988675117492676e-01
9.999996423721313477e-01
9.999983906745910645e-01
9.999988079071044922e-01
9.999995827674865723e-01
9.999997615814208984e-01
9.999995827674865723e-01
9.999997019767761230e-01
9.999998807907104492e-01
9.999992847442626953e-01
9.999998807907104492e-01
9.999996423721313477e-01
9.999990463256835938e-01
9.999994039535522461e-01
9.999997615814208984e-01
9.999991655349731445e-01
9.999989867210388184e-01
9.999989271163940430e-01
9.999997615814208984e-01
9.999994039535522461e-01
9.999995231628417969e-01
9.999996423721313477e-01
9.999999403953552246e-01
9.999946355819702148e-01
9.999995231628417969e-01
9.999997019767761230e-01
9.999994039535522461e-01
9.999995231628417969e-01
9.999996423721313477e-01
9.999994039535522461e-01
9.999950528144836426e-01
9.999996423721313477e-01
9.999998211860656738e-01
9.999952912330627441e-01
9.999995231628417969e-01
9.999995231628417969e-01
9.999994635581970215e-01
9.999996423721313477e-01
9.999991655349731445e-01
9.999993443489074707e-01
9.999994039535522461e-01
9.999997615814208984e-01
9.999983310699462891e-01
9.999978542327880859e-01
9.999984502792358398e-01
9.999984502792358398e-01
9.999993443489074707e-01
9.999995231628417969e-01
9.999996423721313477e-01
9.999988079071044922e-01
9.999992847442626953e-01
9.999990463256835938e-01
9.999997615814208984e-01
9.999995231628417969e-01
9.999998807907104492e-01
9.999991059303283691e-01
9.999990463256835938e-01
9.999996423721313477e-01
9.999997615814208984e-01
9.999998211860656738e-01
9.999996423721313477e-01
9.999991059303283691e-01
9.999996423721313477e-01
9.999982118606567383e-01
9.999994039535522461e-01
9.999998807907104492e-01
9.999985694885253906e-01
9.999960660934448242e-01
9.999994039535522461e-01
9.999985694885253906e-01
9.999992251396179199e-01
9.999988079071044922e-01
9.999997615814208984e-01
9.999994039535522461e-01
9.999997615814208984e-01
9.999997615814208984e-01
9.999988079071044922e-01
9.999994039535522461e-01
9.999999403953552246e-01
9.999997019767761230e-01
9.999989271163940430e-01
9.999988079071044922e-01
9.999998807907104492e-01
9.999996423721313477e-01
9.999995231628417969e-01
9.999996423721313477e-01
9.999993443489074707e-01
9.999992251396179199e-01
9.999998807907104492e-01
9.999996423721313477e-01
9.999992847442626953e-01
9.999995231628417969e-01
9.999998807907104492e-01
9.999992251396179199e-01
9.999992251396179199e-01
9.999997615814208984e-01
9.999995231628417969e-01
9.999994635581970215e-01
9.999988675117492676e-01
9.999986886978149414e-01
9.999994039535522461e-01
9.999960064888000488e-01
9.999994039535522461e-01
9.999992847442626953e-01
9.999997615814208984e-01
9.999997019767761230e-01
9.999996423721313477e-01
9.999975562095642090e-01
9.999984502792358398e-01
9.999997615814208984e-01
9.999995231628417969e-01
9.999994635581970215e-01
9.999991059303283691e-01
9.999996423721313477e-01
9.999996423721313477e-01
9.999997019767761230e-01
9.999992847442626953e-01
9.999990463256835938e-01
9.999990463256835938e-01
9.999995827674865723e-01
9.999996423721313477e-01
9.999992847442626953e-01
9.999983310699462891e-01
9.999993443489074707e-01
9.999997615814208984e-01
9.999995231628417969e-01
9.999988079071044922e-01
9.999992847442626953e-01
9.999996423721313477e-01
9.999994635581970215e-01
9.999978542327880859e-01
9.999998807907104492e-01
9.999994039535522461e-01
9.999998807907104492e-01
9.999997615814208984e-01
1.000000000000000000e+00
9.999986886978149414e-01
9.999994635581970215e-01
9.999994039535522461e-01
9.999994039535522461e-01
9.999966621398925781e-01
9.999994039535522461e-01
9.999995231628417969e-01
9.999995231628417969e-01
9.999989271163940430e-01
9.999997615814208984e-01
9.999995231628417969e-01
9.999997615814208984e-01
9.999990463256835938e-01
9.999991655349731445e-01
9.999977946281433105e-01
9.999995231628417969e-01
9.999998807907104492e-01
9.999990463256835938e-01
9.999998807907104492e-01
9.999994039535522461e-01
9.999997615814208984e-01
9.999987483024597168e-01
9.999993443489074707e-01
9.999997615814208984e-01
9.999996423721313477e-01
9.999996423721313477e-01
9.999996423721313477e-01
9.999996423721313477e-01
9.999997615814208984e-01
9.999994635581970215e-01
9.999988079071044922e-01
9.999987483024597168e-01
9.999997615814208984e-01
9.999928474426269531e-01
9.999994039535522461e-01
9.999984502792358398e-01
9.999977350234985352e-01
9.999979734420776367e-01
9.999997019767761230e-01
9.999995827674865723e-01
9.999998807907104492e-01
9.999994039535522461e-01
9.999994039535522461e-01
9.999997615814208984e-01
9.999998211860656738e-01
9.999989867210388184e-01
9.999997615814208984e-01
9.999998807907104492e-01
9.999997615814208984e-01
9.999996423721313477e-01
9.999994039535522461e-01
9.999997615814208984e-01
9.999996423721313477e-01
9.999996423721313477e-01
9.999996423721313477e-01
9.999997019767761230e-01
9.999994635581970215e-01
9.999992251396179199e-01
9.999990463256835938e-01
9.999994039535522461e-01
9.999984502792358398e-01
9.999994039535522461e-01
9.999997019767761230e-01
9.999987483024597168e-01
9.999994039535522461e-01
9.999992251396179199e-01
9.999996423721313477e-01
9.999997615814208984e-01
9.999997019767761230e-01
9.999997019767761230e-01
9.999989271163940430e-01
9.999997615814208984e-01
9.999996423721313477e-01
9.999998211860656738e-01
9.999997019767761230e-01
9.999998807907104492e-01
9.999998211860656738e-01
9.999997019767761230e-01
9.999988079071044922e-01
9.999983906745910645e-01
9.999995231628417969e-01
9.999994039535522461e-01
9.999998211860656738e-01
9.999999403953552246e-01
9.999997615814208984e-01
9.999991655349731445e-01
9.999995827674865723e-01
9.999995231628417969e-01
9.999999403953552246e-01
9.999995827674865723e-01
9.999997615814208984e-01
9.999998211860656738e-01
9.999995231628417969e-01
9.999998211860656738e-01
9.999998807907104492e-01
9.999989271163940430e-01
9.999973177909851074e-01
9.999997615814208984e-01
9.999985694885253906e-01
9.999997615814208984e-01
9.999989867210388184e-01
9.999995231628417969e-01
9.999990463256835938e-01
9.999997615814208984e-01
9.999998211860656738e-01
9.999998807907104492e-01
9.999989271163940430e-01
9.999992251396179199e-01
9.999989271163940430e-01
9.999974370002746582e-01
9.999998211860656738e-01
9.999983906745910645e-01
9.999998807907104492e-01
9.999997615814208984e-01
9.999993443489074707e-01
9.999998211860656738e-01
9.999998211860656738e-01
9.999972581863403320e-01
9.999974370002746582e-01
9.999998807907104492e-01
9.999998211860656738e-01
9.999989271163940430e-01
9.999980926513671875e-01
9.999995231628417969e-01
9.999996423721313477e-01
9.999974966049194336e-01
9.999997615814208984e-01
9.999994635581970215e-01
9.999997615814208984e-01
9.999995231628417969e-01
9.999997019767761230e-01
1.000000000000000000e+00
9.999994039535522461e-01
9.999992847442626953e-01
9.999987483024597168e-01
9.999997615814208984e-01
9.999998807907104492e-01
1.000000000000000000e+00
9.999980926513671875e-01
9.999998807907104492e-01
9.999993443489074707e-01
9.999989271163940430e-01
9.999992847442626953e-01
9.999994039535522461e-01
9.999998807907104492e-01
9.999998211860656738e-01
9.999996423721313477e-01
9.999996423721313477e-01
9.999993443489074707e-01
9.999996423721313477e-01
9.999998807907104492e-01
9.999997615814208984e-01
9.999997019767761230e-01
9.999998211860656738e-01
9.999997615814208984e-01
9.999998807907104492e-01
9.999998211860656738e-01
9.999995231628417969e-01
9.999997615814208984e-01
9.999983310699462891e-01
9.999998211860656738e-01
9.999997615814208984e-01
9.999997615814208984e-01
9.999997615814208984e-01
9.999992847442626953e-01
9.999991655349731445e-01
9.999998211860656738e-01
9.999999403953552246e-01
9.999989867210388184e-01
9.999988675117492676e-01
9.999996423721313477e-01
9.999997615814208984e-01
9.999992847442626953e-01
9.999997019767761230e-01
9.999993443489074707e-01
9.999989271163940430e-01
9.999995231628417969e-01
9.999986886978149414e-01
9.999995827674865723e-01
9.999998211860656738e-01
9.999994039535522461e-01
9.999992251396179199e-01
9.999988079071044922e-01
9.999994635581970215e-01
9.999996423721313477e-01
9.999997019767761230e-01
9.999994635581970215e-01
9.999994039535522461e-01
9.999999403953552246e-01
9.999998211860656738e-01
9.999992251396179199e-01
9.999995827674865723e-01
9.999992847442626953e-01
9.999997019767761230e-01
9.999984502792358398e-01
9.999998211860656738e-01
9.999983310699462891e-01
9.999997615814208984e-01
9.999996423721313477e-01
9.999998211860656738e-01
9.999997615814208984e-01
9.999998807907104492e-01
9.999994635581970215e-01
9.999994635581970215e-01
1.000000000000000000e+00
9.999997615814208984e-01
9.999997019767761230e-01
9.999994635581970215e-01
9.999996423721313477e-01
9.999995231628417969e-01
9.999992847442626953e-01
9.999998807907104492e-01
9.999994039535522461e-01
9.999998807907104492e-01
9.999997019767761230e-01
9.999998211860656738e-01
9.999994039535522461e-01
9.999986886978149414e-01
9.999997615814208984e-01
9.999979138374328613e-01
9.999996423721313477e-01
9.999996423721313477e-01
9.999997019767761230e-01
9.999997615814208984e-01
9.999999403953552246e-01
9.999998807907104492e-01
9.999995231628417969e-01
9.999988675117492676e-01
9.999946951866149902e-01
9.999998807907104492e-01
9.999992847442626953e-01
9.999995231628417969e-01
9.999997019767761230e-01
9.999997019767761230e-01
9.999998807907104492e-01
9.999996423721313477e-01
9.999986290931701660e-01
9.999997615814208984e-01
9.999985694885253906e-01
9.999999403953552246e-01
9.999996423721313477e-01
9.999996423721313477e-01
9.999997615814208984e-01
9.999994635581970215e-01
9.999995231628417969e-01
9.999994635581970215e-01
9.999995231628417969e-01
9.999999403953552246e-01
9.999995231628417969e-01
9.999996423721313477e-01
9.999990463256835938e-01
9.999991059303283691e-01
9.999997019767761230e-01
9.999952316284179688e-01
9.999993443489074707e-01
9.999997615814208984e-01
9.999991655349731445e-01
9.999995827674865723e-01
9.999996423721313477e-01
9.999997615814208984e-01
9.999998807907104492e-01
9.999985694885253906e-01
9.999998211860656738e-01
9.999998211860656738e-01
9.999994039535522461e-01
9.999996423721313477e-01
9.999997615814208984e-01
9.999997615814208984e-01
9.999990463256835938e-01
9.999985098838806152e-01
9.999997019767761230e-01
9.999990463256835938e-01
9.999998807907104492e-01
9.999998211860656738e-01
9.999995231628417969e-01
9.999998807907104492e-01
9.999991655349731445e-01
9.999995231628417969e-01
9.999998807907104492e-01
9.999990463256835938e-01
9.999999403953552246e-01
9.999998807907104492e-01
9.999990463256835938e-01
9.999985694885253906e-01
9.999994039535522461e-01
9.999995827674865723e-01
9.999998211860656738e-01
9.999963045120239258e-01
9.999994635581970215e-01
9.999994635581970215e-01
9.999997615814208984e-01
9.999991655349731445e-01
9.999986886978149414e-01
9.999997615814208984e-01
9.999988675117492676e-01
9.999998807907104492e-01
9.999996423721313477e-01
9.999998807907104492e-01
9.999989271163940430e-01
9.999992847442626953e-01
9.999998211860656738e-01
9.999999403953552246e-01
9.999993443489074707e-01
9.999996423721313477e-01
9.999995827674865723e-01
9.999992251396179199e-01
9.999992847442626953e-01
9.999998807907104492e-01
9.999995231628417969e-01
9.999997615814208984e-01
9.999998211860656738e-01
9.999994039535522461e-01
9.999995231628417969e-01
9.999995231628417969e-01
9.999994039535522461e-01
9.999992251396179199e-01
9.999996423721313477e-01
9.999990463256835938e-01
9.999998807907104492e-01
9.999995827674865723e-01
9.999994039535522461e-01
9.999996423721313477e-01
9.999988079071044922e-01
9.999996423721313477e-01
9.999995231628417969e-01
9.999996423721313477e-01
9.999997615814208984e-01
9.999991655349731445e-01
9.999986886978149414e-01
9.999998807907104492e-01
9.999997615814208984e-01
9.999998211860656738e-01
9.999997019767761230e-01
9.999984502792358398e-01
9.999997615814208984e-01
9.999997615814208984e-01
9.999995231628417969e-01
9.999997615814208984e-01
9.999996423721313477e-01
9.999971389770507812e-01
9.999994635581970215e-01
9.999997615814208984e-01
9.999986886978149414e-01
9.999996423721313477e-01
9.999995231628417969e-01
9.999991655349731445e-01
9.999997019767761230e-01
9.999990463256835938e-01
9.999992251396179199e-01
9.999998211860656738e-01
9.999997019767761230e-01
9.999995231628417969e-01
9.999997615814208984e-01
9.999998807907104492e-01
9.999996423721313477e-01
9.999995231628417969e-01
9.999991655349731445e-01
9.999998807907104492e-01
9.999995231628417969e-01
9.999997615814208984e-01
9.999998807907104492e-01
9.999994039535522461e-01
9.999998211860656738e-01
9.999974966049194336e-01
9.999997019767761230e-01
9.999994039535522461e-01
1.000000000000000000e+00
9.999996423721313477e-01
9.999998807907104492e-01
9.999990463256835938e-01
9.999988079071044922e-01
9.999997615814208984e-01
9.999992847442626953e-01
9.999996423721313477e-01
9.999996423721313477e-01
9.999998807907104492e-01
9.999998807907104492e-01
9.999992847442626953e-01
9.999996423721313477e-01
9.999992847442626953e-01
9.999998807907104492e-01
9.999997615814208984e-01
9.999996423721313477e-01
9.999996423721313477e-01
9.999996423721313477e-01
9.999992847442626953e-01
9.999997019767761230e-01
9.999994039535522461e-01
9.999994039535522461e-01
9.999998211860656738e-01
9.999996423721313477e-01
9.999998807907104492e-01
9.999998807907104492e-01
9.999994039535522461e-01
9.999995827674865723e-01
9.999997019767761230e-01
9.999995231628417969e-01
9.999995827674865723e-01
9.999995231628417969e-01
9.999976158142089844e-01
9.999997615814208984e-01
9.999996423721313477e-01
9.999996423721313477e-01
9.999996423721313477e-01
9.999999403953552246e-01
9.999998807907104492e-01
9.999994039535522461e-01
9.999989867210388184e-01
9.999992847442626953e-01
9.999998807907104492e-01
9.999998807907104492e-01
9.999997019767761230e-01
9.999997615814208984e-01
9.999995827674865723e-01
9.999998211860656738e-01
9.999994039535522461e-01
9.999997019767761230e-01
9.999994635581970215e-01
9.999989867210388184e-01
9.999998807907104492e-01
9.999998807907104492e-01
9.999997615814208984e-01
9.999993443489074707e-01
9.999971985816955566e-01
9.999992847442626953e-01
9.999998807907104492e-01
9.999996423721313477e-01
9.999967813491821289e-01
9.999998807907104492e-01
9.999990463256835938e-01
9.999991655349731445e-01
9.999994039535522461e-01
9.999997615814208984e-01
9.999982118606567383e-01
9.999998211860656738e-01
9.999994039535522461e-01
9.999992251396179199e-01
9.999995827674865723e-01
9.999998807907104492e-01
9.999997615814208984e-01
9.999984502792358398e-01
9.999995231628417969e-01
9.999997615814208984e-01
9.999997019767761230e-01
9.999992847442626953e-01
9.999997615814208984e-01
9.999998211860656738e-01
9.999997615814208984e-01
9.999989867210388184e-01
9.999998807907104492e-01
9.999990463256835938e-01
9.999992847442626953e-01
9.999996423721313477e-01
9.999994635581970215e-01
9.999992847442626953e-01
9.999997615814208984e-01
9.999997615814208984e-01
9.999998807907104492e-01
9.999993443489074707e-01
9.999997615814208984e-01
9.999997615814208984e-01
9.999997615814208984e-01
9.999998807907104492e-01
9.999995231628417969e-01
9.999997615814208984e-01
9.999986886978149414e-01
9.999995231628417969e-01
9.999999403953552246e-01
9.999999403953552246e-01
9.999998211860656738e-01
9.999998807907104492e-01
9.999996423721313477e-01
9.999997615814208984e-01
9.999993443489074707e-01
9.999994635581970215e-01
9.999994039535522461e-01
1.000000000000000000e+00
9.999998807907104492e-01
9.999995231628417969e-01
9.999992847442626953e-01
9.999996423721313477e-01
9.999997615814208984e-01
9.999988675117492676e-01
9.999991655349731445e-01
9.999988079071044922e-01
9.999996423721313477e-01
9.999995231628417969e-01
9.999998807907104492e-01
9.999989867210388184e-01
9.999994039535522461e-01
9.999997615814208984e-01
9.999996423721313477e-01
9.999998807907104492e-01
9.999997019767761230e-01
1.000000000000000000e+00
9.999998211860656738e-01
9.999988079071044922e-01
9.999997615814208984e-01
9.999992847442626953e-01
9.999997615814208984e-01
9.999994635581970215e-01
9.999997615814208984e-01
1.000000000000000000e+00
9.999995827674865723e-01
9.999999403953552246e-01
9.999988675117492676e-01
9.999997615814208984e-01
9.999996423721313477e-01
9.999997019767761230e-01
9.999991655349731445e-01
9.999989271163940430e-01
9.999992251396179199e-01
9.999998807907104492e-01
9.999997615814208984e-01
9.999991059303283691e-01
9.999997615814208984e-01
9.999997019767761230e-01
9.999997019767761230e-01
9.999997615814208984e-01
9.999998807907104492e-01
9.999998807907104492e-01
9.999998211860656738e-01
9.999995827674865723e-01
9.999994635581970215e-01
9.999997615814208984e-01
9.999999403953552246e-01
9.999985098838806152e-01
9.999995827674865723e-01
9.999998807907104492e-01
9.999997615814208984e-01
9.999997615814208984e-01
9.999998807907104492e-01
9.999998807907104492e-01
9.999997615814208984e-01
9.999996423721313477e-01
9.999991655349731445e-01
1.000000000000000000e+00
9.999998807907104492e-01
9.999983310699462891e-01
9.999994039535522461e-01
9.999998807907104492e-01
9.999999403953552246e-01
9.999995827674865723e-01
9.999995231628417969e-01
9.999997615814208984e-01
9.999997615814208984e-01
9.999994039535522461e-01
9.999998807907104492e-01
9.999996423721313477e-01
9.999993443489074707e-01
9.999994039535522461e-01
9.999989867210388184e-01
9.999997615814208984e-01
9.999992251396179199e-01
9.999997615814208984e-01
9.999998211860656738e-01
9.999991655349731445e-01
9.999998807907104492e-01
9.999997019767761230e-01
9.999998807907104492e-01
1.000000000000000000e+00
9.999992251396179199e-01
9.999988079071044922e-01
9.999994039535522461e-01
9.999997615814208984e-01
9.999997019767761230e-01
9.999957084655761719e-01
9.999998807907104492e-01
9.999992847442626953e-01
9.999992847442626953e-01
9.999998807907104492e-01
9.999997615814208984e-01
9.999996423721313477e-01
1.000000000000000000e+00
9.999993443489074707e-01
9.999996423721313477e-01
9.999994635581970215e-01
1.000000000000000000e+00
9.999998807907104492e-01
9.999992251396179199e-01
9.999989867210388184e-01
9.999998807907104492e-01
9.999998807907104492e-01
9.999991655349731445e-01
9.999990463256835938e-01
9.999998807907104492e-01
9.999947547912597656e-01
9.999992847442626953e-01
9.999996423721313477e-01
9.999994039535522461e-01
9.999994039535522461e-01
9.999997615814208984e-01
9.999995231628417969e-01
9.999997615814208984e-01
9.999995231628417969e-01
9.999993443489074707e-01
9.999997615814208984e-01
9.999994039535522461e-01
9.999997615814208984e-01
9.999989271163940430e-01
9.999997615814208984e-01
9.999998807907104492e-01
9.999998807907104492e-01
9.999991655349731445e-01
9.999995231628417969e-01
9.999999403953552246e-01
9.999997615814208984e-01
9.999997615814208984e-01
9.999994635581970215e-01
9.999998807907104492e-01
9.999990463256835938e-01
9.999992847442626953e-01
9.999998211860656738e-01
9.999995231628417969e-01
9.999994635581970215e-01
9.999997615814208984e-01
9.999985098838806152e-01
9.999995231628417969e-01
9.999998211860656738e-01
9.999992251396179199e-01
9.999992847442626953e-01
9.999997615814208984e-01
9.999998807907104492e-01
9.999998807907104492e-01
9.999999403953552246e-01
9.999973177909851074e-01
9.999999403953552246e-01
9.999998807907104492e-01
9.999998211860656738e-01
9.999997615814208984e-01
9.999994039535522461e-01
9.999996423721313477e-01
9.999996423721313477e-01
9.999997615814208984e-01
9.999998807907104492e-01
9.999998807907104492e-01
9.999996423721313477e-01
9.999995827674865723e-01
9.999995231628417969e-01
9.999997615814208984e-01
9.999974370002746582e-01
9.999996423721313477e-01
9.999998211860656738e-01
9.999983310699462891e-01
9.999995827674865723e-01
9.999991655349731445e-01
9.999994635581970215e-01
9.999998807907104492e-01
9.999990463256835938e-01
9.999992847442626953e-01
1.000000000000000000e+00
9.999998807907104492e-01
9.999997615814208984e-01
9.999989271163940430e-01
9.999996423721313477e-01
9.999997615814208984e-01
9.999998807907104492e-01
9.999988079071044922e-01
9.999997615814208984e-01
9.999996423721313477e-01
9.999977350234985352e-01
9.999995231628417969e-01
9.999992847442626953e-01
9.999988079071044922e-01
9.999996423721313477e-01
9.999993443489074707e-01
9.999991655349731445e-01
9.999995231628417969e-01
9.999973177909851074e-01
9.999986886978149414e-01
9.999995231628417969e-01
9.999995231628417969e-01
9.999989867210388184e-01
9.999996423721313477e-01
9.999998807907104492e-01
9.999997615814208984e-01
9.999999403953552246e-01
9.999998807907104492e-01
9.999983310699462891e-01
9.999997615814208984e-01
9.999996423721313477e-01
9.999998807907104492e-01
9.999998211860656738e-01
9.999996423721313477e-01
9.999998807907104492e-01
1.000000000000000000e+00
9.999996423721313477e-01
9.999995827674865723e-01
9.999998211860656738e-01
9.999995827674865723e-01
9.999998807907104492e-01
9.999997615814208984e-01
9.999997615814208984e-01
9.999998807907104492e-01
9.999990463256835938e-01
9.999996423721313477e-01
9.999998211860656738e-01
9.999998807907104492e-01
9.999998807907104492e-01
9.999998807907104492e-01
9.999996423721313477e-01
9.999998807907104492e-01
9.999999403953552246e-01
9.999994039535522461e-01
9.999978542327880859e-01
9.999990463256835938e-01
9.999995231628417969e-01
9.999995827674865723e-01
9.999999403953552246e-01
9.999996423721313477e-01
9.999996423721313477e-01
9.999997615814208984e-01
9.999998807907104492e-01
9.999995231628417969e-01
9.999998807907104492e-01
9.999994635581970215e-01
9.999998807907104492e-01
9.999998807907104492e-01
9.999997615814208984e-01
9.999991059303283691e-01
9.999997615814208984e-01
9.999998211860656738e-01
9.999998807907104492e-01
9.999998807907104492e-01
9.999997019767761230e-01
9.999992847442626953e-01
9.999997019767761230e-01
9.999992251396179199e-01
9.999997615814208984e-01
9.999986290931701660e-01
9.999984502792358398e-01
9.999997615814208984e-01
9.999996423721313477e-01
9.999993443489074707e-01
9.999998211860656738e-01
9.999970793724060059e-01
9.999981522560119629e-01
9.999997615814208984e-01
9.999995827674865723e-01
9.999997615814208984e-01
9.999997615814208984e-01
9.999996423721313477e-01
9.999998807907104492e-01
9.999991655349731445e-01
9.999996423721313477e-01
9.999997615814208984e-01
9.999992847442626953e-01
9.999996423721313477e-01
9.999992847442626953e-01
9.999998807907104492e-01
9.999997615814208984e-01
9.999991655349731445e-01
9.999998211860656738e-01
9.999998807907104492e-01
9.999998807907104492e-01
1.000000000000000000e+00
9.999995827674865723e-01
9.999998807907104492e-01
9.999995827674865723e-01
9.999992251396179199e-01
9.999988079071044922e-01
9.999989867210388184e-01
9.999998807907104492e-01
9.999995827674865723e-01
9.999997615814208984e-01
9.999999403953552246e-01
9.999989271163940430e-01
9.999991655349731445e-01
9.999995231628417969e-01
9.999997615814208984e-01
9.999997615814208984e-01
9.999995827674865723e-01
9.999996423721313477e-01
9.999989271163940430e-01
9.999997615814208984e-01
9.999992251396179199e-01
9.999995231628417969e-01
9.999998211860656738e-01
9.999996423721313477e-01
9.999994635581970215e-01
9.999991059303283691e-01
9.999998807907104492e-01
9.999995231628417969e-01
9.999994039535522461e-01
9.999990463256835938e-01
9.999998807907104492e-01
9.999998807907104492e-01
9.999993443489074707e-01
9.999998807907104492e-01
9.999999403953552246e-01
1.000000000000000000e+00
9.999997019767761230e-01
9.999994635581970215e-01
9.999991655349731445e-01
9.999998807907104492e-01
9.999988079071044922e-01
9.999998211860656738e-01
9.999988079071044922e-01
9.999984502792358398e-01
9.999998807907104492e-01
9.999992251396179199e-01
9.999997615814208984e-01
9.999992847442626953e-01
9.999995231628417969e-01
9.999997019767761230e-01
9.999999403953552246e-01
9.999997615814208984e-01
9.999996423721313477e-01
9.999997615814208984e-01
9.999999403953552246e-01
9.999983310699462891e-01
9.999998211860656738e-01
9.999997615814208984e-01
9.999990463256835938e-01
9.999992847442626953e-01
9.999998807907104492e-01
9.999995827674865723e-01
9.999996423721313477e-01
9.999998211860656738e-01
9.999997615814208984e-01
9.999998211860656738e-01
9.999997615814208984e-01
9.999999403953552246e-01
9.999997615814208984e-01
9.999989271163940430e-01
9.999997615814208984e-01
9.999999403953552246e-01
9.999996423721313477e-01
9.999998807907104492e-01
9.999998807907104492e-01
9.999996423721313477e-01
9.999997615814208984e-01
9.999994039535522461e-01
9.999998807907104492e-01
9.999992847442626953e-01
9.999997615814208984e-01
9.999998807907104492e-01
9.999999403953552246e-01
9.999997019767761230e-01
9.999998807907104492e-01
9.999997615814208984e-01
9.999995231628417969e-01
9.999997615814208984e-01
9.999993443489074707e-01
9.999998807907104492e-01
9.999998807907104492e-01
9.999998807907104492e-01
9.999997615814208984e-01
9.999990463256835938e-01
9.999998211860656738e-01
9.999994039535522461e-01
9.999995827674865723e-01
9.999997615814208984e-01
9.999999403953552246e-01
9.999996423721313477e-01
9.999997615814208984e-01
9.999998807907104492e-01
9.999999403953552246e-01
9.999997615814208984e-01
9.999995231628417969e-01
9.999998807907104492e-01
9.999998807907104492e-01
9.999998807907104492e-01
9.999997615814208984e-01
9.999998807907104492e-01
9.999997615814208984e-01
9.999997019767761230e-01
9.999997615814208984e-01
9.999998211860656738e-01
9.999977350234985352e-01
9.999999403953552246e-01
9.999996423721313477e-01
9.999995231628417969e-01
9.999997615814208984e-01
9.999995827674865723e-01
9.999994039535522461e-01
9.999999403953552246e-01
9.999989867210388184e-01
1.000000000000000000e+00
9.999991655349731445e-01
9.999994635581970215e-01
9.999994635581970215e-01
9.999990463256835938e-01
9.999996423721313477e-01
9.999997615814208984e-01
9.999999403953552246e-01
9.999994039535522461e-01
9.999995231628417969e-01
9.999998807907104492e-01
9.999994635581970215e-01
9.999999403953552246e-01
9.999997019767761230e-01
9.999998807907104492e-01
9.999994635581970215e-01
9.999996423721313477e-01
9.999998807907104492e-01
9.999997615814208984e-01
9.999986290931701660e-01
9.999995827674865723e-01
1.000000000000000000e+00
9.999997615814208984e-01
1.000000000000000000e+00
9.999998807907104492e-01
9.999997019767761230e-01
9.999994039535522461e-01
9.999998807907104492e-01
9.999981522560119629e-01
9.999997615814208984e-01
9.999998807907104492e-01
9.999995827674865723e-01
9.999997615814208984e-01
9.999997615814208984e-01
9.999985694885253906e-01
9.999998211860656738e-01
9.999988079071044922e-01
9.999995231628417969e-01
9.999998807907104492e-01
9.999986886978149414e-01
9.999998807907104492e-01
9.999998807907104492e-01
9.999998211860656738e-01
9.999985694885253906e-01
9.999994039535522461e-01
9.999998807907104492e-01
9.999998807907104492e-01
9.999997615814208984e-01
9.999998807907104492e-01
9.999994039535522461e-01
9.999998807907104492e-01
9.999997615814208984e-01
9.999997615814208984e-01
9.999998807907104492e-01
9.999998807907104492e-01
9.999996423721313477e-01
1.000000000000000000e+00
9.999998807907104492e-01
9.999970197677612305e-01
9.999994635581970215e-01
9.999999403953552246e-01
9.999995827674865723e-01
9.999998807907104492e-01
1.000000000000000000e+00
9.999995231628417969e-01
9.999998807907104492e-01
9.999998807907104492e-01
9.999997615814208984e-01
9.999997615814208984e-01
9.999998807907104492e-01
9.999997615814208984e-01
9.999982714653015137e-01
9.999992847442626953e-01
9.999997615814208984e-01
9.999999403953552246e-01
9.999998807907104492e-01
9.999998807907104492e-01
9.999996423721313477e-01
9.999998211860656738e-01
9.999997615814208984e-01
9.999995231628417969e-01
9.999997615814208984e-01
9.999989271163940430e-01
9.999999403953552246e-01
9.999997615814208984e-01
9.999995827674865723e-01
9.999995231628417969e-01
9.999996423721313477e-01
9.999998211860656738e-01
9.999998807907104492e-01
9.999995231628417969e-01
9.999997615814208984e-01
9.999997615814208984e-01
9.999998211860656738e-01
9.999995827674865723e-01
9.999998807907104492e-01
9.999998211860656738e-01
1.000000000000000000e+00
9.999991655349731445e-01
9.999998807907104492e-01
9.999998211860656738e-01
9.999997615814208984e-01
9.999992847442626953e-01
9.999998807907104492e-01
9.999998807907104492e-01
9.999995827674865723e-01
9.999998211860656738e-01
9.999998807907104492e-01
9.999996423721313477e-01
9.999997615814208984e-01
9.999998211860656738e-01
9.999995827674865723e-01
9.999990463256835938e-01
9.999998211860656738e-01
9.999998211860656738e-01
9.999998807907104492e-01
9.999999403953552246e-01
9.999998807907104492e-01
9.999998211860656738e-01
9.999991655349731445e-01
9.999998807907104492e-01
9.999988079071044922e-01
9.999992847442626953e-01
9.999998211860656738e-01
9.999998807907104492e-01
9.999998211860656738e-01
9.999998807907104492e-01
9.999998807907104492e-01
9.999997615814208984e-01
9.999998211860656738e-01
9.999997615814208984e-01
9.999998211860656738e-01
9.999996423721313477e-01
9.999988675117492676e-01
9.999997615814208984e-01
9.999995231628417969e-01
9.999997615814208984e-01
9.999997615814208984e-01
9.999998807907104492e-01
9.999998807907104492e-01
9.999997019767761230e-01
9.999998211860656738e-01
9.999996423721313477e-01
9.999998211860656738e-01
9.999998807907104492e-01
9.999996423721313477e-01
9.999998211860656738e-01
9.999998807907104492e-01
9.999997615814208984e-01
9.999998807907104492e-01
9.999996423721313477e-01
9.999995231628417969e-01
9.999997615814208984e-01
9.999995827674865723e-01
9.999996423721313477e-01
9.999998807907104492e-01
9.999997615814208984e-01
9.999996423721313477e-01
9.999999403953552246e-01
9.999998211860656738e-01
9.999995231628417969e-01
9.999998807907104492e-01
9.999998807907104492e-01
9.999998807907104492e-01
9.999998211860656738e-01
9.999999403953552246e-01
9.999997019767761230e-01
9.999993443489074707e-01
9.999997615814208984e-01
9.999998211860656738e-01
9.999997615814208984e-01
9.999990463256835938e-01
9.999996423721313477e-01
9.999998211860656738e-01
9.999998211860656738e-01
9.999996423721313477e-01
9.999980926513671875e-01
1.000000000000000000e+00
9.999992847442626953e-01
9.999997615814208984e-01
9.999994039535522461e-01
9.999990463256835938e-01
9.999996423721313477e-01
9.999998807907104492e-01
9.999994039535522461e-01
9.999998211860656738e-01
9.999992251396179199e-01
9.999997615814208984e-01
9.999998807907104492e-01
9.999997615814208984e-01
9.999997615814208984e-01
9.999997615814208984e-01
9.999997615814208984e-01
9.999993443489074707e-01
9.999997615814208984e-01
9.999998807907104492e-01
9.999998807907104492e-01
9.999998211860656738e-01
9.999982118606567383e-01
9.999997615814208984e-01
9.999997615814208984e-01
9.999992847442626953e-01
9.999995827674865723e-01
9.999994039535522461e-01
9.999995231628417969e-01
9.999995231628417969e-01
9.999997615814208984e-01
9.999995231628417969e-01
9.999996423721313477e-01
9.999991655349731445e-01
9.999997615814208984e-01
9.999998807907104492e-01
9.999999403953552246e-01
9.999998211860656738e-01
9.999995827674865723e-01
9.999998807907104492e-01
9.999998807907104492e-01
9.999998807907104492e-01
9.999996423721313477e-01
9.999996423721313477e-01
9.999998211860656738e-01
9.999991059303283691e-01
9.999995827674865723e-01
9.999999403953552246e-01
9.999997615814208984e-01
9.999997019767761230e-01
9.999981522560119629e-01
9.999998807907104492e-01
9.999998807907104492e-01
9.999997019767761230e-01
9.999996423721313477e-01
9.999985694885253906e-01
9.999998807907104492e-01
9.999998211860656738e-01
9.999985694885253906e-01
9.999997615814208984e-01
9.999997615814208984e-01
9.999998807907104492e-01
9.999999403953552246e-01
9.999998807907104492e-01
9.999998211860656738e-01
9.999998807907104492e-01
9.999997019767761230e-01
9.999983310699462891e-01
9.999997019767761230e-01
9.999996423721313477e-01
9.999997615814208984e-01
9.999997615814208984e-01
9.999989867210388184e-01
9.999997615814208984e-01
9.999996423721313477e-01
9.999995827674865723e-01
9.999998807907104492e-01
9.999994039535522461e-01
9.999996423721313477e-01
9.999999403953552246e-01
9.999994039535522461e-01
9.999998807907104492e-01
