Epoch,Train Accuracy,Validation Accuracy
1,0.32514444444444446,0.35971111111111115
2,0.37483333333333335,0.3940666666666667
3,0.3982,0.43270000000000003
4,0.40871111111111114,0.38854444444444447
5,0.40950000000000003,0.44535555555555556
6,0.41613333333333336,0.3827666666666667
7,0.41323333333333334,0.35953333333333337
8,0.5168555555555556,0.6084
9,0.5522,0.6068111111111112
10,0.5671,0.6119555555555556
11,0.5803111111111111,0.6574444444444445
12,0.5946666666666667,0.6467111111111111
13,0.6060111111111112,0.6412222222222222
14,0.6125111111111111,0.6440666666666667
15,0.6845888888888889,0.7311111111111112
16,0.7082333333333334,0.7376666666666667
17,0.7193,0.7434444444444445
18,0.7299111111111112,0.7429777777777778
19,0.7402777777777778,0.7447111111111111
20,0.7481222222222222,0.7478888888888889
21,0.7585777777777778,0.7469888888888889
22,0.7925000000000001,0.7613111111111112
23,0.8014444444444445,0.7622555555555556
24,0.806988888888889,0.7627666666666667
25,0.8113111111111112,0.7630777777777779
26,0.8151,0.7616333333333334
27,0.8199222222222222,0.7625111111111111
28,0.8213,0.7615666666666667
29,0.8291555555555556,0.7621555555555556
30,0.8285,0.7626333333333334
31,0.8329444444444445,0.7612777777777778
32,0.8317888888888889,0.7645222222222222
33,0.8308000000000001,0.7647111111111111
34,0.8300000000000001,0.7630333333333333
35,0.833488888888889,0.7623444444444445
36,0.8336111111111112,0.7635555555555555
37,0.8328444444444445,0.7635111111111111
38,0.832388888888889,0.7642
39,0.8337888888888889,0.7635000000000001
40,0.8332666666666667,0.7635555555555555
