4.362642765045166016e-01
7.040656805038452148e-01
4.113026559352874756e-01
2.601307630538940430e-01
4.805161058902740479e-01
2.458444535732269287e-01
4.120543599128723145e-01
1.742862462997436523e-01
5.375500917434692383e-01
4.917022585868835449e-02
5.015546083450317383e-01
5.032474547624588013e-02
3.592598140239715576e-01
9.219468384981155396e-02
3.707739710807800293e-01
1.829350367188453674e-02
4.676217734813690186e-01
2.946915570646524429e-03
6.617231667041778564e-02
8.081089258193969727e-01
3.465855115791782737e-05
3.870719228871166706e-04
2.754077017307281494e-01
8.467649668455123901e-02
1.814676970243453979e-01
3.044227883219718933e-02
2.932306826114654541e-01
1.411286531947553158e-03
4.567534103989601135e-02
6.194769740104675293e-01
3.226116405130596831e-07
1.385493305861018598e-06
1.623209333047270775e-03
5.784044861793518066e-01
1.443028168068849482e-06
3.961805305152665824e-06
1.741208252497017384e-03
5.004748106002807617e-01
2.747818143689073622e-06
3.465198915364453569e-06
5.149084026925265789e-04
2.724684476852416992e-01
8.019554661586880684e-04
6.435367278754711151e-03
3.835289776325225830e-01
2.122818386851577088e-06
2.307259819644968957e-06
3.915543202310800552e-04
1.404516696929931641e-01
1.892141066491603851e-02
5.796536803245544434e-02
6.096757948398590088e-02
2.314739488065242767e-02
1.386694908142089844e-01
8.098513935692608356e-04
5.218374542891979218e-03
3.133894205093383789e-01
2.733046926550741773e-07
2.495979970262851566e-06
2.816111082211136818e-03
5.923242568969726562e-01
5.754412057967783767e-09
2.877146414448361611e-07
8.591272635385394096e-04
6.253463029861450195e-01
5.378074092732276767e-07
3.711509343702346087e-04
1.028527766466140747e-01
3.758555650711059570e-01
5.533813382498919964e-04
9.529113769531250000e-02
4.048398733139038086e-01
1.365368254482746124e-03
4.172012805938720703e-01
2.652082126587629318e-03
6.133206486701965332e-01
2.611933159641921520e-04
6.538276374340057373e-02
6.954351663589477539e-01
2.796788467094302177e-04
8.397068083286285400e-02
6.917303800582885742e-01
1.822396414354443550e-03
1.505360901355743408e-01
5.693324804306030273e-01
1.102906838059425354e-02
5.597961321473121643e-02
3.351910710334777832e-01
1.383946537971496582e-01
1.727123856544494629e-01
2.939985990524291992e-01
7.873179018497467041e-02
5.824011564254760742e-01
2.683769911527633667e-03
3.366931080818176270e-01
2.280135899782180786e-01
7.886976003646850586e-02
3.236500024795532227e-01
6.740020960569381714e-02
5.724289417266845703e-01
3.064399026334285736e-02
4.215942621231079102e-01
7.163026183843612671e-02
3.394717276096343994e-01
9.169922769069671631e-02
3.696811199188232422e-01
5.908490717411041260e-02
5.714291334152221680e-01
5.068234167993068695e-03
2.359797060489654541e-01
3.322967290878295898e-01
7.090754806995391846e-02
2.820149958133697510e-01
1.628081798553466797e-01
1.991151720285415649e-01
1.884019076824188232e-01
1.917382776737213135e-01
1.863763034343719482e-01
2.111873924732208252e-01
2.954743504524230957e-01
7.147897034883499146e-02
6.625291109085083008e-01
2.712561748921871185e-03
2.153719216585159302e-01
3.352780938148498535e-01
6.388451904058456421e-02
1.452031433582305908e-01
3.032030165195465088e-01
3.561659529805183411e-02
3.666659295558929443e-01
5.397384613752365112e-02
2.614974677562713623e-01
2.850879430770874023e-01
4.756506159901618958e-02
2.528246045112609863e-01
6.907564401626586914e-02
1.374877244234085083e-01
1.845816671848297119e-01
1.175039708614349365e-01
1.904656589031219482e-01
8.714860677719116211e-02
1.463472545146942139e-01
1.498127430677413940e-01
1.997237503528594971e-01
6.391301751136779785e-02
4.286514520645141602e-01
6.890326738357543945e-03
4.523291885852813721e-01
7.823668420314788818e-03
1.708058714866638184e-01
2.605486512184143066e-01
2.079091593623161316e-02
1.294408887624740601e-01
1.194660514593124390e-01
1.173853501677513123e-01
1.029633730649948120e-01
1.702472567558288574e-01
2.592466026544570923e-02
2.604538500308990479e-01
8.737753145396709442e-03
3.029358983039855957e-01
1.323039643466472626e-02
2.832648754119873047e-01
3.026676364243030548e-03
2.210821211338043213e-01
8.239580690860748291e-02
6.542660295963287354e-02
9.119468182325363159e-02
9.987232089042663574e-02
8.745919167995452881e-02
1.497941762208938599e-01
8.584480732679367065e-02
7.307773828506469727e-01
4.672332579502835870e-06
2.160986959934234619e-01
5.127062797546386719e-01
4.592677578330039978e-03
6.810273230075836182e-02
4.488396048545837402e-01
5.531244911253452301e-03
4.144785925745964050e-03
2.773951180279254913e-02
1.964432895183563232e-01
6.237383931875228882e-02
6.253346800804138184e-02
8.444675803184509277e-02
1.235277056694030762e-01
9.740846604108810425e-02
9.084642678499221802e-02
1.991533041000366211e-01
3.744570165872573853e-02
2.498655319213867188e-01
1.367962360382080078e-02
7.327083498239517212e-02
2.633357644081115723e-01
5.185472778975963593e-03
3.710465505719184875e-02
3.856216371059417725e-01
1.160778338089585304e-03
1.359831690788269043e-01
4.799754619598388672e-01
3.854524111375212669e-03
2.644282877445220947e-01
2.444498538970947266e-01
5.493438988924026489e-02
1.449263691902160645e-01
1.223119646310806274e-01
2.077378183603286743e-01
9.210462868213653564e-02
3.759376406669616699e-01
5.128700286149978638e-03
4.901762902736663818e-01
3.642682917416095734e-03
1.366923190653324127e-02
2.866049408912658691e-01
2.531120181083679199e-02
6.080146506428718567e-02
1.464731842279434204e-01
3.098637983202934265e-02
1.009219288825988770e-01
1.527265310287475586e-01
1.124678105115890503e-01
1.514334231615066528e-01
7.287430763244628906e-02
2.168442755937576294e-01
2.359225973486900330e-02
2.039520293474197388e-01
6.955230236053466797e-02
1.075287982821464539e-01
8.074462413787841797e-02
2.247536033391952515e-01
1.753060147166252136e-02
1.463519930839538574e-01
1.805165857076644897e-01
3.398708999156951904e-02
1.370249092578887939e-01
1.550446301698684692e-01
1.163654103875160217e-01
1.369929909706115723e-01
8.160539716482162476e-02
2.289598733186721802e-01
2.831368707120418549e-02
3.602980375289916992e-01
8.358297869563102722e-03
3.490089625120162964e-02
2.055314779281616211e-01
2.465062402188777924e-02
3.344690054655075073e-02
1.146623715758323669e-01
6.423377245664596558e-02
4.859551042318344116e-02
7.793711870908737183e-02
7.076708972454071045e-02
9.192375838756561279e-02
1.243736147880554199e-01
1.120448410511016846e-01
1.656965762376785278e-01
3.327990323305130005e-02
4.558065831661224365e-01
3.738535451702773571e-05
1.732121780514717102e-02
6.387324333190917969e-01
2.305463931406848133e-05
4.718706943094730377e-03
2.032661139965057373e-01
3.239261358976364136e-02
9.339077025651931763e-02
1.860542893409729004e-01
9.535047411918640137e-02
2.656854689121246338e-01
6.888871639966964722e-02
4.748758673667907715e-01
1.912616658955812454e-03
4.732952453196048737e-03
7.224975526332855225e-02
3.418047428131103516e-01
1.525315921753644943e-03
1.224253792315721512e-02
6.099134087562561035e-01
1.339891023235395551e-04
8.020466566085815430e-02
4.935728311538696289e-01
4.092833399772644043e-02
1.432477682828903198e-01
2.718987166881561279e-01
9.088653326034545898e-02
3.789079785346984863e-01
5.165526270866394043e-02
7.507362365722656250e-01
2.847645897418260574e-03
4.271094799041748047e-01
2.551458477973937988e-01
1.311407685279846191e-01
4.123957753181457520e-01
1.030535250902175903e-01
4.439338743686676025e-01
4.886291548609733582e-02
3.993062376976013184e-01
2.079511582851409912e-01
3.670581281185150146e-01
8.055169135332107544e-02
6.349138021469116211e-01
8.685048669576644897e-03
3.666198551654815674e-01
2.227091491222381592e-01
9.869496524333953857e-02
2.452524453401565552e-01
1.802694797515869141e-01
3.310628533363342285e-01
1.509218513965606689e-01
5.130019187927246094e-01
3.469687700271606445e-02
6.228756308555603027e-01
6.575723737478256226e-02
3.869463801383972168e-01
2.460664063692092896e-01
2.693956196308135986e-01
1.846513003110885620e-01
3.204568028450012207e-01
1.860143542289733887e-01
1.933716982603073120e-01
4.505208134651184082e-01
4.336138069629669189e-02
6.446318626403808594e-01
1.877722702920436859e-02
4.475283622741699219e-01
1.980710476636886597e-01
3.307508230209350586e-01
3.721455931663513184e-01
1.152343079447746277e-01
4.567589163780212402e-01
7.278293371200561523e-02
4.013953804969787598e-01
1.328391134738922119e-01
6.771032810211181641e-01
6.726215779781341553e-02
7.284809350967407227e-01
6.803356856107711792e-02
4.100044369697570801e-01
3.989697098731994629e-01
2.774754166603088379e-01
5.118954181671142578e-01
2.207308113574981689e-01
3.320375978946685791e-01
2.232486009597778320e-01
2.290935516357421875e-01
2.448422610759735107e-01
3.778057694435119629e-01
1.262665838003158569e-01
6.481028199195861816e-01
2.450457587838172913e-02
5.768118500709533691e-01
1.103554666042327881e-01
3.247922062873840332e-01
2.481241673231124878e-01
1.327401697635650635e-01
4.911753237247467041e-01
5.088016390800476074e-02
5.912147760391235352e-01
1.254811137914657593e-01
4.249109625816345215e-01
8.964582346379756927e-03
4.581353068351745605e-01
1.749953329563140869e-01
1.274287253618240356e-01
1.504258215427398682e-01
2.789744138717651367e-01
1.613341569900512695e-01
4.213466942310333252e-01
1.992576010525226593e-02
7.089062333106994629e-01
1.236859858036041260e-01
6.657931804656982422e-01
1.698300614953041077e-02
5.258175134658813477e-01
2.668864130973815918e-01
1.828195452690124512e-01
3.673260807991027832e-01
8.720415830612182617e-02
3.705406486988067627e-01
2.972316741943359375e-02
3.187915682792663574e-01
1.758215874433517456e-01
6.555439531803131104e-02
2.266615629196166992e-01
2.991413474082946777e-01
1.164091303944587708e-01
5.227152109146118164e-01
3.392247110605239868e-02
9.078398346900939941e-01
1.074269879609346390e-03
2.142820954322814941e-01
4.437208771705627441e-01
1.793476752936840057e-02
5.457467436790466309e-01
1.780263334512710571e-02
7.635843753814697266e-02
3.647350668907165527e-01
1.561798453330993652e-01
2.994787693023681641e-01
2.285468280315399170e-01
3.979362249374389648e-01
9.196316450834274292e-02
4.133720993995666504e-01
1.285010278224945068e-01
3.179004192352294922e-01
1.811999380588531494e-01
2.819221615791320801e-01
1.192787587642669678e-01
4.780034124851226807e-01
3.313072770833969116e-02
6.669406294822692871e-01
5.775471404194831848e-02
5.943079590797424316e-01
7.211269438266754150e-02
4.027878046035766602e-01
2.707988619804382324e-01
2.997267246246337891e-01
2.768912315368652344e-01
2.881419658660888672e-01
2.752702832221984863e-01
3.443445563316345215e-01
1.589762568473815918e-01
4.409968852996826172e-01
1.077794209122657776e-01
5.053309202194213867e-01
3.125797957181930542e-02
3.192276954650878906e-01
2.461914420127868652e-01
1.454116255044937134e-01
4.037929177284240723e-01
2.868384122848510742e-02
2.525126934051513672e-01
1.890037804841995239e-01
2.451145350933074951e-01
2.237701416015625000e-01
2.939963042736053467e-01
1.540497690439224243e-01
4.978482723236083984e-01
2.159680426120758057e-02
5.238667726516723633e-01
9.752449393272399902e-02
3.848639726638793945e-01
2.451646029949188232e-01
2.695167660713195801e-01
2.796820998191833496e-01
3.452975749969482422e-01
1.580568552017211914e-01
4.295022487640380859e-01
1.242627650499343872e-01
5.375734567642211914e-01
5.537169054150581360e-02
3.092277050018310547e-01
2.155145853757858276e-01
2.191099226474761963e-01
2.366997748613357544e-01
2.320982366800308228e-01
4.301222562789916992e-01
5.398605763912200928e-02
8.002048730850219727e-01
4.162862431257963181e-03
4.949479699134826660e-01
2.882655858993530273e-01
2.069555222988128662e-01
4.105941057205200195e-01
2.644291520118713379e-01
2.167342603206634521e-01
3.329820930957794189e-01
2.744314968585968018e-01
3.027661442756652832e-01
1.197100505232810974e-01
5.137802362442016602e-01
8.349464088678359985e-02
5.806066393852233887e-01
4.142725095152854919e-02
4.052011072635650635e-01
8.284485340118408203e-02
2.992110848426818848e-01
1.967166662216186523e-01
1.935608386993408203e-01
3.141885399818420410e-01
1.540501415729522705e-01
3.802643418312072754e-01
1.690733134746551514e-01
3.472754955291748047e-01
3.074057698249816895e-01
1.140418499708175659e-01
4.814592003822326660e-01
8.091454952955245972e-02
4.071938991546630859e-01
1.127831861376762390e-01
3.409150242805480957e-01
1.541744768619537354e-01
3.414156436920166016e-01
1.709485352039337158e-01
2.874608635902404785e-01
1.974000483751296997e-01
2.961329519748687744e-01
2.192484736442565918e-01
2.140857726335525513e-01
3.711914122104644775e-01
4.979465156793594360e-02
5.175641775131225586e-01
4.628355056047439575e-02
6.151094436645507812e-01
6.482093036174774170e-02
5.935606956481933594e-01
2.268876880407333374e-02
5.636096000671386719e-01
1.053394377231597900e-01
3.132381439208984375e-01
1.750123202800750732e-01
3.366370201110839844e-01
6.522704660892486572e-02
5.080112218856811523e-01
9.670150279998779297e-02
2.487040609121322632e-01
4.906767606735229492e-01
4.879803210496902466e-02
6.282456517219543457e-01
3.289674222469329834e-02
3.695669472217559814e-01
1.042971462011337280e-01
2.574264407157897949e-01
1.380512267351150513e-01
4.302603006362915039e-01
1.009769514203071594e-01
4.883318543434143066e-01
5.124519765377044678e-02
5.199022293090820312e-01
6.346993893384933472e-02
3.885055184364318848e-01
1.579758971929550171e-01
2.594118714332580566e-01
2.193909883499145508e-01
3.761053085327148438e-01
8.460430800914764404e-02
5.742761492729187012e-01
4.202612489461898804e-02
4.391663670539855957e-01
8.913955092430114746e-02
3.088467121124267578e-01
2.209037542343139648e-01
3.166239261627197266e-01
1.179875954985618591e-01
3.949089646339416504e-01
8.700634539127349854e-02
4.433316588401794434e-01
6.738508492708206177e-02
6.257536411285400391e-01
3.080270066857337952e-02
7.026833295822143555e-01
5.327571183443069458e-03
6.138695478439331055e-01
9.128928184509277344e-02
4.643849730491638184e-01
1.340647488832473755e-01
2.351058423519134521e-01
3.311528563499450684e-01
1.088932156562805176e-01
6.001294851303100586e-01
2.751517109572887421e-02
5.071612596511840820e-01
9.143970161676406860e-02
1.523863077163696289e-01
4.463177323341369629e-01
5.656980723142623901e-02
4.316826164722442627e-01
6.639510393142700195e-02
4.110978245735168457e-01
1.142377555370330811e-01
2.553879618644714355e-01
3.413449525833129883e-01
1.395376622676849365e-01
4.522337019443511963e-01
9.130936861038208008e-02
3.075579404830932617e-01
2.036327123641967773e-01
1.695547699928283691e-01
2.061131894588470459e-01
2.854992747306823730e-01
2.591233849525451660e-01
1.789073646068572998e-01
3.056623935699462891e-01
1.400459110736846924e-01
3.623950481414794922e-01
1.744393408298492432e-01
3.385381698608398438e-01
1.797248125076293945e-01
3.771181404590606689e-01
9.141726791858673096e-02
5.422379970550537109e-01
1.321044936776161194e-02
6.081385016441345215e-01
3.265174478292465210e-02
7.103888392448425293e-01
2.681639418005943298e-02
5.261355638504028320e-01
1.501358747482299805e-01
3.797275722026824951e-01
9.626021981239318848e-02
4.118320941925048828e-01
1.465342342853546143e-01
4.137959778308868408e-01
1.114687919616699219e-01
3.170616924762725830e-01
1.713790446519851685e-01
2.506366074085235596e-01
2.038332074880599976e-01
3.208418488502502441e-01
9.756280481815338135e-02
4.557458758354187012e-01
3.205227106809616089e-02
6.783599853515625000e-01
2.030259557068347931e-02
2.366673797369003296e-01
3.019042015075683594e-01
1.718745529651641846e-01
6.218266487121582031e-01
5.768456682562828064e-02
3.056510090827941895e-01
3.616946935653686523e-01
1.241622120141983032e-01
2.682890594005584717e-01
2.196569144725799561e-01
3.296726346015930176e-01
1.182316765189170837e-01
3.922206163406372070e-01
5.032792687416076660e-02
5.722420215606689453e-01
2.350924536585807800e-02
3.493066132068634033e-01
2.155623435974121094e-01
3.213081955909729004e-01
1.159032955765724182e-01
4.693165421485900879e-01
4.840456694364547729e-02
3.966776132583618164e-01
1.030722707509994507e-01
2.264643013477325439e-01
3.178214728832244873e-01
1.532649993896484375e-01
5.445978045463562012e-01
2.454638108611106873e-02
4.626398086547851562e-01
6.445840001106262207e-02
4.587244391441345215e-01
7.919636368751525879e-02
3.220716714859008789e-01
1.366946697235107422e-01
3.784714937210083008e-01
7.101782411336898804e-02
3.280895352363586426e-01
1.024160832166671753e-01
3.202644586563110352e-01
1.202939897775650024e-01
2.994469404220581055e-01
1.919116079807281494e-01
2.835906744003295898e-01
8.615604788064956665e-02
4.618128538131713867e-01
4.362244158983230591e-02
4.621515274047851562e-01
8.079753816127777100e-02
2.780936956405639648e-01
2.890880107879638672e-01
1.332589089870452881e-01
4.523891210556030273e-01
5.522990226745605469e-02
2.860805988311767578e-01
2.206356525421142578e-01
2.579185366630554199e-01
1.476361453533172607e-01
3.575060367584228516e-01
5.339724570512771606e-02
4.265972375869750977e-01
6.337711215019226074e-02
4.820011556148529053e-01
5.768008157610893250e-02
5.188105702400207520e-01
4.583030939102172852e-02
6.262587308883666992e-01
3.286907449364662170e-02
5.767743587493896484e-01
4.821957275271415710e-02
6.798549890518188477e-01
2.478195913136005402e-02
3.537198305130004883e-01
2.118518054485321045e-01
1.955701261758804321e-01
4.235217571258544922e-01
7.572092115879058838e-02
6.051727533340454102e-01
1.734553650021553040e-02
3.158614635467529297e-01
2.845603227615356445e-01
8.404692262411117554e-02
5.406377315521240234e-01
1.215152721852064133e-02
5.079756379127502441e-01
5.459850281476974487e-02
7.604377865791320801e-01
2.567756222561001778e-03
2.853369414806365967e-01
3.137105107307434082e-01
9.147073328495025635e-02
4.820859134197235107e-01
7.044967263936996460e-02
4.849368333816528320e-01
1.191066652536392212e-01
3.945804536342620850e-01
2.316214442253112793e-01
3.070512712001800537e-01
1.665283143520355225e-01
4.783259034156799316e-01
8.290445059537887573e-02
5.939572453498840332e-01
5.313803255558013916e-02
3.156428933143615723e-01
2.760089635848999023e-01
1.924575865268707275e-01
3.199450373649597168e-01
1.033764258027076721e-01
4.127969741821289062e-01
1.311567425727844238e-01
3.363798260688781738e-01
1.202716752886772156e-01
3.590526580810546875e-01
7.981233298778533936e-02
3.795101046562194824e-01
1.350470781326293945e-01
3.497133851051330566e-01
2.086337804794311523e-01
3.141880631446838379e-01
3.399262428283691406e-01
1.361798942089080811e-01
4.599663019180297852e-01
3.662869334220886230e-02
2.304470837116241455e-01
2.394832521677017212e-01
2.110579758882522583e-01
2.442848384380340576e-01
2.650229334831237793e-01
2.340764552354812622e-01
1.826959401369094849e-01
4.478938877582550049e-01
3.534952178597450256e-02
7.177278399467468262e-01
2.625298500061035156e-02
8.940663337707519531e-01
6.315533071756362915e-03
2.946421802043914795e-01
4.313871264457702637e-01
1.572524011135101318e-01
2.565619945526123047e-01
2.765231430530548096e-01
2.527378499507904053e-01
2.846482992172241211e-01
2.808447480201721191e-01
4.598281979560852051e-01
1.377882063388824463e-01
5.775508880615234375e-01
8.027401566505432129e-02
4.457520842552185059e-01
9.884049743413925171e-02
4.032860994338989258e-01
1.770082116127014160e-01
2.597082257270812988e-01
2.654722630977630615e-01
3.153293132781982422e-01
3.074091076850891113e-01
2.281650602817535400e-01
2.738447189331054688e-01
2.662661671638488770e-01
2.234752476215362549e-01
1.132633537054061890e-01
5.603775978088378906e-01
3.473640978336334229e-02
2.710250616073608398e-01
2.892315387725830078e-01
1.030946969985961914e-01
4.796714782714843750e-01
3.664149716496467590e-02
5.151945352554321289e-01
3.410809487104415894e-02
5.150661468505859375e-01
7.713107019662857056e-02
5.278190374374389648e-01
5.866375565528869629e-02
5.085896849632263184e-01
1.078325361013412476e-01
3.009361624717712402e-01
2.814914882183074951e-01
1.671471595764160156e-01
4.365454316139221191e-01
9.237009286880493164e-02
6.847764253616333008e-01
3.949619457125663757e-02
4.653233885765075684e-01
2.814173996448516846e-01
1.709100157022476196e-01
5.159906148910522461e-01
1.295787841081619263e-01
5.040638446807861328e-01
1.161506026983261108e-01
2.682229876518249512e-01
3.065862059593200684e-01
1.368020772933959961e-01
4.314348101615905762e-01
7.994879782199859619e-02
4.896720051765441895e-01
5.645703524351119995e-02
2.846484184265136719e-01
1.945867240428924561e-01
2.077333927154541016e-01
2.987306714057922363e-01
1.842294037342071533e-01
3.293627500534057617e-01
1.990198194980621338e-01
2.714830040931701660e-01
1.791816353797912598e-01
3.615063428878784180e-01
9.339910745620727539e-02
5.729233026504516602e-01
2.856661006808280945e-02
6.700206995010375977e-01
1.851995103061199188e-02
7.636372447013854980e-01
5.315720103681087494e-03
5.232951641082763672e-01
1.864321082830429077e-01
4.606330394744873047e-01
2.088786959648132324e-01
6.302878856658935547e-01
4.918216168880462646e-02
4.827010631561279297e-01
2.565395832061767578e-01
4.213923215866088867e-01
2.423728257417678833e-01
3.852936923503875732e-01
2.314788699150085449e-01
4.195292294025421143e-01
1.387827247381210327e-01
4.070473909378051758e-01
1.211901605129241943e-01
4.502321481704711914e-01
1.168048083782196045e-01
3.964979648590087891e-01
1.641391515731811523e-01
3.724467456340789795e-01
1.549142003059387207e-01
3.606595695018768311e-01
1.082457900047302246e-01
5.081918835639953613e-01
6.014256924390792847e-02
5.604833364486694336e-01
1.139365732669830322e-01
5.087480545043945312e-01
8.373787999153137207e-02
3.840389549732208252e-01
1.873466521501541138e-01
2.090610563755035400e-01
2.931483089923858643e-01
2.001656889915466309e-01
1.999222636222839355e-01
2.954314351081848145e-01
1.656678617000579834e-01
2.118237316608428955e-01
3.257844448089599609e-01
6.903998553752899170e-02
4.727256596088409424e-01
4.319146275520324707e-02
4.510308504104614258e-01
1.087679639458656311e-01
6.464170217514038086e-01
3.550110012292861938e-02
5.268208980560302734e-01
1.748413741588592529e-01
1.848510801792144775e-01
4.446610212326049805e-01
4.339525103569030762e-02
4.425720572471618652e-01
7.447411864995956421e-02
3.257724642753601074e-01
2.652239799499511719e-01
1.818431615829467773e-01
2.867327332496643066e-01
2.444054484367370605e-01
1.595243662595748901e-01
3.097479939460754395e-01
1.272872537374496460e-01
4.133829772472381592e-01
1.578390002250671387e-01
6.787103414535522461e-01
2.099076285958290100e-02
3.823129534721374512e-01
3.490998148918151855e-01
1.822735667228698730e-01
4.439744949340820312e-01
1.467220038175582886e-01
4.063522815704345703e-01
1.469821333885192871e-01
3.337505459785461426e-01
1.209838315844535828e-01
4.107967615127563477e-01
1.402980983257293701e-01
4.938513040542602539e-01
5.012441426515579224e-02
6.969995498657226562e-01
1.497874595224857330e-02
4.171299338340759277e-01
2.195262461900711060e-01
2.926294505596160889e-01
2.086389660835266113e-01
4.848273396492004395e-01
5.697913467884063721e-02
4.415439367294311523e-01
1.029872819781303406e-01
2.349469065666198730e-01
2.822686731815338135e-01
3.793664574623107910e-01
1.520835459232330322e-01
5.605252981185913086e-01
3.215055540204048157e-02
7.471537590026855469e-01
1.573732495307922363e-02
1.835259497165679932e-01
5.029501914978027344e-01
6.046890467405319214e-02
3.554964363574981689e-01
2.046453505754470825e-01
2.896659076213836670e-01
1.561350673437118530e-01
3.190467953681945801e-01
2.965428829193115234e-01
1.682013124227523804e-01
6.532078385353088379e-01
2.223798632621765137e-02
5.960048437118530273e-01
1.011513620615005493e-01
4.604958295822143555e-01
9.594880789518356323e-02
3.239032030105590820e-01
2.296728938817977905e-01
3.395426869392395020e-01
2.034693658351898193e-01
3.644778132438659668e-01
1.713765859603881836e-01
3.792093992233276367e-01
1.427885442972183228e-01
3.125587403774261475e-01
1.197910755872726440e-01
3.235709667205810547e-01
2.028371095657348633e-01
1.656288951635360718e-01
3.546739220619201660e-01
1.117241531610488892e-01
2.774861454963684082e-01
1.960038691759109497e-01
2.697358131408691406e-01
2.273018956184387207e-01
2.285138219594955444e-01
2.775276303291320801e-01
1.471087932586669922e-01
5.687819123268127441e-01
5.126136541366577148e-02
5.165940523147583008e-01
1.638270318508148193e-01
4.191001057624816895e-01
1.707094013690948486e-01
2.203623205423355103e-01
3.037171959877014160e-01
1.681874692440032959e-01
4.033668935298919678e-01
9.690974652767181396e-02
4.884080886840820312e-01
5.251520872116088867e-02
7.588336467742919922e-01
4.482251033186912537e-02
4.780928492546081543e-01
8.730589598417282104e-02
3.465326428413391113e-01
1.838996708393096924e-01
3.092114329338073730e-01
1.642663627862930298e-01
3.506299853324890137e-01
1.564553976058959961e-01
4.559404551982879639e-01
7.081668078899383545e-02
3.490518927574157715e-01
1.584484428167343140e-01
4.615120291709899902e-01
8.269503712654113770e-02
4.459706842899322510e-01
8.933842182159423828e-02
5.965626239776611328e-01
3.197256475687026978e-02
5.876801013946533203e-01
9.163600206375122070e-02
3.156415224075317383e-01
2.233356237411499023e-01
3.043116927146911621e-01
3.197399675846099854e-01
2.595191299915313721e-01
4.146555662155151367e-01
6.527902185916900635e-02
4.461720287799835205e-01
1.048342064023017883e-01
3.266576528549194336e-01
1.586341261863708496e-01
9.830598533153533936e-02
6.390572190284729004e-01
5.625644326210021973e-02
5.665262937545776367e-01
2.437331527471542358e-02
3.919438123703002930e-01
3.498257398605346680e-01
1.183270663022994995e-01
4.139976501464843750e-01
1.617250293493270874e-01
3.142786920070648193e-01
1.685644090175628662e-01
5.205012559890747070e-01
2.263776957988739014e-02
7.927884459495544434e-01
8.786242455244064331e-03
1.681276559829711914e-01
5.218824148178100586e-01
5.091332644224166870e-02
5.600941777229309082e-01
1.201958060264587402e-01
2.416681349277496338e-01
3.016730248928070068e-01
2.402981519699096680e-01
2.768595814704895020e-01
2.724517285823822021e-01
2.692336142063140869e-01
2.606141567230224609e-01
1.583607196807861328e-01
2.794386744499206543e-01
2.485916614532470703e-01
2.271843403577804565e-01
2.478523552417755127e-01
3.224254846572875977e-01
2.605609297752380371e-01
3.524404168128967285e-01
2.005675584077835083e-01
2.257920503616333008e-01
2.028030157089233398e-01
3.185734152793884277e-01
5.815463513135910034e-02
5.263199210166931152e-01
9.628744423389434814e-02
5.600298643112182617e-01
4.287220537662506104e-02
7.860567569732666016e-01
1.347639597952365875e-02
1.598545908927917480e-01
4.187461435794830322e-01
4.334365576505661011e-02
2.554981708526611328e-01
3.356913030147552490e-01
1.242703646421432495e-01
3.826862275600433350e-01
1.305494010448455811e-01
2.770960032939910889e-01
2.682958841323852539e-01
2.047002464532852173e-01
1.765751689672470093e-01
2.918936312198638916e-01
1.289179772138595581e-01
5.125769972801208496e-01
1.144788693636655807e-02
5.983745455741882324e-01
5.161726102232933044e-02
6.625691652297973633e-01
6.952952593564987183e-02
5.502328276634216309e-01
1.580524593591690063e-01
6.824158430099487305e-01
4.789205640554428101e-02
5.076351761817932129e-01
9.964510798454284668e-02
3.790255784988403320e-01
1.352687031030654907e-01
2.788359522819519043e-01
3.788928985595703125e-01
1.320575326681137085e-01
5.234522819519042969e-01
8.812794834375381470e-02
3.288183510303497314e-01
2.625222802162170410e-01
3.610428273677825928e-01
1.187885925173759460e-01
4.952239990234375000e-01
5.544867739081382751e-02
3.203025162220001221e-01
2.511766552925109863e-01
1.340262442827224731e-01
3.104344308376312256e-01
2.150897979736328125e-01
2.688083052635192871e-01
1.353109180927276611e-01
3.719753921031951904e-01
1.514744758605957031e-01
4.031049907207489014e-01
3.749647736549377441e-02
5.258847475051879883e-01
5.609687417745590210e-02
4.702184796333312988e-01
6.743908673524856567e-02
6.279205083847045898e-01
1.090457588434219360e-01
7.320468425750732422e-01
7.719619665294885635e-03
5.168259143829345703e-01
8.270184695720672607e-02
3.263487219810485840e-01
2.360744476318359375e-01
3.460230231285095215e-01
1.969608217477798462e-01
4.347841143608093262e-01
2.308047711849212646e-01
2.826428413391113281e-01
1.996916681528091431e-01
4.999271631240844727e-01
1.063435003161430359e-01
4.884801805019378662e-01
8.057950437068939209e-02
2.958256900310516357e-01
2.727081179618835449e-01
1.937575042247772217e-01
3.687278032302856445e-01
1.364472061395645142e-01
4.057012796401977539e-01
1.969901919364929199e-01
3.876314163208007812e-01
1.783407926559448242e-01
4.953146874904632568e-01
1.208168491721153259e-01
3.584584295749664307e-01
2.274307906627655029e-01
2.768770456314086914e-01
2.961522340774536133e-01
1.919650584459304810e-01
3.392552435398101807e-01
1.568938493728637695e-01
4.886946678161621094e-01
6.384190917015075684e-02
3.317995965480804443e-01
1.367728710174560547e-01
4.063107371330261230e-01
1.208518743515014648e-01
2.402529418468475342e-01
3.830754160881042480e-01
1.722213327884674072e-01
3.073767125606536865e-01
2.641590833663940430e-01
2.977992594242095947e-01
1.368120759725570679e-01
2.807537913322448730e-01
1.714155375957489014e-01
1.905509680509567261e-01
3.283588290214538574e-01
9.368245303630828857e-02
4.775993227958679199e-01
2.126308903098106384e-02
6.654713153839111328e-01
7.605987787246704102e-02
6.267753243446350098e-01
5.426397919654846191e-02
6.481028795242309570e-01
4.814166948199272156e-02
5.882244110107421875e-01
1.054472774267196655e-01
5.088971257209777832e-01
2.266246974468231201e-01
2.699737250804901123e-01
3.974879682064056396e-01
1.117921322584152222e-01
5.361744165420532227e-01
8.639191091060638428e-02
2.795174121856689453e-01
3.199395239353179932e-01
9.592281281948089600e-02
3.639037311077117920e-01
1.809767931699752808e-01
2.613485753536224365e-01
2.594307661056518555e-01
1.728999316692352295e-01
3.485946357250213623e-01
1.223006695508956909e-01
4.004285037517547607e-01
1.440071463584899902e-01
4.491083323955535889e-01
1.025324389338493347e-01
5.124983787536621094e-01
7.440125942230224609e-02
5.314334630966186523e-01
5.482822656631469727e-02
4.650287628173828125e-01
7.652576267719268799e-02
5.491304397583007812e-01
3.995021432638168335e-02
6.766659617424011230e-01
2.416320145130157471e-02
3.428155183792114258e-01
3.305975198745727539e-01
1.620096415281295776e-01
4.544976055622100830e-01
7.725411653518676758e-02
3.031556606292724609e-01
3.021633327007293701e-01
1.647619903087615967e-01
3.749223351478576660e-01
1.952860355377197266e-01
3.852558135986328125e-01
7.924840599298477173e-02
4.519603848457336426e-01
8.066533505916595459e-02
5.515191555023193359e-01
4.859917983412742615e-02
5.804072618484497070e-01
4.879685491323471069e-02
4.564823508262634277e-01
7.886014878749847412e-02
4.480874836444854736e-01
1.036288440227508545e-01
4.056260883808135986e-01
1.281902939081192017e-01
4.149363934993743896e-01
1.424337923526763916e-01
1.614936888217926025e-01
2.732613980770111084e-01
2.118083685636520386e-01
1.882462501525878906e-01
3.626846671104431152e-01
1.688269376754760742e-01
3.341881334781646729e-01
2.043559551239013672e-01
2.083849012851715088e-01
4.038732051849365234e-01
9.368701279163360596e-02
5.387012958526611328e-01
6.209057569503784180e-02
2.311894595623016357e-01
2.785784900188446045e-01
2.011738568544387817e-01
3.633198738098144531e-01
1.214739754796028137e-01
3.282664120197296143e-01
1.457383781671524048e-01
1.948748528957366943e-01
2.599548101425170898e-01
3.392989039421081543e-01
8.623157441616058350e-02
5.218403339385986328e-01
5.681946873664855957e-02
6.880098581314086914e-01
3.053653985261917114e-02
6.902477741241455078e-01
3.983658924698829651e-02
4.969121515750885010e-01
5.947750434279441833e-02
4.627652764320373535e-01
7.459946721792221069e-02
6.341105103492736816e-01
5.623110383749008179e-02
6.314024925231933594e-01
5.145964026451110840e-02
5.490759611129760742e-01
9.349995106458663940e-02
2.479236274957656860e-01
2.418810129165649414e-01
1.550068259239196777e-01
3.456541895866394043e-01
1.850297003984451294e-01
1.972150802612304688e-01
4.209291636943817139e-01
6.464882194995880127e-02
4.416722655296325684e-01
1.442006230354309082e-01
2.771993279457092285e-01
1.820321083068847656e-01
3.925737738609313965e-01
6.945288926362991333e-02
2.784842252731323242e-01
2.104572057723999023e-01
2.007460445165634155e-01
3.109796047210693359e-01
2.149049490690231323e-01
2.392190396785736084e-01
2.349582016468048096e-01
2.271348536014556885e-01
2.895845770835876465e-01
1.519569754600524902e-01
2.963728308677673340e-01
2.462475299835205078e-01
1.903296709060668945e-01
2.830169796943664551e-01
2.183543592691421509e-01
2.528893947601318359e-01
2.812759280204772949e-01
1.297672688961029053e-01
6.363765001296997070e-01
1.819271780550479889e-02
6.891421079635620117e-01
1.741623133420944214e-02
5.621566772460937500e-01
4.110218957066535950e-02
5.415285825729370117e-01
1.157491505146026611e-01
5.378521084785461426e-01
5.926843732595443726e-02
5.161418914794921875e-01
1.169798374176025391e-01
2.528522610664367676e-01
2.759135067462921143e-01
2.574444115161895752e-01
2.472108602523803711e-01
2.326961010694503784e-01
3.932752013206481934e-01
6.551571935415267944e-02
4.926199913024902344e-01
4.568633809685707092e-02
5.069615244865417480e-01
5.820350348949432373e-02
4.264850914478302002e-01
2.061123847961425781e-01
2.410630881786346436e-01
4.020906090736389160e-01
1.123226806521415710e-01
5.871652364730834961e-01
6.963775306940078735e-02
3.000705242156982422e-01
3.090324401855468750e-01
1.666615307331085205e-01
3.296857476234436035e-01
1.768285185098648071e-01
4.120126962661743164e-01
1.036060452461242676e-01
3.811462521553039551e-01
1.769212037324905396e-01
2.736174464225769043e-01
2.333883494138717651e-01
1.840048879384994507e-01
4.535300731658935547e-01
3.704352676868438721e-02
5.087277889251708984e-01
5.841395258903503418e-02
5.297985672950744629e-01
5.127395689487457275e-02
6.397967934608459473e-01
3.468399494886398315e-02
7.382818460464477539e-01
2.896126545965671539e-02
3.438600301742553711e-01
2.871883511543273926e-01
1.761782020330429077e-01
4.451082944869995117e-01
1.367673277854919434e-01
4.643676877021789551e-01
1.023744344711303711e-01
4.708856940269470215e-01
7.419109344482421875e-02
5.016311407089233398e-01
8.547119051218032837e-02
3.175804316997528076e-01
1.860423386096954346e-01
2.574131488800048828e-01
3.340681195259094238e-01
1.586699187755584717e-01
3.474388122558593750e-01
1.600995957851409912e-01
3.463177680969238281e-01
2.091460078954696655e-01
2.101404368877410889e-01
2.411960512399673462e-01
3.049804568290710449e-01
1.846441030502319336e-01
3.925208449363708496e-01
1.074775308370590210e-01
5.519645214080810547e-01
5.052967742085456848e-02
5.009772181510925293e-01
8.179362118244171143e-02
4.160527586936950684e-01
1.160257756710052490e-01
5.509042739868164062e-01
6.416739523410797119e-02
4.979906380176544189e-01
7.321122288703918457e-02
3.939886093139648438e-01
1.773359328508377075e-01
3.176381289958953857e-01
1.669698655605316162e-01
3.002204000949859619e-01
2.775107324123382568e-01
2.038008570671081543e-01
2.584258317947387695e-01
1.762320846319198608e-01
2.649448513984680176e-01
2.697363495826721191e-01
1.683745980262756348e-01
3.483109772205352783e-01
1.962614059448242188e-01
3.423482775688171387e-01
2.113661468029022217e-01
3.680380582809448242e-01
7.838251441717147827e-02
6.301784515380859375e-01
2.320102229714393616e-02
4.302826523780822754e-01
1.497960686683654785e-01
2.974948287010192871e-01
1.609867215156555176e-01
2.995225787162780762e-01
1.620393991470336914e-01
2.255456447601318359e-01
4.653012752532958984e-01
7.639252394437789917e-02
6.120415925979614258e-01
2.907289005815982819e-02
5.589950084686279297e-01
5.415577068924903870e-02
4.701721072196960449e-01
1.245538592338562012e-01
2.702671289443969727e-01
2.328515350818634033e-01
2.068472653627395630e-01
4.575452208518981934e-01
9.908173978328704834e-02
3.894202411174774170e-01
2.082521021366119385e-01
1.607682406902313232e-01
3.903237283229827881e-01
7.330327481031417847e-02
3.714821338653564453e-01
1.729576438665390015e-01
2.159189283847808838e-01
4.395160079002380371e-01
6.220494583249092102e-02
6.212871074676513672e-01
1.029049605131149292e-01
6.003983020782470703e-01
7.320578396320343018e-02
5.211315155029296875e-01
6.799867004156112671e-02
6.277893781661987305e-01
4.593568295240402222e-02
5.445399880409240723e-01
5.218464508652687073e-02
4.564616084098815918e-01
9.609030187129974365e-02
4.424435496330261230e-01
1.195770055055618286e-01
4.633119404315948486e-01
9.053945541381835938e-02
5.326029658317565918e-01
7.570098340511322021e-02
3.103459477424621582e-01
2.405148446559906006e-01
2.378750592470169067e-01
2.844438552856445312e-01
1.168162524700164795e-01
5.355345606803894043e-01
2.777953818440437317e-02
3.888797163963317871e-01
1.645036935806274414e-01
2.918801903724670410e-01
1.273262947797775269e-01
5.335857272148132324e-01
5.818154662847518921e-02
3.142641186714172363e-01
1.722997128963470459e-01
2.633684873580932617e-01
1.817622184753417969e-01
3.290119469165802002e-01
1.589596718549728394e-01
3.124934732913970947e-01
1.079533249139785767e-01
4.696100354194641113e-01
6.173838675022125244e-02
3.586925268173217773e-01
1.219795495271682739e-01
2.833467423915863037e-01
2.017245590686798096e-01
2.364702373743057251e-01
2.009706944227218628e-01
2.564808726310729980e-01
2.085040509700775146e-01
2.047200947999954224e-01
2.796074748039245605e-01
9.509912133216857910e-02
4.262045025825500488e-01
6.259449571371078491e-02
4.563065767288208008e-01
1.008686423301696777e-01
2.995049357414245605e-01
1.759957373142242432e-01
3.066426515579223633e-01
1.150284260511398315e-01
4.925156235694885254e-01
5.589555203914642334e-02
6.348298788070678711e-01
2.294780313968658447e-02
6.725802421569824219e-01
3.806738927960395813e-02
5.959388017654418945e-01
1.498692631721496582e-01
5.308277606964111328e-01
8.544175326824188232e-02
6.171721220016479492e-01
8.856899291276931763e-02
5.918978452682495117e-01
6.572127342224121094e-02
5.707409977912902832e-01
8.326953649520874023e-02
4.730708599090576172e-01
1.269790977239608765e-01
3.828454315662384033e-01
1.327285468578338623e-01
4.341329336166381836e-01
1.086014136672019958e-01
4.465126097202301025e-01
1.008747816085815430e-01
3.493652343750000000e-01
1.428641080856323242e-01
3.382159173488616943e-01
1.424831151962280273e-01
2.729846835136413574e-01
2.878558933734893799e-01
1.709311306476593018e-01
2.564893364906311035e-01
2.527325451374053955e-01
1.315853893756866455e-01
4.260431826114654541e-01
1.313286721706390381e-01
3.730674982070922852e-01
9.530870616436004639e-02
5.576196908950805664e-01
4.607093334197998047e-02
4.792565703392028809e-01
8.444450795650482178e-02
3.905020654201507568e-01
1.092828810214996338e-01
4.157142341136932373e-01
8.867864310741424561e-02
4.699053466320037842e-01
1.039869040250778198e-01
3.093504905700683594e-01
1.524730920791625977e-01
3.536851704120635986e-01
1.167712062597274780e-01
1.656228899955749512e-01
6.034587621688842773e-01
4.032734781503677368e-02
4.914528727531433105e-01
9.210403263568878174e-02
2.238478809595108032e-01
2.912056744098663330e-01
1.436142027378082275e-01
3.718485534191131592e-01
1.236200928688049316e-01
4.397265315055847168e-01
5.528278648853302002e-02
3.576518297195434570e-01
2.039671242237091064e-01
1.393346637487411499e-01
3.081077635288238525e-01
2.395412921905517578e-01
1.761305630207061768e-01
3.053369522094726562e-01
1.248426139354705811e-01
4.866985678672790527e-01
5.529364943504333496e-02
3.087884783744812012e-01
2.916709780693054199e-01
8.995987474918365479e-02
4.495602250099182129e-01
8.051779121160507202e-02
3.916961550712585449e-01
9.408055245876312256e-02
3.770706653594970703e-01
1.232494041323661804e-01
3.295247852802276611e-01
1.423741132020950317e-01
3.814889192581176758e-01
1.526035666465759277e-01
4.085055589675903320e-01
6.284705549478530884e-02
2.762481272220611572e-01
2.477335631847381592e-01
2.228907346725463867e-01
1.411162316799163818e-01
4.002621173858642578e-01
8.816944062709808350e-02
3.327519297599792480e-01
1.188863515853881836e-01
1.990522146224975586e-01
3.384029269218444824e-01
1.165711283683776855e-01
5.078597068786621094e-01
4.223641753196716309e-02
6.979172229766845703e-01
4.977535456418991089e-02
5.314106941223144531e-01
8.408349752426147461e-02
3.440253138542175293e-01
1.339156478643417358e-01
3.290745019912719727e-01
2.722111940383911133e-01
2.096991091966629028e-01
3.448889851570129395e-01
1.447135508060455322e-01
4.647591114044189453e-01
5.573896691203117371e-02
5.679485797882080078e-01
5.819199979305267334e-02
7.543484568595886230e-01
1.759416423738002777e-02
4.317325353622436523e-01
1.527485698461532593e-01
3.520264923572540283e-01
1.200114637613296509e-01
4.185760021209716797e-01
9.043164551258087158e-02
4.658658206462860107e-01
9.171564131975173950e-02
2.209201008081436157e-01
2.689009606838226318e-01
1.429324895143508911e-01
3.951883316040039062e-01
1.272894293069839478e-01
2.660890817642211914e-01
2.249141335487365723e-01
2.777935862541198730e-01
1.563796699047088623e-01
3.120670318603515625e-01
1.642968952655792236e-01
2.999482750892639160e-01
1.548434793949127197e-01
2.702410817146301270e-01
1.837718784809112549e-01
2.548460066318511963e-01
2.410875260829925537e-01
1.373328119516372681e-01
5.477209091186523438e-01
4.152214899659156799e-02
5.995417833328247070e-01
3.521658852696418762e-02
3.242378830909729004e-01
2.305654585361480713e-01
9.456811845302581787e-02
4.084283709526062012e-01
1.794399321079254150e-01
2.635148167610168457e-01
1.263273507356643677e-01
3.317050635814666748e-01
1.012369543313980103e-01
3.408744931221008301e-01
1.328619718551635742e-01
5.933160185813903809e-01
4.686644673347473145e-02
5.463584661483764648e-01
5.387294292449951172e-02
3.889780938625335693e-01
1.526757180690765381e-01
1.803679764270782471e-01
2.731314301490783691e-01
1.753772497177124023e-01
1.805150508880615234e-01
2.302353233098983765e-01
2.034485042095184326e-01
1.804243475198745728e-01
2.538094222545623779e-01
8.640878647565841675e-02
5.926835536956787109e-01
2.612998336553573608e-02
6.867824792861938477e-01
4.773330315947532654e-02
4.528807401657104492e-01
1.031259745359420776e-01
4.196013808250427246e-01
1.034564375877380371e-01
6.161091923713684082e-01
3.678366541862487793e-02
5.229331254959106445e-01
1.020201891660690308e-01
2.912582159042358398e-01
2.292418032884597778e-01
1.577127575874328613e-01
5.218768119812011719e-01
4.544861987233161926e-02
3.742535710334777832e-01
1.939606368541717529e-01
1.995199620723724365e-01
2.184521853923797607e-01
2.476618736982345581e-01
2.984867095947265625e-01
2.514202594757080078e-01
2.806319594383239746e-01
2.146883755922317505e-01
2.018549740314483643e-01
2.227135598659515381e-01
9.734615683555603027e-02
3.834358155727386475e-01
1.014456674456596375e-01
3.145130872726440430e-01
1.331826299428939819e-01
2.970033586025238037e-01
1.965514421463012695e-01
2.401217818260192871e-01
1.509266197681427002e-01
3.537520468235015869e-01
5.532076954841613770e-02
2.953537404537200928e-01
1.428317576646804810e-01
2.144047021865844727e-01
2.921887040138244629e-01
1.511008292436599731e-01
4.677154719829559326e-01
4.377204552292823792e-02
3.735547661781311035e-01
1.408235132694244385e-01
3.030660152435302734e-01
7.681708037853240967e-02
3.570592999458312988e-01
1.405008584260940552e-01
4.016668796539306641e-01
9.010286629199981689e-02
5.223944187164306641e-01
3.893743455410003662e-02
5.388185977935791016e-01
4.836840927600860596e-02
2.469846606254577637e-01
1.380664259195327759e-01
3.728411495685577393e-01
6.969298422336578369e-02
3.951925039291381836e-01
7.129301130771636963e-02
3.789577484130859375e-01
9.245503693819046021e-02
4.136090278625488281e-01
8.212730288505554199e-02
5.583457350730895996e-01
6.437904387712478638e-02
3.451032340526580811e-01
9.172654896974563599e-02
3.372233808040618896e-01
1.325272172689437866e-01
3.188238143920898438e-01
1.847375035285949707e-01
2.216182351112365723e-01
3.055140376091003418e-01
1.142452955245971680e-01
3.996145129203796387e-01
1.163680404424667358e-01
2.785111069679260254e-01
1.472312062978744507e-01
3.094149529933929443e-01
9.370673447847366333e-02
2.171898484230041504e-01
2.098030894994735718e-01
1.678693294525146484e-01
2.615796625614166260e-01
1.658198088407516479e-01
2.604269981384277344e-01
9.621288627386093140e-02
4.442483782768249512e-01
6.896871328353881836e-02
2.800527215003967285e-01
2.064881175756454468e-01
2.915014624595642090e-01
1.895170509815216064e-01
1.112727373838424683e-01
2.879266142845153809e-01
1.360772848129272461e-01
3.652321994304656982e-01
5.659189075231552124e-02
5.032168030738830566e-01
5.443383753299713135e-02
5.514326095581054688e-01
2.137865126132965088e-02
6.704687476158142090e-01
1.704352721571922302e-02
7.235368490219116211e-01
5.245307832956314087e-02
3.750404715538024902e-01
1.037872210144996643e-01
1.404415071010589600e-01
4.786666333675384521e-01
7.582275569438934326e-02
4.251799583435058594e-01
9.175176918506622314e-02
6.834375858306884766e-01
1.676364615559577942e-02
5.714724063873291016e-01
8.059729635715484619e-02
6.875445842742919922e-01
7.350686192512512207e-02
4.700989425182342529e-01
2.095956057310104370e-01
2.740547657012939453e-01
3.002399802207946777e-01
1.764523983001708984e-01
3.119254112243652344e-01
1.882204860448837280e-01
3.258168101310729980e-01
1.308762878179550171e-01
2.875435054302215576e-01
1.601615101099014282e-01
2.107695043087005615e-01
2.240107506513595581e-01
2.500855028629302979e-01
1.074224859476089478e-01
3.197471201419830322e-01
1.621586531400680542e-01
3.013651669025421143e-01
1.206824928522109985e-01
2.139737904071807861e-01
2.121765762567520142e-01
1.767610013484954834e-01
3.586994409561157227e-01
8.574093133211135864e-02
5.665646791458129883e-01
1.832230016589164734e-02
4.757203757762908936e-01
6.634373962879180908e-02
6.875432133674621582e-01
4.569238796830177307e-02
4.076974391937255859e-01
1.718240082263946533e-01
2.458511441946029663e-01
1.731485724449157715e-01
3.430409431457519531e-01
1.343624889850616455e-01
3.077855110168457031e-01
1.752993464469909668e-01
3.148543238639831543e-01
2.022038996219635010e-01
3.004622459411621094e-01
1.404724717140197754e-01
3.148785233497619629e-01
1.840438395738601685e-01
2.152372598648071289e-01
2.073347866535186768e-01
1.874480843544006348e-01
3.618371784687042236e-01
8.367672562599182129e-02
4.550479650497436523e-01
6.304314732551574707e-02
3.622863292694091797e-01
1.863009631633758545e-01
1.983430385589599609e-01
3.106575608253479004e-01
1.461347341537475586e-01
2.643141150474548340e-01
2.338849008083343506e-01
3.694366812705993652e-01
1.170250773429870605e-01
5.068225860595703125e-01
3.723314777016639709e-02
3.657468557357788086e-01
1.225332319736480713e-01
3.469954729080200195e-01
8.681710064411163330e-02
3.060754835605621338e-01
8.789280056953430176e-02
4.787372946739196777e-01
4.537462443113327026e-02
4.617634713649749756e-01
8.160760998725891113e-02
3.710148334503173828e-01
1.100939214229583740e-01
2.739509344100952148e-01
2.115827500820159912e-01
1.649363338947296143e-01
2.539497613906860352e-01
1.677955985069274902e-01
2.126702070236206055e-01
2.369340956211090088e-01
2.512700557708740234e-01
1.776105165481567383e-01
2.655625343322753906e-01
1.884990632534027100e-01
2.031324058771133423e-01
2.443425506353378296e-01
9.659496694803237915e-02
2.621203064918518066e-01
1.630361378192901611e-01
1.672342270612716675e-01
3.470816612243652344e-01
7.843643426895141602e-02
4.534343779087066650e-01
3.916458785533905029e-02
3.011807501316070557e-01
8.412888646125793457e-02
2.221148908138275146e-01
1.721075177192687988e-01
2.118902355432510376e-01
3.596141934394836426e-01
9.747742116451263428e-02
3.833009898662567139e-01
8.513307571411132812e-02
3.973470926284790039e-01
6.776174902915954590e-02
2.946762740612030029e-01
1.120113730430603027e-01
2.807025611400604248e-01
1.620635688304901123e-01
2.052065432071685791e-01
2.446411550045013428e-01
1.095193475484848022e-01
5.336459875106811523e-01
2.190400660037994385e-02
3.821650743484497070e-01
9.846513718366622925e-02
5.088551640510559082e-01
7.664487510919570923e-02
2.346892058849334717e-01
1.550151556730270386e-01
2.349236458539962769e-01
1.474502831697463989e-01
2.780494093894958496e-01
1.709646880626678467e-01
2.945508956909179688e-01
1.316685974597930908e-01
3.776619732379913330e-01
5.161805450916290283e-02
3.477678596973419189e-01
1.282598227262496948e-01
2.492769956588745117e-01
1.566812694072723389e-01
2.546078562736511230e-01
1.362824141979217529e-01
2.680983841419219971e-01
1.179343760013580322e-01
3.854960203170776367e-01
4.580432921648025513e-02
4.088414013385772705e-01
6.538267433643341064e-02
6.171692609786987305e-01
2.131656557321548462e-02
4.435358941555023193e-01
1.452591121196746826e-01
5.717555284500122070e-01
3.198499977588653564e-02
5.253161787986755371e-01
9.644103050231933594e-02
6.527265906333923340e-01
6.295906007289886475e-02
3.927709460258483887e-01
1.935616731643676758e-01
2.524315714836120605e-01
2.671300172805786133e-01
1.256871670484542847e-01
2.061088383197784424e-01
3.112218379974365234e-01
1.596979051828384399e-01
2.660135030746459961e-01
2.425509691238403320e-01
1.993083804845809937e-01
1.658914983272552490e-01
1.976840794086456299e-01
2.408611178398132324e-01
1.026885658502578735e-01
4.352089166641235352e-01
4.786692559719085693e-02
3.408364057540893555e-01
1.634242832660675049e-01
2.242552340030670166e-01
1.794962882995605469e-01
2.750505805015563965e-01
1.239976584911346436e-01
3.730375468730926514e-01
9.864561259746551514e-02
4.308969676494598389e-01
4.028360918164253235e-02
6.081436276435852051e-01
5.624065548181533813e-02
8.570756316184997559e-01
1.076742634177207947e-02
5.744538307189941406e-01
8.054266124963760376e-02
5.166765451431274414e-01
7.666755467653274536e-02
3.601318001747131348e-01
1.776367127895355225e-01
2.619587779045104980e-01
2.397501170635223389e-01
1.901593208312988281e-01
3.385313153266906738e-01
1.655484735965728760e-01
2.969114780426025391e-01
1.511438488960266113e-01
1.750989556312561035e-01
3.386344611644744873e-01
6.859218329191207886e-02
3.569163680076599121e-01
1.364167630672454834e-01
3.727024197578430176e-01
6.677667796611785889e-02
2.517391145229339600e-01
2.215114384889602661e-01
1.387960910797119141e-01
3.597416579723358154e-01
9.196020662784576416e-02
3.751294612884521484e-01
7.732494175434112549e-02
4.285274744033813477e-01
4.272330924868583679e-02
4.839102029800415039e-01
2.615163847804069519e-02
5.510244369506835938e-01
4.090698063373565674e-02
7.358037233352661133e-01
1.565309613943099976e-02
5.295348167419433594e-01
1.008178368210792542e-01
4.585553407669067383e-01
1.503806114196777344e-01
3.994472622871398926e-01
1.172328814864158630e-01
2.123627513647079468e-01
2.876339554786682129e-01
1.387557387351989746e-01
2.047720849514007568e-01
1.830443590879440308e-01
2.872800230979919434e-01
2.606700956821441650e-01
2.219200432300567627e-01
2.452106177806854248e-01
1.253191530704498291e-01
3.456442952156066895e-01
8.501496165990829468e-02
2.228855788707733154e-01
1.768392771482467651e-01
2.883645594120025635e-01
1.032736599445343018e-01
5.574545860290527344e-01
4.139771312475204468e-02
4.279307723045349121e-01
3.716887906193733215e-02
4.699175059795379639e-01
1.158650517463684082e-01
3.606162071228027344e-01
1.166936233639717102e-01
4.856857061386108398e-01
4.662604629993438721e-02
1.453977525234222412e-01
3.282130956649780273e-01
8.291365206241607666e-02
3.007507622241973877e-01
1.773530840873718262e-01
1.459545195102691650e-01
3.543724119663238525e-01
5.973430722951889038e-02
4.952468872070312500e-01
3.988943994045257568e-02
2.291806638240814209e-01
3.134018778800964355e-01
7.109060883522033691e-02
3.660876750946044922e-01
7.938065379858016968e-02
3.093914985656738281e-01
1.026359945535659790e-01
4.111842513084411621e-01
7.074788957834243774e-02
6.637161374092102051e-01
1.519227679818868637e-02
5.803944468498229980e-01
3.246984630823135376e-02
3.756119608879089355e-01
1.118007749319076538e-01
3.382068574428558350e-01
8.455622196197509766e-02
2.860386073589324951e-01
1.565037667751312256e-01
2.261317670345306396e-01
1.885473430156707764e-01
2.529752254486083984e-01
1.934527307748794556e-01
1.703622639179229736e-01
2.244109958410263062e-01
1.533322036266326904e-01
3.560529053211212158e-01
9.471756964921951294e-02
3.115535378456115723e-01
1.001169905066490173e-01
2.530090510845184326e-01
2.104454636573791504e-01
3.131553232669830322e-01
1.248462647199630737e-01
3.198173046112060547e-01
1.099285334348678589e-01
2.829821109771728516e-01
1.727726757526397705e-01
1.992677152156829834e-01
1.445073932409286499e-01
2.581868767738342285e-01
1.826885938644409180e-01
3.760856389999389648e-01
3.536755219101905823e-02
5.844975709915161133e-01
2.811767533421516418e-02
3.359649479389190674e-01
1.387868523597717285e-01
2.101964801549911499e-01
8.390106260776519775e-02
4.746671319007873535e-01
3.351101279258728027e-02
4.983048737049102783e-01
9.662941098213195801e-02
4.858381748199462891e-01
2.586422115564346313e-02
5.518187880516052246e-01
6.832803785800933838e-02
2.095444500446319580e-01
2.488696575164794922e-01
1.821760982275009155e-01
2.307748794555664062e-01
1.540461182594299316e-01
2.578485310077667236e-01
1.183638274669647217e-01
4.666194319725036621e-01
5.368826910853385925e-02
5.579433441162109375e-01
3.283432871103286743e-02
5.223249793052673340e-01
2.531979233026504517e-02
5.901069641113281250e-01
3.422547131776809692e-02
4.210917055606842041e-01
1.349702179431915283e-01
2.847821712493896484e-01
2.048503905534744263e-01
2.877292037010192871e-01
1.245663911104202271e-01
5.233629345893859863e-01
3.595228865742683411e-02
4.205411672592163086e-01
1.142261847853660583e-01
1.677257716655731201e-01
2.624343037605285645e-01
1.201086491346359253e-01
3.984233140945434570e-01
5.775943398475646973e-02
4.259799420833587646e-01
7.539463043212890625e-02
2.032963931560516357e-01
2.503506839275360107e-01
1.390025019645690918e-01
1.878297775983810425e-01
2.363044321537017822e-01
1.303742825984954834e-01
2.366614788770675659e-01
1.275605857372283936e-01
2.281472384929656982e-01
1.397005766630172729e-01
2.218201160430908203e-01
2.590995430946350098e-01
8.257810026407241821e-02
2.942030429840087891e-01
1.292641758918762207e-01
1.480109095573425293e-01
3.677121400833129883e-01
6.825205683708190918e-02
5.964397788047790527e-01
1.775128766894340515e-02
3.896511197090148926e-01
1.491417139768600464e-01
2.466589361429214478e-01
1.330382972955703735e-01
2.835891842842102051e-01
1.047508195042610168e-01
6.411730647087097168e-01
4.240719228982925415e-02
5.239890217781066895e-01
5.287945270538330078e-02
6.986221075057983398e-01
4.818505421280860901e-02
2.930104136466979980e-01
2.645276486873626709e-01
1.376675814390182495e-01
4.049640893936157227e-01
6.993581354618072510e-02
2.899381518363952637e-01
3.626105785369873047e-01
5.602540820837020874e-02
4.740072488784790039e-01
4.893218353390693665e-02
5.588398575782775879e-01
3.097489476203918457e-02
3.913881778717041016e-01
1.136895492672920227e-01
1.723540127277374268e-01
3.424185514450073242e-01
8.742942661046981812e-02
4.428575038909912109e-01
8.649312704801559448e-02
3.001963198184967041e-01
1.234018802642822266e-01
2.615935802459716797e-01
2.164330035448074341e-01
1.817793995141983032e-01
3.542269468307495117e-01
6.728586554527282715e-02
5.146289467811584473e-01
5.279165506362915039e-02
4.334727525711059570e-01
5.448530614376068115e-02
1.771610379219055176e-01
4.131189584732055664e-01
3.907866775989532471e-02
6.013963222503662109e-01
7.003352046012878418e-02
4.709715545177459717e-01
1.015816777944564819e-01
4.988818764686584473e-01
6.388404965400695801e-02
4.377857744693756104e-01
1.170122474431991577e-01
2.858083546161651611e-01
2.347497045993804932e-01
2.016124129295349121e-01
3.272910118103027344e-01
1.237161681056022644e-01
3.612301349639892578e-01
1.288344413042068481e-01
2.228703200817108154e-01
2.290730476379394531e-01
1.435254514217376709e-01
3.420475423336029053e-01
1.255759894847869873e-01
4.033901393413543701e-01
6.020113453269004822e-02
3.308830857276916504e-01
1.134828180074691772e-01
2.866406440734863281e-01
9.378305077552795410e-02
2.082205563783645630e-01
1.601287126541137695e-01
2.193144857883453369e-01
1.812365055084228516e-01
2.971381545066833496e-01
1.054862737655639648e-01
3.712630271911621094e-01
9.995917975902557373e-02
5.802114009857177734e-01
5.578083544969558716e-02
6.446136236190795898e-01
1.970592699944972992e-02
5.241961479187011719e-01
8.336749672889709473e-02
4.333459734916687012e-01
9.573781490325927734e-02
2.866205573081970215e-01
2.100622355937957764e-01
2.006847560405731201e-01
4.408131539821624756e-01
5.461511015892028809e-02
2.634993195533752441e-01
2.338517010211944580e-01
8.977332711219787598e-02
3.590291142463684082e-01
8.002877235412597656e-02
2.323811054229736328e-01
2.386247515678405762e-01
1.655011475086212158e-01
2.166705131530761719e-01
2.694089710712432861e-01
1.702655255794525146e-01
2.220241427421569824e-01
1.623256206512451172e-01
2.913314700126647949e-01
1.129740327596664429e-01
4.196103513240814209e-01
7.257288694381713867e-02
4.353663921356201172e-01
6.376459449529647827e-02
3.770372867584228516e-01
1.164290904998779297e-01
2.734454870223999023e-01
1.779074072837829590e-01
2.618335485458374023e-01
3.177621364593505859e-01
7.134741544723510742e-02
3.412601649761199951e-01
8.651138097047805786e-02
2.259992808103561401e-01
2.110519409179687500e-01
1.465018987655639648e-01
1.894505470991134644e-01
3.355781435966491699e-01
6.655402481555938721e-02
3.458048105239868164e-01
7.808013260364532471e-02
4.856916666030883789e-01
2.734117209911346436e-02
5.499027371406555176e-01
3.672983497381210327e-02
7.697039842605590820e-01
1.839487627148628235e-02
4.488781988620758057e-01
1.391038298606872559e-01
2.693731784820556641e-01
2.374521195888519287e-01
1.159573122859001160e-01
3.134344816207885742e-01
2.237322330474853516e-01
1.554596126079559326e-01
2.549535334110260010e-01
2.268214374780654907e-01
2.566252648830413818e-01
1.601180136203765869e-01
3.890096545219421387e-01
5.933948978781700134e-02
2.755700051784515381e-01
9.788401424884796143e-02
3.212664723396301270e-01
1.308380216360092163e-01
2.134327590465545654e-01
1.912567913532257080e-01
2.292211949825286865e-01
2.117476463317871094e-01
1.830613911151885986e-01
1.315488219261169434e-01
4.116264283657073975e-01
4.212275892496109009e-02
4.534814655780792236e-01
7.525838166475296021e-02
3.316061794757843018e-01
1.360213607549667358e-01
1.508513689041137695e-01
3.379743695259094238e-01
6.788305938243865967e-02
1.814211606979370117e-01
4.276343584060668945e-01
5.222445353865623474e-02
4.493556618690490723e-01
6.428647786378860474e-02
5.390371084213256836e-01
2.716719731688499451e-02
4.775499105453491211e-01
7.123514264822006226e-02
4.850161075592041016e-01
6.149283796548843384e-02
3.804215192794799805e-01
9.198904037475585938e-02
5.811678171157836914e-01
1.090398896485567093e-02
3.847850561141967773e-01
1.907747685909271240e-01
1.098591238260269165e-01
5.124771595001220703e-01
3.298296779394149780e-02
4.551210701465606689e-01
5.822814628481864929e-02
6.222160458564758301e-01
4.732232540845870972e-02
2.584620714187622070e-01
2.899026870727539062e-01
1.303446888923645020e-01
1.159948557615280151e-01
4.413669109344482422e-01
3.969953209161758423e-02
5.545831322669982910e-01
9.169776737689971924e-02
3.301419019699096680e-01
2.286111414432525635e-01
1.437139362096786499e-01
4.077619910240173340e-01
5.022056400775909424e-02
4.518561959266662598e-01
1.176907271146774292e-01
1.826500594615936279e-01
2.485405504703521729e-01
2.128786742687225342e-01
2.518859505653381348e-01
2.432561814785003662e-01
1.514222174882888794e-01
1.949428915977478027e-01
9.886933118104934692e-02
5.352594256401062012e-01
3.001675382256507874e-02
5.081958174705505371e-01
3.810223191976547241e-02
5.229810476303100586e-01
1.213675066828727722e-01
3.570190966129302979e-01
1.388034224510192871e-01
4.558314383029937744e-01
1.143938675522804260e-01
5.407779216766357422e-01
2.384766563773155212e-02
3.882669210433959961e-01
2.118376940488815308e-01
1.528586149215698242e-01
2.324418127536773682e-01
3.705871403217315674e-01
6.499782949686050415e-02
3.935089707374572754e-01
1.166030466556549072e-01
3.289166688919067383e-01
1.233417764306068420e-01
3.031679391860961914e-01
9.596697986125946045e-02
1.455058753490447998e-01
3.493872880935668945e-01
1.066518276929855347e-01
3.027646541595458984e-01
2.152939438819885254e-01
1.854675114154815674e-01
2.417051196098327637e-01
1.533451974391937256e-01
1.690885424613952637e-01
4.137781560420989990e-01
4.887814447283744812e-02
7.710886001586914062e-01
1.606179028749465942e-02
3.373632729053497314e-01
2.138276696205139160e-01
2.185862660408020020e-01
3.981586694717407227e-01
1.274456083774566650e-01
3.475117981433868408e-01
1.952294111251831055e-01
2.816806137561798096e-01
1.187911033630371094e-01
4.565889239311218262e-01
8.575041592121124268e-02
3.453422784805297852e-01
6.938688457012176514e-02
4.645223319530487061e-01
8.569888025522232056e-02
4.518645405769348145e-01
3.483617305755615234e-02
1.583720445632934570e-01
3.254100084304809570e-01
1.101860255002975464e-01
2.247964441776275635e-01
1.967807412147521973e-01
2.074845135211944580e-01
3.810753226280212402e-01
9.107072651386260986e-02
5.044655799865722656e-01
4.130424559116363525e-02
3.494939208030700684e-01
1.394712924957275391e-01
1.582663655281066895e-01
2.727655172348022461e-01
1.587528735399246216e-01
2.505911290645599365e-01
2.173851430416107178e-01
9.242278337478637695e-02
3.302662074565887451e-01
1.100082024931907654e-01
5.217610001564025879e-01
2.701120451092720032e-02
5.235618948936462402e-01
7.900299131870269775e-02
4.237088561058044434e-01
8.827139437198638916e-02
5.090214610099792480e-01
4.434200376272201538e-02
5.049155950546264648e-01
4.568573459982872009e-02
1.959830522537231445e-01
2.781382501125335693e-01
1.708804965019226074e-01
1.841225326061248779e-01
2.834620475769042969e-01
2.319500297307968140e-01
9.257753938436508179e-02
4.829242229461669922e-01
3.564864769577980042e-02
4.463982582092285156e-01
9.345141798257827759e-02
3.431772589683532715e-01
1.715781688690185547e-01
4.858522415161132812e-01
3.356489539146423340e-02
5.945833325386047363e-01
2.446928061544895172e-02
5.138584375381469727e-01
5.887383967638015747e-02
3.323791921138763428e-01
1.500463187694549561e-01
3.724654018878936768e-01
8.242574334144592285e-02
7.005861997604370117e-01
3.824716433882713318e-02
5.493187904357910156e-01
9.243449568748474121e-02
5.522917509078979492e-01
6.033949553966522217e-02
2.498915791511535645e-01
2.275130599737167358e-01
1.991587728261947632e-01
1.857984364032745361e-01
1.955581903457641602e-01
1.843702495098114014e-01
2.788562774658203125e-01
1.319524198770523071e-01
3.829610645771026611e-01
8.434399962425231934e-02
4.448781609535217285e-01
7.180373370647430420e-02
2.978467941284179688e-01
1.071853041648864746e-01
2.603487372398376465e-01
2.771823108196258545e-01
1.216671317815780640e-01
4.197945594787597656e-01
6.826122105121612549e-02
4.441775977611541748e-01
6.462769955396652222e-02
2.669579386711120605e-01
1.078671514987945557e-01
2.193711549043655396e-01
1.465981006622314453e-01
3.665998876094818115e-01
7.668160647153854370e-02
6.413255929946899414e-01
3.785817325115203857e-02
5.670409202575683594e-01
3.644121438264846802e-02
5.138189792633056641e-01
7.661810517311096191e-02
1.768636852502822876e-01
4.459647834300994873e-01
4.170187935233116150e-02
4.395685791969299316e-01
1.031225025653839111e-01
1.758651882410049438e-01
2.340140640735626221e-01
1.325554102659225464e-01
2.531820535659790039e-01
2.342582195997238159e-01
1.871117949485778809e-01
2.502120435237884521e-01
2.487693130970001221e-01
1.801066100597381592e-01
1.683896183967590332e-01
2.716266512870788574e-01
8.743351697921752930e-02
3.809271156787872314e-01
5.856466293334960938e-02
5.389411449432373047e-01
1.754341647028923035e-02
3.714274764060974121e-01
1.065723821520805359e-01
2.179463356733322144e-01
2.265794277191162109e-01
1.752617806196212769e-01
2.254055142402648926e-01
2.143066823482513428e-01
1.797445714473724365e-01
1.984812021255493164e-01
9.952853620052337646e-02
3.361111283302307129e-01
1.145735830068588257e-01
4.368172883987426758e-01
4.249890893697738647e-02
4.491856396198272705e-01
4.616209119558334351e-02
3.942751884460449219e-01
8.055983483791351318e-02
2.904362082481384277e-01
1.156554445624351501e-01
3.980845808982849121e-01
6.178722530603408813e-02
3.531413078308105469e-01
2.058457881212234497e-01
1.299922764301300049e-01
3.318692445755004883e-01
1.711341738700866699e-01
5.143051743507385254e-01
2.366019412875175476e-02
4.214254915714263916e-01
8.210428059101104736e-02
4.157566428184509277e-01
6.120694056153297424e-02
4.846802949905395508e-01
4.628328233957290649e-02
4.413952827453613281e-01
4.307333752512931824e-02
4.769778847694396973e-01
5.094600096344947815e-02
3.766264915466308594e-01
1.301605999469757080e-01
1.611780375242233276e-01
4.475764930248260498e-01
3.988668695092201233e-02
3.547272086143493652e-01
8.985996246337890625e-02
3.233374953269958496e-01
1.278208196163177490e-01
2.186375260353088379e-01
2.212458103895187378e-01
1.237301304936408997e-01
3.367392718791961670e-01
1.508003622293472290e-01
3.443089127540588379e-01
1.015922278165817261e-01
1.864423751831054688e-01
3.223355114459991455e-01
1.166811138391494751e-01
3.904101848602294922e-01
1.001902818679809570e-01
1.730852425098419189e-01
3.402456939220428467e-01
6.225957348942756653e-02
3.028851449489593506e-01
1.844716370105743408e-01
1.900619566440582275e-01
1.667844355106353760e-01
2.501577734947204590e-01
1.382624953985214233e-01
2.708148658275604248e-01
1.592961847782135010e-01
3.128200769424438477e-01
7.608537375926971436e-02
3.826805353164672852e-01
4.587951675057411194e-02
4.333404302597045898e-01
3.580866754055023193e-02
5.678302049636840820e-01
1.970838382840156555e-02
3.396309614181518555e-01
1.018117442727088928e-01
2.001509517431259155e-01
1.068941280245780945e-01
4.478001296520233154e-01
3.802844509482383728e-02
4.097719788551330566e-01
1.291525214910507202e-01
4.077044129371643066e-01
6.251450628042221069e-02
5.834529399871826172e-01
2.030970714986324310e-02
8.983616828918457031e-01
7.250976283103227615e-03
7.413769960403442383e-01
2.146150171756744385e-02
7.657415866851806641e-01
9.238104522228240967e-02
5.313541889190673828e-01
1.677134633064270020e-01
5.142578482627868652e-01
9.213453531265258789e-02
5.300867557525634766e-01
8.005587756633758545e-02
2.232653200626373291e-01
3.177384734153747559e-01
2.298392355442047119e-01
3.458391427993774414e-01
2.470464408397674561e-01
1.555718779563903809e-01
4.741820096969604492e-01
1.580027043819427490e-01
3.994531035423278809e-01
1.465676277875900269e-01
2.087511420249938965e-01
2.965137362480163574e-01
1.612243354320526123e-01
3.822113275527954102e-01
8.832033723592758179e-02
3.385065793991088867e-01
1.975742280483245850e-01
1.042395383119583130e-01
5.267116427421569824e-01
5.694668740034103394e-02
5.084472894668579102e-01
7.265557348728179932e-02
3.363656997680664062e-01
1.673953831195831299e-01
3.080341219902038574e-01
1.399770677089691162e-01
3.594276607036590576e-01
1.220414415001869202e-01
4.479136765003204346e-01
7.020854949951171875e-02
2.082441002130508423e-01
1.982192993164062500e-01
2.405815124511718750e-01
2.759053111076354980e-01
2.831922769546508789e-01
1.117212027311325073e-01
5.653093457221984863e-01
2.030721679329872131e-02
7.621334791183471680e-01
3.900336474180221558e-02
5.370911359786987305e-01
8.650733530521392822e-02
3.228567242622375488e-01
1.344705075025558472e-01
2.326513528823852539e-01
2.717986702919006348e-01
1.686430275440216064e-01
3.144448101520538330e-01
1.488296687602996826e-01
2.714982032775878906e-01
1.479033529758453369e-01
2.029402107000350952e-01
1.733689606189727783e-01
2.386552989482879639e-01
1.632228344678878784e-01
2.079938501119613647e-01
2.779494524002075195e-01
1.648477315902709961e-01
1.652252823114395142e-01
2.236903607845306396e-01
2.242587357759475708e-01
1.511997282505035400e-01
1.582962423563003540e-01
1.601292490959167480e-01
1.984891146421432495e-01
2.274769246578216553e-01
1.377259194850921631e-01
2.450088262557983398e-01
2.249474525451660156e-01
1.654020249843597412e-01
2.197087109088897705e-01
2.018366903066635132e-01
1.829001605510711670e-01
2.790194451808929443e-01
5.348581448197364807e-02
2.389528155326843262e-01
1.785450428724288940e-01
2.436369508504867554e-01
9.736476838588714600e-02
4.207969903945922852e-01
8.853833377361297607e-02
3.145712316036224365e-01
1.302809715270996094e-01
3.550964593887329102e-01
1.119201928377151489e-01
3.963952660560607910e-01
3.587001189589500427e-02
4.331083893775939941e-01
7.037122547626495361e-02
2.622392475605010986e-01
1.188498064875602722e-01
1.903632432222366333e-01
2.705549001693725586e-01
1.977432966232299805e-01
1.624237447977066040e-01
1.784930229187011719e-01
2.142452150583267212e-01
2.372697144746780396e-01
9.886334091424942017e-02
6.039600372314453125e-01
5.886586010456085205e-02
6.007200479507446289e-01
8.128011599183082581e-03
8.116328716278076172e-01
2.093018963932991028e-02
7.297437787055969238e-01
6.640679389238357544e-02
6.477820277214050293e-01
6.731624901294708252e-02
3.645166754722595215e-01
2.116620540618896484e-01
2.146116793155670166e-01
2.494441121816635132e-01
2.123287320137023926e-01
2.108028829097747803e-01
2.437351942062377930e-01
2.677750587463378906e-01
1.461009085178375244e-01
4.288767576217651367e-01
1.128395125269889832e-01
4.819576144218444824e-01
7.352669537067413330e-02
3.603588640689849854e-01
2.329544275999069214e-01
2.347514927387237549e-01
3.217716515064239502e-01
1.334455311298370361e-01
2.802253961563110352e-01
1.074139997363090515e-01
5.014877319335937500e-01
5.866691097617149353e-02
3.968902826309204102e-01
1.341212093830108643e-01
3.431098163127899170e-01
1.000998243689537048e-01
4.687320291996002197e-01
6.027646362781524658e-02
5.360150337219238281e-01
7.647205144166946411e-02
5.169703960418701172e-01
5.420855060219764709e-02
3.339407742023468018e-01
1.642851531505584717e-01
2.273551821708679199e-01
2.909832596778869629e-01
1.470009833574295044e-01
2.981142699718475342e-01
1.227722764015197754e-01
3.579811453819274902e-01
1.013751849532127380e-01
4.724521040916442871e-01
4.527677968144416809e-02
4.979980885982513428e-01
1.117509678006172180e-01
3.349274098873138428e-01
1.212784349918365479e-01
3.366864323616027832e-01
1.079392880201339722e-01
1.967604458332061768e-01
4.190619885921478271e-01
5.686678737401962280e-02
3.730456233024597168e-01
1.574384868144989014e-01
1.837486028671264648e-01
2.858370244503021240e-01
1.748783439397811890e-01
1.721326410770416260e-01
3.210732042789459229e-01
8.492277562618255615e-02
5.190086364746093750e-01
3.581614047288894653e-02
6.433762311935424805e-01
2.409458532929420471e-02
3.716643452644348145e-01
5.833828449249267578e-02
5.307534337043762207e-01
5.762880295515060425e-02
3.563901484012603760e-01
1.126028224825859070e-01
2.487674057483673096e-01
2.320911139249801636e-01
1.703528463840484619e-01
2.096276581287384033e-01
2.265415489673614502e-01
2.004649341106414795e-01
1.972075700759887695e-01
1.456720978021621704e-01
2.939441502094268799e-01
8.894459903240203857e-02
3.531325459480285645e-01
1.089490130543708801e-01
1.455819606781005859e-01
3.033381104469299316e-01
1.035659611225128174e-01
4.023476839065551758e-01
1.553901135921478271e-01
3.803613781929016113e-01
4.687688499689102173e-02
4.952012598514556885e-01
9.619393944740295410e-02
2.476515918970108032e-01
1.597707271575927734e-01
4.485131204128265381e-01
3.437662869691848755e-02
5.587641000747680664e-01
3.524785116314888000e-02
5.513223409652709961e-01
3.912389278411865234e-02
6.263366937637329102e-01
2.915563248097896576e-02
4.172759652137756348e-01
9.941654652357101440e-02
4.295035600662231445e-01
1.075986400246620178e-01
2.814428806304931641e-01
2.281273603439331055e-01
2.189871668815612793e-01
1.543566584587097168e-01
1.244693323969841003e-01
3.002602756023406982e-01
1.333601772785186768e-01
3.239712119102478027e-01
1.367578506469726562e-01
3.823841214179992676e-01
1.732122451066970825e-01
2.889152765274047852e-01
1.457105875015258789e-01
4.492051005363464355e-01
5.371493846178054810e-02
2.167215049266815186e-01
2.348478734493255615e-01
1.537254452705383301e-01
3.285819292068481445e-01
1.129568666219711304e-01
2.252848446369171143e-01
3.113368153572082520e-01
9.816134721040725708e-02
3.355806469917297363e-01
1.164206415414810181e-01
2.544218897819519043e-01
1.498449146747589111e-01
1.465734839439392090e-01
5.488679409027099609e-01
2.539781108498573303e-02
6.433108448982238770e-01
6.417004019021987915e-02
2.682395875453948975e-01
2.121644318103790283e-01
1.066534593701362610e-01
4.809890091419219971e-01
7.092128694057464600e-02
6.642061471939086914e-01
3.959692642092704773e-02
7.216231822967529297e-01
1.137373223900794983e-02
5.226004123687744141e-01
7.531760632991790771e-02
4.855325818061828613e-01
8.156272768974304199e-02
5.349583029747009277e-01
7.776699215173721313e-02
5.577872395515441895e-01
8.240029215812683105e-02
5.072938203811645508e-01
6.376561522483825684e-02
4.712670743465423584e-01
1.192609071731567383e-01
2.067935466766357422e-01
3.121719360351562500e-01
1.344686001539230347e-01
4.771793484687805176e-01
5.517552793025970459e-02
2.465419173240661621e-01
3.198686242103576660e-01
9.360074996948242188e-02
2.598732411861419678e-01
1.330207586288452148e-01
2.083564549684524536e-01
2.459855824708938599e-01
1.951676309108734131e-01
3.024679124355316162e-01
1.051432341337203979e-01
4.447896480560302734e-01
4.139387607574462891e-02
4.595100283622741699e-01
5.558378621935844421e-02
5.460543036460876465e-01
2.892890572547912598e-02
3.414193987846374512e-01
1.604050248861312866e-01
2.128265500068664551e-01
2.443978488445281982e-01
2.952604889869689941e-01
1.347680091857910156e-01
2.167832255363464355e-01
2.725622355937957764e-01
1.360459625720977783e-01
3.631690144538879395e-01
9.648462384939193726e-02
3.007844686508178711e-01
6.538462638854980469e-02
4.089619517326354980e-01
7.353384792804718018e-02
3.709223270416259766e-01
1.373053491115570068e-01
3.130894899368286133e-01
6.359225511550903320e-02
1.990417540073394775e-01
2.634884417057037354e-01
1.725684553384780884e-01
3.350185155868530273e-01
1.160363778471946716e-01
1.986972987651824951e-01
2.153676003217697144e-01
2.045739293098449707e-01
1.379957646131515503e-01
2.449958771467208862e-01
2.181725800037384033e-01
1.304098814725875854e-01
3.935937285423278809e-01
4.203812777996063232e-02
2.827703356742858887e-01
1.964288204908370972e-01
1.976212263107299805e-01
1.474271118640899658e-01
2.227404415607452393e-01
1.427308917045593262e-01
2.351426184177398682e-01
3.010044395923614502e-01
8.259256929159164429e-02
3.974311351776123047e-01
1.414123326539993286e-01
2.719983458518981934e-01
4.977253079414367676e-02
4.040839076042175293e-01
1.614969074726104736e-01
2.658320069313049316e-01
3.748900443315505981e-02
7.013813257217407227e-01
4.144271463155746460e-02
7.289796471595764160e-01
8.950579911470413208e-03
7.514897584915161133e-01
1.521069183945655823e-02
6.768015623092651367e-01
1.334258466958999634e-01
7.177690863609313965e-01
1.585221663117408752e-02
4.563383162021636963e-01
2.300836443901062012e-01
2.338576465845108032e-01
4.239094853401184082e-01
9.590279310941696167e-02
7.324283123016357422e-01
6.548117101192474365e-02
2.988653481006622314e-01
4.034086167812347412e-01
9.061464667320251465e-02
4.161838889122009277e-01
1.489508450031280518e-01
1.576165407896041870e-01
4.781649708747863770e-01
1.078301668167114258e-01
2.621262669563293457e-01
1.801858991384506226e-01
2.509764730930328369e-01
1.997565031051635742e-01
1.775761246681213379e-01
3.122645020484924316e-01
1.763229072093963623e-01
2.774953544139862061e-01
1.496591269969940186e-01
3.781074881553649902e-01
9.902143478393554688e-02
6.137838363647460938e-01
4.256032034754753113e-02
3.566353023052215576e-01
1.671484857797622681e-01
2.661898434162139893e-01
2.941786646842956543e-01
1.615453660488128662e-01
3.682662844657897949e-01
1.090128719806671143e-01
4.074509143829345703e-01
8.931441605091094971e-02
3.985757231712341309e-01
1.190836504101753235e-01
2.650289535522460938e-01
2.498607039451599121e-01
2.671960592269897461e-01
1.255749613046646118e-01
3.528677821159362793e-01
1.303448975086212158e-01
3.987528085708618164e-01
9.451320767402648926e-02
3.286019563674926758e-01
1.159161329269409180e-01
3.658237457275390625e-01
1.107750535011291504e-01
3.053681850433349609e-01
1.300036013126373291e-01
2.332579791545867920e-01
3.083786368370056152e-01
8.839351683855056763e-02
3.616603016853332520e-01
8.937635272741317749e-02
2.937014997005462646e-01
1.245134845376014709e-01
2.465404570102691650e-01
1.765025854110717773e-01
2.336332499980926514e-01
2.028922438621520996e-01
1.845321953296661377e-01
1.291371732950210571e-01
3.753799796104431152e-01
4.241014271974563599e-02
3.686746358871459961e-01
1.162719577550888062e-01
1.467546224594116211e-01
3.439725041389465332e-01
6.929074227809906006e-02
5.270801186561584473e-01
2.570646256208419800e-02
5.584489107131958008e-01
2.466775104403495789e-02
4.182887971401214600e-01
1.019429564476013184e-01
3.949422240257263184e-01
8.420346677303314209e-02
3.190423250198364258e-01
1.302511990070343018e-01
1.977615058422088623e-01
1.557798236608505249e-01
4.255176186561584473e-01
6.065962091088294983e-02
3.190704584121704102e-01
1.776335537433624268e-01
1.777134835720062256e-01
2.170564085245132446e-01
2.656229734420776367e-01
1.375823616981506348e-01
2.356578707695007324e-01
1.692017316818237305e-01
2.240802943706512451e-01
1.991089880466461182e-01
1.788752675056457520e-01
2.771376073360443115e-01
1.176848262548446655e-01
2.881345748901367188e-01
1.375303566455841064e-01
2.032620310783386230e-01
1.891288310289382935e-01
1.696544140577316284e-01
3.909842967987060547e-01
5.957901477813720703e-02
3.975616991519927979e-01
7.496000826358795166e-02
3.887669146060943604e-01
9.985525906085968018e-02
4.255716204643249512e-01
8.134783804416656494e-02
1.548687815666198730e-01
2.507965564727783203e-01
1.435023546218872070e-01
3.416635692119598389e-01
7.440011203289031982e-02
4.705486297607421875e-01
6.547820568084716797e-02
3.063773512840270996e-01
7.766321301460266113e-02
4.578312635421752930e-01
3.131075203418731689e-02
6.327625513076782227e-01
2.320519462227821350e-02
8.906680345535278320e-01
1.631253957748413086e-02
6.387426853179931641e-01
5.992513895034790039e-02
6.159927845001220703e-01
7.952846586704254150e-02
4.077433347702026367e-01
2.037107497453689575e-01
3.387155532836914062e-01
2.190721482038497925e-01
2.360009402036666870e-01
2.308214902877807617e-01
4.662144780158996582e-01
7.495576143264770508e-02
4.567121267318725586e-01
1.440941691398620605e-01
2.782028615474700928e-01
1.773532032966613770e-01
1.957472860813140869e-01
3.172816038131713867e-01
1.230233907699584961e-01
4.544543623924255371e-01
5.031833797693252563e-02
5.337707996368408203e-01
7.210670411586761475e-02
4.526809453964233398e-01
1.248919665813446045e-01
1.948330700397491455e-01
2.586248815059661865e-01
1.917798817157745361e-01
3.896357119083404541e-01
6.299228221178054810e-02
3.238080739974975586e-01
1.339769661426544189e-01
2.782660126686096191e-01
2.024330347776412964e-01
4.179910421371459961e-01
7.552824169397354126e-02
3.478243649005889893e-01
1.164893656969070435e-01
2.482730448246002197e-01
2.308990806341171265e-01
1.557587087154388428e-01
2.060526311397552490e-01
2.284338176250457764e-01
1.499339044094085693e-01
3.234273195266723633e-01
9.426714479923248291e-02
2.837676405906677246e-01
1.469030082225799561e-01
2.341136783361434937e-01
2.572266459465026855e-01
1.087096780538558960e-01
2.813501060009002686e-01
1.663316637277603149e-01
1.720983535051345825e-01
3.019087910652160645e-01
1.094483062624931335e-01
3.090255260467529297e-01
9.463304281234741211e-02
2.361533492803573608e-01
1.627639234066009521e-01
2.661055326461791992e-01
1.205321475863456726e-01
2.675096988677978516e-01
1.037390232086181641e-01
2.856943607330322266e-01
5.452458560466766357e-02
2.544085979461669922e-01
2.506834268569946289e-01
1.969065219163894653e-01
1.311216503381729126e-01
2.477258741855621338e-01
1.884096115827560425e-01
1.325950920581817627e-01
1.581525951623916626e-01
4.642122089862823486e-01
4.170594364404678345e-02
2.798721194267272949e-01
1.386944055557250977e-01
3.612132370471954346e-01
8.026153594255447388e-02
3.611534237861633301e-01
7.133899629116058350e-02
4.101904630661010742e-01
7.181280851364135742e-02
2.490127533674240112e-01
2.708802819252014160e-01
8.755958825349807739e-02
4.829513430595397949e-01
5.919206887483596802e-02
5.788625478744506836e-01
6.132915616035461426e-02
4.525539875030517578e-01
7.151234894990921021e-02
3.865439295768737793e-01
8.038567006587982178e-02
1.665659546852111816e-01
3.132892847061157227e-01
1.157536357641220093e-01
2.234167307615280151e-01
2.128914445638656616e-01
2.608226537704467773e-01
1.194090247154235840e-01
2.380277663469314575e-01
2.297967374324798584e-01
2.104960232973098755e-01
2.513539791107177734e-01
1.041663065552711487e-01
2.753309607505798340e-01
1.808687150478363037e-01
1.851321756839752197e-01
3.137001693248748779e-01
4.535474255681037903e-02
5.770606994628906250e-01
9.351150691509246826e-02
6.216568350791931152e-01
2.236914634704589844e-02
4.838552474975585938e-01
4.901289939880371094e-02
6.419039964675903320e-01
9.870455600321292877e-03
5.104703903198242188e-01
4.445675760507583618e-02
5.653671622276306152e-01
7.569571584463119507e-02
2.986258268356323242e-01
1.560654640197753906e-01
2.444294393062591553e-01
2.083546370267868042e-01
2.129352986812591553e-01
3.025542795658111572e-01
1.385958045721054077e-01
2.750202417373657227e-01
2.115919291973114014e-01
3.283248245716094971e-01
8.584515750408172607e-02
4.441385269165039062e-01
1.226886883378028870e-01
3.940002322196960449e-01
1.051014289259910583e-01
3.652794659137725830e-01
4.496348649263381958e-02
3.717066645622253418e-01
6.045734882354736328e-02
3.657494187355041504e-01
5.604510009288787842e-02
3.606462478637695312e-01
1.151578128337860107e-01
4.250066280364990234e-01
8.615809679031372070e-02
1.998917907476425171e-01
3.305812478065490723e-01
6.891278922557830811e-02
4.147067070007324219e-01
8.005738258361816406e-02
2.345775216817855835e-01
2.029571235179901123e-01
1.303038746118545532e-01
5.625954866409301758e-01
1.687906496226787567e-02
3.967789411544799805e-01
7.139860093593597412e-02
4.638081192970275879e-01
2.997153252363204956e-02
3.788050711154937744e-01
9.046478569507598877e-02
5.784556865692138672e-01
2.116759866476058960e-02
2.571685016155242920e-01
5.326095819473266602e-01
8.351205848157405853e-03
6.220919489860534668e-01
9.787100553512573242e-02
6.008671522140502930e-01
2.163010276854038239e-02
1.883074641227722168e-01
4.643391966819763184e-01
5.620077997446060181e-02
3.248880207538604736e-01
1.634421199560165405e-01
2.182637155055999756e-01
1.110791191458702087e-01
3.281640410423278809e-01
1.515834033489227295e-01
2.373068332672119141e-01
2.457097619771957397e-01
2.478568404912948608e-01
1.861798763275146484e-01
3.686627149581909180e-01
6.241080164909362793e-02
4.110953807830810547e-01
8.125393837690353394e-02
2.437870800495147705e-01
1.830450594425201416e-01
8.224681019783020020e-02
5.964312553405761719e-01
2.543609589338302612e-02
6.125018000602722168e-01
2.550037950277328491e-02
5.135393142700195312e-01
7.834229618310928345e-02
4.457314014434814453e-01
8.857218921184539795e-02
2.873343825340270996e-01
1.833004206418991089e-01
2.976654767990112305e-01
8.420521020889282227e-02
4.261745214462280273e-01
4.103131219744682312e-02
2.478814423084259033e-01
2.098100483417510986e-01
1.460811495780944824e-01
2.362367808818817139e-01
8.277685940265655518e-02
3.020675778388977051e-01
1.097750365734100342e-01
3.183633089065551758e-01
1.387443244457244873e-01
1.702060848474502563e-01
3.743652105331420898e-01
6.522911787033081055e-02
2.574154436588287354e-01
4.269690215587615967e-01
5.063160508871078491e-02
2.199460268020629883e-01
1.929341852664947510e-01
2.515727281570434570e-01
1.925516873598098755e-01
1.358134746551513672e-01
3.314788937568664551e-01
5.442220717668533325e-02
2.993008494377136230e-01
8.168096840381622314e-02
5.126338005065917969e-01
2.235436066985130310e-02
5.895267724990844727e-01
3.628082573413848877e-02
3.985405564308166504e-01
9.880835562944412231e-02
1.164728030562400818e-01
4.524202346801757812e-01
3.452118858695030212e-02
3.016574978828430176e-01
2.345951348543167114e-01
1.042107641696929932e-01
4.292131066322326660e-01
4.577298089861869812e-02
2.885905504226684570e-01
1.951777040958404541e-01
1.551136225461959839e-01
2.176737040281295776e-01
2.203798294067382812e-01
1.476151496171951294e-01
2.325760424137115479e-01
1.423511207103729248e-01
3.313007354736328125e-01
5.413772910833358765e-02
4.324058592319488525e-01
6.613391637802124023e-02
1.627190411090850830e-01
2.132744789123535156e-01
6.470872461795806885e-02
4.095235466957092285e-01
7.344029843807220459e-02
3.708354234695434570e-01
5.455387383699417114e-02
1.885854452848434448e-01
2.483597695827484131e-01
1.186188980937004089e-01
1.698689460754394531e-01
3.644019663333892822e-01
4.146427661180496216e-02
3.915603160858154297e-01
1.033231765031814575e-01
1.311702430248260498e-01
2.159605771303176880e-01
1.266105771064758301e-01
1.807401776313781738e-01
2.947211861610412598e-01
1.080647706985473633e-01
2.805474102497100830e-01
2.151632457971572876e-01
2.495799660682678223e-01
1.791655272245407104e-01
3.261765539646148682e-01
7.759901881217956543e-02
3.654068112373352051e-01
4.281166940927505493e-02
3.227562904357910156e-01
7.613669335842132568e-02
1.844934821128845215e-01
2.634039521217346191e-01
5.791518092155456543e-02
1.416461318731307983e-01
2.841916084289550781e-01
1.267903745174407959e-01
2.967542409896850586e-01
6.147991865873336792e-02
6.198356151580810547e-01
8.400405198335647583e-02
6.991388201713562012e-01
1.721203699707984924e-02
5.785889029502868652e-01
1.795453578233718872e-01
2.833652496337890625e-01
2.263287305831909180e-01
4.388002157211303711e-01
7.761047035455703735e-02
8.698226809501647949e-01
1.516371220350265503e-02
5.436255931854248047e-01
9.696350246667861938e-02
3.283482789993286133e-01
2.092672884464263916e-01
2.836943864822387695e-01
1.494870185852050781e-01
2.801909148693084717e-01
2.790090739727020264e-01
1.175676882266998291e-01
5.351699590682983398e-01
5.968773365020751953e-02
6.979367136955261230e-01
2.665255032479763031e-02
4.880701899528503418e-01
6.306485831737518311e-02
3.948794603347778320e-01
8.674772828817367554e-02
4.968627095222473145e-01
5.852348729968070984e-02
3.823098540306091309e-01
1.044895052909851074e-01
2.429035604000091553e-01
1.744465827941894531e-01
1.881014853715896606e-01
2.884808778762817383e-01
9.783329069614410400e-02
5.270879268646240234e-01
4.793545231223106384e-02
2.686935663223266602e-01
1.628159582614898682e-01
1.883063614368438721e-01
1.561596244573593140e-01
3.864876627922058105e-01
4.003171995282173157e-02
3.280674219131469727e-01
1.040635257959365845e-01
2.441010922193527222e-01
1.959312856197357178e-01
1.651966869831085205e-01
1.504175066947937012e-01
2.445392161607742310e-01
5.965296179056167603e-02
3.408575952053070068e-01
9.427916258573532104e-02
3.997716903686523438e-01
6.615991890430450439e-02
3.997535705566406250e-01
4.217511415481567383e-02
5.834136009216308594e-01
3.710874542593955994e-02
3.826757073402404785e-01
6.682966649532318115e-02
8.532395958900451660e-02
4.185508191585540771e-01
1.471571624279022217e-01
2.850180864334106445e-01
1.347687244415283203e-01
3.601327240467071533e-01
6.084800511598587036e-02
3.299254775047302246e-01
1.543152928352355957e-01
1.427761018276214600e-01
3.177942037582397461e-01
8.968792110681533813e-02
2.546517848968505859e-01
9.285074472427368164e-02
4.399251043796539307e-01
5.255147814750671387e-02
2.669695019721984863e-01
1.680590510368347168e-01
1.575637310743331909e-01
1.425092965364456177e-01
2.024100124835968018e-01
4.025761187076568604e-01
3.411873430013656616e-02
2.689375281333923340e-01
1.641000807285308838e-01
2.306527346372604370e-01
1.657372266054153442e-01
2.124971449375152588e-01
1.173120290040969849e-01
3.717866539955139160e-01
3.447328880429267883e-02
6.065325736999511719e-01
1.525217294692993164e-02
8.653888106346130371e-01
1.149678253568708897e-03
8.450002670288085938e-01
4.981248825788497925e-02
7.757830023765563965e-01
2.153145819902420044e-01
4.445323944091796875e-01
2.016567885875701904e-01
4.553969502449035645e-01
2.212931364774703979e-01
3.351593613624572754e-01
1.814183592796325684e-01
4.812989234924316406e-01
5.858912318944931030e-02
5.646480917930603027e-01
9.489911794662475586e-02
1.098013296723365784e-01
5.215731859207153320e-01
8.184558153152465820e-02
6.051073074340820312e-01
7.708244025707244873e-02
2.614769339561462402e-01
3.064535856246948242e-01
1.008525267243385315e-01
2.989178895950317383e-01
2.729044854640960693e-01
1.725128442049026489e-01
4.145395159721374512e-01
5.001623928546905518e-02
3.240796327590942383e-01
1.490855515003204346e-01
2.535676658153533936e-01
1.894664764404296875e-01
2.443912327289581299e-01
1.833911687135696411e-01
2.770539224147796631e-01
2.213709950447082520e-01
1.570321321487426758e-01
3.276261985301971436e-01
6.265578418970108032e-02
3.694322705268859863e-01
8.159233629703521729e-02
2.117711901664733887e-01
1.751565486192703247e-01
2.331866025924682617e-01
1.001645475625991821e-01
2.939783930778503418e-01
1.096937507390975952e-01
2.403768151998519897e-01
1.890509873628616333e-01
2.043242007493972778e-01
1.474049240350723267e-01
1.885851621627807617e-01
2.417111545801162720e-01
9.404025971889495850e-02
2.785531878471374512e-01
2.154862284660339355e-01
9.375265240669250488e-02
2.715599536895751953e-01
1.571300923824310303e-01
1.849499940872192383e-01
1.630880534648895264e-01
1.560614407062530518e-01
4.127500057220458984e-01
1.428645849227905273e-01
2.862016558647155762e-01
6.818481534719467163e-02
4.879086017608642578e-01
2.102893590927124023e-02
5.049754381179809570e-01
8.953976631164550781e-02
2.482630461454391479e-01
1.995206177234649658e-01
1.656346619129180908e-01
3.607742786407470703e-01
7.320427894592285156e-02
1.984973847866058350e-01
1.921943575143814087e-01
1.336680352687835693e-01
1.513389647006988525e-01
2.389947026968002319e-01
1.075414121150970459e-01
2.631107568740844727e-01
1.233016774058341980e-01
1.657508313655853271e-01
2.476208209991455078e-01
1.818695515394210815e-01
2.347693890333175659e-01
8.586990088224411011e-02
3.603353500366210938e-01
3.740231320261955261e-02
5.093554854393005371e-01
2.113633789122104645e-02
4.580703675746917725e-01
2.780183032155036926e-02
7.019009590148925781e-01
3.312703594565391541e-02
4.361445307731628418e-01
5.625624209642410278e-02
2.959861457347869873e-01
2.194551229476928711e-01
1.427452266216278076e-01
2.808875739574432373e-01
1.822915673255920410e-01
8.965557813644409180e-02
4.472910761833190918e-01
4.425066336989402771e-02
3.862369656562805176e-01
1.342253386974334717e-01
1.275826096534729004e-01
2.599171400070190430e-01
1.781305670738220215e-01
1.609732657670974731e-01
3.187315165996551514e-01
6.239248439669609070e-02
2.391483336687088013e-01
1.819973587989807129e-01
2.102035135030746460e-01
1.360978782176971436e-01
3.379639387130737305e-01
7.701180875301361084e-02
2.066653966903686523e-01
1.721714884042739868e-01
1.756315976381301880e-01
2.072276026010513306e-01
2.825159430503845215e-01
1.402246952056884766e-01
2.308928966522216797e-01
1.336717456579208374e-01
3.551994562149047852e-01
4.205551743507385254e-02
5.190885066986083984e-01
3.718834742903709412e-02
1.939824968576431274e-01
1.779733002185821533e-01
1.771280914545059204e-01
9.447765350341796875e-02
1.572947502136230469e-01
1.300215572118759155e-01
1.904698461294174194e-01
1.515921354293823242e-01
2.215126603841781616e-01
2.135819196701049805e-01
7.912769913673400879e-02
5.340626239776611328e-01
5.069646239280700684e-02
6.077400445938110352e-01
1.482999231666326523e-02
1.742385327816009521e-01
4.502689838409423828e-01
2.795019373297691345e-02
6.501401662826538086e-01
2.066389471292495728e-02
6.946537494659423828e-01
3.459319099783897400e-02
6.841090917587280273e-01
6.114431098103523254e-02
3.530775308609008789e-01
1.825748831033706665e-01
1.937306672334671021e-01
3.414761424064636230e-01
1.668149679899215698e-01
3.162840604782104492e-01
1.103547364473342896e-01
2.938055396080017090e-01
9.235177934169769287e-02
3.255297541618347168e-01
1.247255280613899231e-01
2.875121831893920898e-01
8.630774170160293579e-02
3.094304203987121582e-01
1.087316274642944336e-01
4.037343859672546387e-01
4.388982057571411133e-02
3.901467323303222656e-01
8.232579380273818970e-02
1.996975839138031006e-01
2.158144712448120117e-01
1.760286539793014526e-01
2.770292162895202637e-01
1.294764578342437744e-01
3.902586102485656738e-01
1.227049380540847778e-01
3.171230852603912354e-01
8.040901273488998413e-02
3.319174051284790039e-01
6.247934326529502869e-02
2.674995958805084229e-01
1.852104514837265015e-01
1.595813632011413574e-01
1.862165331840515137e-01
2.308142781257629395e-01
1.073557138442993164e-01
2.079882025718688965e-01
9.237477183341979980e-02
1.921259462833404541e-01
1.463238596916198730e-01
1.137639060616493225e-01
4.279042780399322510e-01
3.324950113892555237e-02
4.276778101921081543e-01
2.526654675602912903e-02
3.738390207290649414e-01
4.723297059535980225e-02
3.186500966548919678e-01
8.372996747493743896e-02
3.811618983745574951e-01
7.018652558326721191e-02
2.899029850959777832e-01
1.867446303367614746e-01
2.353534400463104248e-01
1.530644148588180542e-01
2.474028021097183228e-01
2.101823091506958008e-01
1.433258354663848877e-01
1.684069633483886719e-01
2.514610290527343750e-01
1.339614093303680420e-01
3.960739672183990479e-01
1.318197790533304214e-02
2.266720533370971680e-01
2.116150557994842529e-01
3.088287115097045898e-01
8.926498889923095703e-02
3.614297807216644287e-01
4.425647854804992676e-02
2.995817959308624268e-01
9.668245911598205566e-02
4.447557926177978516e-01
4.198432713747024536e-02
6.643674373626708984e-01
1.225098874419927597e-02
6.256068944931030273e-01
2.876598015427589417e-02
6.526348590850830078e-01
6.016859412193298340e-02
6.101031303405761719e-01
1.337277609854936600e-02
5.251426696777343750e-01
1.151840835809707642e-01
4.690645933151245117e-01
8.301372826099395752e-02
1.340461373329162598e-01
3.408213853836059570e-01
2.019655853509902954e-01
1.578593105077743530e-01
4.576131999492645264e-01
6.236262619495391846e-02
2.467372566461563110e-01
2.825224697589874268e-01
5.783578753471374512e-02
4.698606133460998535e-01
3.913056105375289917e-02
2.748086452484130859e-01
1.456650495529174805e-01
1.890476047992706299e-01
2.884132862091064453e-01
5.847514793276786804e-02
3.730556070804595947e-01
4.210991039872169495e-02
2.913900017738342285e-01
2.121315896511077881e-01
1.096169799566268921e-01
3.967870473861694336e-01
8.382905274629592896e-02
4.877437353134155273e-01
4.302977770566940308e-02
1.617964208126068115e-01
2.643897235393524170e-01
9.631121158599853516e-02
2.382413148880004883e-01
1.156061366200447083e-01
2.210903465747833252e-01
1.747007071971893311e-01
1.877178698778152466e-01
1.777599155902862549e-01
1.113907843828201294e-01
2.202193140983581543e-01
1.496704518795013428e-01
2.124995589256286621e-01
9.922631084918975830e-02
2.796365022659301758e-01
7.926876842975616455e-02
2.795343101024627686e-01
9.884975850582122803e-02
2.710233032703399658e-01
1.075417622923851013e-01
3.233032822608947754e-01
8.405715227127075195e-02
2.529024481773376465e-01
1.604354679584503174e-01
2.051003426313400269e-01
9.500835835933685303e-02
1.996521055698394775e-01
1.814541518688201904e-01
2.136002480983734131e-01
1.109243780374526978e-01
3.942757844924926758e-01
2.616353705525398254e-02
3.905663490295410156e-01
8.255854994058609009e-02
3.495250940322875977e-01
6.480070948600769043e-02
4.385537505149841309e-01
2.907296642661094666e-02
3.612139821052551270e-01
1.377160251140594482e-01
1.968258917331695557e-01
1.417960077524185181e-01
3.492699265480041504e-01
6.518139690160751343e-02
3.587180972099304199e-01
5.927155911922454834e-02
3.858031332492828369e-01
5.589900165796279907e-02
2.650732994079589844e-01
8.192136883735656738e-02
1.820074319839477539e-01
1.465324759483337402e-01
1.634011864662170410e-01
1.673507094383239746e-01
1.590912342071533203e-01
2.430609762668609619e-01
1.107763350009918213e-01
3.322478830814361572e-01
7.104586064815521240e-02
2.321116626262664795e-01
8.497700095176696777e-02
2.182533740997314453e-01
8.281970024108886719e-02
3.820886909961700439e-01
5.214024335145950317e-02
1.798729300498962402e-01
1.871726065874099731e-01
2.518548667430877686e-01
9.068782627582550049e-02
3.427687585353851318e-01
6.415124237537384033e-02
2.290339469909667969e-01
8.208896219730377197e-02
3.757051825523376465e-01
1.894032955169677734e-02
6.296131610870361328e-01
1.028667576611042023e-02
5.922345519065856934e-01
5.936795473098754883e-02
5.403018593788146973e-01
1.764860749244689941e-02
4.798208475112915039e-01
1.487372517585754395e-01
5.661534667015075684e-01
1.329426001757383347e-02
3.778281807899475098e-01
1.900483965873718262e-01
2.128286957740783691e-01
3.005028963088989258e-01
1.638781279325485229e-01
2.317824661731719971e-01
1.380619406700134277e-01
2.567397952079772949e-01
1.392128020524978638e-01
2.188886702060699463e-01
1.182492449879646301e-01
2.287911027669906616e-01
2.252488434314727783e-01
9.221714735031127930e-02
1.352451741695404053e-01
3.166910409927368164e-01
9.416985511779785156e-02
4.719802737236022949e-01
2.214606851339340210e-02
2.559658885002136230e-01
1.605029702186584473e-01
2.093481421470642090e-01
1.123736649751663208e-01
2.382210940122604370e-01
1.205216273665428162e-01
4.402214884757995605e-01
3.464011847972869873e-02
4.114919602870941162e-01
1.230879947543144226e-01
1.730623245239257812e-01
1.934824585914611816e-01
9.565348923206329346e-02
2.849339246749877930e-01
8.619356900453567505e-02
1.146366447210311890e-01
3.028918206691741943e-01
1.496036648750305176e-01
1.701739579439163208e-01
2.466838359832763672e-01
8.336294442415237427e-02
2.936046123504638672e-01
7.914024591445922852e-02
4.132105112075805664e-01
2.453382126986980438e-02
2.202795743942260742e-01
1.655614078044891357e-01
1.464378088712692261e-01
2.859593033790588379e-01
5.299379676580429077e-02
4.309368133544921875e-01
5.169667303562164307e-02
3.269207775592803955e-01
8.437924087047576904e-02
2.889938056468963623e-01
6.280551850795745850e-02
3.121586740016937256e-01
8.542151749134063721e-02
2.156967967748641968e-01
9.039427340030670166e-02
2.557625174522399902e-01
6.153716892004013062e-02
2.170521318912506104e-01
1.430308371782302856e-01
1.962100416421890259e-01
1.106032282114028931e-01
2.800145745277404785e-01
3.354399651288986206e-02
3.363282084465026855e-01
4.576976597309112549e-02
2.043802291154861450e-01
2.728078961372375488e-01
4.885169863700866699e-02
3.250874280929565430e-01
3.615004196763038635e-02
5.193723440170288086e-01
2.948890253901481628e-02
6.856697797775268555e-01
4.509391263127326965e-03
7.237224578857421875e-01
7.436143606901168823e-02
6.704041957855224609e-01
4.935240745544433594e-02
5.323833227157592773e-01
3.694751113653182983e-02
4.103161990642547607e-01
5.529449507594108582e-02
6.755167245864868164e-01
1.907408609986305237e-02
5.299900770187377930e-01
7.101979851722717285e-02
5.141217708587646484e-01
4.596794396638870239e-02
3.290463984012603760e-01
1.603681296110153198e-01
2.528462111949920654e-01
1.485973596572875977e-01
3.544027209281921387e-01
1.064445972442626953e-01
3.949583768844604492e-01
6.302846968173980713e-02
1.762723624706268311e-01
2.259841710329055786e-01
2.034211158752441406e-01
1.585744917392730713e-01
1.257601231336593628e-01
2.052509486675262451e-01
2.013945430517196655e-01
1.939423531293869019e-01
2.234440743923187256e-01
1.979033350944519043e-01
1.799905151128768921e-01
1.556715667247772217e-01
1.643381416797637939e-01
2.008069306612014771e-01
9.108859300613403320e-02
3.714937567710876465e-01
6.018490344285964966e-02
1.583878546953201294e-01
2.579181492328643799e-01
1.143486350774765015e-01
3.482445478439331055e-01
3.562574833631515503e-02
3.273615539073944092e-01
7.941158115863800049e-02
3.880754709243774414e-01
2.516853623092174530e-02
3.273622393608093262e-01
7.328447699546813965e-02
3.424189090728759766e-01
1.001619696617126465e-01
2.935158014297485352e-01
1.362313479185104370e-01
2.025047540664672852e-01
1.449172943830490112e-01
1.848475188016891479e-01
1.445967704057693481e-01
1.853917837142944336e-01
6.436577439308166504e-01
8.161021396517753601e-03
3.622099161148071289e-01
9.387110918760299683e-02
5.354459881782531738e-01
1.491864304989576340e-02
4.621463716030120850e-01
8.432024717330932617e-02
4.113220274448394775e-01
6.938961893320083618e-02
4.254015088081359863e-01
3.220498189330101013e-02
6.114590764045715332e-01
1.090623065829277039e-02
4.353534579277038574e-01
8.128191530704498291e-02
5.135254859924316406e-01
3.711628168821334839e-02
4.104441106319427490e-01
1.098558604717254639e-01
3.423603773117065430e-01
7.898753136396408081e-02
3.530880510807037354e-01
1.179523020982742310e-01
2.512648701667785645e-01
1.449446678161621094e-01
2.232585549354553223e-01
1.043904423713684082e-01
1.833146959543228149e-01
1.523974388837814331e-01
2.117747068405151367e-01
1.619862020015716553e-01
2.157999873161315918e-01
1.210330948233604431e-01
1.992924958467483521e-01
1.307923495769500732e-01
1.706838309764862061e-01
2.283979058265686035e-01
9.573015570640563965e-02
2.837247848510742188e-01
8.613826334476470947e-02
2.509351670742034912e-01
8.976791799068450928e-02
2.357584089040756226e-01
7.551813125610351562e-02
1.682794988155364990e-01
1.837262511253356934e-01
1.515037715435028076e-01
2.076136171817779541e-01
7.361128181219100952e-02
2.978068292140960693e-01
8.924207836389541626e-02
1.664344668388366699e-01
1.639666259288787842e-01
1.950891911983489990e-01
8.996245265007019043e-02
4.125256836414337158e-01
2.908720262348651886e-02
5.283834934234619141e-01
1.336719095706939697e-02
8.236656785011291504e-01
3.493146505206823349e-03
7.877098321914672852e-01
6.712420284748077393e-02
6.097514629364013672e-01
7.132649421691894531e-02
4.848926663398742676e-01
3.796867281198501587e-02
4.520584344863891602e-01
1.217593401670455933e-01
5.070123672485351562e-01
5.484795570373535156e-02
5.308343768119812012e-01
5.505220592021942139e-02
3.620889484882354736e-01
1.083917841315269470e-01
2.900796532630920410e-01
2.260523885488510132e-01
1.218045502901077271e-01
3.217766582965850830e-01
9.772933274507522583e-02
1.876028329133987427e-01
3.204804658889770508e-01
1.284714490175247192e-01
3.455789685249328613e-01
8.552284538745880127e-02
1.495973020792007446e-01
3.458079695701599121e-01
5.495778098702430725e-02
5.729523897171020508e-01
3.513474762439727783e-02
3.051913678646087646e-01
1.625750064849853516e-01
1.831389069557189941e-01
2.641405165195465088e-01
1.279480159282684326e-01
2.702163457870483398e-01
1.574642956256866455e-01
1.234042346477508545e-01
2.507398724555969238e-01
1.001989394426345825e-01
1.676973551511764526e-01
3.005077242851257324e-01
6.192091107368469238e-02
3.520851731300354004e-01
8.601502329111099243e-02
1.450841575860977173e-01
1.950347125530242920e-01
1.413281857967376709e-01
1.708335578441619873e-01
1.389704197645187378e-01
1.483451873064041138e-01
1.433096528053283691e-01
1.540425568819046021e-01
1.822463572025299072e-01
2.183983027935028076e-01
5.246455222368240356e-02
2.500571012496948242e-01
1.506334245204925537e-01
1.121861785650253296e-01
2.024005949497222900e-01
1.102392524480819702e-01
2.606474757194519043e-01
9.318702667951583862e-02
1.684981286525726318e-01
2.155536115169525146e-01
1.370066106319427490e-01
1.849281191825866699e-01
1.171132624149322510e-01
2.552857697010040283e-01
6.460855901241302490e-02
6.576480865478515625e-01
5.646862089633941650e-03
7.162979841232299805e-01
4.260902851819992065e-02
7.483361959457397461e-01
2.436544001102447510e-02
7.392081618309020996e-01
2.274340391159057617e-02
5.581495165824890137e-01
1.031531542539596558e-01
8.345910310745239258e-01
1.327803079038858414e-02
3.279688954353332520e-01
3.082649409770965576e-01
1.228458061814308167e-01
4.566264152526855469e-01
9.151993691921234131e-02
5.363992452621459961e-01
5.931225419044494629e-02
4.050638675689697266e-01
3.552745878696441650e-01
7.142044603824615479e-02
3.469506502151489258e-01
2.689750790596008301e-01
2.070686221122741699e-01
2.496406435966491699e-01
3.621032834053039551e-01
5.382893234491348267e-02
5.644605755805969238e-01
4.917340725660324097e-02
6.856090426445007324e-01
2.010302245616912842e-02
4.847016334533691406e-01
1.023385822772979736e-01
2.630281746387481689e-01
1.068637520074844360e-01
5.240741968154907227e-01
7.364653050899505615e-02
4.251351952552795410e-01
1.175910830497741699e-01
3.419668674468994141e-01
1.470629274845123291e-01
2.872418463230133057e-01
1.228416860103607178e-01
3.170087039470672607e-01
6.729122251272201538e-02
2.552959918975830078e-01
1.440439373254776001e-01
1.918912231922149658e-01
2.110621035099029541e-01
1.581937074661254883e-01
1.773112416267395020e-01
1.995048820972442627e-01
1.879833340644836426e-01
1.130766421556472778e-01
4.173720777034759521e-01
4.432544857263565063e-02
4.816761016845703125e-01
5.230396986007690430e-02
3.005631268024444580e-01
1.259914487600326538e-01
1.801461428403854370e-01
1.961713880300521851e-01
2.915162146091461182e-01
1.182218044996261597e-01
4.460786283016204834e-01
3.722710907459259033e-02
2.136933952569961548e-01
4.648644328117370605e-01
2.860924042761325836e-02
3.936014473438262939e-01
7.985348999500274658e-02
2.539221942424774170e-01
1.683033704757690430e-01
1.092276349663734436e-01
2.573286294937133789e-01
1.077935695648193359e-01
2.584712207317352295e-01
2.356579005718231201e-01
1.367434114217758179e-01
2.492507249116897583e-01
1.340242326259613037e-01
1.655170023441314697e-01
1.679030656814575195e-01
1.586266756057739258e-01
1.370622068643569946e-01
2.102403342723846436e-01
1.577126383781433105e-01
3.551670908927917480e-01
6.358345597982406616e-02
1.277178823947906494e-01
2.576158046722412109e-01
7.102870941162109375e-02
2.390037178993225098e-01
8.687998354434967041e-02
2.963299751281738281e-01
5.441853404045104980e-02
3.411920666694641113e-01
9.533314406871795654e-02
2.012605965137481689e-01
1.804930269718170166e-01
1.739714443683624268e-01
1.021356061100959778e-01
2.556045949459075928e-01
1.089935675263404846e-01
2.800552546977996826e-01
8.932673186063766479e-02
1.466047614812850952e-01
1.247691810131072998e-01
1.655668467283248901e-01
8.179598301649093628e-02
2.945483326911926270e-01
7.791659981012344360e-02
3.112732470035552979e-01
9.365697950124740601e-02
2.450449615716934204e-01
1.670086979866027832e-01
6.791447103023529053e-02
3.675014376640319824e-01
5.360727757215499878e-02
3.524913787841796875e-01
4.272627457976341248e-02
1.210564598441123962e-01
2.317356616258621216e-01
6.815617531538009644e-02
3.190163969993591309e-01
5.931758880615234375e-02
8.050266653299331665e-02
1.806939840316772461e-01
1.752577126026153564e-01
1.419676095247268677e-01
1.956889331340789795e-01
1.786202639341354370e-01
1.288723498582839966e-01
2.872022092342376709e-01
3.884683176875114441e-02
4.039669036865234375e-01
4.706773534417152405e-02
2.215412557125091553e-01
1.530496031045913696e-01
1.840775310993194580e-01
8.832545578479766846e-02
1.758531630039215088e-01
1.213562190532684326e-01
1.729487776756286621e-01
1.120140105485916138e-01
1.203747838735580444e-01
1.829910576343536377e-01
1.360064595937728882e-01
1.210022345185279846e-01
3.188804686069488525e-01
8.260409533977508545e-02
2.457348704338073730e-01
1.254017800092697144e-01
7.341504842042922974e-02
2.635861039161682129e-01
9.814500808715820312e-02
3.440293967723846436e-01
3.885680437088012695e-02
3.181467056274414062e-01
6.563013792037963867e-02
2.173453271389007568e-01
1.423052102327346802e-01
2.378036379814147949e-01
6.737203150987625122e-02
3.837320208549499512e-01
2.470106072723865509e-02
6.059963703155517578e-01
2.252276055514812469e-02
9.360304474830627441e-01
1.350526511669158936e-02
8.350065946578979492e-01
5.444657430052757263e-02
7.277855873107910156e-01
7.951875030994415283e-02
4.935158491134643555e-01
2.313108295202255249e-01
2.024335265159606934e-01
4.260027408599853516e-01
1.041285395622253418e-01
7.226107120513916016e-01
3.148487955331802368e-02
5.067843794822692871e-01
8.783941715955734253e-02
3.182205557823181152e-01
1.255228817462921143e-01
3.673197627067565918e-01
1.010883376002311707e-01
4.104472100734710693e-01
1.060213893651962280e-01
3.547943234443664551e-01
1.262697130441665649e-01
1.711468100547790527e-01
2.825587391853332520e-01
8.553104102611541748e-02
2.108893990516662598e-01
1.433725804090499878e-01
2.839486002922058105e-01
7.230082154273986816e-02
1.799501627683639526e-01
3.763264417648315430e-01
9.909985959529876709e-02
2.338388860225677490e-01
1.246798634529113770e-01
2.764697670936584473e-01
7.984840869903564453e-02
1.457083225250244141e-01
2.260876595973968506e-01
1.088380217552185059e-01
2.199344635009765625e-01
1.778196841478347778e-01
1.674751937389373779e-01
1.409614980220794678e-01
2.085079699754714966e-01
1.361065208911895752e-01
1.198639273643493652e-01
2.246127277612686157e-01
1.059006899595260620e-01
3.206201791763305664e-01
6.928141415119171143e-02
4.215437769889831543e-01
3.033737465739250183e-02
5.514746904373168945e-02
6.422554850578308105e-01
2.654961124062538147e-02
7.496020793914794922e-01
2.835419774055480957e-02
4.047258496284484863e-01
3.737638890743255615e-02
3.614723086357116699e-01
1.004531085491180420e-01
2.765120267868041992e-01
1.454964727163314819e-01
2.593391537666320801e-01
1.429738849401473999e-01
2.006773799657821655e-01
1.857362985610961914e-01
3.554936051368713379e-01
7.844268530607223511e-02
2.753683924674987793e-01
1.786286532878875732e-01
1.937282681465148926e-01
1.134515330195426941e-01
3.067610859870910645e-01
1.105161681771278381e-01
1.731060296297073364e-01
2.128205299377441406e-01
1.214082092046737671e-01
2.111175954341888428e-01
2.215725481510162354e-01
8.604845404624938965e-02
2.898262739181518555e-01
9.541887789964675903e-02
4.316065311431884766e-01
4.293364658951759338e-02
5.221336483955383301e-01
2.536013536155223846e-02
6.381327509880065918e-01
2.684340626001358032e-02
4.151947796344757080e-01
6.838659942150115967e-02
1.101817190647125244e-01
3.855442404747009277e-01
1.835451647639274597e-02
4.264859855175018311e-01
1.002639308571815491e-01
2.549926638603210449e-01
8.059381693601608276e-02
3.629099726676940918e-01
9.472392499446868896e-02
2.266219854354858398e-01
1.399844586849212646e-01
2.527861297130584717e-01
5.170700699090957642e-02
4.167031645774841309e-01
4.899065196514129639e-02
1.451127678155899048e-01
2.845994532108306885e-01
5.148981511592864990e-02
2.397343814373016357e-01
1.193568110466003418e-01
1.443563550710678101e-01
1.490738093852996826e-01
2.276007533073425293e-01
1.159634888172149658e-01
3.025882244110107422e-01
4.971982538700103760e-02
2.119187265634536743e-01
1.301568150520324707e-01
1.623805910348892212e-01
1.626145392656326294e-01
1.635546982288360596e-01
2.665279507637023926e-01
5.381078273057937622e-02
5.670506954193115234e-01
1.132035255432128906e-02
5.495018959045410156e-01
2.931397035717964172e-02
8.455654382705688477e-01
5.992851220071315765e-03
6.945466399192810059e-01
2.562940865755081177e-02
7.729175090789794922e-01
3.173677995800971985e-02
6.122565865516662598e-01
1.252372562885284424e-01
2.176321446895599365e-01
3.272930979728698730e-01
8.718024194240570068e-02
6.054606437683105469e-01
7.032075524330139160e-02
4.340782165527343750e-01
1.906786412000656128e-01
2.312925308942794800e-01
2.011180371046066284e-01
2.637785077095031738e-01
5.241402983665466309e-02
2.997018098831176758e-01
1.282176077365875244e-01
2.516230940818786621e-01
1.726233959197998047e-01
1.980524212121963501e-01
2.994497120380401611e-01
9.218668937683105469e-02
2.201401591300964355e-01
2.194492220878601074e-01
2.052446603775024414e-01
1.776315271854400635e-01
8.554847538471221924e-02
2.756536006927490234e-01
2.278324812650680542e-01
9.908336400985717773e-02
3.356527984142303467e-01
7.040320336818695068e-02
2.981038093566894531e-01
9.462255984544754028e-02
3.084316849708557129e-01
6.255292892456054688e-02
5.651456117630004883e-01
1.205375418066978455e-02
3.670242130756378174e-01
1.626946926116943359e-01
6.358519196510314941e-02
2.947601079940795898e-01
1.394817531108856201e-01
1.562483757734298706e-01
3.467807769775390625e-01
7.152026146650314331e-02
4.026343822479248047e-01
8.175764977931976318e-02
1.751702427864074707e-01
2.832834422588348389e-01
7.250394672155380249e-02
3.026076555252075195e-01
6.813950836658477783e-02
3.832149207592010498e-01
6.704898178577423096e-02
2.625604867935180664e-01
8.591483533382415771e-02
2.676127552986145020e-01
1.166889369487762451e-01
2.587307095527648926e-01
7.579346746206283569e-02
3.042848110198974609e-01
7.732308655977249146e-02
3.788785934448242188e-01
6.423136591911315918e-02
6.492578983306884766e-01
2.260261401534080505e-02
3.169995546340942383e-01
1.207728683948516846e-01
4.210180640220642090e-01
3.684797137975692749e-02
4.963560998439788818e-01
3.153803199529647827e-02
2.585133910179138184e-01
1.780240088701248169e-01
1.118135601282119751e-01
2.830101847648620605e-01
1.069102287292480469e-01
3.838853836059570312e-01
1.000122502446174622e-01
2.598027884960174561e-01
1.710344552993774414e-01
9.412927925586700439e-02
2.340787500143051147e-01
1.097019910812377930e-01
2.585733532905578613e-01
1.177569627761840820e-01
4.075932502746582031e-01
3.159896284341812134e-02
3.351498544216156006e-01
8.926214277744293213e-02
2.226167619228363037e-01
2.792267203330993652e-01
6.118426099419593811e-02
2.662832140922546387e-01
1.576077342033386230e-01
1.959485858678817749e-01
9.878951311111450195e-02
1.954330354928970337e-01
1.837081015110015869e-01
1.385434269905090332e-01
1.599473208189010620e-01
1.885043084621429443e-01
1.009199917316436768e-01
3.161894679069519043e-01
9.761009365320205688e-02
2.875254154205322266e-01
8.944826573133468628e-02
7.172250747680664062e-02
6.060683131217956543e-01
1.938799023628234863e-02
5.552121996879577637e-01
1.053201407194137573e-02
5.243916511535644531e-01
7.446438074111938477e-02
1.652215421199798584e-01
3.064122498035430908e-01
6.510557234287261963e-02
3.210501968860626221e-01
1.434407532215118408e-01
8.181066811084747314e-02
3.340149819850921631e-01
7.924737036228179932e-02
3.327792882919311523e-01
6.108665466308593750e-02
6.609679460525512695e-01
1.439094170928001404e-02
3.896253108978271484e-01
1.137279868125915527e-01
3.038645982742309570e-01
1.481385529041290283e-01
1.769280135631561279e-01
2.270716130733489990e-01
1.166941896080970764e-01
1.191704347729682922e-01
4.517604708671569824e-01
4.382592067122459412e-02
4.651933908462524414e-01
4.003569483757019043e-02
2.424792498350143433e-01
9.470117837190628052e-02
1.274420619010925293e-01
2.155870497226715088e-01
1.087685972452163696e-01
2.772174775600433350e-01
8.226551860570907593e-02
2.240219861268997192e-01
1.930936276912689209e-01
1.004728078842163086e-01
3.093851804733276367e-01
6.701979041099548340e-02
2.022361457347869873e-01
2.363706529140472412e-01
7.823857665061950684e-02
1.825544238090515137e-01
1.785882711410522461e-01
2.077677100896835327e-01
6.967674195766448975e-02
1.895468235015869141e-01
1.525489985942840576e-01
2.185026258230209351e-01
8.350809663534164429e-02
2.349755614995956421e-01
1.088043078780174255e-01
1.838416159152984619e-01
1.563272774219512939e-01
1.221795231103897095e-01
9.888397157192230225e-02
3.387573659420013428e-01
2.178127691149711609e-02
5.180038213729858398e-01
3.318960219621658325e-02
5.142198204994201660e-01
2.460415661334991455e-02
6.199829578399658203e-01
2.779641002416610718e-02
2.847161889076232910e-01
1.730913370847702026e-01
2.052159011363983154e-01
3.393787145614624023e-01
4.601433128118515015e-02
3.238192200660705566e-01
8.966594189405441284e-02
1.223266348242759705e-01
2.594094276428222656e-01
8.061057329177856445e-02
1.259966194629669189e-01
3.728588223457336426e-01
1.465764939785003662e-01
1.098596677184104919e-01
3.769766688346862793e-01
5.596795305609703064e-02
1.544069498777389526e-01
3.040489554405212402e-01
3.988753259181976318e-02
3.295765519142150879e-01
7.858325541019439697e-02
3.936309814453125000e-01
4.961875081062316895e-02
2.882500290870666504e-01
7.820152491331100464e-02
1.323020905256271362e-01
1.957417726516723633e-01
1.166421994566917419e-01
1.738318800926208496e-01
2.065334916114807129e-01
2.166633456945419312e-01
8.336098492145538330e-02
2.351254224777221680e-01
1.476692259311676025e-01
1.601456850767135620e-01
1.830508559942245483e-01
1.433824300765991211e-01
1.701996773481369019e-01
1.541749536991119385e-01
1.223097592592239380e-01
3.219406604766845703e-01
4.680459201335906982e-02
1.942284852266311646e-01
1.796255111694335938e-01
1.252978742122650146e-01
1.143265515565872192e-01
1.531587243080139160e-01
1.391974240541458130e-01
4.188581705093383789e-01
3.321446478366851807e-02
2.746837437152862549e-01
7.519530504941940308e-02
1.598803400993347168e-01
1.382184028625488281e-01
2.481185346841812134e-01
1.228653341531753540e-01
3.027191162109375000e-01
3.483783453702926636e-02
