3.426503539085388184e-01
8.445478677749633789e-01
7.647705078125000000e-01
6.815723776817321777e-01
7.219626903533935547e-01
7.526705265045166016e-01
7.642310857772827148e-01
7.892134785652160645e-01
8.000721931457519531e-01
7.649524211883544922e-01
7.993201017379760742e-01
8.132240772247314453e-01
8.164409995079040527e-01
8.507829904556274414e-01
9.101670980453491211e-01
6.879568099975585938e-01
9.115964174270629883e-01
8.248192071914672852e-01
8.807942867279052734e-01
9.065738916397094727e-01
7.679861783981323242e-01
8.330022096633911133e-01
9.332969188690185547e-01
9.318276643753051758e-01
7.998480200767517090e-01
8.014959096908569336e-01
8.965352177619934082e-01
9.258969426155090332e-01
8.551917076110839844e-01
7.949797511100769043e-01
9.300023317337036133e-01
9.521137475967407227e-01
9.066387414932250977e-01
8.377878069877624512e-01
9.176504611968994141e-01
9.434167146682739258e-01
7.096937298774719238e-01
8.023755550384521484e-01
9.248067736625671387e-01
9.391248226165771484e-01
9.667037725448608398e-01
8.604958653450012207e-01
9.041991233825683594e-01
9.106963276863098145e-01
9.224759340286254883e-01
9.684489965438842773e-01
8.357201814651489258e-01
8.377226591110229492e-01
9.014444351196289062e-01
9.223889112472534180e-01
9.673643112182617188e-01
9.798933267593383789e-01
7.774103283882141113e-01
8.466271162033081055e-01
9.347644448280334473e-01
9.529167413711547852e-01
9.524201154708862305e-01
9.213557839393615723e-01
8.151187896728515625e-01
8.903527855873107910e-01
9.361872673034667969e-01
9.400691986083984375e-01
9.464758038520812988e-01
6.268867254257202148e-01
7.557967901229858398e-01
8.989716768264770508e-01
9.723857641220092773e-01
7.665233612060546875e-01
8.635021448135375977e-01
8.841724991798400879e-01
9.470828771591186523e-01
5.414279699325561523e-01
9.469089508056640625e-01
6.644189357757568359e-01
8.656980991363525391e-01
8.783110976219177246e-01
7.010011672973632812e-01
9.356215000152587891e-01
4.388971328735351562e-01
8.442961573600769043e-01
7.481043338775634766e-01
8.291860818862915039e-01
8.185075521469116211e-01
8.579265475273132324e-01
7.156810760498046875e-01
9.386848211288452148e-01
4.484404921531677246e-01
8.535072803497314453e-01
9.172015190124511719e-01
7.022721171379089355e-01
8.801436424255371094e-01
8.422201871871948242e-01
8.099849224090576172e-01
8.818639516830444336e-01
7.749723196029663086e-01
8.968201875686645508e-01
4.934614896774291992e-01
9.581854343414306641e-01
4.028614163398742676e-01
8.885597586631774902e-01
9.079392552375793457e-01
6.943429708480834961e-01
7.934596538543701172e-01
9.055175781250000000e-01
5.815953016281127930e-01
8.684995174407958984e-01
7.699310779571533203e-01
8.487190008163452148e-01
5.814957618713378906e-01
9.199211597442626953e-01
3.494161367416381836e-01
8.082344532012939453e-01
9.301176071166992188e-01
5.202289819717407227e-01
8.207696080207824707e-01
8.674063682556152344e-01
6.190998554229736328e-01
8.246818780899047852e-01
8.462751507759094238e-01
4.346483051776885986e-01
7.833738327026367188e-01
9.302914142608642578e-01
5.531043410301208496e-01
7.496231794357299805e-01
8.503894209861755371e-01
7.924542427062988281e-01
7.627844810485839844e-01
8.434672951698303223e-01
8.161109685897827148e-01
8.539688587188720703e-01
7.423900365829467773e-01
8.427535891532897949e-01
7.770508527755737305e-01
8.793247938156127930e-01
8.818004131317138672e-01
6.286077499389648438e-01
8.282341957092285156e-01
7.013028264045715332e-01
8.171687126159667969e-01
8.628731966018676758e-01
8.203653693199157715e-01
8.495852947235107422e-01
7.782732844352722168e-01
8.763681054115295410e-01
6.427631378173828125e-01
9.001834392547607422e-01
8.743416070938110352e-01
9.019500017166137695e-01
8.448357582092285156e-01
8.803731203079223633e-01
8.403422832489013672e-01
8.764449357986450195e-01
8.267043828964233398e-01
8.038277626037597656e-01
8.771606087684631348e-01
8.313765525817871094e-01
9.298430085182189941e-01
8.047102689743041992e-01
8.827005028724670410e-01
6.293288469314575195e-01
9.222425222396850586e-01
2.634714245796203613e-01
9.290150403976440430e-01
8.001406192779541016e-01
8.530452847480773926e-01
8.742763400077819824e-01
5.958677530288696289e-01
9.063214063644409180e-01
9.443916082382202148e-01
9.007646441459655762e-01
8.659183979034423828e-01
8.701962828636169434e-01
8.782920241355895996e-01
8.627116680145263672e-01
9.000409841537475586e-01
9.005853533744812012e-01
9.096502065658569336e-01
8.398783802986145020e-01
9.050529003143310547e-01
9.121158123016357422e-01
9.143543243408203125e-01
9.042356014251708984e-01
8.375388383865356445e-01
8.782231807708740234e-01
8.555822968482971191e-01
8.677750229835510254e-01
8.653709888458251953e-01
9.017407894134521484e-01
8.026258945465087891e-01
8.929122686386108398e-01
7.654888033866882324e-01
8.758422136306762695e-01
8.811638355255126953e-01
8.511462807655334473e-01
8.833640813827514648e-01
8.874617218971252441e-01
8.778356909751892090e-01
9.091359972953796387e-01
8.751074075698852539e-01
8.616812229156494141e-01
8.380377888679504395e-01
7.828320264816284180e-01
8.439543247222900391e-01
8.375074863433837891e-01
7.817645072937011719e-01
9.350571036338806152e-01
8.212061524391174316e-01
9.108354449272155762e-01
9.093102216720581055e-01
8.784983158111572266e-01
8.774071335792541504e-01
9.451737403869628906e-01
7.555667161941528320e-01
8.885656595230102539e-01
9.652566909790039062e-01
7.721600532531738281e-01
9.176014661788940430e-01
9.302682280540466309e-01
2.668981552124023438e-01
9.107941389083862305e-01
9.298044443130493164e-01
8.830991983413696289e-01
8.413636684417724609e-01
9.006280899047851562e-01
9.224834442138671875e-01
8.743326067924499512e-01
8.930876255035400391e-01
9.241420626640319824e-01
9.509291052818298340e-01
8.322660923004150391e-01
9.299729466438293457e-01
7.492046356201171875e-01
8.952559232711791992e-01
8.693209290504455566e-01
7.256747484207153320e-01
8.077676892280578613e-01
9.212310910224914551e-01
9.626414775848388672e-01
9.412469863891601562e-01
8.247238397598266602e-01
9.259713292121887207e-01
7.843739986419677734e-01
8.470414876937866211e-01
7.373166084289550781e-01
9.419298768043518066e-01
8.421773910522460938e-01
8.937377333641052246e-01
9.563065767288208008e-01
8.852591514587402344e-01
9.537887573242187500e-01
9.425010681152343750e-01
9.554575085639953613e-01
8.695901632308959961e-01
8.946241140365600586e-01
9.282318949699401855e-01
7.133808732032775879e-01
8.287353515625000000e-01
9.362536668777465820e-01
7.722616195678710938e-01
8.196166753768920898e-01
9.688112735748291016e-01
6.767568588256835938e-01
9.335297942161560059e-01
5.477699041366577148e-01
9.097548127174377441e-01
9.812907576560974121e-01
9.008920788764953613e-01
8.480241894721984863e-01
9.580744504928588867e-01
8.574408888816833496e-01
8.577284812927246094e-01
8.989876508712768555e-01
6.587152481079101562e-01
9.265393614768981934e-01
3.541623950004577637e-01
9.564839601516723633e-01
9.599120616912841797e-01
7.309752106666564941e-01
8.642545938491821289e-01
8.916037678718566895e-01
8.352360129356384277e-01
8.541556596755981445e-01
8.250683546066284180e-01
7.410606741905212402e-01
8.716931343078613281e-01
6.225417852401733398e-01
9.532690048217773438e-01
4.066016674041748047e-01
9.309532642364501953e-01
9.218745827674865723e-01
7.595962882041931152e-01
7.025365233421325684e-01
7.839147448539733887e-01
8.153503537178039551e-01
5.016373395919799805e-01
9.726665019989013672e-01
3.578413724899291992e-01
8.056685924530029297e-01
7.190560102462768555e-01
6.687727570533752441e-01
8.231729269027709961e-01
7.923562526702880859e-01
6.460492014884948730e-01
8.281385302543640137e-01
5.540871620178222656e-01
8.658912181854248047e-01
7.273176908493041992e-01
7.525337934494018555e-01
7.246687412261962891e-01
5.114219188690185547e-01
8.946235179901123047e-01
4.313101172447204590e-01
6.756824254989624023e-01
9.145900011062622070e-01
5.581127405166625977e-01
7.995240688323974609e-01
8.345896005630493164e-01
7.453653216361999512e-01
7.846246957778930664e-01
7.930139303207397461e-01
7.440334558486938477e-01
7.745777368545532227e-01
7.145696878433227539e-01
7.763191461563110352e-01
7.389221191406250000e-01
8.942909240722656250e-01
7.773468494415283203e-01
8.279850482940673828e-01
7.096334695816040039e-01
7.460269331932067871e-01
6.399217844009399414e-01
8.792676925659179688e-01
2.375760376453399658e-01
8.873293399810791016e-01
5.833086371421813965e-01
7.495377063751220703e-01
8.802321553230285645e-01
6.235820055007934570e-01
8.347933292388916016e-01
5.197830200195312500e-01
8.273670673370361328e-01
7.362667918205261230e-01
8.260913491249084473e-01
8.449158668518066406e-01
8.088076114654541016e-01
8.185288906097412109e-01
7.413300871849060059e-01
7.221875190734863281e-01
7.608718872070312500e-01
7.146816849708557129e-01
8.309848308563232422e-01
7.832425236701965332e-01
8.886694908142089844e-01
6.519971489906311035e-01
8.377815485000610352e-01
8.422732353210449219e-01
7.925231456756591797e-01
8.778283596038818359e-01
8.524922728538513184e-01
8.091719150543212891e-01
8.729770183563232422e-01
7.435885071754455566e-01
8.318866491317749023e-01
9.428565502166748047e-01
3.714596331119537354e-01
8.612414002418518066e-01
6.337765455245971680e-01
8.757051229476928711e-01
9.651831984519958496e-01
8.727788329124450684e-01
8.743769526481628418e-01
6.933096647262573242e-01
7.328214049339294434e-01
8.760348558425903320e-01
5.062182545661926270e-01
9.502583742141723633e-01
5.655810236930847168e-01
8.610635995864868164e-01
8.443357348442077637e-01
3.914010822772979736e-01
9.368556737899780273e-01
6.062561273574829102e-01
8.263386487960815430e-01
9.224779605865478516e-01
6.186621189117431641e-01
7.668241858482360840e-01
6.467362046241760254e-01
7.977846860885620117e-01
7.121628522872924805e-01
8.098489642143249512e-01
8.270446658134460449e-01
7.570858001708984375e-01
8.224093914031982422e-01
7.499082684516906738e-01
7.982614040374755859e-01
8.830122947692871094e-01
7.340918779373168945e-01
8.504041433334350586e-01
9.403411149978637695e-01
6.512324810028076172e-01
8.258992433547973633e-01
7.862582206726074219e-01
8.812221288681030273e-01
5.210468173027038574e-01
9.214075207710266113e-01
9.206279516220092773e-01
8.363609910011291504e-01
8.766062855720520020e-01
8.989225029945373535e-01
6.844007968902587891e-01
9.271581768989562988e-01
6.355942487716674805e-01
9.208564758300781250e-01
8.615510463714599609e-01
8.726469874382019043e-01
8.028384447097778320e-01
8.342298865318298340e-01
7.247555851936340332e-01
7.347775101661682129e-01
8.355188369750976562e-01
7.793863415718078613e-01
7.897292971611022949e-01
8.665843605995178223e-01
8.534954786300659180e-01
9.045053124427795410e-01
8.200914859771728516e-01
8.343586325645446777e-01
8.673640489578247070e-01
6.181751489639282227e-01
8.935115337371826172e-01
4.368467330932617188e-01
9.334846735000610352e-01
5.619486570358276367e-01
8.204727172851562500e-01
7.025127410888671875e-01
6.314700841903686523e-01
8.600461483001708984e-01
2.707448899745941162e-01
9.545269012451171875e-01
5.737612247467041016e-01
8.953230977058410645e-01
8.676040768623352051e-01
7.511833906173706055e-01
8.287385106086730957e-01
8.281421661376953125e-01
7.009700536727905273e-01
8.822711706161499023e-01
7.621278762817382812e-01
7.900735139846801758e-01
7.620023488998413086e-01
7.896088361740112305e-01
3.350901603698730469e-01
9.355345368385314941e-01
4.317180514335632324e-01
8.157227635383605957e-01
9.615008234977722168e-01
8.812074065208435059e-01
8.627719283103942871e-01
8.518056273460388184e-01
8.564615249633789062e-01
6.656059622764587402e-01
8.695766925811767578e-01
6.081430315971374512e-01
8.367671966552734375e-01
7.503817081451416016e-01
8.055806159973144531e-01
8.780734539031982422e-01
9.005094766616821289e-01
6.278348565101623535e-01
9.210703372955322266e-01
8.005650043487548828e-01
7.065269947052001953e-01
8.542246818542480469e-01
8.989599943161010742e-01
8.135093450546264648e-01
7.126449346542358398e-01
8.830401897430419922e-01
8.412566184997558594e-01
7.908240556716918945e-01
8.327337503433227539e-01
7.176194787025451660e-01
7.624183893203735352e-01
7.861543893814086914e-01
7.869641780853271484e-01
8.157767057418823242e-01
8.359667062759399414e-01
6.131103038787841797e-01
9.559295177459716797e-01
5.906573534011840820e-01
8.744183778762817383e-01
9.279316067695617676e-01
8.562549948692321777e-01
7.643672227859497070e-01
8.623476028442382812e-01
6.391009092330932617e-01
8.933529853820800781e-01
3.975380063056945801e-01
9.360908865928649902e-01
5.053037405014038086e-01
7.046762704849243164e-01
9.482021927833557129e-01
5.606425404548645020e-01
7.596870660781860352e-01
9.579200148582458496e-01
4.369679093360900879e-01
8.250601291656494141e-01
8.526896238327026367e-01
6.390694379806518555e-01
7.722980380058288574e-01
8.803884387016296387e-01
6.972976922988891602e-01
7.958381175994873047e-01
9.035643935203552246e-01
7.934656143188476562e-01
7.945284843444824219e-01
9.147997498512268066e-01
6.134199500083923340e-01
9.073860645294189453e-01
8.624492883682250977e-01
7.590042352676391602e-01
8.736068606376647949e-01
5.214903354644775391e-01
9.156208038330078125e-01
3.086408972740173340e-01
9.012729525566101074e-01
4.415118694305419922e-01
8.205325603485107422e-01
8.127173781394958496e-01
7.099052667617797852e-01
8.506391048431396484e-01
4.828181862831115723e-01
8.820672035217285156e-01
8.182438015937805176e-01
7.832649946212768555e-01
8.416083455085754395e-01
6.849802732467651367e-01
8.789600729942321777e-01
7.952941656112670898e-01
7.895456552505493164e-01
8.240146636962890625e-01
5.721793174743652344e-01
7.848942875862121582e-01
5.569355487823486328e-01
8.572696447372436523e-01
8.514542579650878906e-01
8.232771754264831543e-01
8.770105838775634766e-01
7.977030277252197266e-01
7.889768481254577637e-01
8.434417843818664551e-01
8.050492405891418457e-01
7.888984680175781250e-01
7.584574222564697266e-01
8.404151201248168945e-01
5.637898445129394531e-01
8.983844518661499023e-01
4.414834380149841309e-01
8.723133206367492676e-01
8.523051738739013672e-01
6.724085807800292969e-01
8.295640945434570312e-01
6.271556615829467773e-01
8.937908411026000977e-01
7.506017088890075684e-01
8.281432986259460449e-01
7.341798543930053711e-01
8.837653398513793945e-01
7.564409971237182617e-01
8.418921232223510742e-01
8.533384799957275391e-01
7.943596839904785156e-01
7.825396060943603516e-01
8.983381986618041992e-01
5.561815500259399414e-01
8.723663687705993652e-01
6.615945100784301758e-01
8.160519599914550781e-01
7.760165929794311523e-01
7.911599278450012207e-01
7.705007791519165039e-01
7.929949760437011719e-01
7.885149717330932617e-01
8.531063795089721680e-01
7.248105406761169434e-01
8.995887041091918945e-01
5.208529233932495117e-01
9.143428802490234375e-01
7.998048067092895508e-01
7.587972283363342285e-01
8.401181697845458984e-01
7.371151447296142578e-01
8.329744338989257812e-01
7.287232279777526855e-01
8.941223621368408203e-01
6.440557837486267090e-01
7.979816198348999023e-01
5.982115864753723145e-01
8.776648044586181641e-01
6.392576694488525391e-01
9.126689434051513672e-01
6.380299329757690430e-01
9.035226702690124512e-01
7.204990386962890625e-01
8.809712529182434082e-01
6.656377315521240234e-01
7.757198810577392578e-01
5.255370140075683594e-01
8.879389762878417969e-01
3.325575292110443115e-01
9.470080137252807617e-01
9.169549942016601562e-01
7.826989889144897461e-01
8.076604008674621582e-01
8.526153564453125000e-01
6.848429441452026367e-01
8.813159465789794922e-01
6.555006504058837891e-01
8.386096358299255371e-01
8.197308182716369629e-01
8.589538931846618652e-01
7.395261526107788086e-01
8.492180109024047852e-01
7.779090404510498047e-01
8.813270330429077148e-01
8.156120777130126953e-01
8.061973452568054199e-01
8.251411318778991699e-01
8.724846243858337402e-01
6.389219760894775391e-01
9.419093728065490723e-01
3.808856904506683350e-01
9.075717926025390625e-01
8.929392099380493164e-01
4.213114976882934570e-01
9.363200664520263672e-01
6.773402690887451172e-01
8.360950946807861328e-01
9.323082566261291504e-01
8.143401145935058594e-01
8.140675425529479980e-01
7.691112160682678223e-01
7.916159629821777344e-01
4.958185553550720215e-01
8.564033508300781250e-01
6.937890052795410156e-01
7.930167913436889648e-01
6.962730884552001953e-01
7.961108684539794922e-01
5.708479881286621094e-01
8.954364657402038574e-01
5.703856348991394043e-01
9.349663257598876953e-01
7.929556369781494141e-01
8.527289628982543945e-01
8.530075550079345703e-01
7.972116470336914062e-01
8.531610965728759766e-01
7.845532894134521484e-01
8.421490192413330078e-01
8.097366690635681152e-01
7.252942919731140137e-01
7.571047544479370117e-01
6.490030288696289062e-01
9.126611948013305664e-01
8.473627567291259766e-01
8.387324213981628418e-01
8.714696764945983887e-01
8.078415393829345703e-01
8.417456150054931641e-01
8.024394512176513672e-01
8.122022151947021484e-01
8.806916475296020508e-01
7.321745157241821289e-01
9.025049209594726562e-01
5.622863173484802246e-01
9.028265476226806641e-01
3.718436360359191895e-01
9.490569829940795898e-01
5.456791520118713379e-01
8.636773228645324707e-01
8.826258778572082520e-01
7.391431331634521484e-01
7.052515149116516113e-01
8.715651035308837891e-01
5.835385918617248535e-01
8.747255802154541016e-01
9.150520563125610352e-01
6.524685621261596680e-01
8.849550485610961914e-01
6.273245215415954590e-01
9.000697731971740723e-01
6.982871294021606445e-01
9.098984003067016602e-01
5.957869291305541992e-01
8.930698633193969727e-01
5.777690410614013672e-01
8.520727157592773438e-01
9.250777363777160645e-01
5.632796883583068848e-01
8.867261409759521484e-01
5.819934606552124023e-01
8.470869660377502441e-01
8.103575706481933594e-01
8.265420198440551758e-01
8.761404752731323242e-01
6.690378189086914062e-01
8.677580952644348145e-01
5.266498923301696777e-01
9.122815728187561035e-01
5.733900070190429688e-01
9.099728465080261230e-01
5.821384191513061523e-01
9.231705069541931152e-01
8.841593265533447266e-01
7.384523153305053711e-01
7.575043439865112305e-01
8.088346123695373535e-01
8.030307292938232422e-01
7.735745906829833984e-01
8.670074939727783203e-01
8.234508037567138672e-01
8.170892596244812012e-01
7.929604053497314453e-01
7.138216495513916016e-01
8.506034612655639648e-01
6.298369765281677246e-01
8.664836883544921875e-01
8.724900484085083008e-01
7.616680860519409180e-01
8.459154367446899414e-01
8.400706648826599121e-01
7.716062068939208984e-01
8.968983292579650879e-01
6.613614559173583984e-01
9.078783392906188965e-01
8.144260644912719727e-01
7.569178342819213867e-01
8.861944675445556641e-01
6.091237664222717285e-01
8.877804279327392578e-01
6.223534941673278809e-01
8.463077545166015625e-01
7.274411916732788086e-01
8.548828363418579102e-01
8.031145334243774414e-01
8.727244138717651367e-01
7.348897457122802734e-01
8.911232948303222656e-01
7.625398635864257812e-01
8.945153951644897461e-01
6.842877864837646484e-01
8.454687595367431641e-01
1.345764547586441040e-01
9.022792577743530273e-01
5.757453441619873047e-01
8.984273672103881836e-01
6.311350464820861816e-01
8.224004507064819336e-01
7.816613316535949707e-01
6.874004602432250977e-01
7.673313617706298828e-01
5.970867872238159180e-01
9.051704406738281250e-01
6.045851707458496094e-01
8.519989252090454102e-01
9.391648769378662109e-01
6.779830455780029297e-01
8.458549976348876953e-01
8.636189699172973633e-01
5.423889756202697754e-01
8.668271303176879883e-01
8.969876766204833984e-01
7.364730834960937500e-01
8.020093441009521484e-01
9.177529811859130859e-01
7.530152797698974609e-01
8.244791626930236816e-01
8.185250759124755859e-01
7.696976661682128906e-01
8.396304249763488770e-01
7.943915128707885742e-01
7.396128177642822266e-01
7.811184525489807129e-01
7.519885897636413574e-01
8.492618799209594727e-01
7.626296281814575195e-01
8.823096752166748047e-01
6.357433199882507324e-01
8.594279289245605469e-01
8.477681875228881836e-01
7.811229228973388672e-01
7.924002408981323242e-01
8.929154872894287109e-01
6.816920042037963867e-01
8.674372434616088867e-01
6.661494374275207520e-01
9.062632918357849121e-01
7.243932485580444336e-01
8.516408205032348633e-01
9.131892919540405273e-01
7.526321411132812500e-01
7.949919104576110840e-01
8.313886523246765137e-01
4.724680781364440918e-01
9.655036330223083496e-01
7.127994298934936523e-01
8.583892583847045898e-01
9.046550989151000977e-01
5.632977485656738281e-01
8.541003465652465820e-01
5.737267732620239258e-01
9.059345722198486328e-01
8.553750514984130859e-01
8.300713300704956055e-01
8.331120014190673828e-01
8.440107107162475586e-01
7.456283569335937500e-01
8.437761068344116211e-01
7.295470237731933594e-01
7.814267873764038086e-01
8.878570795059204102e-01
3.456609249114990234e-01
9.107874035835266113e-01
7.181037664413452148e-01
9.011842608451843262e-01
7.410024404525756836e-01
8.384940624237060547e-01
8.427683115005493164e-01
8.309273719787597656e-01
8.849581480026245117e-01
6.732742786407470703e-01
9.407421946525573730e-01
5.699852705001831055e-01
9.453265666961669922e-01
7.466362714767456055e-01
8.234665393829345703e-01
7.808511257171630859e-01
7.343916893005371094e-01
8.005428314208984375e-01
6.575614213943481445e-01
8.983734846115112305e-01
7.340388298034667969e-01
8.575173020362854004e-01
7.167562246322631836e-01
8.484066128730773926e-01
5.159937143325805664e-01
8.566994071006774902e-01
7.582044601440429688e-01
8.718413710594177246e-01
8.739514350891113281e-01
7.838147282600402832e-01
7.562350034713745117e-01
8.317989706993103027e-01
6.040768623352050781e-01
9.081422090530395508e-01
6.562597751617431641e-01
8.297762274742126465e-01
5.503623485565185547e-01
9.200509786605834961e-01
6.582233309745788574e-01
8.861320018768310547e-01
6.723307967185974121e-01
8.633723855018615723e-01
7.932995557785034180e-01
7.466652393341064453e-01
7.707315087318420410e-01
7.878754138946533203e-01
6.473457813262939453e-01
8.833073377609252930e-01
4.415029883384704590e-01
9.467713236808776855e-01
7.483704686164855957e-01
8.786456584930419922e-01
7.554155588150024414e-01
7.212176322937011719e-01
8.488405942916870117e-01
3.965045511722564697e-01
9.329856634140014648e-01
5.264848470687866211e-01
9.564277529716491699e-01
8.780496120452880859e-01
7.414973974227905273e-01
6.687418818473815918e-01
7.752377986907958984e-01
6.188355088233947754e-01
8.743801712989807129e-01
7.313347458839416504e-01
8.138402104377746582e-01
7.334306836128234863e-01
7.830250263214111328e-01
7.536323070526123047e-01
6.378960013389587402e-01
8.342366814613342285e-01
5.640105009078979492e-01
9.360734224319458008e-01
6.127657890319824219e-01
7.688120007514953613e-01
8.066859245300292969e-01
6.948666572570800781e-01
7.886240482330322266e-01
8.685728311538696289e-01
5.576666593551635742e-01
9.007641077041625977e-01
6.587240695953369141e-01
8.143954277038574219e-01
7.356326580047607422e-01
6.991959810256958008e-01
8.273434638977050781e-01
7.091562747955322266e-01
8.083040714263916016e-01
7.136733531951904297e-01
8.520095944404602051e-01
7.885471582412719727e-01
7.414673566818237305e-01
7.837985754013061523e-01
7.864575386047363281e-01
7.736614346504211426e-01
8.595852851867675781e-01
7.062957286834716797e-01
8.058259487152099609e-01
7.001563310623168945e-01
8.911477327346801758e-01
6.493763923645019531e-01
8.801004886627197266e-01
6.092474460601806641e-01
8.914468288421630859e-01
7.111377716064453125e-01
8.192763328552246094e-01
7.162290215492248535e-01
7.819674015045166016e-01
7.155987024307250977e-01
8.769735693931579590e-01
6.002655625343322754e-01
8.637475371360778809e-01
6.227964162826538086e-01
9.073315858840942383e-01
1.733724623918533325e-01
8.583765625953674316e-01
7.702966928482055664e-01
4.947620928287506104e-01
9.495655298233032227e-01
4.135448336601257324e-01
9.247680902481079102e-01
7.960921525955200195e-01
7.103610038757324219e-01
8.370631933212280273e-01
6.952607631683349609e-01
8.033043146133422852e-01
7.270070910453796387e-01
6.054620742797851562e-01
9.283703565597534180e-01
4.560102224349975586e-01
6.586986780166625977e-01
9.116390943527221680e-01
6.177770495414733887e-01
7.756898403167724609e-01
8.986228704452514648e-01
6.669026613235473633e-01
7.304407358169555664e-01
9.300407171249389648e-01
7.734912633895874023e-01
7.773245573043823242e-01
9.029799699783325195e-01
6.623666286468505859e-01
7.553825378417968750e-01
8.404611349105834961e-01
5.830425024032592773e-01
8.700892329216003418e-01
8.083907961845397949e-01
7.056276798248291016e-01
7.906720638275146484e-01
8.928835988044738770e-01
7.144529819488525391e-01
7.928651571273803711e-01
7.407636046409606934e-01
7.979335784912109375e-01
7.844668030738830566e-01
7.941601276397705078e-01
6.760632395744323730e-01
8.840653896331787109e-01
7.018496990203857422e-01
8.152901530265808105e-01
8.657771348953247070e-01
6.866990923881530762e-01
7.480589151382446289e-01
9.186156392097473145e-01
5.300089716911315918e-01
8.999462127685546875e-01
8.771991729736328125e-01
7.899821400642395020e-01
8.851838111877441406e-01
7.047350406646728516e-01
8.740341663360595703e-01
6.430220603942871094e-01
8.227804303169250488e-01
8.991367816925048828e-01
5.953907966613769531e-01
8.927211761474609375e-01
8.880587816238403320e-01
8.115394711494445801e-01
7.497516274452209473e-01
8.599217534065246582e-01
6.137543916702270508e-01
8.731389045715332031e-01
8.201102018356323242e-01
8.613730669021606445e-01
7.490816116333007812e-01
6.371843814849853516e-01
8.828215599060058594e-01
5.828186273574829102e-01
8.339257240295410156e-01
7.668197154998779297e-01
9.104499816894531250e-01
6.139397621154785156e-01
8.457303047180175781e-01
8.337023258209228516e-01
7.595814466476440430e-01
9.383544921875000000e-01
4.979099333286285400e-01
8.156545162200927734e-01
8.597593903541564941e-01
6.286113262176513672e-01
8.393648266792297363e-01
7.005164623260498047e-01
8.685665726661682129e-01
6.507880687713623047e-01
8.590416908264160156e-01
7.341285943984985352e-01
7.896786928176879883e-01
7.319281101226806641e-01
8.804015517234802246e-01
8.194959163665771484e-01
8.601734638214111328e-01
7.464976906776428223e-01
8.235651254653930664e-01
7.086152434349060059e-01
8.526085019111633301e-01
7.335479259490966797e-01
8.417059183120727539e-01
8.521494865417480469e-01
5.938305854797363281e-01
8.817039728164672852e-01
4.686372280120849609e-01
8.921465873718261719e-01
8.086519837379455566e-01
7.526246905326843262e-01
9.130266904830932617e-01
6.040096879005432129e-01
8.441114425659179688e-01
8.240696787834167480e-01
7.259896993637084961e-01
8.204647302627563477e-01
7.399256229400634766e-01
8.449265956878662109e-01
6.959284543991088867e-01
8.040503263473510742e-01
7.938938140869140625e-01
8.442338705062866211e-01
6.445445418357849121e-01
9.314913749694824219e-01
6.926857829093933105e-01
7.574056982994079590e-01
9.517722129821777344e-01
5.302206277847290039e-01
8.826191425323486328e-01
4.191593527793884277e-01
9.108097553253173828e-01
5.984874963760375977e-01
8.826838731765747070e-01
5.671297311782836914e-01
9.043434262275695801e-01
7.059201002120971680e-01
8.414475917816162109e-01
9.200143218040466309e-01
6.937481760978698730e-01
8.261362314224243164e-01
6.916392445564270020e-01
8.755723237991333008e-01
6.173422336578369141e-01
7.762676477432250977e-01
7.847111225128173828e-01
8.279203176498413086e-01
7.090733051300048828e-01
8.081917762756347656e-01
7.877523899078369141e-01
8.147880434989929199e-01
8.609442114830017090e-01
7.347685694694519043e-01
8.865267038345336914e-01
6.220678687095642090e-01
8.903601169586181641e-01
7.502810359001159668e-01
8.264657855033874512e-01
6.710861921310424805e-01
8.616290092468261719e-01
7.740346193313598633e-01
8.194254636764526367e-01
8.206263780593872070e-01
7.759671211242675781e-01
7.413603067398071289e-01
8.312914371490478516e-01
7.158893942832946777e-01
8.957868218421936035e-01
5.825055241584777832e-01
9.298052787780761719e-01
7.725503444671630859e-01
8.444507122039794922e-01
8.943883180618286133e-01
6.449666619300842285e-01
8.818241953849792480e-01
6.979308724403381348e-01
8.806768655776977539e-01
8.014124035835266113e-01
8.795300722122192383e-01
4.093313217163085938e-01
9.459789991378784180e-01
4.832984209060668945e-01
9.246282577514648438e-01
3.270435035228729248e-01
9.019136428833007812e-01
8.533570766448974609e-01
4.980515539646148682e-01
9.047469496726989746e-01
4.837720394134521484e-01
8.514516353607177734e-01
9.416601657867431641e-01
7.114094495773315430e-01
8.597393035888671875e-01
9.089536666870117188e-01
7.247707843780517578e-01
8.489903211593627930e-01
8.163208961486816406e-01
7.654590010643005371e-01
8.112915158271789551e-01
7.213251590728759766e-01
7.980928421020507812e-01
8.057698607444763184e-01
7.606660127639770508e-01
8.268445134162902832e-01
7.757535576820373535e-01
8.623057603836059570e-01
8.016588687896728516e-01
6.784236431121826172e-01
8.286470174789428711e-01
7.475869655609130859e-01
7.936109304428100586e-01
8.277918100357055664e-01
8.459120988845825195e-01
8.431179523468017578e-01
8.883532285690307617e-01
6.921145915985107422e-01
8.951469659805297852e-01
8.652085065841674805e-01
6.795329451560974121e-01
7.545651197433471680e-01
8.284564018249511719e-01
7.614648342132568359e-01
8.727747797966003418e-01
7.412287592887878418e-01
8.868410587310791016e-01
7.317516207695007324e-01
8.746420741081237793e-01
8.440455198287963867e-01
9.072599411010742188e-01
7.070840597152709961e-01
8.443828821182250977e-01
5.750313401222229004e-01
9.293749332427978516e-01
4.217326045036315918e-01
9.330081939697265625e-01
2.142172902822494507e-01
8.184570670127868652e-01
9.230188131332397461e-01
3.900251388549804688e-01
9.696493148803710938e-01
4.370604753494262695e-01
8.451641798019409180e-01
9.057532548904418945e-01
7.798016071319580078e-01
7.488139867782592773e-01
6.928080320358276367e-01
8.352141380310058594e-01
7.640542387962341309e-01
8.461786508560180664e-01
7.517282962799072266e-01
7.394974827766418457e-01
8.119893074035644531e-01
4.838446378707885742e-01
9.177551269531250000e-01
7.238282561302185059e-01
8.250221610069274902e-01
8.557013273239135742e-01
7.731754779815673828e-01
8.622643947601318359e-01
7.984272241592407227e-01
8.009076118469238281e-01
7.344483733177185059e-01
8.857848048210144043e-01
6.747411489486694336e-01
9.097298383712768555e-01
8.914180397987365723e-01
7.819112539291381836e-01
8.659564256668090820e-01
6.178561449050903320e-01
8.785595893859863281e-01
7.311003804206848145e-01
7.652754783630371094e-01
9.335834383964538574e-01
6.427252292633056641e-01
8.306743502616882324e-01
7.904688119888305664e-01
3.455623686313629150e-01
9.081879854202270508e-01
7.505628466606140137e-01
7.194234728813171387e-01
9.369852542877197266e-01
7.077004909515380859e-01
9.096942543983459473e-01
8.034625053405761719e-01
7.978223562240600586e-01
7.977890968322753906e-01
8.122841119766235352e-01
7.502180933952331543e-01
8.829549551010131836e-01
4.949324727058410645e-01
9.028671979904174805e-01
4.000854492187500000e-01
8.844101428985595703e-01
8.220173120498657227e-01
6.529928445816040039e-01
8.593810796737670898e-01
7.628107070922851562e-01
7.147746086120605469e-01
8.708370923995971680e-01
5.063569545745849609e-01
8.836784362792968750e-01
7.193161249160766602e-01
8.672668933868408203e-01
8.155659437179565430e-01
7.953568696975708008e-01
7.841678857803344727e-01
7.584304213523864746e-01
7.775200605392456055e-01
8.435858488082885742e-01
8.569037914276123047e-01
7.610535621643066406e-01
8.386429548263549805e-01
7.741374969482421875e-01
7.563809156417846680e-01
8.529428243637084961e-01
7.403733730316162109e-01
8.366559147834777832e-01
7.933688163757324219e-01
7.177405357360839844e-01
8.080211877822875977e-01
7.782578468322753906e-01
8.193975687026977539e-01
7.336229085922241211e-01
9.030233621597290039e-01
5.527769327163696289e-01
8.748440742492675781e-01
7.689032554626464844e-01
8.846735954284667969e-01
8.382644653320312500e-01
8.954232931137084961e-01
6.471183300018310547e-01
9.223310947418212891e-01
5.504933595657348633e-01
8.722400665283203125e-01
4.034077525138854980e-01
9.407266974449157715e-01
8.744947910308837891e-01
7.945224046707153320e-01
8.965329527854919434e-01
4.302697181701660156e-01
9.594461917877197266e-01
6.202995181083679199e-01
7.809226512908935547e-01
9.209579229354858398e-01
5.906164646148681641e-01
8.912616968154907227e-01
5.439594984054565430e-01
9.209837913513183594e-01
8.355314731597900391e-01
8.332911729812622070e-01
8.549735546112060547e-01
6.854401230812072754e-01
8.720237612724304199e-01
4.771856069564819336e-01
8.913371562957763672e-01
6.800948381423950195e-01
8.128643035888671875e-01
8.460444211959838867e-01
7.423580884933471680e-01
9.120873212814331055e-01
5.925779342651367188e-01
8.501864075660705566e-01
7.550963163375854492e-01
8.847348690032958984e-01
6.989569664001464844e-01
8.073961138725280762e-01
6.591736674308776855e-01
9.142169952392578125e-01
7.639778852462768555e-01
9.000583291053771973e-01
7.798743247985839844e-01
7.157087326049804688e-01
8.624846935272216797e-01
6.973644495010375977e-01
8.034440875053405762e-01
6.854326128959655762e-01
8.674038648605346680e-01
7.218662500381469727e-01
8.117195367813110352e-01
8.940120339393615723e-01
7.812962532043457031e-01
7.706423997879028320e-01
8.656450510025024414e-01
6.806065440177917480e-01
9.246271848678588867e-01
3.455131649971008301e-01
9.579798579216003418e-01
4.033939838409423828e-01
9.192095398902893066e-01
9.040073752403259277e-01
7.913680672645568848e-01
9.026926755905151367e-01
8.667499423027038574e-01
8.100187778472900391e-01
7.901519536972045898e-01
9.046168923377990723e-01
4.742330908775329590e-01
9.494239091873168945e-01
7.172400951385498047e-01
8.133738040924072266e-01
8.496737480163574219e-01
5.923126935958862305e-01
8.635363578796386719e-01
5.061573982238769531e-01
9.066783189773559570e-01
7.446709871292114258e-01
8.096679449081420898e-01
8.310002088546752930e-01
7.668586969375610352e-01
8.359243273735046387e-01
6.307126283645629883e-01
8.974480032920837402e-01
6.727440357208251953e-01
8.879778385162353516e-01
7.207792997360229492e-01
8.894952535629272461e-01
6.737245321273803711e-01
8.993725776672363281e-01
6.979901790618896484e-01
8.695722818374633789e-01
7.573760747909545898e-01
8.561663031578063965e-01
6.738315820693969727e-01
8.620603084564208984e-01
5.719977617263793945e-01
8.631106615066528320e-01
3.633742034435272217e-01
9.195148348808288574e-01
5.081696510314941406e-01
8.615181446075439453e-01
9.382370710372924805e-01
7.066019773483276367e-01
8.965620398521423340e-01
8.266084194183349609e-01
7.331411838531494141e-01
9.079148769378662109e-01
8.499078750610351562e-01
8.309290409088134766e-01
8.097268342971801758e-01
8.037254810333251953e-01
8.119120001792907715e-01
8.354401588439941406e-01
6.784719228744506836e-01
8.283392786979675293e-01
6.342000365257263184e-01
9.015191197395324707e-01
8.112393617630004883e-01
8.118981122970581055e-01
7.472585439682006836e-01
8.740807771682739258e-01
6.372406482696533203e-01
9.021331667900085449e-01
5.664034485816955566e-01
8.882615566253662109e-01
7.672339677810668945e-01
7.275092601776123047e-01
7.696521282196044922e-01
7.273654937744140625e-01
7.835969328880310059e-01
5.990117788314819336e-01
8.934940695762634277e-01
6.752287745475769043e-01
8.594386577606201172e-01
8.612189292907714844e-01
8.378580808639526367e-01
7.122753858566284180e-01
8.614414930343627930e-01
6.670845746994018555e-01
9.570127725601196289e-01
6.661142110824584961e-01
9.225553870201110840e-01
8.253238201141357422e-01
8.084179759025573730e-01
8.048141598701477051e-01
8.107250332832336426e-01
8.105125427246093750e-01
6.702921390533447266e-01
8.203051686286926270e-01
6.813545823097229004e-01
7.522773742675781250e-01
7.896677255630493164e-01
5.664873123168945312e-01
8.880712389945983887e-01
2.815467715263366699e-01
9.176941514015197754e-01
9.071332812309265137e-01
6.628807187080383301e-01
8.646660447120666504e-01
5.957278013229370117e-01
9.285417795181274414e-01
5.497413277626037598e-01
8.732873201370239258e-01
8.334181308746337891e-01
6.565723419189453125e-01
8.500264883041381836e-01
7.761821150779724121e-01
8.289258480072021484e-01
8.526669740676879883e-01
6.565608382225036621e-01
8.712918162345886230e-01
7.259160280227661133e-01
8.362569212913513184e-01
7.156245708465576172e-01
8.784391880035400391e-01
6.531947851181030273e-01
8.062654137611389160e-01
7.332261204719543457e-01
8.127078413963317871e-01
8.231092095375061035e-01
7.462680339813232422e-01
8.868176937103271484e-01
4.307860732078552246e-01
8.875615000724792480e-01
4.543506205081939697e-01
9.053456187248229980e-01
6.202414035797119141e-01
8.213139772415161133e-01
8.061958551406860352e-01
7.358844876289367676e-01
6.538540720939636230e-01
7.371795773506164551e-01
7.601799964904785156e-01
7.844897508621215820e-01
8.263305425643920898e-01
5.772255659103393555e-01
8.806864023208618164e-01
7.953209280967712402e-01
7.206279039382934570e-01
8.944575786590576172e-01
4.409909844398498535e-01
9.690959453582763672e-01
5.505880117416381836e-01
9.568427801132202148e-01
5.690375566482543945e-01
7.575871348381042480e-01
9.344205260276794434e-01
4.761361181735992432e-01
8.134498000144958496e-01
8.970969915390014648e-01
5.266795158386230469e-01
8.054070472717285156e-01
8.660603761672973633e-01
4.924513697624206543e-01
8.911775350570678711e-01
6.808364391326904297e-01
7.960355877876281738e-01
7.889136075973510742e-01
8.328838944435119629e-01
7.592854499816894531e-01
7.579249143600463867e-01
7.331985235214233398e-01
8.425135612487792969e-01
7.202264070510864258e-01
7.319896221160888672e-01
8.936760425567626953e-01
6.861214041709899902e-01
8.084434866905212402e-01
8.801372647285461426e-01
5.594462156295776367e-01
8.729921579360961914e-01
7.053653001785278320e-01
9.236687421798706055e-01
5.713409781455993652e-01
8.745220899581909180e-01
5.876201987266540527e-01
9.100742340087890625e-01
7.564696073532104492e-01
8.610846996307373047e-01
6.994435787200927734e-01
8.502031564712524414e-01
7.100321650505065918e-01
8.798793554306030273e-01
8.026404380798339844e-01
6.922928690910339355e-01
8.252376317977905273e-01
7.023780345916748047e-01
8.971588611602783203e-01
7.704988718032836914e-01
8.233120441436767578e-01
5.979566574096679688e-01
9.422751665115356445e-01
4.030176997184753418e-01
9.040274620056152344e-01
8.960338234901428223e-01
7.581959962844848633e-01
8.980843424797058105e-01
7.651329040527343750e-01
7.814757227897644043e-01
8.545656204223632812e-01
6.810818314552307129e-01
9.082076549530029297e-01
4.841534495353698730e-01
8.826839327812194824e-01
6.261579394340515137e-01
8.823206424713134766e-01
8.641273975372314453e-01
7.765968441963195801e-01
7.911882400512695312e-01
8.136855363845825195e-01
7.068918943405151367e-01
8.035867214202880859e-01
5.831697583198547363e-01
9.452662467956542969e-01
7.839603424072265625e-01
7.670770883560180664e-01
9.062883257865905762e-01
4.645126461982727051e-01
9.230145215988159180e-01
5.722527503967285156e-01
8.748697042465209961e-01
6.943070888519287109e-01
8.683627843856811523e-01
7.511988878250122070e-01
8.520707488059997559e-01
8.070852756500244141e-01
6.815506815910339355e-01
9.077080488204956055e-01
6.474303007125854492e-01
8.965011835098266602e-01
7.684806585311889648e-01
8.722569942474365234e-01
7.658744454383850098e-01
8.800972700119018555e-01
7.634626626968383789e-01
8.423742055892944336e-01
7.062017917633056641e-01
8.852201700210571289e-01
6.844258904457092285e-01
7.976324558258056641e-01
7.607961893081665039e-01
8.403296470642089844e-01
8.191722631454467773e-01
7.529954910278320312e-01
7.807198762893676758e-01
7.670812606811523438e-01
8.652417659759521484e-01
6.594197750091552734e-01
9.002761840820312500e-01
6.839787960052490234e-01
8.596103191375732422e-01
7.907465696334838867e-01
5.672280788421630859e-01
9.373114109039306641e-01
6.176973581314086914e-01
9.019390344619750977e-01
8.978310823440551758e-01
6.501879692077636719e-01
8.466420769691467285e-01
7.992099523544311523e-01
8.369523286819458008e-01
7.722487449645996094e-01
7.969542145729064941e-01
8.305873274803161621e-01
6.793080568313598633e-01
9.523882865905761719e-01
5.096029043197631836e-01
8.976891040802001953e-01
4.764546751976013184e-01
9.029189348220825195e-01
6.916365027427673340e-01
9.040999412536621094e-01
6.922721862792968750e-01
8.899130821228027344e-01
6.398836374282836914e-01
8.744171857833862305e-01
5.731284618377685547e-01
9.362012147903442383e-01
6.309702396392822266e-01
8.174811005592346191e-01
9.383282661437988281e-01
6.947531104087829590e-01
7.858855128288269043e-01
8.229212760925292969e-01
8.296486139297485352e-01
8.301865458488464355e-01
6.274949908256530762e-01
8.533813953399658203e-01
5.022118091583251953e-01
9.307098984718322754e-01
5.643878579139709473e-01
9.066699743270874023e-01
5.434767603874206543e-01
9.141701459884643555e-01
9.160451292991638184e-01
8.373495340347290039e-01
7.289172410964965820e-01
9.042685031890869141e-01
6.890757679939270020e-01
9.040470123291015625e-01
7.456486821174621582e-01
7.195811867713928223e-01
9.399832487106323242e-01
5.174762010574340820e-01
8.722543120384216309e-01
8.671033382415771484e-01
7.647194862365722656e-01
8.173188567161560059e-01
6.812248826026916504e-01
8.888920545578002930e-01
4.762567281723022461e-01
9.239501357078552246e-01
6.328215003013610840e-01
8.683266043663024902e-01
8.450654745101928711e-01
7.736909389495849609e-01
8.806865215301513672e-01
7.134838104248046875e-01
8.465747833251953125e-01
6.450204253196716309e-01
9.113072752952575684e-01
7.432455420494079590e-01
8.208749294281005859e-01
8.646509647369384766e-01
7.351025938987731934e-01
8.540337085723876953e-01
8.149192929267883301e-01
7.787034511566162109e-01
8.873535394668579102e-01
7.321226596832275391e-01
8.907968997955322266e-01
6.812866926193237305e-01
8.931145668029785156e-01
6.937763690948486328e-01
8.558792471885681152e-01
8.745006918907165527e-01
7.499381899833679199e-01
7.037452459335327148e-01
9.292846918106079102e-01
4.550652801990509033e-01
9.289380311965942383e-01
3.668407797813415527e-01
9.006915092468261719e-01
8.691917061805725098e-01
7.159018516540527344e-01
8.160033226013183594e-01
8.132753372192382812e-01
8.722918033599853516e-01
7.653465270996093750e-01
9.057365059852600098e-01
5.781470537185668945e-01
8.952047824859619141e-01
7.979708313941955566e-01
9.076932668685913086e-01
6.411690711975097656e-01
9.325229525566101074e-01
7.971163392066955566e-01
7.550448179244995117e-01
8.448959589004516602e-01
7.157678604125976562e-01
8.545607328414916992e-01
7.538850903511047363e-01
8.556220531463623047e-01
7.405768036842346191e-01
8.066671490669250488e-01
7.291935682296752930e-01
8.878244161605834961e-01
6.628065705299377441e-01
8.645045161247253418e-01
6.410890817642211914e-01
8.906810879707336426e-01
7.264878749847412109e-01
7.743068933486938477e-01
6.557306051254272461e-01
9.201245307922363281e-01
5.616760253906250000e-01
9.189899563789367676e-01
2.404512465000152588e-01
9.140697121620178223e-01
8.044800758361816406e-01
8.228965997695922852e-01
8.662003278732299805e-01
8.015483617782592773e-01
8.029774427413940430e-01
7.688037753105163574e-01
8.570218682289123535e-01
6.249700784683227539e-01
9.489367604255676270e-01
2.491890043020248413e-01
9.562640190124511719e-01
5.596612691879272461e-01
8.757077455520629883e-01
8.781292438507080078e-01
6.016800403594970703e-01
8.538288474082946777e-01
4.723011255264282227e-01
8.798749446868896484e-01
8.501052856445312500e-01
7.959464788436889648e-01
8.987597227096557617e-01
7.823808193206787109e-01
7.284058332443237305e-01
8.337592482566833496e-01
6.467407941818237305e-01
8.556753396987915039e-01
7.419656515121459961e-01
8.071959018707275391e-01
7.440781593322753906e-01
8.548396825790405273e-01
7.541977167129516602e-01
8.719828128814697266e-01
7.914687395095825195e-01
8.260567188262939453e-01
8.719396591186523438e-01
7.531368136405944824e-01
8.870836496353149414e-01
6.821656823158264160e-01
8.691136240959167480e-01
8.539733886718750000e-01
7.771071195602416992e-01
8.316761255264282227e-01
7.427597641944885254e-01
8.130754232406616211e-01
8.123264312744140625e-01
6.462944746017456055e-01
8.507342934608459473e-01
8.174178600311279297e-01
7.830880880355834961e-01
8.948484659194946289e-01
6.977263092994689941e-01
8.538945913314819336e-01
7.417327761650085449e-01
8.179959654808044434e-01
8.867981433868408203e-01
7.314010858535766602e-01
8.843704462051391602e-01
7.478241920471191406e-01
8.570671081542968750e-01
8.316116929054260254e-01
6.412940025329589844e-01
9.183139801025390625e-01
4.567762613296508789e-01
9.028455018997192383e-01
8.241947293281555176e-01
7.302863597869873047e-01
8.830492496490478516e-01
6.799992322921752930e-01
7.436039447784423828e-01
8.678898811340332031e-01
7.446262240409851074e-01
8.821729421615600586e-01
7.832750082015991211e-01
8.268036842346191406e-01
8.218491673469543457e-01
8.170887231826782227e-01
8.017578125000000000e-01
7.872967720031738281e-01
8.084053397178649902e-01
8.117310404777526855e-01
9.146801233291625977e-01
7.498058676719665527e-01
9.130955338478088379e-01
7.709885239601135254e-01
8.263314962387084961e-01
8.452709913253784180e-01
8.270881175994873047e-01
7.836526036262512207e-01
7.328408956527709961e-01
8.458489179611206055e-01
6.599016189575195312e-01
9.214853048324584961e-01
4.508230090141296387e-01
9.564640522003173828e-01
5.240310430526733398e-01
8.971058130264282227e-01
8.283027410507202148e-01
5.164394378662109375e-01
9.505630731582641602e-01
2.553734481334686279e-01
9.508494138717651367e-01
4.132097959518432617e-01
9.494193196296691895e-01
3.612714707851409912e-01
8.806928992271423340e-01
8.517396450042724609e-01
8.231231570243835449e-01
7.548930644989013672e-01
8.577715158462524414e-01
5.460100173950195312e-01
9.183096885681152344e-01
5.792529582977294922e-01
9.336820244789123535e-01
5.492018461227416992e-01
8.913580775260925293e-01
8.905363082885742188e-01
7.787975072860717773e-01
7.979198098182678223e-01
7.094370722770690918e-01
7.161743640899658203e-01
7.245612740516662598e-01
8.101240396499633789e-01
6.434916853904724121e-01
8.715344071388244629e-01
7.438122034072875977e-01
8.711230754852294922e-01
7.050154805183410645e-01
8.421751260757446289e-01
8.258886933326721191e-01
7.565636634826660156e-01
7.936190366744995117e-01
7.588723897933959961e-01
7.956657409667968750e-01
7.744318246841430664e-01
7.792341709136962891e-01
7.845696806907653809e-01
8.089030981063842773e-01
7.533888816833496094e-01
8.553192019462585449e-01
7.713595628738403320e-01
7.644815444946289062e-01
7.428213357925415039e-01
7.185741662979125977e-01
8.549958467483520508e-01
7.220327854156494141e-01
8.938052654266357422e-01
6.986639499664306641e-01
8.491644859313964844e-01
8.014160990715026855e-01
8.672169446945190430e-01
8.019516468048095703e-01
8.370010256767272949e-01
8.648493289947509766e-01
7.516034245491027832e-01
8.288941979408264160e-01
7.250406146049499512e-01
8.966449499130249023e-01
7.026606798171997070e-01
8.730108141899108887e-01
9.345332384109497070e-01
7.727530002593994141e-01
8.712803125381469727e-01
8.355746865272521973e-01
7.624008655548095703e-01
8.585279583930969238e-01
7.907816171646118164e-01
8.746839761734008789e-01
8.124700784683227539e-01
5.584069490432739258e-01
9.494936466217041016e-01
3.823722004890441895e-01
9.348766803741455078e-01
5.063394308090209961e-01
9.514023065567016602e-01
7.322238087654113770e-01
7.425225377082824707e-01
9.543945789337158203e-01
6.034590005874633789e-01
8.593519330024719238e-01
9.186820983886718750e-01
6.853095293045043945e-01
8.902505040168762207e-01
7.610011100769042969e-01
7.574610710144042969e-01
8.315838575363159180e-01
7.611287236213684082e-01
8.584228157997131348e-01
8.518989086151123047e-01
7.203108668327331543e-01
8.930426836013793945e-01
5.845342874526977539e-01
8.973293304443359375e-01
7.567527294158935547e-01
7.637058496475219727e-01
8.851150274276733398e-01
6.431695222854614258e-01
9.335865378379821777e-01
6.759341955184936523e-01
8.845057487487792969e-01
6.989731192588806152e-01
8.313180208206176758e-01
7.609411478042602539e-01
8.466581106185913086e-01
6.806381344795227051e-01
8.971790671348571777e-01
5.966163873672485352e-01
9.118847250938415527e-01
7.643774747848510742e-01
7.679119110107421875e-01
9.131994843482971191e-01
6.610631942749023438e-01
8.831440210342407227e-01
6.698831915855407715e-01
8.565118312835693359e-01
7.824286222457885742e-01
8.085836172103881836e-01
8.496584892272949219e-01
9.129253625869750977e-01
5.706296563148498535e-01
9.440387487411499023e-01
5.379676818847656250e-01
9.108142852783203125e-01
7.138788104057312012e-01
9.226456880569458008e-01
8.638544082641601562e-01
6.365023851394653320e-01
9.429659843444824219e-01
5.562247037887573242e-01
9.225214719772338867e-01
8.310863375663757324e-01
8.581019639968872070e-01
7.427561879158020020e-01
8.920772075653076172e-01
5.425158143043518066e-01
9.283200502395629883e-01
6.987366676330566406e-01
8.670247793197631836e-01
6.719294786453247070e-01
8.816149234771728516e-01
7.039929628372192383e-01
8.669147491455078125e-01
7.129334807395935059e-01
8.147674798965454102e-01
7.943141460418701172e-01
8.361341953277587891e-01
8.246520757675170898e-01
7.842927575111389160e-01
8.176273107528686523e-01
8.136124610900878906e-01
7.435045838356018066e-01
8.542816638946533203e-01
5.664245486259460449e-01
9.362420439720153809e-01
7.170950174331665039e-01
8.847161531448364258e-01
5.699719786643981934e-01
9.422167539596557617e-01
7.285169363021850586e-01
8.644364476203918457e-01
8.763097524642944336e-01
6.570225358009338379e-01
9.328147768974304199e-01
6.393724679946899414e-01
8.454306125640869141e-01
9.182999134063720703e-01
5.776907205581665039e-01
8.597640991210937500e-01
8.971450328826904297e-01
7.865897417068481445e-01
7.864340543746948242e-01
9.017248153686523438e-01
5.990757942199707031e-01
8.913642168045043945e-01
8.252627849578857422e-01
8.280374407768249512e-01
9.190058708190917969e-01
8.268494606018066406e-01
7.891135215759277344e-01
8.755193948745727539e-01
7.575215101242065430e-01
8.436827659606933594e-01
8.026987314224243164e-01
9.326078295707702637e-01
5.513188838958740234e-01
9.399967789649963379e-01
2.585489749908447266e-01
9.223371744155883789e-01
8.102995157241821289e-01
7.140011191368103027e-01
9.229770302772521973e-01
3.661326467990875244e-01
9.124932885169982910e-01
2.685266137123107910e-01
8.536432385444641113e-01
9.255087971687316895e-01
7.365360260009765625e-01
7.713327407836914062e-01
8.093578815460205078e-01
6.398302316665649414e-01
8.491299152374267578e-01
4.212473332881927490e-01
9.615975022315979004e-01
7.301692962646484375e-01
8.440672159194946289e-01
8.060625791549682617e-01
7.347919344902038574e-01
8.244643807411193848e-01
6.653224229812622070e-01
8.549051284790039062e-01
6.489437222480773926e-01
8.513004779815673828e-01
8.579982519149780273e-01
6.639146804809570312e-01
8.966459035873413086e-01
7.706589698791503906e-01
8.698863983154296875e-01
8.590516448020935059e-01
8.497663736343383789e-01
7.282900810241699219e-01
8.689571619033813477e-01
7.977854609489440918e-01
8.927938938140869141e-01
7.576897144317626953e-01
8.889364004135131836e-01
7.172167301177978516e-01
9.248342514038085938e-01
6.790553331375122070e-01
8.778471946716308594e-01
7.643549442291259766e-01
9.265530109405517578e-01
7.400416135787963867e-01
8.640261888504028320e-01
8.425928354263305664e-01
7.779781818389892578e-01
8.157126903533935547e-01
8.249875307083129883e-01
8.219714164733886719e-01
8.386400938034057617e-01
8.297605514526367188e-01
8.216881752014160156e-01
7.814095616340637207e-01
8.105649948120117188e-01
8.618431091308593750e-01
7.865141630172729492e-01
8.579807281494140625e-01
7.041766643524169922e-01
8.539872765541076660e-01
7.443173527717590332e-01
8.822121620178222656e-01
7.921932935714721680e-01
8.132404088973999023e-01
9.037595987319946289e-01
7.291347384452819824e-01
9.226362705230712891e-01
7.476021051406860352e-01
8.605080842971801758e-01
8.723804950714111328e-01
8.173532485961914062e-01
8.010832071304321289e-01
8.340427875518798828e-01
8.442957401275634766e-01
7.760756015777587891e-01
8.151342272758483887e-01
8.143568038940429688e-01
7.211126089096069336e-01
9.168972969055175781e-01
6.007950305938720703e-01
9.370300769805908203e-01
5.792828798294067383e-01
8.628970384597778320e-01
8.336372375488281250e-01
8.054683208465576172e-01
8.368621468544006348e-01
6.846945285797119141e-01
9.316068887710571289e-01
5.972071886062622070e-01
9.350249171257019043e-01
2.882105112075805664e-01
9.357637166976928711e-01
6.068500280380249023e-01
8.806582689285278320e-01
6.707105040550231934e-01
8.266761302947998047e-01
8.074392080307006836e-01
8.053663969039916992e-01
8.184113502502441406e-01
6.929174661636352539e-01
8.992503881454467773e-01
4.566630125045776367e-01
9.464763402938842773e-01
6.243163347244262695e-01
8.858329653739929199e-01
6.928262710571289062e-01
8.335310220718383789e-01
8.201398849487304688e-01
7.969177961349487305e-01
8.810628652572631836e-01
7.931007742881774902e-01
8.083956241607666016e-01
8.205932378768920898e-01
7.988978624343872070e-01
8.114931583404541016e-01
8.365037441253662109e-01
8.670141696929931641e-01
6.398538947105407715e-01
9.097276926040649414e-01
6.727998256683349609e-01
8.843939304351806641e-01
8.030132055282592773e-01
7.304216623306274414e-01
6.374291777610778809e-01
9.317781329154968262e-01
5.357484817504882812e-01
9.600661993026733398e-01
7.277449369430541992e-01
8.751379251480102539e-01
9.051272869110107422e-01
8.709948062896728516e-01
8.749203681945800781e-01
7.869957685470581055e-01
7.818094491958618164e-01
7.356834411621093750e-01
8.313819169998168945e-01
7.319272160530090332e-01
8.933911919593811035e-01
8.441734313964843750e-01
8.592584133148193359e-01
7.581438422203063965e-01
8.515896797180175781e-01
7.334451675415039062e-01
8.434795737266540527e-01
7.560428977012634277e-01
9.030982851982116699e-01
7.973769307136535645e-01
7.798939347267150879e-01
8.107669353485107422e-01
7.275234460830688477e-01
8.977548480033874512e-01
5.250497460365295410e-01
9.234956502914428711e-01
7.475247383117675781e-01
8.709473609924316406e-01
8.618389368057250977e-01
8.233950734138488770e-01
8.265019655227661133e-01
8.580118417739868164e-01
6.966319084167480469e-01
9.067469835281372070e-01
6.760527491569519043e-01
8.620079755783081055e-01
7.439932823181152344e-01
9.012951850891113281e-01
5.931642055511474609e-01
9.432278871536254883e-01
2.202834337949752808e-01
8.987216353416442871e-01
7.089412808418273926e-01
7.865092158317565918e-01
6.884815096855163574e-01
9.461392164230346680e-01
4.192506670951843262e-01
9.456101655960083008e-01
8.470357060432434082e-01
8.320596814155578613e-01
7.876375913619995117e-01
8.734557032585144043e-01
6.222194433212280273e-01
9.274387359619140625e-01
4.011660814285278320e-01
9.775000810623168945e-01
2.046090662479400635e-01
9.402727484703063965e-01
8.735620975494384766e-01
7.764209508895874023e-01
8.012328147888183594e-01
5.945075750350952148e-01
9.639230966567993164e-01
3.997820019721984863e-01
9.785821437835693359e-01
4.287612438201904297e-01
8.608685135841369629e-01
9.089736938476562500e-01
6.422401070594787598e-01
8.066667318344116211e-01
7.945150136947631836e-01
7.424448728561401367e-01
7.594764828681945801e-01
7.852084636688232422e-01
8.195465803146362305e-01
8.027448058128356934e-01
6.821743249893188477e-01
9.245991706848144531e-01
7.308493852615356445e-01
7.385286688804626465e-01
9.104396104812622070e-01
6.344007253646850586e-01
8.987745642662048340e-01
8.270226716995239258e-01
8.413928747177124023e-01
8.199208974838256836e-01
7.939424514770507812e-01
8.311650156974792480e-01
7.422982454299926758e-01
8.945369720458984375e-01
6.751790046691894531e-01
8.744283914566040039e-01
8.454307317733764648e-01
8.277257680892944336e-01
7.896305918693542480e-01
7.694823741912841797e-01
8.613312244415283203e-01
7.764322757720947266e-01
8.731510043144226074e-01
6.892706751823425293e-01
9.284720420837402344e-01
7.278773784637451172e-01
8.325017690658569336e-01
8.151943087577819824e-01
8.103594779968261719e-01
8.562912344932556152e-01
8.550921678543090820e-01
8.042150735855102539e-01
8.602188825607299805e-01
8.070934414863586426e-01
8.360974788665771484e-01
7.819712758064270020e-01
8.644187450408935547e-01
6.913942098617553711e-01
9.140846729278564453e-01
7.681015729904174805e-01
8.432950973510742188e-01
8.561609387397766113e-01
8.261419534683227539e-01
7.766246795654296875e-01
7.607746124267578125e-01
8.985468149185180664e-01
5.312070846557617188e-01
9.407487511634826660e-01
7.100169062614440918e-01
8.552644252777099609e-01
8.646155595779418945e-01
7.110570669174194336e-01
9.381893873214721680e-01
5.879111886024475098e-01
8.991081714630126953e-01
7.304934263229370117e-01
8.852453231811523438e-01
8.370990753173828125e-01
8.411349654197692871e-01
8.538430333137512207e-01
7.936930656433105469e-01
8.805068731307983398e-01
6.751654744148254395e-01
9.312792420387268066e-01
5.970767140388488770e-01
8.993575572967529297e-01
7.794073820114135742e-01
8.888679742813110352e-01
8.589066267013549805e-01
6.494216322898864746e-01
9.102697372436523438e-01
5.087227821350097656e-01
9.443517923355102539e-01
8.093738555908203125e-01
8.212630748748779297e-01
9.066960811614990234e-01
6.968531608581542969e-01
8.542733192443847656e-01
6.361905336380004883e-01
9.393835663795471191e-01
6.425246000289916992e-01
9.357711076736450195e-01
8.095600605010986328e-01
8.632106184959411621e-01
9.253057241439819336e-01
6.909523010253906250e-01
9.127757549285888672e-01
7.071523666381835938e-01
9.367098808288574219e-01
7.487417459487915039e-01
8.696660995483398438e-01
8.618578910827636719e-01
7.504351735115051270e-01
9.238895177841186523e-01
8.159449100494384766e-01
8.111156225204467773e-01
8.467842340469360352e-01
7.413105368614196777e-01
8.987952470779418945e-01
7.752588987350463867e-01
7.652362585067749023e-01
9.114400148391723633e-01
8.267689943313598633e-01
8.332250714302062988e-01
8.417614698410034180e-01
7.877480387687683105e-01
9.320322871208190918e-01
5.992153286933898926e-01
9.226930141448974609e-01
5.679088830947875977e-01
8.707775473594665527e-01
5.733707547187805176e-01
9.357622265815734863e-01
7.985636591911315918e-01
8.493460416793823242e-01
8.377056121826171875e-01
7.566195130348205566e-01
9.200630784034729004e-01
4.622409939765930176e-01
9.476014375686645508e-01
7.445034980773925781e-01
8.810744285583496094e-01
7.918968796730041504e-01
8.851761221885681152e-01
7.551274299621582031e-01
8.535341024398803711e-01
7.490189075469970703e-01
8.790553212165832520e-01
6.405880451202392578e-01
9.545211791992187500e-01
4.590216279029846191e-01
9.423218965530395508e-01
3.828722834587097168e-01
9.431413412094116211e-01
7.661844491958618164e-01
8.750119805335998535e-01
8.438841104507446289e-01
6.649437546730041504e-01
9.037336111068725586e-01
5.892761945724487305e-01
9.316428899765014648e-01
8.216278553009033203e-01
8.110162615776062012e-01
8.955799937248229980e-01
7.395707368850708008e-01
8.717662692070007324e-01
7.829726338386535645e-01
8.587147593498229980e-01
6.437122225761413574e-01
9.518110752105712891e-01
7.038023471832275391e-01
8.033953309059143066e-01
8.266662359237670898e-01
8.591450452804565430e-01
9.405843019485473633e-01
8.863537311553955078e-01
8.147195577621459961e-01
8.656083941459655762e-01
8.777235746383666992e-01
8.336232900619506836e-01
8.760011196136474609e-01
6.935907602310180664e-01
8.719502687454223633e-01
7.199673652648925781e-01
8.433448076248168945e-01
8.212236762046813965e-01
8.764638900756835938e-01
7.498859763145446777e-01
8.721594214439392090e-01
7.322983145713806152e-01
8.881546854972839355e-01
6.773937940597534180e-01
9.246985912322998047e-01
6.210129261016845703e-01
9.500484466552734375e-01
5.103656053543090820e-01
9.332320690155029297e-01
9.284315705299377441e-01
6.472328305244445801e-01
9.218630790710449219e-01
8.203181028366088867e-01
8.278047442436218262e-01
8.841193914413452148e-01
7.500983476638793945e-01
8.202633857727050781e-01
8.513114452362060547e-01
7.889792919158935547e-01
8.739067316055297852e-01
8.210701942443847656e-01
9.055844545364379883e-01
7.968509197235107422e-01
8.308672308921813965e-01
8.658622503280639648e-01
7.932846546173095703e-01
8.703720569610595703e-01
7.875455617904663086e-01
8.605902194976806641e-01
8.234350681304931641e-01
8.802653551101684570e-01
8.220624923706054688e-01
8.740074634552001953e-01
8.108052611351013184e-01
8.449703454971313477e-01
8.396008014678955078e-01
7.649394869804382324e-01
9.005450010299682617e-01
8.166252374649047852e-01
8.639217615127563477e-01
8.619295358657836914e-01
8.255749940872192383e-01
7.815270423889160156e-01
8.705359697341918945e-01
8.053957223892211914e-01
8.373956680297851562e-01
9.534058570861816406e-01
6.520233154296875000e-01
9.417431354522705078e-01
8.073364496231079102e-01
7.869135141372680664e-01
9.265692234039306641e-01
7.863198518753051758e-01
8.088141679763793945e-01
8.941246271133422852e-01
8.221607208251953125e-01
8.998204469680786133e-01
7.698128223419189453e-01
8.755824565887451172e-01
4.993911385536193848e-01
9.572832584381103516e-01
7.088365554809570312e-01
8.958785533905029297e-01
7.485572099685668945e-01
8.898341655731201172e-01
8.545058369636535645e-01
7.317512035369873047e-01
9.427784681320190430e-01
6.640359759330749512e-01
8.775874376296997070e-01
9.032737016677856445e-01
8.862176537513732910e-01
8.647361397743225098e-01
8.048651218414306641e-01
8.228194117546081543e-01
7.519546747207641602e-01
8.652029037475585938e-01
8.324033617973327637e-01
8.484504222869873047e-01
8.709118366241455078e-01
8.290377855300903320e-01
8.855956792831420898e-01
7.754297256469726562e-01
9.087809324264526367e-01
7.784131765365600586e-01
8.315758705139160156e-01
8.130085468292236328e-01
8.043165206909179688e-01
8.281888961791992188e-01
6.572709083557128906e-01
9.484317302703857422e-01
5.341414213180541992e-01
9.203398227691650391e-01
2.581944465637207031e-01
9.558722972869873047e-01
4.453853070735931396e-01
9.747720956802368164e-01
7.410706281661987305e-01
8.582392334938049316e-01
3.206335306167602539e-01
9.710223674774169922e-01
1.765027940273284912e-01
9.498063921928405762e-01
7.543232440948486328e-01
7.965896725654602051e-01
8.307988643646240234e-01
5.899553298950195312e-01
9.356217384338378906e-01
1.897667646408081055e-01
9.688533544540405273e-01
7.886680960655212402e-01
7.385973930358886719e-01
9.480953216552734375e-01
3.762427568435668945e-01
9.259715676307678223e-01
5.235521793365478516e-01
8.681219816207885742e-01
8.355549573898315430e-01
6.775964498519897461e-01
8.795009851455688477e-01
7.110763192176818848e-01
9.004033803939819336e-01
6.755959987640380859e-01
9.473695755004882812e-01
6.260867118835449219e-01
8.632926940917968750e-01
7.058436870574951172e-01
8.672000169754028320e-01
7.234735488891601562e-01
8.435980677604675293e-01
5.498176813125610352e-01
8.907901048660278320e-01
7.072079181671142578e-01
8.992198705673217773e-01
8.167945146560668945e-01
8.780302405357360840e-01
6.028487682342529297e-01
8.815385103225708008e-01
7.090263366699218750e-01
7.736045718193054199e-01
9.342892169952392578e-01
7.408194541931152344e-01
8.958340883255004883e-01
7.241601347923278809e-01
9.204654693603515625e-01
8.337030410766601562e-01
7.561624050140380859e-01
8.689626455307006836e-01
6.543413400650024414e-01
9.242238998413085938e-01
4.823037981986999512e-01
9.675905704498291016e-01
6.510850787162780762e-01
8.395502567291259766e-01
8.896018266677856445e-01
7.837240099906921387e-01
8.098469972610473633e-01
7.641269564628601074e-01
8.554888367652893066e-01
7.475786209106445312e-01
8.293621540069580078e-01
8.867499828338623047e-01
7.788555026054382324e-01
8.680388331413269043e-01
7.645348310470581055e-01
8.174823522567749023e-01
8.668060302734375000e-01
8.008497357368469238e-01
8.564705848693847656e-01
8.014799356460571289e-01
8.336591720581054688e-01
8.369103670120239258e-01
8.688824176788330078e-01
8.424100875854492188e-01
7.831025123596191406e-01
9.049961566925048828e-01
5.688304305076599121e-01
9.366836547851562500e-01
3.257135748863220215e-01
9.008103013038635254e-01
8.631075620651245117e-01
6.847784519195556641e-01
9.284809827804565430e-01
5.479862093925476074e-01
9.490308761596679688e-01
2.784453034400939941e-01
9.680480360984802246e-01
7.801795005798339844e-01
8.770929574966430664e-01
8.158247470855712891e-01
8.469936847686767578e-01
7.775577306747436523e-01
8.017569184303283691e-01
8.707944750785827637e-01
7.508972883224487305e-01
8.535495996475219727e-01
5.980366468429565430e-01
9.429070949554443359e-01
7.749412059783935547e-01
8.501530885696411133e-01
8.442550897598266602e-01
8.378770351409912109e-01
8.678531050682067871e-01
7.780970335006713867e-01
8.016296625137329102e-01
7.644619941711425781e-01
8.396326303482055664e-01
7.632157802581787109e-01
9.068670272827148438e-01
6.159407496452331543e-01
9.155532121658325195e-01
4.155474305152893066e-01
7.720637917518615723e-01
9.496569037437438965e-01
5.019315481185913086e-01
9.051532745361328125e-01
3.516126871109008789e-01
9.394143223762512207e-01
8.427363634109497070e-01
8.191814422607421875e-01
7.806546688079833984e-01
9.126303195953369141e-01
5.837912559509277344e-01
9.449020624160766602e-01
7.116806507110595703e-01
8.312969207763671875e-01
9.166975617408752441e-01
6.769328117370605469e-01
8.591941595077514648e-01
8.783282041549682617e-01
8.426806330680847168e-01
8.185930848121643066e-01
8.043431043624877930e-01
7.432994842529296875e-01
8.511084318161010742e-01
6.962136626243591309e-01
8.711275458335876465e-01
7.436288595199584961e-01
7.762158513069152832e-01
8.358550667762756348e-01
7.698624730110168457e-01
8.280802965164184570e-01
7.465003728866577148e-01
8.825802803039550781e-01
6.842294931411743164e-01
9.258581399917602539e-01
7.083871364593505859e-01
8.720499277114868164e-01
7.182768583297729492e-01
8.974847197532653809e-01
8.869493603706359863e-01
8.649258017539978027e-01
8.788282275199890137e-01
7.521229982376098633e-01
9.143613576889038086e-01
6.418401002883911133e-01
8.992344141006469727e-01
7.382742762565612793e-01
9.430917501449584961e-01
8.116092681884765625e-01
8.487313985824584961e-01
8.349997997283935547e-01
8.354767560958862305e-01
8.476188778877258301e-01
7.152206897735595703e-01
9.138773679733276367e-01
7.802892327308654785e-01
8.969547748565673828e-01
6.413727998733520508e-01
9.388707876205444336e-01
7.656360864639282227e-01
8.986952900886535645e-01
8.372271060943603516e-01
7.774978876113891602e-01
8.813604116439819336e-01
6.465618610382080078e-01
8.912760615348815918e-01
6.736648082733154297e-01
9.093227386474609375e-01
9.301513433456420898e-01
6.307760477066040039e-01
9.289503693580627441e-01
6.165446043014526367e-01
9.049360752105712891e-01
9.163212776184082031e-01
8.042771816253662109e-01
8.470077514648437500e-01
8.412384390830993652e-01
8.396215438842773438e-01
8.717396259307861328e-01
8.482657670974731445e-01
7.833178043365478516e-01
8.858575820922851562e-01
8.192852735519409180e-01
7.054210901260375977e-01
9.183865785598754883e-01
6.105710268020629883e-01
9.567966461181640625e-01
8.287986516952514648e-01
8.265628218650817871e-01
7.986422777175903320e-01
8.948190212249755859e-01
7.229310274124145508e-01
9.415880441665649414e-01
7.535151243209838867e-01
9.156587719917297363e-01
5.463634729385375977e-01
9.402328133583068848e-01
4.919548034667968750e-01
9.449290037155151367e-01
8.584166765213012695e-01
7.659071087837219238e-01
9.316333532333374023e-01
7.561904788017272949e-01
8.765609860420227051e-01
7.386506795883178711e-01
8.569591045379638672e-01
7.555966377258300781e-01
9.300739169120788574e-01
7.649882435798645020e-01
9.147620797157287598e-01
7.106539011001586914e-01
9.143420457839965820e-01
8.156429529190063477e-01
8.672298192977905273e-01
8.616023063659667969e-01
8.467801809310913086e-01
8.301774263381958008e-01
8.271370530128479004e-01
9.143160581588745117e-01
7.817721962928771973e-01
8.976015448570251465e-01
8.869567513465881348e-01
6.533799171447753906e-01
9.670406579971313477e-01
6.377584934234619141e-01
8.835016489028930664e-01
5.330868959426879883e-01
9.151272773742675781e-01
3.977301716804504395e-01
9.591938853263854980e-01
5.337572097778320312e-01
9.322729110717773438e-01
9.160158634185791016e-01
7.404856681823730469e-01
8.715397715568542480e-01
5.581016540527343750e-01
9.213672876358032227e-01
4.798356890678405762e-01
9.469425082206726074e-01
8.104705214500427246e-01
8.282572627067565918e-01
8.688684701919555664e-01
5.882563591003417969e-01
9.543708562850952148e-01
5.188675522804260254e-01
8.695427179336547852e-01
7.814478278160095215e-01
8.367830514907836914e-01
8.147622346878051758e-01
7.493736147880554199e-01
8.642252683639526367e-01
4.135457277297973633e-01
9.540975689888000488e-01
6.493719816207885742e-01
9.191622734069824219e-01
8.410516977310180664e-01
8.166244029998779297e-01
8.083893060684204102e-01
6.931290626525878906e-01
8.556700944900512695e-01
5.888804793357849121e-01
9.671812057495117188e-01
5.636585354804992676e-01
8.784781098365783691e-01
9.385197162628173828e-01
7.084710001945495605e-01
8.762347102165222168e-01
7.817275524139404297e-01
8.795108199119567871e-01
7.270411849021911621e-01
8.472200632095336914e-01
8.501497507095336914e-01
8.673617839813232422e-01
7.778501510620117188e-01
8.452544808387756348e-01
7.153731584548950195e-01
8.782880306243896484e-01
7.996159791946411133e-01
7.680586576461791992e-01
8.908493518829345703e-01
7.470605373382568359e-01
9.061407446861267090e-01
7.910357713699340820e-01
8.148676156997680664e-01
8.818014264106750488e-01
6.771631240844726562e-01
9.336285591125488281e-01
8.880003690719604492e-01
8.182168602943420410e-01
7.492702007293701172e-01
9.136124849319458008e-01
7.696551084518432617e-01
8.777833580970764160e-01
8.714486360549926758e-01
8.579474687576293945e-01
7.828102111816406250e-01
7.409992218017578125e-01
8.736684918403625488e-01
7.268669009208679199e-01
8.552109003067016602e-01
8.759222030639648438e-01
7.630887627601623535e-01
8.890175819396972656e-01
7.940884828567504883e-01
8.202093839645385742e-01
8.538796305656433105e-01
8.388802409172058105e-01
7.040491104125976562e-01
8.874811530113220215e-01
7.300529479980468750e-01
8.897661566734313965e-01
4.864276051521301270e-01
9.260989427566528320e-01
7.315818071365356445e-01
8.859591484069824219e-01
7.568379640579223633e-01
9.394039511680603027e-01
5.256370902061462402e-01
8.760660886764526367e-01
8.508529067039489746e-01
7.455912828445434570e-01
9.200210571289062500e-01
8.799374103546142578e-01
8.891147375106811523e-01
8.362686634063720703e-01
8.665429353713989258e-01
7.960729598999023438e-01
8.877933025360107422e-01
6.182004809379577637e-01
9.280850887298583984e-01
6.798689365386962891e-01
9.259263277053833008e-01
7.154584527015686035e-01
8.931477665901184082e-01
8.955904841423034668e-01
7.369306683540344238e-01
9.506505727767944336e-01
4.846769869327545166e-01
9.339275956153869629e-01
9.099410772323608398e-01
6.605846881866455078e-01
9.629222154617309570e-01
5.547713637351989746e-01
9.439806938171386719e-01
7.301453351974487305e-01
8.970344066619873047e-01
8.756930828094482422e-01
8.264268636703491211e-01
7.316750288009643555e-01
8.922331929206848145e-01
4.098168611526489258e-01
9.483805298805236816e-01
6.307294368743896484e-01
9.398413896560668945e-01
7.837770581245422363e-01
8.297854661941528320e-01
8.656563758850097656e-01
6.002158522605895996e-01
9.236345291137695312e-01
4.423812031745910645e-01
9.415705800056457520e-01
8.310248851776123047e-01
8.625347614288330078e-01
8.896605968475341797e-01
6.586935520172119141e-01
9.545671939849853516e-01
3.861657977104187012e-01
9.256159067153930664e-01
3.023889064788818359e-01
9.680304527282714844e-01
6.044522523880004883e-01
8.142524957656860352e-01
8.889859318733215332e-01
5.261945724487304688e-01
9.631906747817993164e-01
4.546101093292236328e-01
8.805760145187377930e-01
8.310989141464233398e-01
8.236403465270996094e-01
7.108870148658752441e-01
8.982515931129455566e-01
5.372338294982910156e-01
8.564547300338745117e-01
8.187366127967834473e-01
8.274778127670288086e-01
6.905731558799743652e-01
8.072918653488159180e-01
5.441355705261230469e-01
9.415512084960937500e-01
6.878405809402465820e-01
8.455507755279541016e-01
8.592852950096130371e-01
7.398704886436462402e-01
8.409264683723449707e-01
7.956787347793579102e-01
8.929332494735717773e-01
7.707005143165588379e-01
8.457161188125610352e-01
7.242664694786071777e-01
9.489192962646484375e-01
5.511291623115539551e-01
9.469296336174011230e-01
6.360642910003662109e-01
8.732080459594726562e-01
8.315905332565307617e-01
6.943138241767883301e-01
9.038304686546325684e-01
5.999012589454650879e-01
8.416395783424377441e-01
8.396478891372680664e-01
8.559126853942871094e-01
7.947037220001220703e-01
8.946775197982788086e-01
6.743023395538330078e-01
9.145686626434326172e-01
5.806846022605895996e-01
9.199872016906738281e-01
2.369061857461929321e-01
9.387628436088562012e-01
9.431774616241455078e-01
8.017415404319763184e-01
8.407025337219238281e-01
8.725141286849975586e-01
5.521176457405090332e-01
9.341832399368286133e-01
4.289248287677764893e-01
9.119562506675720215e-01
8.014006614685058594e-01
8.121504783630371094e-01
9.392745494842529297e-01
6.774271726608276367e-01
8.419340252876281738e-01
6.622352600097656250e-01
8.911341428756713867e-01
6.787478327751159668e-01
8.036807775497436523e-01
8.317995071411132812e-01
8.170889616012573242e-01
8.245147466659545898e-01
8.667205572128295898e-01
8.289997577667236328e-01
7.247567176818847656e-01
8.062372207641601562e-01
8.117642402648925781e-01
7.710621953010559082e-01
9.087391495704650879e-01
7.351806163787841797e-01
8.335454463958740234e-01
9.471486806869506836e-01
8.059747219085693359e-01
7.945832014083862305e-01
8.591482639312744141e-01
7.069496512413024902e-01
9.526431560516357422e-01
6.445695161819458008e-01
9.469923973083496094e-01
8.522605299949645996e-01
7.975481748580932617e-01
8.868219852447509766e-01
7.373234033584594727e-01
8.001407384872436523e-01
8.723963499069213867e-01
7.006245851516723633e-01
9.029372930526733398e-01
7.926989197731018066e-01
8.040097951889038086e-01
8.769506216049194336e-01
7.452309131622314453e-01
9.087898731231689453e-01
6.112933754920959473e-01
9.319696426391601562e-01
8.663984537124633789e-01
8.115493059158325195e-01
8.987772464752197266e-01
8.665537834167480469e-01
7.316577434539794922e-01
9.137651920318603516e-01
7.294503450393676758e-01
8.684631586074829102e-01
8.230352997779846191e-01
8.784168362617492676e-01
8.330029249191284180e-01
6.919144392013549805e-01
8.862050175666809082e-01
4.942613840103149414e-01
9.357022047042846680e-01
8.445653319358825684e-01
8.797819614410400391e-01
8.841592073440551758e-01
7.465007305145263672e-01
8.068377375602722168e-01
6.400427222251892090e-01
9.561768770217895508e-01
4.025124907493591309e-01
9.333773851394653320e-01
9.546250700950622559e-01
6.591230034828186035e-01
9.118962287902832031e-01
4.742270708084106445e-01
9.510251283645629883e-01
2.774234712123870850e-01
9.819167852401733398e-01
3.980625271797180176e-01
9.140264987945556641e-01
5.154614448547363281e-01
9.272841215133666992e-01
4.608682990074157715e-01
9.000263214111328125e-01
6.910951137542724609e-01
7.874190211296081543e-01
7.360052466392517090e-01
7.920837402343750000e-01
6.875010132789611816e-01
8.875911831855773926e-01
5.630523562431335449e-01
9.092411994934082031e-01
7.316967248916625977e-01
8.910172581672668457e-01
8.045942783355712891e-01
7.716603279113769531e-01
8.568210005760192871e-01
5.730333924293518066e-01
9.062263965606689453e-01
5.524199604988098145e-01
8.480056524276733398e-01
8.490511178970336914e-01
8.204064369201660156e-01
8.468627929687500000e-01
8.557693958282470703e-01
8.041367530822753906e-01
7.762069702148437500e-01
8.794546127319335938e-01
6.451156735420227051e-01
9.275919198989868164e-01
8.335168361663818359e-01
7.533863782882690430e-01
8.503860235214233398e-01
7.532596588134765625e-01
8.154506087303161621e-01
7.985889911651611328e-01
7.741336226463317871e-01
8.563722968101501465e-01
7.883189916610717773e-01
7.664353251457214355e-01
8.664301633834838867e-01
7.959932684898376465e-01
7.919954657554626465e-01
8.618705272674560547e-01
7.585844397544860840e-01
8.081188201904296875e-01
7.853016257286071777e-01
8.193697929382324219e-01
9.078383445739746094e-01
8.420967459678649902e-01
8.353940248489379883e-01
8.010480999946594238e-01
7.668395042419433594e-01
8.902146220207214355e-01
8.143774271011352539e-01
7.911443114280700684e-01
8.719875812530517578e-01
7.923346161842346191e-01
7.331206798553466797e-01
9.020298719406127930e-01
7.259050607681274414e-01
8.229040503501892090e-01
8.945379853248596191e-01
7.450724840164184570e-01
8.821741342544555664e-01
9.028344750404357910e-01
7.986881732940673828e-01
7.577838301658630371e-01
8.612528443336486816e-01
7.250189781188964844e-01
9.232324361801147461e-01
7.031707763671875000e-01
8.248872756958007812e-01
7.527933716773986816e-01
8.860539793968200684e-01
8.130153417587280273e-01
8.049669265747070312e-01
8.601498603820800781e-01
7.399317026138305664e-01
8.636031150817871094e-01
8.322383165359497070e-01
7.568694353103637695e-01
8.309565186500549316e-01
8.558037281036376953e-01
6.893215179443359375e-01
9.411628246307373047e-01
3.948900103569030762e-01
9.481461048126220703e-01
7.116284966468811035e-01
8.122975826263427734e-01
9.398320317268371582e-01
6.925990581512451172e-01
9.049963355064392090e-01
5.405580997467041016e-01
9.362147450447082520e-01
7.713419198989868164e-01
8.075660467147827148e-01
8.690692186355590820e-01
4.685068726539611816e-01
9.691667556762695312e-01
4.624705910682678223e-01
9.297237396240234375e-01
7.496517896652221680e-01
8.458512425422668457e-01
6.967124938964843750e-01
9.438927173614501953e-01
4.551604688167572021e-01
9.631753563880920410e-01
5.119662284851074219e-01
9.509600400924682617e-01
6.349513530731201172e-01
8.036828041076660156e-01
9.557536840438842773e-01
6.419248580932617188e-01
8.821211457252502441e-01
5.427523851394653320e-01
8.685623407363891602e-01
5.598524212837219238e-01
9.455297589302062988e-01
6.190580129623413086e-01
9.156380891799926758e-01
6.991424560546875000e-01
8.310948610305786133e-01
9.050470590591430664e-01
8.146616220474243164e-01
8.074275851249694824e-01
8.689076304435729980e-01
7.921726107597351074e-01
7.516300678253173828e-01
9.045959711074829102e-01
7.164649367332458496e-01
9.445835947990417480e-01
7.651263475418090820e-01
8.084123730659484863e-01
8.651399016380310059e-01
7.029780149459838867e-01
7.919943332672119141e-01
7.537508606910705566e-01
8.404598236083984375e-01
8.914264440536499023e-01
7.697743177413940430e-01
8.710122108459472656e-01
6.365100145339965820e-01
9.178830981254577637e-01
8.373899459838867188e-01
8.086073398590087891e-01
9.019533395767211914e-01
7.861365079879760742e-01
8.391798138618469238e-01
9.364295005798339844e-01
7.749989032745361328e-01
8.631062507629394531e-01
8.784274458885192871e-01
7.236678600311279297e-01
9.064429998397827148e-01
6.550991535186767578e-01
8.815963268280029297e-01
8.178910017013549805e-01
9.022082090377807617e-01
7.786501646041870117e-01
8.933941125869750977e-01
8.690565228462219238e-01
7.989786863327026367e-01
8.470664024353027344e-01
7.372412681579589844e-01
8.733556866645812988e-01
7.697625160217285156e-01
7.670625448226928711e-01
9.591070413589477539e-01
5.752283334732055664e-01
9.153559207916259766e-01
8.435274362564086914e-01
8.078787326812744141e-01
8.127405643463134766e-01
8.388315439224243164e-01
7.358379960060119629e-01
9.027593731880187988e-01
5.392322540283203125e-01
9.691205024719238281e-01
5.943236947059631348e-01
9.065406322479248047e-01
3.262245655059814453e-01
9.859006404876708984e-01
2.755084931850433350e-01
9.743344187736511230e-01
7.544244527816772461e-01
8.747130036354064941e-01
7.047433853149414062e-01
8.647806644439697266e-01
7.094620466232299805e-01
8.693705797195434570e-01
7.663229703903198242e-01
8.378129005432128906e-01
6.506515741348266602e-01
9.243595004081726074e-01
4.590637087821960449e-01
9.717016220092773438e-01
6.418654918670654297e-01
9.089499711990356445e-01
8.407111167907714844e-01
6.021576523780822754e-01
8.467440605163574219e-01
4.824090003967285156e-01
9.173253774642944336e-01
6.386262178421020508e-01
8.974425792694091797e-01
8.030612468719482422e-01
8.424156904220581055e-01
6.407459974288940430e-01
8.461889624595642090e-01
6.955445408821105957e-01
8.830578327178955078e-01
6.643511056900024414e-01
9.229266643524169922e-01
7.184559106826782227e-01
9.147304296493530273e-01
8.487392663955688477e-01
7.591934800148010254e-01
8.969476222991943359e-01
7.515941858291625977e-01
8.094048500061035156e-01
7.609479427337646484e-01
7.715091705322265625e-01
8.293288946151733398e-01
7.890413999557495117e-01
8.823767304420471191e-01
7.407539486885070801e-01
8.096377253532409668e-01
8.505377769470214844e-01
8.373881578445434570e-01
8.503237962722778320e-01
7.743808627128601074e-01
8.713868260383605957e-01
7.131981849670410156e-01
8.511054515838623047e-01
7.303408384323120117e-01
8.930574655532836914e-01
7.851550579071044922e-01
7.949380874633789062e-01
8.977906703948974609e-01
7.370512485504150391e-01
8.610270023345947266e-01
8.244317173957824707e-01
8.381955623626708984e-01
8.458386659622192383e-01
7.684822082519531250e-01
8.629808425903320312e-01
6.660161018371582031e-01
9.526281952857971191e-01
3.891941905021667480e-01
9.677860736846923828e-01
4.614261388778686523e-01
9.808277487754821777e-01
7.198330163955688477e-01
8.780691623687744141e-01
8.415296673774719238e-01
7.008494138717651367e-01
8.808043599128723145e-01
5.629368424415588379e-01
9.479639530181884766e-01
9.239303469657897949e-01
7.440959215164184570e-01
9.104352593421936035e-01
5.346319675445556641e-01
9.524407386779785156e-01
6.491454839706420898e-01
8.728401660919189453e-01
8.525310754776000977e-01
8.262966275215148926e-01
7.481840252876281738e-01
9.041934013366699219e-01
3.857264816761016846e-01
9.789853096008300781e-01
3.906865119934082031e-01
9.738658070564270020e-01
9.053906202316284180e-01
7.693048715591430664e-01
9.117341041564941406e-01
5.499567389488220215e-01
8.755083084106445312e-01
5.769151449203491211e-01
9.328005909919738770e-01
6.929790973663330078e-01
8.893055915832519531e-01
8.949816226959228516e-01
8.352799415588378906e-01
7.056431174278259277e-01
8.778840303421020508e-01
7.726033926010131836e-01
8.376816511154174805e-01
8.318313360214233398e-01
7.791094183921813965e-01
7.857519984245300293e-01
9.229448437690734863e-01
6.698454618453979492e-01
9.124004840850830078e-01
8.589787483215332031e-01
8.498458862304687500e-01
8.411397933959960938e-01
7.861622571945190430e-01
8.960524797439575195e-01
6.595202684402465820e-01
9.163715839385986328e-01
7.735460996627807617e-01
8.762175440788269043e-01
8.524911403656005859e-01
7.969886064529418945e-01
8.640307188034057617e-01
7.858394384384155273e-01
9.397956132888793945e-01
6.823906302452087402e-01
9.138463735580444336e-01
8.844112157821655273e-01
7.001665830612182617e-01
9.480392932891845703e-01
5.736744999885559082e-01
9.213017225265502930e-01
9.068328738212585449e-01
6.357149481773376465e-01
9.369497895240783691e-01
7.000079154968261719e-01
8.849738240242004395e-01
7.396686077117919922e-01
8.561643362045288086e-01
6.637754440307617188e-01
9.246733784675598145e-01
6.739451885223388672e-01
8.934752345085144043e-01
7.463084459304809570e-01
9.218698740005493164e-01
7.083973288536071777e-01
9.208400249481201172e-01
6.755933761596679688e-01
9.433069229125976562e-01
7.597279548645019531e-01
8.835037946701049805e-01
8.379659652709960938e-01
7.336456775665283203e-01
8.904147744178771973e-01
6.146255731582641602e-01
8.950813412666320801e-01
8.818640112876892090e-01
7.831419706344604492e-01
8.786864280700683594e-01
8.622926473617553711e-01
8.623639345169067383e-01
7.958789467811584473e-01
8.423069715499877930e-01
8.859081864356994629e-01
6.748921275138854980e-01
9.250756502151489258e-01
6.380882263183593750e-01
9.549102783203125000e-01
1.846920847892761230e-01
9.500713348388671875e-01
2.894602417945861816e-01
9.773812294006347656e-01
3.870841264724731445e-01
8.968117237091064453e-01
7.320569753646850586e-01
7.992653846740722656e-01
6.682638525962829590e-01
8.334876894950866699e-01
5.511882901191711426e-01
9.290739297866821289e-01
6.778305172920227051e-01
7.990093231201171875e-01
9.004563093185424805e-01
3.116306662559509277e-01
9.735084176063537598e-01
6.299148797988891602e-01
8.071516752243041992e-01
8.920477628707885742e-01
5.086883902549743652e-01
8.866783380508422852e-01
7.772113680839538574e-01
9.089260101318359375e-01
6.779231429100036621e-01
8.395618200302124023e-01
7.423417568206787109e-01
8.477582335472106934e-01
6.575047373771667480e-01
8.583351373672485352e-01
8.122459053993225098e-01
8.383577466011047363e-01
8.146708011627197266e-01
7.676162719726562500e-01
7.146062850952148438e-01
8.878673315048217773e-01
7.158408164978027344e-01
8.606725931167602539e-01
7.318146228790283203e-01
8.069667816162109375e-01
8.609776496887207031e-01
7.048344612121582031e-01
8.404034972190856934e-01
7.761219739913940430e-01
7.232136130332946777e-01
8.968553543090820312e-01
7.111437916755676270e-01
8.491810560226440430e-01
8.339796066284179688e-01
8.232475519180297852e-01
7.842971086502075195e-01
8.142002820968627930e-01
8.811191320419311523e-01
5.706793069839477539e-01
9.163041114807128906e-01
7.602301836013793945e-01
8.328951597213745117e-01
8.664196133613586426e-01
7.773386240005493164e-01
9.055542945861816406e-01
6.523081064224243164e-01
8.069160580635070801e-01
8.173755407333374023e-01
8.249825239181518555e-01
8.499500751495361328e-01
8.444378376007080078e-01
8.238632082939147949e-01
7.864472866058349609e-01
9.154146313667297363e-01
5.678026676177978516e-01
9.244626760482788086e-01
7.867887020111083984e-01
7.641928791999816895e-01
9.292765259742736816e-01
6.564987897872924805e-01
9.013208150863647461e-01
8.112077713012695312e-01
8.267319202423095703e-01
7.731560468673706055e-01
9.044245481491088867e-01
6.111135482788085938e-01
8.582331538200378418e-01
8.985152244567871094e-01
5.878510475158691406e-01
9.506874084472656250e-01
7.817261815071105957e-01
9.159615635871887207e-01
7.878373861312866211e-01
8.505581617355346680e-01
8.216174840927124023e-01
7.954275012016296387e-01
9.398904442787170410e-01
7.280626893043518066e-01
8.924419879913330078e-01
8.654642701148986816e-01
6.550862789154052734e-01
9.634847640991210938e-01
4.670203626155853271e-01
9.556725621223449707e-01
5.420616865158081055e-01
8.793581724166870117e-01
7.618963718414306641e-01
8.066102266311645508e-01
7.678239345550537109e-01
8.659442067146301270e-01
7.823952436447143555e-01
9.101933836936950684e-01
8.357408046722412109e-01
8.095697164535522461e-01
8.145927786827087402e-01
6.835618019104003906e-01
9.523504972457885742e-01
5.098664164543151855e-01
9.046660661697387695e-01
7.330437898635864258e-01
8.935722112655639648e-01
8.670589923858642578e-01
8.705974817276000977e-01
6.646124720573425293e-01
8.417268991470336914e-01
4.962406456470489502e-01
9.769881963729858398e-01
6.927862167358398438e-01
9.044709205627441406e-01
8.283486366271972656e-01
8.317388296127319336e-01
7.657822966575622559e-01
8.000841736793518066e-01
8.530653119087219238e-01
7.938613891601562500e-01
8.956593275070190430e-01
7.418426275253295898e-01
8.847471475601196289e-01
6.649377942085266113e-01
9.523515701293945312e-01
5.973635911941528320e-01
9.633449912071228027e-01
7.312400341033935547e-01
8.662399053573608398e-01
9.250362515449523926e-01
7.318080067634582520e-01
7.849941849708557129e-01
9.372813701629638672e-01
6.673098802566528320e-01
8.663012981414794922e-01
8.555147647857666016e-01
8.991711139678955078e-01
5.746126174926757812e-01
9.683839082717895508e-01
4.606189131736755371e-01
9.306163787841796875e-01
5.808291435241699219e-01
9.407426118850708008e-01
4.602772891521453857e-01
9.359027147293090820e-01
7.389932870864868164e-01
8.063513636589050293e-01
8.514312505722045898e-01
7.399287223815917969e-01
8.922292590141296387e-01
6.972179412841796875e-01
9.358389377593994141e-01
6.831981539726257324e-01
8.723905682563781738e-01
6.899736523628234863e-01
8.157924413681030273e-01
7.787517309188842773e-01
7.804883122444152832e-01
8.749989271163940430e-01
7.369220256805419922e-01
9.148513078689575195e-01
6.946071386337280273e-01
9.572592377662658691e-01
6.443721652030944824e-01
9.471825361251831055e-01
7.691243886947631836e-01
9.493193626403808594e-01
7.916157245635986328e-01
8.000742197036743164e-01
8.174902796745300293e-01
9.401959776878356934e-01
8.608816862106323242e-01
5.791716575622558594e-01
9.306482672691345215e-01
5.288943052291870117e-01
9.519470334053039551e-01
6.809362769126892090e-01
9.430446028709411621e-01
7.373679876327514648e-01
8.917167186737060547e-01
7.537350654602050781e-01
8.873692154884338379e-01
6.340197324752807617e-01
9.193301796913146973e-01
7.953944206237792969e-01
8.513117432594299316e-01
8.475832939147949219e-01
8.281776309013366699e-01
8.058643341064453125e-01
9.148114323616027832e-01
6.726475954055786133e-01
9.385552406311035156e-01
6.646617650985717773e-01
8.998483419418334961e-01
6.674051284790039062e-01
9.582895636558532715e-01
7.558345198631286621e-01
8.482948541641235352e-01
8.113992214202880859e-01
8.963675498962402344e-01
8.366661071777343750e-01
7.772340774536132812e-01
8.389549255371093750e-01
6.411119103431701660e-01
9.641421437263488770e-01
7.229197025299072266e-01
8.709506988525390625e-01
9.203217029571533203e-01
5.885573029518127441e-01
8.868612647056579590e-01
6.383022069931030273e-01
8.667776584625244141e-01
7.272037267684936523e-01
8.908644318580627441e-01
9.308533072471618652e-01
5.987697839736938477e-01
9.076517224311828613e-01
7.738159298896789551e-01
8.664535284042358398e-01
8.983412981033325195e-01
7.814425230026245117e-01
9.352759718894958496e-01
4.719756245613098145e-01
9.737403392791748047e-01
3.839651942253112793e-01
9.829671382904052734e-01
6.591019630432128906e-01
9.627542495727539062e-01
5.978779792785644531e-01
9.364755153656005859e-01
5.708963871002197266e-01
8.847895860671997070e-01
8.397388458251953125e-01
8.230418562889099121e-01
8.844026923179626465e-01
8.847258090972900391e-01
7.627190351486206055e-01
8.340609669685363770e-01
8.777171373367309570e-01
6.014657616615295410e-01
8.484580516815185547e-01
9.184059500694274902e-01
6.962916851043701172e-01
8.868898153305053711e-01
7.234960794448852539e-01
8.677834272384643555e-01
5.498665571212768555e-01
9.498013257980346680e-01
5.182009935379028320e-01
9.626473784446716309e-01
5.588061213493347168e-01
8.629943728446960449e-01
8.814939260482788086e-01
8.023266792297363281e-01
8.819848895072937012e-01
6.980409026145935059e-01
8.903487324714660645e-01
5.759438276290893555e-01
9.217845201492309570e-01
6.559454798698425293e-01
9.056732654571533203e-01
7.203005552291870117e-01
8.336387276649475098e-01
8.697481155395507812e-01
8.196947574615478516e-01
8.052095174789428711e-01
8.462896347045898438e-01
8.326084613800048828e-01
8.710547685623168945e-01
7.669556140899658203e-01
8.262305259704589844e-01
7.742121219635009766e-01
8.721141815185546875e-01
8.662706017494201660e-01
7.860480546951293945e-01
8.376536369323730469e-01
9.152389764785766602e-01
6.775333881378173828e-01
8.999438285827636719e-01
4.382573366165161133e-01
9.549659490585327148e-01
6.878156661987304688e-01
9.369599223136901855e-01
8.429331183433532715e-01
9.201954603195190430e-01
8.102169632911682129e-01
8.448033332824707031e-01
7.475538253784179688e-01
9.431109428405761719e-01
3.810487389564514160e-01
9.852506518363952637e-01
4.525884687900543213e-01
9.387576580047607422e-01
9.001801013946533203e-01
8.301406502723693848e-01
8.137846589088439941e-01
9.237006902694702148e-01
7.757885456085205078e-01
9.080258607864379883e-01
7.018340826034545898e-01
8.531307578086853027e-01
7.087617516517639160e-01
9.225189685821533203e-01
7.412694692611694336e-01
8.939243555068969727e-01
8.419305682182312012e-01
7.489687800407409668e-01
9.216265678405761719e-01
7.373222112655639648e-01
8.859174251556396484e-01
9.071284532546997070e-01
6.429268121719360352e-01
9.488970041275024414e-01
5.977002382278442383e-01
9.329241514205932617e-01
5.892150998115539551e-01
9.489983320236206055e-01
8.617169857025146484e-01
7.401219606399536133e-01
8.602733612060546875e-01
8.760553598403930664e-01
7.812702059745788574e-01
8.582812547683715820e-01
7.075397968292236328e-01
8.596485853195190430e-01
6.227148771286010742e-01
9.005317687988281250e-01
8.849946260452270508e-01
7.035672664642333984e-01
9.617618918418884277e-01
4.963867366313934326e-01
9.457692503929138184e-01
8.681478500366210938e-01
6.914701461791992188e-01
9.471375942230224609e-01
2.393640130758285522e-01
9.306879639625549316e-01
5.507863759994506836e-01
9.810944199562072754e-01
4.648299217224121094e-01
8.980388641357421875e-01
2.881323099136352539e-01
9.482524394989013672e-01
7.162060737609863281e-01
7.833985090255737305e-01
8.554523587226867676e-01
7.149310708045959473e-01
7.810434103012084961e-01
8.657118678092956543e-01
4.748623669147491455e-01
9.393682479858398438e-01
6.810770630836486816e-01
9.161664247512817383e-01
4.993586540222167969e-01
9.414097666740417480e-01
8.597576618194580078e-01
8.085144162178039551e-01
7.269142270088195801e-01
8.905163407325744629e-01
6.439723968505859375e-01
9.159539937973022461e-01
4.047660827636718750e-01
9.455410242080688477e-01
5.884928703308105469e-01
9.395083189010620117e-01
5.906404852867126465e-01
8.837540149688720703e-01
7.198007702827453613e-01
8.698556423187255859e-01
7.238245010375976562e-01
7.940669655799865723e-01
8.786581158638000488e-01
6.903915405273437500e-01
8.614636659622192383e-01
7.462437152862548828e-01
8.199917674064636230e-01
8.056675195693969727e-01
8.115622997283935547e-01
7.442889213562011719e-01
8.118696212768554688e-01
7.337930202484130859e-01
8.714663982391357422e-01
6.355956792831420898e-01
9.284860491752624512e-01
5.862675309181213379e-01
9.513722658157348633e-01
9.013047218322753906e-01
8.993670344352722168e-01
7.598417997360229492e-01
8.840134143829345703e-01
7.094104290008544922e-01
8.891136646270751953e-01
8.570208549499511719e-01
8.144826889038085938e-01
8.357315659523010254e-01
8.699107766151428223e-01
7.025395631790161133e-01
8.903015851974487305e-01
6.863257884979248047e-01
9.140991568565368652e-01
7.286849021911621094e-01
8.851741552352905273e-01
7.819727063179016113e-01
8.395704030990600586e-01
8.342805504798889160e-01
8.782989978790283203e-01
3.825205862522125244e-01
9.816477298736572266e-01
6.240694522857666016e-01
9.236618876457214355e-01
9.627697467803955078e-01
7.217152714729309082e-01
6.947931051254272461e-01
9.794287681579589844e-01
4.221813380718231201e-01
9.608260393142700195e-01
8.680262565612792969e-01
7.509800195693969727e-01
9.342893958091735840e-01
7.647083997726440430e-01
8.414611220359802246e-01
8.655590415000915527e-01
7.199600338935852051e-01
7.868956923484802246e-01
9.094219207763671875e-01
6.748985052108764648e-01
9.492713212966918945e-01
8.684906363487243652e-01
7.621421217918395996e-01
8.216294646263122559e-01
8.137987852096557617e-01
8.001921772956848145e-01
8.766230344772338867e-01
8.812854290008544922e-01
8.743588924407958984e-01
7.718309760093688965e-01
9.328622817993164062e-01
6.898928880691528320e-01
8.810932040214538574e-01
8.055107593536376953e-01
8.227444291114807129e-01
8.669863939285278320e-01
8.590166568756103516e-01
8.098465204238891602e-01
8.491223454475402832e-01
8.154566884040832520e-01
8.950402736663818359e-01
6.928968429565429688e-01
9.446438550949096680e-01
4.165956974029541016e-01
9.670051932334899902e-01
2.190603315830230713e-02
9.627525806427001953e-01
2.689165174961090088e-01
9.650433063507080078e-01
5.534006357192993164e-01
8.173487782478332520e-01
8.698836565017700195e-01
6.430553197860717773e-01
8.360779285430908203e-01
6.605532765388488770e-01
9.042102694511413574e-01
7.241718173027038574e-01
8.002295494079589844e-01
8.631514906883239746e-01
6.148884296417236328e-01
9.150418043136596680e-01
5.020985007286071777e-01
9.501004815101623535e-01
4.132457971572875977e-01
9.106491804122924805e-01
6.984323263168334961e-01
8.325843811035156250e-01
7.523220777511596680e-01
8.697372674942016602e-01
7.294045686721801758e-01
8.072627782821655273e-01
9.157321453094482422e-01
6.547543406486511230e-01
8.742610216140747070e-01
5.461164116859436035e-01
8.730846643447875977e-01
8.961828947067260742e-01
7.670421600341796875e-01
7.060641050338745117e-01
9.105308055877685547e-01
6.318609714508056641e-01
8.433444499969482422e-01
8.202500343322753906e-01
7.799999117851257324e-01
8.341455459594726562e-01
7.319813966751098633e-01
8.592780828475952148e-01
5.377687811851501465e-01
9.372463226318359375e-01
7.386044263839721680e-01
9.292644262313842773e-01
7.946202158927917480e-01
7.647857666015625000e-01
8.216737508773803711e-01
7.987744808197021484e-01
7.898292541503906250e-01
9.129300117492675781e-01
7.959192991256713867e-01
8.717355728149414062e-01
8.922545313835144043e-01
6.937903165817260742e-01
9.007020592689514160e-01
7.190514802932739258e-01
8.876081705093383789e-01
6.668431758880615234e-01
9.083927273750305176e-01
6.853380203247070312e-01
8.808245658874511719e-01
8.442923426628112793e-01
6.846923232078552246e-01
9.300146102905273438e-01
6.876557469367980957e-01
8.689066767692565918e-01
8.016878366470336914e-01
8.492663502693176270e-01
8.067650794982910156e-01
8.467036485671997070e-01
7.906697988510131836e-01
8.086045980453491211e-01
8.015828728675842285e-01
8.497418165206909180e-01
8.973156213760375977e-01
7.792189121246337891e-01
8.725679516792297363e-01
8.641157150268554688e-01
7.153528928756713867e-01
9.522277116775512695e-01
7.712752819061279297e-01
7.832823991775512695e-01
9.411479234695434570e-01
6.543836593627929688e-01
8.070760369300842285e-01
9.350920319557189941e-01
5.962873697280883789e-01
9.022483229637145996e-01
6.856252551078796387e-01
7.933994531631469727e-01
9.509308338165283203e-01
6.295005679130554199e-01
9.004948139190673828e-01
8.746559023857116699e-01
8.243107199668884277e-01
8.056408166885375977e-01
8.835822343826293945e-01
8.775775432586669922e-01
8.020501732826232910e-01
8.818777799606323242e-01
8.625195026397705078e-01
7.965312004089355469e-01
7.988354563713073730e-01
9.279814362525939941e-01
5.629901885986328125e-01
9.569703340530395508e-01
7.329311370849609375e-01
8.438758850097656250e-01
7.673708200454711914e-01
8.742346763610839844e-01
9.058614373207092285e-01
7.584540843963623047e-01
9.144065380096435547e-01
6.677778959274291992e-01
9.028775691986083984e-01
7.050274610519409180e-01
9.376956820487976074e-01
9.299862980842590332e-01
7.168326973915100098e-01
9.050190448760986328e-01
7.159184217453002930e-01
8.890651464462280273e-01
8.877919316291809082e-01
7.948376536369323730e-01
8.587903976440429688e-01
6.907363533973693848e-01
9.495902061462402344e-01
5.716096162796020508e-01
9.660872817039489746e-01
7.233570814132690430e-01
8.285660743713378906e-01
5.789494514465332031e-01
9.124323129653930664e-01
4.318395256996154785e-01
9.771333932876586914e-01
1.774102747440338135e-01
9.085500836372375488e-01
7.326720356941223145e-01
7.831663489341735840e-01
7.857873439788818359e-01
6.818016767501831055e-01
8.851966857910156250e-01
3.602201640605926514e-01
9.920750856399536133e-01
1.361003071069717407e-01
9.678764343261718750e-01
7.347175478935241699e-01
6.856181621551513672e-01
8.573240637779235840e-01
7.150377035140991211e-01
6.777428388595581055e-01
8.500607609748840332e-01
6.183257102966308594e-01
8.373793363571166992e-01
7.561980485916137695e-01
7.667684555053710938e-01
8.684151768684387207e-01
6.730983257293701172e-01
9.247379302978515625e-01
6.078234910964965820e-01
8.677190542221069336e-01
8.478662967681884766e-01
5.888891220092773438e-01
9.115310311317443848e-01
5.901051759719848633e-01
9.242435097694396973e-01
8.984858393669128418e-01
8.244577646255493164e-01
8.139133453369140625e-01
8.637580871582031250e-01
4.746594727039337158e-01
8.048277497291564941e-01
8.221904039382934570e-01
6.777703762054443359e-01
9.221732020378112793e-01
7.306281328201293945e-01
7.819839715957641602e-01
9.291412830352783203e-01
7.758110761642456055e-01
8.817040920257568359e-01
7.224063873291015625e-01
8.383674621582031250e-01
8.112823963165283203e-01
7.628644704818725586e-01
8.025084733963012695e-01
7.062712907791137695e-01
9.080808758735656738e-01
7.753982543945312500e-01
8.785107731819152832e-01
8.853850364685058594e-01
6.249684095382690430e-01
9.124302268028259277e-01
6.200592517852783203e-01
8.392306566238403320e-01
9.469451904296875000e-01
7.487769126892089844e-01
8.227908611297607422e-01
9.088914990425109863e-01
7.011393904685974121e-01
9.387297034263610840e-01
7.963107824325561523e-01
8.507868647575378418e-01
8.880900740623474121e-01
8.261123895645141602e-01
7.581382989883422852e-01
8.766925930976867676e-01
7.335569858551025391e-01
8.849173188209533691e-01
8.970861434936523438e-01
7.888371944427490234e-01
8.826873302459716797e-01
7.933378219604492188e-01
9.292957782745361328e-01
5.836115479469299316e-01
9.211900234222412109e-01
8.625915646553039551e-01
7.665264606475830078e-01
8.871520757675170898e-01
8.786214590072631836e-01
8.141077160835266113e-01
6.743454933166503906e-01
9.448181390762329102e-01
5.829197168350219727e-01
8.974281549453735352e-01
7.702196836471557617e-01
8.793346881866455078e-01
7.854564189910888672e-01
8.880236744880676270e-01
6.737701296806335449e-01
9.533672332763671875e-01
7.680661678314208984e-01
8.376219272613525391e-01
8.309811353683471680e-01
7.745051980018615723e-01
8.952257633209228516e-01
8.226318955421447754e-01
6.297185420989990234e-01
9.250731468200683594e-01
6.363635063171386719e-01
8.630831241607666016e-01
9.150280952453613281e-01
8.344847559928894043e-01
7.381440997123718262e-01
9.051197171211242676e-01
6.872711181640625000e-01
9.428959488868713379e-01
8.335165977478027344e-01
8.346992135047912598e-01
9.548152685165405273e-01
7.167800664901733398e-01
8.593270182609558105e-01
8.319122195243835449e-01
6.615779995918273926e-01
9.565681219100952148e-01
6.596562266349792480e-01
8.900073766708374023e-01
8.533778190612792969e-01
6.543530821800231934e-01
9.404793977737426758e-01
5.790339112281799316e-01
9.736325740814208984e-01
3.345009684562683105e-01
9.459950923919677734e-01
6.056409478187561035e-01
8.686911463737487793e-01
8.624923229217529297e-01
7.067536115646362305e-01
8.973782062530517578e-01
5.593437552452087402e-01
9.334088563919067383e-01
5.988910198211669922e-01
8.567901253700256348e-01
9.200533628463745117e-01
7.347795963287353516e-01
8.392766714096069336e-01
8.091461062431335449e-01
7.442369461059570312e-01
8.613463044166564941e-01
6.603828668594360352e-01
9.318093061447143555e-01
8.011517524719238281e-01
8.467653989791870117e-01
8.664068579673767090e-01
8.376715183258056641e-01
8.737058639526367188e-01
8.651016950607299805e-01
8.465718030929565430e-01
8.082934617996215820e-01
8.418846726417541504e-01
7.894351482391357422e-01
7.843835949897766113e-01
7.057330608367919922e-01
9.276651144027709961e-01
7.153846025466918945e-01
7.724115252494812012e-01
9.434577822685241699e-01
7.267529964447021484e-01
9.416373372077941895e-01
7.871682047843933105e-01
8.339080810546875000e-01
8.767561912536621094e-01
9.438304901123046875e-01
7.447278499603271484e-01
7.114242315292358398e-01
9.560873508453369141e-01
4.568125605583190918e-01
9.612113237380981445e-01
7.746839523315429688e-01
8.235448598861694336e-01
9.236176013946533203e-01
8.894743919372558594e-01
7.694129943847656250e-01
9.118421077728271484e-01
8.703842163085937500e-01
8.058762550354003906e-01
9.279160499572753906e-01
5.738275051116943359e-01
9.154585599899291992e-01
9.333073496818542480e-01
7.616815567016601562e-01
8.706853389739990234e-01
8.724757432937622070e-01
7.122207880020141602e-01
8.834657669067382812e-01
7.239553928375244141e-01
8.975679874420166016e-01
8.439873456954956055e-01
8.165256977081298828e-01
8.188052177429199219e-01
9.074341058731079102e-01
6.936842799186706543e-01
9.759239554405212402e-01
4.064925909042358398e-01
9.652499556541442871e-01
1.261665523052215576e-01
9.608849287033081055e-01
5.880806446075439453e-01
9.093521833419799805e-01
5.753739476203918457e-01
9.323158860206604004e-01
7.544826269149780273e-01
8.505876660346984863e-01
4.396504163742065430e-01
9.504601955413818359e-01
5.997735261917114258e-01
9.248609542846679688e-01
6.250386238098144531e-01
8.827356696128845215e-01
6.242889165878295898e-01
8.816300630569458008e-01
8.857698440551757812e-01
6.505759358406066895e-01
8.934041261672973633e-01
5.878471136093139648e-01
8.935396671295166016e-01
7.914909124374389648e-01
7.964720129966735840e-01
8.151837587356567383e-01
6.734027862548828125e-01
8.251088261604309082e-01
8.863327503204345703e-01
6.308412551879882812e-01
9.170241355895996094e-01
8.053556084632873535e-01
8.189778327941894531e-01
7.912654280662536621e-01
8.089419007301330566e-01
8.602286577224731445e-01
7.315793037414550781e-01
9.216742515563964844e-01
5.272985100746154785e-01
9.563580751419067383e-01
8.020396232604980469e-01
8.806241750717163086e-01
8.834699988365173340e-01
7.499504089355468750e-01
7.591782808303833008e-01
7.495411634445190430e-01
9.075719118118286133e-01
7.297650575637817383e-01
8.491393327713012695e-01
7.539032697677612305e-01
9.130363464355468750e-01
5.732871294021606445e-01
9.031742215156555176e-01
8.513283729553222656e-01
8.833413124084472656e-01
7.246043682098388672e-01
8.906046748161315918e-01
7.566003799438476562e-01
5.584198236465454102e-01
9.446180462837219238e-01
4.202801585197448730e-01
9.651201963424682617e-01
7.234636545181274414e-01
9.247551560401916504e-01
5.833546519279479980e-01
9.269882440567016602e-01
3.232118785381317139e-01
8.312211632728576660e-01
8.939544558525085449e-01
5.804252624511718750e-01
8.871361613273620605e-01
7.179707288742065430e-01
9.046746492385864258e-01
7.471063137054443359e-01
8.498557806015014648e-01
8.649387359619140625e-01
6.817916035652160645e-01
9.196352958679199219e-01
7.162511348724365234e-01
8.905620574951171875e-01
7.970783114433288574e-01
8.809436559677124023e-01
8.890394568443298340e-01
7.026159763336181641e-01
9.078532457351684570e-01
6.969279050827026367e-01
8.784709572792053223e-01
6.584440469741821289e-01
8.903987407684326172e-01
7.869983315467834473e-01
8.999042510986328125e-01
8.416520357131958008e-01
9.282652139663696289e-01
7.850677967071533203e-01
8.478151559829711914e-01
7.810889482498168945e-01
8.504616618156433105e-01
6.877137422561645508e-01
9.389343857765197754e-01
5.988776683807373047e-01
9.014374613761901855e-01
9.416750073432922363e-01
8.690413236618041992e-01
7.659835219383239746e-01
9.532335400581359863e-01
7.045041322708129883e-01
8.800399899482727051e-01
7.931429147720336914e-01
9.079442024230957031e-01
8.381217718124389648e-01
7.171573638916015625e-01
9.016809463500976562e-01
5.381563901901245117e-01
9.648034572601318359e-01
3.130210041999816895e-01
9.506967067718505859e-01
7.370249629020690918e-01
9.002929925918579102e-01
6.653925180435180664e-01
9.139746427536010742e-01
5.771288871765136719e-01
9.562096595764160156e-01
4.459512829780578613e-01
9.649925231933593750e-01
7.342210412025451660e-01
8.972519636154174805e-01
8.556831479072570801e-01
8.613644838333129883e-01
8.110266923904418945e-01
9.456598758697509766e-01
7.697935104370117188e-01
8.261560201644897461e-01
8.773255944252014160e-01
8.528357744216918945e-01
8.058847188949584961e-01
8.439537882804870605e-01
9.357610940933227539e-01
7.129763960838317871e-01
9.100339412689208984e-01
8.753017187118530273e-01
8.193690776824951172e-01
8.317713141441345215e-01
8.025203943252563477e-01
7.110155224800109863e-01
9.290843009948730469e-01
6.602290272712707520e-01
9.695498943328857422e-01
8.356347084045410156e-01
8.207958936691284180e-01
9.434312582015991211e-01
7.098780870437622070e-01
8.134609460830688477e-01
9.045868515968322754e-01
5.742684006690979004e-01
9.494311809539794922e-01
8.229874968528747559e-01
8.028689622879028320e-01
9.456400871276855469e-01
7.272008061408996582e-01
8.680524826049804688e-01
9.100042581558227539e-01
7.423325777053833008e-01
8.546485304832458496e-01
7.023882269859313965e-01
9.336515665054321289e-01
6.973592042922973633e-01
9.106042385101318359e-01
8.282854557037353516e-01
8.817218542098999023e-01
7.962661981582641602e-01
8.749939203262329102e-01
7.414394617080688477e-01
9.458652734756469727e-01
8.305147886276245117e-01
8.853254914283752441e-01
8.497645854949951172e-01
7.459357976913452148e-01
9.039033055305480957e-01
6.502214670181274414e-01
9.279315471649169922e-01
4.579198956489562988e-01
9.677518606185913086e-01
6.164419054985046387e-01
9.823285937309265137e-01
5.013041496276855469e-01
9.559466242790222168e-01
5.827275514602661133e-01
9.414769411087036133e-01
2.648129463195800781e-01
9.854574203491210938e-01
1.857441067695617676e-01
9.845376014709472656e-01
8.423213958740234375e-01
6.582961082458496094e-01
9.826027154922485352e-01
1.666900068521499634e-01
9.344615936279296875e-01
3.431462049484252930e-01
9.684683084487915039e-01
5.235270261764526367e-01
8.701863884925842285e-01
9.428426027297973633e-01
7.379071712493896484e-01
6.461114883422851562e-01
8.728695511817932129e-01
6.016330718994140625e-01
8.034737706184387207e-01
7.489266991615295410e-01
7.436646819114685059e-01
8.284866809844970703e-01
8.744938373565673828e-01
7.725083231925964355e-01
5.868622064590454102e-01
9.139640331268310547e-01
7.128921747207641602e-01
8.943945169448852539e-01
8.329552412033081055e-01
7.992496490478515625e-01
8.743363618850708008e-01
6.836049556732177734e-01
8.486572504043579102e-01
6.596798896789550781e-01
8.832076787948608398e-01
7.563669681549072266e-01
8.225344419479370117e-01
8.869925141334533691e-01
7.645262479782104492e-01
8.735663890838623047e-01
5.685828924179077148e-01
8.639147281646728516e-01
8.697742223739624023e-01
8.062572479248046875e-01
8.226232528686523438e-01
9.039117097854614258e-01
6.641770601272583008e-01
9.018828868865966797e-01
8.648837804794311523e-01
8.473070859909057617e-01
8.791809082031250000e-01
7.103214263916015625e-01
9.592294096946716309e-01
8.524726033210754395e-01
6.735985875129699707e-01
9.108447432518005371e-01
6.948204040527343750e-01
8.926156759262084961e-01
7.699073553085327148e-01
9.055908918380737305e-01
7.837328314781188965e-01
9.149814844131469727e-01
5.777919292449951172e-01
9.711365103721618652e-01
4.694148004055023193e-01
9.250547885894775391e-01
9.034511446952819824e-01
8.282235264778137207e-01
7.653707861900329590e-01
9.335256814956665039e-01
8.318506479263305664e-01
8.066026568412780762e-01
9.380798339843750000e-01
8.424162864685058594e-01
6.981866955757141113e-01
9.494183063507080078e-01
5.741109848022460938e-01
9.051476716995239258e-01
9.262803792953491211e-01
4.936460852622985840e-01
9.649095535278320312e-01
5.962682962417602539e-01
8.937022686004638672e-01
7.223099470138549805e-01
8.005559444427490234e-01
9.215477705001831055e-01
6.043058633804321289e-01
9.245509505271911621e-01
7.531495094299316406e-01
9.336121082305908203e-01
7.184439301490783691e-01
8.931791782379150391e-01
9.122285842895507812e-01
6.582008004188537598e-01
9.251444935798645020e-01
7.114506959915161133e-01
8.371592760086059570e-01
8.216719627380371094e-01
9.267811775207519531e-01
7.412663698196411133e-01
9.062385559082031250e-01
7.721409797668457031e-01
8.913562297821044922e-01
8.660224676132202148e-01
8.548653125762939453e-01
7.111296653747558594e-01
9.386514425277709961e-01
5.094555020332336426e-01
9.228482246398925781e-01
6.534855365753173828e-01
8.842304944992065430e-01
8.725658655166625977e-01
8.960801362991333008e-01
8.732056617736816406e-01
7.263126373291015625e-01
8.893051147460937500e-01
8.083592653274536133e-01
8.434244394302368164e-01
8.680046796798706055e-01
7.627575397491455078e-01
9.008343219757080078e-01
7.864335775375366211e-01
7.744567990303039551e-01
8.723140358924865723e-01
8.059524893760681152e-01
8.551716804504394531e-01
8.318870067596435547e-01
8.080543875694274902e-01
8.125455379486083984e-01
7.555987238883972168e-01
9.408637881278991699e-01
5.963941812515258789e-01
9.340391755104064941e-01
5.057256817817687988e-01
9.783560633659362793e-01
8.291812539100646973e-01
8.541203737258911133e-01
9.005393981933593750e-01
7.643356323242187500e-01
8.783098459243774414e-01
6.166738271713256836e-01
9.331878423690795898e-01
4.546200633049011230e-01
9.691002368927001953e-01
6.893066763877868652e-01
8.486446738243103027e-01
9.054755568504333496e-01
6.656482815742492676e-01
8.936824798583984375e-01
7.910475134849548340e-01
7.712142467498779297e-01
8.806731700897216797e-01
8.081647157669067383e-01
8.171917200088500977e-01
8.854313492774963379e-01
8.468342423439025879e-01
8.492178916931152344e-01
8.460044860839843750e-01
7.714315652847290039e-01
9.017564058303833008e-01
7.838402986526489258e-01
7.828882336616516113e-01
8.772550225257873535e-01
6.760698556900024414e-01
9.291798472404479980e-01
6.287431716918945312e-01
9.263826608657836914e-01
7.266735434532165527e-01
9.213737249374389648e-01
8.301101326942443848e-01
9.266134500503540039e-01
7.033100128173828125e-01
9.061245918273925781e-01
7.529526948928833008e-01
8.874837160110473633e-01
9.069277644157409668e-01
8.892110586166381836e-01
6.636729836463928223e-01
9.848345518112182617e-01
3.498386740684509277e-01
8.928271532058715820e-01
4.910006821155548096e-01
9.184445142745971680e-01
6.267385482788085938e-01
9.210714101791381836e-01
8.917402029037475586e-01
7.368244528770446777e-01
8.478454351425170898e-01
6.102675199508666992e-01
9.572042226791381836e-01
8.469815850257873535e-01
9.142255783081054688e-01
6.753765344619750977e-01
9.016442894935607910e-01
8.131279349327087402e-01
8.123127222061157227e-01
6.690105795860290527e-01
9.304472208023071289e-01
4.771959483623504639e-01
9.600125551223754883e-01
6.401091814041137695e-01
9.370943307876586914e-01
8.830276727676391602e-01
7.809319496154785156e-01
8.741381168365478516e-01
9.240474700927734375e-01
6.481726169586181641e-01
9.323459863662719727e-01
7.671135663986206055e-01
8.147220015525817871e-01
8.274005651473999023e-01
8.858124017715454102e-01
9.016387462615966797e-01
8.414824008941650391e-01
8.288514018058776855e-01
8.527480363845825195e-01
8.111420869827270508e-01
8.697789907455444336e-01
8.333129882812500000e-01
9.004190564155578613e-01
9.274458885192871094e-01
5.660204887390136719e-01
9.100953340530395508e-01
5.587306022644042969e-01
9.513689279556274414e-01
7.668089866638183594e-01
9.117200374603271484e-01
5.220736265182495117e-01
9.477545022964477539e-01
7.158446907997131348e-01
9.050204753875732422e-01
8.808888792991638184e-01
7.672734260559082031e-01
9.358849525451660156e-01
8.643151521682739258e-01
7.424762248992919922e-01
9.334452152252197266e-01
6.819697618484497070e-01
8.510357737541198730e-01
9.087350368499755859e-01
7.401382923126220703e-01
9.372700452804565430e-01
8.738537430763244629e-01
8.712146878242492676e-01
6.688549518585205078e-01
9.732688665390014648e-01
4.878066778182983398e-01
9.570339918136596680e-01
9.473550319671630859e-01
6.714478731155395508e-01
9.595795869827270508e-01
8.511354923248291016e-01
8.409960269927978516e-01
9.646940231323242188e-01
8.379607796669006348e-01
7.273545861244201660e-01
9.561630487442016602e-01
6.927471160888671875e-01
8.557182550430297852e-01
9.223278760910034180e-01
8.884432315826416016e-01
7.373960018157958984e-01
8.949229717254638672e-01
8.083174824714660645e-01
9.194328188896179199e-01
8.491958379745483398e-01
9.463561177253723145e-01
9.639955759048461914e-01
6.879249215126037598e-01
9.854453206062316895e-01
4.185765385627746582e-01
9.896844625473022461e-01
4.671413898468017578e-01
9.788739681243896484e-01
8.221463561058044434e-01
8.444235920906066895e-01
9.468101859092712402e-01
4.955967962741851807e-01
9.909318685531616211e-01
4.405404925346374512e-01
9.272720813751220703e-01
8.660442829132080078e-01
6.437237262725830078e-01
8.531440496444702148e-01
8.739278316497802734e-01
6.078645586967468262e-01
9.577673673629760742e-01
7.884376049041748047e-01
8.352342844009399414e-01
8.777202367782592773e-01
7.469558119773864746e-01
9.342259168624877930e-01
7.226077318191528320e-01
9.261608123779296875e-01
8.021247386932373047e-01
8.755650520324707031e-01
8.142237663269042969e-01
8.516381978988647461e-01
8.573669791221618652e-01
8.786004185676574707e-01
8.815947771072387695e-01
7.369320392608642578e-01
9.439136981964111328e-01
6.195366978645324707e-01
9.769505858421325684e-01
3.349051177501678467e-01
9.484983682632446289e-01
7.639409303665161133e-01
9.087236523628234863e-01
8.359913229942321777e-01
7.657621502876281738e-01
9.291331768035888672e-01
5.025005340576171875e-01
9.521049261093139648e-01
7.287095785140991211e-01
8.927557468414306641e-01
9.178547263145446777e-01
7.789381742477416992e-01
9.257181882858276367e-01
8.180999159812927246e-01
8.376896381378173828e-01
9.033757448196411133e-01
9.125952720642089844e-01
8.070025444030761719e-01
9.212163090705871582e-01
5.365541577339172363e-01
9.760676622390747070e-01
4.624378085136413574e-01
9.563464522361755371e-01
3.243453502655029297e-01
9.456375837326049805e-01
5.235124826431274414e-01
9.655639529228210449e-01
6.376327276229858398e-01
8.875814676284790039e-01
7.978408336639404297e-01
8.946288824081420898e-01
8.014733791351318359e-01
8.763097524642944336e-01
8.219754695892333984e-01
8.763784170150756836e-01
8.283549547195434570e-01
7.669198513031005859e-01
9.288012981414794922e-01
7.274644374847412109e-01
8.801914453506469727e-01
8.959140181541442871e-01
6.539295911788940430e-01
9.602694511413574219e-01
7.876882553100585938e-01
8.066618442535400391e-01
9.360117912292480469e-01
4.914569258689880371e-01
9.714585542678833008e-01
7.007325887680053711e-01
8.926235437393188477e-01
7.854418158531188965e-01
7.629064321517944336e-01
9.319318532943725586e-01
7.669972181320190430e-01
8.441096544265747070e-01
9.026570320129394531e-01
7.848099470138549805e-01
8.884116411209106445e-01
8.760817050933837891e-01
8.788147568702697754e-01
8.769026994705200195e-01
7.533213496208190918e-01
9.792588949203491211e-01
3.369997143745422363e-01
9.427866935729980469e-01
8.452326059341430664e-01
8.288094997406005859e-01
9.094233512878417969e-01
8.125928640365600586e-01
8.972382545471191406e-01
7.397903800010681152e-01
8.876163959503173828e-01
8.550764918327331543e-01
8.350555896759033203e-01
8.886468410491943359e-01
7.306554913520812988e-01
9.463727474212646484e-01
9.032577872276306152e-01
8.601301908493041992e-01
7.963716983795166016e-01
9.538345932960510254e-01
6.337262988090515137e-01
9.208249449729919434e-01
8.483873605728149414e-01
8.743934631347656250e-01
8.570999503135681152e-01
7.997088432312011719e-01
9.010927677154541016e-01
8.433164358139038086e-01
9.074379205703735352e-01
8.204216957092285156e-01
9.115293025970458984e-01
8.538190722465515137e-01
7.351043224334716797e-01
9.678908586502075195e-01
8.864463567733764648e-01
7.889876365661621094e-01
8.782138824462890625e-01
9.114598035812377930e-01
9.588140249252319336e-01
7.356216907501220703e-01
9.179644584655761719e-01
9.406180381774902344e-01
7.072595357894897461e-01
9.021105766296386719e-01
8.594379425048828125e-01
7.866526246070861816e-01
8.725471496582031250e-01
8.303828239440917969e-01
8.895531296730041504e-01
8.319180011749267578e-01
8.311526775360107422e-01
8.431306481361389160e-01
7.641316652297973633e-01
9.638127088546752930e-01
5.956929922103881836e-01
9.658347964286804199e-01
9.148206710815429688e-01
8.061652779579162598e-01
9.123346805572509766e-01
8.580158352851867676e-01
9.224116802215576172e-01
8.474135994911193848e-01
8.880256414413452148e-01
8.518225550651550293e-01
8.583184480667114258e-01
9.019191265106201172e-01
8.993809819221496582e-01
8.823649883270263672e-01
8.395206928253173828e-01
8.280090093612670898e-01
8.308353424072265625e-01
8.748120665550231934e-01
9.110938906669616699e-01
8.819032907485961914e-01
8.241376876831054688e-01
8.641061782836914062e-01
7.255223989486694336e-01
9.692245721817016602e-01
4.910485744476318359e-01
9.591286778450012207e-01
2.715232670307159424e-01
9.468368291854858398e-01
3.473381996154785156e-01
9.965765476226806641e-01
3.435619175434112549e-01
9.671947956085205078e-01
2.069187909364700317e-01
9.798430204391479492e-01
2.708097100257873535e-01
9.783661961555480957e-01
3.961426615715026855e-01
9.709140062332153320e-01
4.861369729042053223e-01
7.796750664710998535e-01
7.553732395172119141e-01
7.236229777336120605e-01
7.602949738502502441e-01
8.049621582031250000e-01
7.742276191711425781e-01
8.294286727905273438e-01
8.226255774497985840e-01
7.358368635177612305e-01
8.645754456520080566e-01
6.003352403640747070e-01
8.883728981018066406e-01
2.512681186199188232e-01
9.547938704490661621e-01
8.698657751083374023e-01
7.103912234306335449e-01
8.857949376106262207e-01
6.974799633026123047e-01
7.372795939445495605e-01
8.002469539642333984e-01
6.688069105148315430e-01
9.093423485755920410e-01
7.634928226470947266e-01
8.959755897521972656e-01
8.388718366622924805e-01
7.837562561035156250e-01
8.706588745117187500e-01
8.332561254501342773e-01
8.856992721557617188e-01
7.563941478729248047e-01
8.107718825340270996e-01
8.616076707839965820e-01
6.201587915420532227e-01
9.524694681167602539e-01
6.946067810058593750e-01
8.633384704589843750e-01
8.734374642372131348e-01
8.077149987220764160e-01
8.205571174621582031e-01
8.886260986328125000e-01
7.027689218521118164e-01
9.083096981048583984e-01
9.160842895507812500e-01
8.646791577339172363e-01
8.615773916244506836e-01
9.165946245193481445e-01
6.905118227005004883e-01
8.953132629394531250e-01
8.409984111785888672e-01
7.005954980850219727e-01
9.582986831665039062e-01
7.619429826736450195e-01
8.803700804710388184e-01
9.017443656921386719e-01
8.759746551513671875e-01
8.269102573394775391e-01
8.776113986968994141e-01
6.790829896926879883e-01
9.453290700912475586e-01
8.916688561439514160e-01
8.442541956901550293e-01
8.278421163558959961e-01
9.585298895835876465e-01
7.206776142120361328e-01
9.054311513900756836e-01
8.658586740493774414e-01
8.887088298797607422e-01
8.547451496124267578e-01
9.012786149978637695e-01
7.516475319862365723e-01
8.394684791564941406e-01
8.578950166702270508e-01
8.585960268974304199e-01
7.986773252487182617e-01
8.865587711334228516e-01
7.355921268463134766e-01
8.776844143867492676e-01
8.139872550964355469e-01
8.983696103096008301e-01
8.438397645950317383e-01
7.889786958694458008e-01
9.715811014175415039e-01
7.602008581161499023e-01
8.180412054061889648e-01
9.119404554367065430e-01
8.246563673019409180e-01
8.618963360786437988e-01
8.694954514503479004e-01
7.927431464195251465e-01
8.915700316429138184e-01
8.524323701858520508e-01
8.173615336418151855e-01
8.963224887847900391e-01
8.208188414573669434e-01
9.254412055015563965e-01
6.136441230773925781e-01
9.621738195419311523e-01
3.899700641632080078e-01
9.825786352157592773e-01
5.999807268381118774e-02
9.446917176246643066e-01
6.366245746612548828e-01
9.250907897949218750e-01
5.848362445831298828e-01
8.859295845031738281e-01
8.258860111236572266e-01
7.356983423233032227e-01
9.359278678894042969e-01
5.531787872314453125e-01
9.472327828407287598e-01
5.781261920928955078e-01
8.973441123962402344e-01
8.295527696609497070e-01
8.200652599334716797e-01
6.906642913818359375e-01
8.989564776420593262e-01
8.600038290023803711e-01
7.889193892478942871e-01
8.299279808998107910e-01
7.828937768936157227e-01
8.702732324600219727e-01
8.616818189620971680e-01
8.585458993911743164e-01
8.495823740959167480e-01
8.564790487289428711e-01
8.786370158195495605e-01
8.781576156616210938e-01
7.818750739097595215e-01
8.816925287246704102e-01
6.120806932449340820e-01
9.525830745697021484e-01
6.025922298431396484e-01
9.474296569824218750e-01
8.372083902359008789e-01
7.705064415931701660e-01
9.408544301986694336e-01
5.324965715408325195e-01
9.645061492919921875e-01
1.558666378259658813e-01
9.420759081840515137e-01
1.475726664066314697e-01
9.949144124984741211e-01
7.286806702613830566e-01
7.817699909210205078e-01
8.518741130828857422e-01
4.963366687297821045e-01
9.562651515007019043e-01
3.783231675624847412e-01
9.660822153091430664e-01
8.255032300949096680e-01
7.234218120574951172e-01
8.184175491333007812e-01
7.552075982093811035e-01
7.586047053337097168e-01
9.072751402854919434e-01
7.171941995620727539e-01
8.926405310630798340e-01
8.523622155189514160e-01
7.864558696746826172e-01
8.443264961242675781e-01
5.771797895431518555e-01
9.394934177398681641e-01
7.016420364379882812e-01
8.689851164817810059e-01
8.504123687744140625e-01
8.113937973976135254e-01
8.739401102066040039e-01
8.786607980728149414e-01
6.438996791839599609e-01
9.384871721267700195e-01
7.814730405807495117e-01
7.910154461860656738e-01
8.860966563224792480e-01
7.177595496177673340e-01
9.497332572937011719e-01
6.215528249740600586e-01
9.093593358993530273e-01
8.251394629478454590e-01
7.396140098571777344e-01
9.247149229049682617e-01
8.636338710784912109e-01
8.649858832359313965e-01
8.273584246635437012e-01
8.776521682739257812e-01
6.155241727828979492e-01
9.109231233596801758e-01
8.667777776718139648e-01
8.972944617271423340e-01
9.070640802383422852e-01
8.163994550704956055e-01
9.014734029769897461e-01
8.639695644378662109e-01
8.837364315986633301e-01
8.664807081222534180e-01
8.597051501274108887e-01
8.641501665115356445e-01
8.756386041641235352e-01
7.914008498191833496e-01
9.326471090316772461e-01
5.169242620468139648e-01
9.623851180076599121e-01
6.332622766494750977e-01
9.335080385208129883e-01
5.193666219711303711e-01
9.694681167602539062e-01
9.329677820205688477e-01
7.093654870986938477e-01
9.640311002731323242e-01
8.454622626304626465e-01
7.600413560867309570e-01
9.254120588302612305e-01
4.692719578742980957e-01
9.773732423782348633e-01
4.678851962089538574e-01
9.821640253067016602e-01
7.872676849365234375e-02
9.261039495468139648e-01
5.798711776733398438e-01
9.692981243133544922e-01
5.520755052566528320e-01
9.273306131362915039e-01
8.195146322250366211e-01
6.458665728569030762e-01
9.549521207809448242e-01
3.962954878807067871e-01
9.761682748794555664e-01
8.580722212791442871e-01
9.074177145957946777e-01
6.252261996269226074e-01
8.823643922805786133e-01
7.607336640357971191e-01
8.189620971679687500e-01
8.992210030555725098e-01
6.316907405853271484e-01
9.050120115280151367e-01
8.191787600517272949e-01
8.186966776847839355e-01
8.835610151290893555e-01
7.593544721603393555e-01
8.864700794219970703e-01
8.670504093170166016e-01
8.111667633056640625e-01
8.677322268486022949e-01
8.057283163070678711e-01
8.895140886306762695e-01
8.177681565284729004e-01
7.974504232406616211e-01
9.183602333068847656e-01
7.679945230484008789e-01
9.053149223327636719e-01
8.087878227233886719e-01
9.233800172805786133e-01
7.495567798614501953e-01
8.421304821968078613e-01
8.040574193000793457e-01
8.968739509582519531e-01
8.439848423004150391e-01
8.329522609710693359e-01
9.175000190734863281e-01
8.255702257156372070e-01
8.962259292602539062e-01
8.620415329933166504e-01
7.931041717529296875e-01
8.179218769073486328e-01
8.707828521728515625e-01
8.739496469497680664e-01
9.001061320304870605e-01
8.563078641891479492e-01
8.580073118209838867e-01
9.140913486480712891e-01
8.367277383804321289e-01
9.047313332557678223e-01
9.036904573440551758e-01
8.427178859710693359e-01
8.538244962692260742e-01
9.527413249015808105e-01
8.207265138626098633e-01
9.105331897735595703e-01
8.708202838897705078e-01
8.822946548461914062e-01
8.106379508972167969e-01
8.771401047706604004e-01
6.676959395408630371e-01
9.473830461502075195e-01
8.549458384513854980e-01
9.242564439773559570e-01
8.860132098197937012e-01
8.618861436843872070e-01
7.897348403930664062e-01
9.571791291236877441e-01
5.938994884490966797e-01
8.852752447128295898e-01
8.890255689620971680e-01
5.769163966178894043e-01
9.538106918334960938e-01
5.749948024749755859e-01
9.724518060684204102e-01
1.897110342979431152e-01
9.836192727088928223e-01
3.692230284214019775e-01
9.916229248046875000e-01
2.823865413665771484e-01
9.405331611633300781e-01
8.630666732788085938e-01
7.048592567443847656e-01
8.747084140777587891e-01
8.473865985870361328e-01
6.644346714019775391e-01
9.071609377861022949e-01
6.098009943962097168e-01
9.190725088119506836e-01
7.641960978507995605e-01
8.109866380691528320e-01
9.098010063171386719e-01
5.515436530113220215e-01
9.102587699890136719e-01
5.382668972015380859e-01
8.313230276107788086e-01
8.691858649253845215e-01
8.370260000228881836e-01
8.172461390495300293e-01
8.540576696395874023e-01
8.472488522529602051e-01
7.993029952049255371e-01
8.152573704719543457e-01
8.196114301681518555e-01
9.130345582962036133e-01
8.498840332031250000e-01
8.178395032882690430e-01
8.667540550231933594e-01
8.311854600906372070e-01
8.099510669708251953e-01
8.365745544433593750e-01
9.176844358444213867e-01
8.729315400123596191e-01
8.928115963935852051e-01
8.248251080513000488e-01
8.493654727935791016e-01
9.001346230506896973e-01
8.111446499824523926e-01
8.970062136650085449e-01
8.589476346969604492e-01
7.940655350685119629e-01
8.684658408164978027e-01
8.686143159866333008e-01
8.277510404586791992e-01
8.642138838768005371e-01
8.387606143951416016e-01
9.146174192428588867e-01
8.618803024291992188e-01
8.159036040306091309e-01
9.336781501770019531e-01
8.675820231437683105e-01
5.838440656661987305e-01
9.857369661331176758e-01
4.479259252548217773e-01
9.401184320449829102e-01
9.020711779594421387e-01
5.808892250061035156e-01
9.146157503128051758e-01
8.577454686164855957e-01
7.126628160476684570e-01
9.054836630821228027e-01
7.118321061134338379e-01
9.490445852279663086e-01
6.815714836120605469e-01
8.699447512626647949e-01
9.073073863983154297e-01
8.478638529777526855e-01
7.572544813156127930e-01
9.579550027847290039e-01
6.553125381469726562e-01
8.660354614257812500e-01
7.779221534729003906e-01
7.000861167907714844e-01
9.048750996589660645e-01
7.936980724334716797e-01
8.438078165054321289e-01
7.354895472526550293e-01
9.555435180664062500e-01
8.401560783386230469e-01
9.089949727058410645e-01
8.030198812484741211e-01
8.943225145339965820e-01
8.765784502029418945e-01
8.275781869888305664e-01
9.067147970199584961e-01
8.631837368011474609e-01
8.380867242813110352e-01
8.938058018684387207e-01
8.165421485900878906e-01
8.969638943672180176e-01
8.356474637985229492e-01
8.887509107589721680e-01
8.582909107208251953e-01
8.616133928298950195e-01
8.627045750617980957e-01
9.065452814102172852e-01
8.851752877235412598e-01
5.608053207397460938e-01
9.719489812850952148e-01
4.270224571228027344e-01
9.597152471542358398e-01
1.725310236215591431e-01
9.629370570182800293e-01
8.560250997543334961e-01
9.313399195671081543e-01
8.334999680519104004e-01
9.448188543319702148e-01
7.251161336898803711e-01
9.724801778793334961e-01
4.337289929389953613e-01
9.463623762130737305e-01
4.275200963020324707e-01
9.487970471382141113e-01
8.563734292984008789e-01
8.877696990966796875e-01
8.304322957992553711e-01
8.705092668533325195e-01
5.566202402114868164e-01
9.706552028656005859e-01
7.685524225234985352e-01
8.718626499176025391e-01
8.256697654724121094e-01
7.763183116912841797e-01
8.843428492546081543e-01
7.617859840393066406e-01
9.202988147735595703e-01
7.277229428291320801e-01
8.878521323204040527e-01
7.770972847938537598e-01
8.516701459884643555e-01
8.798931837081909180e-01
8.067103028297424316e-01
8.969948887825012207e-01
7.335425615310668945e-01
9.200208187103271484e-01
8.792225122451782227e-01
7.673693895339965820e-01
9.464720487594604492e-01
7.083109617233276367e-01
9.292488694190979004e-01
6.291608214378356934e-01
9.898818731307983398e-01
4.791873097419738770e-01
9.348587989807128906e-01
4.731365740299224854e-01
9.447320699691772461e-01
6.457580327987670898e-01
8.307882547378540039e-01
8.152430653572082520e-01
8.925105333328247070e-01
7.688149213790893555e-01
8.484533429145812988e-01
8.001862168312072754e-01
7.656283378601074219e-01
8.736023902893066406e-01
8.502268791198730469e-01
9.122740030288696289e-01
7.903687953948974609e-01
8.821285963058471680e-01
6.558845639228820801e-01
8.666423559188842773e-01
8.742510080337524414e-01
8.292175531387329102e-01
8.896927237510681152e-01
8.395316600799560547e-01
6.817287802696228027e-01
9.321802854537963867e-01
8.142359256744384766e-01
8.807519674301147461e-01
9.014327526092529297e-01
7.496176958084106445e-01
8.643723726272583008e-01
8.529732227325439453e-01
7.549819350242614746e-01
9.388136863708496094e-01
8.828552961349487305e-01
8.624372482299804688e-01
8.815301060676574707e-01
8.085859417915344238e-01
8.819978833198547363e-01
8.594097495079040527e-01
8.672106266021728516e-01
7.192786335945129395e-01
9.446117877960205078e-01
5.365883111953735352e-01
9.400234222412109375e-01
6.066939830780029297e-01
8.562154173851013184e-01
7.871809005737304688e-01
8.977038860321044922e-01
8.587595224380493164e-01
9.006196260452270508e-01
7.595192790031433105e-01
8.614256381988525391e-01
9.709726572036743164e-01
8.131559491157531738e-01
7.787220478057861328e-01
9.166588187217712402e-01
6.634407639503479004e-01
7.252047657966613770e-01
9.752174615859985352e-01
6.721025705337524414e-01
8.972221612930297852e-01
9.438886642456054688e-01
7.311164140701293945e-01
7.686796188354492188e-01
8.153121471405029297e-01
8.276233673095703125e-01
8.243024945259094238e-01
9.118528366088867188e-01
7.832376956939697266e-01
8.890800476074218750e-01
7.651275992393493652e-01
8.905735611915588379e-01
7.236758470535278320e-01
9.070583581924438477e-01
8.078017234802246094e-01
8.748090267181396484e-01
8.618108630180358887e-01
8.747828006744384766e-01
8.295613527297973633e-01
8.287049531936645508e-01
8.937333226203918457e-01
7.043721675872802734e-01
9.636244773864746094e-01
7.735787630081176758e-01
8.572995066642761230e-01
9.271975755691528320e-01
9.738204479217529297e-01
7.602032423019409180e-01
9.565576314926147461e-01
8.882162570953369141e-01
8.207992911338806152e-01
9.313051104545593262e-01
8.426007032394409180e-01
8.333412408828735352e-01
8.358504176139831543e-01
8.933908343315124512e-01
8.036164641380310059e-01
9.768171310424804688e-01
8.704874515533447266e-01
7.391022443771362305e-01
9.317908287048339844e-01
8.529038429260253906e-01
8.509408831596374512e-01
8.804447054862976074e-01
7.678952217102050781e-01
9.504253268241882324e-01
7.189680337905883789e-01
8.898318409919738770e-01
9.280115962028503418e-01
8.700218200683593750e-01
8.258416652679443359e-01
9.064894318580627441e-01
7.688579559326171875e-01
8.561270236968994141e-01
8.325555324554443359e-01
9.138299226760864258e-01
6.132828593254089355e-01
9.702118635177612305e-01
5.844459533691406250e-01
9.746735095977783203e-01
3.733070492744445801e-01
9.730240702629089355e-01
1.586357355117797852e-01
9.928179979324340820e-01
1.928014755249023438e-01
9.734261035919189453e-01
6.598961353302001953e-01
7.864620685577392578e-01
6.953608393669128418e-01
7.832772731781005859e-01
3.105533123016357422e-01
9.756795167922973633e-01
5.292270183563232422e-01
8.815534114837646484e-01
9.552674293518066406e-01
7.659184336662292480e-01
8.252382278442382812e-01
6.953683495521545410e-01
7.906520962715148926e-01
8.164031505584716797e-01
6.314589977264404297e-01
9.467216134071350098e-01
5.093319416046142578e-01
9.169728755950927734e-01
8.537713289260864258e-01
8.121287822723388672e-01
8.388166427612304688e-01
8.705680370330810547e-01
6.759149432182312012e-01
8.383553624153137207e-01
8.483893871307373047e-01
8.170615434646606445e-01
8.194435834884643555e-01
8.953872323036193848e-01
6.578587889671325684e-01
9.142404198646545410e-01
7.603447437286376953e-01
9.307087659835815430e-01
9.301370978355407715e-01
7.512886524200439453e-01
9.085801243782043457e-01
7.638171315193176270e-01
9.397128820419311523e-01
9.071216583251953125e-01
7.933891415596008301e-01
8.660593628883361816e-01
6.486756801605224609e-01
9.745728969573974609e-01
9.062265157699584961e-01
7.719869613647460938e-01
8.747363090515136719e-01
6.671701669692993164e-01
8.264413475990295410e-01
8.073209524154663086e-01
8.472461700439453125e-01
8.751198053359985352e-01
8.430546522140502930e-01
8.715281486511230469e-01
8.257508277893066406e-01
8.219835162162780762e-01
8.592816591262817383e-01
7.998539805412292480e-01
9.109821319580078125e-01
7.576914429664611816e-01
9.082168340682983398e-01
8.638289570808410645e-01
8.456885814666748047e-01
8.759251832962036133e-01
5.253388881683349609e-01
9.872672557830810547e-01
6.522982120513916016e-01
8.800420165061950684e-01
7.979583740234375000e-01
9.019426107406616211e-01
8.749759197235107422e-01
9.076969027519226074e-01
9.007021188735961914e-01
7.124746441841125488e-01
9.189487695693969727e-01
7.923763990402221680e-01
9.282426238059997559e-01
8.166434764862060547e-01
8.879234790802001953e-01
8.443537950515747070e-01
9.369391202926635742e-01
6.659642457962036133e-01
9.107569456100463867e-01
8.043632507324218750e-01
8.812646269798278809e-01
8.449568748474121094e-01
9.392708539962768555e-01
8.153808712959289551e-01
9.211508631706237793e-01
8.175032734870910645e-01
9.341148138046264648e-01
7.353267073631286621e-01
8.344554901123046875e-01
9.690802097320556641e-01
6.457618474960327148e-01
9.756287336349487305e-01
5.647866725921630859e-01
9.395225048065185547e-01
8.181508183479309082e-01
9.562201499938964844e-01
7.372925281524658203e-01
9.918090701103210449e-01
7.579033970832824707e-01
8.942079544067382812e-01
8.117103576660156250e-01
9.283634424209594727e-01
5.052933692932128906e-01
9.870269298553466797e-01
7.883452177047729492e-01
9.008154869079589844e-01
7.455381751060485840e-01
9.303262233734130859e-01
8.032388687133789062e-01
8.242183923721313477e-01
9.429367184638977051e-01
7.992919683456420898e-01
8.977756500244140625e-01
8.961760997772216797e-01
7.055293917655944824e-01
9.292260408401489258e-01
8.073866963386535645e-01
8.645431995391845703e-01
8.573876023292541504e-01
8.816550374031066895e-01
8.984073400497436523e-01
8.757897019386291504e-01
8.671665787696838379e-01
8.500118255615234375e-01
8.242331147193908691e-01
8.921282291412353516e-01
8.647160530090332031e-01
8.635646104812622070e-01
8.104742765426635742e-01
9.072537422180175781e-01
8.042662143707275391e-01
9.164112806320190430e-01
8.671628236770629883e-01
8.797856569290161133e-01
7.886670827865600586e-01
9.509354829788208008e-01
6.190515160560607910e-01
9.588036537170410156e-01
2.428346574306488037e-01
9.861426949501037598e-01
8.490926027297973633e-01
9.036809206008911133e-01
8.657795190811157227e-01
9.562141299247741699e-01
4.390633702278137207e-01
9.846148490905761719e-01
5.613136291503906250e-01
9.573756456375122070e-01
6.642640829086303711e-01
9.466915130615234375e-01
8.833608627319335938e-01
8.433005809783935547e-01
8.501590490341186523e-01
8.318868875503540039e-01
9.367449879646301270e-01
7.883806228637695312e-01
8.851739168167114258e-01
8.939665555953979492e-01
8.405972719192504883e-01
8.832986354827880859e-01
8.030195236206054688e-01
9.463163614273071289e-01
6.654206514358520508e-01
9.358633160591125488e-01
8.986092805862426758e-01
8.294861316680908203e-01
8.894990086555480957e-01
9.714840650558471680e-01
6.632932424545288086e-01
9.488779306411743164e-01
8.330615758895874023e-01
9.163289070129394531e-01
9.626407623291015625e-01
7.741582393646240234e-01
9.062858819961547852e-01
6.446059346199035645e-01
9.674106240272521973e-01
7.275373339653015137e-01
9.423416852951049805e-01
9.218569993972778320e-01
9.008171558380126953e-01
9.304164648056030273e-01
7.721500396728515625e-01
8.723920583724975586e-01
7.120021581649780273e-01
9.719802141189575195e-01
9.045223593711853027e-01
5.737861394882202148e-01
9.811412096023559570e-01
2.288661003112792969e-01
9.700914025306701660e-01
7.882277965545654297e-01
9.270588159561157227e-01
2.798871695995330811e-01
9.901839494705200195e-01
6.213308572769165039e-01
9.069571495056152344e-01
8.214089274406433105e-01
8.077510595321655273e-01
7.294979691505432129e-01
8.353222012519836426e-01
7.806527614593505859e-01
8.919891715049743652e-01
8.016609549522399902e-01
9.235391616821289062e-01
7.695764303207397461e-01
8.794994354248046875e-01
7.738112807273864746e-01
8.528530001640319824e-01
8.605983853340148926e-01
7.667437791824340820e-01
9.388293027877807617e-01
7.368815541267395020e-01
9.117738008499145508e-01
8.542331457138061523e-01
7.634288668632507324e-01
9.272934198379516602e-01
7.663995027542114258e-01
8.063876032829284668e-01
8.854870796203613281e-01
8.700798749923706055e-01
9.054703712463378906e-01
9.566997289657592773e-01
7.724252343177795410e-01
8.980069160461425781e-01
9.026280641555786133e-01
8.443002700805664062e-01
7.981781959533691406e-01
9.132554531097412109e-01
8.403922915458679199e-01
8.723723292350769043e-01
9.042413234710693359e-01
7.376971840858459473e-01
9.145073890686035156e-01
5.820214748382568359e-01
9.785185456275939941e-01
7.568604946136474609e-01
9.004117846488952637e-01
9.536361694335937500e-01
8.962373137474060059e-01
8.778512477874755859e-01
8.092340826988220215e-01
9.082070589065551758e-01
7.937436103820800781e-01
9.219390153884887695e-01
8.810557126998901367e-01
8.542366623878479004e-01
8.943679332733154297e-01
8.088032603263854980e-01
9.704777002334594727e-01
7.411391735076904297e-01
9.042757153511047363e-01
5.520029067993164062e-01
9.566924571990966797e-01
6.542395353317260742e-01
9.514913558959960938e-01
8.183531761169433594e-01
9.461199641227722168e-01
9.138678312301635742e-01
8.699320554733276367e-01
9.354766011238098145e-01
7.430927753448486328e-01
9.064170718193054199e-01
6.707981824874877930e-01
9.282169342041015625e-01
7.037572860717773438e-01
9.551557302474975586e-01
8.184526562690734863e-01
8.650418519973754883e-01
9.094060659408569336e-01
7.903359532356262207e-01
8.179284334182739258e-01
9.652020931243896484e-01
7.028827071189880371e-01
9.636349678039550781e-01
8.507963418960571289e-01
8.574295043945312500e-01
7.292520403861999512e-01
9.526159763336181641e-01
4.714565575122833252e-01
9.331703186035156250e-01
8.948072791099548340e-01
9.278980493545532227e-01
6.908313035964965820e-01
9.652730226516723633e-01
7.554475069046020508e-01
9.141346216201782227e-01
9.274446964263916016e-01
8.409435153007507324e-01
8.183356523513793945e-01
9.186680316925048828e-01
7.145330309867858887e-01
9.059920310974121094e-01
9.074351191520690918e-01
7.955406308174133301e-01
9.688651561737060547e-01
9.137526750564575195e-01
9.034682512283325195e-01
9.286514520645141602e-01
6.889071464538574219e-01
9.851627349853515625e-01
4.950058460235595703e-01
9.753453731536865234e-01
6.115112304687500000e-01
9.196457862854003906e-01
9.791494011878967285e-01
6.146584749221801758e-01
9.629178643226623535e-01
6.762567758560180664e-01
8.222532272338867188e-01
9.708205461502075195e-01
8.492467403411865234e-01
7.461741566658020020e-01
9.621891975402832031e-01
8.122000098228454590e-01
9.073094129562377930e-01
8.412318229675292969e-01
9.118414521217346191e-01
7.758405208587646484e-01
9.150884151458740234e-01
9.076203107833862305e-01
8.227177858352661133e-01
9.221626520156860352e-01
6.730117797851562500e-01
9.572126269340515137e-01
8.286217451095581055e-01
8.245058059692382812e-01
9.045414328575134277e-01
8.883170485496520996e-01
5.907008647918701172e-01
9.858611822128295898e-01
2.319326400756835938e-01
9.940352439880371094e-01
5.292727425694465637e-02
9.725273251533508301e-01
5.422601699829101562e-01
9.504785537719726562e-01
6.464424729347229004e-01
8.520727157592773438e-01
5.898497104644775391e-01
9.404078125953674316e-01
3.523051738739013672e-01
9.602709412574768066e-01
5.411458611488342285e-01
9.724250435829162598e-01
8.418664932250976562e-01
7.735937833786010742e-01
9.368605613708496094e-01
6.457750797271728516e-01
8.352239727973937988e-01
9.073947072029113770e-01
8.065410852432250977e-01
6.396347284317016602e-01
9.573533535003662109e-01
6.881499290466308594e-01
8.638767004013061523e-01
9.562577009201049805e-01
7.829186320304870605e-01
7.087777256965637207e-01
9.440823793411254883e-01
3.717849850654602051e-01
9.327368736267089844e-01
5.798913836479187012e-01
9.645907282829284668e-01
6.001018881797790527e-01
9.466336369514465332e-01
9.130601882934570312e-01
8.157002925872802734e-01
7.622590661048889160e-01
9.201353788375854492e-01
6.967167854309082031e-01
8.480798602104187012e-01
8.144478797912597656e-01
8.583942651748657227e-01
7.792018651962280273e-01
8.332146406173706055e-01
8.128454685211181641e-01
8.977148532867431641e-01
8.135132193565368652e-01
7.783497571945190430e-01
9.459252953529357910e-01
9.109543561935424805e-01
8.060495853424072266e-01
8.174824714660644531e-01
8.310626745223999023e-01
8.999224901199340820e-01
7.427442073822021484e-01
8.348414897918701172e-01
8.726412057876586914e-01
9.381328225135803223e-01
8.406031131744384766e-01
7.913203239440917969e-01
9.514964818954467773e-01
5.753187537193298340e-01
9.762877821922302246e-01
6.730259060859680176e-01
8.959016203880310059e-01
7.780457139015197754e-01
9.341933727264404297e-01
7.427612543106079102e-01
9.286723136901855469e-01
9.138258695602416992e-01
8.942528963088989258e-01
7.436614036560058594e-01
9.163225889205932617e-01
8.545749187469482422e-01
8.519476652145385742e-01
7.558246850967407227e-01
9.735069870948791504e-01
8.955750465393066406e-01
8.974978923797607422e-01
7.306256294250488281e-01
8.908733129501342773e-01
5.860646963119506836e-01
8.942593336105346680e-01
9.562323093414306641e-01
8.485517501831054688e-01
8.533806204795837402e-01
9.460798501968383789e-01
9.032431244850158691e-01
8.415918946266174316e-01
9.321246147155761719e-01
8.127147555351257324e-01
8.922848701477050781e-01
7.976187467575073242e-01
9.532142281532287598e-01
8.223365545272827148e-01
8.640213012695312500e-01
9.367983341217041016e-01
9.073916673660278320e-01
7.160326242446899414e-01
9.273723363876342773e-01
8.419690132141113281e-01
9.176626801490783691e-01
9.518350958824157715e-01
8.714265823364257812e-01
8.691662549972534180e-01
8.381318449974060059e-01
8.459346890449523926e-01
8.762544989585876465e-01
8.733990788459777832e-01
8.219488859176635742e-01
9.258002042770385742e-01
8.389569520950317383e-01
8.434537649154663086e-01
8.684267997741699219e-01
7.567661404609680176e-01
9.748173952102661133e-01
4.499816298484802246e-01
9.800035953521728516e-01
3.387508690357208252e-01
9.737661480903625488e-01
7.440922260284423828e-01
8.344291448593139648e-01
9.728077650070190430e-01
6.127377748489379883e-01
9.669321179389953613e-01
5.617321729660034180e-01
9.287332892417907715e-01
9.163776636123657227e-01
6.895742416381835938e-01
9.150661230087280273e-01
8.738793134689331055e-01
7.613021135330200195e-01
9.234599471092224121e-01
7.569555044174194336e-01
8.938853740692138672e-01
8.609904050827026367e-01
8.430196642875671387e-01
9.009768366813659668e-01
8.755165338516235352e-01
8.653371334075927734e-01
8.442455530166625977e-01
9.079300165176391602e-01
8.782175779342651367e-01
7.527315616607666016e-01
9.636646509170532227e-01
6.715438365936279297e-01
9.318567514419555664e-01
9.355417490005493164e-01
8.415187001228332520e-01
9.043704271316528320e-01
8.834846019744873047e-01
8.072375059127807617e-01
9.816101789474487305e-01
6.908609867095947266e-01
9.099212288856506348e-01
9.029673933982849121e-01
7.095022201538085938e-01
9.592275023460388184e-01
6.631068587303161621e-01
9.771220088005065918e-01
2.386108487844467163e-01
9.603642225265502930e-01
7.990823984146118164e-01
8.560918569564819336e-01
8.235614895820617676e-01
7.922174930572509766e-01
9.006838202476501465e-01
5.642459392547607422e-01
9.154045581817626953e-01
8.881583213806152344e-01
6.343814730644226074e-01
9.679040908813476562e-01
5.556308031082153320e-01
8.859606385231018066e-01
8.251230716705322266e-01
8.094288110733032227e-01
9.419170618057250977e-01
8.723921775817871094e-01
8.756643533706665039e-01
8.522573709487915039e-01
7.945048809051513672e-01
8.475880026817321777e-01
8.979855775833129883e-01
6.622356176376342773e-01
9.531971812248229980e-01
7.264961004257202148e-01
9.444802999496459961e-01
9.009674787521362305e-01
8.196755647659301758e-01
8.906886577606201172e-01
7.365780472755432129e-01
9.576545953750610352e-01
9.496034383773803711e-01
8.942764401435852051e-01
8.804852962493896484e-01
9.197881221771240234e-01
9.203543663024902344e-01
6.554768085479736328e-01
9.598166346549987793e-01
6.829193830490112305e-01
9.349386096000671387e-01
9.333346486091613770e-01
8.417618274688720703e-01
8.450505733489990234e-01
8.761098980903625488e-01
8.005750775337219238e-01
9.526489973068237305e-01
7.050638198852539062e-01
9.572982788085937500e-01
6.066240072250366211e-01
9.631402492523193359e-01
7.804978489875793457e-01
9.344534277915954590e-01
8.075980544090270996e-01
9.375693798065185547e-01
7.272067070007324219e-01
9.300409555435180664e-01
8.429907560348510742e-01
9.114742279052734375e-01
8.667749166488647461e-01
9.126425385475158691e-01
8.720692992210388184e-01
9.119147062301635742e-01
8.585371375083923340e-01
7.174777984619140625e-01
9.346661567687988281e-01
6.954714059829711914e-01
9.741047620773315430e-01
8.744162917137145996e-01
9.448139071464538574e-01
9.359143972396850586e-01
7.640353441238403320e-01
9.340542554855346680e-01
8.874934911727905273e-01
5.373477935791015625e-01
9.942727088928222656e-01
5.087234973907470703e-01
9.622497558593750000e-01
9.529157876968383789e-01
6.903483867645263672e-01
9.555959105491638184e-01
6.591306924819946289e-01
9.183276295661926270e-01
7.624763250350952148e-01
9.340869784355163574e-01
8.266103267669677734e-01
8.958941698074340820e-01
9.045325517654418945e-01
8.373885154724121094e-01
8.691163659095764160e-01
8.256428241729736328e-01
8.798558712005615234e-01
8.925241231918334961e-01
8.920100927352905273e-01
9.146860837936401367e-01
8.956607580184936523e-01
8.614701628684997559e-01
8.907752037048339844e-01
9.507515430450439453e-01
7.074171304702758789e-01
9.357685446739196777e-01
7.735966444015502930e-01
9.067221283912658691e-01
9.155770540237426758e-01
8.169904947280883789e-01
9.601867794990539551e-01
8.907227516174316406e-01
8.164099454879760742e-01
9.690319299697875977e-01
8.817553520202636719e-01
8.401133418083190918e-01
9.343308210372924805e-01
8.038147687911987305e-01
9.318418502807617188e-01
8.585966825485229492e-01
9.155509471893310547e-01
9.014092683792114258e-01
8.862091302871704102e-01
9.237691164016723633e-01
6.917504072189331055e-01
9.761950969696044922e-01
7.550495266914367676e-01
7.620641589164733887e-01
9.700356721878051758e-01
5.522161722183227539e-01
9.760935306549072266e-01
5.929170250892639160e-01
8.932530879974365234e-01
8.253058791160583496e-01
8.738605976104736328e-01
6.634857654571533203e-01
9.489697217941284180e-01
7.349294424057006836e-01
8.997663259506225586e-01
9.546501636505126953e-01
8.291506767272949219e-01
9.038441181182861328e-01
8.706107735633850098e-01
8.578753471374511719e-01
9.060115814208984375e-01
9.085759520530700684e-01
8.601967096328735352e-01
8.837181329727172852e-01
9.351325631141662598e-01
7.437381148338317871e-01
9.707839488983154297e-01
6.380161046981811523e-01
9.026712179183959961e-01
9.056993722915649414e-01
8.352227210998535156e-01
8.536876440048217773e-01
9.481971859931945801e-01
8.285689353942871094e-01
8.922952413558959961e-01
7.666209936141967773e-01
9.572699069976806641e-01
8.416190147399902344e-01
9.628943204879760742e-01
8.248026371002197266e-01
8.557587862014770508e-01
9.302550554275512695e-01
7.766645550727844238e-01
9.268561601638793945e-01
8.929584026336669922e-01
7.938110232353210449e-01
9.439414739608764648e-01
6.563994884490966797e-01
9.548836946487426758e-01
9.358650445938110352e-01
7.285306453704833984e-01
9.839107990264892578e-01
6.472163200378417969e-01
9.092179536819458008e-01
5.392354130744934082e-01
9.784448146820068359e-01
8.887615799903869629e-01
4.986587762832641602e-01
9.945080280303955078e-01
5.212925374507904053e-02
9.856961369514465332e-01
2.885607182979583740e-01
9.880739450454711914e-01
4.605740904808044434e-01
8.893221616744995117e-01
8.392988443374633789e-01
6.916782259941101074e-01
7.413250207901000977e-01
5.735287666320800781e-01
8.906369209289550781e-01
7.635078430175781250e-01
7.931935787200927734e-01
8.188970088958740234e-01
8.432487249374389648e-01
7.422720193862915039e-01
9.008200168609619141e-01
9.199126958847045898e-01
7.476727366447448730e-01
9.283246994018554688e-01
8.371685743331909180e-01
8.739602565765380859e-01
8.275375366210937500e-01
9.106809496879577637e-01
7.322179675102233887e-01
9.366708993911743164e-01
8.064082860946655273e-01
8.750603795051574707e-01
8.024429082870483398e-01
8.189649581909179688e-01
8.948888778686523438e-01
8.165981769561767578e-01
8.974992632865905762e-01
9.269653558731079102e-01
9.358058571815490723e-01
7.141956686973571777e-01
9.433875679969787598e-01
7.186253070831298828e-01
9.270745515823364258e-01
7.662523984909057617e-01
9.135447740554809570e-01
7.224391102790832520e-01
9.648463726043701172e-01
9.412896037101745605e-01
8.932448625564575195e-01
7.778465747833251953e-01
9.374146461486816406e-01
7.378958463668823242e-01
9.156216382980346680e-01
9.367504715919494629e-01
7.774063348770141602e-01
9.626806974411010742e-01
7.926974296569824219e-01
9.645540714263916016e-01
6.416355371475219727e-01
9.844721555709838867e-01
6.568396091461181641e-01
9.752460718154907227e-01
8.923835754394531250e-01
8.837133049964904785e-01
8.967008590698242188e-01
7.590880393981933594e-01
9.330669045448303223e-01
9.120504856109619141e-01
6.950618028640747070e-01
9.447402358055114746e-01
6.701595783233642578e-01
9.049292802810668945e-01
9.215592145919799805e-01
6.401528120040893555e-01
9.758662581443786621e-01
5.205528736114501953e-01
9.838910102844238281e-01
5.373092889785766602e-01
9.291374683380126953e-01
9.301828742027282715e-01
6.546189785003662109e-01
9.593944549560546875e-01
8.047592639923095703e-01
9.032207727432250977e-01
8.691370487213134766e-01
8.700420260429382324e-01
8.194532394409179688e-01
8.637539148330688477e-01
9.436235427856445312e-01
7.747514843940734863e-01
7.610522508621215820e-01
9.726690053939819336e-01
7.670037746429443359e-01
8.850599527359008789e-01
8.365636467933654785e-01
8.292170763015747070e-01
9.235466718673706055e-01
7.548437118530273438e-01
9.606420397758483887e-01
7.298762798309326172e-01
9.065289497375488281e-01
8.507980108261108398e-01
9.105224013328552246e-01
8.659542798995971680e-01
9.204666614532470703e-01
8.210762739181518555e-01
9.486551284790039062e-01
8.482880592346191406e-01
9.240918755531311035e-01
8.972622752189636230e-01
9.165170192718505859e-01
8.522992134094238281e-01
8.551987409591674805e-01
8.855955004692077637e-01
9.083416461944580078e-01
7.569915056228637695e-01
9.340264797210693359e-01
8.228641152381896973e-01
8.166773915290832520e-01
9.781503677368164062e-01
7.782371044158935547e-01
9.414916038513183594e-01
8.372662663459777832e-01
8.991854190826416016e-01
8.644828200340270996e-01
8.802850842475891113e-01
9.392931461334228516e-01
8.734559416770935059e-01
8.570544719696044922e-01
9.256869554519653320e-01
8.694038391113281250e-01
9.121821522712707520e-01
9.085296392440795898e-01
8.646761178970336914e-01
9.456624984741210938e-01
8.624448776245117188e-01
9.233261942863464355e-01
8.320246934890747070e-01
9.652570486068725586e-01
8.269966840744018555e-01
9.161552190780639648e-01
9.305640459060668945e-01
7.036532759666442871e-01
9.698728919029235840e-01
6.857399940490722656e-01
9.743403792381286621e-01
6.732922792434692383e-01
9.311392903327941895e-01
8.323624134063720703e-01
9.136174321174621582e-01
9.376666545867919922e-01
8.936711549758911133e-01
7.351942062377929688e-01
9.795706868171691895e-01
1.640819907188415527e-01
9.902308583259582520e-01
1.511789485812187195e-02
9.889023303985595703e-01
5.548030883073806763e-02
9.749385118484497070e-01
3.267722129821777344e-01
9.178928732872009277e-01
3.285477161407470703e-01
9.391587376594543457e-01
6.442625522613525391e-01
6.765027046203613281e-01
8.255829215049743652e-01
6.123844981193542480e-01
7.344947457313537598e-01
7.118043899536132812e-01
5.796263813972473145e-01
9.015015363693237305e-01
7.469384670257568359e-01
9.094510674476623535e-01
7.857325077056884766e-01
8.156113028526306152e-01
9.413832426071166992e-01
7.077244520187377930e-01
8.326086401939392090e-01
9.497510194778442383e-01
7.284331321716308594e-01
8.493716716766357422e-01
8.760848045349121094e-01
7.556543350219726562e-01
8.469586372375488281e-01
8.233992457389831543e-01
9.452542066574096680e-01
6.147137880325317383e-01
9.764989614486694336e-01
6.833287477493286133e-01
8.152822256088256836e-01
9.350616931915283203e-01
8.701725602149963379e-01
7.864317893981933594e-01
8.720629215240478516e-01
8.463585972785949707e-01
8.815259933471679688e-01
7.436670660972595215e-01
9.319773912429809570e-01
7.294182777404785156e-01
8.667025566101074219e-01
7.706515789031982422e-01
9.134576916694641113e-01
7.923374772071838379e-01
9.036369323730468750e-01
9.101299047470092773e-01
8.510037064552307129e-01
7.382624149322509766e-01
9.445413351058959961e-01
8.940384387969970703e-01
6.049014329910278320e-01
9.665629863739013672e-01
3.879584074020385742e-01
9.550105333328247070e-01
2.860827147960662842e-01
9.732021093368530273e-01
4.368327260017395020e-01
9.719891548156738281e-01
8.157978653907775879e-01
8.471715450286865234e-01
7.701805830001831055e-01
8.990412354469299316e-01
7.010494470596313477e-01
9.367852210998535156e-01
8.612113595008850098e-01
6.831033229827880859e-01
9.500747919082641602e-01
6.153249740600585938e-01
9.156870245933532715e-01
9.153341650962829590e-01
7.074073553085327148e-01
9.362040758132934570e-01
7.882267236709594727e-01
7.943967580795288086e-01
8.942685127258300781e-01
7.312513589859008789e-01
9.243172407150268555e-01
6.892967224121093750e-01
9.134835600852966309e-01
8.920676708221435547e-01
8.452578783035278320e-01
8.552991151809692383e-01
8.089164495468139648e-01
9.176129102706909180e-01
8.682836294174194336e-01
8.434236049652099609e-01
9.506508708000183105e-01
7.121698856353759766e-01
8.971464037895202637e-01
8.013969659805297852e-01
9.448359012603759766e-01
7.238805294036865234e-01
9.440417289733886719e-01
7.251578569412231445e-01
9.737218022346496582e-01
6.562769412994384766e-01
9.145489931106567383e-01
8.364950418472290039e-01
8.223475217819213867e-01
9.792335629463195801e-01
8.917539119720458984e-01
8.320431709289550781e-01
9.211553335189819336e-01
9.139591455459594727e-01
8.440672159194946289e-01
8.231068849563598633e-01
9.052634239196777344e-01
7.521425485610961914e-01
8.751107454299926758e-01
8.262875080108642578e-01
7.893620729446411133e-01
9.475889205932617188e-01
7.603959441184997559e-01
9.234911799430847168e-01
9.112749099731445312e-01
6.866344213485717773e-01
9.732017517089843750e-01
4.128938317298889160e-01
9.885458946228027344e-01
2.101106047630310059e-01
9.646723866462707520e-01
3.358869850635528564e-01
9.922449588775634766e-01
5.749082565307617188e-01
9.063345789909362793e-01
7.481613159179687500e-01
8.252630233764648438e-01
6.636301279067993164e-01
8.702973723411560059e-01
7.785165309906005859e-01
8.951577544212341309e-01
6.525825262069702148e-01
9.246119260787963867e-01
6.299163103103637695e-01
8.652689456939697266e-01
8.660926818847656250e-01
7.359899282455444336e-01
9.337069988250732422e-01
8.290524482727050781e-01
7.696896791458129883e-01
8.402525782585144043e-01
9.183819293975830078e-01
7.087812423706054688e-01
9.147009849548339844e-01
7.892036437988281250e-01
8.245424032211303711e-01
8.677778244018554688e-01
6.936606168746948242e-01
9.210456013679504395e-01
5.104494094848632812e-01
9.002943038940429688e-01
5.238251090049743652e-01
9.411075115203857422e-01
8.465726971626281738e-01
6.595643758773803711e-01
9.511884450912475586e-01
8.930004835128784180e-01
6.911990642547607422e-01
9.561047554016113281e-01
4.052178859710693359e-01
9.404205083847045898e-01
9.442073106765747070e-01
8.588066101074218750e-01
8.334511518478393555e-01
9.123239517211914062e-01
9.072974920272827148e-01
8.290230035781860352e-01
7.896801829338073730e-01
8.044884204864501953e-01
9.495930671691894531e-01
5.620257854461669922e-01
9.464464783668518066e-01
8.590978384017944336e-01
6.728734374046325684e-01
9.730696082115173340e-01
8.426296114921569824e-01
8.822114467620849609e-01
9.178935289382934570e-01
7.795308828353881836e-01
8.722030520439147949e-01
7.840087413787841797e-01
9.532586336135864258e-01
7.611326575279235840e-01
8.903834819793701172e-01
8.699419498443603516e-01
8.974847793579101562e-01
9.137097597122192383e-01
9.170145988464355469e-01
6.758142709732055664e-01
9.451121091842651367e-01
8.185647726058959961e-01
8.755141496658325195e-01
9.195181727409362793e-01
9.241579771041870117e-01
8.517884016036987305e-01
9.769486188888549805e-01
7.529767751693725586e-01
9.131891131401062012e-01
8.638989925384521484e-01
9.090440869331359863e-01
8.316919207572937012e-01
9.120680093765258789e-01
8.686692714691162109e-01
8.431429862976074219e-01
8.978626132011413574e-01
7.669537067413330078e-01
9.077900648117065430e-01
8.505713343620300293e-01
9.240641593933105469e-01
9.189898967742919922e-01
8.572072982788085938e-01
9.076116085052490234e-01
9.144449234008789062e-01
9.204435348510742188e-01
7.650597095489501953e-01
9.524052143096923828e-01
5.049991607666015625e-01
9.666146039962768555e-01
8.565343618392944336e-01
8.256757259368896484e-01
9.698773622512817383e-01
8.162134885787963867e-01
8.427910208702087402e-01
9.468335509300231934e-01
7.313980460166931152e-01
9.347174763679504395e-01
9.708536863327026367e-01
8.236858248710632324e-01
7.058093547821044922e-01
9.805516004562377930e-01
8.217656016349792480e-01
8.592983484268188477e-01
9.505702257156372070e-01
8.524136543273925781e-01
9.612094163894653320e-01
6.426481604576110840e-01
9.789195060729980469e-01
3.319444060325622559e-01
9.767459034919738770e-01
1.873017996549606323e-01
9.911965727806091309e-01
4.839093089103698730e-01
9.624933004379272461e-01
7.747750282287597656e-01
8.630183339118957520e-01
7.468936443328857422e-01
8.843823075294494629e-01
7.257112860679626465e-01
9.037543535232543945e-01
7.481359243392944336e-01
9.011049866676330566e-01
7.331391572952270508e-01
8.714097738265991211e-01
8.936735391616821289e-01
8.021553754806518555e-01
8.954478502273559570e-01
8.076909184455871582e-01
8.213092088699340820e-01
9.381594657897949219e-01
7.570135593414306641e-01
9.366408586502075195e-01
8.843770027160644531e-01
9.347907304763793945e-01
7.651695013046264648e-01
8.953859806060791016e-01
8.444964885711669922e-01
8.776490688323974609e-01
9.206396341323852539e-01
9.154533147811889648e-01
7.810792326927185059e-01
9.503165483474731445e-01
8.127278089523315430e-01
8.853882551193237305e-01
9.366763830184936523e-01
8.101714849472045898e-01
9.611637592315673828e-01
8.222843408584594727e-01
9.217940568923950195e-01
6.472255587577819824e-01
9.601072072982788086e-01
7.001913189888000488e-01
8.584082722663879395e-01
9.546557664871215820e-01
6.989109516143798828e-01
9.360187053680419922e-01
8.718950748443603516e-01
8.380329608917236328e-01
8.191150426864624023e-01
9.699877500534057617e-01
5.644639134407043457e-01
9.356305003166198730e-01
9.657987356185913086e-01
7.645477056503295898e-01
9.484103918075561523e-01
8.417524099349975586e-01
6.903060674667358398e-01
9.590313434600830078e-01
7.012435197830200195e-01
8.901406526565551758e-01
8.068337440490722656e-01
9.002702832221984863e-01
9.475872516632080078e-01
7.816932201385498047e-01
8.976683020591735840e-01
7.954589128494262695e-01
8.455047607421875000e-01
9.424794316291809082e-01
7.357147336006164551e-01
9.512951374053955078e-01
9.250778555870056152e-01
8.266972303390502930e-01
9.648020863533020020e-01
7.656903266906738281e-01
9.365086555480957031e-01
8.335307240486145020e-01
7.932034730911254883e-01
9.302299022674560547e-01
9.156665802001953125e-01
8.794872164726257324e-01
7.953425645828247070e-01
9.584129452705383301e-01
6.729286313056945801e-01
9.695215225219726562e-01
8.379645943641662598e-01
9.007424116134643555e-01
8.490109443664550781e-01
9.094172716140747070e-01
8.390973806381225586e-01
8.835536241531372070e-01
8.186153769493103027e-01
8.631756305694580078e-01
9.096945524215698242e-01
8.776197433471679688e-01
9.073126316070556641e-01
9.588779211044311523e-01
7.110333442687988281e-01
9.385184049606323242e-01
7.268571853637695312e-01
9.580084085464477539e-01
7.863967418670654297e-01
9.361855983734130859e-01
9.163524508476257324e-01
9.119660258293151855e-01
8.048726916313171387e-01
8.761336803436279297e-01
9.384679794311523438e-01
8.968923091888427734e-01
8.719498515129089355e-01
9.561172723770141602e-01
8.058915138244628906e-01
8.592895269393920898e-01
9.757603406906127930e-01
5.600833892822265625e-01
9.877222180366516113e-01
8.369009494781494141e-01
9.194179773330688477e-01
9.251238107681274414e-01
9.046515226364135742e-01
9.476758241653442383e-01
7.707152366638183594e-01
9.038033485412597656e-01
7.959429621696472168e-01
8.211185336112976074e-01
9.690072536468505859e-01
6.165734529495239258e-01
9.679620265960693359e-01
6.983811855316162109e-01
9.325463175773620605e-01
7.610373497009277344e-01
9.687324166297912598e-01
7.796204090118408203e-01
9.409611821174621582e-01
9.071019887924194336e-01
8.672537207603454590e-01
9.058489203453063965e-01
8.717486858367919922e-01
9.571372270584106445e-01
7.809705138206481934e-01
9.560093283653259277e-01
8.235148787498474121e-01
9.256251454353332520e-01
6.986610293388366699e-01
9.860629439353942871e-01
7.210031151771545410e-02
9.574986696243286133e-01
4.696312546730041504e-01
9.862940907478332520e-01
2.142049968242645264e-01
9.834137558937072754e-01
1.669922769069671631e-01
9.902767539024353027e-01
2.115701735019683838e-01
9.146819114685058594e-01
5.895316004753112793e-01
8.663824796676635742e-01
4.216151535511016846e-01
9.144285917282104492e-01
6.637982130050659180e-01
9.035167694091796875e-01
3.810579478740692139e-01
9.433484673500061035e-01
7.912105917930603027e-01
7.052646875381469727e-01
8.730891346931457520e-01
6.207125186920166016e-01
8.923956751823425293e-01
7.070577144622802734e-01
8.830347061157226562e-01
7.217828631401062012e-01
9.035929441452026367e-01
7.291858196258544922e-01
9.119491577148437500e-01
8.150087594985961914e-01
8.679884672164916992e-01
8.146506547927856445e-01
8.965099453926086426e-01
7.177226543426513672e-01
9.241145849227905273e-01
5.188710689544677734e-01
9.685559868812561035e-01
7.753896713256835938e-01
7.906850576400756836e-01
8.225930929183959961e-01
8.850189447402954102e-01
8.460311889648437500e-01
9.416698217391967773e-01
5.954827070236206055e-01
9.880069494247436523e-01
6.612115502357482910e-01
9.100614786148071289e-01
9.165811538696289062e-01
7.840148806571960449e-01
8.235771656036376953e-01
8.949064016342163086e-01
8.889446258544921875e-01
7.186827659606933594e-01
9.643607139587402344e-01
7.934755682945251465e-01
7.315710186958312988e-01
9.304002523422241211e-01
5.912950038909912109e-01
9.344277381896972656e-01
7.991322278976440430e-01
8.770384788513183594e-01
9.591280221939086914e-01
7.821024656295776367e-01
8.792593479156494141e-01
9.234813451766967773e-01
8.894909024238586426e-01
6.635559797286987305e-01
9.563680291175842285e-01
7.125956416130065918e-01
8.923645019531250000e-01
9.631669521331787109e-01
8.828498125076293945e-01
9.277515411376953125e-01
7.210578918457031250e-01
9.691172242164611816e-01
6.119416952133178711e-01
9.635916948318481445e-01
8.614884018898010254e-01
8.157694935798645020e-01
9.265752434730529785e-01
7.915494441986083984e-01
8.269928693771362305e-01
8.980805873870849609e-01
5.983400940895080566e-01
9.641089439392089844e-01
9.415093660354614258e-01
7.705919742584228516e-01
9.442425966262817383e-01
8.669908046722412109e-01
6.949383020401000977e-01
9.769788384437561035e-01
7.246497869491577148e-01
8.241541981697082520e-01
9.600544571876525879e-01
8.143550157546997070e-01
9.323188662528991699e-01
7.229834198951721191e-01
9.278337955474853516e-01
9.105019569396972656e-01
8.303639292716979980e-01
9.225141406059265137e-01
8.052185773849487305e-01
8.984268903732299805e-01
9.095264673233032227e-01
8.074316978454589844e-01
9.751666188240051270e-01
5.925489664077758789e-01
9.623409509658813477e-01
6.505154371261596680e-01
9.555611610412597656e-01
3.411502838134765625e-01
9.610683917999267578e-01
7.782912254333496094e-01
8.051936030387878418e-01
7.777448892593383789e-01
8.252543807029724121e-01
9.158765077590942383e-01
8.301013708114624023e-01
9.222106337547302246e-01
7.916892766952514648e-01
9.632103443145751953e-01
6.272120475769042969e-01
9.752724170684814453e-01
8.056758046150207520e-01
8.645130395889282227e-01
9.312791824340820312e-01
8.038533926010131836e-01
9.478533267974853516e-01
6.694246530532836914e-01
9.520689845085144043e-01
8.907481431961059570e-01
8.496336936950683594e-01
9.218661189079284668e-01
7.856482267379760742e-01
8.955632448196411133e-01
9.149932861328125000e-01
8.113403320312500000e-01
9.328724145889282227e-01
9.007096290588378906e-01
8.677525520324707031e-01
9.291095733642578125e-01
8.480047583580017090e-01
8.981097936630249023e-01
7.756584882736206055e-01
9.184006452560424805e-01
8.045471906661987305e-01
8.279765844345092773e-01
9.700771570205688477e-01
7.304668426513671875e-01
9.516245126724243164e-01
9.255648851394653320e-01
9.295616149902343750e-01
8.164811134338378906e-01
9.286316633224487305e-01
8.845804929733276367e-01
9.292194247245788574e-01
9.550347328186035156e-01
7.694630026817321777e-01
9.491653442382812500e-01
7.999221682548522949e-01
9.135278463363647461e-01
7.830560803413391113e-01
9.429975748062133789e-01
8.511958718299865723e-01
9.719511270523071289e-01
8.683285713195800781e-01
8.394951224327087402e-01
9.621124267578125000e-01
6.880650520324707031e-01
9.740254282951354980e-01
5.186790227890014648e-01
9.639028310775756836e-01
2.168861478567123413e-01
9.777933359146118164e-01
7.653041183948516846e-02
9.893020987510681152e-01
4.766836762428283691e-01
9.428417682647705078e-01
6.067581176757812500e-01
9.204648137092590332e-01
4.851572513580322266e-01
9.512792229652404785e-01
6.976775527000427246e-01
8.177293539047241211e-01
8.965780138969421387e-01
6.932212710380554199e-01
9.070644974708557129e-01
6.333385705947875977e-01
8.239945173263549805e-01
9.231179952621459961e-01
7.629071474075317383e-01
9.150859117507934570e-01
7.281914949417114258e-01
8.829564452171325684e-01
6.498204469680786133e-01
9.282048344612121582e-01
8.974780440330505371e-01
7.804346084594726562e-01
9.294403195381164551e-01
7.821351885795593262e-01
8.881720304489135742e-01
8.027718663215637207e-01
7.955340147018432617e-01
9.246377944946289062e-01
6.792020797729492188e-01
9.886124134063720703e-01
7.947133779525756836e-01
8.754959106445312500e-01
8.322339653968811035e-01
8.295261263847351074e-01
9.176867008209228516e-01
8.452331423759460449e-01
9.704810976982116699e-01
6.318123340606689453e-01
9.337520599365234375e-01
6.682518720626831055e-01
9.840810298919677734e-01
4.380549788475036621e-01
9.088536500930786133e-01
8.038205504417419434e-01
9.450427293777465820e-01
7.153552770614624023e-01
9.531972408294677734e-01
7.042630910873413086e-01
9.491854310035705566e-01
7.665585875511169434e-01
7.197283506393432617e-01
9.813010692596435547e-01
6.671151518821716309e-01
9.459095001220703125e-01
9.508674740791320801e-01
5.255599021911621094e-01
9.836162924766540527e-01
8.700377345085144043e-01
6.637394428253173828e-01
9.736264944076538086e-01
6.213577985763549805e-01
9.630717039108276367e-01
8.351548910140991211e-01
8.648113012313842773e-01
9.368554353713989258e-01
6.834415197372436523e-01
9.531962275505065918e-01
9.435685873031616211e-01
7.370704412460327148e-01
8.460782766342163086e-01
8.829606771469116211e-01
5.591231584548950195e-01
9.809309244155883789e-01
6.528729200363159180e-01
9.314885735511779785e-01
9.296481013298034668e-01
8.370219469070434570e-01
9.108604788780212402e-01
8.661351203918457031e-01
8.774459958076477051e-01
8.427939414978027344e-01
9.013984203338623047e-01
8.712347149848937988e-01
9.303392767906188965e-01
9.141775965690612793e-01
8.585758805274963379e-01
9.086326360702514648e-01
8.054932951927185059e-01
8.956571817398071289e-01
8.323882222175598145e-01
9.239419102668762207e-01
8.540921211242675781e-01
8.294587135314941406e-01
9.495444893836975098e-01
8.012441396713256836e-01
8.802134990692138672e-01
9.088368415832519531e-01
8.542132377624511719e-01
8.760792613029479980e-01
9.019720554351806641e-01
8.513200283050537109e-01
9.083301424980163574e-01
8.331262469291687012e-01
7.984725236892700195e-01
9.818608164787292480e-01
6.273401975631713867e-01
9.514794349670410156e-01
8.453400135040283203e-01
9.471461176872253418e-01
9.454214572906494141e-01
8.541940450668334961e-01
9.073396325111389160e-01
8.602209091186523438e-01
8.840888738632202148e-01
8.319450020790100098e-01
8.605439662933349609e-01
8.281535506248474121e-01
9.544408321380615234e-01
9.306885004043579102e-01
7.510516643524169922e-01
9.585745334625244141e-01
9.344254136085510254e-01
7.912482023239135742e-01
9.447165727615356445e-01
8.217210769653320312e-01
9.384304285049438477e-01
7.957797646522521973e-01
9.525001049041748047e-01
9.630224108695983887e-01
6.605082154273986816e-01
9.691890478134155273e-01
9.150375723838806152e-01
7.893341779708862305e-01
9.465542435646057129e-01
7.715296745300292969e-01
9.777512550354003906e-01
9.704042673110961914e-01
8.070139884948730469e-01
9.275590181350708008e-01
7.783865928649902344e-01
9.323942661285400391e-01
8.055863976478576660e-01
8.763948082923889160e-01
9.490735530853271484e-01
8.102410435676574707e-01
9.468970894813537598e-01
9.082636833190917969e-01
7.988298535346984863e-01
9.794039726257324219e-01
8.640662431716918945e-01
8.945900201797485352e-01
8.842000365257263184e-01
8.670272231101989746e-01
9.586124420166015625e-01
7.738728523254394531e-01
9.716268777847290039e-01
7.851546406745910645e-01
9.099331498146057129e-01
9.727164506912231445e-01
7.772257328033447266e-01
9.680324196815490723e-01
8.080462813377380371e-01
9.604879021644592285e-01
8.890187144279479980e-01
9.098672866821289062e-01
9.064987897872924805e-01
8.844437003135681152e-01
9.564307928085327148e-01
7.857507467269897461e-01
8.751621246337890625e-01
9.709230661392211914e-01
8.004268407821655273e-01
9.564353823661804199e-01
9.544092416763305664e-01
6.574354171752929688e-01
9.887369871139526367e-01
7.370968461036682129e-01
8.248683810234069824e-01
9.554367661476135254e-01
2.343270182609558105e-01
9.913913011550903320e-01
3.920575380325317383e-01
9.970508813858032227e-01
3.581195771694183350e-01
9.597682952880859375e-01
2.710926830768585205e-01
9.865294694900512695e-01
6.194851398468017578e-01
9.243040084838867188e-01
8.797320127487182617e-01
4.961628913879394531e-01
9.692860841751098633e-01
5.725187063217163086e-01
8.378715515136718750e-01
9.526187777519226074e-01
5.326670408248901367e-01
9.367041587829589844e-01
8.528347015380859375e-01
7.792156934738159180e-01
9.391436576843261719e-01
8.157298564910888672e-01
8.932916522026062012e-01
8.280010223388671875e-01
8.937098979949951172e-01
9.093035459518432617e-01
7.654982805252075195e-01
8.824357390403747559e-01
8.796129226684570312e-01
8.020447492599487305e-01
9.217522740364074707e-01
8.149725794792175293e-01
8.832387924194335938e-01
9.185645580291748047e-01
8.818365335464477539e-01
6.128368377685546875e-01
9.687184691429138184e-01
5.122898221015930176e-01
9.139824509620666504e-01
8.775647878646850586e-01
7.016291022300720215e-01
9.156228303909301758e-01
8.551023602485656738e-01
8.732456564903259277e-01
8.840218782424926758e-01
8.665435910224914551e-01
5.199266672134399414e-01
9.840254187583923340e-01
5.147624015808105469e-01
9.290686845779418945e-01
9.625694751739501953e-01
7.399339675903320312e-01
9.455096721649169922e-01
9.478510618209838867e-01
7.136515378952026367e-01
9.654862880706787109e-01
8.238292932510375977e-01
7.551030516624450684e-01
9.391781091690063477e-01
6.991664171218872070e-01
9.159768819808959961e-01
8.773624897003173828e-01
8.075702190399169922e-01
9.570386409759521484e-01
8.800214529037475586e-01
8.448602557182312012e-01
8.744525909423828125e-01
9.213606119155883789e-01
8.471606373786926270e-01
8.911380767822265625e-01
8.773107528686523438e-01
8.531247377395629883e-01
9.065149426460266113e-01
9.166786670684814453e-01
8.488522171974182129e-01
8.865853548049926758e-01
9.358463287353515625e-01
8.465604782104492188e-01
9.131062030792236328e-01
8.615621328353881836e-01
9.539926052093505859e-01
7.686932086944580078e-01
9.409591555595397949e-01
8.480479717254638672e-01
9.003940820693969727e-01
9.133920669555664062e-01
9.261875152587890625e-01
9.039992094039916992e-01
8.681074976921081543e-01
8.427987098693847656e-01
9.075413942337036133e-01
7.210141420364379883e-01
9.851695299148559570e-01
6.692858934402465820e-01
9.468057155609130859e-01
9.519440531730651855e-01
7.395114898681640625e-01
9.306851029396057129e-01
8.440839648246765137e-01
9.313532114028930664e-01
8.043177127838134766e-01
9.210903644561767578e-01
7.284426689147949219e-01
9.796288013458251953e-01
8.703715205192565918e-01
8.345639705657958984e-01
9.369331598281860352e-01
8.638197779655456543e-01
8.295787572860717773e-01
9.723174571990966797e-01
8.002064228057861328e-01
9.590355753898620605e-01
9.047616720199584961e-01
9.222570657730102539e-01
8.933717012405395508e-01
9.723680019378662109e-01
7.439193129539489746e-01
9.013567566871643066e-01
9.723943471908569336e-01
7.422904968261718750e-01
9.833536148071289062e-01
6.885330080986022949e-01
9.586979150772094727e-01
9.342978596687316895e-01
9.308203458786010742e-01
8.656867146492004395e-01
9.564876556396484375e-01
8.073546290397644043e-01
8.728478550910949707e-01
9.401783943176269531e-01
8.379579186439514160e-01
9.034341573715209961e-01
9.481442570686340332e-01
9.124623537063598633e-01
7.973617315292358398e-01
9.482664465904235840e-01
5.175412893295288086e-01
9.784514904022216797e-01
8.048865795135498047e-01
9.191622138023376465e-01
8.277912139892578125e-01
9.536681175231933594e-01
9.515555500984191895e-01
8.583744764328002930e-01
9.506372213363647461e-01
8.490010499954223633e-01
9.329738616943359375e-01
8.964251279830932617e-01
9.478660821914672852e-01
8.687622547149658203e-01
8.996391892433166504e-01
8.444945812225341797e-01
9.512053132057189941e-01
8.778123259544372559e-01
9.059662818908691406e-01
8.677908778190612793e-01
9.475780725479125977e-01
8.691983819007873535e-01
9.406574964523315430e-01
9.147236347198486328e-01
8.027768135070800781e-01
9.565919637680053711e-01
7.910146713256835938e-01
9.345909953117370605e-01
9.218139648437500000e-01
8.345351219177246094e-01
9.245138168334960938e-01
9.462909698486328125e-01
8.172913789749145508e-01
9.334063529968261719e-01
9.214875102043151855e-01
8.905174732208251953e-01
9.483096599578857422e-01
9.209396839141845703e-01
8.599748611450195312e-01
8.950449824333190918e-01
9.280483722686767578e-01
7.896893620491027832e-01
9.407132863998413086e-01
8.256644010543823242e-01
9.263263940811157227e-01
9.214141368865966797e-01
7.627539634704589844e-01
9.638464450836181641e-01
9.037131071090698242e-01
7.622253298759460449e-01
9.943867921829223633e-01
3.549790382385253906e-01
9.831355810165405273e-01
3.837366402149200439e-02
9.856690764427185059e-01
2.534613013267517090e-02
9.861061573028564453e-01
3.720385581254959106e-02
9.676989912986755371e-01
4.051148295402526855e-01
7.935687303543090820e-01
3.862530291080474854e-01
5.406804680824279785e-01
7.902325391769409180e-01
3.761993050575256348e-01
8.510115742683410645e-01
6.058079004287719727e-01
8.256108760833740234e-01
6.654134392738342285e-01
8.046063780784606934e-01
7.956174612045288086e-01
3.718299269676208496e-01
9.298321008682250977e-01
5.491446256637573242e-01
8.744832277297973633e-01
7.386806011199951172e-01
8.482137918472290039e-01
6.678217649459838867e-01
9.268239736557006836e-01
7.752805948257446289e-01
8.309189081192016602e-01
9.386473298072814941e-01
5.753896832466125488e-01
9.639477133750915527e-01
5.173101425170898438e-01
9.442960619926452637e-01
6.830774545669555664e-01
8.815104365348815918e-01
7.766662836074829102e-01
8.350595235824584961e-01
8.413464426994323730e-01
8.260596990585327148e-01
9.389601945877075195e-01
8.209013938903808594e-01
9.047820568084716797e-01
7.938538193702697754e-01
9.269683361053466797e-01
6.748077273368835449e-01
9.294862151145935059e-01
7.721418142318725586e-01
9.017476439476013184e-01
8.870878219604492188e-01
7.398885488510131836e-01
9.497814178466796875e-01
7.006076574325561523e-01
9.252616167068481445e-01
9.139178991317749023e-01
9.089581370353698730e-01
8.182621002197265625e-01
9.332804679870605469e-01
7.703691124916076660e-01
8.833475112915039062e-01
8.489835262298583984e-01
9.591525197029113770e-01
9.238294363021850586e-01
7.474024295806884766e-01
9.212949275970458984e-01
6.671850681304931641e-01
8.572890758514404297e-01
8.292481899261474609e-01
9.114476442337036133e-01
9.182728528976440430e-01
8.567107915878295898e-01
8.870275616645812988e-01
9.680209159851074219e-01
6.885631084442138672e-01
9.427238702774047852e-01
8.736404180526733398e-01
9.151554107666015625e-01
8.537216186523437500e-01
9.457287788391113281e-01
5.320100784301757812e-01
9.721944928169250488e-01
5.768425464630126953e-01
9.577797055244445801e-01
6.631628274917602539e-01
9.344443678855895996e-01
4.843179583549499512e-01
9.608659744262695312e-01
5.332657098770141602e-01
9.593675136566162109e-01
8.426526188850402832e-01
7.616668939590454102e-01
9.391585588455200195e-01
5.756511688232421875e-01
8.914186954498291016e-01
8.290416598320007324e-01
8.735888600349426270e-01
9.453454613685607910e-01
7.144548892974853516e-01
9.847955703735351562e-01
8.966909050941467285e-01
7.388743162155151367e-01
8.637616038322448730e-01
8.799067735671997070e-01
7.458535432815551758e-01
9.107493758201599121e-01
7.689154744148254395e-01
9.357366561889648438e-01
9.152187705039978027e-01
8.787159919738769531e-01
9.232661724090576172e-01
8.992793560028076172e-01
9.045519232749938965e-01
7.824218869209289551e-01
9.380623698234558105e-01
8.755507469177246094e-01
8.298480510711669922e-01
8.972946405410766602e-01
9.183298349380493164e-01
8.895514607429504395e-01
8.701174855232238770e-01
9.697771668434143066e-01
8.130372762680053711e-01
9.782046079635620117e-01
6.209095716476440430e-01
9.413939714431762695e-01
6.821644902229309082e-01
8.998590707778930664e-01
9.275091886520385742e-01
8.998031616210937500e-01
8.286577463150024414e-01
9.399987459182739258e-01
9.079792499542236328e-01
8.369401693344116211e-01
9.263994097709655762e-01
8.854619860649108887e-01
7.777982950210571289e-01
9.494136571884155273e-01
8.969186544418334961e-01
8.852453231811523438e-01
9.252806901931762695e-01
8.234089612960815430e-01
8.486267924308776855e-01
9.241127967834472656e-01
7.810158133506774902e-01
8.779148459434509277e-01
8.303333520889282227e-01
9.090704917907714844e-01
8.985095024108886719e-01
8.352174162864685059e-01
9.596932530403137207e-01
5.820233821868896484e-01
9.616208076477050781e-01
5.250960588455200195e-01
9.818172454833984375e-01
5.247266292572021484e-01
9.805388450622558594e-01
8.336061239242553711e-01
7.896938920021057129e-01
9.672145247459411621e-01
8.115375041961669922e-01
8.292031288146972656e-01
9.890666007995605469e-01
8.490011692047119141e-01
8.931813240051269531e-01
9.101572036743164062e-01
9.182773232460021973e-01
8.665952682495117188e-01
9.249238967895507812e-01
8.326026201248168945e-01
9.153224229812622070e-01
8.422539234161376953e-01
9.431223869323730469e-01
6.843056082725524902e-01
9.116054773330688477e-01
8.934231996536254883e-01
8.519706726074218750e-01
9.253457188606262207e-01
8.519394397735595703e-01
9.206123948097229004e-01
8.963032364845275879e-01
8.574031591415405273e-01
9.371401071548461914e-01
8.814513683319091797e-01
8.658432960510253906e-01
9.222856760025024414e-01
9.250648021697998047e-01
8.535180091857910156e-01
8.180994391441345215e-01
9.270220994949340820e-01
9.079963564872741699e-01
8.730800151824951172e-01
8.788199424743652344e-01
9.546523690223693848e-01
8.988322615623474121e-01
8.783880472183227539e-01
9.028151035308837891e-01
8.916894197463989258e-01
8.378040790557861328e-01
9.506629109382629395e-01
8.866215348243713379e-01
9.012691378593444824e-01
8.779005408287048340e-01
9.779182672500610352e-01
6.286580562591552734e-01
9.778046607971191406e-01
6.551997661590576172e-01
9.443225860595703125e-01
7.379221916198730469e-01
9.258611202239990234e-01
9.249543547630310059e-01
8.672846555709838867e-01
9.769628643989562988e-01
7.469161748886108398e-01
9.436802864074707031e-01
6.560115814208984375e-01
9.811494946479797363e-01
6.961330175399780273e-01
9.778236746788024902e-01
8.041134476661682129e-01
9.146156311035156250e-01
7.961761951446533203e-01
9.181058406829833984e-01
9.119085669517517090e-01
8.831747770309448242e-01
9.030036926269531250e-01
8.432223200798034668e-01
9.265908002853393555e-01
8.235047459602355957e-01
8.903802633285522461e-01
9.633268117904663086e-01
8.360845446586608887e-01
9.447619915008544922e-01
8.843539357185363770e-01
8.875303864479064941e-01
9.718494415283203125e-01
7.460240125656127930e-01
9.591539502143859863e-01
8.040204048156738281e-01
9.398022890090942383e-01
8.665807843208312988e-01
9.385141134262084961e-01
8.131471872329711914e-01
9.709123969078063965e-01
8.691706657409667969e-01
9.219328165054321289e-01
8.591757416725158691e-01
9.231698513031005859e-01
8.803644776344299316e-01
9.099077582359313965e-01
7.734849452972412109e-01
9.525753855705261230e-01
4.932005405426025391e-01
9.754958152770996094e-01
1.733825504779815674e-01
9.941384792327880859e-01
1.080999001860618591e-01
9.870809316635131836e-01
6.186750903725624084e-02
9.880588054656982422e-01
2.290651649236679077e-01
9.540468454360961914e-01
4.607803225517272949e-01
8.676507472991943359e-01
8.409001231193542480e-01
3.778155446052551270e-01
9.661286473274230957e-01
3.534361422061920166e-01
9.437736868858337402e-01
5.455324649810791016e-01
9.282639026641845703e-01
8.524262905120849609e-01
6.057791709899902344e-01
9.257282018661499023e-01
3.046703338623046875e-01
8.984090685844421387e-01
5.660603046417236328e-01
9.402792453765869141e-01
3.062061071395874023e-01
9.499879479408264160e-01
7.183036208152770996e-01
8.304060101509094238e-01
6.263533830642700195e-01
9.309347867965698242e-01
7.422654628753662109e-01
8.624452352523803711e-01
6.842738986015319824e-01
9.253852367401123047e-01
7.703279256820678711e-01
8.386132717132568359e-01
7.904449105262756348e-01
8.866369128227233887e-01
8.542004823684692383e-01
7.916412353515625000e-01
8.894340991973876953e-01
7.915879487991333008e-01
8.406940698623657227e-01
9.133840203285217285e-01
7.832285761833190918e-01
8.994060754776000977e-01
7.596858739852905273e-01
8.622521162033081055e-01
8.164590597152709961e-01
8.815085887908935547e-01
8.846001029014587402e-01
8.971760272979736328e-01
8.515622615814208984e-01
9.179524779319763184e-01
7.319396138191223145e-01
9.211722612380981445e-01
8.636287450790405273e-01
8.648338317871093750e-01
8.545488119125366211e-01
8.591685891151428223e-01
9.322828054428100586e-01
8.418629169464111328e-01
8.790988922119140625e-01
8.599737882614135742e-01
7.669647932052612305e-01
9.527348279953002930e-01
7.611675858497619629e-01
9.534478187561035156e-01
7.969135046005249023e-01
9.096343517303466797e-01
8.358416557312011719e-01
8.760254979133605957e-01
9.725149869918823242e-01
7.846265435218811035e-01
8.365667462348937988e-01
9.582218527793884277e-01
7.342056632041931152e-01
9.631516933441162109e-01
7.093261480331420898e-01
9.513190984725952148e-01
9.295238256454467773e-01
7.166323065757751465e-01
9.835845232009887695e-01
4.726971387863159180e-01
9.514550566673278809e-01
8.677148222923278809e-01
8.048799037933349609e-01
8.871935606002807617e-01
9.279234409332275391e-01
7.111709713935852051e-01
9.557451009750366211e-01
7.338607311248779297e-01
8.685854673385620117e-01
9.321721196174621582e-01
8.929972648620605469e-01
8.647623062133789062e-01
8.613364696502685547e-01
9.265252351760864258e-01
8.093231916427612305e-01
8.988508582115173340e-01
8.022256493568420410e-01
9.863989353179931641e-01
8.135203123092651367e-01
8.943316936492919922e-01
9.520381689071655273e-01
7.925595641136169434e-01
8.802015781402587891e-01
9.400573968887329102e-01
9.411569833755493164e-01
8.632977604866027832e-01
9.333022236824035645e-01
8.652403950691223145e-01
9.281181693077087402e-01
8.920449018478393555e-01
7.742602825164794922e-01
9.781751632690429688e-01
4.759272336959838867e-01
9.642037749290466309e-01
8.674595952033996582e-01
8.902914524078369141e-01
6.629696488380432129e-01
9.890426397323608398e-01
6.203945875167846680e-01
9.373443126678466797e-01
7.189853191375732422e-01
9.674123525619506836e-01
9.026435613632202148e-01
8.934460878372192383e-01
9.059689044952392578e-01
7.742185592651367188e-01
9.210982918739318848e-01
8.559374809265136719e-01
7.769092321395874023e-01
9.718958139419555664e-01
8.099212646484375000e-01
9.081272482872009277e-01
8.824372291564941406e-01
8.775448799133300781e-01
7.628343701362609863e-01
9.680737257003784180e-01
5.418004989624023438e-01
8.918664455413818359e-01
7.824653387069702148e-01
9.531631469726562500e-01
4.793675541877746582e-01
9.744024872779846191e-01
2.237705886363983154e-01
9.933509826660156250e-01
2.043540179729461670e-01
9.686574935913085938e-01
5.042848587036132812e-01
9.878153800964355469e-01
7.974325418472290039e-01
8.316645622253417969e-01
9.735049009323120117e-01
5.146327614784240723e-01
9.400047063827514648e-01
4.539201855659484863e-01
9.512034654617309570e-01
8.694567084312438965e-01
7.875950336456298828e-01
8.445538282394409180e-01
7.503247261047363281e-01
8.183012604713439941e-01
9.111418724060058594e-01
7.392040491104125977e-01
8.465616703033447266e-01
9.499667882919311523e-01
7.076694965362548828e-01
9.491244554519653320e-01
8.452844619750976562e-01
7.872194647789001465e-01
9.251025915145874023e-01
8.619236946105957031e-01
8.651952743530273438e-01
8.663107156753540039e-01
8.556013107299804688e-01
9.100934863090515137e-01
7.518342733383178711e-01
9.618255496025085449e-01
8.011636734008789062e-01
8.607232570648193359e-01
9.545342922210693359e-01
9.044059514999389648e-01
7.435839176177978516e-01
9.216828942298889160e-01
6.470109224319458008e-01
9.842929840087890625e-01
8.104646205902099609e-01
8.757928609848022461e-01
9.359569549560546875e-01
8.554036617279052734e-01
8.960222005844116211e-01
9.187101721763610840e-01
9.038370251655578613e-01
9.220992326736450195e-01
8.274343013763427734e-01
9.620964527130126953e-01
7.435503005981445312e-01
9.261112809181213379e-01
9.398292303085327148e-01
7.819963693618774414e-01
8.924618959426879883e-01
9.515720009803771973e-01
8.082993030548095703e-01
9.295941591262817383e-01
8.460909128189086914e-01
9.604970812797546387e-01
6.674373745918273926e-01
9.749644994735717773e-01
6.108523607254028320e-01
7.982838749885559082e-01
9.880977869033813477e-01
3.993860483169555664e-01
9.751276969909667969e-01
2.360714375972747803e-01
9.951316714286804199e-01
7.460475564002990723e-01
8.189654946327209473e-01
9.229112267494201660e-01
8.473581671714782715e-01
6.967346668243408203e-01
9.108208417892456055e-01
5.507204532623291016e-01
9.742846488952636719e-01
8.421031236648559570e-01
8.099020719528198242e-01
8.943213224411010742e-01
8.333518505096435547e-01
8.604120016098022461e-01
9.357833266258239746e-01
7.846673727035522461e-01
9.221361875534057617e-01
8.598880767822265625e-01
7.420731782913208008e-01
9.207746982574462891e-01
9.227876067161560059e-01
8.036047816276550293e-01
9.521195888519287109e-01
9.237112402915954590e-01
6.912537813186645508e-01
9.567937850952148438e-01
5.506409406661987305e-01
8.009508252143859863e-01
9.833372831344604492e-01
6.433013677597045898e-01
9.507217407226562500e-01
9.399685859680175781e-01
9.602627754211425781e-01
8.473154306411743164e-01
8.187485933303833008e-01
9.648299217224121094e-01
8.311970829963684082e-01
8.382778763771057129e-01
9.667554497718811035e-01
9.124681949615478516e-01
7.748551964759826660e-01
9.571980237960815430e-01
7.163733243942260742e-01
9.594992399215698242e-01
8.484135270118713379e-01
9.212296605110168457e-01
7.691252231597900391e-01
9.742574691772460938e-01
8.045812845230102539e-01
9.205638170242309570e-01
9.079892039299011230e-01
9.206607341766357422e-01
8.422716856002807617e-01
9.300112724304199219e-01
8.992066383361816406e-01
8.642468452453613281e-01
9.024070501327514648e-01
8.896007537841796875e-01
9.122185707092285156e-01
8.684635162353515625e-01
8.794998526573181152e-01
8.487390875816345215e-01
7.825371623039245605e-01
9.647316932678222656e-01
8.479198217391967773e-01
8.701345920562744141e-01
9.585539102554321289e-01
6.155530810356140137e-01
9.703885316848754883e-01
6.705180406570434570e-01
9.481747746467590332e-01
8.385868072509765625e-01
9.202294349670410156e-01
8.924534320831298828e-01
9.317330121994018555e-01
8.620414137840270996e-01
8.435288667678833008e-01
9.769035577774047852e-01
8.414576053619384766e-01
8.490386605262756348e-01
9.533461928367614746e-01
8.895119428634643555e-01
9.446009993553161621e-01
7.235876321792602539e-01
9.608706235885620117e-01
9.135150313377380371e-01
8.176953196525573730e-01
9.403992891311645508e-01
9.177148342132568359e-01
8.902274966239929199e-01
9.472566843032836914e-01
9.493573904037475586e-01
8.306373953819274902e-01
9.570876955986022949e-01
7.374740839004516602e-01
9.679932594299316406e-01
2.980954647064208984e-01
9.905812740325927734e-01
3.709254264831542969e-01
9.546656608581542969e-01
4.154732823371887207e-01
9.942912459373474121e-01
5.428337454795837402e-01
8.710900545120239258e-01
9.332634210586547852e-01
6.311163306236267090e-01
9.642430543899536133e-01
5.856248140335083008e-01
9.014385938644409180e-01
7.998533248901367188e-01
8.126633167266845703e-01
8.376521468162536621e-01
9.233528375625610352e-01
8.969815969467163086e-01
8.246186375617980957e-01
8.938362002372741699e-01
8.808817863464355469e-01
8.833463788032531738e-01
8.889656066894531250e-01
8.061673641204833984e-01
9.313542842864990234e-01
8.975330591201782227e-01
8.910307288169860840e-01
8.001480102539062500e-01
9.497648477554321289e-01
7.127606868743896484e-01
8.151406645774841309e-01
9.863764643669128418e-01
4.016437530517578125e-01
9.767828583717346191e-01
8.237085342407226562e-01
7.957935929298400879e-01
9.652153849601745605e-01
8.362047672271728516e-01
9.719589948654174805e-01
8.686617612838745117e-01
8.747678399085998535e-01
9.664055705070495605e-01
4.911081492900848389e-01
9.535271525382995605e-01
2.766171097755432129e-01
9.923060536384582520e-01
6.573083996772766113e-01
9.316490888595581055e-01
9.549292922019958496e-01
7.037876844406127930e-01
9.201049804687500000e-01
8.787484765052795410e-01
8.239565491676330566e-01
8.730261325836181641e-01
7.748082876205444336e-01
9.511314630508422852e-01
7.785426974296569824e-01
9.390715360641479492e-01
9.505663514137268066e-01
8.056912422180175781e-01
9.151316285133361816e-01
9.416252374649047852e-01
8.328627943992614746e-01
6.930656433105468750e-01
9.801826477050781250e-01
3.447611331939697266e-01
9.917846918106079102e-01
1.035410910844802856e-01
9.509765505790710449e-01
3.911702036857604980e-01
9.896366000175476074e-01
6.444448828697204590e-01
7.628405690193176270e-01
9.657251238822937012e-01
6.671007275581359863e-01
9.520066976547241211e-01
6.619961261749267578e-01
9.614568948745727539e-01
6.745079755783081055e-01
8.877177834510803223e-01
8.186976909637451172e-01
8.816645145416259766e-01
8.472343683242797852e-01
8.942300081253051758e-01
7.713636159896850586e-01
8.394124507904052734e-01
5.533825755119323730e-01
9.575651884078979492e-01
7.958537340164184570e-01
7.630395889282226562e-01
9.560257196426391602e-01
8.984373211860656738e-01
7.629146575927734375e-01
9.581973552703857422e-01
3.282670080661773682e-01
9.024180173873901367e-01
9.446901679039001465e-01
7.525568008422851562e-01
8.719393014907836914e-01
9.383863210678100586e-01
7.866747379302978516e-01
8.285463452339172363e-01
9.517668485641479492e-01
6.484313011169433594e-01
9.527031779289245605e-01
9.133990406990051270e-01
7.676839828491210938e-01
9.535770416259765625e-01
7.995995283126831055e-01
9.327437877655029297e-01
8.129055500030517578e-01
9.629856348037719727e-01
8.773586750030517578e-01
8.208168745040893555e-01
9.457434415817260742e-01
9.288232922554016113e-01
8.170576095581054688e-01
8.807741999626159668e-01
9.319716691970825195e-01
7.874296903610229492e-01
9.010308980941772461e-01
9.663726091384887695e-01
8.455611467361450195e-01
8.676277995109558105e-01
8.374977111816406250e-01
9.037070274353027344e-01
8.651433587074279785e-01
8.676772117614746094e-01
9.011857509613037109e-01
9.422502517700195312e-01
7.799912095069885254e-01
9.650899171829223633e-01
9.210426807403564453e-01
8.891018629074096680e-01
8.331718444824218750e-01
9.655141234397888184e-01
8.875603079795837402e-01
7.885745763778686523e-01
9.701299667358398438e-01
6.175795793533325195e-01
9.693119525909423828e-01
8.100092411041259766e-01
8.989931941032409668e-01
8.819165825843811035e-01
8.948110938072204590e-01
9.298540353775024414e-01
8.406039476394653320e-01
8.254579901695251465e-01
9.293022155761718750e-01
9.020811319351196289e-01
8.825014233589172363e-01
9.570391178131103516e-01
9.515554904937744141e-01
8.348959684371948242e-01
9.363464713096618652e-01
8.223369121551513672e-01
9.743028879165649414e-01
9.071679711341857910e-01
8.769975900650024414e-01
9.377186894416809082e-01
8.383874297142028809e-01
9.250729084014892578e-01
9.156930446624755859e-01
9.369198679924011230e-01
8.147062659263610840e-01
8.573206067085266113e-01
9.649375081062316895e-01
7.832902669906616211e-01
9.274357557296752930e-01
8.531385064125061035e-01
8.678940534591674805e-01
9.638093113899230957e-01
7.472941875457763672e-01
8.549681305885314941e-01
9.678920507431030273e-01
8.128005266189575195e-01
9.269465804100036621e-01
9.355658292770385742e-01
9.688127636909484863e-01
7.457435131072998047e-01
9.670168161392211914e-01
6.595519185066223145e-01
8.952779173851013184e-01
9.485170841217041016e-01
8.544862270355224609e-01
9.658375978469848633e-01
9.314901828765869141e-01
8.471645116806030273e-01
9.597569704055786133e-01
6.143954992294311523e-01
9.755141139030456543e-01
6.287114620208740234e-01
9.243936538696289062e-01
9.716349244117736816e-01
7.815696001052856445e-01
9.365893006324768066e-01
7.671867012977600098e-01
9.731776714324951172e-01
8.713902831077575684e-01
9.718253612518310547e-01
9.486912488937377930e-01
7.702866196632385254e-01
9.831328392028808594e-01
7.883967161178588867e-01
8.967463374137878418e-01
9.560771584510803223e-01
9.177498817443847656e-01
8.760995864868164062e-01
7.320424318313598633e-01
9.634178876876831055e-01
8.410603404045104980e-01
9.112299084663391113e-01
9.002656936645507812e-01
8.521167039871215820e-01
9.344345331192016602e-01
8.521249890327453613e-01
8.948863744735717773e-01
9.355047941207885742e-01
8.887453675270080566e-01
8.725724220275878906e-01
8.258329629898071289e-01
9.472794532775878906e-01
8.897314071655273438e-01
8.689682483673095703e-01
9.500863552093505859e-01
7.258643507957458496e-01
9.543259143829345703e-01
8.823968172073364258e-01
9.419857263565063477e-01
8.780730366706848145e-01
8.577165603637695312e-01
9.525640606880187988e-01
8.611677289009094238e-01
9.835537075996398926e-01
7.780373096466064453e-01
9.880247712135314941e-01
9.189665317535400391e-01
7.108112573623657227e-01
9.787980318069458008e-01
7.360605597496032715e-01
9.475281238555908203e-01
9.237279891967773438e-01
8.650272488594055176e-01
9.231662750244140625e-01
9.030197858810424805e-01
9.518837332725524902e-01
7.642678022384643555e-01
9.769310951232910156e-01
8.931064009666442871e-01
8.341590166091918945e-01
9.564304351806640625e-01
9.187226295471191406e-01
8.896420001983642578e-01
9.078571200370788574e-01
7.158195376396179199e-01
9.799131155014038086e-01
8.490554094314575195e-01
7.580274939537048340e-01
9.815936684608459473e-01
8.542664051055908203e-01
9.391684532165527344e-01
8.070106506347656250e-01
9.303283691406250000e-01
7.655934095382690430e-01
9.786555171012878418e-01
8.895742893218994141e-01
9.596727490425109863e-01
9.039864540100097656e-01
8.024882078170776367e-01
9.768071174621582031e-01
6.989420652389526367e-01
9.340819120407104492e-01
7.866473793983459473e-01
9.652674198150634766e-01
9.098266959190368652e-01
8.857566118240356445e-01
9.351427555084228516e-01
8.559184074401855469e-01
9.280251264572143555e-01
9.499878883361816406e-01
6.462236642837524414e-01
9.850767850875854492e-01
7.181339263916015625e-01
9.755937457084655762e-01
7.431614398956298828e-01
9.760656356811523438e-01
1.918101161718368530e-01
9.919882416725158691e-01
1.274409890174865723e-02
9.920285940170288086e-01
4.188046976923942566e-02
9.905878901481628418e-01
1.154381185770034790e-01
9.427876472473144531e-01
3.625991642475128174e-01
8.207536935806274414e-01
4.407611489295959473e-01
7.528897523880004883e-01
5.499675273895263672e-01
7.631515264511108398e-01
2.948138713836669922e-01
9.451702237129211426e-01
4.740933179855346680e-01
9.124605655670166016e-01
6.152414083480834961e-01
8.513985872268676758e-01
7.019307613372802734e-01
8.223883509635925293e-01
8.000273704528808594e-01
8.187156915664672852e-01
9.010510444641113281e-01
6.456978321075439453e-01
9.495229721069335938e-01
6.357228755950927734e-01
8.816583156585693359e-01
9.486191272735595703e-01
7.116446495056152344e-01
9.093320369720458984e-01
7.887467741966247559e-01
7.764812707901000977e-01
8.268365859985351562e-01
8.714032173156738281e-01
8.512931466102600098e-01
8.600393533706665039e-01
8.592847585678100586e-01
8.792190551757812500e-01
7.822295427322387695e-01
9.187941551208496094e-01
7.681555747985839844e-01
8.776414394378662109e-01
8.533505797386169434e-01
9.304360747337341309e-01
6.985103487968444824e-01
9.265741705894470215e-01
8.032333850860595703e-01
9.073088765144348145e-01
8.854672908782958984e-01
8.940637111663818359e-01
6.764091253280639648e-01
9.784124493598937988e-01
6.880553960800170898e-01
9.134929776191711426e-01
9.086641073226928711e-01
7.420994639396667480e-01
9.275741577148437500e-01
7.587383985519409180e-01
8.898431062698364258e-01
8.501383066177368164e-01
9.255906939506530762e-01
7.536919713020324707e-01
9.080935716629028320e-01
7.950108051300048828e-01
8.965201377868652344e-01
9.381722211837768555e-01
7.446745038032531738e-01
9.581954479217529297e-01
8.612875938415527344e-01
8.296610116958618164e-01
9.416093826293945312e-01
9.056864976882934570e-01
7.697842121124267578e-01
9.247863888740539551e-01
8.655052781105041504e-01
9.562413692474365234e-01
9.080995321273803711e-01
8.145905733108520508e-01
8.941730260848999023e-01
8.967493772506713867e-01
9.257822036743164062e-01
8.263409733772277832e-01
9.198228120803833008e-01
9.168826341629028320e-01
9.563661813735961914e-01
8.313552141189575195e-01
9.500491023063659668e-01
8.975107073783874512e-01
8.983526825904846191e-01
8.835484385490417480e-01
8.536484837532043457e-01
9.390715360641479492e-01
8.727576732635498047e-01
8.324170112609863281e-01
9.081216454505920410e-01
8.494485616683959961e-01
8.921852111816406250e-01
8.182208538055419922e-01
9.467426538467407227e-01
7.168679833412170410e-01
9.483364224433898926e-01
8.921468853950500488e-01
9.449372291564941406e-01
9.227977395057678223e-01
8.532307147979736328e-01
9.673325419425964355e-01
6.555866003036499023e-01
9.666646718978881836e-01
3.044439554214477539e-01
9.736214876174926758e-01
2.305094599723815918e-01
9.505891799926757812e-01
1.932321488857269287e-01
9.847097396850585938e-01
5.102467536926269531e-01
8.774963617324829102e-01
7.055217623710632324e-01
7.870101928710937500e-01
8.412157297134399414e-01
7.237218618392944336e-01
8.859698772430419922e-01
5.828342437744140625e-01
8.585720658302307129e-01
8.704746961593627930e-01
5.547856092453002930e-01
9.656937718391418457e-01
6.435421705245971680e-01
9.229329824447631836e-01
9.524984955787658691e-01
7.453544735908508301e-01
9.235002994537353516e-01
7.242777347564697266e-01
9.628650546073913574e-01
7.745043635368347168e-01
8.376537561416625977e-01
8.837068080902099609e-01
8.213084340095520020e-01
8.476471900939941406e-01
9.282526969909667969e-01
8.154382109642028809e-01
8.671821355819702148e-01
9.212962985038757324e-01
8.213428258895874023e-01
7.927885055541992188e-01
9.573905467987060547e-01
3.656833469867706299e-01
9.434192180633544922e-01
8.361648917198181152e-01
8.974237442016601562e-01
8.803662657737731934e-01
8.548560142517089844e-01
7.635587453842163086e-01
9.845597743988037109e-01
4.701902270317077637e-01
9.692893028259277344e-01
8.565869331359863281e-01
8.797834515571594238e-01
9.491268992424011230e-01
8.287727236747741699e-01
9.424132108688354492e-01
8.564410209655761719e-01
8.833310604095458984e-01
8.286600112915039062e-01
8.951719999313354492e-01
8.843632936477661133e-01
8.234410285949707031e-01
9.620928764343261719e-01
8.020797967910766602e-01
9.243091940879821777e-01
8.640508651733398438e-01
8.744576573371887207e-01
8.850998878479003906e-01
8.265239000320434570e-01
8.711870908737182617e-01
9.718701243400573730e-01
8.713219165802001953e-01
8.466168045997619629e-01
9.264119863510131836e-01
9.322195053100585938e-01
9.124820232391357422e-01
6.996102929115295410e-01
9.859706163406372070e-01
6.762610077857971191e-01
9.128671884536743164e-01
9.563561677932739258e-01
7.447553873062133789e-01
9.281648993492126465e-01
8.597123622894287109e-01
8.595312833786010742e-01
8.997688889503479004e-01
9.175753593444824219e-01
8.358200788497924805e-01
9.296746253967285156e-01
8.918601274490356445e-01
9.162670373916625977e-01
9.426137208938598633e-01
6.867210865020751953e-01
9.719429612159729004e-01
8.312463760375976562e-01
7.139615416526794434e-01
9.925069212913513184e-01
8.771965503692626953e-01
7.604671120643615723e-01
9.782569408416748047e-01
8.970516920089721680e-01
8.598387241363525391e-01
9.556540250778198242e-01
6.968846321105957031e-01
9.708330631256103516e-01
8.151400685310363770e-01
8.247550725936889648e-01
9.541243314743041992e-01
6.599555611610412598e-01
9.873409271240234375e-01
7.370210886001586914e-01
9.206284284591674805e-01
9.655698537826538086e-01
7.965579628944396973e-01
9.582811594009399414e-01
8.833853006362915039e-01
8.111113905906677246e-01
9.815190434455871582e-01
6.688488721847534180e-01
9.651503562927246094e-01
8.832760453224182129e-01
8.816273212432861328e-01
9.366882443428039551e-01
9.485159516334533691e-01
8.653688430786132812e-01
9.230121970176696777e-01
9.152625799179077148e-01
8.226742148399353027e-01
9.543085098266601562e-01
9.353215098381042480e-01
7.552162408828735352e-01
9.457369446754455566e-01
6.379888653755187988e-01
9.447317719459533691e-01
8.093662261962890625e-01
9.110758304595947266e-01
7.257671356201171875e-01
9.802543520927429199e-01
5.265785455703735352e-01
9.807698726654052734e-01
7.116488218307495117e-01
9.585795402526855469e-01
8.271777033805847168e-01
9.188644289970397949e-01
8.652355074882507324e-01
7.771845459938049316e-01
9.479724168777465820e-01
4.903241991996765137e-01
9.897016286849975586e-01
6.981241703033447266e-01
9.664430022239685059e-01
5.432053804397583008e-01
9.950010180473327637e-01
7.594420313835144043e-01
9.741214513778686523e-01
9.254958629608154297e-01
8.709676265716552734e-01
8.974545001983642578e-01
9.019096493721008301e-01
8.770803213119506836e-01
9.219077825546264648e-01
9.315590858459472656e-01
8.799146413803100586e-01
8.621813654899597168e-01
9.407013058662414551e-01
7.890564203262329102e-01
8.740106225013732910e-01
9.043424129486083984e-01
8.930375576019287109e-01
9.052976965904235840e-01
8.273599147796630859e-01
9.433962106704711914e-01
8.911066055297851562e-01
9.379578828811645508e-01
8.343496322631835938e-01
9.716441631317138672e-01
9.060424566268920898e-01
7.941178083419799805e-01
9.852651357650756836e-01
5.666182041168212891e-01
9.665995836257934570e-01
7.877610921859741211e-01
7.186523675918579102e-01
9.780777692794799805e-01
1.925175487995147705e-01
9.920684099197387695e-01
5.936425179243087769e-02
9.805366396903991699e-01
3.702718615531921387e-01
9.758279323577880859e-01
6.871107220649719238e-01
7.303040623664855957e-01
9.136718511581420898e-01
4.929859936237335205e-01
9.501670002937316895e-01
6.420887708663940430e-01
8.553437590599060059e-01
8.730716705322265625e-01
5.182766914367675781e-01
9.645047187805175781e-01
7.162965536117553711e-01
8.857142925262451172e-01
9.407623410224914551e-01
8.773896098136901855e-01
8.630537986755371094e-01
7.945615649223327637e-01
8.857510089874267578e-01
6.684864759445190430e-01
9.460600614547729492e-01
8.351271152496337891e-01
8.817331790924072266e-01
9.566202163696289062e-01
9.084004163742065430e-01
8.433490991592407227e-01
8.793370723724365234e-01
8.653847575187683105e-01
8.344577550888061523e-01
9.412035346031188965e-01
8.222695589065551758e-01
9.228944182395935059e-01
8.668140172958374023e-01
9.367547035217285156e-01
8.286683559417724609e-01
9.275327324867248535e-01
8.148038983345031738e-01
9.331697225570678711e-01
7.552083730697631836e-01
9.686781764030456543e-01
6.822785139083862305e-01
9.472693204879760742e-01
9.571554660797119141e-01
8.610341548919677734e-01
9.474326372146606445e-01
6.186766624450683594e-01
9.826902151107788086e-01
5.375829339027404785e-01
9.752544164657592773e-01
8.440924882888793945e-01
7.582849860191345215e-01
9.830677509307861328e-01
6.523637771606445312e-01
9.289606809616088867e-01
9.094390869140625000e-01
8.374713063240051270e-01
8.779003620147705078e-01
8.074263930320739746e-01
8.809576034545898438e-01
9.407829642295837402e-01
8.018613457679748535e-01
8.873855471611022949e-01
8.340963125228881836e-01
8.854894042015075684e-01
8.845901489257812500e-01
8.346243500709533691e-01
9.254387021064758301e-01
9.267486333847045898e-01
8.525629043579101562e-01
9.629481434822082520e-01
7.917475104331970215e-01
9.777685403823852539e-01
8.880925774574279785e-01
7.184679508209228516e-01
9.817002415657043457e-01
8.054372072219848633e-01
9.227201938629150391e-01
8.523985147476196289e-01
9.610247611999511719e-01
7.645241022109985352e-01
9.160296916961669922e-01
9.235181808471679688e-01
9.288291931152343750e-01
9.112924337387084961e-01
9.206554889678955078e-01
9.720658063888549805e-01
6.609632968902587891e-01
9.832042455673217773e-01
3.305459916591644287e-01
9.405632019042968750e-01
8.515001535415649414e-01
7.881867885589599609e-01
9.156817197799682617e-01
5.852910280227661133e-01
9.926373958587646484e-01
8.025239706039428711e-01
8.221791386604309082e-01
9.496782422065734863e-01
9.485520124435424805e-01
5.645076036453247070e-01
9.853934049606323242e-01
3.818337917327880859e-01
9.943604469299316406e-01
2.531582117080688477e-01
9.803677797317504883e-01
5.989557877182960510e-02
9.980105757713317871e-01
1.415444761514663696e-01
9.789539575576782227e-01
2.017988711595535278e-01
9.923557639122009277e-01
4.783915281295776367e-01
8.871880769729614258e-01
4.419730901718139648e-01
9.262472987174987793e-01
7.393523454666137695e-01
7.848571538925170898e-01
8.566405773162841797e-01
7.147965431213378906e-01
8.550493121147155762e-01
7.876759767532348633e-01
9.103967547416687012e-01
7.123874425888061523e-01
9.187709093093872070e-01
7.248693704605102539e-01
8.527961969375610352e-01
8.727543354034423828e-01
7.249190807342529297e-01
8.599756956100463867e-01
8.114124536514282227e-01
8.962742090225219727e-01
8.943805694580078125e-01
8.870236873626708984e-01
8.115392327308654785e-01
8.924293518066406250e-01
7.800469994544982910e-01
9.060041308403015137e-01
9.019999504089355469e-01
8.202949166297912598e-01
7.701267004013061523e-01
8.441964387893676758e-01
9.448808431625366211e-01
8.395847678184509277e-01
8.888317942619323730e-01
8.508709669113159180e-01
7.956095933914184570e-01
9.539564847946166992e-01
8.888840675354003906e-01
8.675844073295593262e-01
9.179788827896118164e-01
8.508619070053100586e-01
8.523838520050048828e-01
8.929618597030639648e-01
9.265921115875244141e-01
8.080722093582153320e-01
9.291266202926635742e-01
8.461823463439941406e-01
8.447523117065429688e-01
9.226592779159545898e-01
9.241992235183715820e-01
8.741686940193176270e-01
9.433791041374206543e-01
8.317990303039550781e-01
9.100204706192016602e-01
7.143381834030151367e-01
9.731134176254272461e-01
7.591789364814758301e-01
9.691366553306579590e-01
9.574155807495117188e-01
8.978890180587768555e-01
9.093526601791381836e-01
9.031304717063903809e-01
9.056564569473266602e-01
7.050075531005859375e-01
9.654970169067382812e-01
6.239856481552124023e-01
9.259560108184814453e-01
9.018011093139648438e-01
4.205608367919921875e-01
9.910197854042053223e-01
2.623227797448635101e-02
9.388970136642456055e-01
3.768207132816314697e-01
9.170980453491210938e-01
6.844358444213867188e-01
5.194512009620666504e-01
8.552830219268798828e-01
7.245501279830932617e-01
5.877883434295654297e-01
9.224251508712768555e-01
7.668857574462890625e-01
9.319751262664794922e-01
4.141500592231750488e-01
9.089978933334350586e-01
6.961050629615783691e-01
8.562572598457336426e-01
8.162897825241088867e-01
7.825659513473510742e-01
9.549021720886230469e-01
7.271592617034912109e-01
8.361037373542785645e-01
8.751059174537658691e-01
8.517113327980041504e-01
8.064125776290893555e-01
8.938180208206176758e-01
6.008096337318420410e-01
9.541161060333251953e-01
7.042503356933593750e-01
9.680824279785156250e-01
8.291114568710327148e-01
8.281146287918090820e-01
8.241139054298400879e-01
9.435769915580749512e-01
8.465833067893981934e-01
8.126200437545776367e-01
9.068300724029541016e-01
9.041181206703186035e-01
8.737225532531738281e-01
8.396787047386169434e-01
9.450538158416748047e-01
4.575141072273254395e-01
9.656746983528137207e-01
9.316951632499694824e-01
8.892544507980346680e-01
9.063023328781127930e-01
8.673139810562133789e-01
7.767797708511352539e-01
9.345138669013977051e-01
6.797425746917724609e-01
9.492788314819335938e-01
7.596526145935058594e-01
9.273802042007446289e-01
6.603105068206787109e-01
9.616845846176147461e-01
3.527591228485107422e-01
9.581133127212524414e-01
7.581117153167724609e-01
8.994282484054565430e-01
7.607167959213256836e-01
9.484069347381591797e-01
9.395906925201416016e-01
6.143435239791870117e-01
9.146306514739990234e-01
8.210228681564331055e-01
9.365225434303283691e-01
9.606559276580810547e-01
9.179410338401794434e-01
7.483609914779663086e-01
9.652599096298217773e-01
7.121690511703491211e-01
8.671131730079650879e-01
9.494801759719848633e-01
8.136442899703979492e-01
9.563908576965332031e-01
8.404457569122314453e-01
9.351742267608642578e-01
8.675985336303710938e-01
9.145516157150268555e-01
9.282934665679931641e-01
8.759286403656005859e-01
8.442130088806152344e-01
8.991660475730895996e-01
8.688281774520874023e-01
8.533605933189392090e-01
9.104371666908264160e-01
9.087859988212585449e-01
8.912321329116821289e-01
8.149276971817016602e-01
9.615998268127441406e-01
7.879315614700317383e-01
9.288321733474731445e-01
9.384233355522155762e-01
8.370985984802246094e-01
9.345822334289550781e-01
9.423481225967407227e-01
8.544845581054687500e-01
8.644508719444274902e-01
9.271037578582763672e-01
8.552601337432861328e-01
8.696093559265136719e-01
9.043364524841308594e-01
8.879052400588989258e-01
8.860588669776916504e-01
9.504792690277099609e-01
9.259982109069824219e-01
8.326038718223571777e-01
9.344989061355590820e-01
9.730389714241027832e-01
8.155097961425781250e-01
9.147544503211975098e-01
8.400396704673767090e-01
9.266760945320129395e-01
9.158246517181396484e-01
8.997177481651306152e-01
8.739975690841674805e-01
9.462911486625671387e-01
8.278505802154541016e-01
9.262044429779052734e-01
8.911929130554199219e-01
9.206423759460449219e-01
9.268065094947814941e-01
8.765218257904052734e-01
9.141963124275207520e-01
9.211196303367614746e-01
8.070366978645324707e-01
9.217565059661865234e-01
9.206981658935546875e-01
8.671432733535766602e-01
9.463533163070678711e-01
9.794710874557495117e-01
8.501175642013549805e-01
9.115573167800903320e-01
9.227298498153686523e-01
8.113335371017456055e-01
9.211651086807250977e-01
9.346594214439392090e-01
6.840879917144775391e-01
9.755687117576599121e-01
9.180085659027099609e-01
7.377989292144775391e-01
9.677541255950927734e-01
9.490776062011718750e-01
8.116391897201538086e-01
9.645460247993469238e-01
9.520946145057678223e-01
7.450692653656005859e-01
9.452210664749145508e-01
9.600488543510437012e-01
7.688366174697875977e-01
9.555693864822387695e-01
8.895126581192016602e-01
8.677094578742980957e-01
9.594892263412475586e-01
8.751143813133239746e-01
9.292876124382019043e-01
8.667486310005187988e-01
9.364256858825683594e-01
9.576421380043029785e-01
6.918271780014038086e-01
9.800894260406494141e-01
8.963824510574340820e-01
8.085373640060424805e-01
9.737962484359741211e-01
9.363465309143066406e-01
8.409175872802734375e-01
9.320590496063232422e-01
9.495095014572143555e-01
8.950235843658447266e-01
9.071207046508789062e-01
8.785626888275146484e-01
9.510178565979003906e-01
9.576279520988464355e-01
8.372699022293090820e-01
9.390966296195983887e-01
9.585589766502380371e-01
8.971511125564575195e-01
8.523172736167907715e-01
9.569692611694335938e-01
8.919906020164489746e-01
9.383265376091003418e-01
9.310021400451660156e-01
9.019752740859985352e-01
9.257676601409912109e-01
8.939822912216186523e-01
9.326812028884887695e-01
8.760550618171691895e-01
9.292150735855102539e-01
9.230800867080688477e-01
9.308518171310424805e-01
8.876883983612060547e-01
9.503586292266845703e-01
8.170257806777954102e-01
9.645656347274780273e-01
7.100440263748168945e-01
9.231525659561157227e-01
8.935424089431762695e-01
8.785117268562316895e-01
8.834972977638244629e-01
9.898142814636230469e-01
8.925641775131225586e-01
9.377609491348266602e-01
8.937457799911499023e-01
9.495028257369995117e-01
9.548683166503906250e-01
9.039716720581054688e-01
8.826033473014831543e-01
9.086179733276367188e-01
9.474422931671142578e-01
9.085998535156250000e-01
8.896107077598571777e-01
9.498853683471679688e-01
8.539073467254638672e-01
9.376559257507324219e-01
8.613053560256958008e-01
9.436765909194946289e-01
7.232207059860229492e-01
9.814456105232238770e-01
7.714983224868774414e-01
9.337309598922729492e-01
9.317658543586730957e-01
8.602891564369201660e-01
9.409296512603759766e-01
8.901038169860839844e-01
9.249133467674255371e-01
9.079445600509643555e-01
9.078937172889709473e-01
8.988356590270996094e-01
9.518886804580688477e-01
8.978916406631469727e-01
9.438630342483520508e-01
8.868202567100524902e-01
9.494805932044982910e-01
8.854075670242309570e-01
9.309313297271728516e-01
9.113060832023620605e-01
8.132092356681823730e-01
7.862522006034851074e-01
9.954471588134765625e-01
1.548693776130676270e-01
9.965181350708007812e-01
5.417212098836898804e-02
9.756360054016113281e-01
1.648763567209243774e-01
9.932031035423278809e-01
5.279668569564819336e-01
8.522186875343322754e-01
7.765065431594848633e-01
7.637006044387817383e-01
7.124622464179992676e-01
7.967337369918823242e-01
4.578294754028320312e-01
9.428665637969970703e-01
5.406872034072875977e-01
9.496181011199951172e-01
7.500104308128356934e-01
8.720541000366210938e-01
7.060724496841430664e-01
8.604608774185180664e-01
8.036311864852905273e-01
6.435373425483703613e-01
9.675057530403137207e-01
4.903057515621185303e-01
9.742611646652221680e-01
5.528970956802368164e-01
9.459630250930786133e-01
6.439628005027770996e-01
9.520215988159179688e-01
2.446458190679550171e-01
9.372030496597290039e-01
6.101821660995483398e-01
9.182496070861816406e-01
8.169392943382263184e-01
8.571004867553710938e-01
8.652261495590209961e-01
8.864623904228210449e-01
6.683263778686523438e-01
9.529362916946411133e-01
7.204800844192504883e-01
8.901325464248657227e-01
9.694033861160278320e-01
8.607375621795654297e-01
6.891583800315856934e-01
9.709422588348388672e-01
3.870115280151367188e-01
9.789496660232543945e-01
7.869361639022827148e-01
7.976863384246826172e-01
9.322394132614135742e-01
7.770515084266662598e-01
8.691153526306152344e-01
8.910683393478393555e-01
7.885535955429077148e-01
9.104291200637817383e-01
9.154658317565917969e-01
8.082794547080993652e-01
9.347124695777893066e-01
7.987456321716308594e-01
9.360041618347167969e-01
8.423604965209960938e-01
9.038759469985961914e-01
9.513115882873535156e-01
8.525760769844055176e-01
7.911763191223144531e-01
9.815666079521179199e-01
7.422156333923339844e-01
9.496155977249145508e-01
8.677489757537841797e-01
9.282844066619873047e-01
8.248170614242553711e-01
8.930908441543579102e-01
8.873223662376403809e-01
9.073238372802734375e-01
9.099003076553344727e-01
9.138042926788330078e-01
9.008477330207824707e-01
9.124411344528198242e-01
8.560916781425476074e-01
9.006175398826599121e-01
8.669862747192382812e-01
8.993060588836669922e-01
9.770761728286743164e-01
8.621158599853515625e-01
9.198144674301147461e-01
8.705236911773681641e-01
8.313564062118530273e-01
9.419169425964355469e-01
8.885978460311889648e-01
9.046012163162231445e-01
8.788261413574218750e-01
9.398913979530334473e-01
7.001277804374694824e-01
9.902496337890625000e-01
6.602252125740051270e-01
9.394123554229736328e-01
9.224169254302978516e-01
8.566482067108154297e-01
9.630811810493469238e-01
8.792129755020141602e-01
8.512437343597412109e-01
9.314947128295898438e-01
8.456537723541259766e-01
9.394764304161071777e-01
8.875741958618164062e-01
9.466422796249389648e-01
8.802447319030761719e-01
8.978753089904785156e-01
8.906645774841308594e-01
9.199770689010620117e-01
8.408829569816589355e-01
9.202617406845092773e-01
8.407247066497802734e-01
9.401490688323974609e-01
9.077063798904418945e-01
9.433912634849548340e-01
8.428007364273071289e-01
9.493954777717590332e-01
8.465652465820312500e-01
9.321667551994323730e-01
9.260316491127014160e-01
9.112373590469360352e-01
8.911982178688049316e-01
9.543586969375610352e-01
8.258013725280761719e-01
8.998655080795288086e-01
8.596618771553039551e-01
9.705416560173034668e-01
8.262023925781250000e-01
9.802857637405395508e-01
5.911367535591125488e-01
9.806521534919738770e-01
7.960801720619201660e-01
8.461458683013916016e-01
9.610111117362976074e-01
9.431474804878234863e-01
8.883652687072753906e-01
9.087314605712890625e-01
9.167566895484924316e-01
9.011340141296386719e-01
9.365337491035461426e-01
8.564695715904235840e-01
9.417185783386230469e-01
7.644689083099365234e-01
9.763184189796447754e-01
7.170522212982177734e-01
9.498201608657836914e-01
9.226828813552856445e-01
9.236273169517517090e-01
8.524971008300781250e-01
9.709766507148742676e-01
6.620929241180419922e-01
9.828444123268127441e-01
6.864882707595825195e-01
9.363369941711425781e-01
9.351829290390014648e-01
7.661913633346557617e-01
9.769591689109802246e-01
8.729308843612670898e-01
9.342850446701049805e-01
9.433144927024841309e-01
9.320500493049621582e-01
8.454121351242065430e-01
9.471689462661743164e-01
9.212440252304077148e-01
7.913159132003784180e-01
9.801452755928039551e-01
7.748793959617614746e-01
9.299047589302062988e-01
9.550092816352844238e-01
8.596254587173461914e-01
8.007527589797973633e-01
9.926486611366271973e-01
8.995103836059570312e-01
5.369560122489929199e-01
9.858869910240173340e-01
3.650204837322235107e-02
9.962944984436035156e-01
2.603537440299987793e-01
9.789259433746337891e-01
6.221782043576240540e-02
9.929219484329223633e-01
3.118308186531066895e-01
9.755687713623046875e-01
1.174319162964820862e-01
9.255544543266296387e-01
2.762103080749511719e-01
9.480686187744140625e-01
3.177012205123901367e-01
8.310872912406921387e-01
5.826949477195739746e-01
7.987306118011474609e-01
5.826094150543212891e-01
9.097450971603393555e-01
5.131603479385375977e-01
8.506998419761657715e-01
8.191393613815307617e-01
8.270884752273559570e-01
8.383088707923889160e-01
8.557806611061096191e-01
7.967935800552368164e-01
7.558849453926086426e-01
9.067500829696655273e-01
8.557765483856201172e-01
8.123832941055297852e-01
8.780799508094787598e-01
8.521994352340698242e-01
8.648126125335693359e-01
9.257903099060058594e-01
4.971809685230255127e-01
9.881715774536132812e-01
3.867478966712951660e-01
9.654617309570312500e-01
9.387212991714477539e-01
6.659162640571594238e-01
9.742197990417480469e-01
6.036423444747924805e-01
9.380811452865600586e-01
9.492188692092895508e-01
7.543387413024902344e-01
8.732367753982543945e-01
8.223626613616943359e-01
9.103682637214660645e-01
7.177273035049438477e-01
9.612861275672912598e-01
6.350263953208923340e-01
9.007251858711242676e-01
8.072351217269897461e-01
9.439104795455932617e-01
7.336436510086059570e-01
9.088723063468933105e-01
8.656884431838989258e-01
6.340425014495849609e-01
9.784807562828063965e-01
2.103762626647949219e-01
9.719244241714477539e-01
4.588623046875000000e-01
9.736746549606323242e-01
4.882633388042449951e-01
9.285711646080017090e-01
7.497361898422241211e-01
8.559621572494506836e-01
8.889205455780029297e-01
8.825242519378662109e-01
6.808205842971801758e-01
9.334152936935424805e-01
9.047746658325195312e-01
8.653765916824340820e-01
9.105849266052246094e-01
8.952641487121582031e-01
8.321928381919860840e-01
8.983231782913208008e-01
9.712959527969360352e-01
7.702644467353820801e-01
8.654014468193054199e-01
9.419612288475036621e-01
7.784746885299682617e-01
9.129862785339355469e-01
9.012507796287536621e-01
9.332172870635986328e-01
7.916415333747863770e-01
8.899903297424316406e-01
9.598177671432495117e-01
6.479329466819763184e-01
9.101649522781372070e-01
9.180752635002136230e-01
8.240600824356079102e-01
9.293355345726013184e-01
8.245633840560913086e-01
9.590481519699096680e-01
7.788209915161132812e-01
9.448324441909790039e-01
8.902536630630493164e-01
9.418332576751708984e-01
9.598935842514038086e-01
8.744745850563049316e-01
7.403935790061950684e-01
9.571236968040466309e-01
4.872270822525024414e-01
9.878606796264648438e-01
1.990450620651245117e-01
9.987552165985107422e-01
1.652613729238510132e-01
9.765667319297790527e-01
5.439102053642272949e-01
9.142165184020996094e-01
8.348827958106994629e-01
7.552711367607116699e-01
8.612337112426757812e-01
5.806289911270141602e-01
9.702810645103454590e-01
4.338580667972564697e-01
9.637930393218994141e-01
8.778583407402038574e-01
6.702460646629333496e-01
9.072948694229125977e-01
5.478220582008361816e-01
9.482624530792236328e-01
8.920689821243286133e-01
8.592587709426879883e-01
8.190787434577941895e-01
9.032899141311645508e-01
9.482953548431396484e-01
7.477022409439086914e-01
8.711179494857788086e-01
9.003658890724182129e-01
7.248151898384094238e-01
9.485326409339904785e-01
8.674569129943847656e-01
7.889605164527893066e-01
9.096921086311340332e-01
9.057601690292358398e-01
7.110304236412048340e-01
9.653739929199218750e-01
7.614982724189758301e-01
9.024450778961181641e-01
7.694474458694458008e-01
9.885952472686767578e-01
7.395741939544677734e-01
9.683960676193237305e-01
8.668296337127685547e-01
8.922665715217590332e-01
7.343636751174926758e-01
9.573943614959716797e-01
5.946537256240844727e-01
9.124042391777038574e-01
9.300682544708251953e-01
9.090687632560729980e-01
8.037205934524536133e-01
9.777793884277343750e-01
8.473843336105346680e-01
7.666772603988647461e-01
9.446181654930114746e-01
7.615402936935424805e-01
9.157941341400146484e-01
8.945983648300170898e-01
8.921341896057128906e-01
9.293337464332580566e-01
8.858208656311035156e-01
9.096468687057495117e-01
7.004672288894653320e-01
8.491191267967224121e-01
9.103560447692871094e-01
8.925802111625671387e-01
9.113168716430664062e-01
9.439939260482788086e-01
6.312857866287231445e-01
9.850525259971618652e-01
7.386868000030517578e-01
9.133877754211425781e-01
9.401702284812927246e-01
8.627784252166748047e-01
8.718891143798828125e-01
9.302030801773071289e-01
9.342805147171020508e-01
8.847579956054687500e-01
9.456821680068969727e-01
8.647148609161376953e-01
9.476326107978820801e-01
8.763099908828735352e-01
8.093296289443969727e-01
9.407970905303955078e-01
6.362177729606628418e-01
9.946255683898925781e-01
8.731716871261596680e-01
9.046174287796020508e-01
8.990164399147033691e-01
9.495161175727844238e-01
8.316004276275634766e-01
9.365396499633789062e-01
9.142844080924987793e-01
9.192939996719360352e-01
8.515270948410034180e-01
8.734657764434814453e-01
9.325996637344360352e-01
8.586521148681640625e-01
8.746010065078735352e-01
8.859323263168334961e-01
9.144511818885803223e-01
9.256383776664733887e-01
7.954460382461547852e-01
9.455417990684509277e-01
9.367903470993041992e-01
8.427384495735168457e-01
9.564512968063354492e-01
9.199236631393432617e-01
8.238402605056762695e-01
9.784046411514282227e-01
7.261719107627868652e-01
9.509853124618530273e-01
9.347897768020629883e-01
8.075788021087646484e-01
9.323916435241699219e-01
9.286611676216125488e-01
8.883830308914184570e-01
8.595244288444519043e-01
9.696545600891113281e-01
7.856644392013549805e-01
9.597061872482299805e-01
9.270765185356140137e-01
8.642592430114746094e-01
9.105660915374755859e-01
9.731652736663818359e-01
8.372658491134643555e-01
9.385043382644653320e-01
9.350897073745727539e-01
6.498444080352783203e-01
9.658468961715698242e-01
7.815592288970947266e-01
9.682885408401489258e-01
8.124438524246215820e-01
9.184577465057373047e-01
9.652316570281982422e-01
8.698305487632751465e-01
9.161360263824462891e-01
9.064178466796875000e-01
9.406799077987670898e-01
9.263120889663696289e-01
8.844906687736511230e-01
9.568518996238708496e-01
7.601557970046997070e-01
9.677433371543884277e-01
9.011402130126953125e-01
9.162805080413818359e-01
9.562021493911743164e-01
9.468091726303100586e-01
8.038772344589233398e-01
9.401340484619140625e-01
9.334553480148315430e-01
8.067910671234130859e-01
9.639589190483093262e-01
8.574099540710449219e-01
9.072819948196411133e-01
9.079166650772094727e-01
9.078930616378784180e-01
8.659257292747497559e-01
9.623615741729736328e-01
7.790606021881103516e-01
9.710032939910888672e-01
8.643330335617065430e-01
9.260184764862060547e-01
9.110226631164550781e-01
9.070872068405151367e-01
9.003281593322753906e-01
9.585488438606262207e-01
8.825318813323974609e-01
7.814685106277465820e-01
9.808133840560913086e-01
8.245218992233276367e-01
9.359121322631835938e-01
9.621669054031372070e-01
7.711564898490905762e-01
9.800621271133422852e-01
9.079514741897583008e-01
8.843262195587158203e-01
9.470269680023193359e-01
8.328384757041931152e-01
9.600728750228881836e-01
9.125446081161499023e-01
8.727389574050903320e-01
9.530016183853149414e-01
8.559745550155639648e-01
8.479361534118652344e-01
9.297103881835937500e-01
9.285529851913452148e-01
8.888651132583618164e-01
9.967948794364929199e-01
5.973595380783081055e-01
9.974163770675659180e-01
5.813919901847839355e-01
9.678944945335388184e-01
7.106276750564575195e-01
9.577466845512390137e-01
9.251027107238769531e-01
6.961073279380798340e-01
9.837445616722106934e-01
8.208339810371398926e-01
8.125579357147216797e-01
9.641066789627075195e-01
8.619079589843750000e-01
9.527447223663330078e-01
9.584676027297973633e-01
9.256852865219116211e-01
9.176403284072875977e-01
9.513741731643676758e-01
8.677462339401245117e-01
9.045635461807250977e-01
7.481894493103027344e-01
9.791892766952514648e-01
7.342603206634521484e-01
8.712692260742187500e-01
9.801165461540222168e-01
7.871930599212646484e-01
9.061338901519775391e-01
9.684308171272277832e-01
9.617314934730529785e-01
8.476719856262207031e-01
7.728146314620971680e-01
9.847623109817504883e-01
8.655349016189575195e-01
9.776591658592224121e-01
9.725803136825561523e-01
9.185237884521484375e-01
9.641717076301574707e-01
9.133809208869934082e-01
8.505038022994995117e-01
9.549319744110107422e-01
8.370879292488098145e-01
9.567832946777343750e-01
9.571768641471862793e-01
8.592547178268432617e-01
8.916028141975402832e-01
9.549055695533752441e-01
8.889800310134887695e-01
8.960375189781188965e-01
9.712288379669189453e-01
9.025549888610839844e-01
9.056714773178100586e-01
9.535241723060607910e-01
9.209053516387939453e-01
9.210226535797119141e-01
9.436037540435791016e-01
8.886610269546508789e-01
9.648056626319885254e-01
9.079149961471557617e-01
9.096034765243530273e-01
9.595896005630493164e-01
7.522721290588378906e-01
9.487767815589904785e-01
9.675370454788208008e-01
8.410739898681640625e-01
9.119050502777099609e-01
9.411184787750244141e-01
9.571982026100158691e-01
9.099016785621643066e-01
7.896617054939270020e-01
9.827197790145874023e-01
6.178698539733886719e-01
9.870387315750122070e-01
9.104347229003906250e-01
7.676492929458618164e-01
9.038749933242797852e-01
6.322983503341674805e-01
9.979538917541503906e-01
2.172477245330810547e-01
9.926829338073730469e-01
4.801358580589294434e-01
9.275120496749877930e-01
7.569992542266845703e-01
6.926041245460510254e-01
7.809283137321472168e-01
5.858924388885498047e-01
8.873261213302612305e-01
4.116802215576171875e-01
9.291082620620727539e-01
7.544769048690795898e-01
8.499145507812500000e-01
8.417270779609680176e-01
7.567278742790222168e-01
8.999018669128417969e-01
6.716529130935668945e-01
8.606529235839843750e-01
6.560423374176025391e-01
9.213640689849853516e-01
5.664161443710327148e-01
9.566091299057006836e-01
8.133643865585327148e-01
8.203940391540527344e-01
8.980832695960998535e-01
8.410508632659912109e-01
7.535937428474426270e-01
8.560711145401000977e-01
7.673542499542236328e-01
8.887301683425903320e-01
8.587768673896789551e-01
7.870492339134216309e-01
9.677003622055053711e-01
5.934449434280395508e-01
9.674441814422607422e-01
7.631043195724487305e-01
9.667643308639526367e-01
7.959445714950561523e-01
9.326107501983642578e-01
8.664788007736206055e-01
8.987195491790771484e-01
8.823051452636718750e-01
9.202616214752197266e-01
8.002675771713256836e-01
9.683740735054016113e-01
8.280314207077026367e-01
8.480808138847351074e-01
9.850015640258789062e-01
9.049633741378784180e-01
8.975905776023864746e-01
9.544020891189575195e-01
8.042834401130676270e-01
9.754283428192138672e-01
8.509054183959960938e-01
6.349517703056335449e-01
9.836125969886779785e-01
2.316294312477111816e-01
9.812947511672973633e-01
1.342433840036392212e-01
9.905269145965576172e-01
4.235417842864990234e-01
9.746297597885131836e-01
3.486847281455993652e-01
9.868050813674926758e-01
2.966463565826416016e-01
9.625946283340454102e-01
3.125939369201660156e-01
9.683869481086730957e-01
4.918178319931030273e-01
9.685160517692565918e-01
8.831295967102050781e-01
6.314753890037536621e-01
9.524843692779541016e-01
6.079064607620239258e-01
6.819033622741699219e-01
9.356185793876647949e-01
5.480177402496337891e-01
9.144334197044372559e-01
9.267511367797851562e-01
6.916263103485107422e-01
9.351961612701416016e-01
7.454820871353149414e-01
9.005510807037353516e-01
8.572302460670471191e-01
8.143518567085266113e-01
8.446511626243591309e-01
7.465338110923767090e-01
9.232990741729736328e-01
7.348810434341430664e-01
9.396024942398071289e-01
8.838542699813842773e-01
7.904170751571655273e-01
8.831549882888793945e-01
8.370915651321411133e-01
7.694255113601684570e-01
9.709944725036621094e-01
8.868054151535034180e-01
5.622158050537109375e-01
9.795061349868774414e-01
6.928672790527343750e-01
9.540118575096130371e-01
5.451827645301818848e-01
9.774276018142700195e-01
7.499195337295532227e-01
9.403648376464843750e-01
8.996316790580749512e-01
8.494321107864379883e-01
8.334723711013793945e-01
9.233508706092834473e-01
8.083051443099975586e-01
8.554174900054931641e-01
8.965415358543395996e-01
9.209499955177307129e-01
8.047957420349121094e-01
9.228073358535766602e-01
9.113285541534423828e-01
9.215477108955383301e-01
8.289423584938049316e-01
9.639690518379211426e-01
8.306610584259033203e-01
9.077423214912414551e-01
9.219223856925964355e-01
8.276429176330566406e-01
9.087985754013061523e-01
8.446602821350097656e-01
8.534749746322631836e-01
9.341244101524353027e-01
8.207403421401977539e-01
9.377068281173706055e-01
8.829895257949829102e-01
9.317095875740051270e-01
9.303848743438720703e-01
8.512408137321472168e-01
9.165182709693908691e-01
8.951408267021179199e-01
8.256892561912536621e-01
9.863950014114379883e-01
5.739144086837768555e-01
9.748809337615966797e-01
6.110384464263916016e-01
9.552993774414062500e-01
9.006968736648559570e-01
8.849112391471862793e-01
8.167982697486877441e-01
9.796527028083801270e-01
8.575605750083923340e-01
8.928153514862060547e-01
9.355002045631408691e-01
7.946528196334838867e-01
9.561477899551391602e-01
8.649927377700805664e-01
9.581975340843200684e-01
7.980773448944091797e-01
8.879868388175964355e-01
9.147233963012695312e-01
8.781422972679138184e-01
8.218999505043029785e-01
