4.362674653530120850e-01
7.042313814163208008e-01
4.673025608062744141e-01
2.292018830776214600e-01
4.198371767997741699e-01
3.308883905410766602e-01
2.731652855873107910e-01
2.822100520133972168e-01
3.586742281913757324e-01
1.365179419517517090e-01
3.960375189781188965e-01
9.162802994251251221e-02
3.304026424884796143e-01
1.040375083684921265e-01
3.808307647705078125e-01
2.697517536580562592e-02
4.611481726169586182e-01
7.543005049228668213e-03
7.870814204216003418e-02
6.856495738029479980e-01
7.198550883913412690e-05
2.327399270143359900e-04
1.823979169130325317e-01
5.831916332244873047e-01
4.436539165908470750e-05
1.376518921460956335e-04
1.271467804908752441e-01
6.320649385452270508e-01
4.437227289599832147e-06
2.925870376202510670e-06
1.129433396272361279e-03
5.509541630744934082e-01
4.110346708330325782e-05
8.596174302510917187e-05
3.859306126832962036e-02
8.902101516723632812e-01
1.878990758541476680e-07
2.099525886478659231e-08
1.740707148201181553e-06
1.870666397735476494e-03
6.658804416656494141e-01
1.040656798068084754e-06
1.423710358494645334e-07
9.499136467638891190e-06
4.802561365067958832e-03
7.501865625381469727e-01
8.174227161816816078e-08
8.432300191429931147e-09
7.473486363096526475e-08
4.390733374748378992e-05
7.194012403488159180e-02
7.577542662620544434e-01
4.034806266872692504e-08
3.573438878134993502e-09
6.618340364639152540e-08
5.959710961178643629e-06
4.849352408200502396e-03
7.088621854782104492e-01
1.126213305724377278e-06
1.991148934621378430e-07
3.429800563026219606e-05
5.517462641000747681e-02
5.947104692459106445e-01
1.202627245220355690e-04
2.070742484647780657e-04
2.546169608831405640e-02
5.737439393997192383e-01
4.117730131838470697e-04
1.514501986093819141e-03
4.743945598602294922e-02
4.404316544532775879e-01
1.348785217851400375e-02
4.371779561042785645e-01
4.095207899808883667e-02
2.147243171930313110e-01
2.835391759872436523e-01
4.662822559475898743e-02
5.226392149925231934e-01
4.352754913270473480e-03
4.296684265136718750e-01
1.400715708732604980e-01
1.279720366001129150e-01
2.166682779788970947e-01
1.916589140892028809e-01
5.348110944032669067e-02
4.922250211238861084e-01
3.576745279133319855e-03
2.067270874977111816e-01
3.549485206604003906e-01
6.133427470922470093e-02
2.180626690387725830e-01
1.599676609039306641e-01
1.214736551046371460e-01
2.118959873914718628e-01
8.955587446689605713e-02
3.856619298458099365e-01
1.069709099829196930e-02
6.034618020057678223e-01
4.660133738070726395e-03
1.421228796243667603e-01
4.415755867958068848e-01
3.684670850634574890e-02
1.355442702770233154e-01
4.135555922985076904e-01
2.103768847882747650e-02
2.887922823429107666e-01
1.639123111963272095e-01
3.250481486320495605e-01
4.606828093528747559e-02
6.340717077255249023e-01
6.487813312560319901e-03
2.076828479766845703e-01
6.179392337799072266e-01
1.259683817625045776e-02
7.498030364513397217e-02
4.899633824825286865e-01
4.252436757087707520e-02
1.688048839569091797e-01
5.970050096511840820e-01
2.067540213465690613e-02
1.615967452526092529e-01
5.583552122116088867e-01
2.795278467237949371e-02
1.123816072940826416e-01
4.348789453506469727e-01
1.897961497306823730e-01
6.045442074537277222e-02
2.535921037197113037e-01
9.866179525852203369e-02
2.002149522304534912e-01
1.117100119590759277e-01
2.995571494102478027e-01
5.656149238348007202e-02
1.797103434801101685e-01
3.637592196464538574e-01
7.457320392131805420e-02
4.121055603027343750e-01
6.969679892063140869e-02
1.946116834878921509e-01
2.211527675390243530e-01
1.227613985538482666e-01
1.629326790571212769e-01
1.367246806621551514e-01
3.180406093597412109e-01
1.534997858107089996e-02
2.385473251342773438e-01
9.494851529598236084e-02
9.616846591234207153e-02
1.083305627107620239e-01
1.729445159435272217e-01
1.370138972997665405e-01
1.577248871326446533e-01
1.577693223953247070e-01
1.669812202453613281e-01
1.822514683008193970e-01
7.415507733821868896e-02
2.222912162542343140e-01
5.997800454497337341e-02
2.626054584980010986e-01
3.935142606496810913e-02
6.648025512695312500e-01
5.763945227954536676e-05
3.418040275573730469e-01
1.404215395450592041e-02
1.388146579265594482e-01
4.085075855255126953e-01
1.313412655144929886e-02
7.374810427427291870e-02
2.936114966869354248e-01
2.932876534759998322e-02
8.799424767494201660e-02
1.732431650161743164e-01
1.109683513641357422e-01
9.953713417053222656e-02
1.356925219297409058e-01
9.312663972377777100e-02
7.856402546167373657e-02
1.002024486660957336e-01
1.496315449476242065e-01
8.884611725807189941e-02
7.095237821340560913e-02
1.558624058961868286e-01
1.013865917921066284e-01
1.705221086740493774e-01
9.195506572723388672e-02
2.265799790620803833e-01
5.118722841143608093e-02
1.906923949718475342e-01
5.647288262844085693e-02
2.652473449707031250e-01
1.659041270613670349e-02
2.071244269609451294e-01
1.350673586130142212e-01
9.774900972843170166e-02
1.479528248310089111e-01
1.116226390004158020e-01
1.551349163055419922e-01
1.061356440186500549e-01
1.714258790016174316e-01
1.584139764308929443e-01
1.354520022869110107e-01
2.270704507827758789e-01
7.217774540185928345e-02
2.138440310955047607e-01
2.099731191992759705e-02
1.957721561193466187e-01
2.881002426147460938e-02
1.130210310220718384e-01
1.574492752552032471e-01
1.368526834994554520e-02
7.930561900138854980e-02
2.357161343097686768e-01
3.250593086704611778e-03
5.806455761194229126e-02
2.994322180747985840e-01
1.690781209617853165e-03
2.338818274438381195e-02
5.842870473861694336e-01
4.213151987642049789e-04
1.378580331802368164e-01
2.356902807950973511e-01
1.408088803291320801e-01
5.662288516759872437e-02
1.487638354301452637e-01
8.266808837652206421e-02
4.246033728122711182e-02
1.363649964332580566e-01
7.452315837144851685e-02
9.021508693695068359e-02
8.117526769638061523e-02
3.089856803417205811e-01
5.022210069000720978e-03
7.019488513469696045e-02
4.698881804943084717e-01
6.343357963487505913e-04
9.906193008646368980e-04
3.091063722968101501e-02
3.592110872268676758e-01
4.242377355694770813e-03
6.333146709948778152e-03
2.673832774162292480e-01
1.668003350496292114e-01
1.772941350936889648e-01
5.216420069336891174e-02
1.979244649410247803e-01
1.825909689068794250e-02
5.321402847766876221e-02
1.374176740646362305e-01
3.507917374372482300e-02
4.457158967852592468e-02
8.243621885776519775e-02
1.394614577293395996e-01
1.924579963088035583e-02
6.893515586853027344e-02
3.657538592815399170e-01
2.739075105637311935e-03
2.330586872994899750e-02
4.558533430099487305e-01
7.669048849493265152e-03
1.873900741338729858e-02
3.455612063407897949e-01
6.109038367867469788e-02
5.159534811973571777e-01
4.865337163209915161e-03
1.205524355173110962e-01
2.491026222705841064e-01
4.396419227123260498e-02
4.057945311069488525e-02
2.351401001214981079e-01
7.792805135250091553e-02
1.163206398487091064e-01
2.253895252943038940e-01
9.786954522132873535e-02
5.188270807266235352e-01
6.131070549599826336e-04
2.579811513423919678e-01
2.590870261192321777e-01
2.309533581137657166e-02
1.570543795824050903e-01
2.347330152988433838e-01
1.387679576873779297e-01
1.739435493946075439e-01
1.634185016155242920e-01
1.843772232532501221e-01
2.627953886985778809e-01
7.786270976066589355e-02
6.382130384445190430e-01
2.320499159395694733e-03
2.192947566509246826e-01
2.830103635787963867e-01
1.982245147228240967e-01
1.885975301265716553e-01
1.911754161119461060e-01
3.346510529518127441e-01
5.306185036897659302e-02
7.509989738464355469e-01
1.343134790658950806e-02
3.939509093761444092e-01
3.679708242416381836e-01
1.182222664356231689e-01
2.647482454776763916e-01
2.960839867591857910e-01
1.357993483543395996e-01
4.899415373802185059e-01
1.071119904518127441e-01
4.453153610229492188e-01
1.329616457223892212e-01
2.556661963462829590e-01
3.872473239898681641e-01
9.874248504638671875e-02
6.980165839195251465e-01
3.076800704002380371e-02
2.162578999996185303e-01
5.834404230117797852e-01
6.444427371025085449e-02
3.354900479316711426e-01
1.934106051921844482e-01
1.749506443738937378e-01
3.288348913192749023e-01
2.023251652717590332e-01
2.130537331104278564e-01
3.028630614280700684e-01
1.514259278774261475e-01
2.592336535453796387e-01
1.083071082830429077e-01
2.609764337539672852e-01
1.130905449390411377e-01
2.974349260330200195e-01
1.992667913436889648e-01
3.222540616989135742e-01
2.018798589706420898e-01
5.596704483032226562e-01
4.027716815471649170e-02
7.082922458648681641e-01
8.466485142707824707e-02
2.471123039722442627e-01
3.621352910995483398e-01
9.194315224885940552e-02
5.336288213729858398e-01
6.879451870918273926e-02
4.314889013767242432e-01
9.780663251876831055e-02
1.213638931512832642e-01
2.932031750679016113e-01
1.335939764976501465e-01
1.851209700107574463e-01
2.354618012905120850e-01
2.594841122627258301e-01
1.865116506814956665e-01
2.023195326328277588e-01
1.912207305431365967e-01
1.296503841876983643e-01
2.811085581779479980e-01
7.764136791229248047e-02
2.467704862356185913e-01
2.304951101541519165e-01
4.584015160799026489e-02
2.079246640205383301e-01
2.234943807125091553e-01
1.213918179273605347e-01
2.221014797687530518e-01
6.700979173183441162e-02
2.469111979007720947e-01
5.189368128776550293e-01
4.089940339326858521e-03
4.492964148521423340e-01
3.330562263727188110e-02
1.715920567512512207e-01
2.536433339118957520e-01
1.132023185491561890e-01
2.390481084585189819e-01
2.170830667018890381e-01
2.191359549760818481e-01
3.980644345283508301e-01
5.709493905305862427e-02
6.039928793907165527e-01
1.320084929466247559e-02
2.695634961128234863e-01
5.054959654808044434e-01
3.524696081876754761e-02
5.928431153297424316e-01
6.749151647090911865e-02
2.858268022537231445e-01
3.600670993328094482e-01
6.755875796079635620e-02
5.317503213882446289e-01
1.297560930252075195e-01
4.145718812942504883e-01
1.547267735004425049e-01
2.376735806465148926e-01
2.669366598129272461e-01
1.719228774309158325e-01
2.734490633010864258e-01
1.963071227073669434e-01
1.753669977188110352e-01
3.001021742820739746e-01
2.444066666066646576e-02
1.599088311195373535e-01
3.535551428794860840e-01
2.848918363451957703e-02
2.845060825347900391e-01
8.785139024257659912e-02
4.960907697677612305e-01
3.586759045720100403e-02
2.584055662155151367e-01
1.987118721008300781e-01
1.144747138023376465e-01
1.648821383714675903e-01
3.075638413429260254e-01
3.964639455080032349e-02
3.979159295558929443e-01
3.276363760232925415e-02
2.748299539089202881e-01
1.355089545249938965e-01
1.822424232959747314e-01
1.708141863346099854e-01
2.421778291463851929e-01
2.358793318271636963e-01
2.133908271789550781e-01
2.061952054500579834e-01
2.505430281162261963e-01
9.195791184902191162e-02
2.168479859828948975e-01
1.290127485990524292e-01
1.506845951080322266e-01
1.858315467834472656e-01
1.095546931028366089e-01
3.429179787635803223e-01
5.905433371663093567e-02
6.309899687767028809e-01
3.531956300139427185e-02
6.326018571853637695e-01
5.652103200554847717e-02
3.305148482322692871e-01
2.500339746475219727e-01
1.598925888538360596e-01
5.418903827667236328e-01
8.204141631722450256e-03
6.169342398643493652e-01
3.143985569477081299e-02
1.915020346641540527e-01
3.326795101165771484e-01
1.193927526473999023e-01
1.953096985816955566e-01
2.921516299247741699e-01
9.807754307985305786e-02
3.799171745777130127e-01
8.748783171176910400e-02
2.874094545841217041e-01
1.990012079477310181e-01
4.202532768249511719e-01
2.400031313300132751e-02
7.855066657066345215e-01
4.922368563711643219e-03
4.044950008392333984e-02
3.589702248573303223e-01
1.431171447038650513e-01
1.254476606845855713e-01
1.289745271205902100e-01
3.005128502845764160e-01
1.154700070619583130e-01
3.913976550102233887e-01
5.609101057052612305e-02
3.410594165325164795e-01
1.588516384363174438e-01
1.721573472023010254e-01
2.770161926746368408e-01
1.491643786430358887e-01
7.689467072486877441e-02
3.218380808830261230e-01
1.840610057115554810e-01
1.814796924591064453e-01
1.520197689533233643e-01
1.921487748622894287e-01
2.527140974998474121e-01
8.811898529529571533e-02
2.266748845577239990e-01
2.616637647151947021e-01
7.971612364053726196e-02
2.549073398113250732e-01
2.453000992536544800e-01
1.948668360710144043e-01
2.489368319511413574e-01
1.240334212779998779e-01
2.176781892776489258e-01
3.077735602855682373e-01
4.681232571601867676e-02
5.110123157501220703e-01
1.616727560758590698e-02
1.275897622108459473e-01
2.846955657005310059e-01
1.679012328386306763e-01
9.099493920803070068e-02
3.779267072677612305e-01
4.395137354731559753e-02
5.040876269340515137e-01
1.106023602187633514e-02
7.326220273971557617e-01
1.442263741046190262e-02
1.317748725414276123e-01
6.172081232070922852e-01
1.327291689813137054e-02
1.495953351259231567e-01
5.796197056770324707e-01
3.198775649070739746e-02
3.665400445461273193e-01
2.932295799255371094e-01
7.274892926216125488e-02
3.092320561408996582e-01
3.016058802604675293e-01
9.244687110185623169e-02
1.476151049137115479e-01
3.179410696029663086e-01
6.911741197109222412e-02
1.283597946166992188e-01
3.164820671081542969e-01
7.036773115396499634e-02
2.659496665000915527e-01
2.500665783882141113e-01
5.448286980390548706e-02
4.324092864990234375e-01
3.789269179105758667e-02
7.269161939620971680e-01
1.260294020175933838e-02
7.775589227676391602e-01
5.109987407922744751e-02
3.970167636871337891e-01
1.892637461423873901e-01
1.132067143917083740e-01
4.465386867523193359e-01
3.625676780939102173e-02
4.131331443786621094e-01
6.184715405106544495e-02
1.398313045501708984e-01
3.769324421882629395e-01
1.012325286865234375e-01
2.600380182266235352e-01
2.097256779670715332e-01
2.257782220840454102e-01
3.960996270179748535e-01
8.529514074325561523e-02
5.451699495315551758e-01
6.934151798486709595e-02
2.457903325557708740e-01
2.029864788055419922e-01
1.178296357393264771e-01
2.195157706737518311e-01
1.635036766529083252e-01
1.481773555278778076e-01
2.394398152828216553e-01
1.724498867988586426e-01
1.852195262908935547e-01
1.926208436489105225e-01
2.800018489360809326e-01
1.445696055889129639e-01
5.293658971786499023e-01
9.965043514966964722e-03
2.637608051300048828e-01
2.817618846893310547e-01
9.765592217445373535e-02
4.017765820026397705e-01
9.119253605604171753e-02
3.842117488384246826e-01
7.387706637382507324e-02
2.313361465930938721e-01
1.035831719636917114e-01
3.627427220344543457e-01
4.036972671747207642e-02
1.770883798599243164e-01
3.056200444698333740e-01
7.708328962326049805e-02
2.108367085456848145e-01
3.755128979682922363e-01
5.873546004295349121e-02
5.013980865478515625e-01
7.598477602005004883e-02
3.273321092128753662e-01
1.736755073070526123e-01
2.118858546018600464e-01
1.488938927650451660e-01
2.775954306125640869e-01
1.384626328945159912e-01
2.386124283075332642e-01
1.332850754261016846e-01
4.124476909637451172e-01
2.400478720664978027e-02
3.792308866977691650e-01
1.316591799259185791e-01
1.501170694828033447e-01
2.820084393024444580e-01
1.435061246156692505e-01
2.396755069494247437e-01
1.394416093826293945e-01
3.541612923145294189e-01
3.686568513512611389e-02
4.163649678230285645e-01
1.069148927927017212e-01
3.386337757110595703e-01
6.185681372880935669e-02
4.620340168476104736e-01
9.990255348384380341e-03
3.413210511207580566e-01
8.605146408081054688e-02
3.016366064548492432e-01
1.552881002426147461e-01
4.445279538631439209e-01
1.218791753053665161e-01
5.792596340179443359e-01
1.465974561870098114e-02
2.625238299369812012e-01
3.130302429199218750e-01
4.914137348532676697e-02
2.080324739217758179e-01
3.043739795684814453e-01
9.087165445089340210e-02
3.594501316547393799e-01
5.047454684972763062e-02
3.169993758201599121e-01
1.309915482997894287e-01
2.008051127195358276e-01
1.816997379064559937e-01
2.581748366355895996e-01
8.443100750446319580e-02
2.293476760387420654e-01
1.242401748895645142e-01
1.473531126976013184e-01
2.282561659812927246e-01
1.582302153110504150e-01
1.135676056146621704e-01
6.005600094795227051e-01
2.809724770486354828e-03
2.206869423389434814e-01
4.637209773063659668e-01
2.565568685531616211e-02
5.386610031127929688e-01
4.473801702260971069e-02
1.679490953683853149e-01
3.259463310241699219e-01
1.504833251237869263e-01
1.542076915502548218e-01
2.295537441968917847e-01
4.750471115112304688e-01
2.382540144026279449e-02
5.192033052444458008e-01
1.083235889673233032e-01
3.063400685787200928e-01
2.475466132164001465e-01
2.670118808746337891e-01
1.139717549085617065e-01
4.775457084178924561e-01
1.097097154706716537e-02
2.800060212612152100e-01
6.459725648164749146e-02
2.561110854148864746e-01
8.879798650741577148e-02
1.283721029758453369e-01
3.289391100406646729e-01
4.648683965206146240e-02
2.017054259777069092e-01
2.875289320945739746e-01
1.798278689384460449e-01
4.432508945465087891e-01
1.255551278591156006e-01
2.419583350419998169e-01
1.674309074878692627e-01
1.125163659453392029e-01
2.486552745103836060e-01
1.499989032745361328e-01
1.828066110610961914e-01
1.611752659082412720e-01
1.666943132877349854e-01
2.413119971752166748e-01
8.354846388101577759e-02
3.955054879188537598e-01
3.235210850834846497e-02
5.095429420471191406e-01
3.217535093426704407e-02
6.182309389114379883e-01
3.817374631762504578e-02
2.714897394180297852e-01
2.503724992275238037e-01
1.427885591983795166e-01
1.770066618919372559e-01
4.400822818279266357e-01
3.119128942489624023e-02
2.317198812961578369e-01
2.984704971313476562e-01
3.771260380744934082e-02
3.947568237781524658e-01
5.111527442932128906e-02
3.767416775226593018e-01
4.406905919313430786e-02
3.840278089046478271e-01
4.350969195365905762e-02
5.401459336280822754e-01
1.880810409784317017e-02
1.933401823043823242e-01
4.320044517517089844e-01
3.531762212514877319e-02
3.545391857624053955e-01
1.304638981819152832e-01
3.964095115661621094e-01
1.124070584774017334e-01
1.003253757953643799e-01
3.150227069854736328e-01
8.546981215476989746e-02
3.615207970142364502e-01
3.458959609270095825e-02
5.353147983551025391e-01
2.336772531270980835e-02
5.067948698997497559e-01
1.714803092181682587e-02
1.369934380054473877e-01
3.510547280311584473e-01
9.815866500139236450e-02
2.667719125747680664e-01
2.053344547748565674e-01
1.580834686756134033e-01
2.190926671028137207e-01
1.561630964279174805e-01
1.574235707521438599e-01
1.996285617351531982e-01
1.957465112209320068e-01
1.294269412755966187e-01
4.314807653427124023e-01
3.541897982358932495e-02
1.987651586532592773e-01
2.595762014389038086e-01
7.511955499649047852e-02
2.078722566366195679e-01
1.961470246315002441e-01
1.153803467750549316e-01
3.243865668773651123e-01
4.802264273166656494e-02
3.033846020698547363e-01
1.034283339977264404e-01
1.685852557420730591e-01
3.912117481231689453e-01
3.590583801269531250e-02
4.223143458366394043e-01
5.280192196369171143e-02
4.070703983306884766e-01
8.281040191650390625e-02
2.684833407402038574e-01
9.273838251829147339e-02
2.604494690895080566e-01
1.270427852869033813e-01
2.737143635749816895e-01
6.199453398585319519e-02
3.567387461662292480e-01
1.414688825607299805e-01
5.669848918914794922e-01
1.154360579675994813e-04
5.858193039894104004e-01
3.387496992945671082e-02
4.949346184730529785e-01
4.958718270063400269e-02
2.096240520477294922e-01
3.150680065155029297e-01
1.840279102325439453e-01
3.236932754516601562e-01
1.606053709983825684e-01
5.041139125823974609e-01
1.344798132777214050e-02
1.053689569234848022e-01
4.788596034049987793e-01
3.515358641743659973e-02
1.380462646484375000e-01
4.835006594657897949e-01
4.874345660209655762e-02
2.821559309959411621e-01
2.004920244216918945e-01
1.237044706940650940e-01
2.493533194065093994e-01
1.557525992393493652e-01
1.313945949077606201e-01
2.451561391353607178e-01
2.874926328659057617e-01
9.519794583320617676e-02
2.367638647556304932e-01
2.033715546131134033e-01
1.766677349805831909e-01
2.799324393272399902e-01
1.457729339599609375e-01
2.509923577308654785e-01
1.009579151868820190e-01
3.759614229202270508e-01
5.195895582437515259e-02
2.473517805337905884e-01
2.413720637559890747e-01
1.112626567482948303e-01
1.781550198793411255e-01
2.683022618293762207e-01
6.401288509368896484e-02
3.410376012325286865e-01
6.257206946611404419e-02
3.860029578208923340e-01
5.447280034422874451e-02
1.800898611545562744e-01
2.688472270965576172e-01
1.000756472349166870e-01
1.912150681018829346e-01
4.056919515132904053e-01
3.063408099114894867e-02
5.127605199813842773e-01
3.845171257853507996e-02
9.619846194982528687e-02
3.633659183979034424e-01
2.992847189307212830e-02
4.800777435302734375e-01
1.660900190472602844e-02
2.625322937965393066e-01
1.896411478519439697e-01
1.220339089632034302e-01
1.753380000591278076e-01
2.097657918930053711e-01
1.068747192621231079e-01
3.891792893409729004e-01
6.424222886562347412e-02
2.111329436302185059e-01
5.118479132652282715e-01
2.466671913862228394e-02
5.255889296531677246e-01
7.821949571371078491e-02
2.258131504058837891e-01
6.412410736083984375e-02
3.187283575534820557e-01
1.295352727174758911e-01
1.357018351554870605e-01
2.280578911304473877e-01
9.356163442134857178e-02
4.282352030277252197e-01
1.391915604472160339e-02
4.271771609783172607e-01
5.012135207653045654e-02
2.606807351112365723e-01
2.279860675334930420e-01
1.742689907550811768e-01
2.717227935791015625e-01
1.753442287445068359e-01
3.625315725803375244e-01
9.967670589685440063e-02
2.303950190544128418e-01
1.456827521324157715e-01
4.075574278831481934e-01
3.933142125606536865e-02
3.943352103233337402e-01
7.327678054571151733e-02
1.942232847213745117e-01
1.928877383470535278e-01
1.799420714378356934e-01
1.547769904136657715e-01
3.961148858070373535e-01
3.218119218945503235e-02
3.941342830657958984e-01
1.010855287313461304e-01
4.500982165336608887e-01
3.820011019706726074e-02
4.355200529098510742e-01
5.197619646787643433e-02
3.665061891078948975e-01
1.054790616035461426e-01
3.184551000595092773e-01
1.236689314246177673e-01
2.069356590509414673e-01
2.908450961112976074e-01
1.744712591171264648e-01
2.362372130155563354e-01
4.183564186096191406e-01
2.745633013546466827e-02
5.490062236785888672e-01
4.320427775382995605e-02
1.914378404617309570e-01
2.770420312881469727e-01
1.506621539592742920e-01
4.335123598575592041e-01
2.475853264331817627e-02
5.735052227973937988e-01
2.209960296750068665e-02
3.062045574188232422e-01
2.776810824871063232e-01
1.391340196132659912e-01
2.814410328865051270e-01
4.178583025932312012e-01
7.457487285137176514e-02
2.972250580787658691e-01
2.205856442451477051e-01
2.278788983821868896e-01
2.150323987007141113e-01
2.325142621994018555e-01
2.840262949466705322e-01
1.685274839401245117e-01
4.250134229660034180e-01
1.555171310901641846e-01
4.562346935272216797e-01
6.690026074647903442e-02
2.977784872055053711e-01
3.197209239006042480e-01
1.017454564571380615e-01
2.851261496543884277e-01
3.606459200382232666e-01
5.235368758440017700e-02
5.094814896583557129e-01
8.819675445556640625e-02
2.618803381919860840e-01
2.939361631870269775e-01
1.553273946046829224e-01
3.498541116714477539e-01
1.134958788752555847e-01
3.383183777332305908e-01
1.427407115697860718e-01
2.626568078994750977e-01
1.975134611129760742e-01
2.293616235256195068e-01
2.708222866058349609e-01
1.255006790161132812e-01
2.469023466110229492e-01
2.473213970661163330e-01
1.021760553121566772e-01
3.486943542957305908e-01
1.603336632251739502e-01
3.472005724906921387e-01
7.387335598468780518e-02
4.357397556304931641e-01
8.750825375318527222e-02
3.660668730735778809e-01
1.438432484865188599e-01
2.894641757011413574e-01
2.014902234077453613e-01
2.342388033866882324e-01
1.673055589199066162e-01
3.628647923469543457e-01
4.563629627227783203e-02
4.154333472251892090e-01
7.719232141971588135e-02
6.775039434432983398e-01
3.793071024119853973e-03
3.994556069374084473e-01
2.657762169837951660e-01
1.079254150390625000e-01
7.013122439384460449e-01
1.351892575621604919e-02
4.117681384086608887e-01
2.263849675655364990e-01
1.592053174972534180e-01
3.414954543113708496e-01
1.391751170158386230e-01
3.174829483032226562e-01
2.852270007133483887e-01
1.184311956167221069e-01
6.499217748641967773e-01
2.320605702698230743e-02
2.540107965469360352e-01
4.873955845832824707e-01
3.191951289772987366e-02
1.909528970718383789e-01
5.279086232185363770e-01
2.401641011238098145e-02
8.462961018085479736e-02
4.965283572673797607e-01
4.792740941047668457e-02
1.120257228612899780e-01
3.702902793884277344e-01
9.282426536083221436e-02
2.540920972824096680e-01
4.258742630481719971e-01
5.671425536274909973e-02
2.698960304260253906e-01
3.397112488746643066e-01
9.605528414249420166e-02
2.355472743511199951e-01
2.797374725341796875e-01
1.610356569290161133e-01
2.795384526252746582e-01
1.948141306638717651e-01
2.171892225742340088e-01
2.379680424928665161e-01
1.917133927345275879e-01
1.722821891307830811e-01
4.148001074790954590e-01
6.318403780460357666e-02
1.516620218753814697e-01
4.077930450439453125e-01
7.076753675937652588e-02
1.661293506622314453e-01
4.312960803508758545e-01
2.600820548832416534e-02
2.973496019840240479e-01
1.413078010082244873e-01
1.531480550765991211e-01
2.385821938514709473e-01
1.235594227910041809e-01
3.761744201183319092e-01
7.888291776180267334e-02
2.192815095186233521e-01
3.356588184833526611e-01
3.180249780416488647e-02
2.741160988807678223e-01
2.347480207681655884e-01
1.308000683784484863e-01
1.295304894447326660e-01
3.916561901569366455e-01
6.837575137615203857e-02
3.213809430599212646e-01
9.152990579605102539e-02
2.136555612087249756e-01
2.298065721988677979e-01
1.802379488945007324e-01
4.371958374977111816e-01
3.573057055473327637e-02
2.792584896087646484e-01
1.497157514095306396e-01
3.778397440910339355e-01
3.402860090136528015e-02
2.947734594345092773e-01
2.006638944149017334e-01
1.006022021174430847e-01
5.328021645545959473e-01
2.457533404231071472e-02
2.270718812942504883e-01
4.283573627471923828e-01
6.409102678298950195e-02
3.475189805030822754e-01
1.396292448043823242e-01
3.617303669452667236e-01
4.116801172494888306e-02
3.315873742103576660e-01
8.636599779129028320e-02
2.983497977256774902e-01
1.009532064199447632e-01
2.510328888893127441e-01
9.636718034744262695e-02
2.409603595733642578e-01
1.349229812622070312e-01
2.693300247192382812e-01
1.310724318027496338e-01
3.761595785617828369e-01
4.198414459824562073e-02
2.113829851150512695e-01
3.247115612030029297e-01
3.546015918254852295e-02
6.246660947799682617e-01
1.714710146188735962e-02
3.357205390930175781e-01
1.564441025257110596e-01
8.407178521156311035e-02
3.821803331375122070e-01
6.959678977727890015e-02
3.567977845668792725e-01
2.204227596521377563e-01
8.242949843406677246e-02
3.617310523986816406e-01
9.658322483301162720e-02
2.477408945560455322e-01
2.697286009788513184e-01
1.847871541976928711e-01
2.092342972755432129e-01
2.215788066387176514e-01
1.009769290685653687e-01
4.960500001907348633e-01
2.436514012515544891e-02
8.735525608062744141e-02
6.143461465835571289e-01
1.947590708732604980e-02
5.122753381729125977e-01
1.328543107956647873e-02
5.142840147018432617e-01
6.210932135581970215e-02
5.131875872611999512e-01
5.152902007102966309e-02
4.515068829059600830e-01
5.331817269325256348e-02
1.163456887006759644e-01
2.651399374008178711e-01
1.267593353986740112e-01
3.013946413993835449e-01
1.427787840366363525e-01
3.935509920120239258e-01
5.806883797049522400e-02
4.004793167114257812e-01
1.473282873630523682e-01
3.039714694023132324e-01
9.964860975742340088e-02
2.819518744945526123e-01
1.311806887388229370e-01
1.965023428201675415e-01
2.549790740013122559e-01
1.054592132568359375e-01
3.266760706901550293e-01
7.582277059555053711e-02
3.464710414409637451e-01
1.481503546237945557e-01
2.928199768066406250e-01
1.173762753605842590e-01
2.795100212097167969e-01
1.225359737873077393e-01
1.905727982521057129e-01
2.268106490373611450e-01
1.670067757368087769e-01
1.813555955886840820e-01
3.184665441513061523e-01
5.445662513375282288e-02
3.577096462249755859e-01
5.977496504783630371e-02
4.193021357059478760e-01
1.132656559348106384e-01
1.463341265916824341e-01
3.258250653743743896e-01
7.378086447715759277e-02
3.975996375083923340e-01
6.496356427669525146e-02
2.186128050088882446e-01
1.986335217952728271e-01
3.481031656265258789e-01
3.347896784543991089e-02
5.963123440742492676e-01
3.077239543199539185e-02
6.392149925231933594e-01
1.054709777235984802e-02
3.848238587379455566e-01
2.661326527595520020e-01
1.688690334558486938e-01
5.412911176681518555e-01
1.020866259932518005e-02
1.506257951259613037e-01
4.665826857089996338e-01
3.572514653205871582e-02
9.405855834484100342e-02
3.669531345367431641e-01
8.331987261772155762e-02
2.611923813819885254e-01
2.392079234123229980e-01
1.515705287456512451e-01
2.300100028514862061e-01
1.603514552116394043e-01
3.675796389579772949e-01
1.132094115018844604e-01
1.280719041824340820e-01
3.124852776527404785e-01
1.325130164623260498e-01
2.495032399892807007e-01
1.755431294441223145e-01
2.280153632164001465e-01
2.539288401603698730e-01
1.637888848781585693e-01
2.047899365425109863e-01
1.774415075778961182e-01
2.083940505981445312e-01
9.532914310693740845e-02
2.752042412757873535e-01
6.542339175939559937e-02
2.867437005043029785e-01
2.114497125148773193e-01
1.142437458038330078e-01
2.794376015663146973e-01
2.390523850917816162e-01
5.348486453294754028e-02
3.116684556007385254e-01
9.901424497365951538e-02
2.929638028144836426e-01
1.179666146636009216e-01
1.808929443359375000e-01
1.483101248741149902e-01
2.580658197402954102e-01
4.566364735364913940e-02
4.027084112167358398e-01
5.461261793971061707e-02
6.003416180610656738e-01
2.329465001821517944e-02
8.252301216125488281e-01
2.870058873668313026e-03
1.266420781612396240e-01
5.334913730621337891e-01
5.637607723474502563e-02
7.602971792221069336e-01
3.088899329304695129e-02
2.420204281806945801e-01
3.718225359916687012e-01
1.072147488594055176e-01
1.865758001804351807e-01
3.338223695755004883e-01
2.192029654979705811e-01
1.250022053718566895e-01
3.002703785896301270e-01
2.285857349634170532e-01
1.864725053310394287e-01
3.636012971401214600e-01
1.603873670101165771e-01
4.469444453716278076e-01
9.683318436145782471e-02
1.401658356189727783e-01
2.226888239383697510e-01
1.654412448406219482e-01
2.186338901519775391e-01
1.793861389160156250e-01
2.077234089374542236e-01
1.534228920936584473e-01
3.304786980152130127e-01
3.615431860089302063e-02
2.506734132766723633e-01
1.408101767301559448e-01
1.015430763363838196e-01
3.208504319190979004e-01
7.578834891319274902e-02
4.525070786476135254e-01
8.708145469427108765e-02
7.742204517126083374e-02
3.955367803573608398e-01
1.246091276407241821e-01
3.038810193538665771e-01
4.137127995491027832e-01
1.125722676515579224e-01
5.686243772506713867e-01
6.517012417316436768e-02
9.325628727674484253e-02
4.147237539291381836e-01
8.288341015577316284e-02
2.247210443019866943e-01
1.728845834732055664e-01
2.092163413763046265e-01
2.414481341838836670e-01
2.368877530097961426e-01
1.490694135427474976e-01
3.420141637325286865e-01
7.336886227130889893e-02
6.690310239791870117e-01
8.827256970107555389e-03
2.710219621658325195e-01
3.174352645874023438e-01
7.603739947080612183e-02
3.608509302139282227e-01
1.829416751861572266e-01
1.252105832099914551e-01
4.249456524848937988e-01
4.867880791425704956e-02
4.344232976436614990e-01
1.044316291809082031e-01
1.840440183877944946e-01
2.184943407773971558e-01
1.871695220470428467e-01
2.288577854633331299e-01
1.767395734786987305e-01
2.361734211444854736e-01
2.121562808752059937e-01
1.548140645027160645e-01
1.108990460634231567e-01
3.128822147846221924e-01
1.362557858228683472e-01
1.915230453014373779e-01
3.089259266853332520e-01
1.165974512696266174e-01
1.917477101087570190e-01
2.198427319526672363e-01
1.990391910076141357e-01
2.495011985301971436e-01
2.114933729171752930e-01
2.044429779052734375e-01
1.423634439706802368e-01
3.870605826377868652e-01
4.558076709508895874e-02
3.319048881530761719e-01
9.793051332235336304e-02
2.381328344345092773e-01
8.112087845802307129e-02
2.526080608367919922e-01
1.051029115915298462e-01
4.754823148250579834e-01
2.990930527448654175e-02
5.422760844230651855e-01
3.200361132621765137e-02
3.140602707862854004e-01
1.070007458329200745e-01
1.166917979717254639e-01
3.872189819812774658e-01
8.170542120933532715e-02
6.619411706924438477e-01
3.366421908140182495e-02
1.821170449256896973e-01
3.087160587310791016e-01
3.572551906108856201e-02
4.522390365600585938e-01
4.510481655597686768e-02
3.736891150474548340e-01
1.333954334259033203e-01
2.031884789466857910e-01
1.659335792064666748e-01
1.478462070226669312e-01
4.914086163043975830e-01
4.797440022230148315e-02
4.736459255218505859e-01
9.960864484310150146e-02
2.604658901691436768e-01
1.823419332504272461e-01
1.091317832469940186e-01
3.914315402507781982e-01
4.837203398346900940e-02
3.576562404632568359e-01
1.238554790616035461e-01
2.553700506687164307e-01
1.729234755039215088e-01
3.551006317138671875e-01
6.666202843189239502e-02
3.525691628456115723e-01
6.529771536588668823e-02
2.390517294406890869e-01
1.411422938108444214e-01
2.517873048782348633e-01
2.789810895919799805e-01
1.573453247547149658e-01
3.233717978000640869e-01
1.118597239255905151e-01
3.295749723911285400e-01
1.015710532665252686e-01
2.592920064926147461e-01
1.444467604160308838e-01
1.741264164447784424e-01
1.499536782503128052e-01
3.131139576435089111e-01
8.548373728990554810e-02
4.409180283546447754e-01
1.543336175382137299e-02
6.994334459304809570e-01
2.231046743690967560e-02
2.866496443748474121e-01
2.210494279861450195e-01
1.098731458187103271e-01
1.133343577384948730e-01
2.005460411310195923e-01
1.785593330860137939e-01
1.773931682109832764e-01
3.154888153076171875e-01
3.916848823428153992e-02
4.758963882923126221e-01
1.061749160289764404e-01
2.404434084892272949e-01
2.607717216014862061e-01
1.612506955862045288e-01
4.340268671512603760e-01
6.482988595962524414e-02
4.758247137069702148e-01
5.696769058704376221e-02
1.697870194911956787e-01
3.125287890434265137e-01
1.124245896935462952e-01
2.039085328578948975e-01
2.290644943714141846e-01
3.532235622406005859e-01
4.525957629084587097e-02
2.901017665863037109e-01
8.739665150642395020e-02
2.840817570686340332e-01
1.478537470102310181e-01
3.008607029914855957e-01
1.060115247964859009e-01
2.927324175834655762e-01
1.474649310111999512e-01
2.896137833595275879e-01
1.021875292062759399e-01
4.441392421722412109e-01
8.109258860349655151e-02
5.993201136589050293e-01
3.274068981409072876e-02
6.410318613052368164e-01
3.567979857325553894e-02
1.416786015033721924e-01
2.879275381565093994e-01
6.278280913829803467e-02
2.338192760944366455e-01
2.040147632360458374e-01
1.494742333889007568e-01
2.472486644983291626e-01
1.063199490308761597e-01
2.272113561630249023e-01
1.963535249233245850e-01
1.723210066556930542e-01
2.299343496561050415e-01
2.045943439006805420e-01
1.611082553863525391e-01
3.795168697834014893e-01
5.981483310461044312e-02
3.088027536869049072e-01
9.787090122699737549e-02
2.426551580429077148e-01
1.339374780654907227e-01
3.397529125213623047e-01
7.166286557912826538e-02
3.981068134307861328e-01
4.825561493635177612e-02
3.835304677486419678e-01
1.184780672192573547e-01
2.534742951393127441e-01
2.500593960285186768e-01
1.851766109466552734e-01
3.611216545104980469e-01
7.049995660781860352e-02
4.111826419830322266e-01
7.775460928678512573e-02
2.558506131172180176e-01
1.584578305482864380e-01
1.619881242513656616e-01
1.462836861610412598e-01
4.728884994983673096e-01
2.727318927645683289e-02
2.829850912094116211e-01
5.251208320260047913e-02
3.172584772109985352e-01
1.709941476583480835e-01
1.592947244644165039e-01
1.851027160882949829e-01
2.340063601732254028e-01
2.559571862220764160e-01
1.903087049722671509e-01
4.596689939498901367e-01
6.844036281108856201e-02
3.498879075050354004e-01
2.709015011787414551e-01
1.445278823375701904e-01
6.526041030883789062e-01
9.423382580280303955e-03
3.390563428401947021e-01
2.579635381698608398e-01
1.050010919570922852e-01
3.697202503681182861e-01
9.302760660648345947e-02
5.269873142242431641e-01
6.381465494632720947e-02
3.060176968574523926e-01
2.024266421794891357e-01
1.389067173004150391e-01
3.288512825965881348e-01
1.046203970909118652e-01
1.836933940649032593e-01
3.249509632587432861e-01
7.257731258869171143e-02
3.518732190132141113e-01
1.943620741367340088e-01
2.353222072124481201e-01
1.451012194156646729e-01
3.278869688510894775e-01
8.766733109951019287e-02
3.921104073524475098e-01
1.311292350292205811e-01
2.310805916786193848e-01
2.343032360076904297e-01
1.065455824136734009e-01
4.291565418243408203e-01
3.874183446168899536e-02
6.317449212074279785e-01
3.169808536767959595e-02
5.045313835144042969e-01
5.263279378414154053e-02
2.914496660232543945e-01
1.675461381673812866e-01
2.459661960601806641e-01
3.072538077831268311e-01
3.258304595947265625e-01
2.206011116504669189e-01
2.064041197299957275e-01
3.729087114334106445e-01
5.803499370813369751e-02
3.527141809463500977e-01
1.545562446117401123e-01
1.650405377149581909e-01
4.305326044559478760e-01
4.286502674221992493e-02
4.703646600246429443e-01
5.565924569964408875e-02
6.690909862518310547e-01
2.055033110082149506e-02
1.622537076473236084e-01
6.087876558303833008e-01
1.625848934054374695e-02
1.323867738246917725e-01
5.604244470596313477e-01
3.340812772512435913e-02
3.060462176799774170e-01
3.851746618747711182e-01
7.171121239662170410e-02
4.752437472343444824e-01
1.222908943891525269e-01
3.029688596725463867e-01
1.809599101543426514e-01
1.607486903667449951e-01
2.704469859600067139e-01
1.941533684730529785e-01
2.214251756668090820e-01
2.732561230659484863e-01
1.377869546413421631e-01
2.429468035697937012e-01
3.422480225563049316e-01
8.045493066310882568e-02
1.939232200384140015e-01
4.021533429622650146e-01
4.396655410528182983e-02
4.107800126075744629e-01
7.278732210397720337e-02
3.566056489944458008e-01
5.202976614236831665e-02
5.172778964042663574e-01
4.380260407924652100e-02
3.543334305286407471e-01
9.553040564060211182e-02
3.047282099723815918e-01
1.252077519893646240e-01
2.960098385810852051e-01
1.206717342138290405e-01
2.614738345146179199e-01
1.793735027313232422e-01
1.738420724868774414e-01
3.794103264808654785e-01
4.632662981748580933e-02
2.487216591835021973e-01
1.592920720577239990e-01
2.594776749610900879e-01
1.092630177736282349e-01
6.422511339187622070e-01
9.287578985095024109e-03
2.803324460983276367e-01
2.020324319601058960e-01
8.240317553281784058e-02
3.617466688156127930e-01
6.225682795047760010e-02
1.875626444816589355e-01
3.073453903198242188e-01
7.104483991861343384e-02
4.547143280506134033e-01
4.154065996408462524e-02
5.371726751327514648e-01
4.015582799911499023e-02
1.518152952194213867e-01
2.610986232757568359e-01
1.907095611095428467e-01
1.648751795291900635e-01
2.926794886589050293e-01
1.508380025625228882e-01
3.762800097465515137e-01
6.794261187314987183e-02
3.813164234161376953e-01
8.752980828285217285e-02
1.214928627014160156e-01
4.589481353759765625e-01
5.344309285283088684e-02
5.454795360565185547e-01
3.147532045841217041e-02
3.673862218856811523e-01
1.035934984683990479e-01
3.501149415969848633e-01
5.940557271242141724e-02
2.307085096836090088e-01
2.777707576751708984e-01
1.115521788597106934e-01
4.464922845363616943e-01
4.363673180341720581e-02
2.783977687358856201e-01
8.967787027359008789e-02
2.798916101455688477e-01
8.866096287965774536e-02
2.771332859992980957e-01
1.235404163599014282e-01
2.918733060359954834e-01
5.102024972438812256e-02
3.461887538433074951e-01
7.444078475236892700e-02
3.494934439659118652e-01
1.249208897352218628e-01
2.125231325626373291e-01
1.912953257560729980e-01
2.200704067945480347e-01
1.952042877674102783e-01
1.594666838645935059e-01
3.102688193321228027e-01
4.195412248373031616e-02
3.146587610244750977e-01
1.324895322322845459e-01
2.575424909591674805e-01
2.419578880071640015e-01
9.313719719648361206e-02
5.037156343460083008e-01
2.179805748164653778e-02
1.657379418611526489e-01
3.957538008689880371e-01
4.909919574856758118e-02
2.895249426364898682e-01
1.388723850250244141e-01
2.836621701717376709e-01
1.034491881728172302e-01
2.382923811674118042e-01
2.333140969276428223e-01
1.053710132837295532e-01
4.736460447311401367e-01
3.775956481695175171e-02
5.443266630172729492e-01
3.441238403320312500e-02
4.243140220642089844e-01
4.098167642951011658e-02
3.218096792697906494e-01
6.649371236562728882e-02
3.405537605285644531e-01
6.499470770359039307e-02
4.611233472824096680e-01
4.342651367187500000e-02
4.813300967216491699e-01
3.502714633941650391e-02
1.408329606056213379e-01
3.821389079093933105e-01
7.077383249998092651e-02
2.558078467845916748e-01
1.687752902507781982e-01
1.851316988468170166e-01
1.994200199842453003e-01
2.172353416681289673e-01
4.249014556407928467e-01
5.508315935730934143e-02
5.751991271972656250e-01
1.820598915219306946e-02
4.805964529514312744e-01
2.531436271965503693e-02
2.257677018642425537e-01
1.904288530349731445e-01
1.944073736667633057e-01
1.235301718115806580e-01
2.943202257156372070e-01
1.328979730606079102e-01
3.713989853858947754e-01
4.955082386732101440e-02
9.832353889942169189e-02
5.736565589904785156e-01
1.079813390970230103e-02
2.616318166255950928e-01
2.112547904253005981e-01
1.374359428882598877e-01
2.856271266937255859e-01
1.780128926038742065e-01
4.303134679794311523e-01
3.404415771365165710e-02
4.801586866378784180e-01
3.856851533055305481e-02
2.552042901515960693e-01
2.139189094305038452e-01
1.116778105497360229e-01
2.508998811244964600e-01
1.099346950650215149e-01
3.123597502708435059e-01
1.041671410202980042e-01
3.980010151863098145e-01
4.928264021873474121e-02
1.366597861051559448e-01
2.946418523788452148e-01
9.343227744102478027e-02
2.945087552070617676e-01
1.043177694082260132e-01
1.722792685031890869e-01
2.735679149627685547e-01
8.958368003368377686e-02
3.102236986160278320e-01
8.018752932548522949e-02
4.394844770431518555e-01
2.920251525938510895e-02
1.683681905269622803e-01
2.940581738948822021e-01
7.068356871604919434e-02
2.118753194808959961e-01
5.198290944099426270e-01
2.518427558243274689e-02
6.291255950927734375e-01
1.440903916954994202e-02
2.965124845504760742e-01
3.147584795951843262e-01
4.553798586130142212e-02
2.912981510162353516e-01
8.934935182332992554e-02
2.316153198480606079e-01
9.784179925918579102e-02
3.926044106483459473e-01
3.146729618310928345e-02
2.572790980339050293e-01
1.169348359107971191e-01
3.064537048339843750e-01
7.888822257518768311e-02
3.155497610569000244e-01
1.221140623092651367e-01
1.641692668199539185e-01
2.922010123729705811e-01
1.541927456855773926e-01
2.714138329029083252e-01
1.306129544973373413e-01
3.233057260513305664e-01
9.312348067760467529e-02
3.135606646537780762e-01
1.299882829189300537e-01
2.929304242134094238e-01
9.249529242515563965e-02
4.120655655860900879e-01
6.931516528129577637e-02
3.626067340373992920e-01
1.417321860790252686e-01
2.984118461608886719e-01
8.986690640449523926e-02
4.074747860431671143e-01
6.674869358539581299e-02
7.047344446182250977e-01
2.816040068864822388e-03
3.298546075820922852e-01
2.082470655441284180e-01
1.246151626110076904e-01
2.065488845109939575e-01
1.421341001987457275e-01
2.397532463073730469e-01
1.963578164577484131e-01
2.579239606857299805e-01
1.274867951869964600e-01
6.344866156578063965e-01
1.273784600198268890e-02
5.619745254516601562e-01
2.954997122287750244e-02
3.184758722782135010e-01
2.519244551658630371e-01
9.706714749336242676e-02
5.439562201499938965e-01
3.257224336266517639e-02
3.767128586769104004e-01
1.010960787534713745e-01
1.277546286582946777e-01
2.546199858188629150e-01
2.208199799060821533e-01
1.605825126171112061e-01
3.377875089645385742e-01
1.066364049911499023e-01
2.786430120468139648e-01
2.193045318126678467e-01
2.849049270153045654e-01
1.195150166749954224e-01
3.060773015022277832e-01
1.233383938670158386e-01
1.953153908252716064e-01
1.425665616989135742e-01
2.237611114978790283e-01
1.510832905769348145e-01
1.028303578495979309e-01
3.777262866497039795e-01
6.823543459177017212e-02
2.339186370372772217e-01
1.895913332700729370e-01
1.297599524259567261e-01
3.196616172790527344e-01
1.083541661500930786e-01
2.108597904443740845e-01
3.182975053787231445e-01
5.344961211085319519e-02
3.372953534126281738e-01
1.722538918256759644e-01
1.274757534265518188e-01
2.730227708816528320e-01
1.055232807993888855e-01
2.999105155467987061e-01
1.388377547264099121e-01
2.412184625864028931e-01
1.373872458934783936e-01
1.351268291473388672e-01
3.295370936393737793e-01
6.648425757884979248e-02
2.108529955148696899e-01
2.502499520778656006e-01
9.195791929960250854e-02
5.373555421829223633e-01
2.044087648391723633e-02
3.668179214000701904e-01
1.170883923768997192e-01
1.578213423490524292e-01
4.468477368354797363e-01
5.960650369524955750e-02
2.737244963645935059e-01
2.490718066692352295e-01
7.987805455923080444e-02
2.828212976455688477e-01
1.024939119815826416e-01
2.340781688690185547e-01
1.759123951196670532e-01
1.183595061302185059e-01
2.026564180850982666e-01
1.950070410966873169e-01
1.832291781902313232e-01
1.229408234357833862e-01
2.250588983297348022e-01
6.992572546005249023e-02
2.607536315917968750e-01
8.518269658088684082e-02
2.086405307054519653e-01
1.786795854568481445e-01
1.546398252248764038e-01
2.764415144920349121e-01
1.246693879365921021e-01
3.786291480064392090e-01
5.622592568397521973e-02
5.411819219589233398e-01
1.368370279669761658e-02
5.747317075729370117e-01
1.647756248712539673e-02
3.060427904129028320e-01
2.540758252143859863e-01
7.512477785348892212e-02
7.598704099655151367e-01
8.417731150984764099e-03
6.047183275222778320e-01
2.530585974454879761e-02
8.011052012443542480e-01
1.219017058610916138e-02
2.727642655372619629e-01
2.889342308044433594e-01
9.511401504278182983e-02
1.845149397850036621e-01
3.530351519584655762e-01
6.872905045747756958e-02
5.718513727188110352e-01
6.721696257591247559e-02
4.224956631660461426e-01
3.992752730846405029e-02
2.623407244682312012e-01
2.072440087795257568e-01
8.553142845630645752e-02
3.189345598220825195e-01
1.435157954692840576e-01
4.144936800003051758e-01
1.367800831794738770e-01
3.850256204605102539e-01
8.696241676807403564e-02
3.395928740501403809e-01
1.599122583866119385e-01
3.071910738945007324e-01
9.208110719919204712e-02
2.369059473276138306e-01
2.474837750196456909e-01
1.606919616460800171e-01
2.524127364158630371e-01
1.922373175621032715e-01
2.297620326280593872e-01
1.880714744329452515e-01
2.287130206823348999e-01
1.887467205524444580e-01
2.186457216739654541e-01
1.628991365432739258e-01
2.497826665639877319e-01
1.343707442283630371e-01
2.650724351406097412e-01
2.414441108703613281e-01
1.378850489854812622e-01
2.874939441680908203e-01
1.054402142763137817e-01
3.200638592243194580e-01
1.257178336381912231e-01
2.254565805196762085e-01
1.877257823944091797e-01
2.065261900424957275e-01
1.380489617586135864e-01
1.479102671146392822e-01
2.913041114807128906e-01
5.475354194641113281e-02
2.539997696876525879e-01
1.593704670667648315e-01
2.727685570716857910e-01
4.967036098241806030e-02
2.149692922830581665e-01
1.441478133201599121e-01
9.974169731140136719e-02
2.048607468605041504e-01
1.865808367729187012e-01
1.316260099411010742e-01
2.787422537803649902e-01
6.627243757247924805e-02
2.334680408239364624e-01
1.665573418140411377e-01
1.084250882267951965e-01
8.323043584823608398e-01
9.432029910385608673e-03
4.478930830955505371e-01
8.704699575901031494e-02
4.600259959697723389e-01
4.200080409646034241e-02
1.227618157863616943e-01
4.700048863887786865e-01
1.098406314849853516e-02
1.994400173425674438e-01
3.004432916641235352e-01
5.892329663038253784e-02
3.014593720436096191e-01
1.283829659223556519e-01
2.234822511672973633e-01
2.887912690639495850e-01
9.029617905616760254e-02
2.281375527381896973e-01
1.843891143798828125e-01
1.458215117454528809e-01
3.758236169815063477e-01
4.499726742506027222e-02
3.951813876628875732e-01
1.266155093908309937e-01
1.447865366935729980e-01
3.066604137420654297e-01
6.478570401668548584e-02
4.273602366447448730e-01
2.676635608077049255e-02
3.259040713310241699e-01
1.009803563356399536e-01
3.107916116714477539e-01
9.852172434329986572e-02
2.805651426315307617e-01
1.068526059389114380e-01
3.346828818321228027e-01
4.956234246492385864e-02
3.631467819213867188e-01
1.022293940186500549e-01
1.395823657512664795e-01
4.175907671451568604e-01
3.558313474059104919e-02
3.451248109340667725e-01
7.140507549047470093e-02
2.554402649402618408e-01
1.924984753131866455e-01
1.968332827091217041e-01
1.531026959419250488e-01
2.640956640243530273e-01
5.260768532752990723e-02
5.328304767608642578e-01
3.186852484941482544e-02
4.206958711147308350e-01
3.150178119540214539e-02
1.507538259029388428e-01
2.757249474525451660e-01
7.084840536117553711e-02
5.161916017532348633e-01
2.206739038228988647e-02
3.383194804191589355e-01
8.437064290046691895e-02
2.284566760063171387e-01
9.054644405841827393e-02
4.093480110168457031e-01
2.774024568498134613e-02
4.538142979145050049e-01
5.153954774141311646e-02
3.424299359321594238e-01
7.852357625961303711e-02
2.820619940757751465e-01
8.998133242130279541e-02
3.164081275463104248e-01
8.401180058717727661e-02
2.963908910751342773e-01
1.259886026382446289e-01
2.009207010269165039e-01
1.827275753021240234e-01
1.634215712547302246e-01
2.584226727485656738e-01
1.436210274696350098e-01
2.013539373874664307e-01
3.258100748062133789e-01
5.251669138669967651e-02
5.446910262107849121e-01
2.948978170752525330e-02
3.364285230636596680e-01
1.406978257000446320e-02
3.867140412330627441e-01
5.904817208647727966e-02
2.314750254154205322e-01
2.317075133323669434e-01
9.882767498493194580e-02
3.762167692184448242e-01
4.701738059520721436e-02
2.139718234539031982e-01
3.599981665611267090e-01
2.452898770570755005e-02
2.517937421798706055e-01
2.905993759632110596e-01
8.402304351329803467e-02
1.559030860662460327e-01
3.470449447631835938e-01
4.911972582340240479e-02
3.002418279647827148e-01
1.139751821756362915e-01
1.111391037702560425e-01
2.187862247228622437e-01
1.283784061670303345e-01
1.070755273103713989e-01
2.851991057395935059e-01
7.600197941064834595e-02
2.525351941585540771e-01
1.092248708009719849e-01
3.984432816505432129e-01
3.100816160440444946e-02
6.963738799095153809e-01
7.697027176618576050e-03
3.786837160587310791e-01
1.426874548196792603e-01
1.008258014917373657e-01
5.981070399284362793e-01
2.242226898670196533e-02
7.398113012313842773e-01
1.316652446985244751e-02
3.772317171096801758e-01
3.390784859657287598e-01
7.519374787807464600e-02
2.268245518207550049e-01
3.137089014053344727e-01
1.486912816762924194e-01
4.460917115211486816e-01
2.352991141378879547e-02
6.525005102157592773e-01
4.233545809984207153e-02
2.015106230974197388e-01
2.912647128105163574e-01
1.658895611763000488e-01
2.695599794387817383e-01
1.838808506727218628e-01
3.273547291755676270e-01
1.182190775871276855e-01
2.271274477243423462e-01
2.787322402000427246e-01
8.237825334072113037e-02
3.455100953578948975e-01
8.159445226192474365e-02
2.130133062601089478e-01
1.428548395633697510e-01
1.595858931541442871e-01
2.510706186294555664e-01
1.761465668678283691e-01
1.185316890478134155e-01
2.165591120719909668e-01
1.173776090145111084e-01
2.860772907733917236e-01
7.461399585008621216e-02
2.720089852809906006e-01
9.666752815246582031e-02
3.163627386093139648e-01
6.726071983575820923e-02
2.178461849689483643e-01
1.263020485639572144e-01
2.113458216190338135e-01
2.236263453960418701e-01
9.323482215404510498e-02
1.947924196720123291e-01
1.751727163791656494e-01
1.535027623176574707e-01
1.616179347038269043e-01
1.654361039400100708e-01
1.607098579406738281e-01
1.651766598224639893e-01
2.374766170978546143e-01
1.775763034820556641e-01
1.275736689567565918e-01
2.475012838840484619e-01
1.756719350814819336e-01
2.721305191516876221e-01
1.134855002164840698e-01
1.921110600233078003e-01
1.746684610843658447e-01
1.139512285590171814e-01
2.739557921886444092e-01
5.842506885528564453e-02
2.376953661441802979e-01
1.133823990821838379e-01
1.999534964561462402e-01
1.584229469299316406e-01
1.430230736732482910e-01
1.867901682853698730e-01
1.617232561111450195e-01
2.216723263263702393e-01
1.151646673679351807e-01
2.237715423107147217e-01
2.017386406660079956e-01
8.909816294908523560e-02
4.007620513439178467e-01
4.492695629596710205e-02
4.914506971836090088e-01
2.525403350591659546e-02
2.291938066482543945e-01
1.420491635799407959e-01
2.529018223285675049e-01
1.499447524547576904e-01
1.154018342494964600e-01
4.685118794441223145e-01
4.490575939416885376e-02
6.182373762130737305e-01
6.169067695736885071e-03
4.242273867130279541e-01
9.658014029264450073e-02
4.004703760147094727e-01
1.032213792204856873e-01
2.983534634113311768e-01
2.471167147159576416e-01
1.691454648971557617e-01
2.952916920185089111e-01
1.118542999029159546e-01
3.734051585197448730e-01
3.840232267975807190e-02
6.302136182785034180e-01
6.332275271415710449e-02
3.536994755268096924e-01
5.308925360441207886e-02
2.546437084674835205e-01
1.955893635749816895e-01
6.937607377767562866e-02
2.138938009738922119e-01
1.739078611135482788e-01
1.948775947093963623e-01
2.118051350116729736e-01
1.589817106723785400e-01
1.858824044466018677e-01
1.879162490367889404e-01
3.154295980930328369e-01
6.743232905864715576e-02
3.691412508487701416e-01
6.237619370222091675e-02
2.379306256771087646e-01
2.047682106494903564e-01
2.947645187377929688e-01
1.360318958759307861e-01
4.028198719024658203e-01
4.460525512695312500e-02
4.420804977416992188e-01
2.226286008954048157e-02
9.278686344623565674e-02
1.755723655223846436e-01
1.849101036787033081e-01
1.735998094081878662e-01
1.194995641708374023e-01
2.588406801223754883e-01
1.671436429023742676e-01
2.594698965549468994e-01
1.187607571482658386e-01
1.957590281963348389e-01
1.762747317552566528e-01
1.556356996297836304e-01
1.194864660501480103e-01
3.061935901641845703e-01
1.108884215354919434e-01
2.735960483551025391e-01
1.596017181873321533e-01
1.987376958131790161e-01
1.837377101182937622e-01
1.732103079557418823e-01
2.159376442432403564e-01
1.656925976276397705e-01
4.463049769401550293e-01
2.744140289723873138e-02
4.185191094875335693e-01
6.123322248458862305e-02
1.377345621585845947e-01
2.256595492362976074e-01
1.272886693477630615e-01
1.543394476175308228e-01
2.855334281921386719e-01
5.935809761285781860e-02
4.477744102478027344e-01
6.845249980688095093e-02
2.635396122932434082e-01
9.204062074422836304e-02
3.334380090236663818e-01
5.279057472944259644e-02
7.268517017364501953e-01
1.869986066594719887e-03
2.541240453720092773e-01
2.524081170558929443e-01
3.002098798751831055e-01
1.255616992712020874e-01
5.337584614753723145e-01
2.873937413096427917e-02
3.660083115100860596e-01
1.250545382499694824e-01
1.617626696825027466e-01
1.790326833724975586e-01
2.715213894844055176e-01
7.065973430871963501e-02
6.049530506134033203e-01
2.474873885512351990e-02
7.282606363296508789e-01
5.811647512018680573e-03
2.049504518508911133e-01
2.723125219345092773e-01
1.363823860883712769e-01
3.138298392295837402e-01
1.128766983747482300e-01
6.765320301055908203e-01
1.571463420987129211e-02
7.263287305831909180e-01
2.003640495240688324e-02
2.026085853576660156e-01
4.225463569164276123e-01
6.225927546620368958e-02
2.759724855422973633e-01
2.651015222072601318e-01
1.713823080062866211e-01
3.147968053817749023e-01
1.283730119466781616e-01
2.083903849124908447e-01
2.686464786529541016e-01
1.315222829580307007e-01
3.790942430496215820e-01
5.104522779583930969e-02
1.069682389497756958e-01
4.247953891754150391e-01
7.191491127014160156e-02
2.117088139057159424e-01
1.923591196537017822e-01
1.365815997123718262e-01
1.765285581350326538e-01
1.721422225236892700e-01
2.256253957748413086e-01
1.126219183206558228e-01
3.191383481025695801e-01
7.535613328218460083e-02
2.335003316402435303e-01
1.413557529449462891e-01
1.942547708749771118e-01
1.827820092439651489e-01
1.821217983961105347e-01
2.016915380954742432e-01
1.090951114892959595e-01
2.695101201534271240e-01
9.360405802726745605e-02
2.960917353630065918e-01
9.520348906517028809e-02
2.267107963562011719e-01
1.946820616722106934e-01
1.463080942630767822e-01
1.737836152315139771e-01
2.145670801401138306e-01
8.712642639875411987e-02
1.591548919677734375e-01
1.831209361553192139e-01
1.554704755544662476e-01
1.783202439546585083e-01
2.423608899116516113e-01
1.026846170425415039e-01
3.032535314559936523e-01
9.454347193241119385e-02
1.704302132129669189e-01
1.407037079334259033e-01
2.311380803585052490e-01
1.669417172670364380e-01
1.742839813232421875e-01
4.019286036491394043e-01
2.642404660582542419e-02
4.359765052795410156e-01
6.074554100632667542e-02
1.554090082645416260e-01
2.684510052204132080e-01
8.470314741134643555e-02
4.296915531158447266e-01
4.697703570127487183e-02
3.439083695411682129e-01
6.279430538415908813e-02
1.705572605133056641e-01
1.514188051223754883e-01
1.829068064689636230e-01
1.183057203888893127e-01
2.057696133852005005e-01
2.281143963336944580e-01
8.656641095876693726e-02
4.233627319335937500e-01
4.936955496668815613e-02
3.122851848602294922e-01
9.403130412101745605e-02
2.188296914100646973e-01
1.734861433506011963e-01
1.386979520320892334e-01
4.035620093345642090e-01
4.982474073767662048e-02
4.287185668945312500e-01
3.819032013416290283e-02
6.917743384838104248e-02
3.530125021934509277e-01
7.743535935878753662e-02
3.497272729873657227e-01
4.841800779104232788e-02
3.910441398620605469e-01
3.866022452712059021e-02
2.953016459941864014e-01
2.695011906325817108e-02
1.728357374668121338e-01
2.552425563335418701e-01
5.033366382122039795e-02
3.271351456642150879e-01
4.652519524097442627e-02
2.527881264686584473e-01
8.900745213031768799e-02
2.330745011568069458e-01
1.519858688116073608e-01
1.443220973014831543e-01
2.289109826087951660e-01
1.219236254692077637e-01
1.172347888350486755e-01
2.852250337600708008e-01
8.044245839118957520e-02
2.743397057056427002e-01
1.396887153387069702e-01
1.189981698989868164e-01
3.103109002113342285e-01
8.149415254592895508e-02
1.236128807067871094e-01
1.754740178585052490e-01
9.049776196479797363e-02
3.179288208484649658e-01
3.154781460762023926e-02
4.970193803310394287e-01
7.138358056545257568e-02
4.015615582466125488e-01
4.436417669057846069e-02
3.867193460464477539e-01
1.370294094085693359e-01
1.508235633373260498e-01
1.766929477453231812e-01
1.490797847509384155e-01
3.966228961944580078e-01
2.445242553949356079e-02
4.735049903392791748e-01
7.283242046833038330e-02
2.181948125362396240e-01
8.619630336761474609e-02
3.080692291259765625e-01
7.877363264560699463e-02
2.608233988285064697e-01
9.816108644008636475e-02
3.025072216987609863e-01
5.079183727502822876e-02
5.035127401351928711e-01
2.446811087429523468e-02
6.487626433372497559e-01
2.285758778452873230e-02
3.796059191226959229e-01
9.321533143520355225e-02
2.198858559131622314e-01
1.729947328567504883e-01
1.299016773700714111e-01
4.327173233032226562e-01
2.728005126118659973e-02
2.854201793670654297e-01
1.434117257595062256e-01
1.364806294441223145e-01
2.643627524375915527e-01
7.642076909542083740e-02
3.069103956222534180e-01
6.117356568574905396e-02
3.057250976562500000e-01
5.464579910039901733e-02
4.846642613410949707e-01
3.888935968279838562e-02
2.126574516296386719e-01
1.737125664949417114e-01
6.362821161746978760e-02
1.948932111263275146e-01
1.147943362593650818e-01
9.297275543212890625e-02
2.397696673870086670e-01
1.127977371215820312e-01
1.174927726387977600e-01
2.404366433620452881e-01
1.086288690567016602e-01
3.159346580505371094e-01
8.046106249094009399e-02
2.485036402940750122e-01
1.141721755266189575e-01
2.310367226600646973e-01
9.390369057655334473e-02
2.559456229209899902e-01
1.505850702524185181e-01
2.885088324546813965e-01
6.349050998687744141e-02
3.594323396682739258e-01
4.389741271734237671e-02
4.887492656707763672e-01
1.229149475693702698e-02
2.511973083019256592e-01
2.275745868682861328e-01
5.793593078851699829e-02
3.185900747776031494e-01
8.206120133399963379e-02
1.170792207121849060e-01
2.409742772579193115e-01
1.478380113840103149e-01
2.083252370357513428e-01
1.490961313247680664e-01
1.215125620365142822e-01
2.356469482183456421e-01
1.023906767368316650e-01
1.616496145725250244e-01
1.451229900121688843e-01
1.922410726547241211e-01
1.391721069812774658e-01
1.513635516166687012e-01
2.024641335010528564e-01
1.305895149707794189e-01
1.713551580905914307e-01
1.129206418991088867e-01
1.934257745742797852e-01
1.201591268181800842e-01
2.176132351160049438e-01
1.462337374687194824e-01
1.201940923929214478e-01
2.294296622276306152e-01
1.092331781983375549e-01
1.885520815849304199e-01
1.399589180946350098e-01
1.337480545043945312e-01
1.320824623107910156e-01
1.818588078022003174e-01
1.359565109014511108e-01
1.970564126968383789e-01
9.327585250139236450e-02
1.629125624895095825e-01
2.385459989309310913e-01
4.676688462495803833e-02
2.695821821689605713e-01
1.735732108354568481e-01
9.168498218059539795e-02
2.702262997627258301e-01
1.030936241149902344e-01
1.588376760482788086e-01
1.626651585102081299e-01
8.229323476552963257e-02
2.580951154232025146e-01
1.144397109746932983e-01
3.330060839653015137e-01
2.073641866445541382e-02
5.160334110260009766e-01
2.280226349830627441e-02
2.409673333168029785e-01
8.561432361602783203e-02
1.783753037452697754e-01
1.882568448781967163e-01
1.010041981935501099e-01
4.165923595428466797e-01
1.863713003695011139e-02
1.789639294147491455e-01
1.068349480628967285e-01
1.510433852672576904e-01
1.456281840801239014e-01
1.882055699825286865e-01
1.963992118835449219e-01
1.975014060735702515e-01
1.699892282485961914e-01
1.282303184270858765e-01
1.604071706533432007e-01
1.728192567825317383e-01
1.101482734084129333e-01
1.985479891300201416e-01
1.068529933691024780e-01
2.154184579849243164e-01
1.483849287033081055e-01
1.660266220569610596e-01
2.589796483516693115e-01
1.262022107839584351e-01
2.667620480060577393e-01
4.047479480504989624e-02
5.608265399932861328e-01
3.723112866282463074e-02
6.145170927047729492e-01
1.531470753252506256e-02
4.671439230442047119e-01
1.671891286969184875e-02
6.157409548759460449e-01
1.250257939100265503e-01
4.393905997276306152e-01
3.066773153841495514e-02
8.649064302444458008e-01
8.687961846590042114e-03
5.742064714431762695e-01
7.168482244014739990e-02
1.410734355449676514e-01
3.764153122901916504e-01
8.105268329381942749e-02
6.455338001251220703e-01
1.441562268882989883e-02
5.593236088752746582e-01
9.089343249797821045e-02
1.407606452703475952e-01
5.353239774703979492e-01
3.505467623472213745e-02
5.276282429695129395e-01
6.947388499975204468e-02
2.989426851272583008e-01
2.107457816600799561e-01
1.379269063472747803e-01
3.991989493370056152e-01
6.752142310142517090e-02
2.265018969774246216e-01
6.933383643627166748e-02
4.741494059562683105e-01
6.513179838657379150e-02
4.210732281208038330e-01
8.293540775775909424e-02
2.698536515235900879e-01
9.701973199844360352e-02
4.586096405982971191e-01
2.864090539515018463e-02
4.279677271842956543e-01
8.086366951465606689e-02
1.801198720932006836e-01
1.726944148540496826e-01
3.254667818546295166e-01
8.123850822448730469e-02
4.032561779022216797e-01
8.632309734821319580e-02
1.199182271957397461e-01
3.405778408050537109e-01
6.093424558639526367e-02
2.446444034576416016e-01
4.771818965673446655e-02
2.408658713102340698e-01
1.448282450437545776e-01
1.493328958749771118e-01
3.870107829570770264e-01
5.416560545563697815e-02
3.850998878479003906e-01
4.221054539084434509e-02
6.009737849235534668e-01
2.901450172066688538e-02
1.005585193634033203e-01
2.153187841176986694e-01
1.741232275962829590e-01
2.182567417621612549e-01
1.563260555267333984e-01
2.563989758491516113e-01
1.042814999818801880e-01
1.614089906215667725e-01
2.127218991518020630e-01
1.129970848560333252e-01
2.614217400550842285e-01
1.220937669277191162e-01
1.836566329002380371e-01
2.158727198839187622e-01
9.292067587375640869e-02
2.074559181928634644e-01
1.887755542993545532e-01
1.352463364601135254e-01
1.342126429080963135e-01
1.639450043439865112e-01
2.090069055557250977e-01
8.428647369146347046e-02
3.398446738719940186e-01
7.434468716382980347e-02
7.387565970420837402e-01
1.050100475549697876e-02
2.886412143707275391e-01
1.656148880720138550e-01
8.514973521232604980e-02
4.093374013900756836e-01
3.979265689849853516e-02
6.872712373733520508e-01
1.350688561797142029e-02
4.226890206336975098e-01
1.125636398792266846e-01
1.936435252428054810e-01
1.187407374382019043e-01
2.667553424835205078e-01
1.565579175949096680e-01
1.922864615917205811e-01
2.149258553981781006e-01
1.092278361320495605e-01
3.474910855293273926e-01
6.129720807075500488e-02
3.135108351707458496e-01
7.594893872737884521e-02
2.133486270904541016e-01
1.790488213300704956e-01
1.416559666395187378e-01
1.914637386798858643e-01
1.525011360645294189e-01
2.488382160663604736e-01
1.030270904302597046e-01
2.629253268241882324e-01
9.809527546167373657e-02
3.571249544620513916e-01
5.783818662166595459e-02
6.745963096618652344e-01
1.437667198479175568e-02
1.632075309753417969e-01
4.255211949348449707e-01
3.716545552015304565e-02
5.764282345771789551e-01
4.258173331618309021e-02
3.939745426177978516e-01
1.671666949987411499e-01
1.181536316871643066e-01
1.973919570446014404e-01
3.091318607330322266e-01
4.213856905698776245e-02
4.751666784286499023e-01
4.958605021238327026e-02
1.635124981403350830e-01
3.400225043296813965e-01
4.477931931614875793e-02
2.280746847391128540e-01
1.347774565219879150e-01
1.409354507923126221e-01
1.920235455036163330e-01
2.304112762212753296e-01
1.292368620634078979e-01
2.853417098522186279e-01
1.455497443675994873e-01
2.605104446411132812e-01
2.207945287227630615e-01
1.385171115398406982e-01
2.176583707332611084e-01
1.825547665357589722e-01
2.203186154365539551e-01
1.307382583618164062e-01
3.246878385543823242e-01
4.172549769282341003e-02
3.554082810878753662e-01
6.108813360333442688e-02
3.372027277946472168e-01
8.954140543937683105e-02
1.541569530963897705e-01
1.580888628959655762e-01
1.355175375938415527e-01
1.517868936061859131e-01
1.593272387981414795e-01
2.801209390163421631e-01
6.065926700830459595e-02
2.926443517208099365e-01
1.045659855008125305e-01
2.741764187812805176e-01
7.613225281238555908e-02
1.680571734905242920e-01
1.766641587018966675e-01
1.303135752677917480e-01
2.301060557365417480e-01
8.552010357379913330e-02
2.996791005134582520e-01
1.370645612478256226e-01
2.896482646465301514e-01
1.559377461671829224e-02
4.289778769016265869e-01
5.674453824758529663e-02
9.065739810466766357e-02
1.859110593795776367e-01
1.709456443786621094e-01
2.695655226707458496e-01
4.994554817676544189e-02
3.727738857269287109e-01
3.241271525621414185e-02
1.776299029588699341e-01
1.820361614227294922e-01
1.151505038142204285e-01
4.405575394630432129e-01
5.402229353785514832e-02
1.741828918457031250e-01
2.174755036830902100e-01
8.581223338842391968e-02
1.814002245664596558e-01
1.668064594268798828e-01
1.629423797130584717e-01
1.140020340681076050e-01
2.132881879806518555e-01
1.223741248250007629e-01
1.874717772006988525e-01
1.537127345800399780e-01
1.206969246268272400e-01
3.435497283935546875e-01
5.323440581560134888e-02
3.273696899414062500e-01
6.241878867149353027e-02
1.801595985889434814e-01
1.349094808101654053e-01
2.866362333297729492e-01
5.590763688087463379e-02
2.510457634925842285e-01
6.184293329715728760e-02
3.988813757896423340e-01
1.934535056352615356e-02
5.308584570884704590e-01
3.581980615854263306e-02
2.797960937023162842e-01
1.623256206512451172e-01
8.370967954397201538e-02
2.943508327007293701e-01
7.347261905670166016e-02
2.565625011920928955e-01
1.193980276584625244e-01
2.545683383941650391e-01
4.902991652488708496e-02
2.772082984447479248e-01
7.905560731887817383e-02
2.619699239730834961e-01
6.885565817356109619e-02
2.931522130966186523e-01
9.025893360376358032e-02
1.112481206655502319e-01
1.635505855083465576e-01
1.513952463865280151e-01
1.818735301494598389e-01
1.112284213304519653e-01
1.618371009826660156e-01
1.296575665473937988e-01
2.657715082168579102e-01
7.419966906309127808e-02
7.896153628826141357e-02
5.670497417449951172e-01
6.889142096042633057e-02
3.334948420524597168e-01
7.684572041034698486e-02
4.557905197143554688e-01
9.875002317130565643e-03
6.959242820739746094e-01
9.356504306197166443e-03
1.875895261764526367e-01
2.850459218025207520e-01
7.554413378238677979e-02
3.442218303680419922e-01
8.220705389976501465e-02
4.982969164848327637e-01
2.519807033240795135e-02
4.702863097190856934e-01
5.130356177687644958e-02
9.808242321014404297e-02
3.335505127906799316e-01
5.745011195540428162e-02
6.067774295806884766e-01
1.100248657166957855e-02
3.619594573974609375e-01
1.183249130845069885e-01
2.078284174203872681e-01
1.493768095970153809e-01
1.854735910892486572e-01
3.559050559997558594e-01
2.391016110777854919e-02
5.938371419906616211e-01
1.830704882740974426e-02
2.735800743103027344e-01
1.052149236202239990e-01
1.849121749401092529e-01
2.200773954391479492e-01
2.468780279159545898e-01
2.697793841361999512e-01
5.473829805850982666e-02
5.372280478477478027e-01
2.165463007986545563e-02
1.487054079771041870e-01
3.166563510894775391e-01
7.104087620973587036e-02
2.546287775039672852e-01
1.495192050933837891e-01
2.452340275049209595e-01
8.331374824047088623e-02
2.548474073410034180e-01
1.773840188980102539e-01
1.161921545863151550e-01
1.213036701083183289e-01
3.187462985515594482e-01
1.092423647642135620e-01
2.470501810312271118e-01
1.414778530597686768e-01
2.043839395046234131e-01
2.113135457038879395e-01
1.013138890266418457e-01
2.801886796951293945e-01
5.929332226514816284e-02
1.091780439019203186e-01
3.591984510421752930e-01
3.586210310459136963e-02
1.752352416515350342e-01
1.575579941272735596e-01
1.504454165697097778e-01
1.235108971595764160e-01
3.557474017143249512e-01
7.274699211120605469e-02
1.573533266782760620e-01
1.252942234277725220e-01
2.119441032409667969e-01
1.141336113214492798e-01
1.830267310142517090e-01
2.589890360832214355e-01
8.526648581027984619e-02
2.509731650352478027e-01
1.842605173587799072e-01
9.787040203809738159e-02
2.638176977634429932e-01
9.688540548086166382e-02
2.002234756946563721e-01
1.593741774559020996e-01
2.466811835765838623e-01
8.959591388702392578e-02
3.420648276805877686e-01
5.543807893991470337e-02
4.458326101303100586e-01
3.408007323741912842e-02
3.959865868091583252e-01
6.809327006340026855e-02
2.205942273139953613e-01
1.011306941509246826e-01
4.262235164642333984e-01
1.278367917984724045e-02
2.889767885208129883e-01
1.925337314605712891e-01
9.280103445053100586e-02
2.376321256160736084e-01
1.057382076978683472e-01
1.378755569458007812e-01
1.453428566455841064e-01
1.635558307170867920e-01
1.351436376571655273e-01
2.932062149047851562e-01
3.864554315805435181e-02
3.550768494606018066e-01
6.540693342685699463e-02
3.597144782543182373e-01
4.020060598850250244e-02
1.856709122657775879e-01
1.867946833372116089e-01
4.858590662479400635e-02
4.778988063335418701e-01
2.038068138062953949e-02
3.095017075538635254e-01
1.136194616556167603e-01
8.860345184803009033e-02
4.629795551300048828e-01
4.515293985605239868e-02
3.679131269454956055e-01
7.827405631542205811e-02
1.743389070034027100e-01
2.215360701084136963e-01
8.918359130620956421e-02
1.722114384174346924e-01
4.400650262832641602e-01
1.934199780225753784e-02
5.433390140533447266e-01
2.801158279180526733e-02
3.194749653339385986e-01
9.480327367782592773e-02
1.955466270446777344e-01
2.911597490310668945e-01
8.482176065444946289e-02
5.003882050514221191e-01
1.527454145252704620e-02
2.570645511150360107e-01
1.480514705181121826e-01
2.107672244310379028e-01
1.703703403472900391e-01
7.365854084491729736e-02
6.156529784202575684e-01
3.139219433069229126e-02
5.805163383483886719e-01
4.423484206199645996e-02
7.262035608291625977e-01
2.383549883961677551e-02
1.419632136821746826e-01
3.693264126777648926e-01
4.172279685735702515e-02
6.697679162025451660e-01
2.489530853927135468e-02
3.643544316291809082e-01
1.921770125627517700e-01
1.783485561609268188e-01
1.374791562557220459e-01
4.391175508499145508e-01
3.786654025316238403e-02
3.149652183055877686e-01
1.941813975572586060e-01
1.543536037206649780e-01
2.023299783468246460e-01
3.550119996070861816e-01
6.900690495967864990e-02
5.122797489166259766e-01
4.766258597373962402e-02
2.027106434106826782e-01
1.680071651935577393e-01
2.025844305753707886e-01
1.673188209533691406e-01
1.835978478193283081e-01
1.477074772119522095e-01
1.276048421859741211e-01
2.552006840705871582e-01
1.309832334518432617e-01
3.203523159027099609e-01
4.005644470453262329e-02
5.621727705001831055e-01
4.360791668295860291e-02
2.687681019306182861e-01
1.838688701391220093e-01
1.130528897047042847e-01
3.997093439102172852e-01
4.609927535057067871e-02
3.337841629981994629e-01
1.758327186107635498e-01
1.190702766180038452e-01
1.303633749485015869e-01
3.050295710563659668e-01
8.539148420095443726e-02
4.447222948074340820e-01
4.977341368794441223e-02
6.068221330642700195e-01
6.424126680940389633e-03
2.578448653221130371e-01
2.356932610273361206e-01
6.789194047451019287e-02
1.910547167062759399e-01
2.973259687423706055e-01
5.416213348507881165e-02
6.012446284294128418e-01
1.538789551705121994e-02
4.907266795635223389e-01
6.395694613456726074e-02
8.791682124137878418e-02
3.172189295291900635e-01
1.225720420479774475e-01
3.208494186401367188e-01
1.122033745050430298e-01
3.796851933002471924e-01
3.353217244148254395e-02
2.747076153755187988e-01
1.546860784292221069e-01
1.802267581224441528e-01
1.446872055530548096e-01
2.277288138866424561e-01
1.599615812301635742e-01
1.976309716701507568e-01
2.088914066553115845e-01
1.784577667713165283e-01
1.211306676268577576e-01
2.925506830215454102e-01
6.927400827407836914e-02
1.505669206380844116e-01
2.814826369285583496e-01
9.370218217372894287e-02
8.398947864770889282e-02
3.136353790760040283e-01
8.851015567779541016e-02
2.692173123359680176e-01
7.532319426536560059e-02
3.393865823745727539e-01
7.573196291923522949e-02
9.731790423393249512e-02
3.206798434257507324e-01
6.162125989794731140e-02
1.844274550676345825e-01
3.207193017005920410e-01
7.957664132118225098e-02
2.601211071014404297e-01
1.324329972267150879e-01
1.640079319477081299e-01
2.241618037223815918e-01
1.321382820606231689e-01
3.121594190597534180e-01
2.861778810620307922e-02
2.990401089191436768e-01
7.768668234348297119e-02
6.302656233310699463e-02
2.830852866172790527e-01
1.272186040878295898e-01
9.085753560066223145e-02
3.542653620243072510e-01
4.092882573604583740e-02
3.012712597846984863e-01
1.338964104652404785e-01
1.662171930074691772e-01
1.338763087987899780e-01
1.828157603740692139e-01
4.329975843429565430e-01
3.941643238067626953e-02
3.610152006149291992e-01
1.204173341393470764e-01
9.017614275217056274e-02
2.159761786460876465e-01
1.781895458698272705e-01
2.724222242832183838e-01
1.206596940755844116e-01
5.557749271392822266e-01
4.595721140503883362e-03
1.591082811355590820e-01
3.497084975242614746e-01
5.141582712531089783e-02
5.204775929450988770e-01
1.563658565282821655e-02
6.348771452903747559e-01
5.513112060725688934e-03
7.781758308410644531e-01
6.041996181011199951e-03
5.043745040893554688e-01
1.088491007685661316e-01
5.738658905029296875e-01
4.415164887905120850e-02
4.260305762290954590e-01
1.113315969705581665e-01
3.407090902328491211e-01
2.147819995880126953e-01
2.617607414722442627e-01
1.330440938472747803e-01
3.616491556167602539e-01
1.364263892173767090e-01
3.095164895057678223e-01
1.117246299982070923e-01
2.936064302921295166e-01
7.578562200069427490e-02
2.122915089130401611e-01
3.461323380470275879e-01
9.351727366447448730e-02
4.903923869132995605e-01
4.030392318964004517e-02
3.084594011306762695e-01
1.518221050500869751e-01
1.480399668216705322e-01
1.679703891277313232e-01
2.165151387453079224e-01
1.075743883848190308e-01
1.899857968091964722e-01
3.152830004692077637e-01
5.385919660329818726e-02
2.701373696327209473e-01
1.781602501869201660e-01
1.119388341903686523e-01
3.078846335411071777e-01
1.651014834642410278e-01
1.971611380577087402e-01
2.490488588809967041e-01
1.162693426012992859e-01
2.115635126829147339e-01
1.464959383010864258e-01
1.976492106914520264e-01
2.650941014289855957e-01
9.987550973892211914e-02
1.548631191253662109e-01
2.798203229904174805e-01
8.178270608186721802e-02
2.339062690734863281e-01
1.973504275083541870e-01
1.831434071063995361e-01
1.800157129764556885e-01
8.331956714391708374e-02
1.583208441734313965e-01
2.468743622303009033e-01
1.366126239299774170e-01
3.071863651275634766e-01
6.209923326969146729e-02
1.464493572711944580e-01
2.381908595561981201e-01
1.835110485553741455e-01
1.602674573659896851e-01
3.199627399444580078e-01
1.057517826557159424e-01
2.110563069581985474e-01
2.723245620727539062e-01
7.889856398105621338e-02
1.957398205995559692e-01
1.837112009525299072e-01
1.524577736854553223e-01
1.627075970172882080e-01
2.668824195861816406e-01
8.784912526607513428e-02
2.820343077182769775e-01
7.212603092193603516e-02
3.171575665473937988e-01
9.367951750755310059e-02
2.342040538787841797e-01
1.247450262308120728e-01
1.807608604431152344e-01
2.626525163650512695e-01
7.280362397432327271e-02
2.308982908725738525e-01
1.631464362144470215e-01
1.543872952461242676e-01
2.238936126232147217e-01
1.783124208450317383e-01
4.695167392492294312e-02
4.900861382484436035e-01
8.516632020473480225e-03
4.891411662101745605e-01
9.112004935741424561e-02
9.601876139640808105e-02
3.673558235168457031e-01
4.695900529623031616e-02
3.960383534431457520e-01
2.084506489336490631e-02
4.480356872081756592e-01
5.447349324822425842e-02
1.846313774585723877e-01
3.485171198844909668e-01
4.439371451735496521e-02
6.700606942176818848e-01
2.021655440330505371e-02
3.514985442161560059e-01
1.220268085598945618e-01
2.796756625175476074e-01
6.895484030246734619e-02
4.334486424922943115e-01
1.154645532369613647e-02
5.145012140274047852e-01
3.040877170860767365e-02
5.666813850402832031e-01
4.973143339157104492e-02
1.629226803779602051e-01
3.596009612083435059e-01
7.373711466789245605e-02
4.225189089775085449e-01
6.947505474090576172e-02
4.858288764953613281e-01
4.960025846958160400e-02
4.210545420646667480e-01
4.650940001010894775e-02
3.773074150085449219e-01
7.948676496744155884e-02
1.775205433368682861e-01
2.183469980955123901e-01
1.358596831560134888e-01
1.550727784633636475e-01
2.439138591289520264e-01
1.256890892982482910e-01
1.448562741279602051e-01
2.616496682167053223e-01
1.098821163177490234e-01
3.248409628868103027e-01
3.766903281211853027e-02
1.505318284034729004e-01
2.940827012062072754e-01
1.044309586286544800e-01
3.459250032901763916e-01
1.804884374141693115e-01
2.283759415149688721e-01
1.207631602883338928e-01
9.785242378711700439e-02
3.218667507171630859e-01
7.944430410861968994e-02
2.703643441200256348e-01
1.403012871742248535e-01
1.209947392344474792e-01
2.385852038860321045e-01
1.162653714418411255e-01
1.500894129276275635e-01
2.989897131919860840e-01
5.709052085876464844e-02
1.502420902252197266e-01
2.202641814947128296e-01
1.561291515827178955e-01
3.002527356147766113e-01
5.132931843400001526e-02
2.612946331501007080e-01
1.415845155715942383e-01
1.795308887958526611e-01
8.178211748600006104e-02
1.684952080249786377e-01
1.456627249717712402e-01
1.649134159088134766e-01
1.739151030778884888e-01
1.168147176504135132e-01
3.051839470863342285e-01
1.176833733916282654e-01
1.322056055068969727e-01
3.839136362075805664e-01
3.868235647678375244e-02
3.078209161758422852e-01
7.766545563936233521e-02
1.879812330007553101e-01
1.535799801349639893e-01
2.372716367244720459e-01
1.060174480080604553e-01
3.505401611328125000e-01
4.341857135295867920e-02
5.590961575508117676e-01
2.643743902444839478e-02
4.692096710205078125e-01
2.439183928072452545e-02
7.246252298355102539e-01
5.891156382858753204e-03
4.435927569866180420e-01
9.835357964038848877e-02
2.700456380844116211e-01
1.690708547830581665e-01
3.452544808387756348e-01
6.971161067485809326e-02
2.611769437789916992e-01
1.961345225572586060e-01
2.768096327781677246e-01
1.154147386550903320e-01
4.920235276222229004e-01
3.211732953786849976e-02
4.887396097183227539e-01
5.644558370113372803e-02
2.677714824676513672e-01
3.257930874824523926e-01
6.763391196727752686e-02
4.685086607933044434e-01
3.848584368824958801e-02
4.836916923522949219e-01
4.681827500462532043e-02
3.006287813186645508e-01
7.668595016002655029e-02
3.135630190372467041e-01
9.562161564826965332e-02
3.942476511001586914e-01
7.579100131988525391e-02
3.040131926536560059e-01
9.954756498336791992e-02
3.088829815387725830e-01
6.525599956512451172e-02
2.175453305244445801e-01
1.549892872571945190e-01
1.199200376868247986e-01
2.738156914710998535e-01
1.171903014183044434e-01
2.307446599006652832e-01
2.159872949123382568e-01
1.972232758998870850e-01
2.150211632251739502e-01
1.121477484703063965e-01
2.669632434844970703e-01
6.116610765457153320e-02
2.632938623428344727e-01
2.261277288198471069e-01
8.573098480701446533e-02
1.899594664573669434e-01
1.520843654870986938e-01
3.275906443595886230e-01
7.791981101036071777e-02
3.162880837917327881e-01
1.171358004212379456e-01
2.841577827930450439e-01
8.393726497888565063e-02
1.692486256361007690e-01
2.702412307262420654e-01
7.469195127487182617e-02
2.459744065999984741e-01
1.888865083456039429e-01
1.140690445899963379e-01
1.577268689870834351e-01
1.912570148706436157e-01
2.589244246482849121e-01
9.128551930189132690e-02
4.579415321350097656e-01
1.224129460752010345e-02
5.366739630699157715e-01
1.391083002090454102e-02
4.236875772476196289e-01
9.415356814861297607e-02
2.325083911418914795e-01
2.821289896965026855e-01
8.206600695848464966e-02
4.475162327289581299e-01
3.198282793164253235e-02
2.992941737174987793e-01
1.278901845216751099e-01
6.918255984783172607e-02
3.885173499584197998e-01
4.018527269363403320e-02
5.212194919586181641e-01
2.672018483281135559e-02
2.298014760017395020e-01
1.587572395801544189e-01
1.952709853649139404e-01
1.674993038177490234e-01
3.603664040565490723e-01
3.614037111401557922e-02
6.973339319229125977e-01
1.486683450639247894e-02
2.699807286262512207e-01
1.598337292671203613e-01
8.475147187709808350e-02
3.797643780708312988e-01
1.051850020885467529e-01
4.208487570285797119e-01
6.079397350549697876e-02
4.394226968288421631e-01
2.939087525010108948e-02
1.673782616853713989e-01
1.867585331201553345e-01
1.568544059991836548e-01
1.720654070377349854e-01
2.616063952445983887e-01
1.635122001171112061e-01
1.453327238559722900e-01
1.485485434532165527e-01
2.274151742458343506e-01
1.315102577209472656e-01
2.866550683975219727e-01
4.728019982576370239e-02
2.486486434936523438e-01
1.332285404205322266e-01
8.881431072950363159e-02
1.851057410240173340e-01
1.186447143554687500e-01
3.542584180831909180e-01
6.356573104858398438e-02
2.723998427391052246e-01
1.396654844284057617e-01
1.626127064228057861e-01
1.967254430055618286e-01
1.625111997127532959e-01
1.813150346279144287e-01
1.358495652675628662e-01
1.896122694015502930e-01
8.111734688282012939e-02
3.341006636619567871e-01
8.993040025234222412e-02
3.889987990260124207e-02
4.685240983963012695e-01
4.252279549837112427e-02
2.792171537876129150e-01
1.777921020984649658e-01
4.696346819400787354e-02
4.405845999717712402e-01
5.875898897647857666e-02
2.540464699268341064e-01
1.057765632867813110e-01
2.714346349239349365e-01
1.326806098222732544e-01
3.319721817970275879e-01
8.298693597316741943e-02
2.677726149559020996e-01
1.108879446983337402e-01
2.681767940521240234e-01
4.907304793596267700e-02
3.579747676849365234e-01
5.270335450768470764e-02
2.734450995922088623e-01
8.832108974456787109e-02
1.988344639539718628e-01
1.598367393016815186e-01
1.843243837356567383e-01
3.329201042652130127e-01
3.733087331056594849e-02
2.269267588853836060e-01
2.195585072040557861e-01
6.813208013772964478e-02
1.871298551559448242e-01
1.208638399839401245e-01
1.971903145313262939e-01
9.345155954360961914e-02
1.699934899806976318e-01
2.560479640960693359e-01
7.280936837196350098e-02
3.773979544639587402e-01
1.051011234521865845e-01
6.357950568199157715e-01
1.268015708774328232e-03
5.992401838302612305e-01
5.672199185937643051e-03
7.165516614913940430e-01
3.794561326503753662e-02
5.009691715240478516e-01
1.178850382566452026e-01
2.713480591773986816e-01
2.880842685699462891e-01
3.369968533515930176e-01
1.357891708612442017e-01
5.565500855445861816e-01
2.216771245002746582e-02
1.350563913583755493e-01
5.069890022277832031e-01
3.163253143429756165e-02
7.051703929901123047e-01
5.411753430962562561e-02
1.728830635547637939e-01
5.021954774856567383e-01
1.969550549983978271e-02
3.710564374923706055e-01
1.409725844860076904e-01
2.867018282413482666e-01
8.320306241512298584e-02
2.748335897922515869e-01
1.571874022483825684e-01
3.053905069828033447e-01
1.090590208768844604e-01
2.817358970642089844e-01
1.862428337335586548e-01
1.509333252906799316e-01
1.873100101947784424e-01
2.586212754249572754e-01
1.556782126426696777e-01
3.140389919281005859e-01
8.313731849193572998e-02
3.403289318084716797e-01
7.834005355834960938e-02
1.899088919162750244e-01
2.963103652000427246e-01
7.069594413042068481e-02
2.796096205711364746e-01
2.148325741291046143e-01
1.179791092872619629e-01
3.244474828243255615e-01
6.020566076040267944e-02
2.384090274572372437e-01
1.720860451459884644e-01
2.199169397354125977e-01
1.438109278678894043e-01
1.307573318481445312e-01
3.827843070030212402e-01
4.223921895027160645e-02
4.470567703247070312e-01
4.271790385246276855e-02
1.767312586307525635e-01
1.976232230663299561e-01
9.949996322393417358e-02
3.232615292072296143e-01
1.203374192118644714e-01
2.523623108863830566e-01
1.396142691373825073e-01
2.311869710683822632e-01
1.526474505662918091e-01
1.351091563701629639e-01
1.891218721866607666e-01
1.339989751577377319e-01
3.518328070640563965e-01
4.702386632561683655e-02
2.873581349849700928e-01
1.582447588443756104e-01
1.774244606494903564e-01
3.210052251815795898e-01
2.983864955604076385e-02
2.435863018035888672e-01
1.578539460897445679e-01
2.034281790256500244e-01
7.878595590591430664e-02
4.200710654258728027e-01
3.802525997161865234e-02
2.063622176647186279e-01
3.111774921417236328e-01
3.383783623576164246e-02
3.931327462196350098e-01
6.146284192800521851e-02
1.678825020790100098e-01
1.379926502704620361e-01
2.040344476699829102e-01
1.480550020933151245e-01
1.144232153892517090e-01
3.405270874500274658e-01
3.995968028903007507e-02
1.293038874864578247e-01
2.834326028823852539e-01
9.007526189088821411e-02
3.959574103355407715e-01
3.799612075090408325e-02
5.967415571212768555e-01
4.811540246009826660e-02
3.384569287300109863e-01
1.160579025745391846e-01
2.141441702842712402e-01
1.537444889545440674e-01
1.816545426845550537e-01
1.176689341664314270e-01
2.203058600425720215e-01
1.203769519925117493e-01
2.214288413524627686e-01
2.011229395866394043e-01
9.877026081085205078e-02
4.998699724674224854e-01
1.175163034349679947e-02
3.433232009410858154e-01
7.141917198896408081e-02
2.001421153545379639e-01
1.720901727676391602e-01
2.302819788455963135e-01
1.381716132164001465e-01
3.757243454456329346e-01
3.683033213019371033e-02
5.547820329666137695e-01
2.784062735736370087e-02
2.281397283077239990e-01
1.967422366142272949e-01
1.088653579354286194e-01
2.373254299163818359e-01
1.607007384300231934e-01
1.911773681640625000e-01
1.156665831804275513e-01
2.542862594127655029e-01
8.727161586284637451e-02
2.746075093746185303e-01
5.548588559031486511e-02
3.654497861862182617e-01
3.346737474203109741e-02
4.884695410728454590e-01
2.375148609280586243e-02
1.137377545237541199e-01
2.582067847251892090e-01
8.331473916769027710e-02
1.875460147857666016e-01
3.068995177745819092e-01
4.963386803865432739e-02
2.418877780437469482e-01
1.762523204088211060e-01
1.639408171176910400e-01
1.266140937805175781e-01
6.038700342178344727e-01
2.864220179617404938e-02
4.548747241497039795e-01
5.436904355883598328e-02
4.479660689830780029e-01
3.009124472737312317e-02
4.535837769508361816e-01
5.778776109218597412e-02
1.338415890932083130e-01
2.730430364608764648e-01
1.432158201932907104e-01
2.562627196311950684e-01
7.603159546852111816e-02
3.453515768051147461e-01
4.930172860622406006e-02
3.103092908859252930e-01
1.350223720073699951e-01
2.782284319400787354e-01
2.086132466793060303e-01
1.442135274410247803e-01
2.521902322769165039e-01
1.236013174057006836e-01
2.033274322748184204e-01
9.375867992639541626e-02
3.923819661140441895e-01
3.379681706428527832e-02
2.809540629386901855e-01
8.595766872167587280e-02
1.522213369607925415e-01
1.501894593238830566e-01
2.149021029472351074e-01
1.924847364425659180e-01
4.458072781562805176e-02
2.245019674301147461e-01
1.370005458593368530e-01
5.291871428489685059e-01
2.787526138126850128e-02
3.658391237258911133e-01
4.731021821498870850e-02
3.280892372131347656e-01
5.240553617477416992e-02
2.168395519256591797e-01
1.558267176151275635e-01
3.258388042449951172e-01
7.014839351177215576e-02
2.794000208377838135e-01
1.501203775405883789e-01
1.773645132780075073e-01
1.167075484991073608e-01
2.132094800472259521e-01
1.365302652120590210e-01
2.296749353408813477e-01
7.630245387554168701e-02
3.795557916164398193e-01
3.602887317538261414e-02
3.252962827682495117e-01
4.959230124950408936e-02
3.603098988533020020e-01
4.804453998804092407e-02
2.085469365119934082e-01
1.697711348533630371e-01
1.663286536931991577e-01
1.152742952108383179e-01
1.863581091165542603e-01
2.877127528190612793e-01
6.079116836190223694e-02
4.076520204544067383e-01
6.890033930540084839e-02
1.207212358713150024e-01
3.720099925994873047e-01
2.588861808180809021e-02
4.178699851036071777e-01
6.639263778924942017e-02
3.744848668575286865e-01
3.357362002134323120e-02
1.109549850225448608e-01
3.104276955127716064e-01
3.003083355724811554e-02
3.229464590549468994e-01
1.406685262918472290e-01
1.378626376390457153e-01
1.504091620445251465e-01
1.328036785125732422e-01
3.529388308525085449e-01
3.949691355228424072e-02
6.236357092857360840e-01
9.185393340885639191e-03
4.484437108039855957e-01
4.570404812693595886e-02
3.645861744880676270e-01
4.036291688680648804e-02
4.509734213352203369e-01
7.223343104124069214e-02
3.346527218818664551e-01
1.084561273455619812e-01
1.309631168842315674e-01
1.742395758628845215e-01
1.819098889827728271e-01
1.125534325838088989e-01
2.207746207714080811e-01
2.784687876701354980e-01
7.099515944719314575e-02
3.572484254837036133e-01
1.189585626125335693e-01
1.400902271270751953e-01
2.508694231510162354e-01
1.318603605031967163e-01
3.875545561313629150e-01
3.265547752380371094e-02
4.452683627605438232e-01
4.568400979042053223e-02
5.435173511505126953e-01
3.257014229893684387e-02
2.521249949932098389e-01
1.528566032648086548e-01
1.384264677762985229e-01
2.905077338218688965e-01
7.019785046577453613e-02
3.823748230934143066e-01
7.231093943119049072e-02
4.205649495124816895e-01
6.241932138800621033e-02
3.443316817283630371e-01
7.773460447788238525e-02
2.326086759567260742e-01
1.456566005945205688e-01
2.108810842037200928e-01
1.385906934738159180e-01
1.688120663166046143e-01
1.370693147182464600e-01
2.169310748577117920e-01
1.279871165752410889e-01
2.413358986377716064e-01
1.665456593036651611e-01
1.534191071987152100e-01
2.086528837680816650e-01
1.046900153160095215e-01
1.756598502397537231e-01
2.598765492439270020e-01
6.476737558841705322e-02
4.325720071792602539e-01
2.580084279179573059e-02
5.085144042968750000e-01
3.369317576289176941e-02
2.778694629669189453e-01
6.678830087184906006e-02
1.050506457686424255e-01
1.254477351903915405e-01
2.445565164089202881e-01
1.647714674472808838e-01
3.097343444824218750e-01
2.515280060470104218e-02
6.501405239105224609e-01
1.357631385326385498e-02
2.487008869647979736e-01
1.823340654373168945e-01
1.433079838752746582e-01
1.197237595915794373e-01
2.385980933904647827e-01
1.050504595041275024e-01
2.702972888946533203e-01
1.141970381140708923e-01
2.869689464569091797e-01
6.369762867689132690e-02
2.799625396728515625e-01
1.128742098808288574e-01
2.715429365634918213e-01
1.293944418430328369e-01
8.816307783126831055e-02
3.001176416873931885e-01
7.091674208641052246e-02
1.612271219491958618e-01
2.682117819786071777e-01
4.873602837324142456e-02
3.766914308071136475e-01
4.781319946050643921e-02
3.901003599166870117e-01
7.410608232021331787e-02
3.105267882347106934e-01
1.395132839679718018e-01
1.026385575532913208e-01
2.669796645641326904e-01
1.270381957292556763e-01
1.099497675895690918e-01
2.309762388467788696e-01
1.513511836528778076e-01
3.283496201038360596e-01
1.583068072795867920e-01
2.893224954605102539e-01
7.678118348121643066e-02
8.728080987930297852e-02
5.108331441879272461e-01
2.094554528594017029e-02
3.026978075504302979e-01
7.592570036649703979e-02
1.132147833704948425e-01
5.731779932975769043e-01
8.724116720259189606e-03
4.318496882915496826e-01
7.080480456352233887e-02
7.944411635398864746e-01
1.901398599147796631e-02
5.685593485832214355e-01
3.583703562617301941e-02
5.221650600433349609e-01
1.088395789265632629e-01
1.641202121973037720e-01
3.194524645805358887e-01
1.422380059957504272e-01
1.864843815565109253e-01
3.693193197250366211e-01
2.849423326551914215e-02
5.480864048004150391e-01
5.414529517292976379e-02
4.190285801887512207e-01
3.219872340559959412e-02
3.168866932392120361e-01
1.556828618049621582e-01
1.891548037528991699e-01
1.460653841495513916e-01
3.334447145462036133e-01
1.281033307313919067e-01
4.949708580970764160e-01
2.777268365025520325e-02
5.135794878005981445e-01
5.688606947660446167e-02
5.047495365142822266e-01
3.126505017280578613e-02
3.557153940200805664e-01
8.841627091169357300e-02
3.306382894515991211e-01
1.467356383800506592e-01
2.526199817657470703e-01
2.161839604377746582e-01
1.153243333101272583e-01
2.980886101722717285e-01
1.427616924047470093e-01
2.347827255725860596e-01
1.601104885339736938e-01
2.074199765920639038e-01
2.129835784435272217e-01
2.436896860599517822e-01
2.251714169979095459e-01
2.021599262952804565e-01
8.797751367092132568e-02
4.970102906227111816e-01
3.619632124900817871e-02
1.896861940622329712e-01
1.395435482263565063e-01
1.142586469650268555e-01
1.499375104904174805e-01
2.592974901199340820e-01
1.209741234779357910e-01
2.243526875972747803e-01
1.241941154003143311e-01
1.502100527286529541e-01
1.616643071174621582e-01
2.272076755762100220e-01
1.061273068189620972e-01
3.210672736167907715e-01
7.408140599727630615e-02
2.941369116306304932e-01
9.315674751996994019e-02
2.328104525804519653e-01
1.766745001077651978e-01
1.449354439973831177e-01
1.338882595300674438e-01
3.169536292552947998e-01
3.004583902657032013e-02
6.044437885284423828e-01
1.723869144916534424e-02
1.312109827995300293e-01
3.241992592811584473e-01
5.040945112705230713e-02
1.178135871887207031e-01
5.307989120483398438e-01
1.904704608023166656e-02
3.511840999126434326e-01
9.249763190746307373e-02
9.469719231128692627e-02
3.575477898120880127e-01
7.336343824863433838e-02
1.332886666059494019e-01
3.078678846359252930e-01
7.258066534996032715e-02
1.524863243103027344e-01
3.995043039321899414e-01
4.737159982323646545e-02
1.486312448978424072e-01
1.802991032600402832e-01
1.718121767044067383e-01
1.848405748605728149e-01
2.846564352512359619e-01
6.671538949012756348e-02
1.516389697790145874e-01
1.650332063436508179e-01
1.568663865327835083e-01
9.873247891664505005e-02
3.227465152740478516e-01
3.518051654100418091e-02
2.069398760795593262e-01
1.655924320220947266e-01
1.512228846549987793e-01
2.114434391260147095e-01
1.228019893169403076e-01
8.187074959278106689e-02
2.120542228221893311e-01
1.507124751806259155e-01
2.099926471710205078e-01
7.131938636302947998e-02
5.596872568130493164e-01
4.706819355487823486e-02
9.071737527847290039e-01
3.783032298088073730e-03
7.032804489135742188e-01
2.959138713777065277e-02
7.564706206321716309e-01
4.065398126840591431e-02
1.622186005115509033e-01
3.658438920974731445e-01
1.294649690389633179e-01
4.227342605590820312e-01
5.683102831244468689e-02
3.315105438232421875e-01
1.383120417594909668e-01
1.892070472240447998e-01
2.919005155563354492e-01
1.170961856842041016e-01
4.511018395423889160e-01
6.622994691133499146e-02
5.828127861022949219e-01
2.693529427051544189e-02
4.745005369186401367e-01
8.966487646102905273e-02
3.080851733684539795e-01
2.057194858789443970e-01
1.888133436441421509e-01
2.188711166381835938e-01
1.945081651210784912e-01
1.927861273288726807e-01
1.451798379421234131e-01
4.520367980003356934e-01
3.706479072570800781e-02
3.375864624977111816e-01
1.859402805566787720e-01
1.599766612052917480e-01
2.105676531791687012e-01
4.017637372016906738e-01
4.738430678844451904e-02
1.949059218168258667e-01
2.754261791706085205e-01
1.825748682022094727e-01
2.247928529977798462e-01
1.188944205641746521e-01
3.998603820800781250e-01
3.976394236087799072e-02
3.780609965324401855e-01
5.060128122568130493e-02
1.948474943637847900e-01
1.678337305784225464e-01
2.636693716049194336e-01
2.121841013431549072e-01
1.634130477905273438e-01
1.117959469556808472e-01
2.561814785003662109e-01
4.673235863447189331e-02
1.676402390003204346e-01
2.444635927677154541e-01
9.615835547447204590e-02
2.912439107894897461e-01
9.792061150074005127e-02
3.149405121803283691e-01
4.868692904710769653e-02
3.609622716903686523e-01
6.549841165542602539e-02
1.997653543949127197e-01
2.825291752815246582e-01
1.020614504814147949e-01
3.694602251052856445e-01
5.970806628465652466e-02
3.113946318626403809e-01
8.563268184661865234e-02
2.038681507110595703e-01
1.729196012020111084e-01
1.818230152130126953e-01
1.185048669576644897e-01
2.322678565979003906e-01
1.282527446746826172e-01
1.684405952692031860e-01
2.496070563793182373e-01
4.449567943811416626e-02
1.951894313097000122e-01
2.079777419567108154e-01
7.049990445375442505e-02
3.150247931480407715e-01
3.996540233492851257e-02
1.012695431709289551e-01
3.569390773773193359e-01
3.555512428283691406e-02
2.140474617481231689e-01
3.131804168224334717e-01
6.489339470863342285e-02
4.442045688629150391e-01
5.296500399708747864e-02
1.518128663301467896e-01
3.872026503086090088e-01
3.529598563909530640e-02
2.089422047138214111e-01
1.650478243827819824e-01
1.614219993352890015e-01
1.854072958230972290e-01
1.784011721611022949e-01
1.161973625421524048e-01
1.192387342453002930e-01
1.273665875196456909e-01
2.755393385887145996e-01
9.387923777103424072e-02
1.146297305822372437e-01
3.440243601799011230e-01
3.632055595517158508e-02
3.866946995258331299e-01
7.021864503622055054e-02
1.958135664463043213e-01
1.069818437099456787e-01
2.193760871887207031e-01
1.441641747951507568e-01
9.131471812725067139e-02
3.302893936634063721e-01
3.404082357883453369e-02
3.603977262973785400e-01
5.942045897245407104e-02
2.223291397094726562e-01
1.021572351455688477e-01
4.803968966007232666e-02
3.519084453582763672e-01
8.265648782253265381e-02
1.942900419235229492e-01
1.813684850931167603e-01
9.671042859554290771e-02
2.382468432188034058e-01
1.476579755544662476e-01
4.342277944087982178e-01
3.401853144168853760e-02
3.868167698383331299e-01
5.525685101747512817e-02
3.448935151100158691e-01
3.079953417181968689e-02
4.952348172664642334e-01
3.513733670115470886e-02
7.981103062629699707e-01
2.296611201018095016e-03
4.287145137786865234e-01
1.506311148405075073e-01
2.551221549510955811e-01
2.825855612754821777e-01
1.836163997650146484e-01
4.021234512329101562e-01
4.782534763216972351e-02
8.443001508712768555e-01
5.965137854218482971e-03
5.440087914466857910e-01
1.661666929721832275e-01
2.206525653600692749e-01
4.210412800312042236e-01
1.405710279941558838e-01
2.617740631103515625e-01
3.999993205070495605e-01
9.531360864639282227e-02
4.296092391014099121e-01
9.979225695133209229e-02
2.194520235061645508e-01
2.513117492198944092e-01
1.321108788251876831e-01
4.493757486343383789e-01
4.181542247533798218e-02
1.963991820812225342e-01
2.972453832626342773e-01
1.050369665026664734e-01
5.545235872268676758e-01
2.123973146080970764e-02
2.513930201530456543e-01
2.276930510997772217e-01
7.953384518623352051e-02
1.276489794254302979e-01
4.475113749504089355e-01
6.511247158050537109e-02
3.767097890377044678e-01
2.469873130321502686e-01
1.024154946208000183e-01
3.583477139472961426e-01
9.437642991542816162e-02
1.460843682289123535e-01
2.441361546516418457e-01
9.904196113348007202e-02
2.344272434711456299e-01
1.454539299011230469e-01
2.259092032909393311e-01
1.988088041543960571e-01
1.846406608819961548e-01
2.361585348844528198e-01
1.370891332626342773e-01
3.754640221595764160e-01
5.717267841100692749e-02
1.095835119485855103e-01
2.599017620086669922e-01
6.910729408264160156e-02
4.431273639202117920e-01
3.245297074317932129e-02
1.266904324293136597e-01
3.761163353919982910e-01
5.112910270690917969e-02
2.220731377601623535e-01
2.139767706394195557e-01
8.663485199213027954e-02
3.174018859863281250e-01
8.473485708236694336e-02
8.989560604095458984e-02
2.594754695892333984e-01
1.136654093861579895e-01
1.436002850532531738e-01
2.522302567958831787e-01
9.146168082952499390e-02
2.371751964092254639e-01
1.777699291706085205e-01
6.451170146465301514e-02
1.965974718332290649e-01
1.498010158538818359e-01
2.451994121074676514e-01
4.940687492489814758e-02
3.609898090362548828e-01
6.887014210224151611e-02
1.133901774883270264e-01
2.751822769641876221e-01
1.273757964372634888e-01
8.708238601684570312e-02
1.547940224409103394e-01
5.562787652015686035e-01
1.661142706871032715e-02
2.282333672046661377e-01
1.321018189191818237e-01
1.632098853588104248e-01
1.473855376243591309e-01
2.374752461910247803e-01
7.793730497360229492e-02
4.081634283065795898e-01
4.596486687660217285e-02
1.467050164937973022e-01
2.584938108921051025e-01
7.013423740863800049e-02
1.654685139656066895e-01
2.235151529312133789e-01
9.552278369665145874e-02
4.540797472000122070e-01
2.145820856094360352e-02
1.687195003032684326e-01
2.092317044734954834e-01
9.679664671421051025e-02
1.337626576423645020e-01
3.855989575386047363e-01
2.815274149179458618e-02
2.356563061475753784e-01
9.497714042663574219e-02
1.418469250202178955e-01
2.233461737632751465e-01
7.116837799549102783e-02
2.726678550243377686e-01
1.996152698993682861e-01
1.307194977998733521e-01
3.997690379619598389e-01
5.546334385871887207e-02
2.348798215389251709e-01
1.784536242485046387e-01
8.087094128131866455e-02
4.362419843673706055e-01
3.941642493009567261e-02
6.300173997879028320e-01
6.226674653589725494e-03
5.244002342224121094e-01
5.893404036760330200e-02
2.978146076202392578e-01
1.615131348371505737e-01
1.074206531047821045e-01
4.463841021060943604e-01
5.116532742977142334e-02
4.707980155944824219e-01
4.823300242424011230e-02
2.502830028533935547e-01
1.945681273937225342e-01
8.936537802219390869e-02
3.236866593360900879e-01
1.416146159172058105e-01
1.953263282775878906e-01
2.750731110572814941e-01
5.736625567078590393e-02
2.956458926200866699e-01
1.334579885005950928e-01
1.978780329227447510e-01
1.238934546709060669e-01
9.376091510057449341e-02
1.695444732904434204e-01
1.506988108158111572e-01
1.414577811956405640e-01
1.550439149141311646e-01
1.290531903505325317e-01
2.033120989799499512e-01
2.515646219253540039e-01
1.244877278804779053e-01
4.260230660438537598e-01
5.187277495861053467e-02
1.332816779613494873e-01
2.628574967384338379e-01
8.456468582153320312e-02
2.914295792579650879e-01
4.644826799631118774e-02
1.274355351924896240e-01
1.984983682632446289e-01
1.716282069683074951e-01
1.014366373419761658e-01
1.584631502628326416e-01
5.169028639793395996e-01
2.283310517668724060e-02
3.415989875793457031e-01
3.578051179647445679e-02
1.343062072992324829e-01
3.353159725666046143e-01
5.655815824866294861e-02
6.147099286317825317e-02
2.612747550010681152e-01
1.148657649755477905e-01
1.064038947224617004e-01
3.657872080802917480e-01
2.100524120032787323e-02
2.697236835956573486e-01
1.563335657119750977e-01
5.850675329566001892e-02
2.015704810619354248e-01
2.484049499034881592e-01
6.913255155086517334e-02
3.190180063247680664e-01
4.593789204955101013e-02
2.783784866333007812e-01
9.784933924674987793e-02
1.146556809544563293e-01
2.468913048505783081e-01
1.365003287792205811e-01
5.876745656132698059e-02
4.876233637332916260e-01
2.811829932034015656e-02
6.779856681823730469e-01
2.034934237599372864e-03
6.229407787322998047e-01
3.517638891935348511e-02
3.870738744735717773e-01
1.454167366027832031e-01
4.840510785579681396e-01
8.604712784290313721e-02
3.761352300643920898e-01
3.053203970193862915e-02
5.802410244941711426e-01
2.911793999373912811e-02
3.559379279613494873e-01
1.196159794926643372e-01
4.279403686523437500e-01
6.174479424953460693e-02
2.764145135879516602e-01
1.377208977937698364e-01
1.224006339907646179e-01
4.859101176261901855e-01
4.319614171981811523e-02
4.067866206169128418e-01
8.033390343189239502e-02
1.792484372854232788e-01
3.340635001659393311e-01
1.264476627111434937e-01
2.070536911487579346e-01
2.771810293197631836e-01
5.696113407611846924e-02
3.054956495761871338e-01
1.086939945816993713e-01
1.842115670442581177e-01
2.133661210536956787e-01
1.910232603549957275e-01
1.876130700111389160e-01
2.213395237922668457e-01
2.643288075923919678e-01
5.460265278816223145e-02
4.522650241851806641e-01
6.108101457357406616e-02
1.326832622289657593e-01
2.293629497289657593e-01
1.918563544750213623e-01
2.258025109767913818e-01
1.618021726608276367e-01
3.015874624252319336e-01
6.467171013355255127e-02
2.707010507583618164e-01
6.506756693124771118e-02
3.507259190082550049e-01
7.795485854148864746e-02
3.323486447334289551e-01
8.430521935224533081e-02
1.447691768407821655e-01
1.408990025520324707e-01
3.967887163162231445e-01
1.209943741559982300e-01
2.342438250780105591e-01
5.905073881149291992e-01
4.392454400658607483e-03
4.080877304077148438e-01
1.182572692632675171e-01
2.474543601274490356e-01
1.216037049889564514e-01
6.328571438789367676e-01
9.008542634546756744e-03
2.503861188888549805e-01
3.559139072895050049e-01
4.938807338476181030e-02
3.736270368099212646e-01
9.933587908744812012e-02
3.263243436813354492e-01
7.322791218757629395e-02
1.642182171344757080e-01
2.425242513418197632e-01
7.134388387203216553e-02
3.128092885017395020e-01
8.476433157920837402e-02
3.202617168426513672e-01
8.243635296821594238e-02
1.587983369827270508e-01
2.337423861026763916e-01
7.536354660987854004e-02
2.987487316131591797e-01
7.568921148777008057e-02
2.625235617160797119e-01
1.707708686590194702e-01
3.409097194671630859e-01
8.264674246311187744e-02
1.568719893693923950e-01
1.510894596576690674e-01
1.372693926095962524e-01
1.228292956948280334e-01
2.246406078338623047e-01
1.690273880958557129e-01
1.841109842061996460e-01
1.543324589729309082e-01
3.907044827938079834e-01
2.773533388972282410e-02
1.823267787694931030e-01
2.614939212799072266e-01
4.555781930685043335e-02
5.932589992880821228e-02
3.373157382011413574e-01
4.302103817462921143e-02
1.953773796558380127e-01
9.899192303419113159e-02
3.319449126720428467e-01
5.489604175090789795e-02
1.171739250421524048e-01
4.401687979698181152e-01
2.898325584828853607e-02
6.090701222419738770e-01
6.437111645936965942e-03
4.657204747200012207e-01
1.108417659997940063e-01
2.872416377067565918e-01
6.113070249557495117e-02
3.666207492351531982e-01
7.562015205621719360e-02
4.589141309261322021e-01
2.591863274574279785e-02
3.853202164173126221e-01
7.080693542957305908e-02
1.964898556470870972e-01
1.871599555015563965e-01
9.077397733926773071e-02
1.376380026340484619e-01
2.208818346261978149e-01
8.971413224935531616e-02
1.639951765537261963e-01
2.299004197120666504e-01
1.079533845186233521e-01
1.050611287355422974e-01
1.154991388320922852e-01
2.525371313095092773e-01
6.121090427041053772e-02
2.338220775127410889e-01
1.354635655879974365e-01
1.500882208347320557e-01
1.840382516384124756e-01
1.661503314971923828e-01
2.024275511503219604e-01
2.808451652526855469e-01
2.647535316646099091e-02
3.350988030433654785e-01
4.032132774591445923e-02
1.128469333052635193e-01
2.947143316268920898e-01
3.983119875192642212e-02
1.851075887680053711e-01
3.835221230983734131e-01
3.582092002034187317e-02
2.988394796848297119e-01
1.064801067113876343e-01
9.348580986261367798e-02
3.308479785919189453e-01
6.869605183601379395e-02
1.303854286670684814e-01
2.539333403110504150e-01
9.363571554422378540e-02
2.431426048278808594e-01
9.833861142396926880e-02
3.205486536026000977e-01
4.935139417648315430e-02
2.327819168567657471e-01
1.375705599784851074e-01
1.190179437398910522e-01
1.378892958164215088e-01
2.918390035629272461e-01
4.485023766756057739e-02
2.486257255077362061e-01
1.035660505294799805e-01
1.696921139955520630e-01
2.006082385778427124e-01
1.519365608692169189e-01
2.872654497623443604e-01
4.459337145090103149e-02
4.735113382339477539e-01
1.682022027671337128e-02
4.792991876602172852e-01
2.048939093947410583e-02
4.548629522323608398e-01
2.515853010118007660e-02
4.165680408477783203e-01
4.331875219941139221e-02
6.191408634185791016e-01
2.514439169317483902e-03
6.652076244354248047e-01
9.755121544003486633e-03
6.935728192329406738e-01
2.246293798089027405e-02
9.250064939260482788e-02
7.165701985359191895e-01
3.146781772375106812e-02
6.624077558517456055e-01
2.511418983340263367e-02
7.082469463348388672e-01
2.418291196227073669e-02
1.931379139423370361e-01
3.457604646682739258e-01
1.608071625232696533e-01
2.822377681732177734e-01
3.597182035446166992e-01
9.546964615583419800e-02
3.298237621784210205e-01
2.357223033905029297e-01
1.482761502265930176e-01
2.437317073345184326e-01
1.869764924049377441e-01
2.227820605039596558e-01
1.027364358305931091e-01
5.349419713020324707e-01
9.614304453134536743e-02
8.689180016517639160e-02
2.612018585205078125e-01
1.252871751785278320e-01
1.806727647781372070e-01
2.256505489349365234e-01
3.275678157806396484e-01
1.043990030884742737e-01
2.964553236961364746e-01
1.163760125637054443e-01
2.715838551521301270e-01
1.558066904544830322e-01
9.245839715003967285e-02
4.031073153018951416e-01
2.537920325994491577e-02
3.002250194549560547e-01
1.949907541275024414e-01
7.730148732662200928e-02
1.811597049236297607e-01
2.906135022640228271e-01
3.279543295502662659e-02
2.397086620330810547e-01
9.175219386816024780e-02
1.440591067075729370e-01
1.614770293235778809e-01
1.001478284597396851e-01
3.089671432971954346e-01
5.690789595246315002e-02
5.347415059804916382e-02
4.723300933837890625e-01
5.265295505523681641e-02
2.844195663928985596e-01
1.122039407491683960e-01
1.370481699705123901e-01
1.313938796520233154e-01
2.379550039768218994e-01
7.656106352806091309e-02
5.217974781990051270e-01
2.480680868029594421e-02
2.004857510328292847e-01
2.428766191005706787e-01
6.148592382669448853e-02
1.728841662406921387e-01
2.701392769813537598e-01
9.664086252450942993e-02
1.071283146739006042e-01
3.418622016906738281e-01
8.323726803064346313e-02
1.051542907953262329e-01
4.399668872356414795e-01
2.246998995542526245e-02
2.164148688316345215e-01
2.438474297523498535e-01
5.010687559843063354e-02
5.218142271041870117e-01
5.266852676868438721e-02
3.901041746139526367e-01
6.977519392967224121e-02
1.615010946989059448e-01
2.918086349964141846e-01
4.267640784382820129e-02
3.507465422153472900e-01
9.807610511779785156e-02
2.844205498695373535e-01
4.840449616312980652e-02
2.127393186092376709e-01
1.791801154613494873e-01
9.484159946441650391e-02
3.369455337524414062e-01
9.844259172677993774e-02
2.791147828102111816e-01
1.429745107889175415e-01
1.428391188383102417e-01
1.326199769973754883e-01
3.736927509307861328e-01
7.874353229999542236e-02
1.356379240751266479e-01
2.172490358352661133e-01
1.154980212450027466e-01
1.191778704524040222e-01
4.171538949012756348e-01
3.148789703845977783e-02
4.687709212303161621e-01
3.333967924118041992e-02
1.773163676261901855e-01
1.821982860565185547e-01
1.225976943969726562e-01
1.470263898372650146e-01
1.314737796783447266e-01
2.339414358139038086e-01
1.531453728675842285e-01
1.853987723588943481e-01
1.618295609951019287e-01
1.172907501459121704e-01
3.382639884948730469e-01
3.651174902915954590e-02
1.243021041154861450e-01
2.914801239967346191e-01
9.534439444541931152e-02
1.695620268583297729e-01
1.881941854953765869e-01
1.311088204383850098e-01
1.892312020063400269e-01
1.758815497159957886e-01
2.745512127876281738e-01
3.263130038976669312e-02
5.005331039428710938e-01
7.788703776895999908e-03
4.140237569808959961e-01
8.413513749837875366e-02
1.151791960000991821e-01
1.996675133705139160e-01
2.113069891929626465e-01
1.914043873548507690e-01
6.194420531392097473e-02
4.901579320430755615e-01
1.321935653686523438e-02
5.366640090942382812e-01
1.717267185449600220e-02
1.532193124294281006e-01
3.123137950897216797e-01
5.791589617729187012e-02
2.441198229789733887e-01
1.829738318920135498e-01
1.678089797496795654e-01
2.193873822689056396e-01
8.009843528270721436e-02
1.960934102535247803e-01
2.226870954036712646e-01
8.852074295282363892e-02
1.197836920619010925e-01
2.275119423866271973e-01
1.114072352647781372e-01
2.662005424499511719e-01
8.942662179470062256e-02
1.609836816787719727e-01
3.082514405250549316e-01
8.249351382255554199e-02
3.691975176334381104e-01
2.896546013653278351e-02
3.500995337963104248e-01
6.857888400554656982e-02
1.518764495849609375e-01
1.408761739730834961e-01
2.069173157215118408e-01
7.072267681360244751e-02
3.396622836589813232e-01
4.032821953296661377e-02
1.469109058380126953e-01
1.960317492485046387e-01
1.042060405015945435e-01
6.615780293941497803e-02
6.154899597167968750e-01
1.914968527853488922e-02
5.708847641944885254e-01
3.952471911907196045e-02
4.808589220046997070e-01
3.630198538303375244e-02
2.305848598480224609e-01
1.322436630725860596e-01
2.057434320449829102e-01
2.714276313781738281e-01
6.490845233201980591e-02
3.171272277832031250e-01
8.744803816080093384e-02
2.533082067966461182e-01
5.342243611812591553e-02
3.431825041770935059e-01
1.040019094944000244e-01
2.514446973800659180e-01
1.273359060287475586e-01
3.637688159942626953e-01
3.174503892660140991e-02
5.216921567916870117e-01
3.036456555128097534e-02
1.704025715589523315e-01
2.025966793298721313e-01
7.310260087251663208e-02
2.191026061773300171e-01
2.317263931035995483e-01
4.165919125080108643e-02
3.459785580635070801e-01
6.425379216670989990e-02
2.037148773670196533e-01
1.791668385267257690e-01
1.417658627033233643e-01
1.742812991142272949e-01
1.152375191450119019e-01
2.033520638942718506e-01
2.021990716457366943e-01
7.825677096843719482e-02
1.959662139415740967e-01
7.484069466590881348e-02
1.006028056144714355e-01
3.828786015510559082e-01
2.618684805929660797e-02
4.463887810707092285e-01
1.748925074934959412e-02
2.476577311754226685e-01
1.030011773109436035e-01
4.007897675037384033e-01
2.551041170954704285e-02
3.373837471008300781e-01
8.538956195116043091e-02
2.269933968782424927e-01
1.309613734483718872e-01
1.123150587081909180e-01
2.359437793493270874e-01
9.247227013111114502e-02
9.007163345813751221e-02
3.455519676208496094e-01
1.041021868586540222e-01
1.444578766822814941e-01
3.159667253494262695e-01
7.654397934675216675e-02
1.294572353363037109e-01
1.641521751880645752e-01
1.303649842739105225e-01
1.112025827169418335e-01
4.410184621810913086e-01
2.125914394855499268e-02
1.831178814172744751e-01
2.913760542869567871e-01
4.215643182396888733e-02
2.152834236621856689e-01
9.982851147651672363e-02
1.022021323442459106e-01
2.114973813295364380e-01
7.266196608543395996e-02
9.987495839595794678e-02
4.273521006107330322e-01
2.687827125191688538e-02
1.553522944450378418e-01
1.896959245204925537e-01
9.237220138311386108e-02
8.356115967035293579e-02
2.975851297378540039e-01
6.132576242089271545e-02
1.577348411083221436e-01
8.275004476308822632e-02
1.257342249155044556e-01
1.037370637059211731e-01
1.100494116544723511e-01
3.787893056869506836e-01
2.731162495911121368e-02
5.479475855827331543e-01
9.327508509159088135e-03
3.641617298126220703e-01
6.733022630214691162e-02
1.547305285930633545e-01
2.482945621013641357e-01
4.268841817975044250e-02
7.063047289848327637e-01
1.120467204600572586e-02
2.512027025222778320e-01
3.473180830478668213e-01
4.073086753487586975e-02
3.139494061470031738e-01
2.250329554080963135e-01
6.011148542165756226e-02
4.175586402416229248e-01
4.843642562627792358e-02
1.053187325596809387e-01
2.695526480674743652e-01
1.001033484935760498e-01
1.972645521163940430e-01
7.343657314777374268e-02
2.309139370918273926e-01
1.240971833467483521e-01
1.577023863792419434e-01
1.230135038495063782e-01
1.760600507259368896e-01
1.334452331066131592e-01
1.747178733348846436e-01
8.848407864570617676e-02
1.199997216463088989e-01
3.416042625904083252e-01
3.260909020900726318e-02
5.849859118461608887e-01
3.266060259193181992e-03
3.648381233215332031e-01
1.089651510119438171e-01
1.833291202783584595e-01
1.865844577550888062e-01
1.286658346652984619e-01
3.414230942726135254e-01
1.907166093587875366e-02
4.223667979240417480e-01
5.448865145444869995e-02
1.327860057353973389e-01
2.146414518356323242e-01
1.093140840530395508e-01
1.905644237995147705e-01
8.547011762857437134e-02
1.161134764552116394e-01
1.744962036609649658e-01
1.269687712192535400e-01
1.043431311845779419e-01
3.028644919395446777e-01
5.173183605074882507e-02
5.935878753662109375e-01
3.784008696675300598e-02
5.927095413208007812e-01
2.141298353672027588e-02
4.726426601409912109e-01
3.570529818534851074e-02
6.210249662399291992e-01
1.619638688862323761e-02
2.314442694187164307e-01
9.907382726669311523e-02
2.028405815362930298e-01
5.717052519321441650e-02
2.020097970962524414e-01
1.614919006824493408e-01
1.659159362316131592e-01
1.540336161851882935e-01
1.451637148857116699e-01
2.650712728500366211e-01
1.104324460029602051e-01
2.219393104314804077e-01
2.250783741474151611e-01
6.694553792476654053e-02
3.131235837936401367e-01
7.985432446002960205e-02
1.453207284212112427e-01
2.993869483470916748e-01
2.422030083835124969e-02
4.651954174041748047e-01
3.200360760092735291e-02
2.353681325912475586e-01
1.252066344022750854e-01
1.771613061428070068e-01
2.843823730945587158e-01
7.121597230434417725e-02
1.008639484643936157e-01
2.599148154258728027e-01
8.086473494768142700e-02
1.831751167774200439e-01
9.074807167053222656e-02
1.472696661949157715e-01
1.286204457283020020e-01
7.498870044946670532e-02
5.300369262695312500e-01
7.183770183473825455e-03
3.005052208900451660e-01
9.690774977207183838e-02
1.329710036516189575e-01
2.791173458099365234e-01
7.428270578384399414e-02
1.882082223892211914e-01
9.484867006540298462e-02
3.222187459468841553e-01
7.781982421875000000e-02
1.215146332979202271e-01
2.472140938043594360e-01
9.234979003667831421e-02
1.853128373622894287e-01
1.122360974550247192e-01
8.608025312423706055e-02
1.539596319198608398e-01
3.036279380321502686e-01
4.239374399185180664e-02
2.891749143600463867e-01
1.062811240553855896e-01
1.259380131959915161e-01
1.767688691616058350e-01
7.458270341157913208e-02
1.990323513746261597e-01
6.879127770662307739e-02
1.973507851362228394e-01
6.046948954463005066e-02
1.497898697853088379e-01
1.564699262380599976e-01
1.218955814838409424e-01
2.123810052871704102e-01
1.164077967405319214e-01
7.628493010997772217e-02
1.435907483100891113e-01
1.874882429838180542e-01
1.166741400957107544e-01
4.179836809635162354e-02
1.964162886142730713e-01
2.021789103746414185e-01
3.651494905352592468e-02
2.397463321685791016e-01
1.987750977277755737e-01
8.754262328147888184e-02
2.186855375766754150e-01
8.054049313068389893e-02
1.836295574903488159e-01
1.047138571739196777e-01
1.894730925559997559e-01
1.548845916986465454e-01
8.990913629531860352e-02
3.596375882625579834e-01
9.318543598055839539e-03
1.065437346696853638e-01
2.252920717000961304e-01
1.009303033351898193e-01
1.759262382984161377e-01
6.160515546798706055e-02
1.328471302986145020e-01
1.584426164627075195e-01
1.596367210149765015e-01
7.462332397699356079e-02
1.760812699794769287e-01
1.059671789407730103e-01
1.024163216352462769e-01
1.408225893974304199e-01
9.968571364879608154e-02
1.856403946876525879e-01
1.353721916675567627e-01
1.038839444518089294e-01
1.048978567123413086e-01
1.798638701438903809e-01
9.917083382606506348e-02
2.209279388189315796e-01
4.332024231553077698e-02
4.832552969455718994e-01
1.373386941850185394e-02
5.744078755378723145e-01
3.171631833538413048e-03
5.595679283142089844e-01
1.383257098495960236e-02
9.814118742942810059e-01
4.663963336497545242e-03
6.682401895523071289e-01
1.279585808515548706e-02
8.364675045013427734e-01
1.009920146316289902e-02
6.799962520599365234e-01
7.152841985225677490e-02
6.144518852233886719e-01
5.614116787910461426e-02
4.225774407386779785e-01
2.226829379796981812e-01
2.919327020645141602e-01
2.004285454750061035e-01
2.339388132095336914e-01
1.843777894973754883e-01
1.696519404649734497e-01
1.991599351167678833e-01
1.856936663389205933e-01
3.506217002868652344e-01
1.064913123846054077e-01
6.439647078514099121e-01
8.822551928460597992e-03
4.429908394813537598e-01
1.797528415918350220e-01
9.282732754945755005e-02
3.514213562011718750e-01
1.822636723518371582e-01
2.244733273983001709e-01
2.634613513946533203e-01
1.898511052131652832e-01
2.481899559497833252e-01
1.401757150888442993e-01
1.724258512258529663e-01
2.113780379295349121e-01
9.841115027666091919e-02
1.792634725570678711e-01
1.496661603450775146e-01
1.796514540910720825e-01
1.460138857364654541e-01
1.854360699653625488e-01
2.584607601165771484e-01
7.102671265602111816e-02
3.677890896797180176e-01
7.772523164749145508e-02
1.636240184307098389e-01
1.858233511447906494e-01
1.080146878957748413e-01
2.091825604438781738e-01
2.308249473571777344e-01
5.814427137374877930e-02
2.619404196739196777e-01
1.434214115142822266e-01
6.182377040386199951e-02
1.448778510093688965e-01
2.448083609342575073e-01
5.845658108592033386e-02
2.717439234256744385e-01
1.446547210216522217e-01
6.459432095289230347e-02
3.582603335380554199e-01
5.439582839608192444e-02
1.781193912029266357e-01
1.227054297924041748e-01
1.142563745379447937e-01
1.183664724230766296e-01
2.604766488075256348e-01
7.057413458824157715e-02
3.138070702552795410e-01
7.580427825450897217e-02
6.221413984894752502e-02
1.599735915660858154e-01
1.978711783885955811e-01
7.111071050167083740e-02
2.601497769355773926e-01
7.888884097337722778e-02
1.335933506488800049e-01
9.731747955083847046e-02
1.975788176059722900e-01
8.431805670261383057e-02
2.190324962139129639e-01
1.702028810977935791e-01
8.880685269832611084e-02
1.471024453639984131e-01
1.977679729461669922e-01
1.512097418308258057e-01
1.682351082563400269e-01
7.530674338340759277e-02
2.463736534118652344e-01
7.840292900800704956e-02
1.452267915010452271e-01
2.176316678524017334e-01
8.011001348495483398e-02
1.924116313457489014e-01
1.569533199071884155e-01
1.389548182487487793e-01
1.518155485391616821e-01
1.044633463025093079e-01
1.648855656385421753e-01
2.255265861749649048e-01
9.838987886905670166e-02
1.298348754644393921e-01
2.208209037780761719e-01
7.308685779571533203e-02
2.250988930463790894e-01
1.767579466104507446e-02
5.893477201461791992e-01
1.124602649360895157e-02
7.986720800399780273e-01
1.307472819462418556e-03
4.043357968330383301e-01
9.691874682903289795e-02
5.903068780899047852e-01
3.601451590657234192e-02
3.357180655002593994e-01
1.822744011878967285e-01
1.345982849597930908e-01
3.126350641250610352e-01
1.113680750131607056e-01
5.182680487632751465e-01
5.457585677504539490e-02
2.700428366661071777e-01
1.883336156606674194e-01
8.886436372995376587e-02
2.636148035526275635e-01
1.584877520799636841e-01
1.229035332798957825e-01
1.968282461166381836e-01
2.437202930450439453e-01
1.203465834259986877e-01
2.223613560199737549e-01
5.256206914782524109e-02
1.510289609432220459e-01
1.530639678239822388e-01
1.664301753044128418e-01
9.435638785362243652e-02
1.895090937614440918e-01
8.246486634016036987e-02
2.948160171508789062e-01
8.168245851993560791e-02
4.734924435615539551e-01
3.562361001968383789e-02
2.449871599674224854e-01
1.649149954319000244e-01
1.338430345058441162e-01
4.123048782348632812e-01
1.802251674234867096e-02
5.833092927932739258e-01
4.351289011538028717e-03
5.397268533706665039e-01
9.119960479438304901e-03
8.173242211341857910e-01
1.460754871368408203e-01
1.655567586421966553e-01
3.708322644233703613e-01
1.422212719917297363e-01
6.130359768867492676e-01
3.497516736388206482e-02
5.001410245895385742e-01
1.255719363689422607e-01
1.024673432111740112e-01
3.452592194080352783e-01
1.321086585521697998e-01
2.708238959312438965e-01
2.369469851255416870e-01
5.807276070117950439e-02
3.668311834335327148e-01
7.681922614574432373e-02
1.324837654829025269e-01
3.136536777019500732e-01
6.481699645519256592e-02
4.806317389011383057e-01
9.294094145298004150e-02
1.312076002359390259e-01
2.431149482727050781e-01
1.203067600727081299e-01
2.194198966026306152e-01
1.557990610599517822e-01
1.202919706702232361e-01
3.100575804710388184e-01
1.281203627586364746e-01
1.606037765741348267e-01
1.898586153984069824e-01
1.350265741348266602e-01
2.964685559272766113e-01
4.135530441999435425e-02
2.993361949920654297e-01
1.092612594366073608e-01
1.508106589317321777e-01
2.912009358406066895e-01
6.030901893973350525e-02
8.307648450136184692e-02
1.167200729250907898e-01
3.178043961524963379e-01
4.882252216339111328e-02
3.465014696121215820e-01
6.280017644166946411e-02
7.120820134878158569e-02
2.101915180683135986e-01
9.058777987957000732e-02
1.548575460910797119e-01
9.889839589595794678e-02
1.463548690080642700e-01
1.127226203680038452e-01
1.227977350354194641e-01
1.577603220939636230e-01
1.408094614744186401e-01
1.002691388130187988e-01
2.841338217258453369e-01
5.466213077306747437e-02
5.220471620559692383e-01
2.711252681910991669e-02
3.854289054870605469e-01
1.304703764617443085e-02
2.615162730216979980e-01
1.326335668563842773e-01
6.472211331129074097e-02
3.417884111404418945e-01
4.594423621892929077e-02
9.668242931365966797e-02
4.125949144363403320e-01
2.692886441946029663e-02
6.363816261291503906e-01
2.617878466844558716e-02
8.461495637893676758e-01
1.087284646928310394e-03
3.338184356689453125e-01
6.589202582836151123e-02
5.787523388862609863e-01
2.089826948940753937e-02
3.424468040466308594e-01
1.977456808090209961e-01
1.107704639434814453e-01
5.651416182518005371e-01
2.773195505142211914e-02
3.594692349433898926e-01
1.047925502061843872e-01
1.412873268127441406e-01
1.534773409366607666e-01
3.703744709491729736e-01
7.128497213125228882e-02
2.014613449573516846e-01
3.697322010993957520e-01
3.961510211229324341e-02
2.433388978242874146e-01
1.212368980050086975e-01
1.763308942317962646e-01
2.180102616548538208e-01
9.403854608535766602e-02
1.504902839660644531e-01
1.979138255119323730e-01
1.114870160818099976e-01
1.903396546840667725e-01
1.130910962820053101e-01
1.651433110237121582e-01
1.545334458351135254e-01
1.118425279855728149e-01
2.537878751754760742e-01
8.418607711791992188e-02
1.937827765941619873e-01
1.254313439130783081e-01
1.610800176858901978e-01
1.281698495149612427e-01
1.839035451412200928e-01
1.338048279285430908e-01
2.312637865543365479e-01
7.954672724008560181e-02
1.145012974739074707e-01
1.889534443616867065e-01
1.303054094314575195e-01
1.200434044003486633e-01
1.642225831747055054e-01
1.613328009843826294e-01
1.984849572181701660e-01
1.649807989597320557e-01
8.915332704782485962e-02
1.257277280092239380e-01
1.062724888324737549e-01
1.574184298515319824e-01
1.586678624153137207e-01
7.530629634857177734e-02
1.642864197492599487e-01
1.237323209643363953e-01
7.291485369205474854e-02
1.322798728942871094e-01
1.884409934282302856e-01
7.839014381170272827e-02
1.661083251237869263e-01
1.406537890434265137e-01
7.358738780021667480e-02
1.532331556081771851e-01
2.775053381919860840e-01
6.004032120108604431e-02
2.781528830528259277e-01
7.468754053115844727e-02
1.107781082391738892e-01
1.194421425461769104e-01
1.347803622484207153e-01
6.084488332271575928e-02
3.525461554527282715e-01
3.370479121804237366e-02
2.458650767803192139e-01
2.314496934413909912e-01
4.187449812889099121e-02
4.494870901107788086e-01
2.339601516723632812e-02
5.508598089218139648e-01
8.266440592706203461e-03
6.455120444297790527e-01
1.422930788248777390e-02
7.908669710159301758e-01
2.344916760921478271e-02
4.193135797977447510e-01
2.044665962457656860e-01
7.555589079856872559e-02
2.799926996231079102e-01
1.991007924079895020e-01
1.488243341445922852e-01
4.181318283081054688e-01
3.642740845680236816e-02
3.207291960716247559e-01
9.077836573123931885e-02
1.551494002342224121e-01
3.744068443775177002e-01
6.317344307899475098e-02
5.443996191024780273e-01
3.868327289819717407e-02
2.619404792785644531e-01
2.198614478111267090e-01
8.589681982994079590e-02
2.501173317432403564e-01
9.419333934783935547e-02
2.101736813783645630e-01
8.701902627944946289e-02
2.499826848506927490e-01
1.354424953460693359e-01
1.905665397644042969e-01
9.151264280080795288e-02
1.144210994243621826e-01
2.221084088087081909e-01
1.487415134906768799e-01
1.514373421669006348e-01
2.038519084453582764e-01
1.138976067304611206e-01
1.105108112096786499e-01
1.148658245801925659e-01
1.103428006172180176e-01
1.828057467937469482e-01
2.013212144374847412e-01
7.544408738613128662e-02
1.984312683343887329e-01
1.444849967956542969e-01
7.305776327848434448e-02
2.116752713918685913e-01
1.648405790328979492e-01
9.832383692264556885e-02
2.103154957294464111e-01
1.240849643945693970e-01
1.083344519138336182e-01
1.576502919197082520e-01
1.362048685550689697e-01
2.472251951694488525e-01
3.173301368951797485e-02
4.472412541508674622e-02
6.865502595901489258e-01
1.774315349757671356e-02
2.520918250083923340e-01
2.540160417556762695e-01
4.100485891103744507e-02
3.358728289604187012e-01
1.781498491764068604e-01
6.335797905921936035e-02
2.713995277881622314e-01
6.986647099256515503e-02
3.849669992923736572e-01
2.392705902457237244e-02
2.014410048723220825e-01
1.497402936220169067e-01
1.274263858795166016e-01
1.464492678642272949e-01
3.203611075878143311e-01
3.419959545135498047e-02
3.171232044696807861e-01
1.082365065813064575e-01
1.462498754262924194e-01
3.290322124958038330e-01
1.268573254346847534e-01
2.364504635334014893e-01
6.184223294258117676e-02
2.041478157043457031e-01
9.549407660961151123e-02
1.386136710643768311e-01
1.201255246996879578e-01
1.521229743957519531e-01
1.234064102172851562e-01
7.771230489015579224e-02
1.510984003543853760e-01
1.311650276184082031e-01
1.125743836164474487e-01
1.972906589508056641e-01
7.826606929302215576e-02
1.936119496822357178e-01
9.893599152565002441e-02
1.057279706001281738e-01
1.748736053705215454e-01
1.031378954648971558e-01
1.387293487787246704e-01
1.696906983852386475e-01
1.372038871049880981e-01
5.623607337474822998e-02
6.928809881210327148e-01
3.688795864582061768e-02
6.272516250610351562e-01
6.913662888109683990e-03
4.191105365753173828e-01
1.045209392905235291e-01
8.208699524402618408e-02
6.116674840450286865e-02
2.677845060825347900e-01
8.624856919050216675e-02
4.372484087944030762e-01
1.702786982059478760e-02
6.069355010986328125e-01
2.011966332793235779e-02
3.193269968032836914e-01
8.203610777854919434e-02
1.100748777389526367e-01
1.776460707187652588e-01
2.836598455905914307e-01
3.399905562400817871e-02
4.671269655227661133e-01
3.542898967862129211e-02
1.973963081836700439e-01
1.595051139593124390e-01
9.105421602725982666e-02
2.905564606189727783e-01
9.228455275297164917e-02
2.786550819873809814e-01
3.907306119799613953e-02
2.851188182830810547e-01
1.020115092396736145e-01
1.569492816925048828e-01
1.700638681650161743e-01
1.183466315269470215e-01
2.152081727981567383e-01
1.089836731553077698e-01
2.366162538528442383e-01
8.535727113485336304e-02
1.026847511529922485e-01
3.444704413414001465e-01
3.782271966338157654e-02
2.351340651512145996e-01
5.527824908494949341e-02
6.095104217529296875e-01
9.651591069996356964e-03
4.832608699798583984e-01
4.376480355858802795e-02
5.276038646697998047e-01
8.721608668565750122e-02
1.569705903530120850e-01
2.152963876724243164e-01
1.748616695404052734e-01
1.055969744920730591e-01
2.223960757255554199e-01
2.472754567861557007e-01
7.844978570938110352e-02
2.559337019920349121e-01
1.217690855264663696e-01
1.169870197772979736e-01
1.199798285961151123e-01
3.301642537117004395e-01
4.658846557140350342e-02
3.037716150283813477e-01
1.565555930137634277e-01
1.101899668574333191e-01
2.031107544898986816e-01
1.239573955535888672e-01
1.709566712379455566e-01
3.417408168315887451e-01
4.575128853321075439e-02
1.414260268211364746e-01
1.876657903194427490e-01
9.439626336097717285e-02
2.903416752815246582e-01
7.453452050685882568e-02
9.804655611515045166e-02
2.615141570568084717e-01
9.089689701795578003e-02
1.054145917296409607e-01
1.640355139970779419e-01
8.837821334600448608e-02
1.682797074317932129e-01
1.580606698989868164e-01
1.181984394788742065e-01
9.759351611137390137e-02
4.764063358306884766e-01
2.442806959152221680e-02
3.922228217124938965e-01
6.624503433704376221e-02
3.251473605632781982e-01
1.003226637840270996e-01
1.807209849357604980e-01
7.689712941646575928e-02
2.428573518991470337e-01
6.343717873096466064e-02
2.201079428195953369e-01
1.226994842290878296e-01
5.414713174104690552e-02
1.267556548118591309e-01
5.075041055679321289e-01
3.787226509302854538e-03
4.867435619235038757e-02
4.990395605564117432e-01
3.797290846705436707e-02
1.218961626291275024e-01
2.370613515377044678e-01
1.524270176887512207e-01
2.142422199249267578e-01
2.879758179187774658e-01
9.788151085376739502e-02
1.272416561841964722e-01
2.051421105861663818e-01
1.000042557716369629e-01
1.761166155338287354e-01
1.451963782310485840e-01
2.980680465698242188e-01
4.659835621714591980e-02
2.034395933151245117e-01
1.219055801630020142e-01
1.430645883083343506e-01
1.177470386028289795e-01
1.400474607944488525e-01
1.528126001358032227e-01
1.752390116453170776e-01
2.125352472066879272e-01
7.093264162540435791e-02
2.742335200309753418e-01
7.101799547672271729e-02
1.598991155624389648e-01
1.408639252185821533e-01
8.083267509937286377e-02
4.758516699075698853e-02
1.962999105453491211e-01
5.887899920344352722e-02
8.293415606021881104e-02
2.535165250301361084e-01
8.824351429939270020e-02
8.828844875097274780e-02
1.740991175174713135e-01
1.947771012783050537e-01
8.971633017063140869e-02
1.873912811279296875e-01
7.595144212245941162e-02
1.016980409622192383e-01
3.295024037361145020e-01
9.645374119281768799e-02
9.072230756282806396e-02
1.633470058441162109e-01
6.831955909729003906e-02
3.346095681190490723e-01
2.234284952282905579e-02
1.196548715233802795e-01
1.561444550752639771e-01
4.948811605572700500e-02
1.607680171728134155e-01
2.066642493009567261e-01
3.419717401266098022e-02
2.689568400382995605e-01
6.792975962162017822e-02
3.016372919082641602e-01
2.335277199745178223e-02
4.331848621368408203e-01
1.323796622455120087e-02
4.671541452407836914e-01
6.516566965728998184e-03
7.061115503311157227e-01
3.485655877739191055e-03
8.976249694824218750e-01
3.032207256183028221e-03
6.284165382385253906e-01
9.643181413412094116e-02
3.081203699111938477e-01
2.585911750793457031e-01
3.954054117202758789e-01
6.870849430561065674e-02
7.871725559234619141e-01
8.363887667655944824e-03
1.131771281361579895e-01
3.602403402328491211e-01
1.432887762784957886e-01
2.276213765144348145e-01
3.143278956413269043e-01
2.015619128942489624e-01
2.170950472354888916e-01
1.380136609077453613e-01
4.805715978145599365e-01
3.925403580069541931e-02
3.012802004814147949e-01
2.108033895492553711e-01
1.281614899635314941e-01
1.654537320137023926e-01
2.535341978073120117e-01
7.495358586311340332e-02
3.768758773803710938e-01
9.342622756958007812e-02
8.237823098897933960e-02
2.321330606937408447e-01
2.364354133605957031e-01
4.611080139875411987e-02
3.245651721954345703e-01
5.464960262179374695e-02
1.775055527687072754e-01
1.539397686719894409e-01
5.137958005070686340e-02
2.505848407745361328e-01
1.371953785419464111e-01
2.368267029523849487e-01
7.109948992729187012e-02
8.824609965085983276e-02
2.979348897933959961e-01
5.468137934803962708e-02
3.229188323020935059e-01
5.201832950115203857e-02
7.661028206348419189e-02
4.029343724250793457e-01
4.372251778841018677e-02
2.821684181690216064e-01
1.039290800690650940e-01
1.096254885196685791e-01
2.930878996849060059e-01
8.219471573829650879e-02
1.555878072977066040e-01
1.942469775676727295e-01
1.111590564250946045e-01
1.741953045129776001e-01
1.318815350532531738e-01
2.518283426761627197e-01
6.309118866920471191e-02
1.896492242813110352e-01
1.296402961015701294e-01
9.486702084541320801e-02
2.878396511077880859e-01
4.690437018871307373e-02
4.744376838207244873e-01
3.796179965138435364e-02
2.833639979362487793e-01
5.785661563277244568e-02
1.204552948474884033e-01
7.346807420253753662e-02
1.698506176471710205e-01
1.390298157930374146e-01
1.428903043270111084e-01
2.383725047111511230e-01
1.206885799765586853e-01
1.835540235042572021e-01
5.359641462564468384e-02
1.412506550550460815e-01
1.192082315683364868e-01
2.501739859580993652e-01
4.212748259305953979e-02
2.854847311973571777e-01
8.147124201059341431e-02
2.014561593532562256e-01
7.555818557739257812e-02
1.430795490741729736e-01
6.759735941886901855e-02
1.567467451095581055e-01
1.129164248704910278e-01
1.881624311208724976e-01
1.120225638151168823e-01
2.119103819131851196e-01
2.070485055446624756e-01
3.600333631038665771e-02
3.910678625106811523e-01
3.748457878828048706e-02
3.431592285633087158e-01
7.217252254486083984e-02
7.389029860496520996e-02
6.418430060148239136e-02
3.192526102066040039e-01
5.013938248157501221e-02
1.459366381168365479e-01
1.211017519235610962e-01
3.446363210678100586e-01
3.760188817977905273e-02
4.160485863685607910e-01
3.299628198146820068e-02
2.534892559051513672e-01
5.717416107654571533e-02
2.469653040170669556e-01
8.237994462251663208e-02
1.388770788908004761e-01
2.015197277069091797e-01
4.543209820985794067e-02
1.702905148267745972e-01
1.805720627307891846e-01
9.697313606739044189e-02
2.849760651588439941e-01
6.851956248283386230e-02
2.219215333461761475e-01
8.291468024253845215e-02
1.596637666225433350e-01
1.163923665881156921e-01
1.125176176428794861e-01
1.093233972787857056e-01
1.692724674940109253e-01
9.080279618501663208e-02
1.995352506637573242e-01
8.259952068328857422e-02
1.273841112852096558e-01
1.704359948635101318e-01
1.660073399543762207e-01
7.125509530305862427e-02
1.753182411193847656e-01
8.520682901144027710e-02
1.245234608650207520e-01
1.492969095706939697e-01
2.441949993371963501e-01
3.380308672785758972e-02
5.797041654586791992e-01
2.489929553121328354e-03
3.754305243492126465e-01
4.037237539887428284e-02
1.269519627094268799e-01
1.332488954067230225e-01
3.205502033233642578e-01
3.320310264825820923e-02
6.059598922729492188e-01
1.636584103107452393e-02
3.827669024467468262e-01
3.100173547863960266e-02
2.541373968124389648e-01
1.112064793705940247e-01
9.155327826738357544e-02
1.886073350906372070e-01
1.159264072775840759e-01
2.162993997335433960e-01
4.976954311132431030e-02
2.202767729759216309e-01
9.371221065521240234e-02
1.011450961232185364e-01
1.772195696830749512e-01
9.200958907604217529e-02
2.462800741195678711e-01
4.984790086746215820e-02
2.170252948999404907e-01
1.161587387323379517e-01
9.735238552093505859e-02
1.302460432052612305e-01
1.541833281517028809e-01
7.390077412128448486e-02
2.713938951492309570e-01
8.764310181140899658e-02
5.852309614419937134e-02
1.110380142927169800e-01
8.858305215835571289e-02
3.460526168346405029e-01
3.374863415956497192e-02
4.018182456493377686e-01
2.202157676219940186e-02
1.670474410057067871e-01
1.112508773803710938e-01
9.893749654293060303e-02
1.252584457397460938e-01
5.461379885673522949e-02
3.301503658294677734e-01
4.141516238451004028e-02
2.910605072975158691e-01
5.116595327854156494e-02
3.820180147886276245e-02
6.741383075714111328e-01
4.595697857439517975e-03
3.599811494350433350e-01
9.388887882232666016e-02
3.852308690547943115e-01
1.976040191948413849e-02
7.805525660514831543e-01
2.583905309438705444e-02
1.573916822671890259e-01
2.397135198116302490e-01
1.549465060234069824e-01
1.990809738636016846e-01
2.526793777942657471e-01
1.671369373798370361e-01
2.287988662719726562e-01
6.532236933708190918e-02
2.505722045898437500e-01
6.048637628555297852e-02
2.107013761997222900e-01
1.467973142862319946e-01
2.007736563682556152e-01
1.217952519655227661e-01
1.712264418601989746e-01
2.674145102500915527e-01
6.231396272778511047e-02
1.938553750514984131e-01
1.981587857007980347e-01
8.834160864353179932e-02
3.123690485954284668e-01
3.225395083427429199e-02
1.742933690547943115e-01
1.450083851814270020e-01
9.204009175300598145e-02
1.233117580413818359e-01
1.971082091331481934e-01
4.881405085325241089e-02
1.486653238534927368e-01
1.774951070547103882e-01
6.210365518927574158e-02
1.299579292535781860e-01
2.160358130931854248e-01
8.835998177528381348e-02
1.156850457191467285e-01
1.926681995391845703e-01
1.381001919507980347e-01
2.655810117721557617e-01
1.520996354520320892e-02
4.040200412273406982e-01
1.704381778836250305e-02
1.362102925777435303e-01
8.982004225254058838e-02
1.420750617980957031e-01
5.981916189193725586e-02
1.783211529254913330e-01
1.829882860183715820e-01
6.054414808750152588e-02
1.720529198646545410e-01
1.592005044221878052e-01
8.679096400737762451e-02
1.397030055522918701e-01
9.742882847785949707e-02
3.050223886966705322e-01
6.471638381481170654e-02
3.683609366416931152e-01
2.320711687207221985e-02
3.845045566558837891e-01
1.488013751804828644e-02
2.615641951560974121e-01
6.431756168603897095e-02
1.807198226451873779e-01
5.766366794705390930e-02
5.824978649616241455e-02
1.152200996875762939e-01
1.089898645877838135e-01
3.534913659095764160e-01
2.811456844210624695e-02
3.347746729850769043e-01
3.343540430068969727e-02
2.114350795745849609e-01
1.396437883377075195e-01
1.098972409963607788e-01
1.898196935653686523e-01
5.513816326856613159e-02
1.548052877187728882e-01
3.083837032318115234e-01
2.266181632876396179e-02
1.812921464443206787e-01
1.493397355079650879e-01
9.511972963809967041e-02
1.503591239452362061e-01
4.354383349418640137e-01
6.907538510859012604e-03
2.803011238574981689e-01
7.389768958091735840e-02
1.932419389486312866e-01
5.856810510158538818e-02
3.451122045516967773e-01
4.364851862192153931e-02
1.240974813699722290e-01
2.124557495117187500e-01
5.345910787582397461e-02
1.976225674152374268e-01
2.544090747833251953e-01
3.933914005756378174e-02
1.848871260881423950e-01
2.015432715415954590e-01
2.977379783987998962e-02
1.151807308197021484e-01
9.167747199535369873e-02
1.621713191270828247e-01
5.876230075955390930e-02
5.758877843618392944e-02
4.543573856353759766e-01
1.131564192473888397e-02
4.193073511123657227e-01
9.206458926200866699e-03
1.713151037693023682e-01
2.917267382144927979e-01
4.996071755886077881e-02
4.162919521331787109e-01
1.946939527988433838e-02
1.240185424685478210e-01
2.565770745277404785e-01
1.773898303508758545e-01
8.266153931617736816e-02
2.557912468910217285e-01
3.694803267717361450e-02
1.520819365978240967e-01
1.142041310667991638e-01
2.011836767196655273e-01
5.862902104854583740e-02
1.842036843299865723e-01
6.178981810808181763e-02
1.029002964496612549e-01
2.608735561370849609e-01
2.299029566347599030e-02
3.059168457984924316e-01
7.297276705503463745e-02
9.611224383115768433e-02
1.393816173076629639e-01
2.306577414274215698e-01
2.314960956573486328e-02
6.552976369857788086e-01
8.559836074709892273e-03
8.613088130950927734e-01
8.663600892759859562e-04
6.311230659484863281e-01
7.969409972429275513e-02
4.483464062213897705e-01
9.305568039417266846e-02
3.600215911865234375e-01
1.175491884350776672e-01
5.200873613357543945e-01
1.411954034119844437e-02
5.326842069625854492e-01
6.546245515346527100e-02
4.115418493747711182e-01
1.552944183349609375e-01
7.909445464611053467e-02
3.902875185012817383e-01
2.226023748517036438e-02
1.905791759490966797e-01
3.072059750556945801e-01
8.374634385108947754e-02
8.409725129604339600e-02
4.787889719009399414e-01
4.993043839931488037e-02
1.195675656199455261e-01
2.897830009460449219e-01
7.591794431209564209e-02
1.395050436258316040e-01
5.768991708755493164e-01
1.243377011269330978e-02
3.743957579135894775e-01
9.357716888189315796e-02
4.911835491657257080e-01
2.075205929577350616e-02
1.399207115173339844e-01
2.683111131191253662e-01
7.128844410181045532e-02
1.620296388864517212e-01
3.140478134155273438e-01
6.740447878837585449e-02
2.725229859352111816e-01
1.186532154679298401e-01
2.634525299072265625e-01
1.210808902978897095e-01
1.896143257617950439e-01
1.933697462081909180e-01
2.201093733310699463e-01
1.105689108371734619e-01
9.546864032745361328e-02
2.602307796478271484e-01
1.188688948750495911e-01
7.812248170375823975e-02
1.711944937705993652e-01
1.838855147361755371e-01
1.519284546375274658e-01
1.194507181644439697e-01
1.510113626718521118e-01
1.858350336551666260e-01
9.688697755336761475e-02
8.986768126487731934e-02
1.718279421329498291e-01
2.340458631515502930e-01
3.149935603141784668e-02
4.416138529777526855e-01
3.857914730906486511e-02
2.495747804641723633e-01
1.321478188037872314e-01
1.595570594072341919e-01
7.235787808895111084e-02
2.221819460391998291e-01
1.190738976001739502e-01
1.144323647022247314e-01
5.611778050661087036e-02
2.011767327785491943e-01
2.307517826557159424e-01
6.686671078205108643e-02
1.136211156845092773e-01
2.884550690650939941e-01
5.928045511245727539e-02
7.080478966236114502e-02
1.036087647080421448e-01
4.667457044124603271e-01
1.627937890589237213e-02
7.954240590333938599e-02
3.059723973274230957e-01
5.219559371471405029e-02
1.102931722998619080e-01
1.361683309078216553e-01
7.742939889430999756e-02
8.136745542287826538e-02
2.174754440784454346e-01
3.454982116818428040e-02
1.745792329311370850e-01
7.515116035938262939e-02
2.059566974639892578e-01
9.530028700828552246e-02
1.166053116321563721e-01
1.607603430747985840e-01
7.091610133647918701e-02
9.894948452711105347e-02
2.522138357162475586e-01
1.058025732636451721e-01
8.073356002569198608e-02
1.312863230705261230e-01
6.094856560230255127e-02
1.461142003536224365e-01
2.139884382486343384e-01
9.985591471195220947e-02
1.917828619480133057e-01
1.000470072031021118e-01
1.239310950040817261e-01
2.052637487649917603e-01
8.566176891326904297e-02
8.049167692661285400e-02
2.272019684314727783e-01
7.807698845863342285e-02
3.895813524723052979e-01
8.762969635426998138e-03
6.494103670120239258e-01
7.399401627480983734e-03
4.504651427268981934e-01
5.648893862962722778e-02
1.190831959247589111e-01
3.034434318542480469e-01
2.551990561187267303e-02
4.559603333473205566e-01
2.089280262589454651e-02
3.006586134433746338e-01
2.142352461814880371e-01
2.917503379285335541e-02
2.723459005355834961e-01
1.610391438007354736e-01
6.569230556488037109e-02
1.951735913753509521e-01
1.275493651628494263e-01
1.500791907310485840e-01
2.019425183534622192e-01
6.802602112293243408e-02
1.365906894207000732e-01
1.078612506389617920e-01
1.571328341960906982e-01
1.167761087417602539e-01
1.519080400466918945e-01
1.088958233594894409e-01
8.271925151348114014e-02
3.667945265769958496e-01
1.247313618659973145e-02
1.413094103336334229e-01
1.523357182741165161e-01
7.442995905876159668e-02
1.317105293273925781e-01
1.800899505615234375e-01
1.116550341248512268e-01
2.008065879344940186e-01
5.179257690906524658e-02
1.728366613388061523e-01
1.823770403861999512e-01
5.283194780349731445e-02
3.246389925479888916e-01
4.869551211595535278e-02
5.769491195678710938e-01
1.800289959646761417e-03
4.586824774742126465e-01
3.882309049367904663e-02
1.606068015098571777e-01
2.185802757740020752e-01
1.941521167755126953e-01
3.382066488265991211e-01
1.277846843004226685e-02
3.471092581748962402e-01
1.221764385700225830e-01
5.609548091888427734e-02
5.507765412330627441e-01
1.425467804074287415e-02
2.950305044651031494e-01
1.399710625410079956e-01
1.176518648862838745e-01
2.518371343612670898e-01
6.140243634581565857e-02
9.954246878623962402e-02
2.922487854957580566e-01
7.464374601840972900e-02
1.714517474174499512e-01
2.088016867637634277e-01
4.602457582950592041e-02
3.576948344707489014e-01
5.769826471805572510e-02
1.186664775013923645e-01
1.223860681056976318e-01
1.328404247760772705e-01
2.302192449569702148e-01
2.913509123027324677e-02
1.304708868265151978e-01
1.395624876022338867e-01
8.180289715528488159e-02
9.052641689777374268e-02
1.533998548984527588e-01
1.441923230886459351e-01
5.280717462301254272e-02
3.683784008026123047e-01
2.539733052253723145e-02
1.601978689432144165e-01
1.117298901081085205e-01
1.296201795339584351e-01
1.637991368770599365e-01
1.303260922431945801e-01
9.812043607234954834e-02
1.913441121578216553e-01
4.981436207890510559e-02
3.993034958839416504e-01
1.708134636282920837e-02
3.031814396381378174e-01
3.943567723035812378e-02
1.811880320310592651e-01
1.176912188529968262e-01
1.958975791931152344e-01
3.236686438322067261e-02
2.903635501861572266e-01
6.442992389202117920e-02
9.768505394458770752e-02
1.735309809446334839e-01
8.599926531314849854e-02
1.021596118807792664e-01
1.512638032436370850e-01
1.635164618492126465e-01
8.452211320400238037e-02
3.516442775726318359e-01
3.124496340751647949e-02
1.264831125736236572e-01
1.282180845737457275e-01
1.166579425334930420e-01
7.730641216039657593e-02
7.548467814922332764e-02
2.869975268840789795e-01
8.465436100959777832e-02
2.389540150761604309e-02
5.728608369827270508e-01
1.221178937703371048e-02
1.852347850799560547e-01
2.801631987094879150e-01
3.023652359843254089e-02
3.473632335662841797e-01
1.053555607795715332e-01
2.827587425708770752e-01
2.652426809072494507e-02
1.974227577447891235e-01
9.140944480895996094e-02
1.217790469527244568e-01
1.402483880519866943e-01
7.877733558416366577e-02
2.093477696180343628e-01
6.412611156702041626e-02
1.624751240015029907e-01
1.062763780355453491e-01
7.193985581398010254e-02
1.022030264139175415e-01
1.423143148422241211e-01
9.726044535636901855e-02
1.049844175577163696e-01
1.810539960861206055e-01
3.575795516371726990e-02
2.964928746223449707e-01
5.257303267717361450e-02
1.677716672420501709e-01
1.294318139553070068e-01
4.097631201148033142e-02
1.475900113582611084e-01
1.165508031845092773e-01
8.316221833229064941e-02
1.336977779865264893e-01
5.620786175131797791e-02
8.659733086824417114e-02
2.185790240764617920e-01
3.805898874998092651e-02
1.536130905151367188e-01
1.040623039007186890e-01
1.214821115136146545e-01
1.256254613399505615e-01
7.775878161191940308e-02
8.016021549701690674e-02
1.215029284358024597e-01
4.340837001800537109e-01
1.157978922128677368e-02
5.431207269430160522e-02
4.456997215747833252e-01
3.138973936438560486e-02
5.148513317108154297e-01
6.567926611751317978e-03
2.919951975345611572e-01
9.585694968700408936e-02
2.231371104717254639e-01
5.174774676561355591e-02
3.982383608818054199e-01
4.019302874803543091e-02
1.139672026038169861e-01
1.292968988418579102e-01
9.223957359790802002e-02
1.682848036289215088e-01
1.073485165834426880e-01
1.112760901451110840e-01
1.160917878150939941e-01
1.666044890880584717e-01
7.124027609825134277e-02
1.993411481380462646e-01
3.860827535390853882e-02
5.004752427339553833e-02
4.106608629226684570e-01
1.261110231280326843e-02
9.405112266540527344e-02
2.212716639041900635e-01
8.729344606399536133e-02
8.506722003221511841e-02
2.019211351871490479e-01
5.989714711904525757e-02
2.058180570602416992e-01
6.483365595340728760e-02
1.628729104995727539e-01
9.491661190986633301e-02
2.166862785816192627e-01
4.988635331392288208e-02
1.165832579135894775e-01
2.332289218902587891e-01
2.504895813763141632e-02
1.897821128368377686e-01
8.655882626771926880e-02
8.324754238128662109e-02
3.203351497650146484e-01
2.149782702326774597e-02
1.798774152994155884e-01
1.312529146671295166e-01
3.492484986782073975e-02
4.170592427253723145e-01
1.308691408485174179e-02
3.950355648994445801e-01
1.028416678309440613e-02
4.903648197650909424e-01
3.829439729452133179e-02
6.242118403315544128e-02
9.132041335105895996e-01
3.733631165232509375e-04
7.924482822418212891e-01
1.380618847906589508e-02
7.099398374557495117e-01
9.435328654944896698e-03
4.023686051368713379e-01
1.904942393302917480e-01
1.558392643928527832e-01
4.651083350181579590e-01
1.116646155714988708e-01
4.432116150856018066e-01
9.668603539466857910e-02
1.731185168027877808e-01
2.067394107580184937e-01
1.420689076185226440e-01
1.328919827938079834e-01
1.565753519535064697e-01
1.860114336013793945e-01
4.492015391588211060e-02
2.160890102386474609e-01
1.133472323417663574e-01
1.480196416378021240e-01
9.757686406373977661e-02
2.883447408676147461e-01
5.907288938760757446e-02
1.999251395463943481e-01
1.826677918434143066e-01
1.084616631269454956e-01
1.675874292850494385e-01
1.515182107686996460e-01
1.992334425449371338e-01
9.030526876449584961e-02
8.844936639070510864e-02
1.558030098676681519e-01
1.620194613933563232e-01
4.909969121217727661e-02
3.062403202056884766e-01
4.647867381572723389e-02
2.533510327339172363e-01
5.116084590554237366e-02
3.211466073989868164e-01
2.632707543671131134e-02
1.251089572906494141e-01
1.551690101623535156e-01
1.138683110475540161e-01
9.216065704822540283e-02
3.025086820125579834e-01
4.487130045890808105e-02
8.502826094627380371e-02
2.050728201866149902e-01
6.475055962800979614e-02
2.036018967628479004e-01
8.252548426389694214e-02
2.404555082321166992e-01
3.040889091789722443e-02
2.957822382450103760e-01
4.649092257022857666e-02
2.854841351509094238e-01
7.463961839675903320e-02
4.250587895512580872e-02
1.909250020980834961e-01
6.117834895849227905e-02
2.145035415887832642e-01
1.395865380764007568e-01
5.711200088262557983e-02
3.876103758811950684e-01
3.121572919189929962e-02
1.574217081069946289e-01
2.503986358642578125e-01
1.052394695580005646e-02
4.536094665527343750e-01
2.056469023227691650e-02
5.150686502456665039e-01
2.206325903534889221e-02
1.799185127019882202e-01
2.634930312633514404e-01
3.842299431562423706e-02
2.955977916717529297e-01
6.531065702438354492e-02
1.630500257015228271e-01
1.107304617762565613e-01
1.959547996520996094e-01
1.116152182221412659e-01
6.743063032627105713e-02
3.042469024658203125e-01
2.306823059916496277e-02
8.144236356019973755e-02
3.045398592948913574e-01
5.419744551181793213e-02
2.097675204277038574e-01
7.804505527019500732e-02
2.314586341381072998e-01
1.289176195859909058e-01
6.743004918098449707e-02
3.273198604583740234e-01
4.552622884511947632e-02
1.613259315490722656e-01
8.400058001279830933e-02
1.658622920513153076e-01
8.747913688421249390e-02
1.502189338207244873e-01
5.781231820583343506e-02
1.826580911874771118e-01
8.328405767679214478e-02
1.134029030799865723e-01
5.616721510887145996e-02
1.139953806996345520e-01
1.169940233230590820e-01
8.415758609771728516e-02
1.860536932945251465e-01
1.280674934387207031e-01
4.181449115276336670e-02
2.719841599464416504e-01
7.618942856788635254e-02
8.872294425964355469e-02
2.509745955467224121e-01
4.180948808789253235e-02
1.779038012027740479e-01
7.085865736007690430e-02
1.244583725929260254e-01
1.636660993099212646e-01
9.035906195640563965e-02
1.416722238063812256e-01
4.399531334638595581e-02
9.709451347589492798e-02
1.372729092836380005e-01
8.130465447902679443e-02
1.391067653894424438e-01
7.782614976167678833e-02
8.939412981271743774e-02
1.495875418186187744e-01
1.117545142769813538e-01
1.002265512943267822e-01
7.013431191444396973e-02
1.058802753686904907e-01
5.889773368835449219e-02
1.980695128440856934e-01
1.481586694717407227e-01
1.547674927860498428e-02
3.845860362052917480e-01
1.251685898751020432e-02
3.136689066886901855e-01
3.317579999566078186e-02
2.641080915927886963e-01
4.753467440605163574e-02
1.479720473289489746e-01
1.145001947879791260e-01
6.264428049325942993e-02
9.230406582355499268e-02
5.798367261886596680e-01
4.123663995414972305e-03
8.543898463249206543e-01
1.775609678588807583e-03
9.674316048622131348e-01
2.944804029539227486e-03
8.227335214614868164e-01
5.136192962527275085e-02
6.412039995193481445e-01
5.280685424804687500e-02
6.911326646804809570e-01
1.309291273355484009e-01
1.657290160655975342e-01
3.887753188610076904e-01
3.791644573211669922e-01
2.080070525407791138e-01
4.382258057594299316e-01
1.421198993921279907e-01
3.474556803703308105e-01
5.284872651100158691e-02
2.722581326961517334e-01
1.335657089948654175e-01
1.384955644607543945e-01
3.301338553428649902e-01
1.597741991281509399e-02
1.493734419345855713e-01
3.291053473949432373e-01
4.921694099903106689e-02
1.813436448574066162e-01
2.006453871726989746e-01
1.211797893047332764e-01
2.450784444808959961e-01
1.014381721615791321e-01
2.535739541053771973e-01
5.538091063499450684e-02
4.460197091102600098e-01
4.051203280687332153e-02
8.971257507801055908e-02
2.903195023536682129e-01
9.193730354309082031e-02
1.248876452445983887e-01
1.664011776447296143e-01
1.486835926771163940e-01
1.648112237453460693e-01
1.398797333240509033e-01
2.474335730075836182e-01
9.061343222856521606e-02
2.796314656734466553e-01
7.492205500602722168e-02
2.895706892013549805e-01
5.708182603120803833e-02
1.348159164190292358e-01
1.397404372692108154e-01
1.404185891151428223e-01
1.076210364699363708e-01
3.357587158679962158e-01
2.543530426919460297e-02
3.881653770804405212e-02
6.225344538688659668e-01
3.769465908408164978e-02
5.875236988067626953e-01
1.834984868764877319e-02
6.154086589813232422e-01
2.556800656020641327e-02
4.368345439434051514e-01
1.309148371219635010e-01
1.672090739011764526e-01
2.115919589996337891e-01
2.776582837104797363e-01
9.130473434925079346e-02
2.978200316429138184e-01
9.858609735965728760e-02
6.728112697601318359e-02
4.661187529563903809e-01
1.894367858767509460e-02
2.608955800533294678e-01
1.161802113056182861e-01
7.908464223146438599e-02
2.851414680480957031e-01
1.515514850616455078e-01
1.176623702049255371e-01
2.895084321498870850e-01
6.566090881824493408e-02
2.978800833225250244e-01
3.056812472641468048e-02
1.912721097469329834e-01
1.564961373805999756e-01
9.205338358879089355e-02
1.465801894664764404e-01
1.509315669536590576e-01
1.376671493053436279e-01
1.394843161106109619e-01
8.636271953582763672e-02
2.319276034832000732e-01
2.681628987193107605e-02
2.208060920238494873e-01
1.196067407727241516e-01
2.550131678581237793e-01
5.107595026493072510e-02
2.481378465890884399e-01
6.247128546237945557e-02
3.605483770370483398e-01
1.850902102887630463e-02
2.081707417964935303e-01
1.450895667076110840e-01
1.007510125637054443e-01
1.429723650217056274e-01
1.086678653955459595e-01
8.905410766601562500e-02
1.196025386452674866e-01
1.659959852695465088e-01
8.067938685417175293e-02
1.528784781694412231e-01
2.329571545124053955e-01
8.553782850503921509e-02
1.936997473239898682e-01
1.630264222621917725e-01
1.060425490140914917e-01
2.158021777868270874e-01
5.505696311593055725e-02
2.593241333961486816e-01
2.797890268266201019e-02
3.455994650721549988e-02
5.580086708068847656e-01
1.759594306349754333e-02
6.780106425285339355e-01
2.971207490190863609e-03
4.430362880229949951e-01
1.011631637811660767e-02
8.324995040893554688e-01
5.085040628910064697e-02
3.289953172206878662e-01
7.963290065526962280e-02
4.309203028678894043e-01
8.963826298713684082e-02
2.924773991107940674e-01
2.019447833299636841e-01
1.495956182479858398e-01
1.468390524387359619e-01
3.684302270412445068e-01
7.179019600152969360e-02
2.357213348150253296e-01
2.587759196758270264e-01
8.340025693178176880e-02
1.680913120508193970e-01
2.380922138690948486e-01
9.570728242397308350e-02
2.103627771139144897e-01
1.652941405773162842e-01
6.614573299884796143e-02
3.496366739273071289e-01
5.573955550789833069e-02
1.518189013004302979e-01
1.363542079925537109e-01
2.110272943973541260e-01
4.833084940910339355e-01
3.547596931457519531e-02
4.489485025405883789e-01
2.957678586244583130e-02
3.559144139289855957e-01
1.336910873651504517e-01
1.017030477523803711e-01
3.685527443885803223e-01
7.979846000671386719e-02
1.341922283172607422e-01
4.802496731281280518e-01
1.363200228661298752e-02
2.212920784950256348e-01
2.010772228240966797e-01
6.886191666126251221e-02
1.367599964141845703e-01
2.047607898712158203e-01
7.476413249969482422e-02
7.710702717304229736e-02
3.014338314533233643e-01
8.746224641799926758e-02
3.393626809120178223e-01
2.387357130646705627e-02
3.330637216567993164e-01
1.211199983954429626e-01
5.702534317970275879e-02
3.041332960128784180e-01
8.993141353130340576e-02
6.700839102268218994e-02
2.284837365150451660e-01
5.105953663587570190e-02
2.353755533695220947e-01
5.753944069147109985e-02
2.335224598646163940e-01
4.510810226202011108e-02
1.624919176101684570e-01
1.185156404972076416e-01
1.252571344375610352e-01
1.091036498546600342e-01
1.177656501531600952e-01
7.760031521320343018e-02
3.614318668842315674e-01
5.440631136298179626e-02
1.096394062042236328e-01
1.213690936565399170e-01
7.646171003580093384e-02
7.778191566467285156e-02
1.336456090211868286e-01
1.171661019325256348e-01
2.010220140218734741e-01
1.071768179535865784e-01
1.075801402330398560e-01
1.779423058032989502e-01
1.003980934619903564e-01
9.321719408035278320e-02
1.155204251408576965e-01
2.379705160856246948e-01
9.338614344596862793e-02
1.747032403945922852e-01
8.351203799247741699e-02
9.133457392454147339e-02
1.482297480106353760e-01
8.287055045366287231e-02
1.158386617898941040e-01
9.627361595630645752e-02
9.596853703260421753e-02
8.136519789695739746e-02
3.683571815490722656e-01
1.519401371479034424e-02
2.991510629653930664e-01
7.420204579830169678e-02
8.136519044637680054e-02
2.991375029087066650e-01
2.819481492042541504e-02
8.799201250076293945e-02
2.628251910209655762e-01
3.580230847001075745e-02
1.710779368877410889e-01
1.686914563179016113e-01
3.641642630100250244e-02
7.568690180778503418e-02
3.879601955413818359e-01
3.014342114329338074e-02
8.632825314998626709e-02
1.319997012615203857e-01
1.019448041915893555e-01
1.560147553682327271e-01
4.431515187025070190e-02
4.459695816040039062e-01
9.952023625373840332e-03
6.247081756591796875e-01
4.584142006933689117e-03
7.876188158988952637e-01
2.044599130749702454e-02
5.064612627029418945e-01
8.818715810775756836e-02
1.790692508220672607e-01
2.234040498733520508e-01
2.219789326190948486e-01
1.084242761135101318e-01
2.336621582508087158e-01
9.964563697576522827e-02
3.286268115043640137e-01
9.762806445360183716e-02
1.813189089298248291e-01
1.503338068723678589e-01
1.072997003793716431e-01
2.694331109523773193e-01
6.634348630905151367e-02
1.091525480151176453e-01
2.471053898334503174e-01
4.372704401612281799e-02
1.916953772306442261e-01
1.095176860690116882e-01
1.050829291343688965e-01
6.109414994716644287e-02
2.649630308151245117e-01
1.425181478261947632e-01
1.098769754171371460e-01
1.006629765033721924e-01
1.054757535457611084e-01
1.012901216745376587e-01
1.641086190938949585e-01
7.356253266334533691e-02
1.513751298189163208e-01
1.501926779747009277e-01
5.820078775286674500e-02
1.600939333438873291e-01
1.225880086421966553e-01
2.094914019107818604e-01
5.386065691709518433e-02
3.909586966037750244e-01
2.290098741650581360e-02
1.526420116424560547e-01
2.786566019058227539e-01
4.052738472819328308e-02
1.974898725748062134e-01
1.192302852869033813e-01
1.427301913499832153e-01
1.247167736291885376e-01
2.631854116916656494e-01
1.527763064950704575e-02
2.278531044721603394e-01
1.693978905677795410e-01
3.337419778108596802e-02
2.903175055980682373e-01
3.578283265233039856e-02
1.131098717451095581e-01
3.883144855499267578e-01
3.552263975143432617e-02
2.928244471549987793e-01
8.008860051631927490e-02
1.321393847465515137e-01
1.127624809741973877e-01
7.110264152288436890e-02
2.745471000671386719e-01
5.446690320968627930e-02
1.031553894281387329e-01
3.334798514842987061e-01
1.285492163151502609e-02
1.473250240087509155e-01
1.038880199193954468e-01
9.349152445793151855e-02
1.414493024349212646e-01
5.730776861310005188e-02
2.616709470748901367e-01
2.998062595725059509e-02
1.100736558437347412e-01
2.475652992725372314e-01
5.902405455708503723e-02
7.837408035993576050e-02
1.293813288211822510e-01
2.652965188026428223e-01
4.837975651025772095e-02
3.078998923301696777e-01
2.252948284149169922e-02
1.174685657024383545e-01
9.178124368190765381e-02
1.547243595123291016e-01
1.116739511489868164e-01
1.894308030605316162e-01
5.851450935006141663e-02
1.982051283121109009e-01
1.317780911922454834e-01
6.414113938808441162e-02
1.149793043732643127e-01
1.685245037078857422e-01
9.574097394943237305e-02
2.400057464838027954e-01
2.222269773483276367e-02
2.629522681236267090e-01
5.031574517488479614e-02
1.325320899486541748e-01
1.045483052730560303e-01
1.037305817008018494e-01
9.625877439975738525e-02
1.845181435346603394e-01
6.846314668655395508e-02
9.470991790294647217e-02
5.899414047598838806e-02
1.896148025989532471e-01
5.688814818859100342e-02
9.524447470903396606e-02
3.402165770530700684e-01
1.573211327195167542e-02
2.721408009529113770e-01
3.871124982833862305e-02
1.283752322196960449e-01
1.063328534364700317e-01
5.014934390783309937e-02
1.628339588642120361e-01
6.683063507080078125e-02
3.195881843566894531e-01
3.098394721746444702e-02
6.828826665878295898e-02
3.071246743202209473e-01
2.000453881919384003e-02
3.795748353004455566e-01
2.065547183156013489e-02
2.215864509344100952e-01
9.817653149366378784e-02
2.414560765027999878e-01
3.640214353799819946e-02
1.675772070884704590e-01
6.983989477157592773e-02
1.120601147413253784e-01
1.076929271221160889e-01
9.059332311153411865e-02
1.760983169078826904e-01
2.452617511153221130e-02
1.691266894340515137e-01
8.177223801612854004e-02
1.173038855195045471e-01
1.323446184396743774e-01
7.421548962593078613e-01
1.378513174131512642e-03
3.353063762187957764e-01
7.899411022663116455e-02
8.895790576934814453e-01
1.776167377829551697e-02
8.126305341720581055e-01
5.817712284624576569e-03
8.939353227615356445e-01
2.285051159560680389e-02
4.570348262786865234e-01
1.854616999626159668e-01
5.707728862762451172e-01
1.126167774200439453e-01
4.952922463417053223e-01
1.388209164142608643e-01
5.057032704353332520e-01
4.614321514964103699e-02
4.085052609443664551e-01
2.560717463493347168e-01
1.042269766330718994e-01
4.469424486160278320e-01
4.001338034868240356e-02
3.395143151283264160e-01
1.476234942674636841e-01
2.422432005405426025e-01
1.398028731346130371e-01
3.000906705856323242e-01
7.560807466506958008e-02
2.326293587684631348e-01
1.174778640270233154e-01
2.073541879653930664e-01
1.129125654697418213e-01
2.257958352565765381e-01
8.030024170875549316e-02
3.902656733989715576e-01
1.924200542271137238e-02
4.303302466869354248e-01
9.670259803533554077e-02
2.283534556627273560e-01
1.328857392072677612e-01
9.545440971851348877e-02
1.058423370122909546e-01
2.676938474178314209e-01
5.346209928393363953e-02
3.708988428115844727e-01
5.004975199699401855e-02
1.917932778596878052e-01
2.010160982608795166e-01
9.305368363857269287e-02
1.384080648422241211e-01
2.291029244661331177e-01
1.067962720990180969e-01
6.672845780849456787e-02
3.880004584789276123e-01
6.558341532945632935e-02
6.741169840097427368e-02
4.356657266616821289e-01
4.474110156297683716e-02
2.965750098228454590e-01
8.139781653881072998e-02
1.374190449714660645e-01
1.944359987974166870e-01
4.410347342491149902e-02
1.402497440576553345e-01
1.621128469705581665e-01
9.309344738721847534e-02
6.123588606715202332e-02
4.151732325553894043e-01
4.172829911112785339e-02
7.157723605632781982e-02
2.058292180299758911e-01
1.168926730751991272e-01
8.646389096975326538e-02
7.487817108631134033e-02
3.672125339508056641e-01
3.912195563316345215e-02
2.757960855960845947e-01
9.693560004234313965e-02
8.978735655546188354e-02
2.345153540372848511e-01
7.516366243362426758e-02
1.251931190490722656e-01
3.331080675125122070e-01
3.184371069073677063e-02
1.771652698516845703e-01
1.599180549383163452e-01
5.550131201744079590e-02
2.412074208259582520e-01
9.764264523983001709e-02
6.345537304878234863e-02
4.234881401062011719e-01
3.236701712012290955e-02
5.620841309428215027e-02
2.419467866420745850e-01
7.628114521503448486e-02
1.863411366939544678e-01
9.011809527873992920e-02
1.644185185432434082e-01
1.163071542978286743e-01
7.555954158306121826e-02
1.654360294342041016e-01
1.016879454255104065e-01
2.009518146514892578e-01
9.180530905723571777e-02
9.032668173313140869e-02
3.074080049991607666e-01
2.992063015699386597e-02
3.832803964614868164e-01
1.795557886362075806e-02
5.025012493133544922e-01
4.470195621252059937e-03
2.700032293796539307e-01
1.262577623128890991e-01
2.709439098834991455e-01
2.504574656486511230e-01
1.748799532651901245e-01
2.113957554101943970e-01
4.080672562122344971e-02
1.469051241874694824e-01
8.895046263933181763e-02
2.696273922920227051e-01
3.733202815055847168e-02
3.648574352264404297e-01
8.919876813888549805e-02
4.749425128102302551e-02
1.836699545383453369e-01
9.247903525829315186e-02
3.269037902355194092e-01
2.623550035059452057e-02
2.235343903303146362e-01
9.783855080604553223e-02
9.159159660339355469e-02
1.834098696708679199e-01
1.069500893354415894e-01
1.378718018531799316e-01
1.108125001192092896e-01
9.420286864042282104e-02
1.702291667461395264e-01
8.819623291492462158e-02
8.123564720153808594e-02
1.339995115995407104e-01
9.261979162693023682e-02
1.636153310537338257e-01
8.971889317035675049e-02
2.273004949092864990e-01
7.601241767406463623e-02
1.125361770391464233e-01
2.844066619873046875e-01
2.061844244599342346e-02
1.170703619718551636e-01
1.186782866716384888e-01
9.147969633340835571e-02
8.531270921230316162e-02
1.669432520866394043e-01
1.084089428186416626e-01
8.749995380640029907e-02
6.225020438432693481e-02
5.863840878009796143e-02
2.316762655973434448e-01
5.743635818362236023e-02
2.368280142545700073e-01
4.349959641695022583e-02
1.891928613185882568e-01
4.991008341312408447e-02
1.192888319492340088e-01
6.169390678405761719e-02
1.381892263889312744e-01
1.473629623651504517e-01
5.483947694301605225e-02
4.159043729305267334e-01
1.564881205558776855e-02
6.204068660736083984e-01
7.791402284055948257e-03
7.235479354858398438e-01
4.855720791965723038e-03
8.227910399436950684e-01
1.588838547468185425e-02
3.681540489196777344e-01
1.137448996305465698e-01
5.194064378738403320e-01
4.495091736316680908e-02
4.330477118492126465e-01
9.108231961727142334e-02
2.900120913982391357e-01
1.597436964511871338e-01
1.445206850767135620e-01
3.543556332588195801e-01
5.914010852575302124e-02
2.351982742547988892e-01
2.753160297870635986e-01
9.283648431301116943e-02
3.129073977470397949e-01
5.114404484629631042e-02
3.833402395248413086e-01
4.964860528707504272e-02
2.275489270687103271e-01
1.804219037294387817e-01
5.620634928345680237e-02
2.702835798263549805e-01
9.279927611351013184e-02
2.028050273656845093e-01
1.041768491268157959e-01
1.238562166690826416e-01
2.480466961860656738e-01
4.759635031223297119e-02
3.009689748287200928e-01
3.119613230228424072e-02
1.420106291770935059e-01
1.403701305389404297e-01
1.551227867603302002e-01
1.295848488807678223e-01
1.033974364399909973e-01
2.556619048118591309e-01
3.697960451245307922e-02
3.151472210884094238e-01
5.248338729143142700e-02
5.768565535545349121e-01
8.102036081254482269e-03
3.470378220081329346e-01
5.632799118757247925e-02
2.147555649280548096e-01
7.995285838842391968e-02
2.611603736877441406e-01
1.011832356452941895e-01
3.313315510749816895e-01
4.982905462384223938e-02
1.076038330793380737e-01
4.082393050193786621e-01
9.430408477783203125e-03
7.533201575279235840e-02
2.967238128185272217e-01
3.445877134799957275e-02
3.235439956188201904e-01
1.837827861309051514e-01
6.135088205337524414e-02
3.955436050891876221e-01
1.977412030100822449e-02
3.209118843078613281e-01
5.520366132259368896e-02
9.801234304904937744e-02
2.402021288871765137e-01
2.635018900036811829e-02
2.281859815120697021e-01
1.792624890804290771e-01
8.600634336471557617e-02
1.480022221803665161e-01
3.215487897396087646e-01
2.341021597385406494e-02
4.415133297443389893e-01
2.426414191722869873e-02
1.539705693721771240e-01
1.793012619018554688e-01
6.582765281200408936e-02
1.387885808944702148e-01
1.123484894633293152e-01
1.243143081665039062e-01
1.563466191291809082e-01
1.030845046043395996e-01
1.283393502235412598e-01
1.354441344738006592e-01
7.081924378871917725e-02
9.423942863941192627e-02
1.857599020004272461e-01
1.221554875373840332e-01
1.341609507799148560e-01
8.386634290218353271e-02
2.153045237064361572e-01
6.661133468151092529e-02
9.463388472795486450e-02
1.966553181409835815e-01
1.036029607057571411e-01
1.462740004062652588e-01
1.220005974173545837e-01
8.433508872985839844e-02
1.236229389905929565e-01
1.298899352550506592e-01
1.195782870054244995e-01
2.270211279392242432e-01
3.645444288849830627e-02
7.682622969150543213e-02
3.755674958229064941e-01
1.258167624473571777e-02
1.870836615562438965e-01
5.800686031579971313e-02
1.215023696422576904e-01
1.191977784037590027e-01
6.437246501445770264e-02
1.358179301023483276e-01
1.052588969469070435e-01
1.043940111994743347e-01
1.378761976957321167e-01
1.719728708267211914e-01
7.840491086244583130e-02
1.706661134958267212e-01
9.617830812931060791e-02
6.701653450727462769e-02
2.702649831771850586e-01
4.565992206335067749e-02
3.462552651762962341e-02
2.516622543334960938e-01
4.019582271575927734e-02
1.661332696676254272e-01
5.019101127982139587e-02
2.154914438724517822e-01
4.003659263253211975e-02
1.659546047449111938e-02
2.830442786216735840e-01
6.560235470533370972e-02
6.579428911209106445e-02
2.428439855575561523e-01
3.790722042322158813e-02
1.357927173376083374e-01
6.939122825860977173e-02
6.240511685609817505e-02
2.237586081027984619e-01
6.449918448925018311e-02
2.330756038427352905e-01
2.903698757290840149e-02
1.084760874509811401e-01
1.903767883777618408e-01
5.865515768527984619e-02
1.069198250770568848e-01
1.349272131919860840e-01
6.868183612823486328e-02
2.158372998237609863e-01
4.716264456510543823e-02
8.159958571195602417e-02
1.621793210506439209e-01
8.528908342123031616e-02
9.177552908658981323e-02
7.975721359252929688e-02
2.371052503585815430e-01
1.699591986835002899e-02
1.004227623343467712e-01
1.742921620607376099e-01
4.017996042966842651e-02
2.132541090250015259e-01
3.662937879562377930e-02
1.352000385522842407e-01
5.358035117387771606e-02
1.355320215225219727e-01
1.102488189935684204e-01
9.234547615051269531e-02
1.406821310520172119e-01
3.661331534385681152e-02
1.243921592831611633e-01
1.916695535182952881e-01
3.982016444206237793e-02
1.218021064996719360e-01
1.037396714091300964e-01
3.694482147693634033e-02
4.674784243106842041e-01
1.394713483750820160e-02
9.098959714174270630e-02
4.181343913078308105e-01
1.549706328660249710e-03
4.492692351341247559e-01
1.906644925475120544e-02
9.805861115455627441e-01
4.912617430090904236e-02
6.306710243225097656e-01
1.533634960651397705e-02
7.163709402084350586e-01
1.876765489578247070e-02
2.241748422384262085e-01
2.905882596969604492e-01
7.851128280162811279e-02
5.912938117980957031e-01
2.142065390944480896e-02
1.967233866453170776e-01
3.545490801334381104e-01
1.862453855574131012e-02
2.802970409393310547e-01
1.483483612537384033e-01
9.736171364784240723e-02
2.213542312383651733e-01
8.167532086372375488e-02
1.708891689777374268e-01
1.164986640214920044e-01
1.290708482265472412e-01
1.847752630710601807e-01
8.588057756423950195e-02
2.300453484058380127e-01
7.381244748830795288e-02
1.337570399045944214e-01
2.254326790571212769e-01
4.868356883525848389e-02
1.432517021894454956e-01
1.794454753398895264e-01
1.078615486621856689e-01
9.091105312108993530e-02
6.075262427330017090e-01
1.335830241441726685e-02
2.762005031108856201e-01
1.569685637950897217e-01
8.373842388391494751e-02
2.942488193511962891e-01
6.038206443190574646e-02
1.021235734224319458e-01
1.703934073448181152e-01
2.043555378913879395e-01
5.017234385013580322e-02
5.225422382354736328e-01
7.482847198843955994e-03
2.555321753025054932e-01
1.564445495605468750e-01
4.521273076534271240e-02
2.780306935310363770e-01
7.048394531011581421e-02
3.950219601392745972e-02
3.556113243103027344e-01
4.565130919218063354e-02
6.787905097007751465e-02
3.442197740077972412e-01
2.976987883448600769e-02
2.423714846372604370e-01
1.174774393439292908e-01
6.207061558961868286e-02
2.123442888259887695e-01
5.541823059320449829e-02
6.724622100591659546e-02
1.949417889118194580e-01
1.286361217498779297e-01
6.228563562035560608e-02
1.404081284999847412e-01
1.639404445886611938e-01
8.140603452920913696e-02
1.407194137573242188e-01
1.613224148750305176e-01
6.369493156671524048e-02
1.028925180435180664e-01
1.322057098150253296e-01
1.183614581823348999e-01
1.413481831550598145e-01
1.269423663616180420e-01
8.856306970119476318e-02
7.519028335809707642e-02
1.564868241548538208e-01
1.779536902904510498e-01
5.675527080893516541e-02
8.158383518457412720e-02
1.424081027507781982e-01
5.499281734228134155e-02
1.051136180758476257e-01
1.380866467952728271e-01
1.543905884027481079e-01
5.523096770048141479e-02
3.706194758415222168e-01
7.894441485404968262e-03
1.354982703924179077e-01
1.819809079170227051e-01
2.537140622735023499e-02
2.590061426162719727e-01
8.862224221229553223e-02
1.112006157636642456e-01
8.090452849864959717e-02
2.123404741287231445e-01
6.561518460512161255e-02
2.229353040456771851e-01
5.935172736644744873e-02
9.619168937206268311e-02
1.975342780351638794e-01
1.120387092232704163e-01
4.248822480440139771e-02
2.642332613468170166e-01
2.252070605754852295e-02
1.020352244377136230e-01
5.911441892385482788e-02
8.359988033771514893e-02
7.202706485986709595e-02
1.647575497627258301e-01
6.106311082839965820e-02
2.015976458787918091e-01
1.196223273873329163e-01
5.424005538225173950e-02
2.883331179618835449e-01
1.688584685325622559e-02
1.682284772396087646e-01
1.087091341614723206e-01
7.544451951980590820e-02
6.004856899380683899e-02
1.630524396896362305e-01
3.677360713481903076e-02
1.072804257273674011e-01
2.107092887163162231e-01
6.031923741102218628e-02
8.415503799915313721e-02
1.007801592350006104e-01
9.808471798896789551e-02
8.071350306272506714e-02
3.343275785446166992e-01
1.585488021373748779e-02
2.869198918342590332e-01
2.642304822802543640e-02
2.112437188625335693e-01
5.857207253575325012e-02
1.020898222923278809e-01
1.078185290098190308e-01
9.129892289638519287e-02
1.237377524375915527e-01
5.115213990211486816e-02
1.709686964750289917e-01
9.615574032068252563e-02
7.997369766235351562e-02
6.412599980831146240e-02
1.742364168167114258e-01
9.835173934698104858e-02
1.221571564674377441e-01
8.713804185390472412e-02
8.240742236375808716e-02
8.483394235372543335e-02
1.566511094570159912e-01
2.846301160752773285e-02
8.523543924093246460e-02
1.362169533967971802e-01
6.348264217376708984e-02
2.502131760120391846e-01
3.611487150192260742e-02
1.219338998198509216e-01
1.551968753337860107e-01
3.772135078907012939e-02
7.514232397079467773e-02
1.470518857240676880e-01
6.884206086397171021e-02
1.267603337764739990e-01
7.322020828723907471e-02
7.034765183925628662e-02
1.233250647783279419e-01
5.590337887406349182e-02
5.882557108998298645e-02
1.786257326602935791e-01
1.325337439775466919e-01
3.752009570598602295e-02
2.363050132989883423e-01
2.469737641513347626e-02
1.378267109394073486e-01
1.848976314067840576e-01
4.862906411290168762e-02
2.049806863069534302e-01
4.709894955158233643e-02
2.327959798276424408e-02
4.016547203063964844e-01
1.116822566837072372e-02
6.763166785240173340e-01
8.797899354249238968e-04
9.002040028572082520e-01
2.171698026359081268e-03
9.386964440345764160e-01
5.130311008542776108e-03
9.158353805541992188e-01
9.150049090385437012e-02
5.976601243019104004e-01
2.905109524726867676e-01
4.733918011188507080e-01
6.033464670181274414e-01
1.730555593967437744e-01
4.950155913829803467e-01
2.072862088680267334e-01
4.012600183486938477e-01
2.208869159221649170e-01
2.398068010807037354e-01
4.929413795471191406e-01
4.510843381285667419e-02
6.926170587539672852e-01
7.539585232734680176e-02
2.923563122749328613e-01
1.888679265975952148e-01
2.694283723831176758e-01
9.599021077156066895e-02
3.053528666496276855e-01
1.059392392635345459e-01
1.686688959598541260e-01
2.218068838119506836e-01
1.210879087448120117e-01
4.647558331489562988e-01
3.016177751123905182e-02
4.945595264434814453e-01
6.422646343708038330e-02
1.989049464464187622e-01
1.514574289321899414e-01
2.322277724742889404e-01
1.601607501506805420e-01
1.116970330476760864e-01
1.954322159290313721e-01
7.685479521751403809e-02
2.634776234626770020e-01
5.094209313392639160e-02
2.823882699012756348e-01
7.441409677267074585e-02
3.000579476356506348e-01
7.217526435852050781e-02
2.087568193674087524e-01
1.368436664342880249e-01
5.868210271000862122e-02
2.822415828704833984e-01
3.974667936563491821e-02
2.565470039844512939e-01
1.098017096519470215e-01
8.228699862957000732e-02
9.838621318340301514e-02
2.066799402236938477e-01
6.080321222543716431e-02
2.155657559633255005e-01
8.767879009246826172e-02
1.545815318822860718e-01
8.314571529626846313e-02
4.638451337814331055e-02
3.120680749416351318e-01
6.586461514234542847e-02
3.488653898239135742e-01
9.192423522472381592e-02
1.120803579688072205e-01
1.246994510293006897e-01
1.025945693254470825e-01
9.461265802383422852e-02
1.808329671621322632e-01
4.211207479238510132e-02
2.256394475698471069e-01
1.421471685171127319e-01
7.707735151052474976e-02
9.625084698200225830e-02
2.500267922878265381e-01
2.680851891636848450e-02
4.667809009552001953e-01
1.635998114943504333e-02
3.926376104354858398e-01
1.345160324126482010e-02
4.179334640502929688e-01
1.511121354997158051e-02
5.480522513389587402e-01
1.837856322526931763e-02
3.392067849636077881e-01
6.075314432382583618e-02
1.008594334125518799e-01
3.649122118949890137e-01
2.631794661283493042e-02
2.980543375015258789e-01
1.251125037670135498e-01
1.078213527798652649e-01
2.285272181034088135e-01
6.403914093971252441e-02
1.613053083419799805e-01
1.828475296497344971e-01
2.114347666501998901e-01
1.491913199424743652e-01
2.310453802347183228e-01
8.126142621040344238e-02
2.689072787761688232e-01
5.324833095073699951e-02
1.213603317737579346e-01
1.258053481578826904e-01
6.301601231098175049e-02
1.244665607810020447e-01
7.982432842254638672e-02
1.226370483636856079e-01
9.505618363618850708e-02
2.575567364692687988e-01
6.165298447012901306e-02
7.614409923553466797e-02
1.629297286272048950e-01
1.417808085680007935e-01
6.762094795703887939e-02
1.093523204326629639e-01
1.437790691852569580e-01
5.258084088563919067e-02
2.302144169807434082e-01
3.536680713295936584e-02
3.403247594833374023e-01
1.816771924495697021e-02
1.767618060111999512e-01
1.826993376016616821e-01
6.178574264049530029e-02
9.935264289379119873e-02
1.403094232082366943e-01
1.174515858292579651e-01
5.405521020293235779e-02
1.897857338190078735e-01
1.283505856990814209e-01
5.853045731782913208e-02
2.037435173988342285e-01
7.762170583009719849e-02
6.474761664867401123e-02
1.533036530017852783e-01
7.768348604440689087e-02
1.489122062921524048e-01
2.310713827610015869e-01
4.456600174307823181e-02
1.922017782926559448e-01
1.319612562656402588e-01
1.453392505645751953e-01
7.014067471027374268e-02
6.917266547679901123e-02
3.141189217567443848e-01
1.666111685335636139e-02
4.214136302471160889e-01
2.221890166401863098e-02
5.101522207260131836e-01
7.587757427245378494e-03
3.034446537494659424e-01
6.507094204425811768e-02
5.283205956220626831e-02
3.671137392520904541e-01
3.798411786556243896e-02
6.029782816767692566e-02
1.790201663970947266e-01
9.093269705772399902e-02
8.948290348052978516e-02
1.294501423835754395e-01
1.148216128349304199e-01
8.204740285873413086e-02
1.415798962116241455e-01
9.088670462369918823e-02
1.101753413677215576e-01
8.932455629110336304e-02
2.970594763755798340e-01
1.960657164454460144e-02
1.921463161706924438e-01
1.424052119255065918e-01
6.184145808219909668e-02
1.482788026332855225e-01
1.163063794374465942e-01
9.598985314369201660e-02
1.100528463721275330e-01
7.481233030557632446e-02
1.720122545957565308e-01
7.066722214221954346e-02
5.101723223924636841e-02
9.942805767059326172e-02
1.506144702434539795e-01
1.474929153919219971e-01
6.398211419582366943e-02
1.953890621662139893e-01
1.133865118026733398e-01
6.481054425239562988e-02
7.381904870271682739e-02
2.178342193365097046e-01
3.062261641025543213e-02
3.474110364913940430e-02
1.435988247394561768e-01
1.388183981180191040e-01
7.263515144586563110e-02
1.516635864973068237e-01
1.056629493832588196e-01
7.870349287986755371e-02
6.968249380588531494e-02
2.546672821044921875e-01
2.111588232219219208e-02
3.566945791244506836e-01
3.981042653322219849e-02
3.097360730171203613e-01
2.614462561905384064e-02
2.040458768606185913e-01
5.106768757104873657e-02
1.044975146651268005e-01
1.265382468700408936e-01
5.871172994375228882e-02
2.874563038349151611e-01
3.808137774467468262e-02
3.015039563179016113e-01
3.075247071683406830e-02
2.716563045978546143e-01
5.037780851125717163e-02
2.109947353601455688e-01
7.863372564315795898e-02
1.121243089437484741e-01
1.396995782852172852e-01
7.505030930042266846e-02
1.566842794418334961e-01
6.856617331504821777e-02
2.040169239044189453e-01
2.906003966927528381e-02
1.133901253342628479e-01
1.386041939258575439e-01
4.929430782794952393e-02
1.471870392560958862e-01
6.116940826177597046e-02
9.124462306499481201e-02
1.289792060852050781e-01
8.573650568723678589e-02
2.339350134134292603e-01
2.576138824224472046e-02
1.246802359819412231e-01
1.004045605659484863e-01
1.578962653875350952e-01
4.371497035026550293e-02
1.668784320354461670e-01
5.278745293617248535e-02
1.256283074617385864e-01
7.520318031311035156e-02
1.622398644685745239e-01
5.339325219392776489e-02
1.117604225873947144e-01
1.285555958747863770e-01
3.387483954429626465e-01
9.913867339491844177e-03
6.460463404655456543e-01
3.044331911951303482e-03
8.395885229110717773e-01
2.880330663174390793e-03
9.312884807586669922e-01
4.576050676405429840e-03
9.368967413902282715e-01
2.991246432065963745e-02
6.779743432998657227e-01
5.258497595787048340e-02
4.306699633598327637e-01
2.920262813568115234e-01
9.494847804307937622e-02
7.752748727798461914e-01
3.252350911498069763e-02
5.058398842811584473e-01
9.872514009475708008e-02
3.977007269859313965e-01
2.096261084079742432e-01
1.259947121143341064e-01
5.537539124488830566e-01
3.654525056481361389e-02
4.896127581596374512e-01
9.013493359088897705e-02
6.147153973579406738e-01
1.832879148423671722e-02
4.721968770027160645e-01
1.441659629344940186e-01
2.713411748409271240e-01
9.156727790832519531e-02
3.729418814182281494e-01
1.354007422924041748e-01
2.987747788429260254e-01
4.490709677338600159e-02
3.069956004619598389e-01
1.069770976901054382e-01
2.321267426013946533e-01
1.702993214130401611e-01
2.277970016002655029e-01
7.679106295108795166e-02
1.881358474493026733e-01
2.567569017410278320e-01
7.011210918426513672e-02
1.705294251441955566e-01
2.408633530139923096e-01
9.399324655532836914e-02
1.763778179883956909e-01
1.507478952407836914e-01
2.231970429420471191e-01
8.652243018150329590e-02
1.115871965885162354e-01
1.342808306217193604e-01
1.081621199846267700e-01
1.532475054264068604e-01
2.171645164489746094e-01
4.735041037201881409e-02
1.640079468488693237e-01
1.567282974720001221e-01
1.922166347503662109e-01
6.971194595098495483e-02
1.245023086667060852e-01
1.896972358226776123e-01
5.076840147376060486e-02
1.475858390331268311e-01
1.754777878522872925e-01
8.161418139934539795e-02
2.409335076808929443e-01
3.671325370669364929e-02
1.910945475101470947e-01
7.514070719480514526e-02
2.198480069637298584e-01
5.063821375370025635e-02
9.003454446792602539e-02
2.066435217857360840e-01
6.688650697469711304e-02
9.941860288381576538e-02
2.215182185173034668e-01
4.041534289717674255e-02
2.873895168304443359e-01
2.579945139586925507e-02
2.415825426578521729e-01
8.832067251205444336e-02
5.513586103916168213e-02
4.483835399150848389e-01
1.613312587141990662e-02
3.500049114227294922e-01
4.312293976545333862e-02
7.058173418045043945e-02
2.244932800531387329e-01
1.368548125028610229e-01
6.153462827205657959e-02
3.482034206390380859e-01
3.524048253893852234e-02
9.011518955230712891e-02
2.238670289516448975e-01
1.053531691431999207e-01
1.035215705633163452e-01
1.518810242414474487e-01
1.644630134105682373e-01
1.160923987627029419e-01
1.107888370752334595e-01
1.438131928443908691e-01
1.690076440572738647e-01
3.460558503866195679e-02
6.833560764789581299e-02
2.639183402061462402e-01
2.829497307538986206e-02
1.043466702103614807e-01
1.523381173610687256e-01
9.812831133604049683e-02
6.016658246517181396e-02
1.302954107522964478e-01
8.402994275093078613e-02
1.367448270320892334e-01
7.577191293239593506e-02
1.222757995128631592e-01
3.611431121826171875e-01
6.811284460127353668e-03
2.815213799476623535e-01
8.224897831678390503e-02
1.566743701696395874e-01
1.139268875122070312e-01
3.972111940383911133e-01
1.161701884120702744e-02
3.368426859378814697e-01
4.536468535661697388e-02
2.513111233711242676e-01
5.226986482739448547e-02
7.257986068725585938e-02
1.679229736328125000e-01
7.714353501796722412e-02
3.400217890739440918e-01
3.387608379125595093e-02
4.743881523609161377e-02
2.660064697265625000e-01
9.461743384599685669e-02
1.228308677673339844e-01
1.750754415988922119e-01
5.985955148935317993e-02
1.032484620809555054e-01
3.847637772560119629e-01
7.176684215664863586e-03
2.395340502262115479e-01
8.515100181102752686e-02
4.011777043342590332e-01
1.342201419174671173e-02
4.999243617057800293e-01
5.238351877778768539e-03
8.761444091796875000e-01
1.224206760525703430e-02
6.693227291107177734e-01
4.680440202355384827e-02
3.962639570236206055e-01
9.052609652280807495e-02
1.178484112024307251e-01
3.420609831809997559e-01
4.789998754858970642e-02
6.101801991462707520e-01
2.310726046562194824e-02
1.838467121124267578e-01
2.509941458702087402e-01
1.446694135665893555e-01
2.289811372756958008e-01
1.667203307151794434e-01
1.646145284175872803e-01
3.327524065971374512e-01
2.215940691530704498e-02
1.394291520118713379e-01
3.640848994255065918e-01
4.094516485929489136e-02
1.896927058696746826e-01
1.368365883827209473e-01
1.045157313346862793e-01
1.784538626670837402e-01
9.208181500434875488e-02
8.627596497535705566e-02
1.411133706569671631e-01
1.433590054512023926e-01
1.516060233116149902e-01
6.761514395475387573e-02
2.643511295318603516e-01
7.409664243459701538e-02
7.406982779502868652e-02
1.638962626457214355e-01
9.667410701513290405e-02
1.231348365545272827e-01
2.854805588722229004e-01
3.888684138655662537e-02
2.769904732704162598e-01
6.242710351943969727e-02
8.106721192598342896e-02
1.636212021112442017e-01
1.170548498630523682e-01
1.144789457321166992e-01
1.289191544055938721e-01
6.956054270267486572e-02
1.022451370954513550e-01
1.193437278270721436e-01
2.197061479091644287e-01
3.907850012183189392e-02
1.020942330360412598e-01
1.772733032703399658e-01
9.796187281608581543e-02
1.388611942529678345e-01
1.076981201767921448e-01
5.952582135796546936e-02
1.887141913175582886e-01
7.625667750835418701e-02
1.954355239868164062e-01
4.285370185971260071e-02
4.623564481735229492e-01
5.609432235360145569e-03
5.361389368772506714e-02
4.498840868473052979e-01
1.156060583889484406e-02
5.867512822151184082e-01
3.092850791290402412e-03
7.026289701461791992e-01
3.306149691343307495e-02
1.387424021959304810e-01
1.573065966367721558e-01
2.998704314231872559e-01
6.296786665916442871e-02
3.220359086990356445e-01
6.147786229848861694e-02
4.513660669326782227e-01
4.819862544536590576e-02
1.021862924098968506e-01
2.331804633140563965e-01
8.562891185283660889e-02
1.148106753826141357e-01
1.673152893781661987e-01
4.420936852693557739e-02
2.092337310314178467e-01
1.538616865873336792e-01
6.189090758562088013e-02
2.694107890129089355e-01
9.434351325035095215e-02
7.291963696479797363e-02
1.623949706554412842e-01
9.973253309726715088e-02
7.834513485431671143e-02
4.688004851341247559e-01
5.052768159657716751e-03
7.571440935134887695e-02
3.957332968711853027e-01
1.967378146946430206e-02
1.036164313554763794e-01
2.095589041709899902e-01
6.021883338689804077e-02
6.257884204387664795e-02
1.354172080755233765e-01
2.623765468597412109e-01
4.447554796934127808e-02
5.370905622839927673e-02
2.114665508270263672e-01
1.060651317238807678e-01
5.718283727765083313e-02
3.157189190387725830e-01
3.410591185092926025e-02
9.479512274265289307e-02
2.387713640928268433e-01
8.737366646528244019e-02
7.413420081138610840e-02
2.837780714035034180e-01
4.251719266176223755e-02
1.164252236485481262e-01
1.187025010585784912e-01
1.180584281682968140e-01
4.351985082030296326e-02
1.215341985225677490e-01
1.710868179798126221e-01
3.778017312288284302e-02
1.524620503187179565e-01
7.484882324934005737e-02
1.310490667819976807e-01
8.401479572057723999e-02
1.301158368587493896e-01
2.018716037273406982e-01
3.338775038719177246e-02
1.838774830102920532e-01
8.238835632801055908e-02
9.181051701307296753e-02
2.136299908161163330e-01
2.752690762281417847e-02
3.596572875976562500e-01
1.494775526225566864e-02
2.192645370960235596e-01
8.732773363590240479e-02
1.135580614209175110e-01
1.286029517650604248e-01
1.457450836896896362e-01
3.617181628942489624e-02
8.950715512037277222e-02
2.212073653936386108e-01
5.271888524293899536e-02
1.035527884960174561e-01
1.527438163757324219e-01
9.191861748695373535e-02
8.735196292400360107e-02
5.624774470925331116e-02
2.950431108474731445e-01
4.679327830672264099e-02
4.249066486954689026e-02
1.699474751949310303e-01
9.165613353252410889e-02
7.420960068702697754e-02
8.277389407157897949e-02
8.169382810592651367e-02
8.570913970470428467e-02
1.819856166839599609e-01
3.927428647875785828e-02
4.272750914096832275e-01
6.612795405089855194e-03
5.936592817306518555e-01
5.995637737214565277e-03
5.978292822837829590e-01
3.442143648862838745e-02
6.919600963592529297e-01
1.849893853068351746e-02
1.557319462299346924e-01
4.361240267753601074e-01
3.518402948975563049e-02
3.165273666381835938e-01
7.197366654872894287e-02
3.435294628143310547e-01
1.055459007620811462e-01
2.255207598209381104e-01
6.412377953529357910e-02
1.772622615098953247e-01
1.182687729597091675e-01
1.379868388175964355e-01
1.767373979091644287e-01
5.229943990707397461e-02
1.493422687053680420e-01
1.625016778707504272e-01
7.745213806629180908e-02
1.444077789783477783e-01
1.132434159517288208e-01
8.616672456264495850e-02
1.101758182048797607e-01
3.027875125408172607e-01
3.274118900299072266e-02
1.079537272453308105e-01
4.439364075660705566e-01
1.282560080289840698e-02
4.283465147018432617e-01
5.871491506695747375e-02
8.080705255270004272e-02
2.590021789073944092e-01
5.026100575923919678e-02
1.280157566070556641e-01
6.358750909566879272e-02
1.052355915307998657e-01
3.088335096836090088e-01
2.345822378993034363e-02
5.792754888534545898e-01
7.617183029651641846e-03
4.811019599437713623e-01
1.483684331178665161e-01
1.387086808681488037e-01
2.087566852569580078e-01
2.555900067090988159e-02
2.881807982921600342e-01
5.785210058093070984e-02
8.303698897361755371e-02
2.632830142974853516e-01
7.522137463092803955e-02
2.225840687751770020e-01
5.711371079087257385e-02
1.416596174240112305e-01
1.649940758943557739e-01
4.235206171870231628e-02
1.767824143171310425e-01
1.726580560207366943e-01
5.167780816555023193e-02
5.725335329771041870e-02
6.245327591896057129e-01
4.329996649175882339e-03
7.638739347457885742e-01
2.001816406846046448e-03
5.325808525085449219e-01
3.325144946575164795e-02
7.279250621795654297e-01
4.746362566947937012e-02
7.314480096101760864e-02
3.570654988288879395e-01
9.078314900398254395e-02
2.162426114082336426e-01
8.939635753631591797e-02
4.930312335491180420e-01
2.766906470060348511e-02
3.421581089496612549e-01
5.246295407414436340e-02
7.243817299604415894e-02
1.671520173549652100e-01
2.881543636322021484e-01
6.065737456083297729e-02
3.319594264030456543e-01
1.158183515071868896e-01
4.295437037944793701e-01
2.332976087927818298e-02
1.068058386445045471e-01
2.864243388175964355e-01
9.466062486171722412e-02
3.907718881964683533e-02
5.139826536178588867e-01
6.349441595375537872e-03
2.398048639297485352e-01
3.051523268222808838e-01
4.058678820729255676e-02
1.550854593515396118e-01
2.212556600570678711e-01
4.517617076635360718e-02
1.441429108381271362e-01
3.224661946296691895e-01
3.910113126039505005e-02
1.723176091909408569e-01
1.690851747989654541e-01
7.847517728805541992e-02
2.589361965656280518e-01
7.278063893318176270e-02
1.026911363005638123e-01
6.395147740840911865e-02
2.379722148180007935e-01
5.042237043380737305e-02
3.397691994905471802e-02
2.280557453632354736e-01
5.936946719884872437e-02
5.546899884939193726e-02
1.648097634315490723e-01
1.348267793655395508e-01
5.010224878787994385e-02
1.743094623088836670e-01
9.249752014875411987e-02
4.538950324058532715e-02
1.652625203132629395e-01
1.527504622936248779e-01
1.533552110195159912e-01
1.046078652143478394e-01
9.638774394989013672e-02
1.090253740549087524e-01
1.660071611404418945e-01
2.781581692397594452e-02
1.758023798465728760e-01
9.490838646888732910e-02
1.087713390588760376e-01
1.298274993896484375e-01
1.225153356790542603e-01
1.162354573607444763e-01
5.273152887821197510e-02
2.811509668827056885e-01
3.153508901596069336e-02
2.655848264694213867e-01
6.586729735136032104e-02
8.830551803112030029e-02
1.263488680124282837e-01
1.381273120641708374e-01
1.175481155514717102e-01
6.643696874380111694e-02
1.524840891361236572e-01
9.656842797994613647e-02
1.176579892635345459e-01
1.030400544404983521e-01
7.189834117889404297e-02
7.310441136360168457e-02
7.711580395698547363e-02
1.971230655908584595e-01
3.068555332720279694e-02
1.137818321585655212e-01
3.387539088726043701e-02
7.938830554485321045e-02
2.136652469635009766e-01
3.619203343987464905e-02
5.008717626333236694e-02
8.380514383316040039e-02
1.908107399940490723e-01
4.640531167387962341e-02
1.432474553585052490e-01
1.902782618999481201e-01
4.534038156270980835e-02
2.000586092472076416e-01
8.540388941764831543e-02
8.455303311347961426e-02
2.498897910118103027e-01
1.299250125885009766e-02
1.440014839172363281e-01
1.533715128898620605e-01
4.045901820063591003e-02
1.282178610563278198e-01
1.279238611459732056e-01
6.259115040302276611e-02
4.399056360125541687e-02
3.285917043685913086e-01
5.357538908720016479e-02
1.787093579769134521e-01
1.473277062177658081e-01
6.303687393665313721e-02
1.393682062625885010e-01
5.173388123512268066e-02
4.372701048851013184e-02
2.220280021429061890e-01
2.676459960639476776e-02
4.948770701885223389e-01
1.669355854392051697e-02
1.558406054973602295e-01
1.579717844724655151e-01
3.908903151750564575e-02
2.610706984996795654e-01
2.599818818271160126e-02
1.605680584907531738e-01
6.632859259843826294e-02
8.469973504543304443e-02
1.085339486598968506e-01
5.404961481690406799e-02
2.627062797546386719e-01
3.120228834450244904e-02
7.014064490795135498e-02
1.427197605371475220e-01
1.083605289459228516e-01
1.420750319957733154e-01
2.298662811517715454e-02
2.945571541786193848e-01
2.930564433336257935e-02
1.209983900189399719e-01
6.058172136545181274e-02
9.820352494716644287e-02
1.852348744869232178e-01
6.245733425021171570e-02
7.747954130172729492e-02
1.263082027435302734e-01
8.438041806221008301e-02
1.168448477983474731e-01
1.246985569596290588e-01
1.872637122869491577e-01
3.336186707019805908e-02
4.683407023549079895e-02
2.589510679244995117e-01
4.469973593950271606e-02
1.345293819904327393e-01
7.063975930213928223e-02
1.329394280910491943e-01
6.278711557388305664e-02
1.128627881407737732e-01
1.616826355457305908e-01
3.730111196637153625e-02
9.097851067781448364e-02
4.786781966686248779e-02
2.092413604259490967e-01
4.776529222726821899e-02
2.132877707481384277e-02
3.126093745231628418e-01
6.449922174215316772e-02
1.889344155788421631e-01
8.370246738195419312e-02
3.767789155244827271e-02
1.420488953590393066e-01
1.132546663284301758e-01
8.483031392097473145e-02
7.304273545742034912e-02
3.181391060352325439e-01
5.343111604452133179e-02
1.283484138548374176e-02
1.353513300418853760e-01
1.157540380954742432e-01
7.223972678184509277e-02
1.488309800624847412e-01
3.862553834915161133e-02
3.365287184715270996e-01
2.115185186266899109e-02
2.698964253067970276e-02
2.894169092178344727e-01
4.158008471131324768e-02
1.484546065330505371e-01
5.324301123619079590e-02
2.280663400888442993e-01
3.899205476045608521e-02
1.824243515729904175e-01
5.219057947397232056e-02
9.433417022228240967e-02
4.503445327281951904e-02
7.291172444820404053e-02
3.132395148277282715e-01
1.306128036230802536e-02
2.099670916795730591e-01
3.057739883661270142e-02
2.419541776180267334e-01
6.761535257101058960e-02
3.986651450395584106e-02
1.689779162406921387e-01
9.137794375419616699e-02
7.743236422538757324e-02
1.792053282260894775e-01
1.552890520542860031e-02
3.886284530162811279e-01
2.074817195534706116e-02
2.401866465806961060e-01
4.607874527573585510e-02
4.403437376022338867e-01
1.291725784540176392e-03
8.786664605140686035e-01
8.750656852498650551e-04
9.576059579849243164e-01
5.925458855926990509e-03
9.608198404312133789e-01
2.898567728698253632e-02
7.533732652664184570e-01
1.675383001565933228e-01
5.678229928016662598e-01
2.118073701858520508e-01
5.510998964309692383e-01
2.845478653907775879e-01
4.748769998550415039e-01
5.687231943011283875e-02
8.411917090415954590e-01
3.836470842361450195e-02
4.633911848068237305e-01
8.630064129829406738e-02
3.954768478870391846e-01
1.360904872417449951e-01
3.017767667770385742e-01
2.614667415618896484e-01
1.418871879577636719e-01
1.882108300924301147e-01
1.351018846035003662e-01
3.906769156455993652e-01
3.564140200614929199e-02
2.402882575988769531e-01
2.228136807680130005e-01
6.868167966604232788e-02
3.095380365848541260e-01
1.123223528265953064e-01
3.019981980323791504e-01
1.128991544246673584e-01
1.411113739013671875e-01
5.117994919419288635e-02
2.520599067211151123e-01
1.267995536327362061e-01
1.747997254133224487e-01
8.640192449092864990e-02
3.064334392547607422e-01
5.375139415264129639e-02
1.420500874519348145e-01
9.694527089595794678e-02
2.095050364732742310e-01
3.862241655588150024e-02
2.957603633403778076e-01
3.733007982373237610e-02
1.438998878002166748e-01
1.373061686754226685e-01
1.158063858747482300e-01
8.037351816892623901e-02
3.499460220336914062e-01
4.716020077466964722e-02
2.349580526351928711e-01
1.053784862160682678e-01
6.750205159187316895e-02
3.288157582283020020e-01
4.029663652181625366e-02
2.630959153175354004e-01
5.604016035795211792e-02
1.397973746061325073e-01
8.162012696266174316e-02
2.669100165367126465e-01
4.895538091659545898e-02
1.438584923744201660e-01
1.803500354290008545e-01
3.826118633151054382e-02
2.459924221038818359e-01
6.560254096984863281e-02
6.951937079429626465e-02
2.538215517997741699e-01
4.652357101440429688e-02
3.543958812952041626e-02
2.373726665973663330e-01
1.036278903484344482e-01
7.696283608675003052e-02
5.143351107835769653e-02
8.544413000345230103e-02
1.710080206394195557e-01
1.918382048606872559e-01
5.424008890986442566e-02
7.225170731544494629e-02
1.511910855770111084e-01
7.835744321346282959e-02
8.232173323631286621e-02
7.683105766773223877e-02
2.167073786258697510e-01
7.348825782537460327e-02
5.962634831666946411e-02
1.367999315261840820e-01
1.179016232490539551e-01
1.213612556457519531e-01
1.283352971076965332e-01
5.677552521228790283e-02
1.947408765554428101e-01
6.018406152725219727e-02
1.129775494337081909e-01
1.123550087213516235e-01
2.593171000480651855e-01
2.859530784189701080e-02
1.414357125759124756e-01
1.370165646076202393e-01
8.997631072998046875e-02
7.551414519548416138e-02
5.318074673414230347e-02
1.736465990543365479e-01
4.299329593777656555e-02
4.986313581466674805e-01
3.426022129133343697e-03
7.077376842498779297e-01
7.341166026890277863e-03
6.954926252365112305e-01
3.717883676290512085e-02
8.340876698493957520e-01
2.823835797607898712e-02
3.505148291587829590e-01
2.035065144300460815e-01
2.377854883670806885e-01
2.378551065921783447e-01
1.748319566249847412e-01
3.788007795810699463e-01
6.907057762145996094e-02
3.440146446228027344e-01
2.620753049850463867e-01
2.412787638604640961e-02
5.092004537582397461e-01
1.661870814859867096e-02
1.167437434196472168e-01
2.363730221986770630e-01
1.177898347377777100e-01
2.580870389938354492e-01
7.095412909984588623e-02
3.208294212818145752e-01
2.522800117731094360e-02
1.284918189048767090e-01
2.771911025047302246e-01
1.175048947334289551e-01
1.215046420693397522e-01
2.060954421758651733e-01
6.600092351436614990e-02
1.134334057569503784e-01
2.486571371555328369e-01
6.866610050201416016e-02
1.379313468933105469e-01
3.959269523620605469e-01
2.991220448166131973e-03
2.930275797843933105e-01
1.087150275707244873e-01
2.141080796718597412e-01
1.245139017701148987e-01
9.025327861309051514e-02
1.728281825780868530e-01
3.602789938449859619e-01
1.165267359465360641e-02
3.159893155097961426e-01
5.404833331704139709e-02
1.386503428220748901e-01
1.765647530555725098e-01
6.018899381160736084e-02
1.489645540714263916e-01
1.350330114364624023e-01
1.440396606922149658e-01
1.096502244472503662e-01
2.349466234445571899e-01
4.670456051826477051e-02
8.261514455080032349e-02
1.986509263515472412e-01
4.225213453173637390e-02
2.244529277086257935e-01
3.946421295404434204e-02
1.267290115356445312e-01
1.273639500141143799e-01
1.484445333480834961e-01
4.447182267904281616e-02
1.765684187412261963e-01
1.107409521937370300e-01
7.874956727027893066e-02
1.147511005401611328e-01
1.150395572185516357e-01
1.162916868925094604e-01
4.164756089448928833e-02
3.820166587829589844e-01
7.868595421314239502e-03
7.022751867771148682e-02
1.968030035495758057e-01
5.543966218829154968e-02
2.095607221126556396e-01
1.541777849197387695e-01
9.150744229555130005e-02
7.326315343379974365e-02
1.611984074115753174e-01
7.040973752737045288e-02
1.684924513101577759e-01
7.217036187648773193e-02
7.358465343713760376e-02
1.484543383121490479e-01
4.287860170006752014e-02
3.174131512641906738e-01
3.505089879035949707e-02
7.609379291534423828e-02
3.351266980171203613e-01
4.502426087856292725e-02
7.163555920124053955e-02
2.081218659877777100e-01
6.420111656188964844e-02
1.230529844760894775e-01
2.195328772068023682e-01
2.213037014007568359e-02
2.133139967918395996e-01
6.958113610744476318e-02
2.099783420562744141e-01
1.566997319459915161e-01
5.524947494268417358e-02
3.269548714160919189e-01
2.546697482466697693e-02
9.094056487083435059e-02
2.187009453773498535e-01
3.517017513513565063e-02
1.565795540809631348e-01
4.968156293034553528e-02
1.057087108492851257e-01
2.172451764345169067e-01
4.574964195489883423e-02
2.519915401935577393e-01
5.075573176145553589e-02
5.932731181383132935e-02
6.668451428413391113e-02
1.329123973846435547e-01
9.355144947767257690e-02
1.050626412034034729e-01
1.878459751605987549e-01
3.714690729975700378e-02
1.162961125373840332e-01
1.376149952411651611e-01
4.640971124172210693e-02
3.063481748104095459e-01
1.847723312675952911e-02
2.366274893283843994e-01
9.665444493293762207e-02
2.290727794170379639e-01
2.314030937850475311e-02
3.759554326534271240e-01
3.124127909541130066e-02
4.299071431159973145e-01
1.650608703494071960e-02
2.147400081157684326e-01
5.532201752066612244e-02
1.804278939962387085e-01
1.166909933090209961e-01
8.549818396568298340e-02
3.442262411117553711e-01
1.647088676691055298e-02
3.912358283996582031e-01
3.551654517650604248e-02
3.937887549400329590e-01
6.590303964912891388e-03
2.913829684257507324e-01
1.084331572055816650e-01
1.513845324516296387e-01
1.148091703653335571e-01
7.544460892677307129e-02
1.430773735046386719e-01
9.162271022796630859e-02
1.209830939769744873e-01
9.831108152866363525e-02
1.664757877588272095e-01
7.359901070594787598e-02
4.977990314364433289e-02
1.904408335685729980e-01
7.256540656089782715e-02
1.654781252145767212e-01
1.073932051658630371e-01
7.442254573106765747e-02
4.827556759119033813e-02
1.356188058853149414e-01
1.177023723721504211e-01
7.121376693248748779e-02
1.497634053230285645e-01
4.539690911769866943e-02
1.323430240154266357e-01
8.311152458190917969e-02
5.269652605056762695e-02
3.920670151710510254e-01
1.114406250417232513e-02
3.784605264663696289e-01
8.086064830422401428e-03
1.062347665429115295e-01
4.608616828918457031e-01
2.741766627877950668e-03
7.818820476531982422e-01
4.233901388943195343e-03
8.052821755409240723e-01
2.999178692698478699e-02
5.947739481925964355e-01
6.497243791818618774e-02
1.562073081731796265e-01
4.686897397041320801e-01
8.700641989707946777e-02
5.728416442871093750e-01
7.382044941186904907e-02
1.186986565589904785e-01
3.878368437290191650e-01
8.960931003093719482e-02
4.938345551490783691e-01
6.425199657678604126e-02
4.702011868357658386e-02
1.778970956802368164e-01
1.804412007331848145e-01
1.043487191200256348e-01
2.145035564899444580e-01
2.156010419130325317e-01
5.401902645826339722e-02
2.976141571998596191e-01
6.255723536014556885e-02
1.133581548929214478e-01
1.312879174947738647e-01
6.402336061000823975e-02
8.729425072669982910e-02
1.998896896839141846e-01
1.142191812396049500e-01
1.233564615249633789e-01
2.262974977493286133e-01
4.883905500173568726e-02
9.624254703521728516e-02
1.551136374473571777e-01
8.981861174106597900e-02
9.676954150199890137e-02
1.425890177488327026e-01
7.013919949531555176e-02
1.309219300746917725e-01
5.715161561965942383e-02
3.379892110824584961e-01
1.361951977014541626e-02
1.288798153400421143e-01
1.046200916171073914e-01
5.613239854574203491e-02
3.178912103176116943e-01
2.249578386545181274e-02
3.863455057144165039e-01
9.476469829678535461e-03
3.896331787109375000e-01
4.502487927675247192e-02
6.132348254323005676e-02
3.848980069160461426e-01
2.056866325438022614e-02
1.175732761621475220e-01
1.781445741653442383e-01
1.113868057727813721e-01
1.783820986747741699e-01
2.169224023818969727e-01
3.716740384697914124e-02
1.932227909564971924e-01
7.530299574136734009e-02
2.310952246189117432e-01
4.297787696123123169e-02
1.944927573204040527e-01
8.696167171001434326e-02
9.047168493270874023e-02
1.226706504821777344e-01
9.784672409296035767e-02
7.514427602291107178e-02
1.529601514339447021e-01
4.623822867870330811e-02
1.778868436813354492e-01
5.642015114426612854e-02
6.615868955850601196e-02
3.099201917648315430e-01
3.953827917575836182e-02
1.136035174131393433e-01
8.418988436460494995e-02
1.850923001766204834e-01
6.144988536834716797e-02
1.958500742912292480e-01
7.057078182697296143e-02
7.500685751438140869e-02
6.792500615119934082e-02
7.584606111049652100e-02
8.356992900371551514e-02
4.412323981523513794e-02
6.706520318984985352e-01
5.817385390400886536e-03
3.300616145133972168e-01
1.102710962295532227e-01
9.217470884323120117e-02
3.340101540088653564e-01
2.912869304418563843e-02
3.961169719696044922e-01
4.386945813894271851e-02
6.062695011496543884e-02
1.860404908657073975e-01
2.358469963073730469e-01
2.531030774116516113e-02
4.287709891796112061e-01
2.564293332397937775e-02
7.447640895843505859e-01
3.588329069316387177e-03
6.960077285766601562e-01
2.090319525450468063e-03
9.275960326194763184e-01
6.109747104346752167e-03
7.546675205230712891e-01
1.401709951460361481e-02
8.578089475631713867e-01
5.174805968999862671e-02
4.688553810119628906e-01
1.233998388051986694e-01
5.624822378158569336e-01
9.214212745428085327e-02
2.680892348289489746e-01
2.552942633628845215e-01
2.104363143444061279e-01
2.188578546047210693e-01
9.989146143198013306e-02
2.778361439704895020e-01
9.999430924654006958e-02
2.948391139507293701e-01
9.584771096706390381e-02
1.834945678710937500e-01
2.070029228925704956e-01
1.748368293046951294e-01
1.987702995538711548e-01
1.666484773159027100e-01
1.393300890922546387e-01
1.129396706819534302e-01
1.015987247228622437e-01
1.287423968315124512e-01
2.059277296066284180e-01
1.276790350675582886e-01
1.551181524991989136e-01
1.181223094463348389e-01
1.197131648659706116e-01
2.395574003458023071e-01
1.093430444598197937e-01
1.868455410003662109e-01
4.471242055296897888e-02
1.437925398349761963e-01
1.647993624210357666e-01
8.328382670879364014e-02
2.485781610012054443e-01
7.796096801757812500e-02
4.672104120254516602e-02
1.252589821815490723e-01
1.292517334222793579e-01
8.122721314430236816e-02
1.726677119731903076e-01
9.731176495552062988e-02
8.811227977275848389e-02
1.990116834640502930e-01
6.502440571784973145e-02
1.337105333805084229e-01
1.287339776754379272e-01
1.111061424016952515e-01
9.302965551614761353e-02
6.228234618902206421e-02
1.519843637943267822e-01
2.007378935813903809e-01
3.764476627111434937e-02
2.606132030487060547e-01
4.388344287872314453e-02
1.449891924858093262e-01
6.688958406448364258e-02
6.248378008604049683e-02
1.078114062547683716e-01
1.205398216843605042e-01
1.502465903759002686e-01
6.185706704854965210e-02
4.455385208129882812e-01
1.100339740514755249e-02
1.276223361492156982e-01
3.085159659385681152e-01
9.323303587734699249e-03
6.709764003753662109e-01
6.953708361834287643e-04
6.774303913116455078e-01
1.045882236212491989e-02
5.428137779235839844e-01
2.438209652900695801e-01
1.833175718784332275e-01
5.363899469375610352e-01
3.373924195766448975e-01
1.727816760540008545e-01
3.807150721549987793e-01
1.164031028747558594e-01
3.958853483200073242e-01
5.151944234967231750e-02
5.106105208396911621e-01
9.927655756473541260e-02
2.011834233999252319e-01
2.207559645175933838e-01
1.866954267024993896e-01
2.885789275169372559e-01
3.307663276791572571e-02
1.334142684936523438e-01
2.260041236877441406e-01
1.646408140659332275e-01
6.255711615085601807e-02
2.834385037422180176e-01
8.146943151950836182e-02
3.736219406127929688e-01
5.684170126914978027e-02
2.908021807670593262e-01
8.087878674268722534e-02
1.700034290552139282e-01
1.108556017279624939e-01
2.724248170852661133e-01
8.354526758193969727e-02
1.006072014570236206e-01
2.335539162158966064e-01
9.600894153118133545e-02
7.892296463251113892e-02
1.123056858777999878e-01
3.403077125549316406e-01
1.001730374991893768e-02
2.966001629829406738e-01
9.846268594264984131e-02
5.294267460703849792e-02
1.554501354694366455e-01
1.899046599864959717e-01
6.494977325201034546e-02
2.485596984624862671e-01
6.858121603727340698e-02
2.575605511665344238e-01
4.581490904092788696e-02
3.266852200031280518e-01
3.473744541406631470e-02
4.750083386898040771e-01
4.746467340737581253e-03
3.404648900032043457e-01
4.448926076292991638e-02
2.663360536098480225e-01
1.265453547239303589e-01
2.472335100173950195e-01
1.533443927764892578e-01
2.507153525948524475e-02
3.495390415191650391e-01
3.849640488624572754e-02
1.178032457828521729e-01
1.483485102653503418e-01
6.347736716270446777e-02
9.273779392242431641e-02
3.311796486377716064e-01
4.388994351029396057e-02
9.233410656452178955e-02
2.411412447690963745e-01
3.902645409107208252e-02
1.224658787250518799e-01
1.027709543704986572e-01
1.876968443393707275e-01
6.070919334888458252e-02
1.043707281351089478e-01
1.144033595919609070e-01
8.347848057746887207e-02
9.740929305553436279e-02
2.360685169696807861e-01
5.001161247491836548e-02
7.869973778724670410e-02
1.360878944396972656e-01
1.429221034049987793e-01
5.851233005523681641e-02
6.421477347612380981e-02
3.050906062126159668e-01
2.550201117992401123e-02
9.353420883417129517e-02
8.023399114608764648e-02
8.434335887432098389e-02
1.758423745632171631e-01
8.529133349657058716e-02
5.693569406867027283e-02
7.730031013488769531e-02
2.077618539333343506e-01
4.891715943813323975e-02
8.658076822757720947e-02
1.480894237756729126e-01
1.101472899317741394e-01
8.555121719837188721e-02
1.042846888303756714e-01
1.249796301126480103e-01
4.428524523973464966e-02
1.202038079500198364e-01
1.539156436920166016e-01
4.241523146629333496e-02
1.546028852462768555e-01
1.007977351546287537e-01
1.134489253163337708e-01
1.384626179933547974e-01
3.735119104385375977e-02
7.144415378570556641e-02
1.562654525041580200e-01
5.435244739055633545e-02
1.484818160533905029e-01
8.584810048341751099e-02
3.888262435793876648e-02
1.400743573904037476e-01
6.263680011034011841e-02
1.050605475902557373e-01
1.495940983295440674e-01
2.836940065026283264e-02
1.475852131843566895e-01
6.087919697165489197e-02
7.658954709768295288e-02
1.113594919443130493e-01
9.116046130657196045e-02
1.459621638059616089e-02
8.741662651300430298e-02
1.840554773807525635e-01
6.526403874158859253e-02
1.346013844013214111e-01
1.364121437072753906e-01
3.153292089700698853e-02
3.641241490840911865e-01
3.105514869093894958e-02
1.792792975902557373e-02
2.605590820312500000e-01
4.889103025197982788e-02
4.047095030546188354e-02
2.133906930685043335e-01
5.939783155918121338e-02
4.505435377359390259e-02
1.959553062915802002e-01
1.023782715201377869e-01
2.811203896999359131e-02
1.584550887346267700e-01
1.058763563632965088e-01
7.155099511146545410e-02
1.205764412879943848e-01
5.602909624576568604e-02
1.153827682137489319e-01
6.367149949073791504e-02
1.276901662349700928e-01
1.039861738681793213e-01
2.908026799559593201e-02
3.021901249885559082e-01
4.179476946592330933e-02
4.634943231940269470e-02
1.902615129947662354e-01
8.843968063592910767e-02
4.563736915588378906e-02
1.339527368545532227e-01
1.043757647275924683e-01
5.352883040904998779e-02
9.510203450918197632e-02
9.626071155071258545e-02
1.169576495885848999e-01
1.056892722845077515e-01
2.736217528581619263e-02
9.719228744506835938e-02
1.235042437911033630e-01
5.795989930629730225e-02
1.190506294369697571e-01
1.070813164114952087e-01
8.366921544075012207e-02
8.353581279516220093e-02
8.361909538507461548e-02
4.637568071484565735e-02
1.231338232755661011e-01
5.134529620409011841e-02
1.104821860790252686e-01
8.971670269966125488e-02
1.199152618646621704e-01
7.193605601787567139e-02
2.892961725592613220e-02
5.481149256229400635e-02
1.445349454879760742e-01
2.995140105485916138e-02
3.107408881187438965e-01
1.161352079361677170e-02
1.592135727405548096e-01
9.766121208667755127e-02
8.654639869928359985e-02
7.826399803161621094e-02
1.072466000914573669e-01
6.037744879722595215e-02
7.623699307441711426e-02
5.745855346322059631e-02
9.660208970308303833e-02
6.028415635228157043e-02
5.859822779893875122e-02
1.060755029320716858e-01
8.040873706340789795e-02
1.083255633711814880e-01
6.823780387639999390e-02
9.694287180900573730e-02
9.858332574367523193e-02
7.809846103191375732e-02
1.102250963449478149e-01
7.107474654912948608e-02
1.725128889083862305e-01
4.407617077231407166e-02
2.735238075256347656e-01
3.050652146339416504e-02
1.563781797885894775e-01
6.927552074193954468e-02
4.801428318023681641e-02
1.271064281463623047e-01
7.419654726982116699e-02
1.198203563690185547e-01
5.074257403612136841e-02
1.052018553018569946e-01
1.277192980051040649e-01
6.713020801544189453e-02
3.850291669368743896e-02
1.152321994304656982e-01
5.209650099277496338e-02
8.473713696002960205e-02
1.011944934725761414e-01
7.835662364959716797e-02
1.278048753738403320e-01
6.940490752458572388e-02
5.865513160824775696e-02
6.382862329483032227e-01
2.241570502519607544e-03
8.821862936019897461e-01
7.483130902983248234e-04
7.521006464958190918e-01
1.709768548607826233e-02
8.595752120018005371e-01
4.878696799278259277e-02
2.835698127746582031e-01
3.359191417694091797e-01
1.542116999626159668e-01
3.550350069999694824e-01
4.586974382400512695e-01
2.978745102882385254e-02
5.553998351097106934e-01
6.514064967632293701e-02
3.260592222213745117e-01
1.537257283926010132e-01
3.691986203193664551e-01
6.696016341447830200e-02
2.885676026344299316e-01
1.778770983219146729e-01
7.064302265644073486e-02
4.709696769714355469e-01
1.673880033195018768e-02
5.213899612426757812e-01
3.135838359594345093e-02
3.680294752120971680e-01
4.838579520583152771e-02
5.887045860290527344e-01
3.508792724460363388e-03
4.849006533622741699e-01
8.245979249477386475e-02
3.613492548465728760e-01
5.607638508081436157e-02
1.243728250265121460e-01
2.387214601039886475e-01
1.872373819351196289e-01
1.061819195747375488e-01
4.490956366062164307e-01
1.924670487642288208e-02
4.603115469217300415e-02
3.166347146034240723e-01
8.848588168621063232e-02
7.465586066246032715e-02
4.646856188774108887e-01
9.398234076797962189e-03
3.054629564285278320e-01
1.368513703346252441e-01
1.889886856079101562e-01
3.371601104736328125e-01
5.038138851523399353e-02
2.283836901187896729e-01
8.789624273777008057e-02
1.839695572853088379e-01
1.117284372448921204e-01
1.101340353488922119e-01
1.252148151397705078e-01
1.571667194366455078e-01
5.744551494717597961e-02
1.812854409217834473e-01
6.898266077041625977e-02
8.096565306186676025e-02
1.695114374160766602e-01
7.087621092796325684e-02
9.409584105014801025e-02
2.664313316345214844e-01
3.180537000298500061e-02
1.209730654954910278e-01
1.040683090686798096e-01
1.611463129520416260e-01
6.451242417097091675e-02
1.288996338844299316e-01
1.423293203115463257e-01
1.381600946187973022e-01
6.013469025492668152e-02
5.609253048896789551e-02
1.079796403646469116e-01
1.089483499526977539e-01
1.160117536783218384e-01
2.118774652481079102e-01
4.902027547359466553e-02
8.155599981546401978e-02
9.743791818618774414e-02
1.168819963932037354e-01
1.098719984292984009e-01
7.076106965541839600e-02
1.023860424757003784e-01
1.721232384443283081e-01
5.128354579210281372e-02
5.163615942001342773e-02
1.066523194313049316e-01
2.091682404279708862e-01
3.135248273611068726e-02
3.187343478202819824e-01
1.930719800293445587e-02
1.420044004917144775e-01
1.213845014572143555e-01
7.270385324954986572e-02
1.528751552104949951e-01
5.032040923833847046e-02
9.842141717672348022e-02
2.074139416217803955e-01
2.838056720793247223e-02
1.088883727788925171e-01
7.594472169876098633e-02
1.405135691165924072e-01
7.109000533819198608e-02
8.173076808452606201e-02
1.020311564207077026e-01
1.177608519792556763e-01
7.426135241985321045e-02
1.654316782951354980e-01
6.443775445222854614e-02
1.568234264850616455e-01
7.808342576026916504e-02
4.927552491426467896e-02
9.534318745136260986e-02
1.931007802486419678e-01
3.054903075098991394e-02
1.165862530469894409e-01
1.301110982894897461e-01
6.250617653131484985e-02
4.314407706260681152e-02
1.054416000843048096e-01
9.318366646766662598e-02
1.550000607967376709e-01
4.527980089187622070e-02
1.123656034469604492e-01
5.185734853148460388e-02
2.287790328264236450e-01
2.371204271912574768e-02
3.607364296913146973e-01
2.430784143507480621e-02
6.752122938632965088e-02
2.300560176372528076e-01
4.696309566497802734e-02
4.815090820193290710e-02
1.163344904780387878e-01
1.035561338067054749e-01
1.110981032252311707e-01
9.352038800716400146e-02
6.305587291717529297e-02
1.812381297349929810e-01
2.462946437299251556e-02
2.994976639747619629e-01
1.412492711097002029e-02
1.538498401641845703e-01
8.386762440204620361e-02
7.176879793405532837e-02
6.933939456939697266e-02
2.320634722709655762e-01
2.132817357778549194e-02
3.600136637687683105e-01
1.087383367121219635e-02
1.710287034511566162e-01
1.160101592540740967e-01
3.843988478183746338e-02
2.378350347280502319e-01
4.288313165307044983e-02
7.227063179016113281e-02
1.037033796310424805e-01
9.231957048177719116e-02
5.780755728483200073e-02
1.623398959636688232e-01
4.113703966140747070e-02
7.546381652355194092e-02
2.287701666355133057e-01
2.638902515172958374e-02
8.512848615646362305e-02
2.183436602354049683e-01
2.740772068500518799e-02
7.790993899106979370e-02
3.539088070392608643e-01
1.047722250223159790e-02
1.716169714927673340e-02
6.843320131301879883e-01
2.634508768096566200e-03
9.571529626846313477e-01
1.840946637094020844e-02
7.707439661026000977e-01
3.984663635492324829e-03
8.855708837509155273e-01
3.682056069374084473e-02
8.271620273590087891e-01
2.713045291602611542e-02
7.591477632522583008e-01
5.237110704183578491e-02
8.466015458106994629e-01
6.172987446188926697e-02
4.535167217254638672e-01
2.683437466621398926e-01
3.317923843860626221e-01
1.348241269588470459e-01
5.171755552291870117e-01
1.368169933557510376e-01
3.725603520870208740e-01
1.425030827522277832e-01
1.105472147464752197e-01
1.775268316268920898e-01
2.206260561943054199e-01
2.476067245006561279e-01
1.071108579635620117e-01
2.875597178936004639e-01
1.132929027080535889e-01
1.156349107623100281e-01
2.090577185153961182e-01
1.417353302240371704e-01
1.420243680477142334e-01
2.347098588943481445e-01
2.783881500363349915e-02
6.166181564331054688e-01
5.957502871751785278e-03
3.434992432594299316e-01
6.989344954490661621e-02
7.460107654333114624e-02
4.404207170009613037e-01
6.922544538974761963e-02
2.736358940601348877e-01
7.554372400045394897e-02
4.751340299844741821e-02
2.236999273300170898e-01
2.478079348802566528e-01
1.657550930976867676e-01
7.841387391090393066e-02
3.254812061786651611e-01
3.324732929468154907e-02
2.955003678798675537e-01
1.111385673284530640e-01
2.582732737064361572e-01
2.763537131249904633e-02
1.950697600841522217e-01
1.859157979488372803e-01
1.508891582489013672e-02
5.928044915199279785e-01
1.160476170480251312e-02
5.271232128143310547e-01
1.465697400271892548e-02
6.717959046363830566e-01
4.209893569350242615e-02
3.491255342960357666e-01
9.622368961572647095e-02
1.737516820430755615e-01
1.805844902992248535e-01
1.610329002141952515e-01
1.110045760869979858e-01
2.831177711486816406e-01
9.350197762250900269e-02
1.305160671472549438e-01
1.095046103000640869e-01
1.696378886699676514e-01
8.659185469150543213e-02
1.528910994529724121e-01
1.368952244520187378e-01
4.326933622360229492e-02
1.817304193973541260e-01
2.130703330039978027e-01
6.208053231239318848e-02
1.567056328058242798e-01
1.229559853672981262e-01
6.950972974300384521e-02
1.111556887626647949e-01
1.463451087474822998e-01
2.233417630195617676e-01
2.945800498127937317e-02
2.228060960769653320e-01
1.363489627838134766e-01
6.114110723137855530e-02
1.662782430648803711e-01
8.307344466447830200e-02
1.877439022064208984e-01
3.254066407680511475e-02
1.734315156936645508e-01
7.840920239686965942e-02
1.316408962011337280e-01
6.436771154403686523e-02
3.846424072980880737e-02
8.706212788820266724e-02
3.907109200954437256e-01
1.903866603970527649e-02
3.894059956073760986e-01
9.085077792406082153e-03
8.633985519409179688e-01
6.171933840960264206e-03
6.703910231590270996e-01
4.833779484033584595e-02
3.310847282409667969e-01
2.375537902116775513e-01
1.582063138484954834e-01
4.338837862014770508e-01
1.024351343512535095e-01
5.637919902801513672e-01
2.933646366000175476e-02
3.412311375141143799e-01
1.456659734249114990e-01
1.283586472272872925e-01
4.264326393604278564e-01
2.890025451779365540e-02
3.305453956127166748e-01
1.148517951369285583e-01
6.894652545452117920e-02
9.380868077278137207e-02
1.443512737751007080e-01
1.617650985717773438e-01
7.271660119295120239e-02
1.539279073476791382e-01
2.753857970237731934e-01
8.853702992200851440e-02
2.003864645957946777e-01
1.220923811197280884e-01
1.185746490955352783e-01
2.425493299961090088e-01
8.603320270776748657e-02
4.429914802312850952e-02
4.181779623031616211e-01
3.437066823244094849e-02
8.204706013202667236e-02
1.312149912118911743e-01
3.265323340892791748e-01
4.663966596126556396e-02
7.864925265312194824e-02
1.216242611408233643e-01
9.106995165348052979e-02
1.161029785871505737e-01
3.629159629344940186e-01
2.585574239492416382e-02
2.290751636028289795e-01
1.385675668716430664e-01
7.443407177925109863e-02
8.356857299804687500e-02
1.968095600605010986e-01
8.706895262002944946e-02
6.792268157005310059e-02
3.286992311477661133e-01
3.768770024180412292e-02
1.058984398841857910e-01
1.718714535236358643e-01
7.024592161178588867e-02
7.071673125028610229e-02
6.112163513898849487e-02
2.886189520359039307e-01
1.488765235990285873e-02
2.271051555871963501e-01
6.558723747730255127e-02
7.989785820245742798e-02
2.364723980426788330e-01
3.636788576841354370e-02
2.356310002505779266e-02
4.159639775753021240e-01
5.141285434365272522e-02
1.018698513507843018e-01
1.886767297983169556e-01
4.405446723103523254e-02
5.927228182554244995e-02
1.426317393779754639e-01
7.079507410526275635e-02
9.355296194553375244e-02
6.665873527526855469e-02
7.295376062393188477e-02
1.403324007987976074e-01
8.179614692926406860e-02
1.239736527204513550e-01
3.185485601425170898e-01
2.137575671076774597e-02
2.489317953586578369e-01
8.238051831722259521e-02
7.510010153055191040e-02
6.794606149196624756e-02
1.753645241260528564e-01
5.620409548282623291e-02
1.049422621726989746e-01
8.706988394260406494e-02
1.042628958821296692e-01
1.203725114464759827e-01
8.891412615776062012e-02
1.019342094659805298e-01
1.556715369224548340e-01
5.017245560884475708e-02
1.249205321073532104e-01
1.387414783239364624e-01
7.780258357524871826e-02
5.785731971263885498e-02
2.537534832954406738e-01
5.310498550534248352e-02
2.319693565368652344e-02
1.253853440284729004e-01
1.128246188163757324e-01
5.429025739431381226e-02
1.892053186893463135e-01
4.753290861845016479e-02
2.164749205112457275e-01
6.199660897254943848e-02
3.545187786221504211e-02
1.726717054843902588e-01
9.432645887136459351e-02
5.606365948915481567e-02
6.519575417041778564e-02
1.805745363235473633e-01
3.909203410148620605e-02
1.987790763378143311e-01
8.671295642852783203e-02
3.171538934111595154e-02
9.928067028522491455e-02
1.457756459712982178e-01
4.004848748445510864e-02
9.756860882043838501e-02
2.417097240686416626e-01
1.362697314471006393e-02
2.083931565284729004e-01
7.707515358924865723e-02
2.423666417598724365e-01
3.878359869122505188e-02
5.968532711267471313e-02
1.933529078960418701e-01
4.987341910600662231e-02
6.618593633174896240e-02
9.654913842678070068e-02
1.159090548753738403e-01
8.144874870777130127e-02
8.143816888332366943e-02
1.555320173501968384e-01
5.282434076070785522e-02
1.730147600173950195e-01
5.194820836186408997e-02
6.225928664207458496e-02
9.282478690147399902e-02
5.898145958781242371e-02
6.157225370407104492e-02
1.490936279296875000e-01
9.447184950113296509e-02
3.590810298919677734e-02
2.496762126684188843e-01
2.136345393955707550e-02
2.390561066567897797e-02
1.320760548114776611e-01
9.839810431003570557e-02
9.891823679208755493e-02
9.458729624748229980e-02
5.256934836506843567e-02
2.564991116523742676e-01
3.690560162067413330e-02
6.932125985622406006e-02
8.483468741178512573e-02
1.116289347410202026e-01
6.007661297917366028e-02
1.451769918203353882e-01
5.722441524267196655e-02
4.505704715847969055e-02
2.980713248252868652e-01
1.749447733163833618e-02
5.401397496461868286e-02
1.542321294546127319e-01
4.774168506264686584e-02
1.505679786205291748e-01
7.732720673084259033e-02
9.100523591041564941e-02
1.321489065885543823e-01
5.174532532691955566e-02
1.456478536128997803e-01
8.123136311769485474e-02
6.925749778747558594e-02
1.011231467127799988e-01
7.172378897666931152e-02
1.350477933883666992e-01
1.476655602455139160e-01
4.891485720872879028e-02
4.260214045643806458e-02
1.685894131660461426e-01
1.704684458673000336e-02
4.420201480388641357e-01
1.217339560389518738e-02
3.429960906505584717e-01
4.027027636766433716e-02
8.362402021884918213e-02
2.095347940921783447e-01
3.834614157676696777e-02
3.466809391975402832e-01
3.600816428661346436e-02
1.095212101936340332e-01
1.549440324306488037e-01
1.689588576555252075e-01
7.785698771476745605e-02
6.450653076171875000e-02
4.375191405415534973e-02
1.141412034630775452e-01
9.411855787038803101e-02
6.286362558603286743e-02
9.286572039127349854e-02
6.027812510728836060e-02
3.403541445732116699e-01
7.877970114350318909e-03
8.700896054506301880e-02
2.581364810466766357e-01
1.526548899710178375e-02
6.832813471555709839e-02
1.174882277846336365e-01
1.668980568647384644e-01
5.966675281524658203e-02
3.630106151103973389e-02
3.030757308006286621e-01
2.931175753474235535e-02
5.691353976726531982e-02
4.794606938958168030e-02
6.300492584705352783e-02
9.844344854354858398e-02
8.176163583993911743e-02
5.764598399400711060e-02
1.947876065969467163e-01
2.434316277503967285e-02
9.443569928407669067e-02
8.991487324237823486e-02
5.881876498460769653e-02
7.700372487306594849e-02
1.675164848566055298e-01
2.561818994581699371e-02
3.772210329771041870e-02
1.405551880598068237e-01
8.005058765411376953e-02
5.557543039321899414e-02
6.165029853582382202e-02
1.044409573078155518e-01
4.121797531843185425e-02
1.133715361356735229e-01
2.608565799891948700e-02
7.519833743572235107e-02
8.044721931219100952e-02
4.962073266506195068e-02
1.963549852371215820e-01
1.148488465696573257e-02
8.705052733421325684e-02
2.410373389720916748e-01
1.739378646016120911e-02
3.568455576896667480e-02
1.249678283929824829e-01
8.450148999691009521e-02
6.015516817569732666e-02
4.121520370244979858e-02
3.791960179805755615e-01
7.593705318868160248e-03
1.860802024602890015e-01
9.533357620239257812e-02
1.963094770908355713e-01
1.162497624754905701e-01
2.748113870620727539e-02
6.530283689498901367e-01
1.054215827025473118e-03
6.489855051040649414e-01
1.315961498767137527e-02
3.683766126632690430e-01
1.679783463478088379e-01
3.075041770935058594e-01
3.491364121437072754e-01
1.948888599872589111e-01
5.186181068420410156e-01
5.767914652824401855e-02
4.423008859157562256e-01
7.683318853378295898e-02
1.930974423885345459e-01
2.594629824161529541e-01
6.832453608512878418e-02
3.101317882537841797e-01
1.205194219946861267e-01
3.033422529697418213e-01
1.054027006030082703e-01
4.196100234985351562e-01
4.104372113943099976e-02
3.423376083374023438e-01
9.850177913904190063e-02
1.002453863620758057e-01
2.204834520816802979e-01
1.999056190252304077e-01
9.172467887401580811e-02
2.038656771183013916e-01
2.120730131864547729e-01
1.049613803625106812e-01
1.452205777168273926e-01
6.108907237648963928e-02
3.795445263385772705e-01
1.136010512709617615e-02
3.225197792053222656e-01
3.042431548237800598e-02
1.862484216690063477e-01
8.170043677091598511e-02
2.287837117910385132e-01
1.042057350277900696e-01
8.039851486682891846e-02
1.263704299926757812e-01
1.195351406931877136e-01
6.663689017295837402e-02
2.845107018947601318e-01
2.875940129160881042e-02
5.505645647644996643e-02
2.064477652311325073e-01
3.654786944389343262e-02
3.312103450298309326e-02
1.217631027102470398e-01
6.334210932254791260e-02
3.098242282867431641e-01
1.278949156403541565e-02
3.552277758717536926e-02
6.598476171493530273e-01
2.945260610431432724e-03
5.668474435806274414e-01
8.459746837615966797e-03
8.342897891998291016e-01
3.627344965934753418e-02
5.317270159721374512e-01
4.672231897711753845e-02
8.030878901481628418e-01
5.373208783566951752e-03
6.486240625381469727e-01
3.047407045960426331e-02
6.079271435737609863e-01
4.376778379082679749e-02
2.793239653110504150e-01
2.057596892118453979e-01
1.220835298299789429e-01
5.619593262672424316e-01
4.936876520514488220e-02
1.723041981458663940e-01
5.955796837806701660e-01
2.847455441951751709e-02
2.380524277687072754e-01
1.711371093988418579e-01
5.880519375205039978e-02
3.221399784088134766e-01
1.003405600786209106e-01
1.816839873790740967e-01
2.007618844509124756e-01
9.128992259502410889e-02
2.705825865268707275e-01
1.508739292621612549e-01
2.372662127017974854e-01
9.571149945259094238e-02
1.825203746557235718e-01
1.001939028501510620e-01
9.453989565372467041e-02
2.004209011793136597e-01
1.585140228271484375e-01
6.709472090005874634e-02
3.510913848876953125e-01
3.311417251825332642e-02
2.080639824271202087e-02
4.790318906307220459e-01
4.694558680057525635e-02
3.769518435001373291e-01
1.906872913241386414e-02
3.811410963535308838e-01
3.062499128282070160e-02
1.775294542312622070e-01
8.755943924188613892e-02
1.636675894260406494e-01
9.627546370029449463e-02
1.763572096824645996e-01
1.492103040218353271e-01
1.247889399528503418e-01
8.320523053407669067e-02
1.931257545948028564e-01
4.480983316898345947e-02
1.727306246757507324e-01
9.294536709785461426e-02
9.239109605550765991e-02
7.782968878746032715e-02
2.180256396532058716e-01
2.006318047642707825e-02
1.264590471982955933e-01
1.763071417808532715e-01
3.502862527966499329e-02
1.604675054550170898e-01
1.275664567947387695e-01
1.315364241600036621e-01
1.051921024918556213e-01
6.706425547599792480e-02
1.621019542217254639e-01
3.962163999676704407e-02
9.444318711757659912e-02
1.250878721475601196e-01
8.195997774600982666e-02
1.303676962852478027e-01
7.566520571708679199e-02
8.204681426286697388e-02
2.449651658535003662e-01
2.309972792863845825e-02
4.775894880294799805e-01
1.279341243207454681e-02
2.175185978412628174e-01
8.160778135061264038e-02
5.439798533916473389e-02
9.031821787357330322e-02
2.066896706819534302e-01
3.389763459563255310e-02
1.290797889232635498e-01
1.974956095218658447e-01
4.520924389362335205e-02
1.328586339950561523e-01
1.015415564179420471e-01
2.073327302932739258e-01
4.498403519392013550e-02
7.197587192058563232e-02
1.902660429477691650e-01
4.354963451623916626e-02
4.525356739759445190e-02
