Epoch,Train Accuracy,Validation Accuracy
1,0.30234444444444447,0.3438111111111111
2,0.3848111111111111,0.4138777777777778
3,0.4224111111111111,0.4260555555555556
4,0.4469,0.4554444444444445
5,0.46884444444444445,0.4739777777777778
6,0.4839111111111111,0.48765555555555556
7,0.49860000000000004,0.49572222222222223
8,0.5402,0.5323222222222223
9,0.5477888888888889,0.5381222222222223
10,0.5549888888888889,0.5394333333333333
