Epoch,Train Accuracy,Validation Accuracy
1,0.4745444444444445,0.5639666666666667
2,0.6160666666666667,0.6392
3,0.671,0.6887888888888889
4,0.7055444444444445,0.7058222222222222
5,0.7325333333333334,0.7192666666666667
6,0.7548444444444444,0.7212444444444445
7,0.7740777777777779,0.7249
8,0.8344666666666667,0.769688888888889
9,0.8510555555555556,0.7715111111111111
10,0.8630222222222222,0.7718777777777778
