2.115531563758850098e-01
9.204728603363037109e-01
8.782329559326171875e-01
7.096061706542968750e-01
6.775442361831665039e-01
6.563564538955688477e-01
7.479498386383056641e-01
7.090141773223876953e-01
6.746749281883239746e-01
7.680776119232177734e-01
7.610542774200439453e-01
8.225579261779785156e-01
7.915145754814147949e-01
8.272563219070434570e-01
7.553850412368774414e-01
8.657103776931762695e-01
7.954251766204833984e-01
8.426650166511535645e-01
7.729606032371520996e-01
8.472011089324951172e-01
7.796750068664550781e-01
8.487797975540161133e-01
7.611245512962341309e-01
8.433353900909423828e-01
9.329037666320800781e-01
7.281146049499511719e-01
8.291432261466979980e-01
8.838052749633789062e-01
9.185705780982971191e-01
7.162265181541442871e-01
8.001057505607604980e-01
8.891407847404479980e-01
9.382988214492797852e-01
8.371515870094299316e-01
8.268501162528991699e-01
9.364191889762878418e-01
8.324521183967590332e-01
8.546898365020751953e-01
8.939530849456787109e-01
9.582765698432922363e-01
8.014224767684936523e-01
8.134697675704956055e-01
9.050544500350952148e-01
9.129959940910339355e-01
9.351967573165893555e-01
7.874442338943481445e-01
7.984917163848876953e-01
9.229984879493713379e-01
9.370991587638854980e-01
9.646806120872497559e-01
8.496093750000000000e-01
8.641536235809326172e-01
8.598854541778564453e-01
9.528067708015441895e-01
9.431290030479431152e-01
8.905863761901855469e-01
8.706847429275512695e-01
8.684559464454650879e-01
9.287661314010620117e-01
6.770200729370117188e-01
7.896934747695922852e-01
9.388552904129028320e-01
9.552835226058959961e-01
7.153276205062866211e-01
7.663812637329101562e-01
9.474338293075561523e-01
9.282695651054382324e-01
7.466632723808288574e-01
8.265844583511352539e-01
8.987429738044738770e-01
9.322919845581054688e-01
8.149690628051757812e-01
8.150191307067871094e-01
7.445320487022399902e-01
9.375571012496948242e-01
2.016894966363906860e-01
9.474006295204162598e-01
5.529471039772033691e-01
9.190593957901000977e-01
9.252142906188964844e-01
6.225655078887939453e-01
8.146260380744934082e-01
7.994634509086608887e-01
7.535008788108825684e-01
7.670022249221801758e-01
7.612504959106445312e-01
8.266014456748962402e-01
6.725260615348815918e-01
8.703604936599731445e-01
3.040360212326049805e-01
9.202224016189575195e-01
6.231366991996765137e-01
7.584388852119445801e-01
7.555153369903564453e-01
8.636675477027893066e-01
6.761611104011535645e-01
7.794996500015258789e-01
5.397106409072875977e-01
8.640128374099731445e-01
7.076882123947143555e-01
8.747874498367309570e-01
5.894789099693298340e-01
9.049347043037414551e-01
3.946835696697235107e-01
8.170193433761596680e-01
8.575358390808105469e-01
4.909279942512512207e-01
8.732437491416931152e-01
5.943300724029541016e-01
7.170372009277343750e-01
7.148786783218383789e-01
6.171749234199523926e-01
8.304736614227294922e-01
7.873693704605102539e-01
7.801014184951782227e-01
7.292802929878234863e-01
7.943645119667053223e-01
6.125956177711486816e-01
8.768055438995361328e-01
5.099791884422302246e-01
8.251861333847045898e-01
8.846679925918579102e-01
5.242251157760620117e-01
8.149296641349792480e-01
7.273513078689575195e-01
8.303098678588867188e-01
7.728829383850097656e-01
7.835994362831115723e-01
8.092584013938903809e-01
6.135832071304321289e-01
8.331644535064697266e-01
5.338396430015563965e-01
8.214288949966430664e-01
8.976027369499206543e-01
7.199870347976684570e-01
7.789855599403381348e-01
8.647588491439819336e-01
7.241789102554321289e-01
7.992705702781677246e-01
8.230454921722412109e-01
8.227280974388122559e-01
8.435984849929809570e-01
7.598072290420532227e-01
8.336439728736877441e-01
7.723478078842163086e-01
8.560264110565185547e-01
6.824634671211242676e-01
8.418872356414794922e-01
8.569830656051635742e-01
8.217013478279113770e-01
8.742695450782775879e-01
7.623763084411621094e-01
8.884703516960144043e-01
8.356701731681823730e-01
9.005756378173828125e-01
7.832012772560119629e-01
8.919631838798522949e-01
8.638688325881958008e-01
8.932530879974365234e-01
8.556402325630187988e-01
8.401485681533813477e-01
9.211249351501464844e-01
8.339954614639282227e-01
9.158414602279663086e-01
9.222646951675415039e-01
9.041282534599304199e-01
8.836909532546997070e-01
9.489985704421997070e-01
5.666315555572509766e-01
9.435505867004394531e-01
6.812894940376281738e-01
8.166586756706237793e-01
9.701486825942993164e-01
9.040178060531616211e-01
8.607571125030517578e-01
8.539413809776306152e-01
7.595849633216857910e-01
8.384735584259033203e-01
5.481700301170349121e-01
9.478219747543334961e-01
5.810848474502563477e-01
7.562443614006042480e-01
9.492087960243225098e-01
9.776134490966796875e-01
9.089690446853637695e-01
8.106239438056945801e-01
8.872559070587158203e-01
7.480299472808837891e-01
8.976985216140747070e-01
9.425616264343261719e-01
6.652829647064208984e-01
8.419599533081054688e-01
9.136242866516113281e-01
9.748038053512573242e-01
9.068136215209960938e-01
8.020163774490356445e-01
9.012895226478576660e-01
8.110466003417968750e-01
8.804329633712768555e-01
8.847861289978027344e-01
9.136286973953247070e-01
8.992383480072021484e-01
9.000512361526489258e-01
8.541163206100463867e-01
8.799765706062316895e-01
8.842298984527587891e-01
8.689230084419250488e-01
9.298175573348999023e-01
9.009141921997070312e-01
9.435062408447265625e-01
8.176131844520568848e-01
8.609292507171630859e-01
7.488125562667846680e-01
9.199056029319763184e-01
9.120504260063171387e-01
6.484793424606323242e-01
8.426015377044677734e-01
9.147287607192993164e-01
9.309379458427429199e-01
8.995689153671264648e-01
7.880493402481079102e-01
9.722175598144531250e-01
9.253983497619628906e-01
9.258488416671752930e-01
9.019744992256164551e-01
9.158961772918701172e-01
8.133995532989501953e-01
9.149669408798217773e-01
9.084050655364990234e-01
7.956023216247558594e-01
9.119333624839782715e-01
8.133457899093627930e-01
7.979511618614196777e-01
7.874942421913146973e-01
6.239362955093383789e-01
8.888929486274719238e-01
7.463013529777526855e-01
7.430353760719299316e-01
8.663631677627563477e-01
7.856944799423217773e-01
7.741459608078002930e-01
8.747909069061279297e-01
5.864382386207580566e-01
8.982337117195129395e-01
4.485160112380981445e-01
8.976117372512817383e-01
6.423966884613037109e-01
8.451787233352661133e-01
5.787285566329956055e-01
7.905423641204833984e-01
4.408906102180480957e-01
8.463090658187866211e-01
7.295631170272827148e-01
7.050449848175048828e-01
7.458647489547729492e-01
7.288501858711242676e-01
7.641150355339050293e-01
7.001634240150451660e-01
7.379209995269775391e-01
7.162091732025146484e-01
8.147438168525695801e-01
6.222428083419799805e-01
8.537322282791137695e-01
6.391945481300354004e-01
8.331245183944702148e-01
6.075397133827209473e-01
8.198628425598144531e-01
6.916544437408447266e-01
7.997566461563110352e-01
7.454689741134643555e-01
8.318538665771484375e-01
6.537395715713500977e-01
6.304112672805786133e-01
7.545629739761352539e-01
5.056767463684082031e-01
8.930633664131164551e-01
5.422871112823486328e-01
8.061402440071105957e-01
8.016812801361083984e-01
7.141428589820861816e-01
7.955073118209838867e-01
6.180688738822937012e-01
8.590877056121826172e-01
5.774359703063964844e-01
8.683800101280212402e-01
7.532579302787780762e-01
7.276098132133483887e-01
8.321546316146850586e-01
5.581551790237426758e-01
8.940125703811645508e-01
6.089939475059509277e-01
8.268719911575317383e-01
7.901090383529663086e-01
7.364794611930847168e-01
7.902740836143493652e-01
7.497024536132812500e-01
7.771432399749755859e-01
7.201304435729980469e-01
7.811570167541503906e-01
5.468982458114624023e-01
8.930516242980957031e-01
5.971120595932006836e-01
7.724480032920837402e-01
8.422632217407226562e-01
6.838567256927490234e-01
8.035292625427246094e-01
6.654250025749206543e-01
8.870941400527954102e-01
3.908868432044982910e-01
8.993026018142700195e-01
5.502700805664062500e-01
7.982813715934753418e-01
6.888415813446044922e-01
8.538361787796020508e-01
7.497984170913696289e-01
7.674045562744140625e-01
7.188041210174560547e-01
8.688763976097106934e-01
3.670883178710937500e-01
8.795292377471923828e-01
7.455366849899291992e-01
7.372671365737915039e-01
6.414339542388916016e-01
8.200001120567321777e-01
7.112517952919006348e-01
7.338776588439941406e-01
8.837759494781494141e-01
7.728919982910156250e-01
8.312926292419433594e-01
7.190086841583251953e-01
7.465904951095581055e-01
3.843260407447814941e-01
9.455096721649169922e-01
6.003251671791076660e-01
8.711492419242858887e-01
9.280008077621459961e-01
7.030340433120727539e-01
8.185914754867553711e-01
9.038583040237426758e-01
4.960550069808959961e-01
8.699458241462707520e-01
8.258221149444580078e-01
9.122302532196044922e-01
4.762877523899078369e-01
9.322215914726257324e-01
8.349058032035827637e-01
6.767715215682983398e-01
8.228510618209838867e-01
2.713672220706939697e-01
9.405497312545776367e-01
6.333169937133789062e-01
6.949073672294616699e-01
6.826611757278442383e-01
7.191776037216186523e-01
3.780937790870666504e-01
8.630996346473693848e-01
7.213588356971740723e-01
7.720403671264648438e-01
8.705503940582275391e-01
9.174302816390991211e-01
8.246009945869445801e-01
8.964570760726928711e-01
8.545583486557006836e-01
7.646082639694213867e-01
8.683064579963684082e-01
7.378100156784057617e-01
8.167264461517333984e-01
5.222476720809936523e-01
8.325036168098449707e-01
6.682505011558532715e-01
9.478298425674438477e-01
1.286098957061767578e-01
7.553622722625732422e-01
9.700573682785034180e-01
5.331395268440246582e-01
8.320009708404541016e-01
7.462848424911499023e-01
8.058684468269348145e-01
7.429774999618530273e-01
7.194797992706298828e-01
7.690504789352416992e-01
4.977772533893585205e-01
7.840505242347717285e-01
5.626888275146484375e-01
7.499051690101623535e-01
8.820804953575134277e-01
7.073644995689392090e-01
6.185607910156250000e-01
8.211894035339355469e-01
8.588598370552062988e-01
4.979659616947174072e-01
8.864185214042663574e-01
6.835451722145080566e-01
9.087485074996948242e-01
5.113707780838012695e-01
7.977981567382812500e-01
8.638069033622741699e-01
7.921990156173706055e-01
8.389523625373840332e-01
9.058532118797302246e-01
7.578979730606079102e-01
7.502419948577880859e-01
5.678027868270874023e-01
7.147379517555236816e-01
4.021611809730529785e-01
8.031128048896789551e-01
8.334699869155883789e-01
6.801143884658813477e-01
7.592897415161132812e-01
7.686532735824584961e-01
7.452626824378967285e-01
8.787422180175781250e-01
8.370878696441650391e-01
7.598197460174560547e-01
7.337927818298339844e-01
7.354551553726196289e-01
7.916067242622375488e-01
8.599858283996582031e-01
7.180064916610717773e-01
9.133641719818115234e-01
6.522898674011230469e-01
8.246368765830993652e-01
4.334374368190765381e-01
9.259558916091918945e-01
5.476976633071899414e-01
8.813645839691162109e-01
5.642718076705932617e-01
8.167852759361267090e-01
8.028987646102905273e-01
7.949045300483703613e-01
7.883666157722473145e-01
7.354408502578735352e-01
8.388909101486206055e-01
5.732753276824951172e-01
9.313698410987854004e-01
9.372862577438354492e-01
8.084940910339355469e-01
7.821050286293029785e-01
7.980772256851196289e-01
7.624018192291259766e-01
8.819413185119628906e-01
8.341171741485595703e-01
8.520131111145019531e-01
7.732269167900085449e-01
8.735795617103576660e-01
7.719931602478027344e-01
8.074966669082641602e-01
8.001667857170104980e-01
8.249245285987854004e-01
7.118388414382934570e-01
9.111678600311279297e-01
5.286748409271240234e-01
8.887205123901367188e-01
7.655602097511291504e-01
8.672503232955932617e-01
7.580115795135498047e-01
8.591383695602416992e-01
7.350751161575317383e-01
8.588223457336425781e-01
7.360894680023193359e-01
9.051957130432128906e-01
4.352384209632873535e-01
9.315591454505920410e-01
3.824570178985595703e-01
8.785233497619628906e-01
9.243909716606140137e-01
5.955157279968261719e-01
8.941443562507629395e-01
8.493711948394775391e-01
7.554062604904174805e-01
8.130030632019042969e-01
7.970312833786010742e-01
7.155683040618896484e-01
9.221416711807250977e-01
6.020215153694152832e-01
8.865716457366943359e-01
7.008402347564697266e-01
8.634070158004760742e-01
6.707739830017089844e-01
9.013516902923583984e-01
7.181877493858337402e-01
8.793001174926757812e-01
7.841982841491699219e-01
7.407858371734619141e-01
8.190531134605407715e-01
1.840673089027404785e-01
9.289281964302062988e-01
8.393957018852233887e-01
8.211714625358581543e-01
8.044611215591430664e-01
7.432217001914978027e-01
7.359920740127563477e-01
8.354125022888183594e-01
8.467670679092407227e-01
7.604120969772338867e-01
9.096994400024414062e-01
8.168934583663940430e-01
7.643702030181884766e-01
8.280537128448486328e-01
7.228692770004272461e-01
9.008965492248535156e-01
6.984131932258605957e-01
8.940680027008056641e-01
6.646255254745483398e-01
7.665212750434875488e-01
7.880428433418273926e-01
7.741203308105468750e-01
7.016829252243041992e-01
8.786553144454956055e-01
3.968045115470886230e-01
9.466416239738464355e-01
8.226886987686157227e-01
8.030281066894531250e-01
9.068042039871215820e-01
4.959215223789215088e-01
8.685160875320434570e-01
5.552183389663696289e-01
7.746132016181945801e-01
7.348058223724365234e-01
8.445476293563842773e-01
9.052523374557495117e-01
5.596891045570373535e-01
8.432290554046630859e-01
6.894000768661499023e-01
8.824816942214965820e-01
9.035562872886657715e-01
8.580377101898193359e-01
7.501786947250366211e-01
8.459817767143249512e-01
2.195577621459960938e-01
8.733930587768554688e-01
7.763925790786743164e-01
7.603913545608520508e-01
8.578578233718872070e-01
7.453297376632690430e-01
8.797395229339599609e-01
7.088909149169921875e-01
8.579279184341430664e-01
7.734404206275939941e-01
8.397701382637023926e-01
7.680059671401977539e-01
6.247862577438354492e-01
8.588235974311828613e-01
4.651138186454772949e-01
7.992641329765319824e-01
9.301766157150268555e-01
5.549473762512207031e-01
8.663831949234008789e-01
8.416320681571960449e-01
8.013580441474914551e-01
8.230394124984741211e-01
5.092065930366516113e-01
9.198286533355712891e-01
5.980627536773681641e-01
7.872345447540283203e-01
9.505057930946350098e-01
6.395026445388793945e-01
8.099412322044372559e-01
8.256950974464416504e-01
7.589721083641052246e-01
8.397107124328613281e-01
8.219005465507507324e-01
8.354091644287109375e-01
8.056346178054809570e-01
7.404456138610839844e-01
7.486870288848876953e-01
7.148646116256713867e-01
8.870792388916015625e-01
8.176573514938354492e-01
7.660135626792907715e-01
7.393100857734680176e-01
8.990859985351562500e-01
5.022548437118530273e-01
8.352493047714233398e-01
9.494808912277221680e-01
4.151743650436401367e-01
7.791836261749267578e-01
9.328016042709350586e-01
6.287297010421752930e-01
8.229291439056396484e-01
8.850295543670654297e-01
4.522197246551513672e-01
9.024672508239746094e-01
8.762230873107910156e-01
6.194289922714233398e-01
7.175089120864868164e-01
5.880595445632934570e-01
7.727451324462890625e-01
7.404587864875793457e-01
7.641266584396362305e-01
8.267953991889953613e-01
8.483597040176391602e-01
7.489545941352844238e-01
8.211389780044555664e-01
6.055028438568115234e-01
8.872187733650207520e-01
7.019169926643371582e-01
8.203128576278686523e-01
8.819666504859924316e-01
6.033037900924682617e-01
7.886542081832885742e-01
7.577059268951416016e-01
8.302167654037475586e-01
7.778841257095336914e-01
7.562511563301086426e-01
8.501219749450683594e-01
7.430092096328735352e-01
8.544384241104125977e-01
8.320825099945068359e-01
8.419162631034851074e-01
8.532774448394775391e-01
7.698161005973815918e-01
9.084507822990417480e-01
6.597982048988342285e-01
8.907190561294555664e-01
7.527288198471069336e-01
8.322653770446777344e-01
8.385481834411621094e-01
6.312182545661926270e-01
8.000556230545043945e-01
7.509713172912597656e-01
7.942285537719726562e-01
7.267059087753295898e-01
7.898625135421752930e-01
5.720856189727783203e-01
8.659063577651977539e-01
1.573516726493835449e-01
9.674585461616516113e-01
6.626859903335571289e-01
8.941386938095092773e-01
8.468043804168701172e-01
6.489511728286743164e-01
8.647869825363159180e-01
6.238478422164916992e-01
8.984695672988891602e-01
7.692806720733642578e-01
7.973116040229797363e-01
8.051496148109436035e-01
8.163916468620300293e-01
7.509512901306152344e-01
8.239295482635498047e-01
5.789363384246826172e-01
8.635104894638061523e-01
7.323150634765625000e-01
8.110466003417968750e-01
8.614770770072937012e-01
8.821552991867065430e-01
6.762272119522094727e-01
9.211928844451904297e-01
7.306514978408813477e-01
7.048745155334472656e-01
9.100912809371948242e-01
5.619944334030151367e-01
8.461581468582153320e-01
9.031360745429992676e-01
6.569775938987731934e-01
8.885651826858520508e-01
7.216287255287170410e-01
8.900575637817382812e-01
7.575879096984863281e-01
7.540526390075683594e-01
8.015854954719543457e-01
7.819855213165283203e-01
8.311806917190551758e-01
7.134955525398254395e-01
8.514699339866638184e-01
6.205116510391235352e-01
8.801512718200683594e-01
6.193087100982666016e-01
9.007620811462402344e-01
7.514281868934631348e-01
7.438983917236328125e-01
8.587137460708618164e-01
7.662143707275390625e-01
8.559180498123168945e-01
8.339928984642028809e-01
7.141160964965820312e-01
7.747532725334167480e-01
8.003041744232177734e-01
7.626452445983886719e-01
8.492026329040527344e-01
6.831151843070983887e-01
9.208106398582458496e-01
6.967780590057373047e-01
9.201942682266235352e-01
8.512790799140930176e-01
7.965379953384399414e-01
8.633151650428771973e-01
7.954987287521362305e-01
8.342180252075195312e-01
7.670015096664428711e-01
8.495223522186279297e-01
6.363294720649719238e-01
8.707694411277770996e-01
8.300753831863403320e-01
6.643112897872924805e-01
8.973062634468078613e-01
3.286177515983581543e-01
9.232661724090576172e-01
7.514690160751342773e-01
8.190557956695556641e-01
7.210983633995056152e-01
8.181370496749877930e-01
6.777161359786987305e-01
8.413539528846740723e-01
8.912012577056884766e-01
7.678126096725463867e-01
7.555328607559204102e-01
8.725998401641845703e-01
7.362174987792968750e-01
8.600188493728637695e-01
7.843317985534667969e-01
8.071454763412475586e-01
8.173787593841552734e-01
7.215316295623779297e-01
8.427775502204895020e-01
7.905144095420837402e-01
8.311061859130859375e-01
8.028935790061950684e-01
7.673919796943664551e-01
8.367368578910827637e-01
7.646924257278442383e-01
8.459514975547790527e-01
7.860021591186523438e-01
7.869939804077148438e-01
8.056169748306274414e-01
8.283346891403198242e-01
7.576478719711303711e-01
9.122411012649536133e-01
5.150653719902038574e-01
9.769465923309326172e-01
4.788936674594879150e-01
8.512731790542602539e-01
8.977005481719970703e-01
7.942574620246887207e-01
7.554645538330078125e-01
8.636773824691772461e-01
5.802980661392211914e-01
9.046732187271118164e-01
7.884907722473144531e-01
7.585722804069519043e-01
8.526133298873901367e-01
4.459490180015563965e-01
8.966652750968933105e-01
8.483927845954895020e-01
8.236081600189208984e-01
7.452380657196044922e-01
9.003981947898864746e-01
7.056924104690551758e-01
8.586874008178710938e-01
7.715094685554504395e-01
8.251198530197143555e-01
7.709916234016418457e-01
7.607460021972656250e-01
8.147432208061218262e-01
7.723486423492431641e-01
8.191967606544494629e-01
6.319129467010498047e-01
9.208590388298034668e-01
5.089335441589355469e-01
9.481489062309265137e-01
8.468474149703979492e-01
7.635826468467712402e-01
9.042900800704956055e-01
7.526313662528991699e-01
8.841961622238159180e-01
6.424237489700317383e-01
8.556528091430664062e-01
7.011285424232482910e-01
8.913488388061523438e-01
9.007381200790405273e-01
6.731294989585876465e-01
9.009616374969482422e-01
5.389624238014221191e-01
9.106334447860717773e-01
4.979806542396545410e-01
9.120440483093261719e-01
9.042991399765014648e-01
6.214213371276855469e-01
7.783533334732055664e-01
8.175956010818481445e-01
5.051062703132629395e-01
9.152092933654785156e-01
3.875962495803833008e-01
8.440866470336914062e-01
9.603497982025146484e-01
6.064743995666503906e-01
8.670343160629272461e-01
8.617679476737976074e-01
7.109264731407165527e-01
7.046086788177490234e-01
8.220353722572326660e-01
5.743644237518310547e-01
8.698635101318359375e-01
7.884313464164733887e-01
8.152666091918945312e-01
7.404538393020629883e-01
8.669695258140563965e-01
4.752045869827270508e-01
9.362019896507263184e-01
8.841377496719360352e-01
7.955628633499145508e-01
8.094928264617919922e-01
7.274638414382934570e-01
8.583514690399169922e-01
8.015936613082885742e-01
6.984873414039611816e-01
9.066920280456542969e-01
5.551517605781555176e-01
9.299429655075073242e-01
7.649301290512084961e-01
8.695817589759826660e-01
6.283453702926635742e-01
8.385227322578430176e-01
4.773359298706054688e-01
9.109606742858886719e-01
7.586574554443359375e-01
8.454705476760864258e-01
8.406348824501037598e-01
7.435202598571777344e-01
8.765443563461303711e-01
6.579827070236206055e-01
8.762181401252746582e-01
8.133941292762756348e-01
8.597550392150878906e-01
8.404624462127685547e-01
6.751378774642944336e-01
9.313536882400512695e-01
1.768742948770523071e-01
9.197163581848144531e-01
8.196873664855957031e-01
6.314356327056884766e-01
9.074171781539916992e-01
4.171521663665771484e-01
9.106601476669311523e-01
8.912303447723388672e-01
7.321574687957763672e-01
8.108709454536437988e-01
8.456239700317382812e-01
6.201357841491699219e-01
8.725881576538085938e-01
7.718127369880676270e-01
7.123458385467529297e-01
9.100295305252075195e-01
6.352207660675048828e-01
7.807201147079467773e-01
7.912906408309936523e-01
5.817949771881103516e-01
8.314413428306579590e-01
6.682903766632080078e-01
7.873238325119018555e-01
8.454110622406005859e-01
6.233906745910644531e-01
7.925940752029418945e-01
6.633799672126770020e-01
7.758576869964599609e-01
8.111701011657714844e-01
7.250564694404602051e-01
8.765910267829895020e-01
6.529880762100219727e-01
9.041216969490051270e-01
7.517025470733642578e-01
7.959153652191162109e-01
8.859325647354125977e-01
5.804356336593627930e-01
8.696408271789550781e-01
8.626362085342407227e-01
7.923743724822998047e-01
7.908109426498413086e-01
7.763029336929321289e-01
6.489117145538330078e-01
8.911728858947753906e-01
5.821152925491333008e-01
8.759588003158569336e-01
8.865914344787597656e-01
7.825348377227783203e-01
7.817360162734985352e-01
8.448793888092041016e-01
6.490484476089477539e-01
8.462427258491516113e-01
7.622666358947753906e-01
7.394827604293823242e-01
7.353447079658508301e-01
8.008901476860046387e-01
3.563064634799957275e-01
9.435324072837829590e-01
4.557920098304748535e-01
8.398073911666870117e-01
9.286389350891113281e-01
5.149175524711608887e-01
7.821977138519287109e-01
6.067122220993041992e-01
8.644520044326782227e-01
7.142550945281982422e-01
8.213822245597839355e-01
7.390877008438110352e-01
8.468155860900878906e-01
8.286142349243164062e-01
8.872292637825012207e-01
8.195069432258605957e-01
8.714448213577270508e-01
7.621840238571166992e-01
6.625907421112060547e-01
7.855911850929260254e-01
7.395846843719482422e-01
8.911234736442565918e-01
7.022235989570617676e-01
8.954758644104003906e-01
7.602105140686035156e-01
7.998770475387573242e-01
7.828301787376403809e-01
6.416695117950439453e-01
7.112839221954345703e-01
7.297973632812500000e-01
7.719114422798156738e-01
6.880991458892822266e-01
7.692757844924926758e-01
6.844199895858764648e-01
8.658724427223205566e-01
6.164513230323791504e-01
8.928165435791015625e-01
4.260107874870300293e-01
9.231282472610473633e-01
7.955290079116821289e-01
8.123790025711059570e-01
7.724019885063171387e-01
8.670262098312377930e-01
5.795926451683044434e-01
8.950423598289489746e-01
6.837425231933593750e-01
8.513969779014587402e-01
6.720309257507324219e-01
8.772646188735961914e-01
6.105601787567138672e-01
8.567852973937988281e-01
5.174173116683959961e-01
9.387372732162475586e-01
5.544865131378173828e-01
8.779296875000000000e-01
7.393586635589599609e-01
8.179598450660705566e-01
6.317287683486938477e-01
9.014000892639160156e-01
5.014997720718383789e-01
8.543204069137573242e-01
8.197979927062988281e-01
6.852958798408508301e-01
7.397446036338806152e-01
8.348270654678344727e-01
7.575072646141052246e-01
7.852718830108642578e-01
7.248095273971557617e-01
9.296877384185791016e-01
5.019921064376831055e-01
8.699417114257812500e-01
8.402076363563537598e-01
7.982665300369262695e-01
8.676635026931762695e-01
8.023256659507751465e-01
8.070560693740844727e-01
7.971177697181701660e-01
7.721295356750488281e-01
7.474054694175720215e-01
7.590290307998657227e-01
8.521800637245178223e-01
5.019780397415161133e-01
9.535675048828125000e-01
6.266974210739135742e-01
8.792207241058349609e-01
8.431042432785034180e-01
7.519973516464233398e-01
8.304275870323181152e-01
6.008278131484985352e-01
8.508403301239013672e-01
6.505551338195800781e-01
8.846136927604675293e-01
8.201988935470581055e-01
7.045040726661682129e-01
7.062757015228271484e-01
8.022765517234802246e-01
6.840566992759704590e-01
8.029447793960571289e-01
5.517855286598205566e-01
9.102820754051208496e-01
6.675177812576293945e-01
7.504310011863708496e-01
8.266327977180480957e-01
5.587637424468994141e-01
8.555501699447631836e-01
5.607335567474365234e-01
9.171633124351501465e-01
5.349403023719787598e-01
8.440314531326293945e-01
8.069702386856079102e-01
7.414344549179077148e-01
7.768218517303466797e-01
6.722284555435180664e-01
8.605433106422424316e-01
4.417466521263122559e-01
9.258108139038085938e-01
5.637851953506469727e-01
8.321502208709716797e-01
6.469184160232543945e-01
8.228675127029418945e-01
7.864527702331542969e-01
7.220131754875183105e-01
7.933374643325805664e-01
6.837151050567626953e-01
7.575267553329467773e-01
6.730877161026000977e-01
8.406634330749511719e-01
6.931363344192504883e-01
8.266123533248901367e-01
8.706044554710388184e-01
7.538505792617797852e-01
7.678998708724975586e-01
6.420052051544189453e-01
8.641273975372314453e-01
4.590472877025604248e-01
9.150961637496948242e-01
7.329304814338684082e-01
7.571263313293457031e-01
8.633065223693847656e-01
4.668765962123870850e-01
8.679132461547851562e-01
5.338300466537475586e-01
8.734350800514221191e-01
8.076560497283935547e-01
7.238153219223022461e-01
7.662024497985839844e-01
7.975487112998962402e-01
7.801117897033691406e-01
7.004829049110412598e-01
8.157845139503479004e-01
5.807218551635742188e-01
8.574687242507934570e-01
5.278873443603515625e-01
8.885433673858642578e-01
8.584007024765014648e-01
7.222642898559570312e-01
7.719634771347045898e-01
7.134158611297607422e-01
6.772603392601013184e-01
7.561548948287963867e-01
6.506425142288208008e-01
7.438098788261413574e-01
6.977839469909667969e-01
7.614873051643371582e-01
7.924423217773437500e-01
6.656308174133300781e-01
8.385732173919677734e-01
4.500436782836914062e-01
9.301126003265380859e-01
6.434180140495300293e-01
8.680099248886108398e-01
4.549270272254943848e-01
8.730498552322387695e-01
4.413435459136962891e-01
9.260544776916503906e-01
6.693570017814636230e-01
8.313704729080200195e-01
8.013885617256164551e-01
7.066493034362792969e-01
8.376523852348327637e-01
6.804558038711547852e-01
8.494510650634765625e-01
6.294769048690795898e-01
8.347589969635009766e-01
6.533862352371215820e-01
8.736563920974731445e-01
8.001738190650939941e-01
7.608728408813476562e-01
8.484814763069152832e-01
7.381055355072021484e-01
7.410235404968261719e-01
6.480546593666076660e-01
8.300393819808959961e-01
6.837821602821350098e-01
8.154906034469604492e-01
7.567647695541381836e-01
7.969417572021484375e-01
6.969857215881347656e-01
8.493297100067138672e-01
6.212165355682373047e-01
8.432840108871459961e-01
7.920802235603332520e-01
6.950162649154663086e-01
8.734703063964843750e-01
2.297452092170715332e-01
9.325356483459472656e-01
6.163926124572753906e-01
7.543371915817260742e-01
8.109255433082580566e-01
4.640953540802001953e-01
9.139717817306518555e-01
6.542321443557739258e-01
8.228542208671569824e-01
8.693313598632812500e-01
5.562419891357421875e-01
8.282163143157958984e-01
5.090711116790771484e-01
7.783386707305908203e-01
7.551338672637939453e-01
6.804174184799194336e-01
7.833719849586486816e-01
6.539936065673828125e-01
8.234795928001403809e-01
7.205896973609924316e-01
8.221538066864013672e-01
7.855097651481628418e-01
5.852620601654052734e-01
8.786613345146179199e-01
6.584134697914123535e-01
8.428033590316772461e-01
8.919721841812133789e-01
6.807943582534790039e-01
7.712571620941162109e-01
8.283767700195312500e-01
6.170037984848022461e-01
8.830063343048095703e-01
6.960523724555969238e-01
7.961575388908386230e-01
8.282951116561889648e-01
7.425295710563659668e-01
6.555047631263732910e-01
8.972700834274291992e-01
5.976966023445129395e-01
8.039783835411071777e-01
8.603011369705200195e-01
6.805875301361083984e-01
8.294848203659057617e-01
8.106001615524291992e-01
6.468602418899536133e-01
8.536067008972167969e-01
3.723928630352020264e-01
9.030671119689941406e-01
3.955250978469848633e-01
9.107077121734619141e-01
7.817507982254028320e-01
6.615247726440429688e-01
7.716835737228393555e-01
5.234687328338623047e-01
9.028968811035156250e-01
5.098215341567993164e-01
9.364202022552490234e-01
6.543243527412414551e-01
8.277512788772583008e-01
8.799012303352355957e-01
6.040639877319335938e-01
8.937630653381347656e-01
6.248902082443237305e-01
7.880851626396179199e-01
8.270525336265563965e-01
6.378239989280700684e-01
8.020757436752319336e-01
7.880482077598571777e-01
8.271170854568481445e-01
8.661460280418395996e-01
7.784807682037353516e-01
7.359863519668579102e-01
7.568311691284179688e-01
7.571809887886047363e-01
8.095079064369201660e-01
7.540258169174194336e-01
7.977236509323120117e-01
7.852413654327392578e-01
8.211718797683715820e-01
7.444937229156494141e-01
8.311287164688110352e-01
7.202400565147399902e-01
7.956269383430480957e-01
7.510574460029602051e-01
6.959761381149291992e-01
8.214739561080932617e-01
5.888766050338745117e-01
8.421396017074584961e-01
5.553228855133056641e-01
8.952370285987854004e-01
8.433430194854736328e-01
8.078309297561645508e-01
8.226379752159118652e-01
7.764434218406677246e-01
7.771747112274169922e-01
7.315129041671752930e-01
7.414920330047607422e-01
7.319191694259643555e-01
5.067509412765502930e-01
9.504212141036987305e-01
7.347073554992675781e-01
8.073252439498901367e-01
7.428026199340820312e-01
5.388535261154174805e-01
8.859963417053222656e-01
3.033946156501770020e-01
8.831887245178222656e-01
7.034960985183715820e-01
8.048324584960937500e-01
7.376502752304077148e-01
7.856743931770324707e-01
7.022221684455871582e-01
7.896023988723754883e-01
6.917960643768310547e-01
8.532571792602539062e-01
6.932528018951416016e-01
8.098179697990417480e-01
9.162428975105285645e-01
5.894144773483276367e-01
9.099197387695312500e-01
4.606472849845886230e-01
7.949395775794982910e-01
8.901194334030151367e-01
5.701937675476074219e-01
8.683013319969177246e-01
7.196197509765625000e-01
7.671260833740234375e-01
7.666988372802734375e-01
6.648662090301513672e-01
8.161702156066894531e-01
6.212158203125000000e-01
8.312751054763793945e-01
5.711529254913330078e-01
8.220844864845275879e-01
8.104149103164672852e-01
7.797138690948486328e-01
8.417010903358459473e-01
7.047547101974487305e-01
7.931538224220275879e-01
7.241480946540832520e-01
7.752244472503662109e-01
8.590930700302124023e-01
6.644158363342285156e-01
8.714708089828491211e-01
8.701108098030090332e-01
5.839315056800842285e-01
9.039523601531982422e-01
4.995152056217193604e-01
8.549352884292602539e-01
6.714303493499755859e-01
8.218861818313598633e-01
8.996414542198181152e-01
6.336953639984130859e-01
8.728008866310119629e-01
3.700496554374694824e-01
9.099972248077392578e-01
4.531774520874023438e-01
8.739070892333984375e-01
8.281661868095397949e-01
5.756512880325317383e-01
8.923329710960388184e-01
7.106680870056152344e-01
7.978184223175048828e-01
8.906903266906738281e-01
4.975161552429199219e-01
8.559669256210327148e-01
8.041588068008422852e-01
6.156044006347656250e-01
7.580561637878417969e-01
7.655370235443115234e-01
7.198626995086669922e-01
8.162708282470703125e-01
3.721181154251098633e-01
9.203329682350158691e-01
6.093473434448242188e-01
8.539736270904541016e-01
7.256846427917480469e-01
8.105864524841308594e-01
5.958505868911743164e-01
8.713183999061584473e-01
5.089130401611328125e-01
9.377890229225158691e-01
5.853234529495239258e-01
9.128209948539733887e-01
6.654670834541320801e-01
8.444677591323852539e-01
7.262783050537109375e-01
7.230651974678039551e-01
8.365848660469055176e-01
7.036554813385009766e-01
7.668722271919250488e-01
7.203554511070251465e-01
7.766196131706237793e-01
7.349803447723388672e-01
6.996809840202331543e-01
8.144872188568115234e-01
6.078275442123413086e-01
9.473373889923095703e-01
4.797224998474121094e-01
9.308080673217773438e-01
4.357248544692993164e-01
9.001345634460449219e-01
7.813524007797241211e-01
7.990263700485229492e-01
7.028144598007202148e-01
7.494492530822753906e-01
8.199527263641357422e-01
6.644582152366638184e-01
8.382579088211059570e-01
8.474501371383666992e-01
7.135404944419860840e-01
8.276174068450927734e-01
7.126122713088989258e-01
7.523864507675170898e-01
8.694680929183959961e-01
6.169767379760742188e-01
8.410123586654663086e-01
6.277223229408264160e-01
8.602242469787597656e-01
7.350763678550720215e-01
8.617377281188964844e-01
7.663896083831787109e-01
7.361031174659729004e-01
8.410824537277221680e-01
5.758137702941894531e-01
8.751130700111389160e-01
8.163951635360717773e-01
8.199253678321838379e-01
8.353244066238403320e-01
7.149093151092529297e-01
8.363955020904541016e-01
6.003786921501159668e-01
7.812817096710205078e-01
6.330344676971435547e-01
9.033163785934448242e-01
6.838369369506835938e-01
8.531904816627502441e-01
8.288426399230957031e-01
8.578273057937622070e-01
7.686318159103393555e-01
8.087846636772155762e-01
7.374239563941955566e-01
7.843688726425170898e-01
8.461406230926513672e-01
4.866845309734344482e-01
9.306601285934448242e-01
3.262373805046081543e-01
9.482082128524780273e-01
7.997697591781616211e-01
8.126846551895141602e-01
7.173866033554077148e-01
8.387668132781982422e-01
6.277937889099121094e-01
9.332044124603271484e-01
2.158571183681488037e-01
9.721271395683288574e-01
2.807520627975463867e-01
8.668189048767089844e-01
7.653729915618896484e-01
6.957207918167114258e-01
7.553409337997436523e-01
4.634781777858734131e-01
8.637264370918273926e-01
3.491109013557434082e-01
8.982458114624023438e-01
6.962815523147583008e-01
7.735841274261474609e-01
8.517150878906250000e-01
7.547523975372314453e-01
6.926850676536560059e-01
7.907397747039794922e-01
8.242996931076049805e-01
6.957186460494995117e-01
6.873295307159423828e-01
6.638484001159667969e-01
7.390566468238830566e-01
7.196632623672485352e-01
8.196007013320922852e-01
6.846495866775512695e-01
7.918475866317749023e-01
8.103863000869750977e-01
7.055230140686035156e-01
8.972202539443969727e-01
6.634089946746826172e-01
7.998768091201782227e-01
7.300036549568176270e-01
7.652171850204467773e-01
7.414524555206298828e-01
7.491369247436523438e-01
7.435396909713745117e-01
7.449524998664855957e-01
7.457257509231567383e-01
8.076733350753784180e-01
6.219477653503417969e-01
9.266055822372436523e-01
4.464933276176452637e-01
9.313830137252807617e-01
6.507754325866699219e-01
9.069467782974243164e-01
8.738673925399780273e-01
6.834673881530761719e-01
8.314623832702636719e-01
7.403268814086914062e-01
7.539517879486083984e-01
8.299998044967651367e-01
6.010004281997680664e-01
8.366566300392150879e-01
8.040035367012023926e-01
7.076976299285888672e-01
8.295571804046630859e-01
6.526516675949096680e-01
8.376557826995849609e-01
6.222407221794128418e-01
8.544120788574218750e-01
5.842283964157104492e-01
7.257577776908874512e-01
8.323293924331665039e-01
7.422811985015869141e-01
9.035189747810363770e-01
5.874407887458801270e-01
9.147578477859497070e-01
5.684980750083923340e-01
8.657259345054626465e-01
7.518904209136962891e-01
7.145834565162658691e-01
8.572269678115844727e-01
6.629418134689331055e-01
8.225553035736083984e-01
6.202103495597839355e-01
9.058498740196228027e-01
4.311548471450805664e-01
9.637560844421386719e-01
5.282843708992004395e-01
7.127766609191894531e-01
8.994308710098266602e-01
3.414603471755981445e-01
8.847097158432006836e-01
7.888455390930175781e-01
7.893947362899780273e-01
6.965820789337158203e-01
8.658608198165893555e-01
5.591377615928649902e-01
8.497439622879028320e-01
6.430186033248901367e-01
8.411042690277099609e-01
8.456727266311645508e-01
5.676765441894531250e-01
8.597294092178344727e-01
7.481084465980529785e-01
8.240535259246826172e-01
6.723484992980957031e-01
8.148721456527709961e-01
5.646918416023254395e-01
9.375059008598327637e-01
4.666268527507781982e-01
9.246133565902709961e-01
8.719956874847412109e-01
8.083559274673461914e-01
7.703431844711303711e-01
8.248040080070495605e-01
6.559543609619140625e-01
8.877642154693603516e-01
5.813102126121520996e-01
8.156514763832092285e-01
7.995439171791076660e-01
7.971170544624328613e-01
7.100545167922973633e-01
8.465686440467834473e-01
4.457105994224548340e-01
9.579055905342102051e-01
5.949423313140869141e-01
8.927164673805236816e-01
8.438446521759033203e-01
8.317637443542480469e-01
7.227165699005126953e-01
7.338621616363525391e-01
7.065259218215942383e-01
7.484791874885559082e-01
7.446272373199462891e-01
8.882552385330200195e-01
6.333292126655578613e-01
9.270715713500976562e-01
6.036628484725952148e-01
7.753615975379943848e-01
9.514231681823730469e-01
7.332346439361572266e-01
7.980600595474243164e-01
8.876434564590454102e-01
7.440168857574462891e-01
7.783415317535400391e-01
7.802045345306396484e-01
7.990680932998657227e-01
6.247333884239196777e-01
8.106142282485961914e-01
6.088289618492126465e-01
8.999630212783813477e-01
7.757955789566040039e-01
7.700115442276000977e-01
7.842650413513183594e-01
7.701344490051269531e-01
8.078727722167968750e-01
7.747416496276855469e-01
6.841219663619995117e-01
8.806552290916442871e-01
4.640929400920867920e-01
8.768886923789978027e-01
5.834735631942749023e-01
9.028338193893432617e-01
8.374652862548828125e-01
7.293732166290283203e-01
8.640881180763244629e-01
5.944799184799194336e-01
8.048506975173950195e-01
6.899733543395996094e-01
8.111839294433593750e-01
6.422563195228576660e-01
8.265153169631958008e-01
8.445284366607666016e-01
7.407025694847106934e-01
8.740773200988769531e-01
8.209524750709533691e-01
8.561244010925292969e-01
7.838876843452453613e-01
8.466337919235229492e-01
6.600812077522277832e-01
8.749386072158813477e-01
7.159000635147094727e-01
8.897266387939453125e-01
5.467506647109985352e-01
8.955297470092773438e-01
4.942201375961303711e-01
9.186097383499145508e-01
5.896424651145935059e-01
8.748917579650878906e-01
8.993754386901855469e-01
5.746014714241027832e-01
8.473460674285888672e-01
7.938666343688964844e-01
8.057022094726562500e-01
8.133650422096252441e-01
7.425838112831115723e-01
7.625541687011718750e-01
7.675620317459106445e-01
8.707665205001831055e-01
7.806455492973327637e-01
7.838425040245056152e-01
7.505294680595397949e-01
9.010125398635864258e-01
5.849701762199401855e-01
9.389766454696655273e-01
7.577333450317382812e-01
8.081786632537841797e-01
8.237942457199096680e-01
7.548896670341491699e-01
8.122694492340087891e-01
5.896461009979248047e-01
8.187631964683532715e-01
6.576559543609619141e-01
8.741041421890258789e-01
8.606863021850585938e-01
7.780651450157165527e-01
8.170284628868103027e-01
8.077104091644287109e-01
7.578369975090026855e-01
7.398034334182739258e-01
8.044104576110839844e-01
7.124468088150024414e-01
8.936069607734680176e-01
5.472722053527832031e-01
9.494900107383728027e-01
4.429405927658081055e-01
9.780486822128295898e-01
2.061272859573364258e-01
7.539327144622802734e-01
9.048673510551452637e-01
5.150374174118041992e-01
7.381355762481689453e-01
7.160160541534423828e-01
5.812512040138244629e-01
9.200519323348999023e-01
3.292078077793121338e-01
8.851698040962219238e-01
8.228210210800170898e-01
8.122212886810302734e-01
8.036043643951416016e-01
7.391393780708312988e-01
7.630743980407714844e-01
7.822112441062927246e-01
6.849259734153747559e-01
9.131861925125122070e-01
8.533842563629150391e-01
7.161562442779541016e-01
8.504203557968139648e-01
6.545850038528442383e-01
8.819940090179443359e-01
8.315646648406982422e-01
7.543390989303588867e-01
8.288078308105468750e-01
8.080540895462036133e-01
7.333669662475585938e-01
8.710529804229736328e-01
5.902177095413208008e-01
8.721815347671508789e-01
8.818334341049194336e-01
7.044383883476257324e-01
7.284523844718933105e-01
8.295068740844726562e-01
7.002142071723937988e-01
7.911506891250610352e-01
7.606669664382934570e-01
8.439345359802246094e-01
8.204939365386962891e-01
7.958555221557617188e-01
6.971831917762756348e-01
7.838573455810546875e-01
5.604250431060791016e-01
8.960061073303222656e-01
8.168089389801025391e-01
8.873748779296875000e-01
7.263927459716796875e-01
9.172439575195312500e-01
6.251182556152343750e-01
8.471469879150390625e-01
6.756538152694702148e-01
7.733280658721923828e-01
7.474425435066223145e-01
8.922544717788696289e-01
7.458146810531616211e-01
8.852885961532592773e-01
8.052812814712524414e-01
8.140431642532348633e-01
8.123894333839416504e-01
7.438600063323974609e-01
8.473605513572692871e-01
7.409236431121826172e-01
7.811782360076904297e-01
7.282198667526245117e-01
8.131766319274902344e-01
7.370899319648742676e-01
8.538653850555419922e-01
7.024226188659667969e-01
9.067490696907043457e-01
6.370005607604980469e-01
9.100742340087890625e-01
7.239588499069213867e-01
8.624036908149719238e-01
8.066145181655883789e-01
8.392761349678039551e-01
8.523610234260559082e-01
7.272296547889709473e-01
9.087121486663818359e-01
7.903061509132385254e-01
8.177899122238159180e-01
7.785647511482238770e-01
7.911809682846069336e-01
8.422179222106933594e-01
8.340432047843933105e-01
8.256401419639587402e-01
7.329744100570678711e-01
8.141006231307983398e-01
6.503105163574218750e-01
8.732472062110900879e-01
8.883594274520874023e-01
5.540903806686401367e-01
8.749586343765258789e-01
5.824220180511474609e-01
9.029554128646850586e-01
8.310769796371459961e-01
8.229495286941528320e-01
7.109255790710449219e-01
7.644938230514526367e-01
7.758704423904418945e-01
8.013702630996704102e-01
7.161833047866821289e-01
8.207436800003051758e-01
6.892064809799194336e-01
8.782235383987426758e-01
6.153888702392578125e-01
9.364714026451110840e-01
5.306078791618347168e-01
9.169559478759765625e-01
2.044266760349273682e-01
8.716618418693542480e-01
7.070115208625793457e-01
7.786145210266113281e-01
8.169443607330322266e-01
5.754039883613586426e-01
9.207954406738281250e-01
1.895977556705474854e-01
8.776534199714660645e-01
7.290280461311340332e-01
9.444496035575866699e-01
5.588450431823730469e-01
8.553821444511413574e-01
8.510971069335937500e-01
7.559590339660644531e-01
7.981725335121154785e-01
7.494878768920898438e-01
6.021500229835510254e-01
8.661468625068664551e-01
5.464209318161010742e-01
8.907760977745056152e-01
6.590720415115356445e-01
9.153503775596618652e-01
8.069057464599609375e-01
8.291156888008117676e-01
6.147382259368896484e-01
8.618965744972229004e-01
7.178028821945190430e-01
7.843102216720581055e-01
7.549268007278442383e-01
7.406730055809020996e-01
8.559177517890930176e-01
6.102041006088256836e-01
8.878382444381713867e-01
7.642677426338195801e-01
7.500741481781005859e-01
8.592050075531005859e-01
6.111875176429748535e-01
8.533947467803955078e-01
7.025408744812011719e-01
8.666193485260009766e-01
7.620857357978820801e-01
8.386111259460449219e-01
6.920196413993835449e-01
8.694462776184082031e-01
7.012101411819458008e-01
8.770461678504943848e-01
7.016887664794921875e-01
8.965855240821838379e-01
8.473336696624755859e-01
7.010458111763000488e-01
8.935122489929199219e-01
5.487914085388183594e-01
8.605068922042846680e-01
6.483210921287536621e-01
8.815584182739257812e-01
7.445951700210571289e-01
8.535265922546386719e-01
7.537746429443359375e-01
7.997490167617797852e-01
8.333805799484252930e-01
7.313329577445983887e-01
8.050538301467895508e-01
6.980087757110595703e-01
8.002133965492248535e-01
8.079657554626464844e-01
7.888004779815673828e-01
8.782666921615600586e-01
6.990705728530883789e-01
8.226617574691772461e-01
6.668459773063659668e-01
8.665095567703247070e-01
5.671296119689941406e-01
8.680230379104614258e-01
7.269868850708007812e-01
8.980008959770202637e-01
6.414480805397033691e-01
8.764170408248901367e-01
6.045165061950683594e-01
8.954325318336486816e-01
6.285328269004821777e-01
8.386379480361938477e-01
8.662277460098266602e-01
6.747523546218872070e-01
8.665247559547424316e-01
5.661482810974121094e-01
8.353120088577270508e-01
8.415455818176269531e-01
7.963952422142028809e-01
7.794752120971679688e-01
7.939480543136596680e-01
7.277121543884277344e-01
8.805437684059143066e-01
6.131422519683837891e-01
9.087926745414733887e-01
7.502170801162719727e-01
8.662161827087402344e-01
8.481404781341552734e-01
6.470088958740234375e-01
8.429502248764038086e-01
6.482619047164916992e-01
9.076727628707885742e-01
4.677484631538391113e-01
9.495329856872558594e-01
7.347987294197082520e-01
8.644144535064697266e-01
5.692962408065795898e-01
8.693775534629821777e-01
8.102904558181762695e-01
8.426907658576965332e-01
8.668126463890075684e-01
7.704007625579833984e-01
8.175435066223144531e-01
7.981078624725341797e-01
7.138234376907348633e-01
8.209220170974731445e-01
6.522995829582214355e-01
9.538960456848144531e-01
5.733098387718200684e-01
8.118158578872680664e-01
8.776166439056396484e-01
6.273750066757202148e-01
9.181684255599975586e-01
5.743834972381591797e-01
8.425118923187255859e-01
6.685892939567565918e-01
8.398351073265075684e-01
7.764365673065185547e-01
8.116561770439147949e-01
7.650984525680541992e-01
7.395320534706115723e-01
8.966385722160339355e-01
6.027725934982299805e-01
8.983001708984375000e-01
7.620596885681152344e-01
8.482549190521240234e-01
8.687046170234680176e-01
7.179164290428161621e-01
8.349156975746154785e-01
8.415700197219848633e-01
7.931051254272460938e-01
8.441424369812011719e-01
5.293891429901123047e-01
8.549393415451049805e-01
5.847460031509399414e-01
8.581357598304748535e-01
8.156933188438415527e-01
7.746543288230895996e-01
8.028084039688110352e-01
8.005298376083374023e-01
7.726717591285705566e-01
8.104732036590576172e-01
8.663892745971679688e-01
6.916603446006774902e-01
9.560034275054931641e-01
5.847581624984741211e-01
9.066729545593261719e-01
6.000422239303588867e-01
8.754714131355285645e-01
7.208832502365112305e-01
8.991038799285888672e-01
7.471981048583984375e-01
8.145692944526672363e-01
9.138295650482177734e-01
6.279308795928955078e-01
8.455500602722167969e-01
7.931475639343261719e-01
8.466312885284423828e-01
7.402375340461730957e-01
8.798792958259582520e-01
6.591204404830932617e-01
9.248096942901611328e-01
6.472242474555969238e-01
8.670241236686706543e-01
7.847969532012939453e-01
8.093861341476440430e-01
6.910166740417480469e-01
8.811262845993041992e-01
6.672036647796630859e-01
8.638995885848999023e-01
8.296657800674438477e-01
6.416782140731811523e-01
8.926620483398437500e-01
6.772363185882568359e-01
9.115098714828491211e-01
5.305760502815246582e-01
9.660869240760803223e-01
1.090588197112083435e-01
8.733687400817871094e-01
6.642596721649169922e-01
7.548860907554626465e-01
6.735045909881591797e-01
6.562630534172058105e-01
8.449168205261230469e-01
7.764394283294677734e-01
7.332221269607543945e-01
7.144398689270019531e-01
8.737717866897583008e-01
6.164615750312805176e-01
8.810835480690002441e-01
5.151804089546203613e-01
9.449580311775207520e-01
6.415242552757263184e-01
8.472846746444702148e-01
7.566997408866882324e-01
7.844450473785400391e-01
7.164933085441589355e-01
8.272069692611694336e-01
7.209037542343139648e-01
8.011580109596252441e-01
8.543522357940673828e-01
7.448584437370300293e-01
8.261288404464721680e-01
7.676594257354736328e-01
8.436964154243469238e-01
8.059228062629699707e-01
6.489748358726501465e-01
9.174004793167114258e-01
5.572862625122070312e-01
8.935754299163818359e-01
8.908106088638305664e-01
6.334443092346191406e-01
8.733065128326416016e-01
7.380632162094116211e-01
8.229376077651977539e-01
7.230862379074096680e-01
7.838174104690551758e-01
8.368725180625915527e-01
7.995305657386779785e-01
8.889601230621337891e-01
7.919793725013732910e-01
7.994291782379150391e-01
8.454871177673339844e-01
7.417118549346923828e-01
8.845404982566833496e-01
7.800931334495544434e-01
8.776437044143676758e-01
7.773091793060302734e-01
8.839569091796875000e-01
7.278745174407958984e-01
9.019112586975097656e-01
8.889368772506713867e-01
7.485344409942626953e-01
8.657891750335693359e-01
6.370522975921630859e-01
8.752467632293701172e-01
7.698209881782531738e-01
8.705737590789794922e-01
8.459457159042358398e-01
7.827793955802917480e-01
8.480669260025024414e-01
8.023288249969482422e-01
8.458152413368225098e-01
7.945649623870849609e-01
8.237918615341186523e-01
8.595159053802490234e-01
7.317287921905517578e-01
8.446424007415771484e-01
8.523437380790710449e-01
6.394779086112976074e-01
9.086076021194458008e-01
4.578714072704315186e-01
9.514694213867187500e-01
3.749291300773620605e-01
9.245326519012451172e-01
5.606075525283813477e-01
9.265044927597045898e-01
8.599699735641479492e-01
6.234393119812011719e-01
9.240781664848327637e-01
5.873034000396728516e-01
8.258529901504516602e-01
8.804179430007934570e-01
5.581668615341186523e-01
9.493126273155212402e-01
5.400462150573730469e-01
8.597364425659179688e-01
6.161202192306518555e-01
8.094192743301391602e-01
6.171654462814331055e-01
8.104457855224609375e-01
9.046225547790527344e-01
7.727665901184082031e-01
8.277208209037780762e-01
8.048171997070312500e-01
8.011444211006164551e-01
7.546201944351196289e-01
8.336766958236694336e-01
6.539587974548339844e-01
7.964897751808166504e-01
7.946639060974121094e-01
7.300201654434204102e-01
7.832822203636169434e-01
6.737803220748901367e-01
9.150824546813964844e-01
7.018423676490783691e-01
8.826078176498413086e-01
7.922221422195434570e-01
8.339357376098632812e-01
8.321129679679870605e-01
8.713498115539550781e-01
7.572675943374633789e-01
8.566774129867553711e-01
7.908728122711181641e-01
8.239018917083740234e-01
7.164105176925659180e-01
8.516258001327514648e-01
8.535150289535522461e-01
7.365366816520690918e-01
9.137490987777709961e-01
5.738248825073242188e-01
9.427205324172973633e-01
7.105706930160522461e-01
8.060939311981201172e-01
7.598280906677246094e-01
7.381247282028198242e-01
9.327943325042724609e-01
6.300819516181945801e-01
9.260563850402832031e-01
8.843395709991455078e-01
7.611663341522216797e-01
8.603532910346984863e-01
7.131031751632690430e-01
8.542884588241577148e-01
7.929683327674865723e-01
7.877705097198486328e-01
7.692210674285888672e-01
8.207383751869201660e-01
8.077934384346008301e-01
9.102106094360351562e-01
7.756823897361755371e-01
7.789255976676940918e-01
8.536717891693115234e-01
6.920796036720275879e-01
9.290177226066589355e-01
7.074908018112182617e-01
8.505365848541259766e-01
9.045901298522949219e-01
6.671885251998901367e-01
8.148625493049621582e-01
8.256860971450805664e-01
6.819110512733459473e-01
8.365599513053894043e-01
6.680142879486083984e-01
9.210932254791259766e-01
5.895383954048156738e-01
9.153839349746704102e-01
8.571498394012451172e-01
7.916229367256164551e-01
8.539116382598876953e-01
8.124663233757019043e-01
8.157380819320678711e-01
8.394391536712646484e-01
8.197509646415710449e-01
7.092825174331665039e-01
8.799673318862915039e-01
6.043006181716918945e-01
9.286714792251586914e-01
7.357535362243652344e-01
8.751913309097290039e-01
7.455022335052490234e-01
8.457303047180175781e-01
6.223018765449523926e-01
8.990765810012817383e-01
5.762320756912231445e-01
9.327277541160583496e-01
8.363594412803649902e-01
7.379665374755859375e-01
9.107446670532226562e-01
6.582010984420776367e-01
9.004739522933959961e-01
5.195734500885009766e-01
9.649655818939208984e-01
2.629817128181457520e-01
9.542665481567382812e-01
3.298188447952270508e-01
8.715732693672180176e-01
8.702108860015869141e-01
5.997852683067321777e-01
8.640568852424621582e-01
6.580810546875000000e-01
8.503447175025939941e-01
5.447087287902832031e-01
9.487431049346923828e-01
4.997110366821289062e-01
8.440639972686767578e-01
9.431884288787841797e-01
6.904340982437133789e-01
8.341100215911865234e-01
7.728403806686401367e-01
7.537347674369812012e-01
9.069361686706542969e-01
4.838548898696899414e-01
8.952683806419372559e-01
8.038485050201416016e-01
8.292583227157592773e-01
7.639583349227905273e-01
8.552924990653991699e-01
8.014841675758361816e-01
8.048088550567626953e-01
8.081474304199218750e-01
8.197127580642700195e-01
7.533748149871826172e-01
7.507890462875366211e-01
8.824177980422973633e-01
6.661528348922729492e-01
8.799498081207275391e-01
8.833394050598144531e-01
8.578807115554809570e-01
7.033495903015136719e-01
8.994082212448120117e-01
4.360813498497009277e-01
9.239958524703979492e-01
7.829202413558959961e-01
7.859452962875366211e-01
8.674125671386718750e-01
8.119524121284484863e-01
8.266883492469787598e-01
7.625136971473693848e-01
8.363399505615234375e-01
8.194770812988281250e-01
8.470294475555419922e-01
8.591384887695312500e-01
8.169161081314086914e-01
8.054860234260559082e-01
8.198577165603637695e-01
6.441509723663330078e-01
9.144952297210693359e-01
5.675058960914611816e-01
9.157030582427978516e-01
7.880702018737792969e-01
8.822839260101318359e-01
6.986716389656066895e-01
8.915640115737915039e-01
5.534814596176147461e-01
9.346922039985656738e-01
3.667150437831878662e-01
9.723644256591796875e-01
4.210136532783508301e-01
9.430305957794189453e-01
6.159809827804565430e-01
9.145402908325195312e-01
7.966883182525634766e-01
8.123845458030700684e-01
7.407878041267395020e-01
7.676090598106384277e-01
6.527516841888427734e-01
9.170460104942321777e-01
6.625089645385742188e-01
8.459615111351013184e-01
8.118028640747070312e-01
8.189225196838378906e-01
7.857370376586914062e-01
8.167911171913146973e-01
7.737368345260620117e-01
7.759346961975097656e-01
8.138806223869323730e-01
6.809171438217163086e-01
8.973772525787353516e-01
7.518114447593688965e-01
8.048933744430541992e-01
8.122751116752624512e-01
7.831525802612304688e-01
8.174843788146972656e-01
8.164469003677368164e-01
8.031901717185974121e-01
8.100299239158630371e-01
6.897299289703369141e-01
8.923954963684082031e-01
5.791785717010498047e-01
9.087945222854614258e-01
7.219612002372741699e-01
8.771756291389465332e-01
6.816927194595336914e-01
9.327860474586486816e-01
5.308561325073242188e-01
9.217184782028198242e-01
6.226875782012939453e-01
8.674453496932983398e-01
8.199535608291625977e-01
7.543493509292602539e-01
8.217389583587646484e-01
7.943769097328186035e-01
7.742682695388793945e-01
7.768087387084960938e-01
8.627298474311828613e-01
7.678419947624206543e-01
7.941329479217529297e-01
8.227255940437316895e-01
7.516128420829772949e-01
8.107726573944091797e-01
7.949661016464233398e-01
7.374830842018127441e-01
8.496387004852294922e-01
7.838909626007080078e-01
7.631075382232666016e-01
9.265598654747009277e-01
6.077610850334167480e-01
8.947279453277587891e-01
7.337976694107055664e-01
9.265109300613403320e-01
7.823563814163208008e-01
7.994796633720397949e-01
8.881237506866455078e-01
6.533007621765136719e-01
9.053528904914855957e-01
5.306099653244018555e-01
9.471448659896850586e-01
1.635556966066360474e-01
9.608350992202758789e-01
5.564687848091125488e-01
8.885143399238586426e-01
7.393654584884643555e-01
6.955793499946594238e-01
8.896872997283935547e-01
4.668732881546020508e-01
9.440650939941406250e-01
7.871786952018737793e-01
8.209529519081115723e-01
8.668395280838012695e-01
5.084559917449951172e-01
9.599409699440002441e-01
6.079788208007812500e-01
8.996233940124511719e-01
7.852789163589477539e-01
8.094125986099243164e-01
7.349431514739990234e-01
8.198896646499633789e-01
8.243947625160217285e-01
7.334005832672119141e-01
8.266894817352294922e-01
7.858083248138427734e-01
8.567116260528564453e-01
7.773205637931823730e-01
8.402754068374633789e-01
7.701773643493652344e-01
8.382858633995056152e-01
7.314824461936950684e-01
9.048680663108825684e-01
8.061485290527343750e-01
8.079463243484497070e-01
8.861483335494995117e-01
7.260366678237915039e-01
8.951286673545837402e-01
7.198568582534790039e-01
8.512851595878601074e-01
7.847024202346801758e-01
8.416777849197387695e-01
8.049327135086059570e-01
7.707665562629699707e-01
7.864950299263000488e-01
7.913160920143127441e-01
8.160706162452697754e-01
7.700459957122802734e-01
8.858571052551269531e-01
8.435025215148925781e-01
8.574945926666259766e-01
8.050748109817504883e-01
8.674043416976928711e-01
7.090034484863281250e-01
9.326541423797607422e-01
7.641611695289611816e-01
8.627315759658813477e-01
8.098040223121643066e-01
8.262954950332641602e-01
8.090698122978210449e-01
8.374884128570556641e-01
8.389675617218017578e-01
7.617841362953186035e-01
8.677213191986083984e-01
7.106336951255798340e-01
8.516457080841064453e-01
5.808086395263671875e-01
9.425599575042724609e-01
4.678246378898620605e-01
9.643377065658569336e-01
1.344938129186630249e-01
8.705961704254150391e-01
9.071621894836425781e-01
3.562593460083007812e-01
9.725861549377441406e-01
7.265746593475341797e-01
6.387445926666259766e-01
9.328527450561523438e-01
4.621800184249877930e-01
8.978379964828491211e-01
7.145346403121948242e-01
8.756357431411743164e-01
9.062644243240356445e-01
5.608497858047485352e-01
9.112219810485839844e-01
7.887274026870727539e-01
7.227024435997009277e-01
8.328778743743896484e-01
7.856316566467285156e-01
8.359198570251464844e-01
8.075741529464721680e-01
8.133301734924316406e-01
7.597182989120483398e-01
8.885188698768615723e-01
4.391362071037292480e-01
9.653916954994201660e-01
5.383148193359375000e-01
8.886250853538513184e-01
8.227701187133789062e-01
6.424288749694824219e-01
8.988251090049743652e-01
5.919406414031982422e-01
9.153406620025634766e-01
6.440632343292236328e-01
8.929388523101806641e-01
7.705436348915100098e-01
8.596696853637695312e-01
7.553508281707763672e-01
7.834105491638183594e-01
8.179149627685546875e-01
5.918365120887756348e-01
8.478883504867553711e-01
7.679929137229919434e-01
7.793658971786499023e-01
8.139622211456298828e-01
8.071204423904418945e-01
7.875456809997558594e-01
7.579131722450256348e-01
7.816067337989807129e-01
7.601972818374633789e-01
8.783891201019287109e-01
7.143471240997314453e-01
8.288351297378540039e-01
8.553453087806701660e-01
6.138137578964233398e-01
9.194477796554565430e-01
5.053483247756958008e-01
9.016127586364746094e-01
8.620678186416625977e-01
8.702830672264099121e-01
7.766302824020385742e-01
8.308011889457702637e-01
8.676559925079345703e-01
5.672855377197265625e-01
9.498490691184997559e-01
5.278288125991821289e-01
8.874791860580444336e-01
3.898814320564270020e-01
9.198855161666870117e-01
7.934443950653076172e-01
7.586528062820434570e-01
8.579685091972351074e-01
7.142404317855834961e-01
8.438224196434020996e-01
5.049594044685363770e-01
8.947858810424804688e-01
4.416234493255615234e-01
9.203604459762573242e-01
9.015030860900878906e-01
6.660640239715576172e-01
9.166010618209838867e-01
6.610202789306640625e-01
8.705354928970336914e-01
7.567579150199890137e-01
7.820391058921813965e-01
8.679776787757873535e-01
7.970256805419921875e-01
8.187962770462036133e-01
8.548188209533691406e-01
7.117738723754882812e-01
8.875109553337097168e-01
8.592392206192016602e-01
7.509332299232482910e-01
7.694243192672729492e-01
7.699453234672546387e-01
6.300790309906005859e-01
9.149493575096130371e-01
7.703768014907836914e-01
7.710704803466796875e-01
8.741240501403808594e-01
5.797156691551208496e-01
8.959033489227294922e-01
7.272114157676696777e-01
8.353198766708374023e-01
7.186122536659240723e-01
8.712294101715087891e-01
7.743570208549499512e-01
8.804401159286499023e-01
6.607561707496643066e-01
8.571976423263549805e-01
6.877405643463134766e-01
9.037483930587768555e-01
6.443533897399902344e-01
8.060458898544311523e-01
8.210633397102355957e-01
7.735508680343627930e-01
8.240097761154174805e-01
6.766558289527893066e-01
8.975679874420166016e-01
5.843595266342163086e-01
9.346551895141601562e-01
7.791506052017211914e-01
8.183004856109619141e-01
8.248875737190246582e-01
7.366623878479003906e-01
8.720752000808715820e-01
6.648004055023193359e-01
9.038142561912536621e-01
7.893385887145996094e-01
7.827771902084350586e-01
8.292303085327148438e-01
7.576800584793090820e-01
7.919993996620178223e-01
8.426073789596557617e-01
6.999840140342712402e-01
8.963450193405151367e-01
7.111303210258483887e-01
9.084584712982177734e-01
5.752223730087280273e-01
9.059649705886840820e-01
5.294182896614074707e-01
9.495462775230407715e-01
4.996004104614257812e-01
8.941204547882080078e-01
9.190313220024108887e-01
6.600387096405029297e-01
8.711295723915100098e-01
7.278669476509094238e-01
7.812928557395935059e-01
8.705222606658935547e-01
7.634226083755493164e-01
8.137750625610351562e-01
7.564094066619873047e-01
7.824425697326660156e-01
8.066359162330627441e-01
7.382767200469970703e-01
8.120220303535461426e-01
7.386719584465026855e-01
8.470411300659179688e-01
7.245014309883117676e-01
8.938274979591369629e-01
6.755401492118835449e-01
8.216120004653930664e-01
8.816567659378051758e-01
6.791810393333435059e-01
8.808305263519287109e-01
7.832295894622802734e-01
8.140630722045898438e-01
8.677746653556823730e-01
8.132126331329345703e-01
7.790617942810058594e-01
8.503558635711669922e-01
7.160149812698364258e-01
8.633589744567871094e-01
7.340710163116455078e-01
8.332317471504211426e-01
7.887070775032043457e-01
7.317872047424316406e-01
8.030430078506469727e-01
8.564074635505676270e-01
7.259137630462646484e-01
8.428321480751037598e-01
8.295153379440307617e-01
7.586739063262939453e-01
8.661293983459472656e-01
8.526458144187927246e-01
7.738212943077087402e-01
8.341720104217529297e-01
6.449338197708129883e-01
9.378931522369384766e-01
5.280037522315979004e-01
9.377093911170959473e-01
6.611214876174926758e-01
8.282806873321533203e-01
5.817638635635375977e-01
9.362729191780090332e-01
7.473320364952087402e-01
8.796867132186889648e-01
7.984551191329956055e-01
8.326578140258789062e-01
6.956565976142883301e-01
8.232955336570739746e-01
7.094702720642089844e-01
8.510304689407348633e-01
8.391153216361999512e-01
7.702772617340087891e-01
8.911886215209960938e-01
6.826233863830566406e-01
9.059930443763732910e-01
8.085258007049560547e-01
7.935690879821777344e-01
8.979086875915527344e-01
6.108636856079101562e-01
8.663290739059448242e-01
7.301561832427978516e-01
8.788084983825683594e-01
7.539103031158447266e-01
8.465180993080139160e-01
8.324539661407470703e-01
8.746985793113708496e-01
7.456030845642089844e-01
9.004209041595458984e-01
5.777387619018554688e-01
9.304886460304260254e-01
4.768754839897155762e-01
9.354615807533264160e-01
6.676618456840515137e-01
8.109148740768432617e-01
7.664914131164550781e-01
8.471871018409729004e-01
8.294004201889038086e-01
7.929240465164184570e-01
7.887393236160278320e-01
7.695676684379577637e-01
8.443143367767333984e-01
7.302808761596679688e-01
8.836608529090881348e-01
7.731819748878479004e-01
7.675093412399291992e-01
7.883517742156982422e-01
8.856819868087768555e-01
6.664266586303710938e-01
8.467095494270324707e-01
7.017641067504882812e-01
8.759367465972900391e-01
8.038744926452636719e-01
8.395709991455078125e-01
8.276617527008056641e-01
8.450734019279479980e-01
7.035185694694519043e-01
9.076216816902160645e-01
6.638683080673217773e-01
8.911614418029785156e-01
7.980151772499084473e-01
8.266863822937011719e-01
7.932909131050109863e-01
6.925827264785766602e-01
8.007997274398803711e-01
7.058531641960144043e-01
8.962798118591308594e-01
6.319507360458374023e-01
9.312659502029418945e-01
5.731960535049438477e-01
9.594918489456176758e-01
2.006957530975341797e-01
9.436025619506835938e-01
5.834509134292602539e-01
9.084683656692504883e-01
6.952531933784484863e-01
7.852476835250854492e-01
7.466784715652465820e-01
7.560153603553771973e-01
7.484524250030517578e-01
7.360844016075134277e-01
6.345450878143310547e-01
9.379781484603881836e-01
4.155182242393493652e-01
9.558718800544738770e-01
3.345985710620880127e-01
8.804619312286376953e-01
8.757528662681579590e-01
7.022269964218139648e-01
8.972481489181518555e-01
6.437309980392456055e-01
9.194459319114685059e-01
3.479836583137512207e-01
9.382114410400390625e-01
8.272923231124877930e-01
7.345811128616333008e-01
8.142072558403015137e-01
7.694549560546875000e-01
7.566966414451599121e-01
8.766088485717773438e-01
6.768850684165954590e-01
8.534679412841796875e-01
7.938867807388305664e-01
6.367182135581970215e-01
8.930344581604003906e-01
8.370251655578613281e-01
6.917464733123779297e-01
8.688351511955261230e-01
7.527937889099121094e-01
8.519672155380249023e-01
8.723558783531188965e-01
8.016421794891357422e-01
8.411141037940979004e-01
7.654656767845153809e-01
7.734986543655395508e-01
7.994999885559082031e-01
7.250071763992309570e-01
8.742744922637939453e-01
6.877529621124267578e-01
8.314251303672790527e-01
7.001090645790100098e-01
8.809875249862670898e-01
7.384450435638427734e-01
8.426624536514282227e-01
8.401545882225036621e-01
7.710658311843872070e-01
7.593990564346313477e-01
8.672263026237487793e-01
6.676842570304870605e-01
8.708930015563964844e-01
7.077507972717285156e-01
8.689582347869873047e-01
7.404718399047851562e-01
8.511991500854492188e-01
7.780710458755493164e-01
7.765111327171325684e-01
7.369147539138793945e-01
8.679063916206359863e-01
7.481080293655395508e-01
7.855675220489501953e-01
8.218730092048645020e-01
7.578644156455993652e-01
8.298568725585937500e-01
5.780234932899475098e-01
9.344719648361206055e-01
7.416584491729736328e-01
8.423650264739990234e-01
8.823666572570800781e-01
7.796224355697631836e-01
8.711681962013244629e-01
7.314404249191284180e-01
8.770717978477478027e-01
5.793128013610839844e-01
9.296386241912841797e-01
6.477148532867431641e-01
9.247030019760131836e-01
8.006142377853393555e-01
8.133805990219116211e-01
8.014246821403503418e-01
7.768974304199218750e-01
7.752782106399536133e-01
6.699978709220886230e-01
9.295469522476196289e-01
5.905994772911071777e-01
9.161144495010375977e-01
7.278536558151245117e-01
8.227764964103698730e-01
7.574962377548217773e-01
8.123819828033447266e-01
7.637530565261840820e-01
8.917061686515808105e-01
7.269682884216308594e-01
9.019529819488525391e-01
5.721672773361206055e-01
9.407950043678283691e-01
5.439521074295043945e-01
9.432849884033203125e-01
4.008469879627227783e-01
9.109227657318115234e-01
9.051296114921569824e-01
7.814415693283081055e-01
8.722039461135864258e-01
8.643473386764526367e-01
7.393671274185180664e-01
8.491135835647583008e-01
6.548594236373901367e-01
8.510280251502990723e-01
6.043086647987365723e-01
9.378122091293334961e-01
4.820389151573181152e-01
9.504119157791137695e-01
8.102304935455322266e-01
7.780932188034057617e-01
9.220036268234252930e-01
6.519880294799804688e-01
8.076159954071044922e-01
8.405574560165405273e-01
6.537202596664428711e-01
8.590195178985595703e-01
6.890749931335449219e-01
8.769443631172180176e-01
9.007875919342041016e-01
6.926100254058837891e-01
8.869043588638305664e-01
7.972762584686279297e-01
8.087574839591979980e-01
8.716975450515747070e-01
7.660521268844604492e-01
6.993468999862670898e-01
9.137081503868103027e-01
4.665328860282897949e-01
9.200763106346130371e-01
7.630431652069091797e-01
8.394151926040649414e-01
8.037949800491333008e-01
8.178237676620483398e-01
7.978376746177673340e-01
7.888340353965759277e-01
7.845734357833862305e-01
8.532665967941284180e-01
8.054859042167663574e-01
7.921828031539916992e-01
9.240158200263977051e-01
5.608874559402465820e-01
9.226917624473571777e-01
6.208480000495910645e-01
9.521325826644897461e-01
3.593918085098266602e-01
9.528083801269531250e-01
8.399459123611450195e-01
7.901132106781005859e-01
8.631422519683837891e-01
5.893186330795288086e-01
9.397022724151611328e-01
3.411053419113159180e-01
9.356770515441894531e-01
5.266672372817993164e-01
8.487100005149841309e-01
8.505518436431884766e-01
7.413938045501708984e-01
8.452244997024536133e-01
7.508385777473449707e-01
8.583635687828063965e-01
7.092124223709106445e-01
8.227907419204711914e-01
6.960635781288146973e-01
7.840741872787475586e-01
8.855103850364685059e-01
5.306785106658935547e-01
9.314858913421630859e-01
6.540045738220214844e-01
8.548160791397094727e-01
8.715293407440185547e-01
6.547541618347167969e-01
8.873096108436584473e-01
7.419548034667968750e-01
8.421722650527954102e-01
6.590976119041442871e-01
8.675499558448791504e-01
5.927784442901611328e-01
8.992586731910705566e-01
8.008086681365966797e-01
7.896007299423217773e-01
7.718069553375244141e-01
6.415115594863891602e-01
8.856499791145324707e-01
7.000706195831298828e-01
8.717796802520751953e-01
8.769118785858154297e-01
8.092532157897949219e-01
7.390764951705932617e-01
8.877090215682983398e-01
6.411772370338439941e-01
9.045342206954956055e-01
8.280360698699951172e-01
8.302655220031738281e-01
6.977382302284240723e-01
8.434329032897949219e-01
7.373369932174682617e-01
7.801126837730407715e-01
8.658186197280883789e-01
7.358653545379638672e-01
8.261336088180541992e-01
7.895236611366271973e-01
7.346470355987548828e-01
8.391640186309814453e-01
6.436147093772888184e-01
9.445208311080932617e-01
5.724916458129882812e-01
8.709028363227844238e-01
8.222116231918334961e-01
8.291118144989013672e-01
6.690617203712463379e-01
9.073047041893005371e-01
6.136205196380615234e-01
8.979269266128540039e-01
7.582191228866577148e-01
8.456205129623413086e-01
7.647549510002136230e-01
7.794282436370849609e-01
9.037600755691528320e-01
6.440569758415222168e-01
8.725240230560302734e-01
7.679443359375000000e-01
7.597280740737915039e-01
8.520123958587646484e-01
7.985498905181884766e-01
8.617359399795532227e-01
7.093935012817382812e-01
8.735674023628234863e-01
7.215995788574218750e-01
8.774304389953613281e-01
7.279045581817626953e-01
9.044973850250244141e-01
8.134451508522033691e-01
8.255506157875061035e-01
7.947046756744384766e-01
6.485400199890136719e-01
9.463605880737304688e-01
5.045946240425109863e-01
9.576019644737243652e-01
2.714189291000366211e-01
9.127665758132934570e-01
9.055328369140625000e-01
6.138228774070739746e-01
8.983747959136962891e-01
6.302822828292846680e-01
8.628455996513366699e-01
8.655330538749694824e-01
6.504627466201782227e-01
8.759520053863525391e-01
5.820305347442626953e-01
9.616152048110961914e-01
4.500613212585449219e-01
9.216310381889343262e-01
6.814938783645629883e-01
7.962341308593750000e-01
8.180265426635742188e-01
7.717233896255493164e-01
8.413563966751098633e-01
8.280451893806457520e-01
7.006291747093200684e-01
9.248781204223632812e-01
5.937268137931823730e-01
9.262576103210449219e-01
7.914648056030273438e-01
8.486068248748779297e-01
7.886072397232055664e-01
8.932049274444580078e-01
6.714058518409729004e-01
8.962612152099609375e-01
6.774987578392028809e-01
8.234813809394836426e-01
7.421714067459106445e-01
9.167143106460571289e-01
6.776605844497680664e-01
8.714349269866943359e-01
6.417064666748046875e-01
9.059169888496398926e-01
8.568872213363647461e-01
6.822645664215087891e-01
9.356157779693603516e-01
6.110334396362304688e-01
8.695858716964721680e-01
8.735871315002441406e-01
8.221833109855651855e-01
6.628190279006958008e-01
8.565614819526672363e-01
6.690350770950317383e-01
6.333141922950744629e-01
9.421508908271789551e-01
2.654632925987243652e-01
9.612811803817749023e-01
7.438966631889343262e-01
8.649586439132690430e-01
8.586199283599853516e-01
7.617447376251220703e-01
8.198233842849731445e-01
7.227299213409423828e-01
7.888550758361816406e-01
7.612118721008300781e-01
8.030900955200195312e-01
7.924559116363525391e-01
7.984358072280883789e-01
8.299232125282287598e-01
6.850878596305847168e-01
8.751561045646667480e-01
4.935278296470642090e-01
9.723048210144042969e-01
6.381724476814270020e-01
8.723179101943969727e-01
8.498138785362243652e-01
7.492743730545043945e-01
7.989257574081420898e-01
7.704154253005981445e-01
8.222609758377075195e-01
7.814363241195678711e-01
7.969465255737304688e-01
7.528256177902221680e-01
8.285220265388488770e-01
8.204044103622436523e-01
6.412737965583801270e-01
9.087669849395751953e-01
5.431933403015136719e-01
8.869133591651916504e-01
8.377991318702697754e-01
8.045047521591186523e-01
8.636600971221923828e-01
4.247931241989135742e-01
9.501749277114868164e-01
5.097461342811584473e-01
8.972474336624145508e-01
8.373489975929260254e-01
8.340922594070434570e-01
7.911698818206787109e-01
8.540403246879577637e-01
6.241063475608825684e-01
8.468493223190307617e-01
6.991804838180541992e-01
8.081597089767456055e-01
7.112166881561279297e-01
8.244785666465759277e-01
7.066472768783569336e-01
8.749709725379943848e-01
7.618030309677124023e-01
9.128173589706420898e-01
7.860410213470458984e-01
8.521153330802917480e-01
8.569327592849731445e-01
7.394544482231140137e-01
8.219479322433471680e-01
7.663472890853881836e-01
7.641804814338684082e-01
8.391431570053100586e-01
7.396639585494995117e-01
8.925821185111999512e-01
7.984278202056884766e-01
8.564667105674743652e-01
8.674425482749938965e-01
7.469772100448608398e-01
8.864082098007202148e-01
6.613613367080688477e-01
8.458482623100280762e-01
8.767344951629638672e-01
7.989066839218139648e-01
8.939694166183471680e-01
7.007697820663452148e-01
8.487958908081054688e-01
7.455308437347412109e-01
8.962324857711791992e-01
7.517870664596557617e-01
9.082003235816955566e-01
8.171484470367431641e-01
8.252608776092529297e-01
8.775850534439086914e-01
5.664049983024597168e-01
9.408617019653320312e-01
6.342638731002807617e-01
8.644850254058837891e-01
8.780530095100402832e-01
6.110700368881225586e-01
9.131532311439514160e-01
6.964858770370483398e-01
8.297715783119201660e-01
7.937734127044677734e-01
7.919709682464599609e-01
8.248984813690185547e-01
7.975533008575439453e-01
8.221333026885986328e-01
8.503391742706298828e-01
6.308438777923583984e-01
9.378339052200317383e-01
5.124738216400146484e-01
9.143972396850585938e-01
6.725467443466186523e-01
9.376829266548156738e-01
7.437927722930908203e-01
8.482311367988586426e-01
8.559553623199462891e-01
7.246908545494079590e-01
9.152581691741943359e-01
5.836006999015808105e-01
9.153334498405456543e-01
5.335886478424072266e-01
9.470258355140686035e-01
3.160267174243927002e-01
9.547336697578430176e-01
2.067226022481918335e-01
9.046461582183837891e-01
8.069906234741210938e-01
6.269969940185546875e-01
8.691418170928955078e-01
5.831172466278076172e-01
9.103581309318542480e-01
6.981806159019470215e-01
8.037959337234497070e-01
7.692186832427978516e-01
6.428495645523071289e-01
8.671735525131225586e-01
4.075009226799011230e-01
9.606685638427734375e-01
5.676231384277343750e-01
8.884090185165405273e-01
4.942142963409423828e-01
9.111860990524291992e-01
5.436117053031921387e-01
8.723682165145874023e-01
6.762229800224304199e-01
8.251439332962036133e-01
6.244668960571289062e-01
8.754515647888183594e-01
6.626398563385009766e-01
8.932018280029296875e-01
6.086150407791137695e-01
8.845661282539367676e-01
7.639355063438415527e-01
7.669624090194702148e-01
8.809782266616821289e-01
6.051757335662841797e-01
8.832778334617614746e-01
7.073260545730590820e-01
7.646410465240478516e-01
8.520755767822265625e-01
6.831625699996948242e-01
9.048297405242919922e-01
8.147709369659423828e-01
6.767036914825439453e-01
8.662940263748168945e-01
5.880650281906127930e-01
8.820945024490356445e-01
7.708771228790283203e-01
8.758319020271301270e-01
7.928479909896850586e-01
7.570843696594238281e-01
8.481184244155883789e-01
6.480128765106201172e-01
8.920657038688659668e-01
7.562988996505737305e-01
8.231667280197143555e-01
7.556600570678710938e-01
8.001590371131896973e-01
8.000053167343139648e-01
7.660242319107055664e-01
8.608863949775695801e-01
7.653443217277526855e-01
7.393222451210021973e-01
8.567852377891540527e-01
7.546550035476684570e-01
7.102804183959960938e-01
9.444288015365600586e-01
5.302150249481201172e-01
9.474016427993774414e-01
7.318857908248901367e-01
8.731831312179565430e-01
8.289393186569213867e-01
7.979915142059326172e-01
8.644282221794128418e-01
7.246282100677490234e-01
8.704872131347656250e-01
6.365090608596801758e-01
7.928193807601928711e-01
8.792104721069335938e-01
7.319257259368896484e-01
8.683569431304931641e-01
8.270707130432128906e-01
8.353614807128906250e-01
8.139523267745971680e-01
7.871453762054443359e-01
7.623165249824523926e-01
8.576034307479858398e-01
7.672543525695800781e-01
7.835437655448913574e-01
7.824426293373107910e-01
8.399014472961425781e-01
5.784857273101806641e-01
9.249444603919982910e-01
4.761662483215332031e-01
9.557643532752990723e-01
1.831106990575790405e-01
9.678915739059448242e-01
4.505305588245391846e-01
9.305664300918579102e-01
6.080102324485778809e-01
8.762526512145996094e-01
7.667962312698364258e-01
7.956146597862243652e-01
7.664706707000732422e-01
6.898746490478515625e-01
7.699851989746093750e-01
8.066889643669128418e-01
7.227489948272705078e-01
9.015343189239501953e-01
8.014889359474182129e-01
8.268738985061645508e-01
8.044220805168151855e-01
8.169312477111816406e-01
7.449208498001098633e-01
8.661838173866271973e-01
7.461587190628051758e-01
8.751100897789001465e-01
7.501704096794128418e-01
8.166652917861938477e-01
7.695086598396301270e-01
7.781641483306884766e-01
7.826062440872192383e-01
7.619366645812988281e-01
8.955386877059936523e-01
5.368019342422485352e-01
9.328931570053100586e-01
5.451456904411315918e-01
8.632640242576599121e-01
8.877962827682495117e-01
7.624377012252807617e-01
8.654955029487609863e-01
8.686428070068359375e-01
7.452583312988281250e-01
7.868571281433105469e-01
8.613770604133605957e-01
6.402182579040527344e-01
9.031543731689453125e-01
6.512772440910339355e-01
8.268508911132812500e-01
8.962364196777343750e-01
5.587552785873413086e-01
8.547090888023376465e-01
8.453963994979858398e-01
6.940242052078247070e-01
8.640514612197875977e-01
7.059781551361083984e-01
8.886365890502929688e-01
4.105521440505981445e-01
9.438126087188720703e-01
4.288047552108764648e-01
9.143868684768676758e-01
9.173125028610229492e-01
7.169064283370971680e-01
9.306239485740661621e-01
5.410133004188537598e-01
8.658909797668457031e-01
7.321586608886718750e-01
8.357690572738647461e-01
7.560607790946960449e-01
8.145228028297424316e-01
6.265164017677307129e-01
8.689872026443481445e-01
6.498018503189086914e-01
8.719057440757751465e-01
7.363659739494323730e-01
9.197731018066406250e-01
8.014881610870361328e-01
8.483611345291137695e-01
8.063621520996093750e-01
7.844626903533935547e-01
6.977294683456420898e-01
9.087793827056884766e-01
6.813644170761108398e-01
8.863117098808288574e-01
9.049921631813049316e-01
6.057134866714477539e-01
9.510360360145568848e-01
6.493310928344726562e-01
8.609353899955749512e-01
5.449917316436767578e-01
9.362752437591552734e-01
6.673063039779663086e-01
8.691583871841430664e-01
7.751039266586303711e-01
8.449673652648925781e-01
7.489836812019348145e-01
8.373763561248779297e-01
7.638329863548278809e-01
6.301769018173217773e-01
9.312363862991333008e-01
4.617890715599060059e-01
9.010695219039916992e-01
8.661808371543884277e-01
6.698124408721923828e-01
9.155179262161254883e-01
5.886025428771972656e-01
8.041380643844604492e-01
9.102917909622192383e-01
5.393407940864562988e-01
9.054099917411804199e-01
6.556344032287597656e-01
8.653491139411926270e-01
6.440474987030029297e-01
8.829720020294189453e-01
6.316732168197631836e-01
8.506079912185668945e-01
5.782095789909362793e-01
8.689882755279541016e-01
8.368893861770629883e-01
6.886062622070312500e-01
8.713393211364746094e-01
7.161289453506469727e-01
8.144540786743164062e-01
8.316532373428344727e-01
7.428784966468811035e-01
8.228351473808288574e-01
7.474859356880187988e-01
8.575109839439392090e-01
5.776113271713256836e-01
9.129769802093505859e-01
6.805223226547241211e-01
7.404091358184814453e-01
9.063301086425781250e-01
6.333667039871215820e-01
8.631008863449096680e-01
8.677478432655334473e-01
7.708444595336914062e-01
8.700604438781738281e-01
7.638241052627563477e-01
7.603123188018798828e-01
7.968900799751281738e-01
6.968086361885070801e-01
9.017596840858459473e-01
6.994923353195190430e-01
8.596085309982299805e-01
8.179234862327575684e-01
7.702656388282775879e-01
8.386365175247192383e-01
7.593487501144409180e-01
8.071885704994201660e-01
8.262324333190917969e-01
7.547341585159301758e-01
8.786323666572570801e-01
7.251009941101074219e-01
8.317142128944396973e-01
8.412063717842102051e-01
7.092306613922119141e-01
8.171441555023193359e-01
7.395628690719604492e-01
8.444924354553222656e-01
7.180458307266235352e-01
8.136074542999267578e-01
6.535936594009399414e-01
8.497695922851562500e-01
8.809398412704467773e-01
6.197882890701293945e-01
9.391340017318725586e-01
6.173650026321411133e-01
9.243544936180114746e-01
8.119265437126159668e-01
8.893448710441589355e-01
6.668803691864013672e-01
8.788703680038452148e-01
6.209654808044433594e-01
8.666359186172485352e-01
9.080216884613037109e-01
6.156463623046875000e-01
9.051784873008728027e-01
7.292367815971374512e-01
8.081359863281250000e-01
8.247115612030029297e-01
7.952831983566284180e-01
8.220015168190002441e-01
7.709720730781555176e-01
7.824566364288330078e-01
8.505017757415771484e-01
5.715159177780151367e-01
9.733669757843017578e-01
4.066742062568664551e-01
9.658824205398559570e-01
6.146196126937866211e-01
8.692722320556640625e-01
6.882448196411132812e-01
8.303791284561157227e-01
7.101366519927978516e-01
7.915267944335937500e-01
7.651673555374145508e-01
7.510541081428527832e-01
8.686441183090209961e-01
5.267759561538696289e-01
9.075909852981567383e-01
7.275704741477966309e-01
8.690717816352844238e-01
8.676688671112060547e-01
7.488863468170166016e-01
8.058487176895141602e-01
8.362630009651184082e-01
7.425704002380371094e-01
9.080941677093505859e-01
6.931782364845275879e-01
8.724179863929748535e-01
8.359558582305908203e-01
8.224992752075195312e-01
7.625728845596313477e-01
8.458602428436279297e-01
7.283695936203002930e-01
8.705149292945861816e-01
7.269482612609863281e-01
8.249797224998474121e-01
7.914732694625854492e-01
7.420775890350341797e-01
8.554214239120483398e-01
7.158095836639404297e-01
9.217076301574707031e-01
5.991381406784057617e-01
9.437822699546813965e-01
4.943947792053222656e-01
9.762088060379028320e-01
8.958509564399719238e-02
9.264595508575439453e-01
1.410006880760192871e-01
9.721654653549194336e-01
7.112083435058593750e-01
7.919613122940063477e-01
8.686206340789794922e-01
5.070851445198059082e-01
8.275803923606872559e-01
6.171455383300781250e-01
7.294243574142456055e-01
7.844660282135009766e-01
5.917232036590576172e-01
8.215614557266235352e-01
6.002473235130310059e-01
9.401457309722900391e-01
5.717743635177612305e-01
8.817507624626159668e-01
8.921431303024291992e-01
6.951354742050170898e-01
8.255375623703002930e-01
7.268894314765930176e-01
7.835423946380615234e-01
8.491982221603393555e-01
6.849454641342163086e-01
8.131248950958251953e-01
7.060239315032958984e-01
8.164192438125610352e-01
5.050350427627563477e-01
9.441515207290649414e-01
4.567624032497406006e-01
8.983159065246582031e-01
8.922778367996215820e-01
5.429146289825439453e-01
9.151924848556518555e-01
7.937768697738647461e-01
8.588487505912780762e-01
6.418288946151733398e-01
8.714263439178466797e-01
6.633090972900390625e-01
8.560876250267028809e-01
5.419580340385437012e-01
9.367513060569763184e-01
6.917484402656555176e-01
7.506167888641357422e-01
9.238173961639404297e-01
6.002293229103088379e-01
8.626052737236022949e-01
7.978622913360595703e-01
6.665882468223571777e-01
8.915855884552001953e-01
4.788663387298583984e-01
9.041339159011840820e-01
6.089249849319458008e-01
8.820167183876037598e-01
6.277901530265808105e-01
9.125533103942871094e-01
7.185958027839660645e-01
7.837339639663696289e-01
6.033850908279418945e-01
8.452668190002441406e-01
7.771003842353820801e-01
7.946594953536987305e-01
8.312722444534301758e-01
6.353062987327575684e-01
9.196773767471313477e-01
4.513904452323913574e-01
9.581176638603210449e-01
7.661991715431213379e-01
8.149082660675048828e-01
8.239941000938415527e-01
7.285214066505432129e-01
8.209400177001953125e-01
7.887837886810302734e-01
7.736992835998535156e-01
8.114709258079528809e-01
7.198902368545532227e-01
8.723859786987304688e-01
7.159073352813720703e-01
8.005634546279907227e-01
8.320235013961791992e-01
7.546186447143554688e-01
8.542224168777465820e-01
7.553466558456420898e-01
7.866549491882324219e-01
8.840096592903137207e-01
4.942770600318908691e-01
9.508111476898193359e-01
4.636453986167907715e-01
9.069942235946655273e-01
7.330589294433593750e-01
8.637943267822265625e-01
8.566300868988037109e-01
7.013474106788635254e-01
8.669410943984985352e-01
5.258804559707641602e-01
9.391405582427978516e-01
7.081124782562255859e-01
8.218330144882202148e-01
8.674802780151367188e-01
7.405267357826232910e-01
8.285685181617736816e-01
7.942839860916137695e-01
8.218685984611511230e-01
8.827760219573974609e-01
6.973380446434020996e-01
8.355828523635864258e-01
7.830623984336853027e-01
7.447830438613891602e-01
8.626361489295959473e-01
5.930926799774169922e-01
8.700433373451232910e-01
7.012563943862915039e-01
8.428676128387451172e-01
7.659132480621337891e-01
7.899362444877624512e-01
8.590403795242309570e-01
6.936513185501098633e-01
8.727548718452453613e-01
7.449234724044799805e-01
8.373955488204956055e-01
7.456598281860351562e-01
8.992106318473815918e-01
6.291245818138122559e-01
9.209460616111755371e-01
7.434561252593994141e-01
8.071269989013671875e-01
8.538554906845092773e-01
7.581667900085449219e-01
7.502412796020507812e-01
8.825366497039794922e-01
6.494837403297424316e-01
9.213328361511230469e-01
6.497048139572143555e-01
8.680822253227233887e-01
8.108365535736083984e-01
6.614583730697631836e-01
8.991104960441589355e-01
6.457400918006896973e-01
8.559089303016662598e-01
7.487542629241943359e-01
9.230466485023498535e-01
7.693657875061035156e-01
7.639535069465637207e-01
9.220004081726074219e-01
6.661228537559509277e-01
9.055488109588623047e-01
6.872876882553100586e-01
8.294777870178222656e-01
7.715759277343750000e-01
7.761822938919067383e-01
7.438184022903442383e-01
7.629721164703369141e-01
9.176408052444458008e-01
6.165197491645812988e-01
9.070899486541748047e-01
8.546087145805358887e-01
7.085137367248535156e-01
9.165019989013671875e-01
5.649370551109313965e-01
9.063072204589843750e-01
5.371493101119995117e-01
9.494404792785644531e-01
4.530281424522399902e-01
9.798300862312316895e-01
2.048228681087493896e-01
9.412868022918701172e-01
4.427160620689392090e-01
8.400792479515075684e-01
7.066981792449951172e-01
7.166596055030822754e-01
7.382280826568603516e-01
6.738092899322509766e-01
8.383953571319580078e-01
6.081711649894714355e-01
9.031052589416503906e-01
4.998172223567962646e-01
9.593194127082824707e-01
6.552689075469970703e-01
8.683298826217651367e-01
7.571252584457397461e-01
7.829483747482299805e-01
7.156112194061279297e-01
8.993419408798217773e-01
6.232637166976928711e-01
8.382666110992431641e-01
7.490593194961547852e-01
8.061437010765075684e-01
7.393580675125122070e-01
7.703688144683837891e-01
8.071609735488891602e-01
8.315027356147766113e-01
6.290274262428283691e-01
9.251539707183837891e-01
5.193288326263427734e-01
9.042088985443115234e-01
8.944401741027832031e-01
5.453126430511474609e-01
9.282701611518859863e-01
5.442552566528320312e-01
9.275670647621154785e-01
7.232995033264160156e-01
8.233612775802612305e-01
8.785737752914428711e-01
6.849751472473144531e-01
7.589446306228637695e-01
8.138239383697509766e-01
4.452541470527648926e-01
9.562008380889892578e-01
4.749240875244140625e-01
9.223082661628723145e-01
8.522650003433227539e-01
7.471959590911865234e-01
9.014335870742797852e-01
7.758499383926391602e-01
7.213213443756103516e-01
8.542470932006835938e-01
4.645784497261047363e-01
9.538508653640747070e-01
3.674246072769165039e-01
9.418098926544189453e-01
7.759964466094970703e-01
7.814651727676391602e-01
7.881585359573364258e-01
7.751766443252563477e-01
8.569024205207824707e-01
8.011034727096557617e-01
7.976193428039550781e-01
6.958121061325073242e-01
8.721281290054321289e-01
5.148504972457885742e-01
9.596379399299621582e-01
5.575307607650756836e-01
8.013509511947631836e-01
9.611068964004516602e-01
5.972660779953002930e-01
8.512607812881469727e-01
7.672749757766723633e-01
7.901199460029602051e-01
5.473216772079467773e-01
9.385403990745544434e-01
6.662850975990295410e-01
7.514631748199462891e-01
9.500313997268676758e-01
5.985049605369567871e-01
8.466173410415649414e-01
8.570907115936279297e-01
5.695602297782897949e-01
8.982243537902832031e-01
7.875400781631469727e-01
8.205000162124633789e-01
8.500857353210449219e-01
6.450182199478149414e-01
8.680289983749389648e-01
7.289708256721496582e-01
7.667351961135864258e-01
8.574597835540771484e-01
6.704630851745605469e-01
9.221332073211669922e-01
7.659639120101928711e-01
8.504962921142578125e-01
6.926776170730590820e-01
8.802224397659301758e-01
7.208873033523559570e-01
7.940831184387207031e-01
8.682357072830200195e-01
7.568323016166687012e-01
8.142491579055786133e-01
8.210436105728149414e-01
6.053712368011474609e-01
8.718936443328857422e-01
6.883221864700317383e-01
8.534300923347473145e-01
7.551659345626831055e-01
7.906136512756347656e-01
8.881306648254394531e-01
6.161286830902099609e-01
8.846744298934936523e-01
7.503238320350646973e-01
8.213758468627929688e-01
7.855948209762573242e-01
7.405211329460144043e-01
8.879956603050231934e-01
6.607525348663330078e-01
8.458913564682006836e-01
8.117269277572631836e-01
8.395918011665344238e-01
7.971621751785278320e-01
7.929545044898986816e-01
8.460805416107177734e-01
6.160497069358825684e-01
9.080628156661987305e-01
6.365594863891601562e-01
8.649951219558715820e-01
7.082961797714233398e-01
9.313386678695678711e-01
6.580144166946411133e-01
8.412427306175231934e-01
8.391548395156860352e-01
7.094118595123291016e-01
8.583282232284545898e-01
7.755792140960693359e-01
8.754324316978454590e-01
5.861284732818603516e-01
9.573537707328796387e-01
5.447829365730285645e-01
8.914610743522644043e-01
3.346642553806304932e-01
9.428468346595764160e-01
7.747018933296203613e-01
7.622567415237426758e-01
8.862677216529846191e-01
6.411358118057250977e-01
9.004479050636291504e-01
6.736822724342346191e-01
9.132322669029235840e-01
6.992081999778747559e-01
8.008022308349609375e-01
7.856497168540954590e-01
7.807431221008300781e-01
8.503252267837524414e-01
7.544820308685302734e-01
9.074372649192810059e-01
6.256724596023559570e-01
8.933261036872863770e-01
6.822260618209838867e-01
8.550482988357543945e-01
6.913807392120361328e-01
8.639402389526367188e-01
8.182214498519897461e-01
7.813740968704223633e-01
9.134679436683654785e-01
7.922799587249755859e-01
8.108792304992675781e-01
8.258450031280517578e-01
8.044501543045043945e-01
6.612974405288696289e-01
9.305685162544250488e-01
6.659997105598449707e-01
8.411414027214050293e-01
7.263659238815307617e-01
8.614751100540161133e-01
6.387486457824707031e-01
8.753765821456909180e-01
6.483088731765747070e-01
9.369807243347167969e-01
6.031126976013183594e-01
8.941092491149902344e-01
8.571050167083740234e-01
8.082734346389770508e-01
8.211888074874877930e-01
8.400256633758544922e-01
8.004398345947265625e-01
7.752301692962646484e-01
6.864218115806579590e-01
8.406899571418762207e-01
7.569696903228759766e-01
8.852446079254150391e-01
8.369225263595581055e-01
7.133624553680419922e-01
8.257389068603515625e-01
7.680697441101074219e-01
7.942280173301696777e-01
7.405586838722229004e-01
9.045675992965698242e-01
8.303698897361755371e-01
5.825642347335815430e-01
9.488350749015808105e-01
2.860756218433380127e-01
9.523385763168334961e-01
4.743134379386901855e-01
9.406517148017883301e-01
5.026457309722900391e-01
8.205348253250122070e-01
7.884554862976074219e-01
6.462754607200622559e-01
8.370749950408935547e-01
4.826674163341522217e-01
9.321843385696411133e-01
6.180604696273803711e-01
9.241384267807006836e-01
8.194315433502197266e-01
8.975945711135864258e-01
7.658610343933105469e-01
7.896181344985961914e-01
6.512599587440490723e-01
8.610132932662963867e-01
6.709046959877014160e-01
8.646404743194580078e-01
8.403366208076477051e-01
8.424111604690551758e-01
7.369602918624877930e-01
9.034981727600097656e-01
3.043411970138549805e-01
9.058532714843750000e-01
7.383372783660888672e-01
8.680337667465209961e-01
7.640748023986816406e-01
7.086738944053649902e-01
8.594616055488586426e-01
7.271796464920043945e-01
9.061837792396545410e-01
5.937299132347106934e-01
9.602110385894775391e-01
4.512072205543518066e-01
9.139337539672851562e-01
6.221313476562500000e-01
8.693419694900512695e-01
6.397827863693237305e-01
8.353606462478637695e-01
7.891554832458496094e-01
8.090139031410217285e-01
8.205793499946594238e-01
8.991575837135314941e-01
6.679531335830688477e-01
8.494743704795837402e-01
7.120332121849060059e-01
7.757507562637329102e-01
7.781534194946289062e-01
6.874035000801086426e-01
9.223474264144897461e-01
5.992078781127929688e-01
9.507502913475036621e-01
7.052777409553527832e-01
8.338010311126708984e-01
7.755053639411926270e-01
7.325364351272583008e-01
8.753836154937744141e-01
6.349948644638061523e-01
9.060832262039184570e-01
4.670843482017517090e-01
9.319769144058227539e-01
4.840348362922668457e-01
8.689927458763122559e-01
7.680404186248779297e-01
7.841345667839050293e-01
9.260462522506713867e-01
8.099828958511352539e-01
6.828407049179077148e-01
9.078645706176757812e-01
3.125805854797363281e-01
8.675498962402343750e-01
7.768232822418212891e-01
7.140165567398071289e-01
8.843609094619750977e-01
6.487539410591125488e-01
8.534305095672607422e-01
9.013546705245971680e-01
4.397241771221160889e-01
9.726048707962036133e-01
6.038241982460021973e-01
8.723649978637695312e-01
8.128083944320678711e-01
7.093963623046875000e-01
8.573914766311645508e-01
4.839132428169250488e-01
9.433580636978149414e-01
5.492866039276123047e-01
8.927246332168579102e-01
6.603624820709228516e-01
8.785650134086608887e-01
8.232072591781616211e-01
7.798098325729370117e-01
8.980501890182495117e-01
7.559527158737182617e-01
8.888382315635681152e-01
6.454668045043945312e-01
9.259400367736816406e-01
6.437448263168334961e-01
8.904021382331848145e-01
4.930765628814697266e-01
9.649276137351989746e-01
5.673034191131591797e-01
8.918561935424804688e-01
9.117087125778198242e-01
6.671690940856933594e-01
8.847370147705078125e-01
8.447108268737792969e-01
5.722033977508544922e-01
9.229226708412170410e-01
2.837758958339691162e-01
9.381805658340454102e-01
3.245372772216796875e-01
9.241280555725097656e-01
6.241990923881530762e-01
7.925782203674316406e-01
6.923061013221740723e-01
8.684275150299072266e-01
6.479129791259765625e-01
8.291419744491577148e-01
8.623586893081665039e-01
5.438141822814941406e-01
9.158727526664733887e-01
5.514169931411743164e-01
8.726494312286376953e-01
7.784028053283691406e-01
7.506674528121948242e-01
8.569391965866088867e-01
6.684995889663696289e-01
8.588653802871704102e-01
6.716685295104980469e-01
8.898243904113769531e-01
6.964635252952575684e-01
8.268796801567077637e-01
8.541261553764343262e-01
7.774871587753295898e-01
8.348200917243957520e-01
7.583413124084472656e-01
7.123835086822509766e-01
8.850157260894775391e-01
6.642476320266723633e-01
8.419300317764282227e-01
8.564984798431396484e-01
7.504462599754333496e-01
9.238479733467102051e-01
6.640988588333129883e-01
9.127507209777832031e-01
4.293681383132934570e-01
9.302657246589660645e-01
4.152509272098541260e-01
9.595555663108825684e-01
6.388421058654785156e-01
8.453035354614257812e-01
8.514834642410278320e-01
6.355675458908081055e-01
9.460639357566833496e-01
8.049200773239135742e-01
6.926789879798889160e-01
9.135479331016540527e-01
7.204351425170898438e-01
8.060690164566040039e-01
8.660172224044799805e-01
5.498374700546264648e-01
9.259932637214660645e-01
5.582890510559082031e-01
8.849353194236755371e-01
8.577753305435180664e-01
7.767526507377624512e-01
6.949634552001953125e-01
9.173136353492736816e-01
6.749347448348999023e-01
8.097425103187561035e-01
7.923479080200195312e-01
8.675378561019897461e-01
7.988435029983520508e-01
7.952042222023010254e-01
8.160337209701538086e-01
7.882830500602722168e-01
8.243689537048339844e-01
8.049541711807250977e-01
8.568608760833740234e-01
6.415359377861022949e-01
9.294182658195495605e-01
6.257596015930175781e-01
8.075879812240600586e-01
8.822869062423706055e-01
7.011926174163818359e-01
8.750550746917724609e-01
7.471768856048583984e-01
9.115917682647705078e-01
6.564669609069824219e-01
9.107143282890319824e-01
5.741182565689086914e-01
8.397761583328247070e-01
8.547614812850952148e-01
8.087812066078186035e-01
8.933233022689819336e-01
7.238703966140747070e-01
8.330713510513305664e-01
8.743322491645812988e-01
7.935541868209838867e-01
8.275977373123168945e-01
7.701615095138549805e-01
8.734576702117919922e-01
8.018372058868408203e-01
8.196381926536560059e-01
8.488084077835083008e-01
7.626795768737792969e-01
8.564207553863525391e-01
7.995473742485046387e-01
8.729243874549865723e-01
8.430637717247009277e-01
8.524277210235595703e-01
7.164156436920166016e-01
8.925719857215881348e-01
7.426722049713134766e-01
8.328355550765991211e-01
8.739358186721801758e-01
7.811154723167419434e-01
9.064010381698608398e-01
7.445043921470642090e-01
8.685634136199951172e-01
8.564012050628662109e-01
8.113532066345214844e-01
8.112564086914062500e-01
6.618691086769104004e-01
9.289768934249877930e-01
7.201820611953735352e-01
8.729441165924072266e-01
5.883597731590270996e-01
8.948419094085693359e-01
7.915726900100708008e-01
6.192032098770141602e-01
8.674760460853576660e-01
5.681549310684204102e-01
9.367876052856445312e-01
7.393523454666137695e-01
8.831357955932617188e-01
6.390551924705505371e-01
8.970598578453063965e-01
7.381017804145812988e-01
8.411117196083068848e-01
8.205096721649169922e-01
8.480543494224548340e-01
8.081175088882446289e-01
8.727455139160156250e-01
7.421237230300903320e-01
8.774259090423583984e-01
8.534372448921203613e-01
8.097888231277465820e-01
8.989632129669189453e-01
8.157453536987304688e-01
7.980207204818725586e-01
8.221462368965148926e-01
9.027198553085327148e-01
6.788936257362365723e-01
8.987786769866943359e-01
4.597649574279785156e-01
9.349814057350158691e-01
3.638656139373779297e-01
9.665992259979248047e-01
2.647272944450378418e-01
9.248442649841308594e-01
3.333896100521087646e-01
9.278061389923095703e-01
4.817656874656677246e-01
9.033250808715820312e-01
4.157372117042541504e-01
8.454166650772094727e-01
8.529258370399475098e-01
7.249916791915893555e-01
8.194049596786499023e-01
7.753946781158447266e-01
7.919440269470214844e-01
7.178981304168701172e-01
7.977610826492309570e-01
6.656992435455322266e-01
7.835834622383117676e-01
8.131747841835021973e-01
6.958835124969482422e-01
9.002974629402160645e-01
7.828998565673828125e-01
6.979058980941772461e-01
8.956485390663146973e-01
8.091822862625122070e-01
8.868625164031982422e-01
7.156340479850769043e-01
8.961350917816162109e-01
7.330520153045654297e-01
5.426657199859619141e-01
9.432324171066284180e-01
5.300797224044799805e-01
8.675783276557922363e-01
8.946443200111389160e-01
7.654114961624145508e-01
7.204678654670715332e-01
7.735688686370849609e-01
7.411268353462219238e-01
8.550135493278503418e-01
7.261053919792175293e-01
9.043619632720947266e-01
5.495860576629638672e-01
8.941544294357299805e-01
8.086397647857666016e-01
7.566813230514526367e-01
8.419719934463500977e-01
6.081151366233825684e-01
8.578677177429199219e-01
5.933609008789062500e-01
9.418112635612487793e-01
7.058142423629760742e-01
8.634485602378845215e-01
8.224298954010009766e-01
8.646689653396606445e-01
7.100336551666259766e-01
9.158958792686462402e-01
6.462215185165405273e-01
8.151029348373413086e-01
8.880454301834106445e-01
8.609453439712524414e-01
7.761675715446472168e-01
8.662274479866027832e-01
7.795882225036621094e-01
8.411483168601989746e-01
7.814611196517944336e-01
8.780415058135986328e-01
7.583992481231689453e-01
8.151650428771972656e-01
8.438351154327392578e-01
8.009886741638183594e-01
7.833062410354614258e-01
8.309656381607055664e-01
8.878774642944335938e-01
7.362892031669616699e-01
8.323186635971069336e-01
7.359557151794433594e-01
8.940712213516235352e-01
8.434377908706665039e-01
7.200489044189453125e-01
9.081898927688598633e-01
5.267997384071350098e-01
9.676558375358581543e-01
6.676777601242065430e-01
8.749997615814208984e-01
7.406730651855468750e-01
6.577382087707519531e-01
8.889697790145874023e-01
3.121640682220458984e-01
9.666950106620788574e-01
3.593615293502807617e-01
9.272459745407104492e-01
7.195269465446472168e-01
8.066539764404296875e-01
7.931042313575744629e-01
7.685552835464477539e-01
7.725747823715209961e-01
4.498174190521240234e-01
9.277260303497314453e-01
5.372375845909118652e-01
9.028643369674682617e-01
8.561477661132812500e-01
7.793613672256469727e-01
8.800910115242004395e-01
7.091134786605834961e-01
8.465051054954528809e-01
7.072647809982299805e-01
8.510285019874572754e-01
4.865922927856445312e-01
9.698795676231384277e-01
6.236013174057006836e-01
8.992811441421508789e-01
6.508743762969970703e-01
8.882272243499755859e-01
3.398746550083160400e-01
9.760557413101196289e-01
4.087368845939636230e-01
9.719099998474121094e-01
2.943986058235168457e-01
9.399302005767822266e-01
8.561006188392639160e-01
6.933686137199401855e-01
8.541733026504516602e-01
4.498344659805297852e-01
9.013665914535522461e-01
5.199506878852844238e-01
8.880672454833984375e-01
7.656131386756896973e-01
8.241743445396423340e-01
8.413586616516113281e-01
5.859301090240478516e-01
8.882390260696411133e-01
8.238707780838012695e-01
6.942814588546752930e-01
9.210538864135742188e-01
6.479566097259521484e-01
8.886469602584838867e-01
7.705646753311157227e-01
7.775152921676635742e-01
8.747181892395019531e-01
8.699381351470947266e-01
6.693748235702514648e-01
8.924630880355834961e-01
7.552849054336547852e-01
8.302434682846069336e-01
7.743372917175292969e-01
8.845751285552978516e-01
8.124722242355346680e-01
7.746978998184204102e-01
8.401993513107299805e-01
7.666556835174560547e-01
7.201390862464904785e-01
7.873434424400329590e-01
7.877603769302368164e-01
7.622115015983581543e-01
8.628908395767211914e-01
8.542398214340209961e-01
7.873596549034118652e-01
8.971555829048156738e-01
6.982204914093017578e-01
7.512956857681274414e-01
9.069820046424865723e-01
3.579625487327575684e-01
9.484764933586120605e-01
6.841768622398376465e-01
8.491455316543579102e-01
8.255779743194580078e-01
5.939902067184448242e-01
9.653902649879455566e-01
6.036636829376220703e-01
8.332530856132507324e-01
8.631572723388671875e-01
6.548205614089965820e-01
9.189590215682983398e-01
5.507377386093139648e-01
7.690089941024780273e-01
9.204679131507873535e-01
6.963944435119628906e-01
8.612926006317138672e-01
8.870037794113159180e-01
8.279440402984619141e-01
7.795206308364868164e-01
7.846992015838623047e-01
7.727612257003784180e-01
8.517004251480102539e-01
7.511829137802124023e-01
8.478572964668273926e-01
7.736526727676391602e-01
7.833100557327270508e-01
8.513357639312744141e-01
8.803472518920898438e-01
8.006190657615661621e-01
8.980000019073486328e-01
5.975195169448852539e-01
9.438389539718627930e-01
6.078660488128662109e-01
8.987059593200683594e-01
8.880096673965454102e-01
7.008523344993591309e-01
9.458376169204711914e-01
7.720164060592651367e-01
8.511400222778320312e-01
8.043198585510253906e-01
8.651417493820190430e-01
7.409780025482177734e-01
8.127999305725097656e-01
8.955267667770385742e-01
7.240192890167236328e-01
8.783196210861206055e-01
8.484072685241699219e-01
7.234461903572082520e-01
9.333515167236328125e-01
8.243826627731323242e-01
7.143102884292602539e-01
8.505821228027343750e-01
7.481770515441894531e-01
8.824938535690307617e-01
7.261602878570556641e-01
9.251502156257629395e-01
6.598143577575683594e-01
9.249432682991027832e-01
5.077463388442993164e-01
9.682514071464538574e-01
4.732907116413116455e-01
8.809785842895507812e-01
8.946526050567626953e-01
8.134793043136596680e-01
7.954788208007812500e-01
8.858380913734436035e-01
6.841825246810913086e-01
8.323980569839477539e-01
8.966041803359985352e-01
6.238096356391906738e-01
8.624679446220397949e-01
7.891576886177062988e-01
8.782870769500732422e-01
6.812571287155151367e-01
9.432629346847534180e-01
8.405436277389526367e-01
7.860001325607299805e-01
8.137645721435546875e-01
8.537794351577758789e-01
8.719729781150817871e-01
7.174471616744995117e-01
9.119892120361328125e-01
7.572162747383117676e-01
8.399099111557006836e-01
5.711029767990112305e-01
9.752753973007202148e-01
7.270340919494628906e-01
8.441718220710754395e-01
7.189463376998901367e-01
8.927172422409057617e-01
5.493601560592651367e-01
9.784991741180419922e-01
4.956786632537841797e-01
9.549013376235961914e-01
5.941106081008911133e-01
8.941705822944641113e-01
8.028379678726196289e-01
8.692510128021240234e-01
6.457163095474243164e-01
9.126783609390258789e-01
7.151960134506225586e-01
8.631635904312133789e-01
7.964969277381896973e-01
8.147063851356506348e-01
8.324702978134155273e-01
7.740559577941894531e-01
8.000859022140502930e-01
7.730431556701660156e-01
8.551477193832397461e-01
6.284955739974975586e-01
9.614850282669067383e-01
3.862429857254028320e-01
9.591107368469238281e-01
3.084436953067779541e-01
9.688794612884521484e-01
7.283829450607299805e-01
8.205772638320922852e-01
8.367489576339721680e-01
6.693048477172851562e-01
8.241701126098632812e-01
6.301749944686889648e-01
9.115394949913024902e-01
7.248730063438415527e-01
8.671877384185791016e-01
6.274451017379760742e-01
8.801754713058471680e-01
8.178026676177978516e-01
6.250279545783996582e-01
9.350986480712890625e-01
5.679844617843627930e-01
9.187312126159667969e-01
7.760369181632995605e-01
7.408834695816040039e-01
8.443270921707153320e-01
6.394279599189758301e-01
7.720863223075866699e-01
8.937449455261230469e-01
6.997681856155395508e-01
8.625907897949218750e-01
7.882500886917114258e-01
8.051997423171997070e-01
7.346525788307189941e-01
9.161175489425659180e-01
6.005601882934570312e-01
9.455993175506591797e-01
7.214601039886474609e-01
7.904706001281738281e-01
7.449737787246704102e-01
7.857737541198730469e-01
7.536081671714782715e-01
9.209064245223999023e-01
7.525779604911804199e-01
8.711735010147094727e-01
8.423957824707031250e-01
8.567988872528076172e-01
7.135742902755737305e-01
9.105049371719360352e-01
6.212304830551147461e-01
9.394142627716064453e-01
8.285123705863952637e-01
7.928916215896606445e-01
8.969518542289733887e-01
6.561284065246582031e-01
9.441031217575073242e-01
6.597599387168884277e-01
9.469336271286010742e-01
5.044652223587036133e-01
9.765468835830688477e-01
6.820946931838989258e-01
9.246881604194641113e-01
5.959954261779785156e-01
8.854774832725524902e-01
7.886659502983093262e-01
7.931277155876159668e-01
8.883712291717529297e-01
4.002873003482818604e-01
9.619768261909484863e-01
5.202118754386901855e-01
9.474086165428161621e-01
7.553975582122802734e-01
7.036406397819519043e-01
9.374122619628906250e-01
4.315104186534881592e-01
9.492822885513305664e-01
6.043875813484191895e-01
8.121128082275390625e-01
8.602335453033447266e-01
4.697536826133728027e-01
9.259133338928222656e-01
4.744722247123718262e-01
8.654999732971191406e-01
8.389578461647033691e-01
7.500991225242614746e-01
8.493959307670593262e-01
8.333293199539184570e-01
7.472115159034729004e-01
8.419040441513061523e-01
8.368059396743774414e-01
8.022421598434448242e-01
8.691614866256713867e-01
7.580592036247253418e-01
8.109457492828369141e-01
7.724806070327758789e-01
8.734798431396484375e-01
8.882453441619873047e-01
7.414895296096801758e-01
8.799999952316284180e-01
7.382799983024597168e-01
8.479691743850708008e-01
7.609114646911621094e-01
8.967177271842956543e-01
7.209345102310180664e-01
8.336353302001953125e-01
8.497674465179443359e-01
8.250036239624023438e-01
7.707813382148742676e-01
8.710856437683105469e-01
6.956406831741333008e-01
9.334375262260437012e-01
6.570583581924438477e-01
7.696576118469238281e-01
8.116497993469238281e-01
6.063999533653259277e-01
8.816511631011962891e-01
3.718728423118591309e-01
9.488127827644348145e-01
6.374897956848144531e-01
8.762837052345275879e-01
8.463370800018310547e-01
7.190169095993041992e-01
9.273709654808044434e-01
5.547530055046081543e-01
9.369025230407714844e-01
2.476335465908050537e-01
9.367486238479614258e-01
8.686031103134155273e-01
8.396439552307128906e-01
7.844837903976440430e-01
7.705165147781372070e-01
7.433349490165710449e-01
8.572495579719543457e-01
6.557708978652954102e-01
9.614891409873962402e-01
4.875704646110534668e-01
9.344174861907958984e-01
9.037752747535705566e-01
7.470659017562866211e-01
8.302463293075561523e-01
8.782356977462768555e-01
6.943422555923461914e-01
8.041104078292846680e-01
8.421591520309448242e-01
7.728840112686157227e-01
9.168371558189392090e-01
8.998609781265258789e-01
7.944825291633605957e-01
9.285782575607299805e-01
6.750357151031494141e-01
9.213900566101074219e-01
6.663587093353271484e-01
9.398865699768066406e-01
7.160573005676269531e-01
9.330501556396484375e-01
8.610705733299255371e-01
6.765490174293518066e-01
9.507170915603637695e-01
6.508112549781799316e-01
9.525932669639587402e-01
8.072010874748229980e-01
7.715547084808349609e-01
8.661117553710937500e-01
6.990291476249694824e-01
8.550307154655456543e-01
8.044321537017822266e-01
8.498935699462890625e-01
7.131673693656921387e-01
9.106246232986450195e-01
6.708239316940307617e-01
9.001778364181518555e-01
9.214798212051391602e-01
8.347405195236206055e-01
8.610100746154785156e-01
7.230967283248901367e-01
7.657061219215393066e-01
8.463182449340820312e-01
7.580575346946716309e-01
7.830370068550109863e-01
9.120963811874389648e-01
5.885953903198242188e-01
9.297721385955810547e-01
6.891427636146545410e-01
8.933426141738891602e-01
9.288714528083801270e-01
8.479127883911132812e-01
6.499445438385009766e-01
9.487904906272888184e-01
2.854016721248626709e-01
9.264640212059020996e-01
3.291766345500946045e-02
9.985294342041015625e-01
3.856469392776489258e-01
9.734006524085998535e-01
6.626517772674560547e-01
8.172456026077270508e-01
8.218230009078979492e-01
4.969003200531005859e-01
9.060105085372924805e-01
5.166103839874267578e-01
9.260207414627075195e-01
6.383843421936035156e-01
8.190317153930664062e-01
5.703145265579223633e-01
9.132915139198303223e-01
6.233307123184204102e-01
8.108177781105041504e-01
6.744762063026428223e-01
8.136626482009887695e-01
8.393211364746093750e-01
7.339904308319091797e-01
8.679202795028686523e-01
7.789055109024047852e-01
7.957903146743774414e-01
8.431122303009033203e-01
7.283360958099365234e-01
7.447189688682556152e-01
8.368635177612304688e-01
6.617510318756103516e-01
8.644803166389465332e-01
6.587622165679931641e-01
8.749878406524658203e-01
8.904844522476196289e-01
6.428506374359130859e-01
9.046880006790161133e-01
6.755059361457824707e-01
8.299986720085144043e-01
8.232308626174926758e-01
7.924591302871704102e-01
8.355953097343444824e-01
7.121315002441406250e-01
9.190930128097534180e-01
8.389157056808471680e-01
7.741454839706420898e-01
8.942152261734008789e-01
6.421293020248413086e-01
8.682082295417785645e-01
7.009923458099365234e-01
9.051812887191772461e-01
5.688964724540710449e-01
9.144129753112792969e-01
7.969522476196289062e-01
8.332609534263610840e-01
8.658930063247680664e-01
8.273267149925231934e-01
8.150602579116821289e-01
8.498547673225402832e-01
6.827235221862792969e-01
8.798779249191284180e-01
6.572166681289672852e-01
8.975064754486083984e-01
7.194646596908569336e-01
7.676286697387695312e-01
9.513490200042724609e-01
7.490431666374206543e-01
7.490853667259216309e-01
7.916548252105712891e-01
8.343086242675781250e-01
8.275626897811889648e-01
6.309922337532043457e-01
9.440297484397888184e-01
5.199155807495117188e-01
9.586414098739624023e-01
8.859650492668151855e-01
6.726205348968505859e-01
9.585523605346679688e-01
6.779434680938720703e-01
7.844268679618835449e-01
9.625850915908813477e-01
7.677922844886779785e-01
8.488169312477111816e-01
8.622796535491943359e-01
8.105861544609069824e-01
8.648946285247802734e-01
8.307115435600280762e-01
8.838852643966674805e-01
7.724113464355468750e-01
8.577347993850708008e-01
9.130435585975646973e-01
7.345321178436279297e-01
8.965597152709960938e-01
7.833288908004760742e-01
8.662671446800231934e-01
6.261603832244873047e-01
9.318145513534545898e-01
5.528385043144226074e-01
9.388389587402343750e-01
4.732773303985595703e-01
8.906728029251098633e-01
8.427562117576599121e-01
8.438531160354614258e-01
8.539445400238037109e-01
6.472328305244445801e-01
9.317845106124877930e-01
5.265332460403442383e-01
9.557856321334838867e-01
7.062504291534423828e-01
8.338244557380676270e-01
8.962695598602294922e-01
6.760256886482238770e-01
8.752669692039489746e-01
7.055854797363281250e-01
8.656674623489379883e-01
8.060117959976196289e-01
8.972378373146057129e-01
7.763756513595581055e-01
8.035252690315246582e-01
9.721803665161132812e-01
5.150555372238159180e-01
7.877957224845886230e-01
9.280580282211303711e-01
7.355141639709472656e-01
8.408669233322143555e-01
9.250319600105285645e-01
6.471772193908691406e-01
9.000698328018188477e-01
8.862565755844116211e-01
7.995360493659973145e-01
9.167086482048034668e-01
7.709202766418457031e-01
8.842025995254516602e-01
8.209421634674072266e-01
8.485237360000610352e-01
7.859808802604675293e-01
7.640971541404724121e-01
8.246110677719116211e-01
8.457576036453247070e-01
8.634514808654785156e-01
7.389689683914184570e-01
9.173902273178100586e-01
7.280293703079223633e-01
8.831443786621093750e-01
8.321385383605957031e-01
7.950211167335510254e-01
8.975805044174194336e-01
7.365674376487731934e-01
9.336031079292297363e-01
8.449736833572387695e-01
9.036183357238769531e-01
8.695868253707885742e-01
8.069806098937988281e-01
8.595898747444152832e-01
7.812610864639282227e-01
8.241397142410278320e-01
8.673298358917236328e-01
8.028783798217773438e-01
9.190634489059448242e-01
8.550318479537963867e-01
7.613520622253417969e-01
8.681032657623291016e-01
6.270049810409545898e-01
9.444484710693359375e-01
8.525733947753906250e-01
9.646874666213989258e-01
7.279033660888671875e-01
9.072208404541015625e-01
7.856010198593139648e-01
7.652124166488647461e-01
9.589138031005859375e-01
6.151920557022094727e-01
9.624237418174743652e-01
5.300114750862121582e-01
9.285262227058410645e-01
5.032000541687011719e-01
9.539017081260681152e-01
5.859069228172302246e-01
9.368926286697387695e-01
8.002905845642089844e-01
7.223577499389648438e-01
9.452276825904846191e-01
5.650094747543334961e-01
9.417006373405456543e-01
8.135817646980285645e-01
8.260669708251953125e-01
8.084139227867126465e-01
8.454183340072631836e-01
7.871652245521545410e-01
9.473515748977661133e-01
6.871253252029418945e-01
9.432404637336730957e-01
8.492371439933776855e-01
7.507208585739135742e-01
9.629291296005249023e-01
6.350552439689636230e-01
9.122501611709594727e-01
9.735795259475708008e-01
5.201942920684814453e-01
9.630737900733947754e-01
7.745606899261474609e-01
9.024379253387451172e-01
7.686207294464111328e-01
9.009469151496887207e-01
3.421736955642700195e-01
9.420874118804931641e-01
3.980363011360168457e-01
9.882196187973022461e-01
3.893218636512756348e-01
9.441403150558471680e-01
6.376061439514160156e-01
7.512546777725219727e-01
8.213155865669250488e-01
7.227343320846557617e-01
8.586007356643676758e-01
7.033393383026123047e-01
9.119063615798950195e-01
7.462455034255981445e-01
8.759516477584838867e-01
7.507721781730651855e-01
9.456657171249389648e-01
6.287555098533630371e-01
9.044545888900756836e-01
8.351722955703735352e-01
8.254189491271972656e-01
8.714406490325927734e-01
6.743787527084350586e-01
9.336659312248229980e-01
7.030426859855651855e-01
8.741038441658020020e-01
8.462243676185607910e-01
7.676852941513061523e-01
8.701838254928588867e-01
6.229132413864135742e-01
9.398149251937866211e-01
5.858703851699829102e-01
9.240273833274841309e-01
7.904860973358154297e-01
8.648420572280883789e-01
9.196242690086364746e-01
7.504809498786926270e-01
9.194917082786560059e-01
7.335288524627685547e-01
8.631043434143066406e-01
8.532510995864868164e-01
6.785695552825927734e-01
8.634346723556518555e-01
9.362186789512634277e-01
6.348648071289062500e-01
9.418393373489379883e-01
8.072967529296875000e-01
7.499358057975769043e-01
9.388391971588134766e-01
5.866056680679321289e-01
9.180681705474853516e-01
6.597012281417846680e-01
9.674515128135681152e-01
7.843919396400451660e-01
7.771788835525512695e-01
8.643578290939331055e-01
6.216372847557067871e-01
9.330202341079711914e-01
7.981442213058471680e-01
5.717765092849731445e-01
9.633913040161132812e-01
4.294072389602661133e-01
9.599359035491943359e-01
8.771327733993530273e-01
6.323973536491394043e-01
8.658406734466552734e-01
5.581758022308349609e-01
9.547548294067382812e-01
6.043040752410888672e-01
9.577528238296508789e-01
5.372668504714965820e-01
8.824247121810913086e-01
9.262275099754333496e-01
6.750494241714477539e-01
9.020212888717651367e-01
6.565835475921630859e-01
8.647701740264892578e-01
7.756310105323791504e-01
8.573455214500427246e-01
7.307083606719970703e-01
8.895621299743652344e-01
6.885448694229125977e-01
8.685127496719360352e-01
7.644782066345214844e-01
9.078963994979858398e-01
9.004659652709960938e-01
8.497864603996276855e-01
8.578960895538330078e-01
8.664035201072692871e-01
6.868680715560913086e-01
9.012777209281921387e-01
8.438004255294799805e-01
7.470824122428894043e-01
9.192352294921875000e-01
6.085716485977172852e-01
8.457223176956176758e-01
8.742909431457519531e-01
7.524139285087585449e-01
8.860055208206176758e-01
9.057812690734863281e-01
8.420453071594238281e-01
7.694660425186157227e-01
9.056740999221801758e-01
7.526047229766845703e-01
8.204182982444763184e-01
8.271488547325134277e-01
8.403944969177246094e-01
7.756180763244628906e-01
9.290815591812133789e-01
7.640401124954223633e-01
9.028988480567932129e-01
5.586249828338623047e-01
9.830769300460815430e-01
6.359213590621948242e-01
8.862302899360656738e-01
9.395752549171447754e-01
8.021882772445678711e-01
7.736482620239257812e-01
9.125134944915771484e-01
6.947684288024902344e-01
8.366818428039550781e-01
7.624085545539855957e-01
9.428649544715881348e-01
7.870641946792602539e-01
8.819371461868286133e-01
9.042470455169677734e-01
6.819927692413330078e-01
9.277795553207397461e-01
6.565751433372497559e-01
9.146032929420471191e-01
8.679097890853881836e-01
8.264826536178588867e-01
8.929460048675537109e-01
7.710365056991577148e-01
8.707718849182128906e-01
6.998497247695922852e-01
9.166728258132934570e-01
7.705749273300170898e-01
7.993413209915161133e-01
7.443850040435791016e-01
9.518907070159912109e-01
5.153875946998596191e-01
9.158040285110473633e-01
2.602009177207946777e-01
9.373577833175659180e-01
8.099755048751831055e-01
9.174213409423828125e-01
4.157642126083374023e-01
9.857682585716247559e-01
