1.878716051578521729e-01
9.712723493576049805e-01
8.714190125465393066e-01
4.067908525466918945e-01
3.168778419494628906e-01
4.250200986862182617e-01
3.996142745018005371e-01
3.611803352832794189e-01
3.290612995624542236e-01
2.828180193901062012e-01
2.508297264575958252e-01
3.308320045471191406e-01
1.316590309143066406e-01
4.721822738647460938e-01
6.473045796155929565e-02
4.596685767173767090e-01
4.157826676964759827e-02
4.138648509979248047e-01
3.782172128558158875e-02
3.813708722591400146e-01
4.215524345636367798e-02
5.409790277481079102e-01
1.801032689400017262e-03
4.320087656378746033e-02
9.094442129135131836e-01
5.068867540103383362e-05
6.835058593424037099e-05
3.604705631732940674e-02
9.042478799819946289e-01
5.047245940659195185e-05
1.555492053739726543e-05
1.948563614860177040e-03
4.930418133735656738e-01
1.734952908009290695e-03
4.786803387105464935e-03
4.949608445167541504e-01
1.362241746392101049e-04
1.954036706592887640e-04
3.654656931757926941e-02
7.924928069114685059e-01
2.344949905364046572e-07
6.826618914601567667e-08
3.693318285513669252e-05
1.407324671745300293e-01
6.819552779197692871e-01
2.322668933629756793e-06
1.385557879984844476e-06
1.634845830267295241e-04
4.024126008152961731e-02
5.329719781875610352e-01
2.559896893217228353e-05
1.102586247725412250e-05
1.520551450084894896e-04
1.572834514081478119e-02
4.851298034191131592e-01
4.050614079460501671e-04
7.453927537426352501e-04
5.255346745252609253e-02
7.380342483520507812e-01
1.285344023926882073e-05
4.917195474263280630e-05
8.614615537226200104e-03
6.837959289550781250e-01
5.655529093928635120e-04
2.222470007836818695e-03
1.277559697628021240e-01
4.300154447555541992e-01
4.880405496805906296e-03
1.114698424935340881e-01
1.001298651099205017e-01
2.053686678409576416e-01
7.457100600004196167e-02
2.652536332607269287e-01
5.076055973768234253e-02
4.717515110969543457e-01
2.252746780868619680e-04
5.722463130950927734e-01
3.569813817739486694e-02
2.150514572858810425e-01
3.630923032760620117e-01
5.494176968932151794e-02
3.467589616775512695e-01
1.853232085704803467e-01
1.592946499586105347e-01
2.880681157112121582e-01
1.504420638084411621e-01
2.455897927284240723e-01
1.113716959953308105e-01
5.519688129425048828e-01
4.379584919661283493e-03
4.290640652179718018e-01
2.775823175907135010e-01
2.650729715824127197e-01
1.105995774269104004e-01
2.847817242145538330e-01
1.333309710025787354e-01
4.567846059799194336e-01
6.064387410879135132e-02
4.144871830940246582e-01
1.182415038347244263e-01
3.707662820816040039e-01
9.936291724443435669e-02
6.250727772712707520e-01
1.016674749553203583e-02
2.373562157154083252e-01
4.635867476463317871e-01
4.724048078060150146e-02
5.553646087646484375e-01
1.802483499050140381e-01
2.907274663448333740e-01
3.933794796466827393e-01
1.061850339174270630e-01
2.944557666778564453e-01
1.580477058887481689e-01
2.672706842422485352e-01
2.448242902755737305e-01
3.587040901184082031e-01
8.332466334104537964e-02
5.319581031799316406e-01
1.822363957762718201e-02
2.064114511013031006e-01
5.485429763793945312e-01
4.773795604705810547e-02
3.772766292095184326e-01
1.988798677921295166e-01
2.009895890951156616e-01
2.115355879068374634e-01
1.410925239324569702e-01
3.366199731826782227e-01
8.141645789146423340e-02
4.919461905956268311e-01
5.314575135707855225e-02
2.243070006370544434e-01
3.426422178745269775e-01
8.045655488967895508e-02
1.781970858573913574e-01
4.178540110588073730e-01
8.520856499671936035e-02
2.218937277793884277e-01
1.996059119701385498e-01
1.332514286041259766e-01
1.744359880685806274e-01
1.093197464942932129e-01
2.783859968185424805e-01
1.041475534439086914e-01
3.575042486190795898e-01
3.395069390535354614e-02
2.510204315185546875e-01
1.678997725248336792e-01
1.010524928569793701e-01
2.054130285978317261e-01
4.530172795057296753e-02
2.065343856811523438e-01
1.255016028881072998e-01
1.892380416393280029e-01
4.100402444601058960e-02
1.727561056613922119e-01
1.368209868669509888e-01
1.193346977233886719e-01
9.933486580848693848e-02
1.071908175945281982e-01
1.963838785886764526e-01
3.916928172111511230e-02
5.978612601757049561e-02
1.922444254159927368e-01
3.787895664572715759e-02
1.067527830600738525e-01
2.195783555507659912e-01
4.332722723484039307e-02
5.258554220199584961e-01
1.902782474644482136e-03
1.105450652539730072e-02
2.266047149896621704e-01
8.957353234291076660e-02
4.956840723752975464e-02
2.233463227748870850e-01
1.781996190547943115e-01
3.049198389053344727e-01
3.232033923268318176e-02
5.967423915863037109e-01
8.981353312265127897e-05
9.667486301623284817e-05
1.078425534069538116e-02
3.306879997253417969e-01
5.192234180867671967e-03
1.775589957833290100e-02
4.193333387374877930e-01
5.709521472454071045e-03
4.610748216509819031e-02
5.502133965492248535e-01
4.540958325378596783e-04
9.823843138292431831e-04
2.632134407758712769e-02
4.385019540786743164e-01
7.027574349194765091e-03
1.707138493657112122e-02
3.155457973480224609e-01
3.472101688385009766e-02
7.596188783645629883e-02
1.713743656873703003e-01
9.076182544231414795e-02
4.946149140596389771e-02
2.049663960933685303e-01
3.658924624323844910e-02
1.233968809247016907e-01
1.196921765804290771e-01
6.618957221508026123e-02
1.103138253092765808e-01
7.882544398307800293e-02
1.586068570613861084e-01
3.647893667221069336e-02
2.986104488372802734e-01
6.856505293399095535e-03
1.130616813898086548e-01
4.394629895687103271e-01
6.282702088356018066e-04
2.728457562625408173e-03
9.945114701986312866e-02
2.947739362716674805e-01
9.828244335949420929e-03
2.058779262006282806e-02
2.445927560329437256e-01
1.849403046071529388e-02
2.202271483838558197e-02
1.091798990964889526e-01
1.252338290214538574e-01
5.054503679275512695e-02
1.503427624702453613e-01
1.316417902708053589e-01
6.466163694858551025e-02
2.407093495130538940e-01
9.530714154243469238e-02
1.666384935379028320e-01
4.106511473655700684e-01
1.629567295312881470e-01
2.729964852333068848e-01
2.345552742481231689e-01
1.606214344501495361e-01
3.030775785446166992e-01
1.180477887392044067e-01
2.524333596229553223e-01
2.814054489135742188e-01
6.469711661338806152e-02
5.870254039764404297e-01
6.309909373521804810e-02
4.781536459922790527e-01
1.108260899782180786e-01
3.559295535087585449e-01
1.646618694067001343e-01
5.566002130508422852e-01
8.600883185863494873e-02
5.060498714447021484e-01
1.887986809015274048e-01
2.268038988113403320e-01
3.027997314929962158e-01
3.137398660182952881e-01
2.787479758262634277e-01
1.960204541683197021e-01
3.056389093399047852e-01
2.320716232061386108e-01
3.313651084899902344e-01
1.290011107921600342e-01
4.087406694889068604e-01
9.882766008377075195e-02
4.504005014896392822e-01
1.531091630458831787e-01
3.674660325050354004e-01
1.612057089805603027e-01
2.636939287185668945e-01
2.197160869836807251e-01
3.072404265403747559e-01
2.595953941345214844e-01
2.850072085857391357e-01
4.300997257232666016e-01
9.201604127883911133e-02
5.534361600875854492e-01
6.271538883447647095e-02
3.647277355194091797e-01
3.063801825046539307e-01
1.580464541912078857e-01
3.874525427818298340e-01
1.518725752830505371e-01
4.270600080490112305e-01
7.838001847267150879e-02
3.559679985046386719e-01
2.291701734066009521e-01
1.929785013198852539e-01
3.674750328063964844e-01
1.121624410152435303e-01
4.595238566398620605e-01
8.902703970670700073e-02
3.258852660655975342e-01
2.325496375560760498e-01
1.355411857366561890e-01
3.185055255889892578e-01
1.906736195087432861e-01
2.151636779308319092e-01
2.297033220529556274e-01
4.102128744125366211e-01
9.584102034568786621e-02
5.161806344985961914e-01
3.453949093818664551e-02
3.040850758552551270e-01
3.592954576015472412e-01
1.395924687385559082e-01
3.087598383426666260e-01
1.573042273521423340e-01
4.650330543518066406e-01
3.186245262622833252e-02
5.996623039245605469e-01
1.102996021509170532e-01
4.511075913906097412e-01
1.759416013956069946e-01
2.922991812229156494e-01
1.815803050994873047e-01
2.650471031665802002e-01
2.269710898399353027e-01
3.613407611846923828e-01
4.801744967699050903e-02
5.494534373283386230e-01
1.270848810672760010e-01
2.824071347713470459e-01
1.653487980365753174e-01
4.031343460083007812e-01
1.156119778752326965e-01
1.801141500473022461e-01
3.146235942840576172e-01
1.258311569690704346e-01
2.158069908618927002e-01
1.739708185195922852e-01
4.751352369785308838e-01
3.167191892862319946e-02
4.877214431762695312e-01
8.308047056198120117e-02
1.587483435869216919e-01
3.174124360084533691e-01
1.344599872827529907e-01
1.668663471937179565e-01
3.919804096221923828e-01
7.494428008794784546e-02
3.749406039714813232e-01
6.673906743526458740e-02
4.373364746570587158e-01
4.700171947479248047e-02
3.742912411689758301e-01
3.407176733016967773e-01
1.722503602504730225e-01
3.691294193267822266e-01
6.260816752910614014e-02
7.247882485389709473e-01
2.164492309093475342e-01
2.706848382949829102e-01
1.700297296047210693e-01
3.923727869987487793e-01
3.770639002323150635e-02
5.884147882461547852e-01
1.056740134954452515e-01
1.388572752475738525e-01
1.931840181350708008e-01
2.367937266826629639e-01
9.057617932558059692e-02
1.081883758306503296e-01
2.230699956417083740e-01
1.582900732755661011e-01
2.779483497142791748e-01
1.003173217177391052e-01
4.088503718376159668e-01
5.568615347146987915e-02
5.649369955062866211e-01
1.007795613259077072e-02
7.788231372833251953e-01
5.050788167864084244e-04
4.886633902788162231e-02
7.609061598777770996e-01
3.212481737136840820e-02
2.938613891601562500e-01
1.981582045555114746e-01
3.250200450420379639e-01
2.302227914333343506e-01
2.094595283269882202e-01
4.810972511768341064e-01
5.184035003185272217e-02
5.705289840698242188e-01
4.383735358715057373e-02
1.831813752651214600e-01
4.564102292060852051e-01
1.304067671298980713e-01
2.064731121063232422e-01
2.557987272739410400e-01
4.083209335803985596e-01
6.130956113338470459e-02
5.556693077087402344e-01
3.142277151346206665e-02
5.166841745376586914e-01
1.310907304286956787e-02
1.556006968021392822e-01
5.309054851531982422e-01
4.116369038820266724e-02
5.137528106570243835e-02
3.146820068359375000e-01
2.635590434074401855e-01
3.162046074867248535e-01
2.422703504562377930e-01
6.165126562118530273e-01
4.738887399435043335e-02
3.300457596778869629e-01
3.700635135173797607e-01
8.708687126636505127e-02
2.951699197292327881e-01
2.772481143474578857e-01
9.745303541421890259e-02
2.489404976367950439e-01
1.622866243124008179e-01
2.726862728595733643e-01
2.423613965511322021e-01
2.615295052528381348e-01
1.327760070562362671e-01
3.149520158767700195e-01
7.201054692268371582e-02
5.106755495071411133e-01
8.328486979007720947e-02
5.108889937400817871e-01
3.511369228363037109e-02
5.565949678421020508e-01
5.594440177083015442e-02
5.635812282562255859e-01
6.859681010246276855e-02
2.848903536796569824e-01
2.777878046035766602e-01
1.634709686040878296e-01
2.743928432464599609e-01
1.164394915103912354e-01
5.014289617538452148e-01
1.358473859727382660e-02
1.259149610996246338e-01
3.299594223499298096e-01
7.833542674779891968e-02
2.012344002723693848e-01
2.955232560634613037e-01
1.014406606554985046e-01
2.290054708719253540e-01
1.364258974790573120e-01
2.762427330017089844e-01
1.561636328697204590e-01
2.560170888900756836e-01
2.486870139837265015e-01
2.102625221014022827e-01
2.283656597137451172e-01
2.593967914581298828e-01
1.251991391181945801e-01
4.721903204917907715e-01
4.970240592956542969e-02
4.063070416450500488e-01
1.311670392751693726e-01
1.907240599393844604e-01
2.089915573596954346e-01
3.428123891353607178e-01
7.081675529479980469e-02
2.911785244941711426e-01
1.779843270778656006e-01
3.521343469619750977e-01
2.730736881494522095e-02
7.394946813583374023e-01
9.478353895246982574e-03
2.185564339160919189e-01
4.528471231460571289e-01
3.863125294446945190e-02
2.563456594944000244e-01
2.309727072715759277e-01
1.930713504552841187e-01
2.517042458057403564e-01
2.483735233545303345e-01
1.426966190338134766e-01
3.758356869220733643e-01
6.020475551486015320e-02
4.177694618701934814e-01
8.813391625881195068e-02
3.008909821510314941e-01
6.997688114643096924e-02
3.315078616142272949e-01
5.092701688408851624e-02
2.557248473167419434e-01
2.228877395391464233e-01
1.648360490798950195e-01
5.792050361633300781e-01
3.157560713589191437e-03
4.413078427314758301e-01
1.563731133937835693e-01
1.227701753377914429e-01
3.234920501708984375e-01
1.850495040416717529e-01
2.035045027732849121e-01
2.053782045841217041e-01
1.795388758182525635e-01
1.101992577314376831e-01
2.814155220985412598e-01
1.232981830835342407e-01
2.136400341987609863e-01
2.760835587978363037e-01
6.631733477115631104e-02
3.744730353355407715e-01
3.580867871642112732e-02
3.244073688983917236e-01
3.243913054466247559e-01
2.006403803825378418e-01
2.163927704095840454e-01
3.449783921241760254e-01
8.771714568138122559e-02
4.893275797367095947e-01
1.427386421710252762e-02
4.810333847999572754e-01
2.742004394531250000e-02
7.910189032554626465e-02
5.472279191017150879e-01
4.969504848122596741e-02
5.461906790733337402e-01
6.988877803087234497e-02
3.938637077808380127e-01
1.594995111227035522e-01
1.787771880626678467e-01
3.622037172317504883e-01
5.466017127037048340e-02
4.936899542808532715e-01
5.680565163493156433e-02
1.194533780217170715e-01
2.387068569660186768e-01
1.794118434190750122e-01
9.109708666801452637e-02
6.031365394592285156e-01
8.523218333721160889e-03
4.413278698921203613e-01
1.840522438287734985e-01
1.356072872877120972e-01
3.020328283309936523e-01
1.099577695131301880e-01
2.790908515453338623e-01
1.352289319038391113e-01
2.861381173133850098e-01
1.253547668457031250e-01
2.062360346317291260e-01
2.972235679626464844e-01
1.096809655427932739e-01
5.972244143486022949e-01
5.763065069913864136e-03
1.844134181737899780e-01
5.822278857231140137e-01
1.055797562003135681e-02
2.223193645477294922e-01
2.058087587356567383e-01
1.342420876026153564e-01
3.400358557701110840e-01
4.379608482122421265e-02
5.900720357894897461e-01
2.844596654176712036e-02
1.468159258365631104e-01
5.123459100723266602e-01
4.296459257602691650e-02
2.590534090995788574e-01
2.173722237348556519e-01
1.713632047176361084e-01
1.520271599292755127e-01
2.245990931987762451e-01
1.361784636974334717e-01
2.424362897872924805e-01
1.810491681098937988e-01
3.848166465759277344e-01
8.935700356960296631e-02
2.144197523593902588e-01
2.050213813781738281e-01
1.998113989830017090e-01
1.760049164295196533e-01
4.774060249328613281e-01
9.722630493342876434e-03
1.705832779407501221e-01
6.293481588363647461e-01
3.256868338212370872e-03
4.225644469261169434e-02
7.163738608360290527e-01
4.245748370885848999e-02
1.387716829776763916e-01
4.096715450286865234e-01
6.179314106702804565e-03
3.140541911125183105e-01
2.962965965270996094e-01
1.200310438871383667e-01
4.952586293220520020e-01
1.744127720594406128e-01
2.945446074008941650e-01
1.761445999145507812e-01
2.270451784133911133e-01
1.948005706071853638e-01
1.541035026311874390e-01
1.564001291990280151e-01
3.788287341594696045e-01
7.937072217464447021e-02
4.895988106727600098e-01
6.063801050186157227e-02
1.595381945371627808e-01
4.367959201335906982e-01
5.296381562948226929e-02
3.641501069068908691e-01
1.303976178169250488e-01
2.572858929634094238e-01
1.106996461749076843e-01
1.987481415271759033e-01
3.129885196685791016e-01
5.729895085096359253e-02
2.330034673213958740e-01
1.882842183113098145e-01
1.623962819576263428e-01
2.146619707345962524e-01
1.251839697360992432e-01
3.668077886104583740e-01
6.943373382091522217e-02
3.130086958408355713e-01
1.766516566276550293e-01
2.057888954877853394e-01
2.578891813755035400e-01
1.565326750278472900e-01
3.571643233299255371e-01
1.456992328166961670e-01
2.954828739166259766e-01
1.533696204423904419e-01
3.572928011417388916e-01
9.714162349700927734e-02
6.736390590667724609e-01
5.614601541310548782e-03
7.159124016761779785e-01
1.657766662538051605e-02
2.708676457405090332e-01
2.055408954620361328e-01
1.420253217220306396e-01
3.544310927391052246e-01
7.195927202701568604e-02
3.126423358917236328e-01
1.393593847751617432e-01
1.788764595985412598e-01
2.564818263053894043e-01
1.811690032482147217e-01
1.399469077587127686e-01
3.827614784240722656e-01
7.417673617601394653e-02
3.795239925384521484e-01
1.068300753831863403e-01
1.797800660133361816e-01
1.555910855531692505e-01
1.894863247871398926e-01
8.404999971389770508e-02
3.759191036224365234e-01
8.237732946872711182e-02
1.631976217031478882e-01
5.028063058853149414e-01
3.332051262259483337e-02
2.135333418846130371e-01
3.169682025909423828e-01
8.892101794481277466e-02
3.415652513504028320e-01
5.932160466909408569e-02
2.707156240940093994e-01
1.617084443569183350e-01
2.572510242462158203e-01
2.365269958972930908e-01
1.777919828891754150e-01
2.193274945020675659e-01
1.845875084400177002e-01
3.447928428649902344e-01
9.160572290420532227e-02
4.188003838062286377e-01
6.829820573329925537e-02
3.800843358039855957e-01
1.345264762639999390e-01
1.928528547286987305e-01
3.235680758953094482e-01
5.474200472235679626e-02
1.755508333444595337e-01
3.018913865089416504e-01
1.579442620277404785e-01
2.364666312932968140e-01
1.758264303207397461e-01
1.537947505712509155e-01
2.764903306961059570e-01
5.150532722473144531e-02
3.836692571640014648e-01
2.774734795093536377e-02
2.043797820806503296e-01
2.086494565010070801e-01
1.277894228696823120e-01
2.364627271890640259e-01
1.408943384885787964e-01
2.361746579408645630e-01
1.000041067600250244e-01
3.490678071975708008e-01
3.816501423716545105e-02
3.202431499958038330e-01
2.114141136407852173e-01
8.949577063322067261e-02
6.935387849807739258e-01
7.207676768302917480e-03
5.107185840606689453e-01
1.186962500214576721e-01
5.840482562780380249e-02
3.482287228107452393e-01
2.702582478523254395e-01
5.914123356342315674e-02
2.522776722908020020e-01
1.809717118740081787e-01
1.326121687889099121e-01
2.247567027807235718e-01
2.570790350437164307e-01
8.664055168628692627e-02
3.035583496093750000e-01
9.292760491371154785e-02
2.845323085784912109e-01
2.141312956809997559e-01
1.803295612335205078e-01
2.828213870525360107e-01
1.212436631321907043e-01
1.943144351243972778e-01
2.455089390277862549e-01
1.552303731441497803e-01
2.946218252182006836e-01
1.190244033932685852e-01
2.171559035778045654e-01
1.872021257877349854e-01
1.953794360160827637e-01
2.170375585556030273e-01
1.562065482139587402e-01
1.672112345695495605e-01
3.480968177318572998e-01
1.801831834018230438e-02
5.229041576385498047e-01
2.086544781923294067e-02
3.203205466270446777e-01
2.518821954727172852e-01
1.117923706769943237e-01
1.655032187700271606e-01
4.253571629524230957e-01
1.581878773868083954e-02
2.577577233314514160e-01
2.749558091163635254e-01
6.667309254407882690e-02
4.571053087711334229e-01
2.247802913188934326e-02
4.094190597534179688e-01
1.356292217969894409e-01
1.211224198341369629e-01
1.749076843261718750e-01
3.268982172012329102e-01
8.939532935619354248e-02
3.201498389244079590e-01
1.174104809761047363e-01
2.094689458608627319e-01
1.973027288913726807e-01
2.754973173141479492e-01
1.880422234535217285e-01
1.555393338203430176e-01
3.028028011322021484e-01
6.554862111806869507e-02
4.831028282642364502e-01
1.212361454963684082e-02
3.842045366764068604e-01
7.761419564485549927e-02
6.735650449991226196e-02
2.867280840873718262e-01
1.337052732706069946e-01
3.161517381668090820e-01
6.603541970252990723e-02
3.739596605300903320e-01
7.700753211975097656e-02
2.342210412025451660e-01
1.979286521673202515e-01
8.036831021308898926e-02
4.521173238754272461e-01
3.757440298795700073e-02
6.005958914756774902e-01
1.180381141602993011e-02
1.985003948211669922e-01
4.652038216590881348e-01
3.018454089760780334e-02
2.864304780960083008e-01
3.895129859447479248e-01
6.913386285305023193e-02
7.048068642616271973e-01
8.247433230280876160e-03
1.354280114173889160e-01
5.851691961288452148e-01
2.583605796098709106e-02
1.316295713186264038e-01
3.627076447010040283e-01
1.515765637159347534e-01
2.223418951034545898e-01
3.556237518787384033e-01
3.471488133072853088e-02
3.961051106452941895e-01
1.245571449398994446e-01
1.360734254121780396e-01
1.847731769084930420e-01
4.640580415725708008e-01
2.521638944745063782e-02
2.643533647060394287e-01
1.900129020214080811e-01
7.536761462688446045e-02
3.155045509338378906e-01
1.111375391483306885e-01
2.554348111152648926e-01
1.252734065055847168e-01
1.973077654838562012e-01
4.174485504627227783e-01
1.652077212929725647e-02
3.385875821113586426e-01
1.225778758525848389e-01
3.219448328018188477e-01
6.634207814931869507e-02
5.214921236038208008e-01
1.878260262310504913e-02
3.185496926307678223e-01
1.610320210456848145e-01
2.098189145326614380e-01
1.928692460060119629e-01
1.177963018417358398e-01
3.379215896129608154e-01
2.704955823719501495e-02
3.211046457290649414e-01
1.094732210040092468e-01
1.573436111211776733e-01
2.406039834022521973e-01
1.125564575195312500e-01
6.836858391761779785e-01
3.425466129556298256e-03
4.879410266876220703e-01
2.176558673381805420e-01
1.978149563074111938e-01
5.541195869445800781e-01
4.051219671964645386e-02
3.724703788757324219e-01
2.873564660549163818e-01
1.099728941917419434e-01
2.413098365068435669e-01
3.278939723968505859e-01
1.132287085056304932e-01
4.176445007324218750e-01
1.143349930644035339e-01
1.536404490470886230e-01
5.056158900260925293e-01
7.253272086381912231e-02
1.689302325248718262e-01
4.363322854042053223e-01
7.171360403299331665e-02
4.449228048324584961e-01
1.043277904391288757e-01
2.449197769165039062e-01
2.884747982025146484e-01
1.056249737739562988e-01
4.017525911331176758e-01
1.060497909784317017e-01
3.060293197631835938e-01
2.633488178253173828e-01
8.134748786687850952e-02
2.983321547508239746e-01
8.027616143226623535e-02
3.939455449581146240e-01
5.111217871308326721e-02
1.629910767078399658e-01
4.417482614517211914e-01
6.468057632446289062e-02
3.201411962509155273e-01
1.929107904434204102e-01
1.158728301525115967e-01
2.421625852584838867e-01
2.965053319931030273e-01
1.035895049571990967e-01
4.964799880981445312e-01
2.851453982293605804e-02
2.275316715240478516e-01
3.419342637062072754e-01
1.146376729011535645e-01
1.628330349922180176e-01
3.787321150302886963e-01
1.180013194680213928e-01
3.436639308929443359e-01
1.898924261331558228e-01
2.408222109079360962e-01
2.709987759590148926e-01
4.604406356811523438e-01
6.143067032098770142e-02
6.655988693237304688e-01
3.665796667337417603e-02
3.016857206821441650e-01
3.839669227600097656e-01
4.763579368591308594e-02
5.207768678665161133e-01
1.223150193691253662e-01
3.765327930450439453e-01
1.393611580133438110e-01
2.360171079635620117e-01
1.415667533874511719e-01
2.568067610263824463e-01
1.409132927656173706e-01
1.831740736961364746e-01
1.598147898912429810e-01
2.393090426921844482e-01
2.020624130964279175e-01
2.092780172824859619e-01
3.714897036552429199e-01
6.069553270936012268e-02
3.053789436817169189e-01
8.398219943046569824e-02
3.583040535449981689e-01
1.127150803804397583e-01
1.619978249073028564e-01
3.323633670806884766e-01
2.808503806591033936e-01
3.302802145481109619e-01
1.917409300804138184e-01
3.612832129001617432e-01
1.629262864589691162e-01
3.209420740604400635e-01
1.900640130043029785e-01
3.123300671577453613e-01
9.918309003114700317e-02
4.865265786647796631e-01
2.026223763823509216e-02
3.720377087593078613e-01
1.491284966468811035e-01
1.860042512416839600e-01
1.673955768346786499e-01
4.015525281429290771e-01
3.208667039871215820e-02
4.401866495609283447e-01
1.016874462366104126e-01
3.349801898002624512e-01
1.875856518745422363e-01
3.525826334953308105e-01
8.721004426479339600e-02
3.857178688049316406e-01
1.186180487275123596e-01
6.038835048675537109e-01
3.101423755288124084e-02
3.012452721595764160e-01
2.127277404069900513e-01
3.303039669990539551e-01
7.023785263299942017e-02
5.459026098251342773e-01
1.021179556846618652e-02
1.798523217439651489e-01
4.501017332077026367e-01
9.499750286340713501e-02
2.641667723655700684e-01
3.232053816318511963e-01
5.664800852537155151e-02
2.292854338884353638e-01
2.391652762889862061e-01
4.290788173675537109e-01
1.776598393917083740e-02
2.952297925949096680e-01
1.660621464252471924e-01
1.425128877162933350e-01
1.810135245323181152e-01
1.906369775533676147e-01
1.872352957725524902e-01
1.332401782274246216e-01
2.659734189510345459e-01
1.800161451101303101e-01
2.011804282665252686e-01
3.200499415397644043e-01
6.842994689941406250e-02
5.783967971801757812e-01
3.443629294633865356e-02
1.731304526329040527e-01
2.604815363883972168e-01
8.427229523658752441e-02
3.271951675415039062e-01
1.413345336914062500e-01
4.043783545494079590e-01
1.030895262956619263e-01
3.143235445022583008e-01
1.859101802110671997e-01
2.240568101406097412e-01
3.150878548622131348e-01
2.602033019065856934e-01
2.018726766109466553e-01
3.698824644088745117e-01
8.325409144163131714e-02
5.642427206039428711e-01
5.579551681876182556e-02
2.400426566600799561e-01
4.560302495956420898e-01
6.783111393451690674e-02
4.129269719123840332e-01
7.279722392559051514e-02
5.129514932632446289e-01
3.547185659408569336e-02
2.867378890514373779e-01
2.607355713844299316e-01
2.183226943016052246e-01
2.314584702253341675e-01
2.583244442939758301e-01
4.835447072982788086e-01
2.512392587959766388e-02
5.892664790153503418e-01
5.701883137226104736e-02
3.692372441291809082e-01
1.421011686325073242e-01
2.994698286056518555e-01
1.647709608078002930e-01
2.382740974426269531e-01
3.259120881557464600e-01
1.817011535167694092e-01
3.796595335006713867e-01
1.683519780635833740e-01
3.376352488994598389e-01
1.610432863235473633e-01
2.225733995437622070e-01
2.447098493576049805e-01
1.320734620094299316e-01
3.308544456958770752e-01
1.735768020153045654e-01
4.707661271095275879e-01
3.839262202382087708e-02
5.055120587348937988e-01
9.740107506513595581e-02
1.699111759662628174e-01
3.476115465164184570e-01
6.830485165119171143e-02
6.462667584419250488e-01
1.918703317642211914e-02
2.523666024208068848e-01
2.624011933803558350e-01
2.715761363506317139e-01
1.952814459800720215e-01
2.285842001438140869e-01
2.731061875820159912e-01
2.022131830453872681e-01
2.873463332653045654e-01
1.887598633766174316e-01
5.416114330291748047e-01
4.660373926162719727e-02
2.922364771366119385e-01
3.002111613750457764e-01
1.480221152305603027e-01
3.377045392990112305e-01
2.248476743698120117e-01
3.011022806167602539e-01
2.737870216369628906e-01
2.278034836053848267e-01
3.180486559867858887e-01
1.982636153697967529e-01
3.214479088783264160e-01
1.582790017127990723e-01
1.993238329887390137e-01
5.180898904800415039e-01
1.740645244717597961e-02
5.080140829086303711e-01
7.170276343822479248e-02
5.141858458518981934e-01
5.442913249135017395e-02
6.136608719825744629e-01
4.476035758852958679e-02
4.721283912658691406e-01
7.855595648288726807e-02
2.055630534887313843e-01
3.749034702777862549e-01
9.555748105049133301e-02
3.228130638599395752e-01
1.467278748750686646e-01
3.498229980468750000e-01
9.864670038223266602e-02
4.232524931430816650e-01
1.042172908782958984e-01
3.550795316696166992e-01
1.398485600948333740e-01
1.807925403118133545e-01
3.438237011432647705e-01
9.989484399557113647e-02
3.723139166831970215e-01
2.344928532838821411e-01
2.946423292160034180e-01
1.583220958709716797e-01
3.190428912639617920e-01
1.303853094577789307e-01
2.847812175750732422e-01
1.174794733524322510e-01
3.789516091346740723e-01
4.219704493880271912e-02
4.023639857769012451e-01
1.712929010391235352e-01
1.470097154378890991e-01
5.763034820556640625e-01
2.362396568059921265e-02
7.176848053932189941e-01
4.550822079181671143e-02
2.527438700199127197e-01
4.005762636661529541e-01
6.616583466529846191e-02
5.485835075378417969e-01
6.739269196987152100e-02
2.071496248245239258e-01
3.842533826828002930e-01
1.089077442884445190e-01
5.154609680175781250e-01
9.464780986309051514e-02
3.900621533393859863e-01
2.712265849113464355e-01
1.538805365562438965e-01
3.681716024875640869e-01
1.198214143514633179e-01
3.831198513507843018e-01
9.502689540386199951e-02
2.357113361358642578e-01
2.607925832271575928e-01
1.563076972961425781e-01
4.925925731658935547e-01
3.265384584665298462e-02
1.843607723712921143e-01
3.952617049217224121e-01
7.819983363151550293e-02
3.259499669075012207e-01
2.934231758117675781e-01
1.191240698099136353e-01
4.030655622482299805e-01
6.194922700524330139e-02
2.512738108634948730e-01
3.465303182601928711e-01
1.535116583108901978e-01
1.860536634922027588e-01
4.689044356346130371e-01
5.536400899291038513e-02
2.566979527473449707e-01
3.497517406940460205e-01
6.056740134954452515e-02
3.125905990600585938e-01
2.376988530158996582e-01
1.397097408771514893e-01
5.067029595375061035e-01
3.834809362888336182e-02
6.008771657943725586e-01
1.118304859846830368e-02
4.006006121635437012e-01
2.411781847476959229e-01
1.859595775604248047e-01
4.649669528007507324e-01
7.023342698812484741e-02
6.145840883255004883e-01
2.244487591087818146e-02
4.874783158302307129e-01
4.990266263484954834e-02
2.584779262542724609e-01
3.317971229553222656e-01
8.355779945850372314e-02
4.650058746337890625e-01
4.312271997332572937e-02
2.423527836799621582e-01
2.959955930709838867e-01
1.933598220348358154e-01
3.509749770164489746e-01
1.458605974912643433e-01
2.401942908763885498e-01
2.163364291191101074e-01
1.514098048210144043e-01
2.465482950210571289e-01
2.664303481578826904e-01
1.903600096702575684e-01
2.596069872379302979e-01
1.845296621322631836e-01
2.173410058021545410e-01
1.746446490287780762e-01
2.727746367454528809e-01
1.231491416692733765e-01
2.884683907032012939e-01
9.445073455572128296e-02
3.695390224456787109e-01
2.247149199247360229e-01
2.044625580310821533e-01
3.738681674003601074e-01
1.064731180667877197e-01
5.164738893508911133e-01
3.990746289491653442e-02
3.185084462165832520e-01
1.455115973949432373e-01
1.412422209978103638e-01
3.074624538421630859e-01
1.385016739368438721e-01
3.229650855064392090e-01
2.152406275272369385e-01
2.118994891643524170e-01
3.882697224617004395e-01
9.352646768093109131e-02
6.755056381225585938e-01
6.024176627397537231e-02
2.715523838996887207e-01
3.567935228347778320e-01
1.028841212391853333e-01
5.690510272979736328e-01
1.433576270937919617e-02
5.026714801788330078e-01
1.203020140528678894e-01
2.203305065631866455e-01
2.312767505645751953e-01
2.689046859741210938e-01
2.118115127086639404e-01
2.878563404083251953e-01
1.551131904125213623e-01
3.524507582187652588e-01
1.061244979500770569e-01
2.935783565044403076e-01
2.474802434444427490e-01
6.679065525531768799e-02
5.523140430450439453e-01
4.181150346994400024e-02
3.332528173923492432e-01
3.734340667724609375e-01
8.749358355998992920e-02
4.147355854511260986e-01
1.143677532672882080e-01
3.171326518058776855e-01
2.791115641593933105e-01
1.924822330474853516e-01
3.245811164379119873e-01
1.713335514068603516e-01
4.884405732154846191e-01
6.780442595481872559e-02
2.798868715763092041e-01
2.546732723712921143e-01
1.504389643669128418e-01
2.504193782806396484e-01
1.750076264142990112e-01
2.939663529396057129e-01
2.444070577621459961e-01
1.633228659629821777e-01
3.116047382354736328e-01
1.119460910558700562e-01
2.252894490957260132e-01
2.749679684638977051e-01
5.665522068738937378e-02
5.795969367027282715e-01
2.346054837107658386e-02
4.638051688671112061e-01
1.061289831995964050e-01
2.223727107048034668e-01
2.450413405895233154e-01
1.153204888105392456e-01
5.500220656394958496e-01
6.765133142471313477e-02
6.886683702468872070e-01
2.344084531068801880e-02
3.858638703823089600e-01
2.387077808380126953e-01
1.191818490624427795e-01
5.021237730979919434e-01
4.805480688810348511e-02
1.625812649726867676e-01
4.816774725914001465e-01
4.908749833703041077e-02
3.280065655708312988e-01
3.485779464244842529e-01
1.345104277133941650e-01
3.264617621898651123e-01
2.586092352867126465e-01
1.753274798393249512e-01
4.689354300498962402e-01
4.145254567265510559e-02
5.256657004356384277e-01
1.193951144814491272e-01
3.321280777454376221e-01
1.667116284370422363e-01
3.152951002120971680e-01
1.266790926456451416e-01
4.854879975318908691e-01
4.685281217098236084e-02
4.640873670578002930e-01
4.493493959307670593e-02
4.019985198974609375e-01
7.909574359655380249e-02
3.678998351097106934e-01
1.376547217369079590e-01
2.429083287715911865e-01
3.381119370460510254e-01
1.082414537668228149e-01
3.056411743164062500e-01
3.025473654270172119e-01
2.564695477485656738e-01
2.273859232664108276e-01
2.481442242860794067e-01
3.270151615142822266e-01
1.071728095412254333e-01
5.977711677551269531e-01
1.651193760335445404e-02
4.488999247550964355e-01
1.767439581453800201e-02
4.012024998664855957e-01
1.647910326719284058e-01
2.890539765357971191e-01
2.024415731430053711e-01
2.591828703880310059e-01
2.519246041774749756e-01
2.056787759065628052e-01
2.643071115016937256e-01
1.786064505577087402e-01
1.293978095054626465e-01
3.685888648033142090e-01
1.065804213285446167e-01
2.434625923633575439e-01
3.211506009101867676e-01
1.150274872779846191e-01
3.968871533870697021e-01
6.111345440149307251e-02
3.386593461036682129e-01
9.031242877244949341e-02
2.980428636074066162e-01
1.333181709051132202e-01
1.727076321840286255e-01
4.291018247604370117e-01
6.338536739349365234e-02
3.182812333106994629e-01
1.025703325867652893e-01
1.671503484249114990e-01
2.247826009988784790e-01
1.952521204948425293e-01
3.843103945255279541e-01
1.006372645497322083e-01
4.270161986351013184e-01
1.593597531318664551e-01
3.881423771381378174e-01
8.390960097312927246e-02
3.353202342987060547e-01
1.176738142967224121e-01
1.922009587287902832e-01
1.198599487543106079e-01
2.949727773666381836e-01
2.332040667533874512e-01
2.088543474674224854e-01
3.728401660919189453e-01
7.215411961078643799e-02
6.439521312713623047e-01
1.002656109631061554e-02
5.130915641784667969e-01
1.111389398574829102e-01
2.502599954605102539e-01
1.795120239257812500e-01
2.371475100517272949e-01
1.429042816162109375e-01
6.062135696411132812e-01
3.075275383889675140e-02
9.048567414283752441e-01
4.752840101718902588e-02
4.216011464595794678e-01
2.398440092802047729e-01
2.289932370185852051e-01
3.705672323703765869e-01
2.126440405845642090e-01
5.587264299392700195e-01
9.797649085521697998e-02
5.523572564125061035e-01
7.406520843505859375e-02
2.545069456100463867e-01
2.999668419361114502e-01
1.206328123807907104e-01
3.122122883796691895e-01
2.474396675825119019e-01
2.133440375328063965e-01
2.672716975212097168e-01
2.951409220695495605e-01
2.903129160404205322e-01
3.481481075286865234e-01
1.647672504186630249e-01
3.053117692470550537e-01
1.979817748069763184e-01
2.171320319175720215e-01
2.223388552665710449e-01
1.510938107967376709e-01
3.076535463333129883e-01
1.241883635520935059e-01
3.411909341812133789e-01
1.551490426063537598e-01
2.603299021720886230e-01
2.696345150470733643e-01
1.749849319458007812e-01
3.090845346450805664e-01
2.302749603986740112e-01
1.886494457721710205e-01
3.108825385570526123e-01
1.258488148450851440e-01
5.078748464584350586e-01
2.220287919044494629e-02
5.418356657028198242e-01
2.957106381654739380e-02
2.263278514146804810e-01
2.341117411851882935e-01
1.708056032657623291e-01
3.710694313049316406e-01
1.546035408973693848e-01
1.721847355365753174e-01
3.904744982719421387e-01
5.618325620889663696e-02
3.146905601024627686e-01
3.005517125129699707e-01
1.400056481361389160e-01
2.735786437988281250e-01
1.967754364013671875e-01
3.514192104339599609e-01
1.051941588521003723e-01
4.033271670341491699e-01
8.853469789028167725e-02
4.183798730373382568e-01
2.148307263851165771e-01
9.533232450485229492e-02
3.395120501518249512e-01
7.560948282480239868e-02
4.803926944732666016e-01
3.805882856249809265e-02
3.507093787193298340e-01
1.995208263397216797e-01
1.985988467931747437e-01
3.064216971397399902e-01
1.746468544006347656e-01
4.249135255813598633e-01
6.737036257982254028e-02
6.168352365493774414e-01
1.824983954429626465e-02
6.864172220230102539e-01
5.427385121583938599e-02
1.527808308601379395e-01
5.621030330657958984e-01
3.076826222240924835e-02
4.356186389923095703e-01
1.497759819030761719e-01
2.584367692470550537e-01
1.834814548492431641e-01
3.900288045406341553e-01
8.328565955162048340e-02
5.051398873329162598e-01
6.718392670154571533e-02
1.744775772094726562e-01
4.182878434658050537e-01
6.508816033601760864e-02
3.741471171379089355e-01
1.436059474945068359e-01
2.162336409091949463e-01
2.215569019317626953e-01
3.486863374710083008e-01
8.175571262836456299e-02
5.388724207878112793e-01
1.921086944639682770e-02
3.015094697475433350e-01
2.161914110183715820e-01
1.603852808475494385e-01
1.875595748424530029e-01
2.742608785629272461e-01
1.342769414186477661e-01
4.402376115322113037e-01
4.877429455518722534e-02
3.699279725551605225e-01
1.274714320898056030e-01
2.645648121833801270e-01
1.323045194149017334e-01
3.103531599044799805e-01
8.752612769603729248e-02
5.831205248832702637e-01
1.287023629993200302e-02
1.017333939671516418e-01
3.216572403907775879e-01
2.449433952569961548e-01
1.900962740182876587e-01
3.253749012947082520e-01
2.953574955463409424e-01
2.704805731773376465e-01
2.107449769973754883e-01
2.694805264472961426e-01
1.287626326084136963e-01
5.197541117668151855e-01
2.731793746352195740e-02
1.270001530647277832e-01
4.996284544467926025e-01
8.027282357215881348e-02
9.654232859611511230e-02
3.468921780586242676e-01
1.164407432079315186e-01
2.467125654220581055e-01
2.286059260368347168e-01
2.607412338256835938e-01
2.057841569185256958e-01
3.746620714664459229e-01
8.977262675762176514e-02
3.185267448425292969e-01
1.622624844312667847e-01
2.211453914642333984e-01
2.111838608980178833e-01
2.362980842590332031e-01
2.133853882551193237e-01
2.255598157644271851e-01
1.716513782739639282e-01
4.805639982223510742e-01
3.465268015861511230e-02
4.822351932525634766e-01
3.130566701292991638e-02
3.691559135913848877e-01
1.289312690496444702e-01
1.348972618579864502e-01
4.353723526000976562e-01
9.241171926259994507e-02
3.399530649185180664e-01
1.720244586467742920e-01
3.694357573986053467e-01
1.373274922370910645e-01
2.792764008045196533e-01
2.177453935146331787e-01
9.615080058574676514e-02
2.849967181682586670e-01
9.875524044036865234e-02
1.886681616306304932e-01
1.274713575839996338e-01
3.306785821914672852e-01
5.613657459616661072e-02
3.691451251506805420e-01
1.305588036775588989e-01
3.829796910285949707e-01
4.206018894910812378e-02
5.376324653625488281e-01
5.318228900432586670e-02
5.411707162857055664e-01
2.760041318833827972e-02
1.912058591842651367e-01
3.932506442070007324e-01
4.866031184792518616e-02
3.403326272964477539e-01
1.172027513384819031e-01
1.971483528614044189e-01
3.140960335731506348e-01
1.434946805238723755e-01
2.527175545692443848e-01
1.909528374671936035e-01
1.899953782558441162e-01
1.916193664073944092e-01
2.097256779670715332e-01
1.829014718532562256e-01
3.277183175086975098e-01
5.855329334735870361e-02
3.840864002704620361e-01
7.806345820426940918e-02
2.457900941371917725e-01
2.406983971595764160e-01
1.864743977785110474e-01
3.749564886093139648e-01
9.838044643402099609e-02
4.634444713592529297e-01
6.490979343652725220e-02
1.798461973667144775e-01
2.127505540847778320e-01
1.663580834865570068e-01
2.130688726902008057e-01
2.140491008758544922e-01
1.896204203367233276e-01
2.618055641651153564e-01
2.208002656698226929e-01
1.007180288434028625e-01
3.687289357185363770e-01
5.044558644294738770e-02
6.147878766059875488e-01
3.536494821310043335e-02
8.749639987945556641e-01
1.598083414137363434e-02
2.838821113109588623e-01
6.020925045013427734e-01
7.302842289209365845e-02
3.108179569244384766e-01
3.623501360416412354e-01
1.307476311922073364e-01
5.643960833549499512e-01
1.450346969068050385e-02
3.987401127815246582e-01
2.524779140949249268e-01
1.078365445137023926e-01
1.851132810115814209e-01
2.835780978202819824e-01
1.979645192623138428e-01
2.886178493499755859e-01
1.237461045384407043e-01
3.239364624023437500e-01
1.243323087692260742e-01
1.535143703222274780e-01
3.455902934074401855e-01
1.158038154244422913e-01
2.752284407615661621e-01
1.324682533740997314e-01
2.149883657693862915e-01
2.530989646911621094e-01
1.575604081153869629e-01
1.369523555040359497e-01
4.028750360012054443e-01
5.446856468915939331e-02
2.628954648971557617e-01
3.196460604667663574e-01
1.071356236934661865e-01
2.960571646690368652e-01
2.886090576648712158e-01
1.152354478836059570e-01
3.252975940704345703e-01
1.342490911483764648e-01
2.093027681112289429e-01
2.129018157720565796e-01
1.899577081203460693e-01
1.541980206966400146e-01
4.644072949886322021e-01
3.124807775020599365e-02
3.233595490455627441e-01
1.322273910045623779e-01
1.696012020111083984e-01
1.518007814884185791e-01
3.238994181156158447e-01
6.479078531265258789e-02
4.121721982955932617e-01
1.069890260696411133e-01
3.066439628601074219e-01
1.430549174547195435e-01
2.357674539089202881e-01
1.364152580499649048e-01
2.592740654945373535e-01
1.559477448463439941e-01
2.123597860336303711e-01
1.719913184642791748e-01
2.268543541431427002e-01
2.951195538043975830e-01
1.553691029548645020e-01
3.172044754028320312e-01
1.332885324954986572e-01
3.071160316467285156e-01
1.419212073087692261e-01
2.563290596008300781e-01
9.250691533088684082e-02
4.011001586914062500e-01
5.239170044660568237e-02
3.205121159553527832e-01
7.177409529685974121e-02
2.820886969566345215e-01
1.199321746826171875e-01
1.390523612499237061e-01
2.791777253150939941e-01
6.404241919517517090e-02
3.001954555511474609e-01
8.623951673507690430e-02
2.486838996410369873e-01
2.487017810344696045e-01
1.363015025854110718e-01
2.362625896930694580e-01
1.101260036230087280e-01
2.923632860183715820e-01
1.625807732343673706e-01
3.408494591712951660e-01
7.115739583969116211e-02
2.810727357864379883e-01
3.233827948570251465e-01
4.831438139081001282e-02
5.264734029769897461e-01
5.359188467264175415e-02
2.766567468643188477e-01
1.817208528518676758e-01
2.051165699958801270e-01
2.311093211174011230e-01
2.635531127452850342e-01
2.210943400859832764e-01
2.057672441005706787e-01
1.682014763355255127e-01
3.698594868183135986e-01
8.517682552337646484e-02
3.332148492336273193e-01
6.946805864572525024e-02
6.329870223999023438e-01
7.578876614570617676e-02
6.919605731964111328e-01
2.529440075159072876e-02
5.217189788818359375e-01
2.205028533935546875e-01
2.260237634181976318e-01
2.809337973594665527e-01
7.923735678195953369e-02
6.652475595474243164e-01
2.083433791995048523e-03
3.885935544967651367e-01
8.872793614864349365e-02
3.945972025394439697e-01
3.023748286068439484e-02
3.083054423332214355e-01
2.637337446212768555e-01
9.680829197168350220e-02
3.091510534286499023e-01
3.195787668228149414e-01
1.582045853137969971e-01
4.528380036354064941e-01
8.905891329050064087e-02
4.207838773727416992e-01
8.205467462539672852e-02
2.557364702224731445e-01
1.037118807435035706e-01
3.482355475425720215e-01
7.266373932361602783e-02
4.752257466316223145e-01
9.783330559730529785e-02
2.652164399623870850e-01
2.104888707399368286e-01
2.525410056114196777e-01
2.917852997779846191e-01
9.493568539619445801e-02
3.701166510581970215e-01
1.454426199197769165e-01
1.506307274103164673e-01
3.806774914264678955e-01
7.209384441375732422e-02
4.293265342712402344e-01
5.553906410932540894e-02
2.505792677402496338e-01
1.483020782470703125e-01
2.317949533462524414e-01
2.130886018276214600e-01
2.794871330261230469e-01
1.183523088693618774e-01
3.359654545783996582e-01
9.291271865367889404e-02
2.106645256280899048e-01
2.285186946392059326e-01
1.452357172966003418e-01
3.973684906959533691e-01
5.847226083278656006e-02
4.184782505035400391e-01
8.849811553955078125e-02
2.996188402175903320e-01
1.479712128639221191e-01
2.691516280174255371e-01
1.650137007236480713e-01
2.284258753061294556e-01
2.200877070426940918e-01
1.194529756903648376e-01
3.675584793090820312e-01
1.179016306996345520e-01
3.102236688137054443e-01
1.518661081790924072e-01
1.407341063022613525e-01
2.844175994396209717e-01
1.428429037332534790e-01
3.294497132301330566e-01
9.878447651863098145e-02
4.377931356430053711e-01
5.388419702649116516e-02
3.646443784236907959e-01
1.204270645976066589e-01
3.124995827674865723e-01
1.110081449151039124e-01
4.182634055614471436e-01
6.483906507492065430e-02
4.341141283512115479e-01
9.480370581150054932e-02
2.816160917282104492e-01
2.388892471790313721e-01
8.804283291101455688e-02
5.063130855560302734e-01
4.801158979535102844e-02
3.261318504810333252e-01
1.842624992132186890e-01
1.497848629951477051e-01
2.211484611034393311e-01
2.269677817821502686e-01
1.145239099860191345e-01
3.141521513462066650e-01
1.168870031833648682e-01
3.803701996803283691e-01
4.952593892812728882e-02
1.630027890205383301e-01
2.846202254295349121e-01
1.269746571779251099e-01
4.118182659149169922e-01
8.696842193603515625e-02
4.447533488273620605e-01
2.540197595953941345e-02
5.254467725753784180e-01
4.460863023996353149e-02
4.042806327342987061e-01
6.845802068710327148e-02
3.658806085586547852e-01
8.675838261842727661e-02
1.312802582979202271e-01
2.222182452678680420e-01
1.342474520206451416e-01
1.982210576534271240e-01
2.477287054061889648e-01
1.781715005636215210e-01
2.644932568073272705e-01
1.002352088689804077e-01
5.297486186027526855e-01
2.293700911104679108e-02
2.329461574554443359e-01
3.167950212955474854e-01
1.007993742823600769e-01
4.743908047676086426e-01
4.984244704246520996e-02
4.523064494132995605e-01
3.680475056171417236e-02
2.647882103919982910e-01
1.571004837751388550e-01
2.900280058383941650e-01
1.225182265043258667e-01
1.527926474809646606e-01
3.835824728012084961e-01
5.947355553507804871e-02
4.081060290336608887e-01
5.535760521888732910e-02
1.483145505189895630e-01
2.959465384483337402e-01
8.775520324707031250e-02
2.957518100738525391e-01
1.214885115623474121e-01
1.578238010406494141e-01
3.597162961959838867e-01
7.414243370294570923e-02
5.898677706718444824e-01
6.095814704895019531e-02
2.520989179611206055e-01
2.482348978519439697e-01
1.568077057600021362e-01
2.283884882926940918e-01
1.686653196811676025e-01
1.603365093469619751e-01
2.621052265167236328e-01
1.593865007162094116e-01
1.293658614158630371e-01
4.272668957710266113e-01
4.238335788249969482e-02
3.692632317543029785e-01
1.280922591686248779e-01
3.730248808860778809e-01
9.285108745098114014e-02
2.475759387016296387e-01
1.530000567436218262e-01
1.804434657096862793e-01
3.228339552879333496e-01
7.800567895174026489e-02
3.029229044914245605e-01
1.342682987451553345e-01
2.284239828586578369e-01
1.482839286327362061e-01
2.677067518234252930e-01
1.226317584514617920e-01
3.742389082908630371e-01
6.858255714178085327e-02
3.430217504501342773e-01
1.430864632129669189e-01
2.509933114051818848e-01
1.549288928508758545e-01
3.790220320224761963e-01
7.764110714197158813e-02
1.990269422531127930e-01
2.779208719730377197e-01
8.940795063972473145e-02
4.222897291183471680e-01
4.315733164548873901e-02
4.197185337543487549e-01
1.930560544133186340e-02
8.335614204406738281e-01
1.511458307504653931e-03
4.937896430492401123e-01
1.479398310184478760e-01
3.399701714515686035e-01
3.067730665206909180e-01
1.420065164566040039e-01
3.638934493064880371e-01
1.516000628471374512e-01
2.909271121025085449e-01
2.361435294151306152e-01
3.274785578250885010e-01
6.882010400295257568e-02
4.804758131504058838e-01
5.220318585634231567e-02
4.140511155128479004e-01
1.101896166801452637e-01
3.753684759140014648e-01
1.434287130832672119e-01
2.828944921493530273e-01
1.435568928718566895e-01
3.471895158290863037e-01
1.509668231010437012e-01
2.095040082931518555e-01
2.390775084495544434e-01
1.507392078638076782e-01
2.754570245742797852e-01
1.164957657456398010e-01
2.994273900985717773e-01
1.241437792778015137e-01
1.659344434738159180e-01
4.819453060626983643e-01
4.004166647791862488e-02
2.275930792093276978e-01
2.804753184318542480e-01
5.952877923846244812e-02
4.467899203300476074e-01
8.732080459594726562e-02
2.710212767124176025e-01
1.563467979431152344e-01
2.419487237930297852e-01
1.621231287717819214e-01
1.287880539894104004e-01
2.048291862010955811e-01
1.244485974311828613e-01
2.047538310289382935e-01
2.048307061195373535e-01
1.517856121063232422e-01
2.468020021915435791e-01
1.149962320923805237e-01
1.644217818975448608e-01
1.540652811527252197e-01
2.267905175685882568e-01
7.547225803136825562e-02
2.498052418231964111e-01
1.324371248483657837e-01
7.552316784858703613e-02
3.842971324920654297e-01
9.305390715599060059e-02
3.311738967895507812e-01
1.111790984869003296e-01
1.325551122426986694e-01
2.103292047977447510e-01
1.652584075927734375e-01
1.804082840681076050e-01
1.647740900516510010e-01
1.896338760852813721e-01
1.586129069328308105e-01
2.151871621608734131e-01
1.792777776718139648e-01
1.744951158761978149e-01
2.362555116415023804e-01
2.269949316978454590e-01
7.836619019508361816e-02
5.432517528533935547e-01
3.268975764513015747e-02
6.378334164619445801e-01
5.936946719884872437e-03
5.922263264656066895e-01
4.903472587466239929e-02
3.028973340988159180e-01
1.989381909370422363e-01
9.519937634468078613e-02
4.471555054187774658e-01
5.000166594982147217e-02
2.934832870960235596e-01
3.214632272720336914e-01
5.929649621248245239e-02
4.637092947959899902e-01
1.062937378883361816e-01
5.061238408088684082e-01
8.670790493488311768e-02
4.476725161075592041e-01
6.379211694002151489e-02
2.406561374664306641e-01
2.932050824165344238e-01
1.020732820034027100e-01
2.061939239501953125e-01
1.776378601789474487e-01
2.233329415321350098e-01
1.569053530693054199e-01
3.792905211448669434e-01
7.209417223930358887e-02
3.122708499431610107e-01
2.255323231220245361e-01
1.387301385402679443e-01
3.789240121841430664e-01
8.965434134006500244e-02
2.976709008216857910e-01
1.044106185436248779e-01
2.090204060077667236e-01
1.706869602203369141e-01
1.800160109996795654e-01
1.253487318754196167e-01
1.985402107238769531e-01
1.686713099479675293e-01
1.705787926912307739e-01
1.778967678546905518e-01
2.375849634408950806e-01
1.562774181365966797e-01
3.038486838340759277e-01
9.561699628829956055e-02
1.491628438234329224e-01
3.919502198696136475e-01
5.582288280129432678e-02
3.941669166088104248e-01
1.017346233129501343e-01
2.852115035057067871e-01
1.940951198339462280e-01
1.344039142131805420e-01
2.923760414123535156e-01
2.548405155539512634e-02
2.748778462409973145e-01
1.615751385688781738e-01
1.559564173221588135e-01
2.632489800453186035e-01
1.085313558578491211e-01
2.538435757160186768e-01
2.037191241979598999e-01
1.785040497779846191e-01
1.705374270677566528e-01
3.078218698501586914e-01
1.019996404647827148e-01
1.854988783597946167e-01
1.674909591674804688e-01
2.102286815643310547e-01
2.347000241279602051e-01
1.038317009806632996e-01
3.826864957809448242e-01
4.554634541273117065e-02
1.623883694410324097e-01
2.843804359436035156e-01
1.159859150648117065e-01
2.675564885139465332e-01
2.993363440036773682e-01
9.507815539836883545e-02
3.504454791545867920e-01
1.028760671615600586e-01
3.880580365657806396e-01
4.403001070022583008e-02
2.776948511600494385e-01
1.943687498569488525e-01
1.206236928701400757e-01
2.283415794372558594e-01
1.384074091911315918e-01
2.105633914470672607e-01
1.363904476165771484e-01
1.914424300193786621e-01
1.773182004690170288e-01
3.415290713310241699e-01
3.724461048841476440e-02
3.332053720951080322e-01
8.688384294509887695e-02
3.110877275466918945e-01
7.277096807956695557e-02
3.368406891822814941e-01
1.265049129724502563e-01
4.249941110610961914e-01
3.964497148990631104e-02
3.000776767730712891e-01
1.568898558616638184e-01
1.126850843429565430e-01
3.259346187114715576e-01
1.063494682312011719e-01
4.246703982353210449e-01
4.365490376949310303e-02
7.099794745445251465e-01
5.773372016847133636e-03
7.396472096443176270e-01
1.440939493477344513e-02
3.152108788490295410e-01
3.699086308479309082e-01
1.031959578394889832e-01
3.991194069385528564e-01
1.647231280803680420e-01
3.738576769828796387e-01
4.911236837506294250e-02
6.214351058006286621e-01
1.167909894138574600e-02
1.502203047275543213e-01
4.585139751434326172e-01
4.778249934315681458e-02
2.805033326148986816e-01
9.026663005352020264e-02
2.015908211469650269e-01
3.830136656761169434e-01
3.006970696151256561e-02
3.528779149055480957e-01
1.873825788497924805e-01
2.358931601047515869e-01
1.337914913892745972e-01
2.062888741493225098e-01
1.821703016757965088e-01
2.047375887632369995e-01
1.930909752845764160e-01
1.969274282455444336e-01
2.238956093788146973e-01
1.405776292085647583e-01
3.294467329978942871e-01
6.202350184321403503e-02
2.365505248308181763e-01
1.833291947841644287e-01
1.431090235710144043e-01
1.726370453834533691e-01
3.933740854263305664e-01
4.016180709004402161e-02
4.768378138542175293e-01
7.529263198375701904e-02
1.382284015417098999e-01
2.858983278274536133e-01
1.992956846952438354e-01
1.736709922552108765e-01
1.645942330360412598e-01
2.040463089942932129e-01
1.541548371315002441e-01
1.380746364593505859e-01
1.976360976696014404e-01
1.574766039848327637e-01
2.243840396404266357e-01
1.807749569416046143e-01
1.269950717687606812e-01
4.522616863250732422e-01
4.878263920545578003e-02
3.627179861068725586e-01
5.787701904773712158e-02
2.540565133094787598e-01
8.243557810783386230e-02
3.999694287776947021e-01
6.277080625295639038e-02
5.384115576744079590e-01
1.295977458357810974e-02
6.076458692550659180e-01
5.989242345094680786e-03
5.193547010421752930e-01
2.843106165528297424e-02
3.352686762809753418e-01
1.390976607799530029e-01
2.704689800739288330e-01
1.269151568412780762e-01
2.897578477859497070e-01
1.937954723834991455e-01
3.154662251472473145e-01
8.369268476963043213e-02
3.049908876419067383e-01
1.597235202789306641e-01
1.980779021978378296e-01
1.700888574123382568e-01
2.131929695606231689e-01
1.999510526657104492e-01
1.888240575790405273e-01
2.563923895359039307e-01
1.254030168056488037e-01
3.343853354454040527e-01
1.239868775010108948e-01
2.100026160478591919e-01
2.309356778860092163e-01
1.573289334774017334e-01
2.430795282125473022e-01
1.548315137624740601e-01
1.643404066562652588e-01
2.555211186408996582e-01
1.478919088840484619e-01
3.579627275466918945e-01
6.761939823627471924e-02
3.381678760051727295e-01
1.498435139656066895e-01
2.879992723464965820e-01
1.255209743976593018e-01
4.191350936889648438e-01
2.489405870437622070e-02
4.348708093166351318e-01
7.981235533952713013e-02
3.652790784835815430e-01
1.450739949941635132e-01
1.646381914615631104e-01
2.712288200855255127e-01
1.531581282615661621e-01
1.819655597209930420e-01
2.334794253110885620e-01
2.028349041938781738e-01
1.864565908908843994e-01
1.717487424612045288e-01
2.314160317182540894e-01
1.471394896507263184e-01
2.380389571189880371e-01
1.831182539463043213e-01
1.854363083839416504e-01
2.972796261310577393e-01
9.429676830768585205e-02
1.265273243188858032e-01
3.802579045295715332e-01
5.953031033277511597e-02
3.306091725826263428e-01
7.399541139602661133e-02
2.439141571521759033e-01
1.359374523162841797e-01
1.879961192607879639e-01
2.347669601440429688e-01
1.135322526097297668e-01
4.834374785423278809e-01
3.876487910747528076e-02
7.155746221542358398e-01
2.880472922697663307e-03
6.032748222351074219e-01
4.593542218208312988e-02
4.053515493869781494e-01
1.473142057657241821e-01
1.410865485668182373e-01
5.062997341156005859e-01
5.608365684747695923e-02
4.339317083358764648e-01
1.070079505443572998e-01
1.587716042995452881e-01
3.182300925254821777e-01
7.150849699974060059e-02
4.919706583023071289e-01
9.229299426078796387e-02
2.468567192554473877e-01
1.768214106559753418e-01
2.706925272941589355e-01
1.881883740425109863e-01
2.000918984413146973e-01
2.415392100811004639e-01
1.423966288566589355e-01
2.307207286357879639e-01
1.983040571212768555e-01
2.020968496799468994e-01
9.830825775861740112e-02
2.600259780883789062e-01
9.838132560253143311e-02
2.950942516326904297e-01
8.126358687877655029e-02
2.841321229934692383e-01
8.130888640880584717e-02
1.214165166020393372e-01
2.778650820255279541e-01
1.253272891044616699e-01
2.496951967477798462e-01
1.188838630914688110e-01
2.429741322994232178e-01
1.428013741970062256e-01
2.238685488700866699e-01
1.834191828966140747e-01
1.722463965415954590e-01
2.295205742120742798e-01
1.592605710029602051e-01
2.190742492675781250e-01
1.232404112815856934e-01
2.072482407093048096e-01
1.569267660379409790e-01
1.709190905094146729e-01
1.545476317405700684e-01
2.325645834207534790e-01
8.541001379489898682e-02
3.328402340412139893e-01
7.463918626308441162e-02
1.518888175487518311e-01
1.815296709537506104e-01
1.992022991180419922e-01
1.680123060941696167e-01
1.782586574554443359e-01
2.184142470359802246e-01
1.045169234275817871e-01
2.940186560153961182e-01
1.021598502993583679e-01
3.308075666427612305e-01
8.866858482360839844e-02
5.969891548156738281e-01
8.415287733078002930e-02
7.992985844612121582e-01
4.332457669079303741e-03
1.897487044334411621e-01
3.786827325820922852e-01
5.870004184544086456e-03
7.759768366813659668e-01
4.562290757894515991e-02
1.075757369399070740e-01
5.689785480499267578e-01
4.043551906943321228e-02
4.806101620197296143e-01
7.738704234361648560e-02
1.818933933973312378e-01
3.105786144733428955e-01
8.623020350933074951e-02
3.972361087799072266e-01
1.454408168792724609e-01
1.531697213649749756e-01
2.507030665874481201e-01
2.264814972877502441e-01
1.697462648153305054e-01
2.236967682838439941e-01
1.555419564247131348e-01
1.546011865139007568e-01
3.899580240249633789e-01
4.155512899160385132e-02
6.655503511428833008e-01
3.122440166771411896e-02
2.833244204521179199e-01
2.589386701583862305e-01
8.757790923118591309e-02
4.305174946784973145e-01
6.694792211055755615e-02
3.645734488964080811e-01
5.466210842132568359e-02
3.514802455902099609e-01
7.509101182222366333e-02
2.433066368103027344e-01
1.834732443094253540e-01
2.162245512008666992e-01
3.433800041675567627e-01
1.183717176318168640e-01
3.366935551166534424e-01
1.612359434366226196e-01
2.236155718564987183e-01
1.884807199239730835e-01
2.009851336479187012e-01
2.252221256494522095e-01
2.184757590293884277e-01
2.329393029212951660e-01
1.576371788978576660e-01
2.534581422805786133e-01
1.179875060915946960e-01
2.228814959526062012e-01
2.138009071350097656e-01
9.553226828575134277e-02
5.343797206878662109e-01
2.284909412264823914e-02
2.292963564395904541e-01
2.066366374492645264e-01
1.758404374122619629e-01
1.159748211503028870e-01
2.517770826816558838e-01
2.055784612894058228e-01
8.144946396350860596e-02
6.367403268814086914e-01
5.468832328915596008e-02
5.680672526359558105e-01
1.919858343899250031e-02
3.083441555500030518e-01
1.138376519083976746e-01
2.074051052331924438e-01
2.718147039413452148e-01
1.530566066503524780e-01
4.653519988059997559e-01
8.295524120330810547e-02
5.889828801155090332e-01
1.890802010893821716e-02
2.746576070785522461e-01
2.312869429588317871e-01
8.140857517719268799e-02
3.848837018013000488e-01
8.496200293302536011e-02
3.224761486053466797e-01
1.101035177707672119e-01
2.084527015686035156e-01
2.728179693222045898e-01
7.663307338953018188e-02
1.240444704890251160e-01
3.238936066627502441e-01
9.907984733581542969e-02
2.888191938400268555e-01
1.726995706558227539e-01
1.336280554533004761e-01
2.745594382286071777e-01
2.811094522476196289e-01
1.221052482724189758e-01
4.190807044506072998e-01
9.091129899024963379e-02
1.719072461128234863e-01
3.205675184726715088e-01
6.013246625661849976e-02
4.017094075679779053e-01
8.649692684412002563e-02
2.993683218955993652e-01
1.087386310100555420e-01
2.693186700344085693e-01
8.085803687572479248e-02
2.519199848175048828e-01
1.421929001808166504e-01
2.993497848510742188e-01
8.430603146553039551e-02
4.030254185199737549e-01
7.275076955556869507e-02
3.283120989799499512e-01
1.724166125059127808e-01
1.556467115879058838e-01
2.921352386474609375e-01
8.275625109672546387e-02
4.498470425605773926e-01
5.861663445830345154e-02
3.068035840988159180e-01
1.249999776482582092e-01
2.411584556102752686e-01
1.862695217132568359e-01
1.600142419338226318e-01
3.447593450546264648e-01
9.540235251188278198e-02
2.867107093334197998e-01
1.377130448818206787e-01
1.747954338788986206e-01
2.719637155532836914e-01
1.451563686132431030e-01
2.089245021343231201e-01
2.887624800205230713e-01
6.980397552251815796e-02
2.733978033065795898e-01
1.030886471271514893e-01
4.126201868057250977e-01
2.776845917105674744e-02
4.361900091171264648e-01
5.671549588441848755e-02
6.100148558616638184e-01
2.427935786545276642e-02
3.107517361640930176e-01
2.418544590473175049e-01
7.244585454463958740e-02
3.274988532066345215e-01
1.565880775451660156e-01
2.091185748577117920e-01
2.286394834518432617e-01
1.493110656738281250e-01
2.299022674560546875e-01
1.904467344284057617e-01
2.546057403087615967e-01
1.894054412841796875e-01
1.509969681501388550e-01
2.872887551784515381e-01
1.445449590682983398e-01
3.054547309875488281e-01
1.011663973331451416e-01
3.288401663303375244e-01
6.205596402287483215e-02
2.850532829761505127e-01
2.219436466693878174e-01
6.861612945795059204e-02
3.586593866348266602e-01
8.496811985969543457e-02
2.109883874654769897e-01
2.451845556497573853e-01
1.296462267637252808e-01
1.218615025281906128e-01
3.246135115623474121e-01
1.207931265234947205e-01
2.821332812309265137e-01
1.347284317016601562e-01
2.604377865791320801e-01
1.919883340597152710e-01
2.044788897037506104e-01
2.349100410938262939e-01
1.990306526422500610e-01
1.129448935389518738e-01
2.899016439914703369e-01
1.650987267494201660e-01
1.315698474645614624e-01
2.252433747053146362e-01
1.508803367614746094e-01
1.115692704916000366e-01
3.217676281929016113e-01
1.131964027881622314e-01
4.161386191844940186e-01
3.596906363964080811e-02
4.776315093040466309e-01
4.476615786552429199e-02
4.655003845691680908e-01
2.817734703421592712e-02
3.518304824829101562e-01
6.755708158016204834e-02
2.402498424053192139e-01
1.284238994121551514e-01
2.624238729476928711e-01
1.853240728378295898e-01
3.080714941024780273e-01
1.524980664253234863e-01
2.275235652923583984e-01
1.660857796669006348e-01
1.312221288681030273e-01
3.137399554252624512e-01
5.326215550303459167e-02
2.896263897418975830e-01
1.024592816829681396e-01
2.037206441164016724e-01
3.014611005783081055e-01
6.707514077425003052e-02
4.071668386459350586e-01
6.227098405361175537e-02
2.729622721672058105e-01
1.553922891616821289e-01
1.783452630043029785e-01
1.433699280023574829e-01
2.212211787700653076e-01
1.078855544328689575e-01
2.677435278892517090e-01
1.015060096979141235e-01
4.457584619522094727e-01
5.767449736595153809e-02
5.523147583007812500e-01
3.871172294020652771e-02
2.515266835689544678e-01
1.788899749517440796e-01
1.950862109661102295e-01
2.011590301990509033e-01
1.549113392829895020e-01
2.446743845939636230e-01
2.024685889482498169e-01
2.447165548801422119e-01
1.189274415373802185e-01
2.653078436851501465e-01
1.047624200582504272e-01
2.622644305229187012e-01
1.476693749427795410e-01
2.464040666818618774e-01
1.572861671447753906e-01
3.112280368804931641e-01
8.555579185485839844e-02
2.996382713317871094e-01
1.329524964094161987e-01
1.863463371992111206e-01
1.996295750141143799e-01
1.718062758445739746e-01
1.318330466747283936e-01
4.131204485893249512e-01
6.567304581403732300e-02
2.989912033081054688e-01
9.290894865989685059e-02
2.136538028717041016e-01
2.537909746170043945e-01
2.174326777458190918e-01
2.444149255752563477e-01
1.464438736438751221e-01
3.360853195190429688e-01
5.620411038398742676e-02
5.346311926841735840e-01
3.347188234329223633e-02
7.696332931518554688e-01
2.501102397218346596e-03
4.770349860191345215e-01
6.035871058702468872e-02
4.105279743671417236e-01
6.903088092803955078e-02
2.543024122714996338e-01
3.141419291496276855e-01
2.107609659433364868e-01
2.078228443861007690e-01
3.473457396030426025e-01
8.124542236328125000e-02
6.058443784713745117e-01
3.602221235632896423e-02
6.732733249664306641e-01
7.886901497840881348e-03
2.827766239643096924e-01
2.509992718696594238e-01
1.325923502445220947e-01
3.805274367332458496e-01
7.307866215705871582e-02
4.919382929801940918e-01
1.371244341135025024e-02
4.559744000434875488e-01
2.083866894245147705e-01
1.378961503505706787e-01
2.782381176948547363e-01
1.909278631210327148e-01
2.191876620054244995e-01
3.179880976676940918e-01
9.229614585638046265e-02
2.568499147891998291e-01
2.603730559349060059e-01
1.413158476352691650e-01
2.926158308982849121e-01
1.603839993476867676e-01
1.312850117683410645e-01
3.366055488586425781e-01
1.238033846020698547e-01
1.449545472860336304e-01
1.675503253936767578e-01
1.820117235183715820e-01
1.700029969215393066e-01
1.603834480047225952e-01
2.745774984359741211e-01
2.288110256195068359e-01
1.602180004119873047e-01
3.274252712726593018e-01
8.564200997352600098e-02
3.458970189094543457e-01
1.402074247598648071e-01
3.011959791183471680e-01
1.142483949661254883e-01
2.116630226373672485e-01
2.235112041234970093e-01
2.045334130525588989e-01
1.555921137332916260e-01
3.195384144783020020e-01
9.495959430932998657e-02
3.688431084156036377e-01
7.277724146842956543e-02
2.773827910423278809e-01
1.570572555065155029e-01
2.226503789424896240e-01
2.192224860191345215e-01
1.959580928087234497e-01
1.801955401897430420e-01
2.903523743152618408e-01
1.220854818820953369e-01
1.966378986835479736e-01
2.498034834861755371e-01
1.455402970314025879e-01
3.523433804512023926e-01
6.276732683181762695e-02
3.798009753227233887e-01
8.239966630935668945e-02
1.755344867706298828e-01
2.174268364906311035e-01
1.112868785858154297e-01
2.354802191257476807e-01
1.342902779579162598e-01
3.274172842502593994e-01
8.130477368831634521e-02
4.410668313503265381e-01
3.578384965658187866e-02
2.855875194072723389e-01
1.077448278665542603e-01
1.827457547187805176e-01
2.198785692453384399e-01
2.406466007232666016e-01
2.354262173175811768e-01
1.147820577025413513e-01
3.907070159912109375e-01
8.467514812946319580e-02
3.641592264175415039e-01
9.319175779819488525e-02
2.350923418998718262e-01
1.722751855850219727e-01
2.255446314811706543e-01
1.950257718563079834e-01
2.533239126205444336e-01
8.863293379545211792e-02
3.500440120697021484e-01
4.699253290891647339e-02
5.247219800949096680e-01
3.627870231866836548e-02
5.684765577316284180e-01
1.419789902865886688e-02
2.997938990592956543e-01
1.664851903915405273e-01
7.375811040401458740e-02
2.841698825359344482e-01
1.486780047416687012e-01
1.206571459770202637e-01
2.826132178306579590e-01
1.872903108596801758e-01
3.396365642547607422e-01
7.407732307910919189e-02
5.087388753890991211e-01
3.152722865343093872e-02
4.005441069602966309e-01
7.694897055625915527e-02
1.460403501987457275e-01
3.604093790054321289e-01
3.483102843165397644e-02
2.778680324554443359e-01
2.568596601486206055e-01
1.466023027896881104e-01
3.987609744071960449e-01
8.701574802398681641e-02
1.923763602972030640e-01
2.612040638923645020e-01
8.160619437694549561e-02
2.655459642410278320e-01
1.355665028095245361e-01
1.317016184329986572e-01
3.331159949302673340e-01
1.144064888358116150e-01
1.998148113489151001e-01
4.758674800395965576e-01
3.164704144001007080e-02
3.402673006057739258e-01
1.352410167455673218e-01
2.048859298229217529e-01
1.402628421783447266e-01
2.434897273778915405e-01
1.675525754690170288e-01
1.979309767484664917e-01
1.683796644210815430e-01
2.509628534317016602e-01
1.123406887054443359e-01
1.557109057903289795e-01
3.387650847434997559e-01
3.689617663621902466e-02
4.425984323024749756e-01
5.557900667190551758e-02
5.441431403160095215e-01
1.044695451855659485e-02
4.358077347278594971e-01
1.089449599385261536e-01
1.478911340236663818e-01
3.100406527519226074e-01
1.140242889523506165e-01
5.529698133468627930e-01
1.662078127264976501e-02
6.952562332153320312e-01
1.340547855943441391e-02
2.396702915430068970e-01
3.159324824810028076e-01
1.328938901424407959e-01
2.183929681777954102e-01
1.555463671684265137e-01
2.603121399879455566e-01
1.785379499197006226e-01
3.176437616348266602e-01
1.384660899639129639e-01
2.039563953876495361e-01
3.789805769920349121e-01
5.853970348834991455e-02
4.562138319015502930e-01
6.421086192131042480e-02
2.686367034912109375e-01
2.341886758804321289e-01
1.164696440100669861e-01
3.338524997234344482e-01
1.429866999387741089e-01
2.514772415161132812e-01
1.465304791927337646e-01
4.169988036155700684e-01
5.908957868814468384e-02
3.239900469779968262e-01
1.433676183223724365e-01
1.692287325859069824e-01
3.336164057254791260e-01
1.360374391078948975e-01
3.245125412940979004e-01
1.147394329309463501e-01
2.521487474441528320e-01
1.515100002288818359e-01
1.399409621953964233e-01
1.932916492223739624e-01
3.392716348171234131e-01
7.694965600967407227e-02
2.534740567207336426e-01
1.627243906259536743e-01
2.544191181659698486e-01
1.390255987644195557e-01
3.193566501140594482e-01
1.517031490802764893e-01
1.633825153112411499e-01
2.988188564777374268e-01
1.078768968582153320e-01
2.434201389551162720e-01
2.156856656074523926e-01
1.653493642807006836e-01
3.051702976226806641e-01
7.586371898651123047e-02
4.267432093620300293e-01
4.567224904894828796e-02
3.169318735599517822e-01
1.337308883666992188e-01
2.291597276926040649e-01
1.264098286628723145e-01
3.681105673313140869e-01
6.768244504928588867e-02
3.048530220985412598e-01
1.173915117979049683e-01
2.482352554798126221e-01
1.994726061820983887e-01
1.624942719936370850e-01
3.121431469917297363e-01
7.514480501413345337e-02
3.063977360725402832e-01
1.517867743968963623e-01
2.245052158832550049e-01
2.353334426879882812e-01
1.038717925548553467e-01
2.380877882242202759e-01
1.669088900089263916e-01
2.739895582199096680e-01
7.892086356878280640e-02
3.040782213211059570e-01
1.094705611467361450e-01
2.271303832530975342e-01
1.338906884193420410e-01
1.812223047018051147e-01
2.727986574172973633e-01
9.424565732479095459e-02
5.749942064285278320e-01
3.454888612031936646e-02
6.329413652420043945e-01
3.835561685264110565e-03
2.375124990940093994e-01
3.880425989627838135e-01
6.362638622522354126e-02
4.469820261001586914e-01
5.509104579687118530e-02
2.264736890792846680e-01
2.740027308464050293e-01
9.142497926950454712e-02
3.875196278095245361e-01
7.448217272758483887e-02
4.942840039730072021e-01
4.788179323077201843e-02
5.285205841064453125e-01
6.557366251945495605e-02
2.438037097454071045e-01
2.370063364505767822e-01
1.400208175182342529e-01
2.077476084232330322e-01
1.865743100643157959e-01
1.595182716846466064e-01
3.800549209117889404e-01
4.767370969057083130e-02
2.738449275493621826e-01
1.313470900058746338e-01
2.088772207498550415e-01
1.751762479543685913e-01
2.330289781093597412e-01
1.173672527074813843e-01
3.049827814102172852e-01
1.567203551530838013e-01
3.049061298370361328e-01
1.438990980386734009e-01
2.539290785789489746e-01
8.992670476436614990e-02
3.848868310451507568e-01
6.174220889806747437e-02
2.994115054607391357e-01
1.500746905803680420e-01
6.810226291418075562e-02
4.520499408245086670e-01
3.096708655357360840e-02
2.822585999965667725e-01
1.290942728519439697e-01
1.941944658756256104e-01
1.928270757198333740e-01
3.864171504974365234e-01
8.849484473466873169e-02
2.498358190059661865e-01
5.626076459884643555e-01
2.094252221286296844e-02
5.086253881454467773e-01
4.002579674124717712e-02
1.422687023878097534e-01
3.601001501083374023e-01
9.548453986644744873e-02
3.279397487640380859e-01
1.810269057750701904e-01
2.460900396108627319e-01
2.273281514644622803e-01
2.413802891969680786e-01
2.000187188386917114e-01
1.698587387800216675e-01
2.504679262638092041e-01
2.004439532756805420e-01
3.802519440650939941e-01
2.790665626525878906e-02
5.593702793121337891e-01
3.693678230047225952e-02
2.061773240566253662e-01
2.463960945606231689e-01
1.202907338738441467e-01
2.369900345802307129e-01
1.946778148412704468e-01
2.035671919584274292e-01
1.475709378719329834e-01
3.066450655460357666e-01
1.749039292335510254e-01
1.943302452564239502e-01
2.454059720039367676e-01
1.067137718200683594e-01
4.865282773971557617e-01
3.143395856022834778e-02
3.481415510177612305e-01
1.439287364482879639e-01
1.739225685596466064e-01
3.401271104812622070e-01
3.629959374666213989e-02
6.482941508293151855e-01
1.082851551473140717e-02
3.090453743934631348e-01
1.603912264108657837e-01
1.310500651597976685e-01
1.684691905975341797e-01
3.811574280261993408e-01
6.121659278869628906e-02
3.776091933250427246e-01
1.310458779335021973e-01
3.008429706096649170e-01
1.272061765193939209e-01
3.204659223556518555e-01
1.527186632156372070e-01
2.490376532077789307e-01
8.214072883129119873e-02
2.730950415134429932e-01
1.145503446459770203e-01
1.828777492046356201e-01
2.552390694618225098e-01
1.461516469717025757e-01
3.008047640323638916e-01
1.127928271889686584e-01
2.636642456054687500e-01
2.246344536542892456e-01
1.127616241574287415e-01
2.719078063964843750e-01
1.132201999425888062e-01
1.670148670673370361e-01
1.696953177452087402e-01
1.332479119300842285e-01
3.467212319374084473e-01
5.046533048152923584e-02
2.494134008884429932e-01
1.725540012121200562e-01
1.380609124898910522e-01
1.843747645616531372e-01
1.738921105861663818e-01
2.745297551155090332e-01
1.308561414480209351e-01
2.332992255687713623e-01
1.114852726459503174e-01
1.831176280975341797e-01
1.631611287593841553e-01
1.140496581792831421e-01
2.616221308708190918e-01
8.026105165481567383e-02
5.271489620208740234e-01
3.465399146080017090e-02
1.932294666767120361e-01
3.348768353462219238e-01
4.505868628621101379e-02
4.103578031063079834e-01
6.149415299296379089e-02
2.296058833599090576e-01
2.103017568588256836e-01
2.244395017623901367e-01
1.640729010105133057e-01
1.925593465566635132e-01
1.863082945346832275e-01
2.095988690853118896e-01
1.134583503007888794e-01
5.461021661758422852e-01
1.506690867245197296e-02
3.848989903926849365e-01
6.106632947921752930e-02
3.106518089771270752e-01
1.053186804056167603e-01
2.256821393966674805e-01
1.264261305332183838e-01
1.685776859521865845e-01
3.375407159328460693e-01
7.797479629516601562e-02
4.984506070613861084e-01
4.198669269680976868e-02
5.917692184448242188e-01
1.870541274547576904e-02
8.368554115295410156e-01
1.117382664233446121e-02
4.246756434440612793e-01
2.224855422973632812e-01
2.347672879695892334e-01
3.569018244743347168e-01
1.131188720464706421e-01
4.294402003288269043e-01
1.136398836970329285e-01
2.147255688905715942e-01
3.469941616058349609e-01
1.305895745754241943e-01
4.991020858287811279e-01
2.613200433552265167e-02
6.391130089759826660e-01
7.723159343004226685e-02
4.722138643264770508e-01
7.485884428024291992e-02
5.411971807479858398e-01
5.024082958698272705e-02
3.308232426643371582e-01
1.384747922420501709e-01
2.765045464038848877e-01
2.082852721214294434e-01
4.420189261436462402e-01
5.777620896697044373e-02
3.757002651691436768e-01
5.672866478562355042e-02
3.855103254318237305e-01
1.211925148963928223e-01
1.853742301464080811e-01
2.872120738029479980e-01
7.649733126163482666e-02
4.263525605201721191e-01
1.191619709134101868e-01
2.229263931512832642e-01
3.245346248149871826e-01
1.110520809888839722e-01
2.782964110374450684e-01
1.674824655055999756e-01
1.790720224380493164e-01
4.125884175300598145e-01
7.287836074829101562e-02
2.846129536628723145e-01
1.924874186515808105e-01
1.583790332078933716e-01
1.876372396945953369e-01
1.624432504177093506e-01
3.272076547145843506e-01
1.284100264310836792e-01
3.104322850704193115e-01
9.786465764045715332e-02
2.238557934761047363e-01
2.306471168994903564e-01
2.128191590309143066e-01
1.545110344886779785e-01
2.075909674167633057e-01
2.723988294601440430e-01
8.603506535291671753e-02
2.098059058189392090e-01
3.294814825057983398e-01
1.471762657165527344e-01
8.961071819067001343e-02
4.518874287605285645e-01
3.583704680204391479e-02
4.049990177154541016e-01
1.067687422037124634e-01
1.570010781288146973e-01
1.691677719354629517e-01
1.562387645244598389e-01
3.047316670417785645e-01
9.107800573110580444e-02
3.685745000839233398e-01
9.396655857563018799e-02
2.569801211357116699e-01
2.127034664154052734e-01
1.690919846296310425e-01
2.132605165243148804e-01
1.094344705343246460e-01
1.874997615814208984e-01
2.079263329505920410e-01
2.126597762107849121e-01
1.430346667766571045e-01
2.642142176628112793e-01
1.599204242229461670e-01
2.306767106056213379e-01
1.722881197929382324e-01
3.115684092044830322e-01
7.670648396015167236e-02
5.795586109161376953e-01
3.420512005686759949e-02
7.036489248275756836e-01
3.269254695624113083e-03
6.818416714668273926e-01
3.308346495032310486e-02
5.352964997291564941e-01
7.898220419883728027e-02
2.932388186454772949e-01
2.182984054088592529e-01
1.901919245719909668e-01
2.695387005805969238e-01
1.844550073146820068e-01
2.934505641460418701e-01
1.950208544731140137e-01
1.022413596510887146e-01
2.927073836326599121e-01
1.470193415880203247e-01
1.995610594749450684e-01
1.539039909839630127e-01
2.646461129188537598e-01
1.049783229827880859e-01
3.051026463508605957e-01
1.067377403378486633e-01
2.224474847316741943e-01
1.622379571199417114e-01
2.273195683956146240e-01
2.073119580745697021e-01
3.182123303413391113e-01
1.223509907722473145e-01
1.478300839662551880e-01
3.812929987907409668e-01
5.331577733159065247e-02
5.255742073059082031e-01
4.201483726501464844e-02
3.263381719589233398e-01
2.155186682939529419e-01
7.472614943981170654e-02
1.736234128475189209e-01
2.413194477558135986e-01
1.405182778835296631e-01
2.148343622684478760e-01
2.764568924903869629e-01
9.194760024547576904e-02
4.572109282016754150e-01
6.079156696796417236e-02
1.833780854940414429e-01
4.050772190093994141e-01
5.241932719945907593e-02
2.962265312671661377e-01
1.931304037570953369e-01
1.865410208702087402e-01
3.112589716911315918e-01
8.177272230386734009e-02
4.788498878479003906e-01
4.423796385526657104e-02
6.451520323753356934e-01
1.738238148391246796e-02
2.816359996795654297e-01
2.130910456180572510e-01
8.182313293218612671e-02
4.425274431705474854e-01
3.122611716389656067e-02
3.298809528350830078e-01
1.795367747545242310e-01
2.812758386135101318e-01
1.507272571325302124e-01
2.604119777679443359e-01
1.746396124362945557e-01
4.317457079887390137e-01
6.145966798067092896e-02
2.487008273601531982e-01
1.482797861099243164e-01
2.609121501445770264e-01
1.345799565315246582e-01
1.578769087791442871e-01
2.021885365247726440e-01
2.569475769996643066e-01
1.104202717542648315e-01
3.874306678771972656e-01
4.179182648658752441e-02
1.824012696743011475e-01
3.198812007904052734e-01
6.049156188964843750e-02
3.480882048606872559e-01
1.235208064317703247e-01
4.252958297729492188e-01
5.187014862895011902e-02
4.364848136901855469e-01
5.690053850412368774e-02
2.304261326789855957e-01
2.379626929759979248e-01
2.010250985622406006e-01
2.005616724491119385e-01
1.970104426145553589e-01
2.447762191295623779e-01
1.173085793852806091e-01
5.687108039855957031e-01
2.107466757297515869e-02
3.012277483940124512e-01
2.642264366149902344e-01
5.603751540184020996e-02
5.175269246101379395e-01
2.790837176144123077e-02
2.427540123462677002e-01
3.561989068984985352e-01
4.737081378698348999e-02
4.745026230812072754e-01
4.982977733016014099e-02
3.775137066841125488e-01
8.208834379911422729e-02
3.777517974376678467e-01
7.372589409351348877e-02
4.663365185260772705e-01
5.786943435668945312e-02
3.697105050086975098e-01
1.759161353111267090e-01
1.090893000364303589e-01
3.888363838195800781e-01
1.127136349678039551e-01
1.948958337306976318e-01
2.710238695144653320e-01
1.543429195880889893e-01
2.946445941925048828e-01
1.269091963768005371e-01
3.049969673156738281e-01
1.160256937146186829e-01
4.929656386375427246e-01
4.039516672492027283e-02
1.884974539279937744e-01
4.123646020889282227e-01
5.781894922256469727e-02
1.986677497625350952e-01
2.393837124109268188e-01
1.062870919704437256e-01
2.197897285223007202e-01
2.161248922348022461e-01
1.808411180973052979e-01
3.070688247680664062e-01
1.394443809986114502e-01
3.166694045066833496e-01
9.454590082168579102e-02
2.556882500648498535e-01
1.512990891933441162e-01
1.685530245304107666e-01
2.498549818992614746e-01
1.410077214241027832e-01
2.631427943706512451e-01
1.630274504423141479e-01
9.877812862396240234e-02
3.921370804309844971e-01
4.845520853996276855e-02
1.898869723081588745e-01
3.423837423324584961e-01
5.290710926055908203e-02
4.031425118446350098e-01
1.069703921675682068e-01
2.890166044235229492e-01
9.535557031631469727e-02
3.668498992919921875e-01
9.568832069635391235e-02
3.252388834953308105e-01
1.716632097959518433e-01
7.331502437591552734e-02
4.388405680656433105e-01
4.136718064546585083e-02
2.926854491233825684e-01
1.446298658847808838e-01
2.272965312004089355e-01
7.384122908115386963e-02
3.880653679370880127e-01
8.933500200510025024e-02
2.568397223949432373e-01
2.252549529075622559e-01
7.467542588710784912e-02
3.975119292736053467e-01
9.174726158380508423e-02
2.299930900335311890e-01
2.147076874971389771e-01
1.695235669612884521e-01
1.709942817687988281e-01
1.489201337099075317e-01
2.612284421920776367e-01
2.738392949104309082e-01
6.262312829494476318e-02
5.583201050758361816e-01
3.389892727136611938e-02
5.174944400787353516e-01
4.628542438149452209e-02
3.587695956230163574e-01
1.652015745639801025e-01
3.788134455680847168e-01
1.114076673984527588e-01
2.841576337814331055e-01
2.300875186920166016e-01
2.175806760787963867e-01
3.203692436218261719e-01
6.489346921443939209e-02
4.174457192420959473e-01
7.903611660003662109e-02
2.226666510105133057e-01
1.759766787290573120e-01
1.240237057209014893e-01
2.470601350069046021e-01
2.174916118383407593e-01
9.911264479160308838e-02
3.098483681678771973e-01
9.154365211725234985e-02
2.432476878166198730e-01
1.776243746280670166e-01
1.482672989368438721e-01
1.716147959232330322e-01
3.028222918510437012e-01
1.022391989827156067e-01
2.850056290626525879e-01
1.404465138912200928e-01
2.740873396396636963e-01
1.787799298763275146e-01
1.584504246711730957e-01
2.999363839626312256e-01
1.305389702320098877e-01
3.309137225151062012e-01
6.012298166751861572e-02
5.068804025650024414e-01
3.499371558427810669e-02
7.880896329879760742e-01
6.037773564457893372e-03
7.713730931282043457e-01
9.020635858178138733e-03
7.396630048751831055e-01
1.153794899582862854e-01
1.641229540109634399e-01
3.586037755012512207e-01
1.486358642578125000e-01
5.368594527244567871e-01
1.065418124198913574e-01
3.818495869636535645e-01
2.692123651504516602e-01
2.173315286636352539e-01
3.564012646675109863e-01
1.058758497238159180e-01
5.051695704460144043e-01
4.013548046350479126e-02
1.775723546743392944e-01
3.041370511054992676e-01
1.003371924161911011e-01
3.672049045562744141e-01
1.585217118263244629e-01
2.229898273944854736e-01
3.129194676876068115e-01
1.112659126520156860e-01
3.228351473808288574e-01
1.811706423759460449e-01
3.918330371379852295e-01
7.852780818939208984e-02
5.895807147026062012e-01
4.549410194158554077e-02
2.932568788528442383e-01
2.887307703495025635e-01
6.489782780408859253e-02
4.328045845031738281e-01
1.206039637327194214e-01
1.998599469661712646e-01
1.749197542667388916e-01
3.367761671543121338e-01
1.886629760265350342e-01
3.124618828296661377e-01
1.012761443853378296e-01
4.667271971702575684e-01
9.670564532279968262e-02
1.525225639343261719e-01
4.084246754646301270e-01
5.413134396076202393e-02
2.940328419208526611e-01
2.569234073162078857e-01
9.764005243778228760e-02
4.858438372611999512e-01
5.261255055665969849e-02
5.373283624649047852e-01
6.662365794181823730e-02
4.313710331916809082e-01
5.442728474736213684e-02
3.124487996101379395e-01
1.111593991518020630e-01
3.843712210655212402e-01
1.500252783298492432e-01
3.075081706047058105e-01
1.879165917634963989e-01
2.012774795293807983e-01
2.902002334594726562e-01
1.071061268448829651e-01
4.279982447624206543e-01
3.951392322778701782e-02
4.166005551815032959e-01
1.474961340427398682e-01
1.407116502523422241e-01
2.673713862895965576e-01
1.605904251337051392e-01
2.345444262027740479e-01
2.130891382694244385e-01
2.034082710742950439e-01
2.090151757001876831e-01
1.884161084890365601e-01
2.933636307716369629e-01
8.491656184196472168e-02
2.741191387176513672e-01
1.953390240669250488e-01
1.193285286426544189e-01
2.830240130424499512e-01
2.048107683658599854e-01
1.819607466459274292e-01
2.725126743316650391e-01
7.752826064825057983e-02
6.168218851089477539e-01
2.436959370970726013e-02
3.667904436588287354e-01
8.552534878253936768e-02
1.944627165794372559e-01
2.000889480113983154e-01
2.017858624458312988e-01
3.872184455394744873e-01
5.444953590631484985e-02
4.803712368011474609e-01
6.439185887575149536e-02
2.191320657730102539e-01
2.499238252639770508e-01
1.125768795609474182e-01
2.532796859741210938e-01
1.857935339212417603e-01
1.808043569326400757e-01
1.838805079460144043e-01
1.140494346618652344e-01
2.922270894050598145e-01
1.965114027261734009e-01
1.826649904251098633e-01
3.454104065895080566e-01
1.241547688841819763e-01
3.622018992900848389e-01
1.143054515123367310e-01
3.259869813919067383e-01
9.578065574169158936e-02
2.339203357696533203e-01
2.675738334655761719e-01
8.110596239566802979e-02
3.631032109260559082e-01
9.014636278152465820e-02
2.412876486778259277e-01
1.685561835765838623e-01
2.988668382167816162e-01
6.572265923023223877e-02
3.731362819671630859e-01
8.375565707683563232e-02
1.624795347452163696e-01
3.067470788955688477e-01
9.988248348236083984e-02
1.879546046257019043e-01
2.990767955780029297e-01
1.209703385829925537e-01
4.239723682403564453e-01
3.869732469320297241e-02
2.725879549980163574e-01
2.206960618495941162e-01
1.706726849079132080e-01
3.651145994663238525e-01
5.618570744991302490e-02
3.141227364540100098e-01
1.096017956733703613e-01
2.987262606620788574e-01
7.725705206394195557e-02
1.754127442836761475e-01
3.265959620475769043e-01
5.211280286312103271e-02
4.134783744812011719e-01
3.823032975196838379e-02
2.917522490024566650e-01
1.842991262674331665e-01
2.655932903289794922e-01
1.870359331369400024e-01
1.237739846110343933e-01
3.594520092010498047e-01
4.745300114154815674e-02
2.912572026252746582e-01
1.602763831615447998e-01
1.373710483312606812e-01
4.192699193954467773e-01
3.689172118902206421e-02
4.023059904575347900e-01
5.754439532756805420e-02
6.136891841888427734e-01
3.944855183362960815e-02
7.852211594581604004e-01
6.615740247070789337e-03
6.368007659912109375e-01
7.773625850677490234e-02
4.226708710193634033e-01
2.671281695365905762e-01
2.654824256896972656e-01
3.224813938140869141e-01
1.950521767139434814e-01
3.761612772941589355e-01
1.112283840775489807e-01
4.234435856342315674e-01
5.972863361239433289e-02
4.943726658821105957e-01
5.094172060489654541e-02
2.182878702878952026e-01
2.288163602352142334e-01
2.765676975250244141e-01
1.600359678268432617e-01
3.600966334342956543e-01
5.634318664669990540e-02
3.722777962684631348e-01
1.444669812917709351e-01
2.987890243530273438e-01
2.047058045864105225e-01
1.867311596870422363e-01
2.408916354179382324e-01
1.750093996524810791e-01
1.296877264976501465e-01
5.403937101364135742e-01
2.733204327523708344e-02
2.099926024675369263e-01
3.461382985115051270e-01
5.096315592527389526e-02
4.333156645298004150e-01
5.845580250024795532e-02
4.354262650012969971e-01
7.768448442220687866e-02
1.776655316352844238e-01
3.276703953742980957e-01
1.358069032430648804e-01
2.178385108709335327e-01
4.536911845207214355e-01
5.377709493041038513e-02
6.545310020446777344e-01
3.424147889018058777e-02
2.962372004985809326e-01
1.817622780799865723e-01
1.059322804212570190e-01
3.073221445083618164e-01
1.253937482833862305e-01
1.962295621633529663e-01
3.888852000236511230e-01
6.660857796669006348e-02
5.929456353187561035e-01
2.981686964631080627e-02
3.611888289451599121e-01
1.509790420532226562e-01
1.695887446403503418e-01
2.893280684947967529e-01
1.795234382152557373e-01
2.302391976118087769e-01
1.501923054456710815e-01
2.036153674125671387e-01
2.534883022308349609e-01
3.195062577724456787e-01
8.966302871704101562e-02
6.253688335418701172e-01
1.406024582684040070e-02
1.056380867958068848e-01
4.755409657955169678e-01
3.183621913194656372e-02
3.092904090881347656e-01
1.738560050725936890e-01
3.551031351089477539e-01
1.067064628005027771e-01
4.828935265541076660e-01
5.075442790985107422e-02
1.609225273132324219e-01
4.012826681137084961e-01
5.939688533544540405e-02
2.427404522895812988e-01
3.772405683994293213e-01
4.295842349529266357e-02
3.088957667350769043e-01
1.642786860466003418e-01
2.145048379898071289e-01
2.522527575492858887e-01
1.159775331616401672e-01
3.979213535785675049e-01
1.260429024696350098e-01
1.645308136940002441e-01
3.343523144721984863e-01
5.566202476620674133e-02
3.259710371494293213e-01
1.140642613172531128e-01
2.396020293235778809e-01
1.355451345443725586e-01
3.599733114242553711e-01
1.157835870981216431e-01
2.081007659435272217e-01
2.579387128353118896e-01
1.226272284984588623e-01
2.111403048038482666e-01
2.884146869182586670e-01
1.478772759437561035e-01
4.350808262825012207e-01
8.992037922143936157e-02
3.151593208312988281e-01
8.293987810611724854e-02
1.649109721183776855e-01
3.870296478271484375e-01
5.626453831791877747e-02
3.687803149223327637e-01
1.038964539766311646e-01
1.948096454143524170e-01
2.458500415086746216e-01
1.519459486007690430e-01
3.444318771362304688e-01
7.584452629089355469e-02
2.933732271194458008e-01
1.511516422033309937e-01
1.962890923023223877e-01
2.007914632558822632e-01
1.704890131950378418e-01
2.537082731723785400e-01
1.005464196205139160e-01
4.780954718589782715e-01
3.265618160367012024e-02
2.694482803344726562e-01
1.228917539119720459e-01
3.873987495899200439e-01
4.739455878734588623e-02
2.289134860038757324e-01
2.942454814910888672e-01
1.026542037725448608e-01
2.790555655956268311e-01
1.357766985893249512e-01
2.434587329626083374e-01
1.074107140302658081e-01
5.754933357238769531e-01
3.140270709991455078e-02
5.611752271652221680e-01
1.419054158031940460e-02
4.522117972373962402e-01
8.814035356044769287e-02
1.887312531471252441e-01
3.371320366859436035e-01
9.402804076671600342e-02
4.163184165954589844e-01
5.313520506024360657e-02
3.131743073463439941e-01
1.341947764158248901e-01
3.422763347625732422e-01
1.226191148161888123e-01
1.870540380477905273e-01
2.639009058475494385e-01
1.035705953836441040e-01
3.053192496299743652e-01
8.818160742521286011e-02
3.526210486888885498e-01
1.420090794563293457e-01
2.991435527801513672e-01
1.116302758455276489e-01
3.846249878406524658e-01
5.569730699062347412e-02
1.030549854040145874e-01
3.114741742610931396e-01
1.114817857742309570e-01
1.565941870212554932e-01
1.802210360765457153e-01
3.013970851898193359e-01
1.026754975318908691e-01
3.896664977073669434e-01
5.621916428208351135e-02
2.946225702762603760e-01
1.698791086673736572e-01
2.951542139053344727e-01
1.323458105325698853e-01
3.542942404747009277e-01
6.809997558593750000e-02
3.632015287876129150e-01
5.923441052436828613e-02
3.031206130981445312e-01
1.656230390071868896e-01
9.110318124294281006e-02
2.479234039783477783e-01
1.837818324565887451e-01
1.362244188785552979e-01
2.784082889556884766e-01
1.933443993330001831e-01
3.203918933868408203e-01
9.642577171325683594e-02
2.204448878765106201e-01
1.400599181652069092e-01
2.499325275421142578e-01
2.341774702072143555e-01
1.551830470561981201e-01
2.601912021636962891e-01
1.247178912162780762e-01
3.217958211898803711e-01
8.014276623725891113e-02
1.079395413398742676e-01
6.026633977890014648e-01
1.829055324196815491e-02
6.477051973342895508e-01
3.227769583463668823e-02
6.826850175857543945e-01
5.074710771441459656e-02
3.387189507484436035e-01
2.956309318542480469e-01
2.004350125789642334e-01
4.315333366394042969e-01
6.093801930546760559e-02
5.557729005813598633e-01
3.700096905231475830e-02
2.425068914890289307e-01
1.704340577125549316e-01
1.585358083248138428e-01
1.932095587253570557e-01
2.735814452171325684e-01
1.291958689689636230e-01
4.574826359748840332e-01
3.184329718351364136e-02
1.864261478185653687e-01
2.565934062004089355e-01
1.240742430090904236e-01
1.637970954179763794e-01
5.435613393783569336e-01
1.421169377863407135e-02
4.486947953701019287e-01
1.002130955457687378e-01
2.412267327308654785e-01
2.189854979515075684e-01
2.251906841993331909e-01
2.914741635322570801e-01
8.759348094463348389e-02
3.065662682056427002e-01
1.280268281698226929e-01
5.548317432403564453e-01
2.206314727663993835e-02
4.460561275482177734e-01
4.996381700038909912e-02
3.806563913822174072e-01
1.548758745193481445e-01
3.210058510303497314e-01
1.576909422874450684e-01
1.715154945850372314e-01
1.802716404199600220e-01
2.349982559680938721e-01
7.911843806505203247e-02
3.529452681541442871e-01
1.376461088657379150e-01
3.152951300144195557e-01
2.174028903245925903e-01
1.927459836006164551e-01
3.136468529701232910e-01
8.787569403648376465e-02
4.390075206756591797e-01
8.499066531658172607e-02
2.282586693763732910e-01
1.925662755966186523e-01
1.447083503007888794e-01
3.552550375461578369e-01
7.764932513236999512e-02
4.553082585334777832e-01
4.461382329463958740e-02
6.314485073089599609e-01
3.063656948506832123e-02
2.822517156600952148e-01
2.057898938655853271e-01
1.567685455083847046e-01
2.939985394477844238e-01
1.048558726906776428e-01
1.163498535752296448e-01
6.532661318778991699e-01
1.714824140071868896e-02
4.064658880233764648e-01
1.487736403942108154e-01
1.942784488201141357e-01
4.575540423393249512e-01
4.717590659856796265e-02
2.391792833805084229e-01
3.316094279289245605e-01
4.155557602643966675e-02
5.280081033706665039e-01
4.186207801103591919e-02
3.129490911960601807e-01
1.995270848274230957e-01
1.719946265220642090e-01
4.074296057224273682e-01
5.045790225267410278e-02
4.753893911838531494e-01
1.209501475095748901e-01
3.799653649330139160e-01
9.494690597057342529e-02
2.732079029083251953e-01
1.497364491224288940e-01
1.858384907245635986e-01
1.920441985130310059e-01
1.571801304817199707e-01
2.607519328594207764e-01
1.137470752000808716e-01
3.836005032062530518e-01
6.488101184368133545e-02
3.943983614444732666e-01
6.041786819696426392e-02
6.010398864746093750e-01
2.480794116854667664e-02
2.567611932754516602e-01
1.898975968360900879e-01
4.741327837109565735e-02
3.373267650604248047e-01
2.099066078662872314e-01
1.445008069276809692e-01
6.337420940399169922e-01
1.736188866198062897e-02
6.558665037155151367e-01
4.253838211297988892e-02
5.863825678825378418e-01
1.303259432315826416e-01
3.625256121158599854e-01
1.085855290293693542e-01
3.901870250701904297e-01
1.206776127219200134e-01
2.369449138641357422e-01
2.703102529048919678e-01
1.143268644809722900e-01
4.728023707866668701e-01
7.555462419986724854e-02
3.562553524971008301e-01
1.898326873779296875e-01
1.760401874780654907e-01
2.936887145042419434e-01
1.680471003055572510e-01
2.517498135566711426e-01
1.647731065750122070e-01
3.301953375339508057e-01
1.330569684505462646e-01
1.970055699348449707e-01
1.844078451395034790e-01
1.547853946685791016e-01
3.154425621032714844e-01
1.035238802433013916e-01
1.802115738391876221e-01
3.718219995498657227e-01
1.040564328432083130e-01
1.903067380189895630e-01
2.714862823486328125e-01
1.188597977161407471e-01
2.934540212154388428e-01
7.283638417720794678e-02
5.913668870925903320e-01
3.038998320698738098e-02
5.543468594551086426e-01
2.188528142869472504e-02
5.015729069709777832e-01
8.646863698959350586e-02
2.709468901157379150e-01
2.295108288526535034e-01
1.221810206770896912e-01
3.515478372573852539e-01
8.804353326559066772e-02
6.980594992637634277e-02
4.296506941318511963e-01
1.014475151896476746e-01
1.998380720615386963e-01
3.144604861736297607e-01
8.970253169536590576e-02
5.268394947052001953e-01
3.795583546161651611e-02
1.989730894565582275e-01
2.766776084899902344e-01
1.417170464992523193e-01
1.311869919300079346e-01
4.527189731597900391e-01
4.580166190862655640e-02
2.570851743221282959e-01
1.770979166030883789e-01
2.271015346050262451e-01
1.370656341314315796e-01
1.938735246658325195e-01
1.805468350648880005e-01
2.296054363250732422e-01
1.711562871932983398e-01
1.865677386522293091e-01
2.787200510501861572e-01
1.030556261539459229e-01
4.322522282600402832e-01
4.082520678639411926e-02
2.494124174118041992e-01
2.234716862440109253e-01
1.614311635494232178e-01
2.712348401546478271e-01
9.761863946914672852e-02
2.616980075836181641e-01
9.590892493724822998e-02
4.526073932647705078e-01
5.603377148509025574e-02
2.913381755352020264e-01
1.163724213838577271e-01
1.398074328899383545e-01
3.164310157299041748e-01
3.952177241444587708e-02
2.559486031532287598e-01
1.590501964092254639e-01
1.115900278091430664e-01
2.960107326507568359e-01
1.101195067167282104e-01
2.089432924985885620e-01
1.329174339771270752e-01
2.000554054975509644e-01
1.726757884025573730e-01
1.662102490663528442e-01
1.861192733049392700e-01
1.479222178459167480e-01
1.709083020687103271e-01
1.975982785224914551e-01
1.396765261888504028e-01
1.528671532869338989e-01
3.281867504119873047e-01
5.750776082277297974e-02
1.790565699338912964e-01
2.240964770317077637e-01
8.808307349681854248e-02
2.240566164255142212e-01
1.203372776508331299e-01
2.550877034664154053e-01
1.222480833530426025e-01
1.744687110185623169e-01
2.132263034582138062e-01
1.146862506866455078e-01
3.860485553741455078e-01
7.079917937517166138e-02
3.633273243904113770e-01
4.840653389692306519e-02
2.817570269107818604e-01
3.041155040264129639e-01
1.921771168708801270e-01
4.714583456516265869e-01
6.056266650557518005e-02
3.518573641777038574e-01
6.819379329681396484e-02
2.999992370605468750e-01
5.688152834773063660e-02
3.240889906883239746e-01
1.466117948293685913e-01
1.981453895568847656e-01
2.063282728195190430e-01
1.663044989109039307e-01
1.566607952117919922e-01
2.198101729154586792e-01
1.036272123456001282e-01
2.401275485754013062e-01
1.617138087749481201e-01
1.149028018116950989e-01
2.239909470081329346e-01
1.441982388496398926e-01
1.470692008733749390e-01
3.212071061134338379e-01
6.192222237586975098e-02
1.402712166309356689e-01
4.231764078140258789e-01
7.908912003040313721e-02
7.495465874671936035e-01
2.341328375041484833e-02
7.206540107727050781e-01
1.150387432426214218e-02
6.455914974212646484e-01
3.409973531961441040e-02
6.872462034225463867e-01
9.412199258804321289e-02
5.998110771179199219e-01
5.493326485157012939e-02
3.649016022682189941e-01
2.576015293598175049e-01
8.776225149631500244e-02
3.034870028495788574e-01
1.620008498430252075e-01
2.806349992752075195e-01
1.701462864875793457e-01
3.392137289047241211e-01
1.416070014238357544e-01
2.850931882858276367e-01
2.610695362091064453e-01
1.161733418703079224e-01
3.049862980842590332e-01
1.059553921222686768e-01
1.532230973243713379e-01
3.412328958511352539e-01
1.080048456788063049e-01
1.476927697658538818e-01
1.025561913847923279e-01
4.050110876560211182e-01
1.843349337577819824e-01
1.311217546463012695e-01
6.356737613677978516e-01
1.216266490519046783e-02
1.663047373294830322e-01
3.458470106124877930e-01
7.877532392740249634e-02
3.047193288803100586e-01
3.271768093109130859e-01
9.810827672481536865e-02
2.553015351295471191e-01
1.312168836593627930e-01
3.715132474899291992e-01
2.491834387183189392e-02
4.290212392807006836e-01
9.776068478822708130e-02
1.373919993638992310e-01
4.231070876121520996e-01
9.340342134237289429e-02
3.910483121871948242e-01
6.722164154052734375e-02
3.972126543521881104e-01
9.512875974178314209e-02
2.223052531480789185e-01
1.457865387201309204e-01
1.612038910388946533e-01
1.354990750551223755e-01
3.760159015655517578e-01
6.992538273334503174e-02
2.444533854722976685e-01
1.779602766036987305e-01
1.412820219993591309e-01
1.710246354341506958e-01
2.026728987693786621e-01
1.907450854778289795e-01
1.942185163497924805e-01
1.408374607563018799e-01
2.476020902395248413e-01
9.699986129999160767e-02
2.341098785400390625e-01
2.261997759342193604e-01
1.013222783803939819e-01
2.554361224174499512e-01
1.465479135513305664e-01
2.032781392335891724e-01
9.290833771228790283e-02
3.150301277637481689e-01
9.424214065074920654e-02
2.294481694698333740e-01
1.828190684318542480e-01
1.110106706619262695e-01
3.796040415763854980e-01
5.089187249541282654e-02
5.424878597259521484e-01
3.256757557392120361e-02
2.421657145023345947e-01
2.652722001075744629e-01
1.216593384742736816e-01
5.923449993133544922e-01
3.382814675569534302e-02
7.783702611923217773e-01
1.350802369415760040e-02
4.624952375888824463e-01
7.327950745820999146e-02
2.185779958963394165e-01
1.737995445728302002e-01
2.211220711469650269e-01
4.056278467178344727e-01
5.629333108663558960e-02
6.988270878791809082e-01
1.497709192335605621e-02
2.346951216459274292e-01
1.359968930482864380e-01
1.599315702915191650e-01
2.627258300781250000e-01
1.086112484335899353e-01
3.609675765037536621e-01
1.472573876380920410e-01
3.922291696071624756e-01
2.770589850842952728e-02
5.050935745239257812e-01
6.155924499034881592e-02
3.809736371040344238e-01
1.015499085187911987e-01
4.420926570892333984e-01
3.345555439591407776e-02
7.601246237754821777e-01
4.104983061552047729e-02
6.638560295104980469e-01
1.694457232952117920e-02
3.603229522705078125e-01
2.170793265104293823e-01
1.358100175857543945e-01
3.856053948402404785e-01
1.155076771974563599e-01
6.207486391067504883e-01
4.225118458271026611e-02
3.996733427047729492e-01
7.844014465808868408e-02
1.771055907011032104e-01
3.748868107795715332e-01
8.779071271419525146e-02
3.217215240001678467e-01
2.088089585304260254e-01
1.048101335763931274e-01
3.721348643302917480e-01
7.009850442409515381e-02
3.126405477523803711e-01
1.254169940948486328e-01
1.925407797098159790e-01
1.996155679225921631e-01
2.171985954046249390e-01
1.254705190658569336e-01
2.729004621505737305e-01
1.465844959020614624e-01
2.374766170978546143e-01
1.264093667268753052e-01
2.847082614898681641e-01
9.966562688350677490e-02
1.886766850948333740e-01
2.837977707386016846e-01
9.091062843799591064e-02
2.433579564094543457e-01
2.729693949222564697e-01
2.102703899145126343e-01
1.364144682884216309e-01
1.948154270648956299e-01
1.754344105720520020e-01
1.249086707830429077e-01
3.647805750370025635e-01
4.484544694423675537e-02
2.406138479709625244e-01
4.693366885185241699e-01
1.382404938340187073e-02
5.398398637771606445e-01
6.319487094879150391e-02
2.151602506637573242e-01
2.852568626403808594e-01
7.510480284690856934e-02
5.002176165580749512e-01
5.321381241083145142e-02
3.072623610496520996e-01
1.744329631328582764e-01
9.962851554155349731e-02
5.024859905242919922e-01
2.457128837704658508e-02
1.914408206939697266e-01
4.061575233936309814e-01
6.649304926395416260e-02
1.477240920066833496e-01
2.310130000114440918e-01
1.741561442613601685e-01
1.271075159311294556e-01
2.385851740837097168e-01
2.004365026950836182e-01
2.466006577014923096e-01
9.382064640522003174e-02
2.495962828397750854e-01
1.406520158052444458e-01
2.303641587495803833e-01
1.889795362949371338e-01
9.987467527389526367e-02
1.403427720069885254e-01
2.634372711181640625e-01
8.804108202457427979e-02
4.873884618282318115e-01
3.403846919536590576e-02
2.858159244060516357e-01
1.191894710063934326e-01
5.167033150792121887e-02
3.262051641941070557e-01
1.280953884124755859e-01
1.426480412483215332e-01
1.609976589679718018e-01
2.841756045818328857e-01
1.429985463619232178e-01
1.978583335876464844e-01
2.510277628898620605e-01
6.384111195802688599e-02
2.156328558921813965e-01
2.188906073570251465e-01
1.166047975420951843e-01
2.726699411869049072e-01
1.448867470026016235e-01
1.182349026203155518e-01
3.029493391513824463e-01
1.318561881780624390e-01
2.872129380702972412e-01
6.287531554698944092e-02
2.914660274982452393e-01
1.504921913146972656e-01
3.827344775199890137e-01
2.928390353918075562e-02
6.631720066070556641e-01
1.150905620306730270e-02
2.177146673202514648e-01
1.762528121471405029e-01
1.321663111448287964e-01
1.618971228599548340e-01
3.228524923324584961e-01
6.333042681217193604e-02
1.700140684843063354e-01
2.630049586296081543e-01
1.705211400985717773e-01
2.633970975875854492e-01
1.223225221037864685e-01
1.976749598979949951e-01
1.494817286729812622e-01
2.631848454475402832e-01
9.930611401796340942e-02
1.103864237666130066e-01
2.374536842107772827e-01
1.645276546478271484e-01
1.785558462142944336e-01
1.156139001250267029e-01
3.180677890777587891e-01
1.070082187652587891e-01
3.183993697166442871e-01
4.608034342527389526e-02
4.446174502372741699e-01
8.231412619352340698e-02
2.500160336494445801e-01
1.216355860233306885e-01
3.128385543823242188e-01
3.232683986425399780e-02
5.591289401054382324e-01
2.553191781044006348e-02
5.348798632621765137e-01
2.650661394000053406e-02
2.389419078826904297e-01
1.742237508296966553e-01
2.766993045806884766e-01
6.840719282627105713e-02
3.584530949592590332e-01
1.395753920078277588e-01
1.217069402337074280e-01
2.369791567325592041e-01
1.895302981138229370e-01
2.308908402919769287e-01
1.745102256536483765e-01
2.875066399574279785e-01
6.717517226934432983e-02
3.112600147724151611e-01
5.821048468351364136e-02
5.844516754150390625e-01
1.934131607413291931e-02
6.793789267539978027e-01
2.004463411867618561e-02
4.635904431343078613e-01
6.694635748863220215e-02
1.849511563777923584e-01
3.015202283859252930e-01
1.829246282577514648e-01
3.244927823543548584e-01
1.028725951910018921e-01
4.427418708801269531e-01
7.253287732601165771e-02
3.760852813720703125e-01
5.157506465911865234e-02
3.007017672061920166e-01
1.487882137298583984e-01
1.863834112882614136e-01
4.800261259078979492e-01
3.332624956965446472e-02
3.984005451202392578e-01
1.265551000833511353e-01
1.548537462949752808e-01
3.128797411918640137e-01
1.263706982135772705e-01
2.844306230545043945e-01
2.956007122993469238e-01
7.085062563419342041e-02
2.673975825309753418e-01
1.030218526721000671e-01
2.598657310009002686e-01
1.416062712669372559e-01
2.915157377719879150e-01
4.463012516498565674e-02
4.380105137825012207e-01
8.341094851493835449e-02
2.815142571926116943e-01
2.024284005165100098e-01
2.263560146093368530e-01
1.171350106596946716e-01
2.548416554927825928e-01
1.135646551847457886e-01
1.884542703628540039e-01
1.491861492395401001e-01
1.900264471769332886e-01
1.269503086805343628e-01
3.895637392997741699e-01
2.626849338412284851e-02
2.379259765148162842e-01
1.747563332319259644e-01
1.579149663448333740e-01
2.500311136245727539e-01
5.846504867076873779e-02
4.543374478816986084e-01
5.566333979368209839e-02
3.659638166427612305e-01
3.754841536283493042e-02
3.999392986297607422e-01
3.289601206779479980e-02
4.149616956710815430e-01
3.966285288333892822e-02
3.990551233291625977e-01
7.845972478389739990e-02
1.954578161239624023e-01
3.856225013732910156e-01
1.390798203647136688e-02
6.118409633636474609e-01
2.242545969784259796e-02
3.274616897106170654e-01
1.441276073455810547e-01
1.522565484046936035e-01
5.379818677902221680e-01
2.164687216281890869e-02
6.592063903808593750e-01
3.795248270034790039e-02
2.381922453641891479e-01
3.006583452224731445e-01
1.026978343725204468e-01
6.346466541290283203e-01
3.967881202697753906e-02
2.486073374748229980e-01
2.674240767955780029e-01
1.249038130044937134e-01
2.441087365150451660e-01
1.771165728569030762e-01
1.011819094419479370e-01
2.689551115036010742e-01
1.344515681266784668e-01
2.259368151426315308e-01
1.333332657814025879e-01
1.399786621332168579e-01
2.345505654811859131e-01
1.698334515094757080e-01
1.675983071327209473e-01
1.348766386508941650e-01
1.171007603406906128e-01
2.928303778171539307e-01
9.658578783273696899e-02
2.671505808830261230e-01
9.038972109556198120e-02
3.554531037807464600e-01
6.895323842763900757e-02
2.339978814125061035e-01
1.186871752142906189e-01
1.850021779537200928e-01
1.496906578540802002e-01
2.636429667472839355e-01
1.044700890779495239e-01
4.469359517097473145e-01
1.924611479043960571e-01
2.406282722949981689e-01
2.844623029232025146e-01
1.198696047067642212e-01
5.024273395538330078e-01
1.731899753212928772e-02
5.825482010841369629e-01
8.650137484073638916e-02
2.711612284183502197e-01
1.715452373027801514e-01
9.688812494277954102e-02
3.848553299903869629e-01
9.267294406890869141e-02
6.931210756301879883e-01
5.834367126226425171e-03
3.736888468265533447e-01
1.672406196594238281e-01
7.216469198465347290e-02
2.162510603666305542e-01
3.071795701980590820e-01
1.261160075664520264e-01
2.777485251426696777e-01
8.955629169940948486e-02
5.499981045722961426e-01
1.470674574375152588e-02
2.025936543941497803e-01
2.653303146362304688e-01
5.824861302971839905e-02
2.354022860527038574e-01
1.891511529684066772e-01
9.021449089050292969e-02
3.026138842105865479e-01
2.055302560329437256e-01
6.831292808055877686e-02
1.655291616916656494e-01
1.453190296888351440e-01
1.328319609165191650e-01
2.539207935333251953e-01
8.202488720417022705e-02
3.383570909500122070e-01
7.143062353134155273e-02
2.294456809759140015e-01
1.302726864814758301e-01
2.888656258583068848e-01
7.084910571575164795e-02
5.867622792720794678e-02
3.651459217071533203e-01
5.587281659245491028e-02
4.187612533569335938e-01
4.961936175823211670e-02
1.138096898794174194e-01
3.471106588840484619e-01
6.958982348442077637e-02
2.987552285194396973e-01
1.862849593162536621e-01
1.659517437219619751e-01
1.371931731700897217e-01
3.940230011940002441e-01
4.984163492918014526e-02
1.871508955955505371e-01
1.648766249418258667e-01
9.758372604846954346e-02
2.352210581302642822e-01
1.702151596546173096e-01
2.365555614233016968e-01
2.569285929203033447e-01
1.036411076784133911e-01
1.734021902084350586e-01
4.125667214393615723e-01
2.189239114522933960e-02
3.810382485389709473e-01
3.142770752310752869e-02
1.728531122207641602e-01
2.544801831245422363e-01
1.550525426864624023e-01
7.392179965972900391e-02
6.313116550445556641e-01
1.766161248087882996e-02
6.946655511856079102e-01
4.410993773490190506e-03
9.567291736602783203e-01
4.222299158573150635e-02
5.543338060379028320e-01
5.447400733828544617e-02
2.119541466236114502e-01
3.822821974754333496e-01
1.242630407214164734e-01
5.626423358917236328e-01
5.261336639523506165e-02
4.183423817157745361e-01
1.379813253879547119e-01
4.501160979270935059e-01
8.592469245195388794e-02
4.443313479423522949e-01
7.856989651918411255e-02
4.289351105690002441e-01
8.123966306447982788e-02
2.664718031883239746e-01
3.017623424530029297e-01
8.138952404260635376e-02
2.876296937465667725e-01
1.656893342733383179e-01
1.695392429828643799e-01
2.215157002210617065e-01
1.596652716398239136e-01
2.694680988788604736e-01
2.455881237983703613e-01
1.380893141031265259e-01
3.533495068550109863e-01
1.170210540294647217e-01
2.620534002780914307e-01
1.550101041793823242e-01
7.304178923368453979e-02
4.530804455280303955e-01
7.384259998798370361e-02
1.952075958251953125e-01
2.560610175132751465e-01
1.385102570056915283e-01
2.251390665769577026e-01
9.579190611839294434e-02
3.474845290184020996e-01
9.029251337051391602e-02
9.941507130861282349e-02
3.378154039382934570e-01
5.009706690907478333e-02
3.325294852256774902e-01
1.284449100494384766e-01
3.958520591259002686e-01
3.243159502744674683e-02
3.586735129356384277e-01
8.086783438920974731e-02
1.657582372426986694e-01
1.964997053146362305e-01
1.208042353391647339e-01
1.672417223453521729e-01
2.068969309329986572e-01
1.647710204124450684e-01
3.173141479492187500e-01
8.285687863826751709e-02
3.880196511745452881e-01
5.993456393480300903e-02
1.299264729022979736e-01
4.039994478225708008e-01
1.183030903339385986e-01
1.429940164089202881e-01
2.110083401203155518e-01
1.971951276063919067e-01
2.699856162071228027e-01
1.098375469446182251e-01
4.292508959770202637e-01
1.694308966398239136e-02
3.498131036758422852e-01
1.286530792713165283e-01
6.740730255842208862e-02
4.846943616867065430e-01
4.042063280940055847e-02
8.928582072257995605e-02
3.337996006011962891e-01
6.578056514263153076e-02
1.162212044000625610e-01
2.108098864555358887e-01
2.017884552478790283e-01
1.154264658689498901e-01
1.661962419748306274e-01
1.590654700994491577e-01
1.010426580905914307e-01
2.263707518577575684e-01
1.638852953910827637e-01
7.112945616245269775e-02
2.739701271057128906e-01
9.923592209815979004e-02
3.000093102455139160e-01
6.957575678825378418e-02
4.729820191860198975e-01
5.298736691474914551e-02
5.718253850936889648e-01
3.994723409414291382e-02
3.552557229995727539e-01
1.781234443187713623e-01
7.809269428253173828e-02
2.068198621273040771e-01
9.132014214992523193e-02
4.626362919807434082e-01
2.428011037409305573e-02
3.829598426818847656e-01
4.152646288275718689e-02
1.683107912540435791e-01
2.974417209625244141e-01
9.846087545156478882e-02
3.109577894210815430e-01
1.158293485641479492e-01
2.682903409004211426e-01
1.042302697896957397e-01
2.027591913938522339e-01
1.270438283681869507e-01
1.073073446750640869e-01
5.424771308898925781e-01
2.845220640301704407e-02
2.277988791465759277e-01
3.772775530815124512e-01
4.237044602632522583e-02
1.195827499032020569e-01
3.442881107330322266e-01
3.550332039594650269e-02
2.064047604799270630e-01
1.778707057237625122e-01
1.477358192205429077e-01
2.132782340049743652e-01
1.284584105014801025e-01
1.958736479282379150e-01
1.492485105991363525e-01
2.449861019849777222e-01
1.520819216966629028e-01
2.004424035549163818e-01
1.911009252071380615e-01
1.662908345460891724e-01
1.034523025155067444e-01
1.416847109794616699e-01
2.255421876907348633e-01
1.736948788166046143e-01
2.421155422925949097e-01
1.168770492076873779e-01
7.237568497657775879e-02
3.057385981082916260e-01
5.630321055650711060e-02
1.923244595527648926e-01
7.086798548698425293e-02
1.498424261808395386e-01
1.054608076810836792e-01
1.823884993791580200e-01
2.332365214824676514e-01
6.274719536304473877e-02
2.234082221984863281e-01
2.039485275745391846e-01
7.089812308549880981e-02
2.098325490951538086e-01
1.033047884702682495e-01
1.390138566493988037e-01
3.263528048992156982e-01
8.526758104562759399e-02
2.295400798320770264e-01
8.190537989139556885e-02
1.843654364347457886e-01
7.703682780265808105e-02
2.682260870933532715e-01
1.136635616421699524e-01
1.418474763631820679e-01
3.395553529262542725e-01
2.162668481469154358e-02
5.005538463592529297e-01
1.305605471134185791e-02
4.250089526176452637e-01
3.903287649154663086e-02
4.410539865493774414e-01
2.903749607503414154e-02
4.184308648109436035e-01
8.491843193769454956e-02
9.020398557186126709e-02
3.933466076850891113e-01
3.480018675327301025e-02
4.168131947517395020e-01
6.414310634136199951e-02
1.240026280283927917e-01
1.944156587123870850e-01
1.450543403625488281e-01
1.629852354526519775e-01
2.936180233955383301e-01
4.877439886331558228e-02
2.292985320091247559e-01
1.155633032321929932e-01
1.498614400625228882e-01
3.494413495063781738e-01
4.375690221786499023e-02
2.283464372158050537e-01
2.871410250663757324e-01
2.661772258579730988e-02
3.252439498901367188e-01
1.490508019924163818e-01
1.707280278205871582e-01
9.054872393608093262e-02
4.621005058288574219e-01
1.075273007154464722e-02
4.800083637237548828e-01
4.396719485521316528e-02
7.071045041084289551e-01
5.471596494317054749e-03
6.218256950378417969e-01
8.589439094066619873e-02
2.606901228427886963e-01
3.280840516090393066e-01
7.036116719245910645e-02
2.998472452163696289e-01
7.952380180358886719e-02
3.514884412288665771e-01
1.094873026013374329e-01
2.205657064914703369e-01
9.804575145244598389e-02
3.044049441814422607e-01
5.502036958932876587e-02
3.376950621604919434e-01
1.187030747532844543e-01
1.143736094236373901e-01
2.302499115467071533e-01
6.887738406658172607e-02
4.480432868003845215e-01
5.450845509767532349e-02
1.783197820186614990e-01
2.027406692504882812e-01
9.955433011054992676e-02
3.204406499862670898e-01
7.591979950666427612e-02
4.093023538589477539e-01
4.337732866406440735e-02
3.298928439617156982e-01
8.725658059120178223e-02
1.382489502429962158e-01
1.672496795654296875e-01
1.511255353689193726e-01
2.959885299205780029e-01
5.845542252063751221e-02
1.439469307661056519e-01
3.640025258064270020e-01
4.198826849460601807e-02
1.985390484333038330e-01
2.802250087261199951e-01
6.418853998184204102e-02
3.002400398254394531e-01
1.096818894147872925e-01
1.722011566162109375e-01
3.427500724792480469e-01
4.146127775311470032e-02
3.920896053314208984e-01
6.096350401639938354e-02
3.452284634113311768e-01
7.644652575254440308e-02
1.445050537586212158e-01
3.111730813980102539e-01
4.895032942295074463e-02
4.364830851554870605e-01
7.208539545536041260e-02
1.459514498710632324e-01
6.347575783729553223e-01
2.524393144994974136e-03
2.705141901969909668e-01
1.853934377431869507e-01
2.052553594112396240e-01
4.055382013320922852e-01
7.132893800735473633e-02
3.360762596130371094e-01
4.642725735902786255e-02
5.236288309097290039e-01
2.482293546199798584e-02
1.826240122318267822e-01
2.788911759853363037e-01
6.061539053916931152e-02
3.992666006088256836e-01
4.226271808147430420e-02
2.508445680141448975e-01
1.639330536127090454e-01
2.204907536506652832e-01
1.827868819236755371e-01
2.922450304031372070e-01
8.824731409549713135e-02
1.991612315177917480e-01
2.013992667198181152e-01
1.781082153320312500e-01
8.263406157493591309e-02
1.279597133398056030e-01
1.302346140146255493e-01
1.831437498331069946e-01
1.552513241767883301e-01
2.858676910400390625e-01
1.286984980106353760e-01
7.492756098508834839e-02
4.009594321250915527e-01
5.585810542106628418e-02
2.661722004413604736e-01
2.291813790798187256e-01
6.029002740979194641e-02
2.314541637897491455e-01
1.579287052154541016e-01
1.262927651405334473e-01
1.311649382114410400e-01
2.458822280168533325e-01
1.332857608795166016e-01
2.060085535049438477e-01
2.588098943233489990e-01
1.094912290573120117e-01
1.008286103606224060e-01
3.090282082557678223e-01
7.464887201786041260e-02
2.848623096942901611e-01
5.139021575450897217e-02
4.084478318691253662e-01
3.373800963163375854e-02
1.474159955978393555e-01
2.926058173179626465e-01
8.491155505180358887e-02
1.393900513648986816e-01
3.205807209014892578e-01
4.260334372520446777e-02
2.412734031677246094e-01
1.388292908668518066e-01
2.416505813598632812e-01
5.601529777050018311e-02
1.129951551556587219e-01
2.076762169599533081e-01
1.128972619771957397e-01
3.844368159770965576e-01
4.753877222537994385e-02
2.701001763343811035e-01
6.855838000774383545e-02
1.218803152441978455e-01
1.758253574371337891e-01
9.351520240306854248e-02
3.096005320549011230e-01
8.919395506381988525e-02
3.181262016296386719e-01
1.168860271573066711e-01
1.578129976987838745e-01
8.732035756111145020e-02
4.693841040134429932e-01
1.025494411587715149e-01
5.615502595901489258e-01
2.280459925532341003e-02
3.450578451156616211e-01
9.842769056558609009e-02
3.686469793319702148e-01
2.357695251703262329e-02
7.098377943038940430e-01
