2.009288311004638672e+00
1.677993178367614746e+00
1.141583561897277832e+00
8.729813098907470703e-01
1.212989330291748047e+00
8.446431159973144531e-01
8.223402500152587891e-01
7.632507085800170898e-01
8.837344050407409668e-01
5.739260911941528320e-01
9.575178623199462891e-01
4.542462229728698730e-01
7.935243844985961914e-01
3.388366103172302246e-01
7.006608247756958008e-01
6.288412809371948242e-01
9.023822546005249023e-01
3.060494661331176758e-01
2.758793532848358154e-01
1.523041725158691406e+00
3.901124894618988037e-01
2.412160336971282959e-01
3.005259633064270020e-01
1.081506252288818359e+00
3.492523133754730225e-01
3.079585433006286621e-01
3.076196610927581787e-01
1.307579994201660156e+00
2.251307964324951172e-01
3.398005962371826172e-01
9.281997382640838623e-02
9.830412268638610840e-01
1.536819636821746826e-01
2.870024740695953369e-01
1.488730013370513916e-01
2.722373962402343750e+00
5.052430033683776855e-01
3.095954954624176025e-01
1.106034293770790100e-01
9.572702646255493164e-02
1.294310331344604492e+00
2.159359753131866455e-01
1.370620727539062500e-01
1.140327081084251404e-01
1.127325519919395447e-01
1.623147964477539062e+00
2.326073795557022095e-01
2.904554605484008789e-01
1.228119060397148132e-01
9.547308832406997681e-02
1.174384132027626038e-01
1.663010239601135254e+00
4.331537187099456787e-01
2.730152308940887451e-01
1.090290918946266174e-01
5.660868436098098755e-02
6.660533696413040161e-02
1.578951358795166016e+00
3.511279225349426270e-01
1.725253015756607056e-01
9.060373902320861816e-02
1.761608123779296875e-01
1.133209228515625000e+00
8.826849460601806641e-01
4.058921039104461670e-01
1.852934062480926514e-01
1.019359469413757324e+00
3.756936490535736084e-01
1.957807540893554688e-01
2.211951911449432373e-01
7.272961139678955078e-01
1.168918728828430176e+00
6.794888377189636230e-01
6.854550242424011230e-01
4.738118052482604980e-01
5.404353737831115723e-01
5.579557418823242188e-01
9.863128066062927246e-01
1.523858904838562012e+00
8.641616106033325195e-01
6.130053997039794922e-01
4.044263958930969238e-01
5.541067123413085938e-01
4.338584542274475098e-01
5.625814199447631836e-01
8.201563358306884766e-01
1.321245789527893066e+00
4.592188000679016113e-01
5.970265269279479980e-01
5.616342425346374512e-01
5.007885694503784180e-01
4.221863150596618652e-01
4.151291251182556152e-01
4.102568328380584717e-01
4.910170733928680420e-01
6.545813083648681641e-01
1.126957535743713379e+00
1.027692198753356934e+00
1.384563565254211426e+00
3.116567134857177734e-01
7.900966405868530273e-01
5.553512573242187500e-01
4.699636101722717285e-01
7.415827512741088867e-01
8.798269033432006836e-01
5.554077029228210449e-01
6.020513176918029785e-01
6.545830965042114258e-01
8.562434315681457520e-01
1.255156874656677246e+00
1.745637655258178711e+00
5.765421986579895020e-01
1.245893836021423340e+00
9.984757304191589355e-01
3.874436020851135254e-01
9.473744630813598633e-01
8.338022828102111816e-01
4.853499829769134521e-01
1.279608964920043945e+00
1.366006612777709961e+00
5.567087531089782715e-01
1.003931641578674316e+00
1.034709095954895020e+00
6.391942501068115234e-01
9.515461325645446777e-01
5.555475950241088867e-01
4.327760636806488037e-01
5.271884202957153320e-01
3.769358098506927490e-01
4.501176476478576660e-01
5.465738773345947266e-01
6.248934268951416016e-01
4.498080015182495117e-01
3.732786178588867188e-01
6.748767495155334473e-01
7.884309887886047363e-01
8.426781892776489258e-01
6.119574904441833496e-01
5.147045850753784180e-01
4.715053737163543701e-01
4.024809598922729492e-01
4.151474833488464355e-01
5.466467142105102539e-01
6.003078222274780273e-01
6.884660720825195312e-01
4.276733398437500000e-01
2.820230126380920410e-01
2.326581180095672607e-01
3.485557734966278076e-01
3.823612630367279053e-01
3.836783170700073242e-01
3.420054316520690918e-01
4.259777069091796875e-01
4.998781085014343262e-01
3.652681112289428711e-01
3.295765519142150879e-01
3.607042729854583740e-01
3.420709371566772461e-01
5.016362071037292480e-01
6.697903275489807129e-01
1.443109631538391113e+00
2.147443056106567383e+00
6.191446185111999512e-01
3.391940891742706299e-01
3.571023643016815186e-01
8.220912814140319824e-01
8.059681057929992676e-01
1.921870857477188110e-01
4.739489853382110596e-01
1.559867858886718750e-01
2.895729839801788330e-01
3.967665731906890869e-01
2.962133288383483887e-01
2.924481630325317383e-01
2.865016460418701172e-01
2.279045432806015015e-01
2.058926522731781006e-01
4.014140665531158447e-01
2.937079071998596191e-01
2.248101383447647095e-01
1.936887204647064209e-01
3.153840899467468262e-01
3.495090603828430176e-01
4.295859634876251221e-01
3.299674093723297119e-01
4.968118667602539062e-01
2.549766004085540771e-01
3.813341259956359863e-01
3.859715759754180908e-01
5.011839866638183594e-01
4.231516122817993164e-01
4.434437155723571777e-01
3.209433555603027344e-01
3.386972546577453613e-01
3.954084515571594238e-01
2.697132825851440430e-01
3.939607739448547363e-01
2.608317434787750244e-01
3.928358256816864014e-01
4.151683449745178223e-01
4.154077768325805664e-01
6.058069467544555664e-01
3.380038142204284668e-01
4.816183447837829590e-01
3.861954510211944580e-01
3.323450088500976562e-01
3.394230902194976807e-01
2.670792937278747559e-01
3.320000469684600830e-01
2.037265598773956299e-01
2.991989850997924805e-01
3.737913370132446289e-01
4.469295740127563477e-01
2.311976552009582520e-01
4.413343071937561035e-01
4.212487936019897461e-01
1.386299282312393188e-01
1.153270483016967773e+00
2.307447910308837891e+00
3.595196008682250977e-01
4.631488323211669922e-01
4.363735914230346680e-01
3.281637430191040039e-01
3.492498397827148438e-01
1.890542060136795044e-01
2.499417662620544434e-01
3.033762872219085693e-01
1.967146992683410645e-01
1.577378809452056885e-01
3.678011000156402588e-01
5.298305749893188477e-01
4.657664597034454346e-01
2.221656739711761475e-01
1.018274188041687012e+00
5.876951813697814941e-01
3.692494928836822510e-01
1.475317776203155518e-01
6.188310384750366211e-01
8.813846856355667114e-02
3.046046793460845947e-01
5.538612008094787598e-01
6.134203076362609863e-01
4.458532333374023438e-01
5.729811191558837891e-01
3.040178418159484863e-01
2.351238429546356201e-01
2.657496333122253418e-01
2.159771174192428589e-01
2.054013758897781372e-01
1.008682250976562500e-01
1.828682571649551392e-01
2.249834686517715454e-01
2.470998466014862061e-01
2.713034451007843018e-01
6.825993657112121582e-01
4.920490980148315430e-01
3.344928324222564697e-01
8.423635959625244141e-01
4.541537761688232422e-01
3.195896148681640625e-01
5.258863568305969238e-01
5.714583992958068848e-01
9.750843644142150879e-01
8.679003119468688965e-01
2.724916338920593262e-01
3.999955952167510986e-01
1.721898466348648071e-01
2.578812241554260254e-01
3.557251095771789551e-01
2.940249145030975342e-01
3.282870352268218994e-01
4.257866144180297852e-01
6.930372714996337891e-01
9.494929909706115723e-01
1.526079773902893066e+00
4.135249555110931396e-01
3.959249258041381836e-01
4.895479679107666016e-01
3.964273929595947266e-01
4.578921198844909668e-01
4.125393331050872803e-01
4.096478223800659180e-01
4.320238828659057617e-01
6.238828897476196289e-01
5.193297863006591797e-01
7.479472160339355469e-01
1.237223625183105469e+00
1.306944131851196289e+00
3.998136520385742188e-01
5.431015491485595703e-01
6.733531951904296875e-01
7.727205157279968262e-01
5.761138796806335449e-01
7.553919553756713867e-01
1.138821601867675781e+00
1.784032821655273438e+00
1.884531974792480469e+00
9.638982415199279785e-01
1.042360663414001465e+00
7.628585100173950195e-01
5.902682542800903320e-01
7.275836467742919922e-01
8.926123976707458496e-01
1.160952568054199219e+00
1.060988664627075195e+00
1.003741025924682617e+00
6.920139789581298828e-01
7.208228111267089844e-01
1.057342171669006348e+00
1.211027026176452637e+00
1.591233491897583008e+00
1.412172436714172363e+00
9.290787577629089355e-01
1.164831876754760742e+00
1.103288173675537109e+00
8.723276257514953613e-01
5.199884176254272461e-01
6.809935569763183594e-01
8.788698911666870117e-01
5.490494966506958008e-01
6.792027354240417480e-01
7.920272946357727051e-01
7.520846128463745117e-01
7.829797267913818359e-01
5.577893257141113281e-01
4.986178874969482422e-01
4.959791600704193115e-01
6.753128767013549805e-01
8.052056431770324707e-01
9.501747488975524902e-01
9.868823289871215820e-01
1.273465871810913086e+00
2.397336483001708984e+00
1.639081478118896484e+00
8.017475605010986328e-01
7.211592197418212891e-01
6.625396609306335449e-01
9.337777495384216309e-01
1.211400866508483887e+00
1.050636649131774902e+00
9.487996101379394531e-01
5.570325851440429688e-01
4.370627105236053467e-01
6.509464979171752930e-01
4.470877051353454590e-01
5.121349096298217773e-01
7.348272800445556641e-01
8.791021108627319336e-01
6.134752035140991211e-01
6.820662021636962891e-01
4.522401690483093262e-01
4.732669293880462646e-01
5.348616838455200195e-01
6.577631235122680664e-01
5.432773232460021973e-01
4.985557198524475098e-01
3.309986293315887451e-01
4.403428435325622559e-01
4.727283120155334473e-01
4.104361236095428467e-01
4.428205192089080811e-01
4.737246334552764893e-01
5.522627830505371094e-01
9.432711005210876465e-01
1.452542543411254883e+00
9.904835820198059082e-01
7.003898024559020996e-01
3.739267587661743164e-01
3.667608499526977539e-01
2.893070578575134277e-01
4.681890904903411865e-01
7.606948614120483398e-01
6.580287218093872070e-01
7.268881797790527344e-01
1.041071414947509766e+00
1.218692660331726074e+00
8.572705984115600586e-01
6.230629086494445801e-01
1.080382227897644043e+00
1.506453514099121094e+00
1.230201840400695801e+00
7.745504379272460938e-01
6.398901939392089844e-01
5.919177532196044922e-01
7.549465298652648926e-01
1.259369134902954102e+00
7.503171563148498535e-01
9.194358587265014648e-01
6.447874307632446289e-01
5.917990803718566895e-01
5.748537778854370117e-01
6.206073164939880371e-01
6.205905675888061523e-01
6.477561593055725098e-01
5.387288331985473633e-01
5.696365833282470703e-01
4.846386611461639404e-01
4.137309789657592773e-01
5.784168243408203125e-01
6.698303818702697754e-01
6.686879396438598633e-01
4.230248332023620605e-01
9.231907129287719727e-01
9.685562849044799805e-01
4.219488501548767090e-01
3.482521176338195801e-01
3.656392097473144531e-01
3.516887724399566650e-01
5.073359012603759766e-01
5.418224930763244629e-01
6.624423861503601074e-01
6.502516269683837891e-01
4.576756060123443604e-01
3.682864010334014893e-01
3.999962806701660156e-01
5.047911405563354492e-01
5.433140993118286133e-01
8.249301910400390625e-01
6.985327005386352539e-01
4.847027957439422607e-01
6.833536624908447266e-01
4.118297696113586426e-01
4.367235302925109863e-01
3.682506382465362549e-01
2.913155257701873779e-01
4.801622033119201660e-01
3.515480756759643555e-01
6.272552013397216797e-01
6.821067333221435547e-01
1.321113348007202148e+00
1.392035126686096191e+00
1.835809111595153809e+00
1.004521489143371582e+00
7.879028916358947754e-01
8.074547052383422852e-01
9.172171354293823242e-01
1.139229893684387207e+00
1.926541566848754883e+00
1.275228977203369141e+00
9.907597303390502930e-01
3.925450444221496582e-01
6.899665594100952148e-01
5.549272894859313965e-01
4.919394850730895996e-01
6.503793001174926758e-01
6.127344369888305664e-01
7.007032036781311035e-01
4.729092717170715332e-01
6.839491128921508789e-01
6.210786104202270508e-01
9.000400304794311523e-01
1.528230905532836914e+00
1.841986179351806641e+00
1.221174240112304688e+00
3.151924908161163330e-01
5.889637470245361328e-01
3.304483890533447266e-01
3.303912281990051270e-01
3.449459671974182129e-01
5.998119711875915527e-01
6.966675519943237305e-01
7.196422815322875977e-01
7.536097764968872070e-01
7.024396657943725586e-01
5.455898046493530273e-01
4.885907769203186035e-01
5.158706903457641602e-01
2.787262499332427979e-01
7.319165468215942383e-01
5.189270377159118652e-01
5.001507997512817383e-01
6.952352523803710938e-01
3.675357699394226074e-01
3.524787127971649170e-01
5.675247907638549805e-01
5.584994554519653320e-01
4.211438596248626709e-01
5.784929394721984863e-01
3.917635679244995117e-01
5.586076378822326660e-01
7.353122234344482422e-01
5.688652992248535156e-01
6.000920534133911133e-01
4.529253244400024414e-01
5.127866268157958984e-01
6.366051435470581055e-01
7.047917842864990234e-01
9.559577107429504395e-01
8.248088359832763672e-01
3.259440660476684570e-01
4.864383935928344727e-01
3.975619673728942871e-01
4.473887681961059570e-01
7.149956226348876953e-01
5.923118591308593750e-01
1.006333351135253906e+00
1.255340218544006348e+00
1.641033172607421875e+00
9.546940326690673828e-01
6.246424317359924316e-01
1.367889881134033203e+00
7.717040181159973145e-01
5.573320388793945312e-01
1.049823522567749023e+00
1.267471551895141602e+00
7.988868951797485352e-01
6.237487792968750000e-01
6.855539679527282715e-01
7.480484843254089355e-01
5.582097172737121582e-01
5.686404109001159668e-01
4.620044231414794922e-01
5.507194399833679199e-01
3.564549386501312256e-01
4.301180839538574219e-01
5.265966057777404785e-01
6.978701949119567871e-01
4.436078667640686035e-01
5.016815662384033203e-01
4.248127341270446777e-01
8.365255594253540039e-01
9.001486301422119141e-01
1.668907165527343750e+00
1.720711827278137207e+00
1.933793544769287109e+00
1.120406985282897949e+00
8.804727792739868164e-01
5.200595855712890625e-01
6.023461818695068359e-01
8.711237311363220215e-01
1.046756625175476074e+00
7.503243088722229004e-01
3.039559125900268555e-01
4.831021130084991455e-01
7.653717398643493652e-01
6.040942668914794922e-01
4.868949949741363525e-01
5.363107323646545410e-01
5.756382942199707031e-01
8.609446287155151367e-01
8.057426214218139648e-01
1.192760229110717773e+00
8.657049536705017090e-01
5.040967464447021484e-01
4.578576982021331787e-01
3.744752407073974609e-01
4.446050226688385010e-01
4.822738766670227051e-01
4.832085669040679932e-01
4.978892207145690918e-01
4.549660086631774902e-01
5.208752751350402832e-01
5.680664181709289551e-01
5.658752918243408203e-01
9.763265252113342285e-01
1.018272876739501953e+00
1.190160512924194336e+00
5.245406031608581543e-01
5.800434350967407227e-01
6.341279745101928711e-01
8.181389570236206055e-01
7.352338433265686035e-01
6.944606304168701172e-01
4.657493829727172852e-01
5.171877145767211914e-01
5.187361240386962891e-01
6.619449853897094727e-01
3.833189606666564941e-01
4.167208075523376465e-01
6.148704290390014648e-01
3.854492306709289551e-01
5.949457883834838867e-01
6.876590251922607422e-01
8.053617477416992188e-01
9.877772927284240723e-01
6.048541665077209473e-01
7.323441505432128906e-01
5.701025128364562988e-01
5.465517044067382812e-01
5.024011135101318359e-01
6.308012604713439941e-01
4.535008072853088379e-01
5.036830902099609375e-01
5.774367451667785645e-01
7.105780839920043945e-01
9.059162139892578125e-01
6.611190438270568848e-01
4.351881742477416992e-01
5.491558313369750977e-01
5.745946168899536133e-01
5.674470067024230957e-01
5.243527889251708984e-01
5.786467194557189941e-01
6.339497566223144531e-01
6.530754566192626953e-01
9.662792682647705078e-01
8.258922696113586426e-01
6.430343985557556152e-01
7.456482052803039551e-01
8.987932205200195312e-01
6.497116684913635254e-01
6.600387096405029297e-01
5.290754437446594238e-01
5.763041377067565918e-01
7.121261358261108398e-01
1.197188735008239746e+00
1.272809147834777832e+00
1.176356434822082520e+00
1.959071397781372070e+00
4.099150300025939941e-01
5.702357292175292969e-01
3.595813512802124023e-01
5.742341279983520508e-01
6.084033250808715820e-01
6.375861763954162598e-01
6.549651622772216797e-01
6.328101158142089844e-01
6.425332427024841309e-01
4.115881323814392090e-01
4.192459285259246826e-01
6.035683751106262207e-01
5.215730667114257812e-01
4.121523499488830566e-01
4.398807883262634277e-01
4.374141693115234375e-01
4.559328556060791016e-01
5.328241586685180664e-01
3.501893579959869385e-01
7.268993854522705078e-01
1.245500087738037109e+00
1.470037937164306641e+00
4.205830395221710205e-01
8.525646328926086426e-01
1.283844590187072754e+00
1.026194572448730469e+00
5.930004715919494629e-01
4.309993386268615723e-01
5.387290716171264648e-01
4.519915580749511719e-01
4.521177113056182861e-01
6.110846996307373047e-01
1.077328205108642578e+00
9.981944561004638672e-01
1.110397458076477051e+00
6.523587703704833984e-01
7.299402356147766113e-01
7.946715354919433594e-01
6.329886317253112793e-01
9.305568933486938477e-01
9.268599748611450195e-01
8.083608746528625488e-01
4.803245663642883301e-01
3.587590456008911133e-01
5.599943995475769043e-01
2.944533824920654297e-01
4.568922817707061768e-01
6.698107719421386719e-01
3.461359143257141113e-01
5.063453316688537598e-01
6.485780477523803711e-01
6.341730952262878418e-01
1.086761474609375000e+00
7.286592125892639160e-01
4.271578788757324219e-01
4.225741624832153320e-01
3.710126578807830811e-01
4.999285638332366943e-01
4.530496001243591309e-01
4.153227210044860840e-01
4.702662825584411621e-01
4.541974365711212158e-01
4.597639441490173340e-01
4.962553381919860840e-01
7.024476528167724609e-01
8.111021518707275391e-01
9.788150191307067871e-01
1.387396812438964844e+00
1.390272498130798340e+00
8.514132499694824219e-01
5.676320195198059082e-01
5.068924427032470703e-01
5.679185390472412109e-01
6.999617218971252441e-01
9.267753362655639648e-01
7.478536963462829590e-01
4.905830621719360352e-01
5.023637413978576660e-01
5.748852491378784180e-01
7.489372491836547852e-01
7.235249876976013184e-01
6.842831969261169434e-01
5.106377005577087402e-01
6.850315928459167480e-01
7.720034718513488770e-01
1.102868795394897461e+00
8.006032705307006836e-01
4.768074154853820801e-01
7.930031418800354004e-01
9.124884605407714844e-01
6.895918250083923340e-01
9.907354116439819336e-01
9.865913391113281250e-01
4.719627201557159424e-01
3.902174234390258789e-01
6.589910984039306641e-01
6.824159026145935059e-01
7.346887588500976562e-01
9.733875989913940430e-01
1.119119286537170410e+00
8.395833373069763184e-01
1.131849527359008789e+00
8.552239537239074707e-01
2.705964744091033936e-01
7.136097550392150879e-01
5.340176224708557129e-01
7.804478406906127930e-01
5.277577638626098633e-01
4.804711341857910156e-01
6.292164325714111328e-01
3.904908597469329834e-01
4.201265275478363037e-01
5.295184850692749023e-01
5.374835133552551270e-01
6.018241047859191895e-01
9.233633279800415039e-01
6.663395166397094727e-01
4.490281343460083008e-01
5.032938122749328613e-01
4.513526260852813721e-01
4.879484176635742188e-01
4.703488349914550781e-01
4.559640288352966309e-01
5.957652330398559570e-01
6.642748713493347168e-01
5.274237990379333496e-01
3.833174109458923340e-01
5.646873712539672852e-01
7.349917888641357422e-01
6.901311874389648438e-01
7.892003655433654785e-01
7.184130549430847168e-01
8.436127901077270508e-01
5.147391557693481445e-01
5.489665269851684570e-01
4.006525874137878418e-01
5.308003425598144531e-01
5.256057977676391602e-01
5.242435932159423828e-01
4.764496684074401855e-01
6.858546733856201172e-01
8.492386937141418457e-01
1.350510239601135254e+00
3.402133941650390625e+00
1.320818185806274414e+00
9.760976433753967285e-01
1.035446405410766602e+00
7.402718067169189453e-01
5.292441844940185547e-01
8.391063809394836426e-01
8.066659569740295410e-01
8.227977156639099121e-01
9.072159528732299805e-01
9.684160947799682617e-01
7.361944913864135742e-01
3.252698481082916260e-01
8.872068524360656738e-01
6.055968403816223145e-01
3.976922929286956787e-01
1.029769062995910645e+00
9.200400114059448242e-01
6.057301759719848633e-01
3.932045400142669678e-01
6.171203851699829102e-01
7.202522158622741699e-01
2.848052084445953369e-01
5.258814692497253418e-01
6.029555797576904297e-01
6.533862352371215820e-01
4.512285292148590088e-01
5.805202126502990723e-01
5.264837741851806641e-01
5.890228748321533203e-01
7.329792976379394531e-01
5.412791967391967773e-01
5.223753452301025391e-01
4.724047780036926270e-01
7.302094101905822754e-01
6.237879395484924316e-01
5.185021758079528809e-01
5.224232673645019531e-01
4.455026984214782715e-01
5.560182332992553711e-01
4.883274435997009277e-01
5.974358916282653809e-01
6.929261684417724609e-01
6.044201850891113281e-01
6.862695217132568359e-01
4.771122336387634277e-01
4.127739965915679932e-01
4.696354866027832031e-01
4.601516723632812500e-01
5.358682870864868164e-01
8.266302347183227539e-01
1.146935343742370605e+00
9.339694380760192871e-01
5.242812037467956543e-01
2.922121882438659668e-01
6.694747209548950195e-01
8.343786597251892090e-01
1.044359326362609863e+00
7.860997915267944336e-01
4.863325953483581543e-01
4.353788197040557861e-01
3.933579921722412109e-01
4.321989417076110840e-01
4.525670707225799561e-01
5.285214781761169434e-01
7.843899130821228027e-01
4.378252029418945312e-01
5.928590297698974609e-01
9.802269935607910156e-01
1.525959730148315430e+00
1.038563013076782227e+00
5.323441028594970703e-01
3.959482610225677490e-01
4.431566596031188965e-01
7.248651981353759766e-01
3.671049475669860840e-01
4.123154282569885254e-01
4.338732361793518066e-01
6.257963180541992188e-01
7.102515101432800293e-01
7.394815683364868164e-01
7.324634194374084473e-01
4.307573735713958740e-01
6.003910303115844727e-01
6.008434295654296875e-01
6.179760694503784180e-01
6.503170728683471680e-01
7.787843942642211914e-01
6.451900005340576172e-01
5.011216402053833008e-01
4.965912699699401855e-01
5.943217873573303223e-01
8.199852705001831055e-01
9.748333692550659180e-01
7.788596749305725098e-01
4.264434278011322021e-01
4.293310642242431641e-01
4.249504208564758301e-01
5.591903328895568848e-01
5.390366911888122559e-01
8.159536719322204590e-01
7.732474207878112793e-01
7.224246263504028320e-01
7.028273940086364746e-01
1.054418325424194336e+00
8.564667701721191406e-01
8.859882950782775879e-01
6.149191856384277344e-01
7.016174197196960449e-01
6.299573779106140137e-01
6.179314851760864258e-01
4.473438858985900879e-01
6.684912443161010742e-01
7.602984309196472168e-01
5.364760756492614746e-01
9.707958698272705078e-01
8.969255685806274414e-01
1.214654207229614258e+00
1.083290338516235352e+00
4.579824209213256836e-01
4.048254191875457764e-01
7.381658554077148438e-01
5.981597900390625000e-01
9.074776172637939453e-01
1.491424679756164551e+00
1.264411211013793945e+00
9.597395658493041992e-01
5.072361230850219727e-01
5.637466907501220703e-01
5.632951855659484863e-01
9.468628168106079102e-01
9.838545322418212891e-01
7.475018501281738281e-01
5.516167879104614258e-01
6.854540109634399414e-01
5.492319464683532715e-01
6.717969179153442383e-01
5.967951416969299316e-01
7.835583686828613281e-01
8.151719570159912109e-01
9.107298851013183594e-01
1.024064660072326660e+00
9.196206331253051758e-01
7.783816456794738770e-01
8.058470487594604492e-01
7.778270244598388672e-01
6.075165867805480957e-01
7.119455337524414062e-01
7.180017232894897461e-01
8.591280579566955566e-01
1.018209576606750488e+00
7.913699746131896973e-01
6.530585289001464844e-01
8.398542404174804688e-01
7.151166200637817383e-01
7.675749659538269043e-01
6.226443052291870117e-01
7.515751123428344727e-01
6.388128995895385742e-01
5.378912687301635742e-01
5.540443658828735352e-01
6.878491640090942383e-01
6.770319938659667969e-01
4.928773939609527588e-01
6.634049415588378906e-01
5.307666063308715820e-01
5.725696682929992676e-01
7.844485044479370117e-01
6.783785820007324219e-01
6.153131127357482910e-01
6.772659420967102051e-01
8.378485441207885742e-01
8.138300776481628418e-01
6.721914410591125488e-01
7.121549844741821289e-01
6.564648151397705078e-01
7.134834527969360352e-01
6.134126186370849609e-01
6.709190607070922852e-01
7.056690454483032227e-01
7.344324588775634766e-01
8.341040015220642090e-01
8.100968599319458008e-01
1.540796518325805664e+00
2.648724317550659180e+00
9.310133457183837891e-01
7.442514896392822266e-01
1.126893043518066406e+00
1.683457374572753906e+00
1.491193056106567383e+00
8.152177333831787109e-01
6.387113332748413086e-01
6.615616083145141602e-01
7.350364923477172852e-01
6.857733130455017090e-01
7.651103734970092773e-01
8.321163654327392578e-01
8.603935837745666504e-01
1.430001616477966309e+00
1.195353269577026367e+00
1.000628232955932617e+00
1.056253194808959961e+00
7.566845417022705078e-01
6.205571293830871582e-01
1.103020310401916504e+00
5.923320055007934570e-01
4.960772693157196045e-01
8.949733972549438477e-01
3.836337327957153320e-01
4.484722912311553955e-01
6.689270138740539551e-01
6.753945946693420410e-01
6.813198328018188477e-01
9.262019991874694824e-01
8.438511490821838379e-01
5.543651580810546875e-01
7.571359872817993164e-01
5.901214480400085449e-01
6.227538585662841797e-01
5.101937055587768555e-01
6.574363112449645996e-01
6.798556447029113770e-01
6.520346403121948242e-01
5.699269175529479980e-01
6.259229779243469238e-01
5.261495709419250488e-01
7.287780642509460449e-01
7.847087979316711426e-01
5.334943532943725586e-01
4.729731082916259766e-01
8.081318140029907227e-01
5.658785104751586914e-01
5.861365795135498047e-01
8.069654703140258789e-01
9.464263916015625000e-01
5.787988901138305664e-01
3.340013325214385986e-01
4.917895793914794922e-01
4.562827050685882568e-01
6.005367636680603027e-01
7.158979177474975586e-01
7.214666604995727539e-01
5.033640861511230469e-01
5.785902738571166992e-01
7.373296022415161133e-01
5.260867476463317871e-01
4.709859490394592285e-01
4.549269080162048340e-01
5.564334392547607422e-01
8.267397880554199219e-01
7.276110649108886719e-01
6.532138586044311523e-01
3.820526599884033203e-01
4.591132998466491699e-01
7.154418826103210449e-01
8.252706527709960938e-01
8.480752110481262207e-01
7.164766192436218262e-01
6.468561291694641113e-01
5.804448723793029785e-01
6.830517053604125977e-01
7.539438605308532715e-01
6.813447475433349609e-01
4.843035340309143066e-01
5.024782419204711914e-01
9.639420509338378906e-01
1.042219877243041992e+00
5.758589506149291992e-01
8.715925216674804688e-01
8.591820597648620605e-01
7.796406149864196777e-01
7.156080603599548340e-01
7.854652404785156250e-01
6.374117136001586914e-01
7.129316926002502441e-01
5.047982931137084961e-01
7.765714526176452637e-01
5.479477643966674805e-01
5.101404786109924316e-01
3.705683052539825439e-01
5.154470205307006836e-01
6.105610132217407227e-01
6.350815296173095703e-01
6.583619117736816406e-01
7.631535530090332031e-01
4.817978143692016602e-01
4.722963571548461914e-01
6.968120336532592773e-01
7.510976195335388184e-01
1.380960702896118164e+00
1.086635947227478027e+00
6.645025014877319336e-01
4.677912592887878418e-01
4.897839725017547607e-01
7.147645950317382812e-01
7.410501241683959961e-01
7.489624619483947754e-01
5.358587503433227539e-01
4.998202323913574219e-01
7.983700037002563477e-01
4.931336045265197754e-01
5.658298134803771973e-01
8.432103395462036133e-01
5.019655227661132812e-01
5.526474714279174805e-01
5.083574056625366211e-01
7.170124053955078125e-01
9.018854498863220215e-01
5.337289571762084961e-01
5.357707738876342773e-01
1.225639820098876953e+00
9.949746131896972656e-01
1.118816733360290527e+00
1.255721569061279297e+00
1.125654101371765137e+00
8.115193843841552734e-01
1.075182795524597168e+00
8.563565015792846680e-01
8.377710580825805664e-01
4.999949038028717041e-01
3.742168545722961426e-01
4.553641378879547119e-01
6.508095264434814453e-01
7.201586961746215820e-01
6.755468845367431641e-01
7.689979672431945801e-01
7.741832137107849121e-01
9.957214593887329102e-01
4.689480960369110107e-01
6.717199087142944336e-01
5.346938371658325195e-01
6.515985727310180664e-01
4.578049480915069580e-01
4.989560246467590332e-01
5.060257315635681152e-01
5.048371553421020508e-01
5.755611658096313477e-01
7.322264909744262695e-01
6.366916298866271973e-01
5.433844327926635742e-01
6.125990152359008789e-01
6.828388571739196777e-01
5.599408149719238281e-01
4.421545565128326416e-01
4.659941196441650391e-01
5.275868773460388184e-01
5.212217569351196289e-01
6.202787160873413086e-01
6.553062200546264648e-01
4.777307212352752686e-01
6.732184290885925293e-01
7.682710886001586914e-01
7.369995713233947754e-01
4.691137671470642090e-01
3.917218446731567383e-01
6.030210852622985840e-01
6.816149950027465820e-01
7.914947867393493652e-01
5.780357122421264648e-01
4.323721230030059814e-01
5.091499686241149902e-01
7.110874652862548828e-01
1.264617919921875000e+00
1.334825158119201660e+00
1.021530389785766602e+00
1.379398345947265625e+00
1.805464744567871094e+00
7.408111095428466797e-01
5.744472742080688477e-01
1.209128141403198242e+00
1.065750598907470703e+00
1.026615977287292480e+00
3.808169364929199219e-01
8.168560862541198730e-01
4.803844392299652100e-01
3.309181332588195801e-01
6.585130691528320312e-01
5.440168380737304688e-01
5.555318593978881836e-01
5.876673460006713867e-01
5.570635795593261719e-01
5.745159983634948730e-01
6.082614660263061523e-01
8.900882005691528320e-01
4.106646180152893066e-01
4.975765347480773926e-01
6.662457585334777832e-01
4.736791551113128662e-01
5.217021703720092773e-01
5.103298425674438477e-01
7.937122583389282227e-01
5.608749389648437500e-01
5.577044486999511719e-01
5.603411197662353516e-01
4.548645019531250000e-01
4.702794253826141357e-01
3.152810931205749512e-01
5.085352659225463867e-01
5.472456216812133789e-01
5.219289064407348633e-01
4.562781453132629395e-01
6.333430409431457520e-01
7.349032163619995117e-01
5.538312196731567383e-01
4.172241687774658203e-01
5.886806249618530273e-01
4.924296736717224121e-01
5.620890855789184570e-01
5.280473232269287109e-01
3.972396254539489746e-01
4.010485112667083740e-01
4.401538074016571045e-01
5.345736145973205566e-01
8.549774885177612305e-01
8.264678716659545898e-01
1.218566060066223145e+00
1.338363885879516602e+00
2.310961961746215820e+00
2.388084173202514648e+00
4.331454038619995117e-01
1.205899000167846680e+00
1.379188418388366699e+00
1.867360591888427734e+00
1.301384329795837402e+00
5.779380798339843750e-01
7.302786707878112793e-01
4.519598484039306641e-01
6.189950704574584961e-01
9.934990406036376953e-01
4.977151155471801758e-01
4.843174517154693604e-01
6.581504344940185547e-01
6.546868681907653809e-01
6.368856430053710938e-01
7.960078120231628418e-01
1.246937870979309082e+00
7.857239246368408203e-01
5.394420623779296875e-01
3.961837291717529297e-01
4.817213416099548340e-01
5.377562642097473145e-01
4.387027025222778320e-01
4.989696145057678223e-01
5.205889344215393066e-01
5.730104446411132812e-01
6.083017587661743164e-01
5.943654775619506836e-01
4.412807822227478027e-01
2.998589873313903809e-01
4.093192219734191895e-01
6.144887208938598633e-01
6.926850080490112305e-01
8.810031414031982422e-01
5.071994066238403320e-01
4.269161522388458252e-01
7.206879854202270508e-01
7.098145484924316406e-01
6.590436100959777832e-01
9.285000562667846680e-01
1.600625753402709961e+00
1.153706669807434082e+00
4.782501459121704102e-01
5.886520147323608398e-01
7.109093666076660156e-01
5.453966856002807617e-01
3.975430130958557129e-01
4.870307147502899170e-01
5.348994731903076172e-01
6.159038543701171875e-01
5.467562675476074219e-01
5.263057351112365723e-01
6.180398464202880859e-01
9.918088912963867188e-01
1.523180961608886719e+00
1.331503868103027344e+00
5.431313514709472656e-01
7.201722860336303711e-01
6.985531449317932129e-01
7.690861225128173828e-01
5.633195638656616211e-01
5.771829485893249512e-01
8.347484469413757324e-01
9.560630917549133301e-01
7.926864624023437500e-01
5.465464591979980469e-01
4.044901132583618164e-01
5.333707332611083984e-01
5.199269056320190430e-01
5.837311744689941406e-01
5.705772638320922852e-01
6.202814579010009766e-01
4.652662873268127441e-01
3.764637112617492676e-01
4.614064693450927734e-01
6.466811895370483398e-01
4.672490358352661133e-01
5.768575668334960938e-01
6.116475462913513184e-01
5.196596980094909668e-01
4.432620108127593994e-01
5.653917789459228516e-01
6.714031696319580078e-01
5.777038931846618652e-01
5.726236104965209961e-01
4.804227948188781738e-01
5.706498026847839355e-01
6.721112728118896484e-01
8.239113688468933105e-01
6.190472245216369629e-01
4.365545511245727539e-01
4.570818543434143066e-01
3.119707107543945312e-01
4.631887972354888916e-01
6.809353828430175781e-01
8.865790963172912598e-01
8.390139937400817871e-01
1.145159959793090820e+00
1.307355284690856934e+00
5.216839313507080078e-01
2.877649366855621338e-01
4.135708212852478027e-01
7.215701341629028320e-01
1.294566273689270020e+00
1.453735709190368652e+00
6.629092693328857422e-01
5.376904606819152832e-01
5.274337530136108398e-01
7.379843592643737793e-01
8.522221446037292480e-01
8.601805567741394043e-01
6.642392873764038086e-01
3.703056871891021729e-01
4.892876148223876953e-01
3.900560140609741211e-01
6.603856086730957031e-01
9.635238647460937500e-01
1.029993414878845215e+00
8.856986761093139648e-01
5.928522348403930664e-01
6.170882582664489746e-01
4.479244649410247803e-01
5.116482377052307129e-01
7.146812677383422852e-01
7.698145508766174316e-01
7.053101062774658203e-01
4.845456779003143311e-01
4.871591925621032715e-01
6.727097034454345703e-01
8.009963631629943848e-01
6.366805434226989746e-01
6.392532587051391602e-01
4.226281046867370605e-01
4.469541907310485840e-01
5.182639360427856445e-01
7.407581210136413574e-01
5.513800382614135742e-01
6.692374944686889648e-01
6.944143772125244141e-01
6.436937451362609863e-01
6.403214931488037109e-01
5.514057278633117676e-01
5.872397422790527344e-01
3.060184717178344727e-01
5.367961525917053223e-01
4.998337030410766602e-01
6.249948740005493164e-01
6.124375462532043457e-01
7.645118236541748047e-01
1.535976886749267578e+00
1.566511273384094238e+00
1.395224928855895996e+00
5.117648839950561523e-01
3.960752785205841064e-01
4.107592701911926270e-01
2.421773672103881836e-01
4.206662774085998535e-01
4.775055348873138428e-01
5.088320970535278320e-01
5.354200601577758789e-01
1.027507662773132324e+00
7.943463325500488281e-01
5.588552355766296387e-01
5.701424479484558105e-01
5.425278544425964355e-01
9.174674749374389648e-01
8.412973284721374512e-01
9.505429863929748535e-01
8.838747143745422363e-01
4.225443899631500244e-01
4.563618898391723633e-01
6.657526493072509766e-01
4.520049393177032471e-01
4.800313711166381836e-01
9.056710004806518555e-01
6.487239599227905273e-01
5.831552147865295410e-01
5.382019281387329102e-01
5.365449786186218262e-01
5.104389190673828125e-01
7.682370543479919434e-01
5.598260164260864258e-01
5.732514858245849609e-01
5.977362394332885742e-01
5.324659347534179688e-01
5.791090726852416992e-01
6.550351381301879883e-01
9.369235038757324219e-01
8.240654468536376953e-01
1.352522492408752441e+00
1.456579208374023438e+00
1.415188431739807129e+00
9.985002279281616211e-01
3.367715179920196533e-01
4.633165299892425537e-01
5.050233006477355957e-01
4.292272925376892090e-01
4.849767684936523438e-01
5.892749428749084473e-01
4.253326952457427979e-01
3.203596472740173340e-01
5.146504640579223633e-01
4.962312281131744385e-01
4.668001830577850342e-01
5.308923721313476562e-01
4.558494687080383301e-01
6.845758557319641113e-01
8.006544113159179688e-01
6.702358722686767578e-01
5.561632513999938965e-01
3.554113507270812988e-01
5.766243338584899902e-01
5.147515535354614258e-01
6.403388977050781250e-01
6.502335667610168457e-01
7.183856964111328125e-01
8.208279013633728027e-01
7.054557800292968750e-01
4.639495015144348145e-01
7.168633937835693359e-01
6.621304750442504883e-01
6.258886456489562988e-01
8.140555620193481445e-01
7.590372562408447266e-01
7.697453498840332031e-01
5.652335286140441895e-01
5.230469107627868652e-01
3.778354525566101074e-01
4.109659790992736816e-01
5.901165604591369629e-01
9.464764595031738281e-01
5.835484266281127930e-01
4.350690245628356934e-01
5.871306657791137695e-01
5.682192444801330566e-01
4.539378583431243896e-01
4.774796366691589355e-01
5.026784539222717285e-01
5.586143136024475098e-01
6.091654300689697266e-01
7.596030831336975098e-01
1.001027584075927734e+00
5.894830226898193359e-01
8.911246061325073242e-01
6.474512815475463867e-01
9.762465953826904297e-01
1.520663022994995117e+00
1.740303039550781250e+00
6.073179244995117188e-01
4.574927091598510742e-01
6.573681831359863281e-01
7.024586200714111328e-01
8.908891081809997559e-01
9.602735042572021484e-01
8.901053667068481445e-01
5.886931419372558594e-01
4.682110249996185303e-01
7.708840370178222656e-01
6.892803907394409180e-01
4.450483918190002441e-01
4.687271118164062500e-01
6.523283720016479492e-01
6.415987610816955566e-01
6.891491413116455078e-01
6.692144870758056641e-01
5.509009361267089844e-01
5.943393707275390625e-01
6.024931669235229492e-01
6.406196355819702148e-01
8.733296394348144531e-01
5.418253540992736816e-01
5.537457466125488281e-01
5.562757253646850586e-01
4.903953969478607178e-01
8.168766498565673828e-01
1.184327602386474609e+00
1.376994729042053223e+00
1.123313784599304199e+00
1.035153269767761230e+00
6.652294397354125977e-01
6.460166573524475098e-01
4.764849543571472168e-01
7.011265754699707031e-01
9.979234337806701660e-01
8.718451261520385742e-01
6.343969106674194336e-01
5.848602056503295898e-01
7.869176864624023438e-01
7.863149642944335938e-01
6.674283742904663086e-01
4.565967917442321777e-01
6.217347383499145508e-01
7.964054942131042480e-01
1.188134908676147461e+00
8.950871825218200684e-01
9.121735095977783203e-01
1.462165236473083496e+00
7.891532182693481445e-01
5.965709686279296875e-01
1.294692754745483398e+00
1.155999898910522461e+00
4.230419397354125977e-01
1.246311187744140625e+00
1.033688783645629883e+00
7.421619892120361328e-01
7.552455067634582520e-01
1.094650506973266602e+00
9.135699272155761719e-01
6.660041809082031250e-01
7.139158844947814941e-01
5.142408609390258789e-01
4.016915261745452881e-01
7.097234725952148438e-01
5.820401906967163086e-01
6.583912372589111328e-01
5.785239338874816895e-01
5.705558061599731445e-01
7.516644597053527832e-01
6.370530128479003906e-01
5.513494610786437988e-01
4.937180876731872559e-01
7.513253688812255859e-01
8.178254365921020508e-01
8.110941052436828613e-01
5.161719918251037598e-01
6.125054955482482910e-01
8.261635899543762207e-01
1.158431768417358398e+00
7.720641493797302246e-01
6.689278483390808105e-01
4.648370742797851562e-01
6.100975871086120605e-01
6.145364642143249512e-01
6.088705062866210938e-01
5.961701869964599609e-01
4.953684806823730469e-01
4.771068096160888672e-01
7.084971666336059570e-01
7.793768644332885742e-01
4.873614311218261719e-01
4.454195201396942139e-01
4.981977343559265137e-01
5.764452815055847168e-01
7.821990251541137695e-01
1.294864773750305176e+00
1.222177147865295410e+00
4.987537562847137451e-01
3.716527819633483887e-01
4.275820553302764893e-01
6.701710820198059082e-01
4.066519439220428467e-01
5.320364236831665039e-01
6.046059727668762207e-01
5.785186886787414551e-01
8.143711090087890625e-01
1.029412031173706055e+00
1.141986489295959473e+00
6.168708205223083496e-01
3.365846872329711914e-01
5.369741916656494141e-01
5.502745509147644043e-01
4.924020171165466309e-01
6.477919220924377441e-01
5.969213247299194336e-01
8.165688514709472656e-01
8.330782651901245117e-01
6.261472105979919434e-01
3.988975286483764648e-01
4.485290646553039551e-01
8.391596674919128418e-01
1.092888832092285156e+00
1.056349873542785645e+00
7.311453223228454590e-01
7.312248945236206055e-01
5.990861058235168457e-01
6.888671517372131348e-01
4.251677989959716797e-01
4.826595187187194824e-01
6.555936336517333984e-01
6.286010146141052246e-01
8.419218659400939941e-01
6.120317578315734863e-01
5.081076025962829590e-01
4.273193776607513428e-01
5.513224601745605469e-01
4.381262063980102539e-01
5.163314342498779297e-01
4.717613160610198975e-01
6.097785234451293945e-01
4.873667359352111816e-01
6.475738286972045898e-01
5.469203591346740723e-01
7.962614297866821289e-01
4.706760048866271973e-01
4.882752299308776855e-01
4.830591082572937012e-01
6.729835271835327148e-01
5.463183522224426270e-01
5.157110691070556641e-01
5.931701660156250000e-01
5.715135931968688965e-01
5.975288152694702148e-01
6.544990539550781250e-01
5.248297452926635742e-01
6.319043040275573730e-01
8.492917418479919434e-01
9.011773467063903809e-01
6.368471384048461914e-01
3.403647243976593018e-01
7.269152998924255371e-01
6.153340339660644531e-01
6.060112714767456055e-01
4.240892529487609863e-01
6.246020197868347168e-01
4.247276782989501953e-01
5.923449397087097168e-01
5.604375600814819336e-01
6.036689877510070801e-01
8.153742551803588867e-01
1.015530347824096680e+00
1.163450241088867188e+00
1.051459789276123047e+00
7.846537232398986816e-01
5.206742286682128906e-01
6.031148433685302734e-01
5.728250741958618164e-01
6.383180022239685059e-01
6.664056777954101562e-01
9.567378759384155273e-01
8.008648157119750977e-01
8.828150629997253418e-01
6.344803571701049805e-01
4.343998432159423828e-01
6.623803973197937012e-01
5.879090428352355957e-01
7.079087495803833008e-01
4.592406749725341797e-01
4.609796106815338135e-01
4.971431791782379150e-01
9.543434977531433105e-01
8.954839706420898438e-01
1.018813967704772949e+00
1.107205510139465332e+00
7.742254734039306641e-01
9.479067325592041016e-01
8.791892528533935547e-01
4.285033047199249268e-01
3.420099020004272461e-01
4.905632734298706055e-01
5.813127756118774414e-01
5.543602705001831055e-01
6.519846916198730469e-01
6.474501490592956543e-01
4.046711027622222900e-01
5.263467431068420410e-01
1.091103434562683105e+00
9.230262041091918945e-01
5.302166938781738281e-01
4.286221265792846680e-01
4.927291572093963623e-01
6.426547765731811523e-01
7.069473862648010254e-01
8.500918745994567871e-01
1.020587801933288574e+00
8.603171110153198242e-01
6.071726083755493164e-01
4.765393137931823730e-01
5.005098581314086914e-01
4.456897974014282227e-01
4.714909195899963379e-01
5.316207408905029297e-01
6.621366739273071289e-01
7.209457159042358398e-01
7.216694951057434082e-01
4.336979091167449951e-01
3.956353962421417236e-01
6.028871536254882812e-01
5.049434304237365723e-01
5.997592210769653320e-01
3.555920720100402832e-01
5.160883069038391113e-01
5.262637138366699219e-01
4.705687165260314941e-01
5.521373748779296875e-01
5.516712069511413574e-01
8.338760137557983398e-01
4.739127755165100098e-01
3.951427340507507324e-01
5.346551537513732910e-01
4.426033496856689453e-01
7.206387519836425781e-01
9.857131242752075195e-01
1.098925709724426270e+00
1.350861668586730957e+00
1.367643713951110840e+00
5.394616127014160156e-01
6.289492845535278320e-01
5.101069808006286621e-01
6.764140129089355469e-01
3.709764182567596436e-01
4.780780076980590820e-01
4.557450413703918457e-01
6.953766345977783203e-01
7.512211203575134277e-01
4.763637185096740723e-01
4.115363359451293945e-01
5.337803959846496582e-01
6.260017752647399902e-01
5.091168880462646484e-01
4.148631393909454346e-01
5.511432886123657227e-01
5.921841859817504883e-01
5.996549129486083984e-01
5.424625873565673828e-01
5.083849430084228516e-01
6.304336190223693848e-01
4.749793112277984619e-01
6.916817426681518555e-01
5.292846560478210449e-01
5.486167669296264648e-01
6.441279053688049316e-01
8.459727764129638672e-01
7.084497213363647461e-01
6.665936112403869629e-01
5.573913455009460449e-01
7.344084978103637695e-01
6.614207625389099121e-01
7.036803364753723145e-01
8.577138185501098633e-01
1.628990530967712402e+00
1.979682564735412598e+00
5.953647494316101074e-01
5.222324728965759277e-01
3.696426451206207275e-01
4.309146404266357422e-01
4.335471391677856445e-01
5.937116146087646484e-01
5.901101827621459961e-01
5.150698423385620117e-01
7.876124978065490723e-01
1.246218681335449219e+00
1.863076329231262207e+00
1.094211459159851074e+00
8.117931485176086426e-01
6.486585140228271484e-01
5.015571713447570801e-01
7.753818631172180176e-01
1.205977916717529297e+00
1.109665155410766602e+00
7.461316585540771484e-01
3.076053261756896973e-01
4.403791427612304688e-01
4.603967666625976562e-01
5.927037000656127930e-01
6.324020028114318848e-01
7.058473825454711914e-01
6.880166530609130859e-01
5.619298219680786133e-01
6.696037650108337402e-01
6.398584842681884766e-01
4.957861602306365967e-01
6.299743056297302246e-01
4.784671068191528320e-01
4.117233157157897949e-01
4.482622146606445312e-01
5.089542865753173828e-01
3.423935770988464355e-01
4.717549085617065430e-01
6.998594999313354492e-01
5.581628084182739258e-01
4.585536718368530273e-01
4.177049398422241211e-01
4.750614762306213379e-01
6.589088439941406250e-01
4.880545139312744141e-01
5.347201824188232422e-01
7.079568505287170410e-01
6.593908667564392090e-01
6.989136338233947754e-01
4.615278840065002441e-01
4.446836411952972412e-01
5.049611330032348633e-01
5.494993925094604492e-01
5.934863090515136719e-01
5.287207365036010742e-01
5.585792064666748047e-01
2.966225147247314453e-01
5.257964134216308594e-01
5.928496718406677246e-01
4.186571836471557617e-01
4.495180845260620117e-01
5.420589447021484375e-01
6.665554642677307129e-01
1.047943353652954102e+00
1.085404992103576660e+00
7.074266076087951660e-01
3.692935705184936523e-01
5.939036607742309570e-01
8.455045223236083984e-01
5.594959855079650879e-01
7.475001811981201172e-01
4.886781275272369385e-01
4.589377641677856445e-01
5.254583358764648438e-01
4.454991221427917480e-01
5.188484787940979004e-01
4.521226882934570312e-01
3.605846166610717773e-01
5.146014690399169922e-01
5.296036601066589355e-01
4.847339689731597900e-01
3.838998973369598389e-01
3.771144747734069824e-01
4.444341659545898438e-01
4.424237012863159180e-01
3.978971242904663086e-01
4.905340075492858887e-01
4.110711812973022461e-01
4.061245620250701904e-01
6.404244899749755859e-01
5.339962840080261230e-01
7.583984732627868652e-01
5.683364868164062500e-01
1.007816314697265625e+00
1.125711441040039062e+00
1.125767469406127930e+00
8.919037580490112305e-01
5.804070234298706055e-01
5.757895112037658691e-01
9.446983933448791504e-01
1.918332099914550781e+00
2.039543390274047852e+00
1.380613446235656738e+00
1.332972526550292969e+00
2.078440189361572266e+00
1.477329015731811523e+00
5.674040317535400391e-01
6.696138978004455566e-01
3.607384562492370605e-01
5.992978811264038086e-01
7.532585263252258301e-01
9.050464630126953125e-01
1.205527663230895996e+00
8.064286112785339355e-01
7.434657812118530273e-01
8.368855714797973633e-01
4.895338416099548340e-01
4.039731919765472412e-01
4.086635410785675049e-01
6.975167989730834961e-01
6.303884983062744141e-01
1.046893119812011719e+00
5.671890377998352051e-01
8.209428787231445312e-01
6.579391956329345703e-01
6.462564468383789062e-01
5.509955883026123047e-01
6.047651767730712891e-01
5.529412031173706055e-01
5.261012911796569824e-01
5.646770000457763672e-01
5.178352594375610352e-01
6.060108542442321777e-01
6.086772680282592773e-01
5.843917131423950195e-01
5.583133697509765625e-01
5.927527546882629395e-01
5.240774154663085938e-01
5.402660369873046875e-01
5.337654948234558105e-01
5.104686617851257324e-01
4.731510877609252930e-01
6.830769777297973633e-01
7.149779796600341797e-01
5.571409463882446289e-01
5.865085721015930176e-01
5.680229663848876953e-01
5.868158936500549316e-01
6.141482591629028320e-01
4.821173548698425293e-01
5.107790231704711914e-01
4.234210550785064697e-01
4.180809557437896729e-01
3.820669949054718018e-01
5.650412440299987793e-01
4.338126778602600098e-01
5.770522952079772949e-01
6.190866231918334961e-01
5.062187314033508301e-01
5.080085396766662598e-01
4.388521313667297363e-01
2.505986094474792480e-01
4.317147135734558105e-01
4.321231544017791748e-01
4.622679948806762695e-01
4.955433011054992676e-01
5.721607804298400879e-01
3.356387615203857422e-01
4.608482718467712402e-01
4.514317512512207031e-01
9.746635556221008301e-01
2.525311470031738281e+00
1.358022928237915039e+00
8.568688035011291504e-01
1.059541106224060059e+00
8.838288187980651855e-01
4.542449414730072021e-01
5.189416408538818359e-01
8.465325236320495605e-01
6.571663618087768555e-01
4.357284307479858398e-01
5.046176314353942871e-01
5.350718498229980469e-01
5.713418126106262207e-01
5.083521604537963867e-01
6.548351049423217773e-01
6.193674206733703613e-01
4.477127194404602051e-01
4.867016971111297607e-01
4.304954409599304199e-01
5.827713608741760254e-01
7.414660453796386719e-01
7.769261598587036133e-01
7.430734634399414062e-01
4.859186112880706787e-01
5.130829811096191406e-01
5.654463768005371094e-01
6.499878168106079102e-01
7.363823652267456055e-01
5.036895275115966797e-01
6.498008966445922852e-01
5.650872588157653809e-01
6.794768571853637695e-01
4.496851563453674316e-01
5.800714492797851562e-01
6.270818114280700684e-01
6.264345645904541016e-01
7.475195527076721191e-01
6.833424568176269531e-01
4.310868382453918457e-01
5.104473233222961426e-01
7.388921380043029785e-01
6.098566055297851562e-01
6.706658601760864258e-01
5.753295421600341797e-01
5.280724763870239258e-01
5.502924919128417969e-01
5.020520091056823730e-01
4.119282960891723633e-01
4.506265521049499512e-01
8.190738558769226074e-01
9.270923733711242676e-01
8.722510933876037598e-01
7.516605854034423828e-01
4.492817819118499756e-01
2.736397385597229004e-01
5.483080148696899414e-01
6.532207131385803223e-01
9.049531221389770508e-01
8.246694803237915039e-01
5.921620130538940430e-01
3.398273289203643799e-01
4.951542019844055176e-01
4.675901234149932861e-01
7.617374658584594727e-01
8.690357804298400879e-01
8.025674819946289062e-01
5.276664495468139648e-01
6.648196578025817871e-01
5.815095901489257812e-01
5.315058827400207520e-01
5.745686888694763184e-01
6.017638444900512695e-01
4.961793124675750732e-01
6.367997527122497559e-01
4.204562902450561523e-01
4.569002985954284668e-01
4.536316990852355957e-01
4.878962635993957520e-01
5.568206906318664551e-01
4.104766547679901123e-01
6.495560407638549805e-01
6.142642498016357422e-01
7.658138275146484375e-01
9.972000122070312500e-01
4.270344376564025879e-01
6.785624027252197266e-01
7.457919716835021973e-01
6.643492579460144043e-01
4.711442589759826660e-01
5.031877756118774414e-01
4.464687108993530273e-01
6.316945552825927734e-01
6.499220728874206543e-01
5.956848263740539551e-01
4.931758344173431396e-01
6.820193529129028320e-01
7.212373614311218262e-01
5.268112421035766602e-01
5.378794074058532715e-01
3.796660900115966797e-01
4.897432029247283936e-01
6.286830902099609375e-01
7.183549404144287109e-01
5.254870653152465820e-01
3.568118512630462646e-01
3.497949242591857910e-01
3.781466782093048096e-01
3.720076680183410645e-01
3.975734412670135498e-01
5.385692119598388672e-01
4.472989439964294434e-01
5.357431173324584961e-01
3.913956582546234131e-01
7.032239437103271484e-01
8.247416019439697266e-01
1.576520085334777832e+00
2.021406650543212891e+00
7.174894809722900391e-01
4.273389577865600586e-01
5.385336875915527344e-01
1.160141229629516602e+00
1.422410368919372559e+00
1.823010087013244629e+00
1.834021806716918945e+00
8.522775769233703613e-01
5.881689786911010742e-01
5.002973079681396484e-01
6.128870248794555664e-01
6.928068399429321289e-01
7.631615400314331055e-01
9.419840574264526367e-01
1.192521810531616211e+00
1.564659714698791504e+00
4.764835238456726074e-01
4.601242542266845703e-01
6.694467663764953613e-01
5.814049243927001953e-01
6.264542341232299805e-01
7.356247305870056152e-01
6.712866425514221191e-01
7.090843915939331055e-01
4.948050975799560547e-01
5.491955280303955078e-01
6.371116042137145996e-01
6.127462983131408691e-01
4.068838655948638916e-01
4.164190888404846191e-01
3.516694903373718262e-01
3.757381439208984375e-01
7.072016000747680664e-01
3.833823204040527344e-01
4.286093711853027344e-01
4.078799486160278320e-01
4.649396240711212158e-01
5.121433734893798828e-01
5.010868906974792480e-01
4.904882609844207764e-01
5.751373171806335449e-01
5.935311317443847656e-01
4.042677879333496094e-01
3.791403174400329590e-01
4.922770261764526367e-01
4.411088824272155762e-01
5.024683475494384766e-01
4.133114218711853027e-01
4.776734113693237305e-01
4.479505419731140137e-01
4.128123819828033447e-01
4.009869098663330078e-01
4.121213555335998535e-01
4.194824993610382080e-01
4.873491525650024414e-01
5.600497722625732422e-01
3.960672914981842041e-01
4.353560209274291992e-01
4.998838305473327637e-01
6.469512581825256348e-01
5.329318046569824219e-01
5.139095187187194824e-01
3.722033500671386719e-01
5.111497640609741211e-01
3.746483325958251953e-01
4.882011115550994873e-01
4.567976593971252441e-01
4.278787672519683838e-01
5.241259932518005371e-01
4.388296008110046387e-01
3.518482446670532227e-01
4.018213748931884766e-01
5.138677954673767090e-01
4.168798327445983887e-01
4.898375570774078369e-01
4.439815282821655273e-01
5.171470642089843750e-01
4.991585016250610352e-01
4.811016321182250977e-01
7.060440778732299805e-01
7.360010743141174316e-01
9.202294945716857910e-01
7.174510359764099121e-01
4.822435081005096436e-01
3.869199454784393311e-01
6.159944534301757812e-01
3.878377079963684082e-01
6.385966539382934570e-01
8.409359455108642578e-01
7.013034820556640625e-01
1.306892395019531250e+00
1.757140994071960449e+00
7.890519499778747559e-01
8.273534774780273438e-01
8.244866132736206055e-01
6.363397836685180664e-01
6.531413793563842773e-01
6.473062038421630859e-01
4.719495773315429688e-01
6.568253040313720703e-01
5.866165757179260254e-01
6.804106235504150391e-01
1.105140447616577148e+00
1.287256002426147461e+00
6.909109354019165039e-01
6.634078025817871094e-01
5.124866962432861328e-01
5.585336089134216309e-01
4.786126613616943359e-01
3.584519922733306885e-01
4.133953154087066650e-01
4.775989949703216553e-01
5.085493922233581543e-01
4.980173707008361816e-01
4.600259959697723389e-01
4.852815866470336914e-01
4.264529943466186523e-01
6.232179403305053711e-01
6.544721722602844238e-01
6.488100290298461914e-01
5.462908148765563965e-01
4.730498194694519043e-01
5.082460641860961914e-01
7.852306365966796875e-01
7.100764513015747070e-01
7.155358791351318359e-01
8.134675621986389160e-01
7.560556530952453613e-01
4.149194359779357910e-01
2.696650922298431396e-01
3.354678750038146973e-01
4.164896607398986816e-01
3.766306340694427490e-01
4.247083067893981934e-01
6.494245529174804688e-01
5.836471319198608398e-01
5.699136257171630859e-01
5.101023912429809570e-01
3.573879003524780273e-01
4.194120168685913086e-01
3.792875707149505615e-01
4.849433898925781250e-01
6.236624717712402344e-01
5.283345580101013184e-01
5.882920622825622559e-01
5.326821208000183105e-01
3.598607480525970459e-01
4.840157032012939453e-01
4.921607971191406250e-01
5.183569192886352539e-01
6.117478609085083008e-01
8.123656511306762695e-01
8.953281641006469727e-01
7.333624362945556641e-01
4.296159148216247559e-01
3.573298752307891846e-01
4.769918620586395264e-01
3.821704387664794922e-01
4.115787148475646973e-01
5.722450017929077148e-01
5.100417137145996094e-01
8.033689856529235840e-01
5.586485266685485840e-01
5.568644404411315918e-01
4.660646021366119385e-01
6.120436787605285645e-01
7.670227289199829102e-01
1.726777672767639160e+00
2.193942070007324219e+00
4.920174777507781982e-01
8.296845555305480957e-01
7.527789473533630371e-01
6.328876018524169922e-01
9.854488372802734375e-01
1.196827173233032227e+00
6.419403553009033203e-01
3.408048152923583984e-01
4.314320087432861328e-01
5.049162507057189941e-01
5.531145334243774414e-01
7.223632335662841797e-01
1.226313591003417969e+00
1.241158485412597656e+00
1.735205650329589844e+00
2.174399852752685547e+00
3.507271409034729004e-01
5.398393869400024414e-01
5.070640444755554199e-01
7.273957133293151855e-01
8.221929669380187988e-01
1.497582197189331055e+00
1.219918489456176758e+00
1.725860118865966797e+00
1.115233302116394043e+00
4.268658161163330078e-01
7.560647726058959961e-01
6.854990720748901367e-01
6.583378911018371582e-01
6.311968564987182617e-01
6.092618703842163086e-01
7.761164903640747070e-01
4.350471496582031250e-01
4.936559498310089111e-01
6.011120676994323730e-01
6.050778627395629883e-01
6.629016399383544922e-01
4.448757469654083252e-01
4.985097944736480713e-01
7.842249274253845215e-01
6.446668505668640137e-01
4.064270257949829102e-01
5.083824396133422852e-01
3.577623665332794189e-01
4.511040151119232178e-01
4.970563054084777832e-01
5.062716007232666016e-01
4.838920235633850098e-01
5.684053897857666016e-01
5.816570520401000977e-01
4.586449563503265381e-01
3.569123744964599609e-01
4.617590606212615967e-01
5.123236179351806641e-01
5.377852320671081543e-01
4.293493628501892090e-01
4.317619204521179199e-01
5.333446860313415527e-01
6.096541881561279297e-01
4.848076105117797852e-01
4.988463819026947021e-01
5.065692663192749023e-01
4.826387166976928711e-01
4.272788763046264648e-01
3.906971216201782227e-01
4.344255030155181885e-01
3.593022823333740234e-01
3.668835759162902832e-01
4.576565027236938477e-01
3.910934925079345703e-01
5.233117938041687012e-01
4.768761098384857178e-01
5.750038623809814453e-01
5.089568495750427246e-01
4.161437451839447021e-01
4.026823937892913818e-01
3.370828032493591309e-01
5.202178955078125000e-01
4.951685070991516113e-01
5.592811107635498047e-01
7.383896112442016602e-01
8.000748753547668457e-01
7.635194063186645508e-01
5.087430477142333984e-01
3.815647959709167480e-01
5.414845943450927734e-01
5.361071825027465820e-01
7.972969412803649902e-01
7.143788337707519531e-01
6.227490305900573730e-01
4.480090737342834473e-01
3.438683748245239258e-01
3.947510719299316406e-01
4.427275657653808594e-01
3.221259117126464844e-01
5.372190475463867188e-01
4.299140572547912598e-01
5.930375456809997559e-01
7.176706194877624512e-01
7.104030251502990723e-01
5.765945911407470703e-01
4.001815319061279297e-01
4.139821529388427734e-01
3.837724030017852783e-01
6.870005726814270020e-01
7.152597904205322266e-01
9.414344429969787598e-01
7.404931783676147461e-01
2.831667959690093994e-01
3.034073710441589355e-01
6.220286488533020020e-01
5.592799186706542969e-01
6.694445610046386719e-01
6.416027545928955078e-01
6.498256325721740723e-01
5.835806727409362793e-01
4.757228195667266846e-01
2.762796282768249512e-01
3.774428963661193848e-01
4.193999469280242920e-01
5.327278375625610352e-01
5.700320005416870117e-01
4.767671823501586914e-01
4.198623001575469971e-01
4.588863253593444824e-01
4.546126723289489746e-01
3.696520030498504639e-01
5.211484432220458984e-01
3.755404055118560791e-01
3.826738595962524414e-01
3.865163624286651611e-01
5.731631517410278320e-01
4.538166224956512451e-01
4.952737092971801758e-01
4.865555167198181152e-01
4.674688279628753662e-01
5.293272733688354492e-01
3.199630677700042725e-01
3.472278118133544922e-01
4.216889142990112305e-01
3.744835257530212402e-01
5.186534523963928223e-01
6.731793880462646484e-01
9.458960294723510742e-01
7.951220870018005371e-01
8.247697949409484863e-01
7.951105833053588867e-01
6.608171463012695312e-01
4.488600194454193115e-01
3.786424398422241211e-01
4.248149394989013672e-01
5.125073194503784180e-01
7.092187404632568359e-01
1.053652644157409668e+00
8.616208434104919434e-01
4.614924490451812744e-01
4.324356317520141602e-01
3.842771947383880615e-01
6.033748388290405273e-01
4.591587185859680176e-01
5.640249848365783691e-01
4.649372100830078125e-01
5.816394686698913574e-01
7.100831270217895508e-01
9.359869956970214844e-01
1.041129708290100098e+00
1.394820928573608398e+00
1.428710460662841797e+00
7.390207052230834961e-01
4.884712398052215576e-01
4.576314091682434082e-01
4.155680537223815918e-01
6.310398578643798828e-01
8.066955208778381348e-01
6.751924157142639160e-01
4.734856188297271729e-01
3.916873037815093994e-01
4.141268432140350342e-01
4.748484194278717041e-01
4.509294629096984863e-01
5.912462472915649414e-01
3.879809379577636719e-01
6.322354078292846680e-01
6.273700594902038574e-01
8.403690457344055176e-01
4.974987506866455078e-01
5.613849163055419922e-01
4.463030099868774414e-01
2.499695420265197754e-01
3.175135850906372070e-01
2.730730175971984863e-01
3.657679259777069092e-01
4.742461144924163818e-01
2.901825308799743652e-01
3.522493541240692139e-01
4.728768467903137207e-01
6.020804047584533691e-01
6.018206477165222168e-01
5.048763155937194824e-01
5.332518219947814941e-01
3.709195852279663086e-01
4.615271687507629395e-01
4.408177435398101807e-01
5.239057540893554688e-01
6.017233729362487793e-01
5.386272668838500977e-01
5.706349015235900879e-01
6.336404085159301758e-01
6.687763929367065430e-01
9.183802008628845215e-01
8.617689013481140137e-01
4.257047772407531738e-01
3.990772068500518799e-01
6.181236505508422852e-01
5.630779266357421875e-01
3.241622149944305420e-01
3.567851781845092773e-01
4.755486845970153809e-01
5.354207158088684082e-01
4.959921538829803467e-01
3.657256364822387695e-01
4.317898154258728027e-01
4.545479416847229004e-01
3.665008246898651123e-01
3.028139472007751465e-01
4.426505565643310547e-01
4.840348660945892334e-01
3.599984049797058105e-01
4.691014289855957031e-01
4.124445617198944092e-01
4.453813731670379639e-01
4.152239561080932617e-01
3.665873110294342041e-01
3.775585889816284180e-01
3.859694004058837891e-01
4.315770864486694336e-01
4.251869320869445801e-01
3.277605175971984863e-01
4.937535822391510010e-01
4.439554214477539062e-01
3.439627587795257568e-01
4.038323163986206055e-01
3.279116153717041016e-01
3.232968151569366455e-01
4.569873213768005371e-01
4.610609114170074463e-01
4.141750931739807129e-01
3.607608973979949951e-01
4.062744081020355225e-01
3.545918166637420654e-01
5.789455175399780273e-01
4.167842268943786621e-01
4.591781497001647949e-01
3.811791539192199707e-01
4.608920812606811523e-01
4.016361534595489502e-01
4.573995172977447510e-01
3.215799033641815186e-01
3.190845847129821777e-01
4.589697420597076416e-01
4.551643729209899902e-01
6.431540250778198242e-01
9.067118763923645020e-01
9.429841637611389160e-01
4.564088582992553711e-01
4.564735889434814453e-01
4.791807532310485840e-01
3.593884110450744629e-01
4.361448287963867188e-01
4.963208436965942383e-01
6.894483566284179688e-01
5.526748895645141602e-01
3.619974255561828613e-01
2.425056993961334229e-01
3.277096748352050781e-01
3.417865037918090820e-01
4.908595085144042969e-01
4.660570025444030762e-01
6.127681732177734375e-01
3.818081021308898926e-01
3.803161978721618652e-01
3.735111355781555176e-01
3.655166625976562500e-01
3.447762727737426758e-01
3.856145739555358887e-01
4.272258877754211426e-01
3.892958462238311768e-01
4.835469722747802734e-01
4.183599948883056641e-01
6.028513908386230469e-01
4.179358184337615967e-01
5.817689299583435059e-01
5.970786213874816895e-01
1.138678789138793945e+00
8.330923318862915039e-01
1.433519482612609863e+00
2.154335260391235352e+00
9.626721739768981934e-01
1.232941031455993652e+00
1.276784062385559082e+00
6.469147205352783203e-01
8.880942463874816895e-01
1.820127129554748535e+00
2.560686111450195312e+00
2.471385240554809570e+00
1.253374576568603516e+00
4.227148890495300293e-01
4.477065801620483398e-01
7.967448830604553223e-01
7.399974465370178223e-01
1.388863205909729004e+00
2.277563333511352539e+00
1.119983434677124023e+00
3.909324109554290771e-01
5.541681051254272461e-01
9.744724035263061523e-01
1.355363607406616211e+00
1.011781096458435059e+00
8.790095448493957520e-01
5.607516169548034668e-01
4.839320182800292969e-01
6.429603695869445801e-01
7.296634912490844727e-01
4.992096722126007080e-01
4.135312438011169434e-01
5.891570448875427246e-01
8.680738210678100586e-01
6.880313754081726074e-01
8.598002791404724121e-01
5.508022904396057129e-01
5.623826384544372559e-01
5.049383044242858887e-01
9.401921033859252930e-01
8.280789852142333984e-01
7.919591665267944336e-01
5.131606459617614746e-01
3.566588759422302246e-01
4.527747929096221924e-01
6.431392431259155273e-01
7.545322775840759277e-01
7.746935486793518066e-01
5.376638174057006836e-01
4.554930329322814941e-01
5.480399727821350098e-01
4.287579953670501709e-01
4.385049045085906982e-01
4.429881274700164795e-01
3.984909653663635254e-01
3.860802054405212402e-01
5.316875576972961426e-01
7.364184260368347168e-01
5.973040461540222168e-01
6.658560633659362793e-01
1.024439096450805664e+00
1.116338849067687988e+00
5.905195474624633789e-01
3.281452655792236328e-01
4.180881977081298828e-01
5.075324773788452148e-01
5.311629772186279297e-01
5.259457230567932129e-01
5.235663056373596191e-01
4.949793219566345215e-01
4.361081123352050781e-01
4.057177901268005371e-01
4.247595965862274170e-01
5.094861388206481934e-01
4.629987180233001709e-01
4.643917679786682129e-01
4.253728091716766357e-01
3.533810079097747803e-01
4.381217658519744873e-01
5.061011910438537598e-01
3.642184734344482422e-01
3.614065945148468018e-01
3.600888550281524658e-01
4.627916216850280762e-01
3.796315193176269531e-01
5.841051340103149414e-01
8.003350496292114258e-01
1.673775076866149902e+00
1.554514169692993164e+00
5.549821853637695312e-01
3.744268417358398438e-01
5.782904028892517090e-01
7.473162412643432617e-01
8.345935940742492676e-01
1.611373901367187500e+00
1.728988409042358398e+00
7.499499320983886719e-01
4.345697760581970215e-01
3.885031938552856445e-01
3.815885186195373535e-01
5.607146620750427246e-01
4.857549667358398438e-01
5.057598352432250977e-01
4.426518082618713379e-01
4.511470794677734375e-01
6.694036126136779785e-01
7.599964141845703125e-01
5.045651197433471680e-01
3.900298774242401123e-01
4.762643277645111084e-01
4.169559478759765625e-01
3.730489909648895264e-01
3.997445702552795410e-01
4.973061978816986084e-01
6.045595407485961914e-01
4.442135691642761230e-01
5.621696710586547852e-01
4.489951729774475098e-01
6.474757790565490723e-01
6.813470125198364258e-01
1.443322181701660156e+00
1.228395223617553711e+00
5.063441991806030273e-01
7.510929703712463379e-01
9.386780261993408203e-01
1.150542974472045898e+00
1.436776041984558105e+00
6.843601465225219727e-01
4.201310276985168457e-01
3.764101266860961914e-01
5.563983917236328125e-01
5.527911782264709473e-01
7.937899827957153320e-01
8.369160890579223633e-01
4.896919727325439453e-01
4.200136661529541016e-01
5.845780372619628906e-01
5.581845045089721680e-01
5.111128091812133789e-01
3.067848086357116699e-01
3.746528625488281250e-01
4.943999350070953369e-01
5.452753901481628418e-01
4.988330602645874023e-01
5.668035149574279785e-01
6.413232684135437012e-01
4.899685680866241455e-01
6.469476819038391113e-01
4.601055979728698730e-01
4.869017302989959717e-01
5.320326685905456543e-01
4.960630834102630615e-01
5.062592029571533203e-01
5.918726921081542969e-01
5.033553838729858398e-01
6.127777695655822754e-01
4.832717478275299072e-01
6.384057998657226562e-01
5.201779007911682129e-01
3.056296706199645996e-01
3.203441500663757324e-01
3.145782053470611572e-01
3.221230208873748779e-01
5.320782661437988281e-01
4.764096140861511230e-01
6.122855544090270996e-01
5.365253686904907227e-01
4.850575923919677734e-01
4.418711364269256592e-01
3.481458127498626709e-01
3.906489908695220947e-01
4.360400438308715820e-01
3.741953969001770020e-01
4.822761714458465576e-01
5.179539322853088379e-01
4.941144883632659912e-01
4.622279703617095947e-01
5.275687575340270996e-01
5.566295981407165527e-01
7.241761088371276855e-01
3.777421712875366211e-01
2.209433764219284058e-01
4.417592883110046387e-01
5.294960141181945801e-01
5.035068392753601074e-01
6.104584932327270508e-01
6.631309986114501953e-01
5.438650250434875488e-01
3.292323946952819824e-01
3.072064518928527832e-01
7.084692716598510742e-01
7.863903641700744629e-01
6.935696601867675781e-01
3.250803649425506592e-01
3.792230486869812012e-01
3.494311869144439697e-01
4.253690242767333984e-01
4.039936661720275879e-01
3.893265128135681152e-01
2.777680456638336182e-01
4.821265339851379395e-01
4.305753111839294434e-01
3.705599606037139893e-01
4.188047051429748535e-01
5.878850221633911133e-01
5.771681666374206543e-01
6.835383176803588867e-01
5.282006263732910156e-01
2.794369459152221680e-01
4.486608803272247314e-01
4.402268230915069580e-01
5.259925127029418945e-01
4.597867131233215332e-01
4.042129218578338623e-01
4.211169183254241943e-01
7.169083356857299805e-01
7.756580114364624023e-01
9.858574271202087402e-01
9.768671393394470215e-01
4.595679044723510742e-01
3.924080729484558105e-01
4.157473444938659668e-01
4.973923861980438232e-01
4.094469547271728516e-01
4.784513711929321289e-01
5.076624155044555664e-01
5.253859162330627441e-01
3.969642221927642822e-01
4.513454139232635498e-01
4.086984992027282715e-01
4.549373388290405273e-01
5.020383596420288086e-01
4.861336052417755127e-01
3.378253579139709473e-01
2.910486459732055664e-01
3.641123175621032715e-01
3.715488016605377197e-01
4.461213648319244385e-01
3.384998440742492676e-01
2.839299440383911133e-01
4.377730190753936768e-01
5.032492876052856445e-01
2.150221168994903564e-01
6.189633011817932129e-01
1.035012483596801758e+00
6.222480535507202148e-01
6.343826055526733398e-01
8.837988376617431641e-01
8.599501848220825195e-01
1.373207569122314453e+00
1.490888476371765137e+00
8.321576714515686035e-01
3.178483843803405762e-01
4.998453259468078613e-01
4.579147994518280029e-01
6.809056997299194336e-01
8.427187204360961914e-01
9.232101440429687500e-01
9.971667528152465820e-01
8.719683885574340820e-01
3.100623786449432373e-01
3.324615359306335449e-01
6.534804105758666992e-01
7.693473696708679199e-01
1.211875319480895996e+00
8.913777470588684082e-01
7.098628282546997070e-01
4.385795295238494873e-01
4.701632261276245117e-01
4.676156640052795410e-01
5.900605916976928711e-01
6.981731653213500977e-01
1.279408216476440430e+00
1.267062425613403320e+00
5.762296319007873535e-01
5.042309165000915527e-01
3.375715613365173340e-01
5.111662745475769043e-01
5.474298000335693359e-01
8.025931715965270996e-01
5.632075071334838867e-01
7.154727578163146973e-01
9.867458939552307129e-01
7.725943922996520996e-01
3.438059389591217041e-01
5.400448441505432129e-01
5.246381759643554688e-01
4.986000061035156250e-01
4.859604239463806152e-01
4.813266396522521973e-01
4.697503447532653809e-01
5.532543063163757324e-01
4.171447753906250000e-01
3.034474253654479980e-01
4.362427592277526855e-01
6.504487991333007812e-01
5.466308593750000000e-01
4.967016279697418213e-01
4.429153800010681152e-01
5.912303328514099121e-01
4.248271286487579346e-01
4.685504436492919922e-01
4.893216788768768311e-01
3.305662572383880615e-01
3.655000925064086914e-01
6.684315204620361328e-01
5.159545540809631348e-01
2.931649982929229736e-01
3.293474316596984863e-01
4.127817749977111816e-01
5.345074534416198730e-01
6.196477413177490234e-01
3.944451212882995605e-01
3.273277282714843750e-01
3.235406875610351562e-01
4.330888390541076660e-01
4.284987151622772217e-01
5.883239507675170898e-01
4.839816093444824219e-01
4.733834862709045410e-01
5.046212077140808105e-01
3.788214027881622314e-01
4.196966886520385742e-01
4.729076027870178223e-01
3.866289854049682617e-01
4.701211750507354736e-01
3.692616820335388184e-01
5.282009840011596680e-01
5.055238008499145508e-01
6.045543551445007324e-01
4.294316172599792480e-01
8.153801560401916504e-01
1.011992335319519043e+00
7.417639493942260742e-01
5.070999860763549805e-01
4.250945448875427246e-01
4.553333520889282227e-01
7.751849889755249023e-01
9.073227643966674805e-01
5.904051065444946289e-01
4.386052787303924561e-01
4.749727845191955566e-01
3.990769982337951660e-01
2.726230323314666748e-01
2.998511195182800293e-01
3.889968693256378174e-01
3.800621330738067627e-01
4.518969655036926270e-01
5.680222511291503906e-01
6.415386199951171875e-01
5.978297591209411621e-01
5.659887790679931641e-01
6.220975518226623535e-01
4.614297151565551758e-01
3.705838322639465332e-01
3.517705798149108887e-01
4.226610660552978516e-01
8.128242492675781250e-01
9.577054977416992188e-01
5.531358718872070312e-01
2.376964539289474487e-01
6.264588832855224609e-01
7.922093868255615234e-01
8.719356060028076172e-01
6.435245871543884277e-01
4.744835495948791504e-01
3.479299247264862061e-01
4.533810615539550781e-01
3.148303329944610596e-01
5.972664356231689453e-01
8.282960057258605957e-01
1.207399010658264160e+00
1.126462340354919434e+00
6.336624622344970703e-01
5.045076608657836914e-01
4.181627035140991211e-01
4.696291089057922363e-01
5.818656682968139648e-01
7.331145405769348145e-01
9.803434610366821289e-01
1.058770895004272461e+00
4.295541942119598389e-01
3.960140347480773926e-01
4.493889808654785156e-01
3.465965390205383301e-01
6.068757772445678711e-01
1.292847156524658203e+00
1.406070232391357422e+00
1.181934118270874023e+00
1.644135117530822754e+00
1.755241990089416504e+00
6.917827129364013672e-01
4.248056411743164062e-01
7.305605411529541016e-01
9.386247396469116211e-01
1.513977289199829102e+00
1.057697415351867676e+00
7.168720364570617676e-01
4.689477980136871338e-01
4.772880673408508301e-01
5.893899202346801758e-01
8.307060003280639648e-01
8.731638193130493164e-01
6.136657595634460449e-01
4.829466342926025391e-01
4.281366467475891113e-01
7.142947316169738770e-01
7.678396701812744141e-01
8.465062379837036133e-01
9.779738187789916992e-01
5.030542016029357910e-01
4.688580036163330078e-01
3.832034468650817871e-01
6.340484619140625000e-01
4.001198112964630127e-01
5.176169872283935547e-01
2.977328896522521973e-01
4.656803309917449951e-01
5.394138097763061523e-01
5.585802793502807617e-01
5.140020847320556641e-01
7.961885929107666016e-01
1.127861499786376953e+00
6.113122701644897461e-01
5.280788540840148926e-01
4.546620845794677734e-01
6.048973202705383301e-01
7.343410849571228027e-01
6.843593716621398926e-01
6.751803159713745117e-01
4.072571396827697754e-01
3.319532275199890137e-01
4.293959438800811768e-01
5.544508099555969238e-01
5.704384446144104004e-01
8.325176835060119629e-01
7.300340533256530762e-01
1.274872899055480957e+00
1.978999614715576172e+00
4.494149684906005859e-01
3.927980661392211914e-01
3.532773256301879883e-01
4.433980882167816162e-01
5.800532102584838867e-01
8.106073141098022461e-01
1.275313615798950195e+00
1.103225469589233398e+00
9.114676117897033691e-01
3.441356122493743896e-01
3.470964133739471436e-01
5.169900655746459961e-01
6.727321147918701172e-01
6.612235307693481445e-01
6.471504569053649902e-01
7.062990665435791016e-01
5.063085556030273438e-01
6.290528178215026855e-01
4.030793607234954834e-01
4.547182917594909668e-01
3.966259360313415527e-01
4.443497657775878906e-01
3.998683989048004150e-01
6.193785667419433594e-01
4.983209967613220215e-01
4.511920213699340820e-01
4.572785794734954834e-01
5.056946873664855957e-01
4.476754069328308105e-01
3.805042207241058350e-01
4.399963617324829102e-01
3.464679121971130371e-01
3.685039877891540527e-01
6.131755113601684570e-01
5.232113599777221680e-01
4.041583538055419922e-01
6.302773952484130859e-01
5.604210495948791504e-01
2.631464600563049316e-01
3.783998191356658936e-01
5.950944423675537109e-01
4.388194084167480469e-01
5.057251453399658203e-01
6.368457078933715820e-01
5.074587464332580566e-01
4.501813650131225586e-01
4.357899427413940430e-01
4.693465828895568848e-01
4.281520843505859375e-01
5.138207077980041504e-01
5.365255475044250488e-01
6.215326189994812012e-01
4.866781234741210938e-01
2.487602531909942627e-01
3.242412209510803223e-01
5.050385594367980957e-01
3.049188256263732910e-01
4.638302922248840332e-01
6.207309365272521973e-01
4.038985073566436768e-01
5.855526924133300781e-01
3.884000778198242188e-01
3.499404788017272949e-01
3.774499893188476562e-01
6.654203534126281738e-01
8.074581027030944824e-01
9.490234851837158203e-01
6.388087868690490723e-01
3.322048783302307129e-01
2.494716346263885498e-01
4.336414933204650879e-01
5.749505758285522461e-01
6.419764757156372070e-01
7.222068309783935547e-01
1.023437857627868652e+00
1.258469343185424805e+00
2.654052376747131348e-01
6.109814047813415527e-01
6.093914508819580078e-01
1.077450752258300781e+00
1.038992881774902344e+00
1.400107860565185547e+00
1.665269255638122559e+00
1.972463130950927734e+00
1.299620270729064941e+00
1.047890663146972656e+00
1.106408476829528809e+00
1.206379175186157227e+00
1.124899864196777344e+00
8.517408370971679688e-01
6.065895557403564453e-01
8.713901042938232422e-01
6.889876723289489746e-01
6.534292101860046387e-01
6.356899142265319824e-01
6.664723157882690430e-01
9.750883579254150391e-01
5.598222017288208008e-01
4.955537021160125732e-01
5.489535331726074219e-01
3.629386723041534424e-01
5.955206155776977539e-01
6.957452297210693359e-01
8.145077228546142578e-01
9.308094978332519531e-01
8.128792643547058105e-01
6.576273441314697266e-01
4.253179132938385010e-01
3.992227613925933838e-01
3.909592628479003906e-01
4.853125810623168945e-01
3.893237113952636719e-01
5.369647741317749023e-01
5.665149688720703125e-01
6.040778160095214844e-01
4.436118900775909424e-01
4.348869025707244873e-01
4.539418816566467285e-01
6.470138430595397949e-01
5.710536241531372070e-01
4.954594373703002930e-01
6.282653808593750000e-01
4.362625479698181152e-01
4.425972700119018555e-01
4.478100538253784180e-01
5.721967220306396484e-01
5.191795825958251953e-01
3.838723003864288330e-01
4.591529071331024170e-01
5.490671992301940918e-01
4.221315681934356689e-01
5.433828830718994141e-01
5.327893495559692383e-01
4.604375064373016357e-01
3.229108452796936035e-01
2.822154462337493896e-01
3.929092288017272949e-01
5.684771537780761719e-01
4.671545028686523438e-01
5.417187809944152832e-01
3.049009740352630615e-01
4.631360769271850586e-01
4.683158695697784424e-01
4.773733317852020264e-01
5.505820512771606445e-01
5.599643588066101074e-01
5.033708810806274414e-01
4.950168132781982422e-01
4.966205954551696777e-01
4.308370649814605713e-01
4.193615019321441650e-01
3.839854001998901367e-01
4.449099898338317871e-01
5.445210337638854980e-01
5.251733064651489258e-01
4.869598150253295898e-01
4.728238284587860107e-01
4.910442829132080078e-01
6.754365563392639160e-01
4.340381622314453125e-01
4.564861655235290527e-01
4.037397801876068115e-01
4.923166334629058838e-01
5.347774028778076172e-01
4.500622749328613281e-01
4.632202386856079102e-01
4.088280200958251953e-01
5.255355238914489746e-01
5.067714452743530273e-01
3.888392448425292969e-01
4.845724701881408691e-01
8.920779228210449219e-01
1.255551099777221680e+00
8.769732117652893066e-01
5.169526338577270508e-01
3.616132736206054688e-01
5.839164853096008301e-01
4.887417554855346680e-01
7.108443379402160645e-01
7.886698842048645020e-01
8.106194734573364258e-01
3.655972182750701904e-01
4.912497699260711670e-01
6.846349239349365234e-01
1.026600122451782227e+00
1.482319712638854980e+00
1.029424190521240234e+00
6.233344674110412598e-01
5.055980682373046875e-01
6.250475049018859863e-01
5.006464123725891113e-01
7.683526277542114258e-01
9.934211969375610352e-01
9.456707835197448730e-01
8.737826943397521973e-01
1.114826440811157227e+00
6.231479048728942871e-01
4.465086162090301514e-01
6.073724031448364258e-01
6.725790500640869141e-01
7.959145307540893555e-01
8.716057538986206055e-01
9.459283351898193359e-01
7.905302047729492188e-01
7.189540266990661621e-01
6.791324019432067871e-01
7.025951743125915527e-01
5.237123966217041016e-01
4.405103325843811035e-01
3.964084386825561523e-01
3.925595581531524658e-01
4.523563385009765625e-01
4.991293549537658691e-01
4.253474473953247070e-01
5.172454714775085449e-01
4.651278853416442871e-01
5.092185139656066895e-01
5.162564516067504883e-01
3.530910313129425049e-01
4.238737225532531738e-01
5.786075592041015625e-01
5.425693988800048828e-01
7.631155252456665039e-01
5.589189529418945312e-01
5.090668201446533203e-01
2.828125357627868652e-01
4.088802635669708252e-01
6.268694400787353516e-01
6.763131022453308105e-01
4.553264975547790527e-01
3.690196573734283447e-01
3.833529949188232422e-01
4.202462434768676758e-01
4.150742292404174805e-01
3.769171237945556641e-01
4.862069189548492432e-01
3.653474748134613037e-01
3.371801972389221191e-01
4.280456006526947021e-01
5.695894956588745117e-01
5.231968164443969727e-01
5.824329853057861328e-01
4.904391765594482422e-01
4.109948575496673584e-01
3.410404920578002930e-01
3.981006741523742676e-01
3.349674344062805176e-01
3.330600261688232422e-01
4.621568024158477783e-01
4.040630459785461426e-01
4.970346093177795410e-01
5.791043043136596680e-01
4.585933089256286621e-01
4.649693667888641357e-01
6.313040852546691895e-01
7.491414546966552734e-01
5.283359885215759277e-01
2.861322164535522461e-01
5.067659020423889160e-01
4.362967014312744141e-01
5.234906673431396484e-01
5.064090490341186523e-01
6.258438229560852051e-01
9.018836021423339844e-01
1.046838045120239258e+00
7.167518734931945801e-01
9.200196266174316406e-01
1.580438971519470215e+00
1.636285662651062012e+00
1.762954235076904297e+00
7.494723796844482422e-01
4.815057814121246338e-01
5.208450555801391602e-01
6.655497550964355469e-01
6.837273836135864258e-01
5.048150420188903809e-01
5.295631885528564453e-01
5.965540409088134766e-01
5.959243774414062500e-01
6.949287652969360352e-01
9.382317662239074707e-01
1.093637943267822266e+00
8.915078639984130859e-01
6.633963584899902344e-01
4.968512654304504395e-01
7.096241116523742676e-01
7.101360559463500977e-01
1.052789926528930664e+00
9.851717948913574219e-01
9.160904884338378906e-01
5.936739444732666016e-01
5.317850708961486816e-01
3.619928658008575439e-01
6.701770424842834473e-01
7.043800354003906250e-01
8.129502534866333008e-01
5.382912158966064453e-01
5.754383802413940430e-01
5.957732796669006348e-01
5.266751050949096680e-01
4.806412756443023682e-01
3.743523359298706055e-01
3.684667348861694336e-01
4.800083041191101074e-01
5.033967494964599609e-01
4.726367890834808350e-01
5.471442341804504395e-01
5.869042277336120605e-01
5.543177127838134766e-01
4.815691709518432617e-01
3.971140086650848389e-01
5.047131776809692383e-01
4.198482930660247803e-01
5.919209718704223633e-01
4.843835234642028809e-01
2.965858578681945801e-01
4.176985621452331543e-01
4.821085333824157715e-01
6.153368949890136719e-01
4.965129494667053223e-01
6.125247478485107422e-01
5.166686177253723145e-01
5.263071656227111816e-01
3.702030777931213379e-01
4.752771556377410889e-01
4.584931731224060059e-01
4.653030335903167725e-01
4.895789623260498047e-01
4.624612927436828613e-01
3.406138420104980469e-01
3.862144351005554199e-01
5.691402554512023926e-01
5.193274617195129395e-01
6.038346290588378906e-01
7.761085033416748047e-01
1.194885253906250000e+00
9.628095626831054688e-01
1.002475261688232422e+00
7.038487792015075684e-01
5.013026595115661621e-01
4.659832417964935303e-01
5.917890667915344238e-01
5.372418761253356934e-01
8.591449260711669922e-01
7.969200015068054199e-01
4.708980917930603027e-01
2.547805905342102051e-01
4.339359998703002930e-01
7.055588364601135254e-01
8.592743277549743652e-01
9.515111446380615234e-01
5.744696855545043945e-01
4.798876345157623291e-01
3.787955045700073242e-01
4.655848145484924316e-01
5.631525516510009766e-01
6.509546041488647461e-01
1.313315391540527344e+00
1.584514856338500977e+00
1.271016597747802734e+00
4.346239864826202393e-01
3.292487859725952148e-01
4.055629372596740723e-01
6.880244016647338867e-01
8.897002339363098145e-01
7.876571416854858398e-01
7.613165378570556641e-01
7.978745102882385254e-01
5.081683993339538574e-01
3.370397686958312988e-01
3.613642454147338867e-01
3.973346352577209473e-01
6.671991348266601562e-01
4.854251444339752197e-01
5.025677680969238281e-01
3.759726881980895996e-01
3.897123336791992188e-01
5.853809118270874023e-01
4.362376928329467773e-01
4.733339548110961914e-01
5.230323076248168945e-01
4.416896700859069824e-01
3.226778507232666016e-01
2.757978439331054688e-01
4.231658577919006348e-01
4.642445445060729980e-01
6.511746644973754883e-01
5.566752552986145020e-01
4.578365087509155273e-01
4.816170334815979004e-01
3.453701436519622803e-01
4.218344092369079590e-01
4.580026566982269287e-01
3.835780024528503418e-01
4.554843306541442871e-01
3.015589416027069092e-01
5.569637417793273926e-01
5.940395593643188477e-01
2.530489563941955566e-01
4.620768427848815918e-01
8.393987417221069336e-01
7.500011324882507324e-01
4.708964824676513672e-01
3.267029225826263428e-01
6.326830387115478516e-01
7.774839401245117188e-01
5.021038651466369629e-01
4.645142555236816406e-01
5.172092914581298828e-01
5.435382723808288574e-01
6.528253555297851562e-01
5.617203116416931152e-01
5.830163955688476562e-01
4.773230850696563721e-01
4.843766093254089355e-01
4.582105875015258789e-01
4.759477078914642334e-01
6.126025915145874023e-01
5.508586764335632324e-01
4.247289299964904785e-01
4.351091980934143066e-01
3.921869993209838867e-01
4.091563224792480469e-01
6.111883521080017090e-01
6.309112310409545898e-01
6.345353722572326660e-01
4.322496950626373291e-01
4.322353601455688477e-01
3.720946311950683594e-01
3.773559927940368652e-01
3.113287985324859619e-01
4.266332089900970459e-01
3.689685463905334473e-01
4.034819602966308594e-01
4.734827280044555664e-01
5.553010702133178711e-01
6.506294608116149902e-01
6.775637865066528320e-01
1.334253907203674316e+00
2.274198055267333984e+00
1.306051254272460938e+00
1.775880813598632812e+00
1.772271633148193359e+00
1.391937613487243652e+00
1.014049053192138672e+00
5.131832361221313477e-01
6.809090375900268555e-01
9.131447672843933105e-01
7.285671830177307129e-01
9.225298166275024414e-01
1.123092770576477051e+00
4.976460933685302734e-01
4.519127607345581055e-01
1.012107610702514648e+00
1.531350016593933105e+00
1.594768285751342773e+00
6.527960300445556641e-01
4.686159789562225342e-01
1.033758759498596191e+00
9.096908569335937500e-01
7.090778946876525879e-01
4.901936948299407959e-01
4.990525543689727783e-01
5.735716819763183594e-01
5.911221504211425781e-01
5.700265169143676758e-01
6.306858062744140625e-01
6.630514860153198242e-01
5.591107606887817383e-01
4.711188673973083496e-01
3.865196406841278076e-01
4.834094643592834473e-01
6.416056156158447266e-01
5.913979411125183105e-01
5.679349303245544434e-01
4.874134361743927002e-01
6.729915142059326172e-01
4.974638521671295166e-01
4.828847050666809082e-01
5.643286705017089844e-01
4.790810942649841309e-01
6.106677651405334473e-01
5.604690313339233398e-01
5.323541164398193359e-01
5.913414359092712402e-01
4.732224047183990479e-01
4.979619383811950684e-01
4.211851954460144043e-01
5.125212073326110840e-01
4.695209264755249023e-01
3.810065984725952148e-01
7.100778818130493164e-01
7.302382588386535645e-01
8.220392465591430664e-01
3.598948121070861816e-01
4.295815825462341309e-01
4.193472266197204590e-01
4.182012081146240234e-01
5.640298724174499512e-01
6.752511858940124512e-01
5.822406411170959473e-01
4.038035273551940918e-01
5.276964902877807617e-01
3.623086512088775635e-01
3.643120825290679932e-01
4.559817314147949219e-01
4.361277818679809570e-01
6.069611907005310059e-01
7.448649406433105469e-01
4.781662523746490479e-01
4.749440550804138184e-01
5.392231941223144531e-01
5.280831456184387207e-01
5.504300594329833984e-01
4.246848225593566895e-01
4.377688765525817871e-01
4.901220798492431641e-01
4.011291861534118652e-01
7.527843713760375977e-01
6.543369889259338379e-01
4.393653273582458496e-01
5.754088163375854492e-01
6.861761808395385742e-01
6.342625617980957031e-01
3.625238239765167236e-01
2.992622852325439453e-01
4.420489072799682617e-01
4.307895302772521973e-01
3.933070302009582520e-01
4.040868878364562988e-01
5.527393817901611328e-01
4.263502061367034912e-01
2.768408060073852539e-01
5.513909459114074707e-01
6.290665268898010254e-01
6.470817327499389648e-01
1.000891327857971191e+00
1.173693418502807617e+00
8.144810795783996582e-01
6.697340607643127441e-01
4.698646664619445801e-01
5.478999614715576172e-01
5.188756585121154785e-01
3.821214437484741211e-01
4.190907478332519531e-01
3.763253688812255859e-01
3.433868288993835449e-01
5.302022099494934082e-01
5.155725479125976562e-01
5.998825430870056152e-01
8.906299471855163574e-01
8.731789588928222656e-01
6.234474778175354004e-01
4.943892955780029297e-01
3.826685547828674316e-01
3.821282386779785156e-01
4.422180950641632080e-01
6.487724781036376953e-01
7.521255612373352051e-01
9.105183482170104980e-01
9.982032179832458496e-01
4.954330027103424072e-01
4.029992222785949707e-01
4.916044473648071289e-01
3.549261093139648438e-01
6.607699394226074219e-01
4.612755477428436279e-01
4.128531515598297119e-01
4.177190959453582764e-01
4.587346315383911133e-01
4.398822784423828125e-01
5.018087029457092285e-01
5.820121169090270996e-01
6.034965515136718750e-01
6.873371005058288574e-01
8.041863441467285156e-01
3.972852230072021484e-01
2.998198270797729492e-01
4.331399798393249512e-01
4.798862338066101074e-01
5.207716226577758789e-01
5.163427591323852539e-01
5.781237483024597168e-01
4.710267186164855957e-01
3.961687088012695312e-01
3.150373101234436035e-01
8.132611513137817383e-01
1.171527743339538574e+00
1.122954249382019043e+00
8.539498448371887207e-01
7.541017532348632812e-01
8.227645158767700195e-01
9.969432353973388672e-01
8.198175430297851562e-01
4.507392346858978271e-01
4.488947391510009766e-01
5.559479594230651855e-01
5.377542376518249512e-01
4.672096967697143555e-01
5.171862244606018066e-01
5.977414250373840332e-01
5.096737742424011230e-01
6.011948585510253906e-01
6.363455057144165039e-01
6.296438574790954590e-01
5.408350229263305664e-01
4.673698842525482178e-01
4.813937842845916748e-01
4.989900290966033936e-01
3.490312099456787109e-01
5.614551305770874023e-01
6.274139881134033203e-01
5.857393145561218262e-01
4.643239676952362061e-01
4.061595499515533447e-01
2.367062121629714966e-01
4.646335840225219727e-01
5.220243930816650391e-01
4.907078742980957031e-01
1.095349267125129700e-01
4.662217199802398682e-01
8.043013215065002441e-01
9.811230897903442383e-01
8.391212224960327148e-01
6.172332763671875000e-01
5.064673423767089844e-01
5.598191618919372559e-01
4.082009792327880859e-01
4.172897338867187500e-01
5.352820158004760742e-01
5.956464409828186035e-01
6.556448340415954590e-01
4.714016318321228027e-01
4.321903884410858154e-01
4.127578139305114746e-01
3.163627982139587402e-01
4.809457361698150635e-01
4.045636057853698730e-01
3.931250572204589844e-01
5.705664753913879395e-01
6.475999355316162109e-01
5.443152785301208496e-01
5.848016738891601562e-01
5.463978052139282227e-01
6.041713953018188477e-01
3.912220299243927002e-01
4.566172957420349121e-01
4.570775032043457031e-01
3.226805925369262695e-01
3.477790951728820801e-01
5.045856833457946777e-01
5.888986587524414062e-01
6.277306079864501953e-01
6.561926007270812988e-01
4.585114121437072754e-01
2.924112677574157715e-01
6.280874609947204590e-01
6.639064550399780273e-01
7.631367444992065430e-01
6.264457702636718750e-01
7.117547392845153809e-01
4.225805699825286865e-01
2.509351968765258789e-01
5.064458847045898438e-01
6.532743573188781738e-01
5.629763007164001465e-01
4.714028537273406982e-01
3.296513557434082031e-01
2.934027314186096191e-01
4.409261643886566162e-01
6.004700660705566406e-01
1.018117785453796387e+00
1.249818205833435059e+00
1.278876662254333496e+00
8.217486143112182617e-01
5.731429457664489746e-01
5.712676048278808594e-01
7.037745118141174316e-01
8.328300118446350098e-01
8.579670190811157227e-01
6.292195916175842285e-01
3.195087909698486328e-01
3.961043953895568848e-01
3.508031368255615234e-01
3.643564581871032715e-01
4.516887366771697998e-01
4.927733540534973145e-01
5.180605649948120117e-01
6.853682398796081543e-01
7.025799751281738281e-01
2.377742528915405273e-01
5.976725220680236816e-01
4.612631797790527344e-01
5.332714915275573730e-01
7.556940913200378418e-01
8.068579435348510742e-01
7.773312926292419434e-01
8.843986988067626953e-01
1.059730768203735352e+00
7.934694290161132812e-01
5.270801186561584473e-01
3.331774473190307617e-01
4.457729458808898926e-01
5.244880318641662598e-01
5.324593186378479004e-01
7.155672311782836914e-01
7.922693490982055664e-01
7.569862008094787598e-01
5.828866362571716309e-01
6.105573773384094238e-01
4.932897090911865234e-01
5.138956904411315918e-01
3.314135074615478516e-01
4.968697726726531982e-01
4.249902963638305664e-01
3.933409452438354492e-01
3.760579228401184082e-01
4.372990727424621582e-01
4.610933959484100342e-01
5.271910429000854492e-01
4.835832118988037109e-01
3.343052864074707031e-01
4.316328763961791992e-01
4.002314805984497070e-01
4.130863845348358154e-01
4.402141869068145752e-01
5.477477312088012695e-01
7.883892655372619629e-01
1.059895634651184082e+00
9.029148817062377930e-01
5.031584501266479492e-01
4.562516510486602783e-01
2.694661021232604980e-01
2.093312144279479980e-01
3.929438292980194092e-01
5.062242746353149414e-01
5.500109791755676270e-01
4.808862507343292236e-01
1.304702162742614746e+00
1.343554019927978516e+00
1.053824186325073242e+00
4.209090471267700195e-01
3.635764122009277344e-01
4.213468432426452637e-01
3.895963132381439209e-01
4.049475491046905518e-01
4.515523314476013184e-01
4.700982272624969482e-01
5.813727378845214844e-01
5.694895982742309570e-01
4.928876161575317383e-01
4.727730751037597656e-01
4.858992695808410645e-01
4.866355359554290771e-01
3.391620516777038574e-01
4.356093108654022217e-01
4.998465180397033691e-01
4.430555701255798340e-01
3.337052166461944580e-01
4.542754888534545898e-01
5.938392877578735352e-01
6.125714778900146484e-01
6.731930971145629883e-01
6.613396406173706055e-01
7.671685218811035156e-01
4.881219863891601562e-01
3.316454887390136719e-01
4.826493263244628906e-01
5.522687435150146484e-01
2.932012677192687988e-01
3.986140489578247070e-01
4.781182706356048584e-01
6.185394525527954102e-01
6.126142740249633789e-01
7.589437961578369141e-01
5.004879832267761230e-01
2.227765619754791260e-01
5.123251080513000488e-01
9.120651483535766602e-01
8.791899681091308594e-01
4.864731431007385254e-01
2.401852607727050781e-01
5.674045085906982422e-01
1.091968536376953125e+00
1.990877866744995117e+00
7.891659736633300781e-01
8.432621955871582031e-01
2.087419986724853516e+00
9.835660457611083984e-01
1.222810149192810059e+00
1.719994664192199707e+00
1.030977368354797363e+00
5.498369932174682617e-01
5.247933864593505859e-01
6.063673496246337891e-01
5.805633664131164551e-01
5.153710842132568359e-01
7.039691209793090820e-01
1.008705615997314453e+00
1.110760927200317383e+00
5.159874558448791504e-01
7.402098774909973145e-01
9.473826289176940918e-01
5.365667939186096191e-01
3.588476479053497314e-01
4.857725501060485840e-01
5.688525438308715820e-01
6.441186070442199707e-01
7.376620769500732422e-01
9.013544917106628418e-01
1.177951693534851074e+00
9.423333406448364258e-01
7.324094176292419434e-01
9.251474142074584961e-01
6.959310770034790039e-01
7.227412462234497070e-01
4.908876121044158936e-01
6.402289867401123047e-01
5.603956580162048340e-01
6.237922906875610352e-01
4.320254325866699219e-01
5.769984126091003418e-01
5.688800811767578125e-01
5.361507534980773926e-01
5.330012440681457520e-01
4.502157270908355713e-01
5.160323977470397949e-01
6.338099241256713867e-01
5.436172485351562500e-01
6.404522657394409180e-01
4.048165977001190186e-01
6.432439684867858887e-01
9.203115701675415039e-01
6.998720765113830566e-01
2.921210527420043945e-01
2.802450358867645264e-01
2.454587817192077637e-01
5.144174695014953613e-01
4.841647148132324219e-01
5.577594637870788574e-01
4.157547056674957275e-01
3.178730010986328125e-01
4.135859906673431396e-01
4.021914899349212646e-01
4.400885701179504395e-01
5.331618785858154297e-01
5.769696235656738281e-01
5.324002504348754883e-01
5.046613812446594238e-01
4.694541692733764648e-01
4.435280859470367432e-01
5.249904394149780273e-01
3.683402538299560547e-01
3.885864615440368652e-01
5.839935541152954102e-01
1.220558404922485352e+00
1.218947887420654297e+00
5.949406623840332031e-01
2.545718550682067871e-01
5.222258567810058594e-01
4.521036744117736816e-01
6.090949177742004395e-01
9.587911367416381836e-01
1.154528379440307617e+00
5.952213406562805176e-01
2.682722806930541992e-01
4.323555231094360352e-01
6.250937581062316895e-01
3.946743905544281006e-01
3.548858761787414551e-01
6.013556718826293945e-01
4.764741957187652588e-01
4.481239020824432373e-01
7.030057907104492188e-01
5.255072116851806641e-01
2.359623610973358154e-01
3.929536342620849609e-01
5.115479826927185059e-01
4.545453786849975586e-01
6.189693212509155273e-01
3.436286151409149170e-01
3.204263746738433838e-01
3.317726254463195801e-01
3.345264196395874023e-01
4.000042676925659180e-01
5.319896936416625977e-01
4.678253531455993652e-01
4.089435636997222900e-01
4.532217681407928467e-01
3.981491625308990479e-01
4.239680171012878418e-01
3.187974989414215088e-01
3.237534463405609131e-01
4.468320310115814209e-01
4.140264987945556641e-01
3.988184928894042969e-01
4.959680140018463135e-01
1.081410408020019531e+00
1.136832833290100098e+00
3.014669179916381836e+00
4.770607948303222656e+00
1.745786070823669434e+00
1.788537144660949707e+00
1.932842969894409180e+00
8.689836859703063965e-01
4.302975535392761230e-01
7.362392544746398926e-01
7.481210231781005859e-01
8.953569531440734863e-01
5.590555667877197266e-01
5.857902765274047852e-01
5.878947973251342773e-01
5.008401274681091309e-01
5.918820500373840332e-01
7.362931370735168457e-01
8.087025284767150879e-01
9.638942480087280273e-01
1.106375455856323242e+00
1.111430764198303223e+00
8.937957882881164551e-01
5.821968913078308105e-01
6.604712009429931641e-01
6.045932769775390625e-01
3.938528299331665039e-01
6.822655797004699707e-01
4.851810336112976074e-01
3.418213129043579102e-01
7.164082527160644531e-01
8.681541681289672852e-01
7.824721932411193848e-01
6.855863332748413086e-01
3.518688678741455078e-01
5.423071384429931641e-01
7.271322607994079590e-01
7.293750643730163574e-01
6.231569051742553711e-01
4.427731037139892578e-01
6.084010004997253418e-01
5.156245231628417969e-01
5.233550667762756348e-01
5.178378224372863770e-01
7.658731937408447266e-01
8.220215439796447754e-01
6.201372146606445312e-01
4.218580126762390137e-01
3.263262510299682617e-01
4.642085433006286621e-01
6.654620170593261719e-01
5.097242593765258789e-01
4.492417573928833008e-01
4.172782599925994873e-01
4.400030374526977539e-01
3.217465281486511230e-01
3.551111817359924316e-01
4.421050548553466797e-01
5.403615832328796387e-01
5.121765136718750000e-01
5.230435132980346680e-01
5.720987915992736816e-01
5.604376196861267090e-01
6.278734207153320312e-01
5.239247083663940430e-01
3.938323557376861572e-01
5.736576318740844727e-01
5.784864425659179688e-01
6.081047654151916504e-01
5.034033060073852539e-01
6.118932962417602539e-01
3.543303906917572021e-01
4.395783841609954834e-01
4.642723202705383301e-01
4.095872044563293457e-01
4.038338065147399902e-01
5.425339937210083008e-01
3.898357748985290527e-01
3.854825198650360107e-01
4.600663185119628906e-01
3.327063620090484619e-01
3.998803198337554932e-01
4.295858740806579590e-01
4.916713237762451172e-01
4.873883724212646484e-01
3.331770598888397217e-01
4.200739860534667969e-01
5.823827981948852539e-01
5.358217954635620117e-01
5.415233373641967773e-01
5.222513079643249512e-01
7.114875316619873047e-01
8.206240534782409668e-01
5.274715423583984375e-01
4.729565083980560303e-01
6.675882935523986816e-01
6.043876409530639648e-01
3.938964605331420898e-01
3.753197193145751953e-01
4.282914400100708008e-01
4.609183967113494873e-01
3.642400503158569336e-01
2.853335142135620117e-01
3.847401142120361328e-01
2.817256152629852295e-01
5.342287421226501465e-01
3.729189038276672363e-01
3.783549964427947998e-01
5.807422995567321777e-01
7.421200871467590332e-01
6.104337573051452637e-01
4.462789893150329590e-01
4.267764091491699219e-01
4.313296675682067871e-01
4.287354350090026855e-01
2.785131931304931641e-01
4.148686528205871582e-01
5.497353672981262207e-01
5.194370746612548828e-01
6.282306909561157227e-01
5.054404735565185547e-01
3.527052998542785645e-01
2.035183012485504150e-01
4.766681790351867676e-01
6.238114833831787109e-01
5.003860592842102051e-01
3.610384464263916016e-01
3.500491380691528320e-01
3.723385930061340332e-01
4.777235090732574463e-01
6.163833141326904297e-01
7.601623535156250000e-01
7.059153914451599121e-01
6.177563667297363281e-01
4.743137955665588379e-01
7.562475204467773438e-01
6.966241002082824707e-01
9.137824773788452148e-01
1.069813370704650879e+00
2.185752391815185547e+00
2.250407934188842773e+00
7.775216698646545410e-01
5.607265233993530273e-01
6.538116931915283203e-01
7.295471429824829102e-01
8.056755661964416504e-01
8.324822187423706055e-01
1.420406699180603027e+00
2.755858182907104492e+00
2.508332490921020508e+00
1.057760119438171387e+00
5.849808454513549805e-01
7.950108051300048828e-01
9.120259284973144531e-01
6.168521642684936523e-01
8.535019159317016602e-01
8.184980154037475586e-01
7.163853645324707031e-01
8.813198208808898926e-01
4.670190811157226562e-01
6.007821559906005859e-01
4.924798905849456787e-01
6.613306999206542969e-01
8.020894527435302734e-01
6.992886066436767578e-01
4.017394483089447021e-01
6.115831136703491211e-01
7.810583114624023438e-01
1.086856365203857422e+00
6.307041645050048828e-01
4.433536529541015625e-01
4.448319673538208008e-01
3.041098713874816895e-01
3.754490613937377930e-01
8.869286775588989258e-01
9.793726205825805664e-01
8.143442869186401367e-01
5.752862095832824707e-01
5.800973176956176758e-01
6.132401227951049805e-01
4.807486832141876221e-01
4.667123258113861084e-01
4.032849669456481934e-01
4.093137085437774658e-01
4.451615214347839355e-01
5.615739226341247559e-01
4.844992160797119141e-01
5.021425485610961914e-01
5.576553940773010254e-01
5.531166791915893555e-01
5.614209771156311035e-01
6.849728226661682129e-01
3.838705420494079590e-01
2.671575546264648438e-01
4.789958596229553223e-01
6.525062322616577148e-01
7.905771136283874512e-01
6.159924268722534180e-01
3.475797772407531738e-01
6.162683367729187012e-01
3.946541547775268555e-01
5.310271382331848145e-01
3.742512762546539307e-01
5.121713280677795410e-01
4.946639537811279297e-01
3.605723679065704346e-01
2.755804061889648438e-01
4.743192195892333984e-01
3.390831947326660156e-01
5.116774439811706543e-01
5.042827129364013672e-01
4.549676775932312012e-01
4.573374688625335693e-01
3.373093307018280029e-01
3.543852567672729492e-01
3.989692330360412598e-01
4.417328238487243652e-01
4.088959991931915283e-01
7.110211849212646484e-01
6.182575225830078125e-01
2.388300001621246338e-01
4.732196033000946045e-01
5.124106407165527344e-01
2.911444902420043945e-01
3.351464271545410156e-01
6.599463224411010742e-01
1.030651092529296875e+00
6.893182396888732910e-01
4.053718447685241699e-01
4.548982381820678711e-01
3.534902930259704590e-01
4.554549455642700195e-01
4.427080154418945312e-01
5.352921485900878906e-01
7.038307785987854004e-01
3.567548990249633789e-01
3.713388741016387939e-01
5.655645728111267090e-01
3.855919241905212402e-01
3.221604824066162109e-01
5.119814872741699219e-01
6.679949164390563965e-01
8.039979338645935059e-01
6.010505557060241699e-01
3.679571747779846191e-01
3.473924994468688965e-01
3.075625300407409668e-01
5.190334916114807129e-01
6.526362895965576172e-01
4.909588694572448730e-01
3.622117638587951660e-01
3.113449513912200928e-01
3.752199411392211914e-01
3.293482065200805664e-01
4.867615103721618652e-01
5.513157844543457031e-01
4.715840518474578857e-01
6.444751620292663574e-01
6.323546767234802246e-01
5.580287575721740723e-01
4.295337498188018799e-01
3.973885178565979004e-01
5.977811217308044434e-01
7.481188774108886719e-01
7.033706307411193848e-01
1.271950721740722656e+00
1.444062829017639160e+00
9.697492122650146484e-01
7.128644585609436035e-01
5.741558074951171875e-01
3.569123446941375732e-01
5.134916305541992188e-01
8.465653657913208008e-01
7.715743780136108398e-01
8.289259672164916992e-01
7.123112082481384277e-01
5.478885769844055176e-01
3.393712043762207031e-01
4.760515987873077393e-01
6.706928610801696777e-01
4.053049981594085693e-01
5.818485617637634277e-01
5.499057769775390625e-01
5.533048510551452637e-01
4.883270859718322754e-01
4.135019183158874512e-01
4.408029317855834961e-01
3.019461631774902344e-01
3.019750714302062988e-01
3.747113347053527832e-01
3.380424380302429199e-01
3.479363322257995605e-01
4.284639954566955566e-01
3.510643541812896729e-01
5.250740051269531250e-01
6.037468910217285156e-01
5.420989990234375000e-01
7.599179744720458984e-01
4.477022290229797363e-01
4.556629359722137451e-01
4.067524373531341553e-01
4.670989513397216797e-01
4.688130915164947510e-01
3.406882286071777344e-01
3.562149703502655029e-01
3.986045718193054199e-01
2.658630907535552979e-01
4.626945257186889648e-01
6.039471626281738281e-01
9.040976762771606445e-01
1.037564158439636230e+00
5.306509137153625488e-01
3.222211599349975586e-01
3.858211040496826172e-01
5.780257582664489746e-01
1.875222772359848022e-01
3.790320456027984619e-01
4.493283629417419434e-01
2.876980304718017578e-01
3.668985366821289062e-01
5.972242951393127441e-01
7.121337056159973145e-01
4.723876714706420898e-01
2.633805871009826660e-01
3.725046515464782715e-01
4.093155860900878906e-01
4.721013307571411133e-01
4.675193428993225098e-01
5.834016203880310059e-01
4.159174561500549316e-01
4.833647608757019043e-01
2.996970415115356445e-01
3.575812876224517822e-01
5.376226305961608887e-01
2.712405323982238770e-01
4.895693063735961914e-01
8.269313573837280273e-01
1.215747237205505371e+00
1.458419799804687500e+00
2.661516904830932617e+00
1.348666310310363770e+00
7.173801064491271973e-01
7.239621281623840332e-01
8.856422901153564453e-01
9.503819942474365234e-01
4.636012613773345947e-01
7.977312803268432617e-01
1.123667240142822266e+00
1.162222027778625488e+00
6.855605244636535645e-01
6.235186457633972168e-01
7.503280639648437500e-01
8.350883126258850098e-01
6.516847610473632812e-01
5.513954758644104004e-01
2.942320704460144043e-01
7.001577615737915039e-01
9.693374633789062500e-01
7.425871491432189941e-01
7.496845722198486328e-01
3.578819036483764648e-01
4.863243699073791504e-01
7.058740854263305664e-01
6.294380426406860352e-01
4.735167622566223145e-01
5.006499290466308594e-01
6.266295909881591797e-01
5.315452814102172852e-01
4.243631958961486816e-01
4.551854729652404785e-01
5.562164783477783203e-01
4.895783662796020508e-01
3.967009484767913818e-01
6.503245830535888672e-01
4.502085447311401367e-01
8.301684260368347168e-01
7.751474976539611816e-01
3.199294507503509521e-01
3.117051720619201660e-01
4.518295824527740479e-01
5.734382867813110352e-01
6.351960897445678711e-01
5.577893257141113281e-01
5.413801074028015137e-01
4.673071503639221191e-01
5.724817514419555664e-01
4.186347126960754395e-01
6.390732526779174805e-01
7.641359567642211914e-01
5.812559127807617188e-01
2.818636000156402588e-01
3.233116567134857178e-01
5.671827793121337891e-01
7.371221184730529785e-01
4.802447557449340820e-01
1.016971230506896973e+00
1.138297080993652344e+00
1.190338850021362305e+00
6.832994818687438965e-01
5.361647009849548340e-01
4.251906871795654297e-01
8.236475586891174316e-01
1.311543941497802734e+00
1.431451201438903809e+00
5.390795469284057617e-01
6.484160423278808594e-01
7.664884328842163086e-01
6.914295554161071777e-01
5.037231445312500000e-01
5.937347412109375000e-01
4.363436102867126465e-01
3.774648606777191162e-01
4.750702381134033203e-01
5.567923188209533691e-01
5.374625921249389648e-01
4.887974262237548828e-01
5.619009137153625488e-01
3.469160199165344238e-01
3.406838178634643555e-01
4.347261786460876465e-01
4.890408217906951904e-01
5.183252692222595215e-01
5.132279992103576660e-01
4.807327985763549805e-01
7.117816805839538574e-01
6.414780616760253906e-01
3.662696778774261475e-01
3.135756254196166992e-01
3.769976198673248291e-01
2.413099110126495361e-01
4.315078258514404297e-01
4.819559752941131592e-01
4.929960370063781738e-01
4.089250266551971436e-01
6.236310005187988281e-01
6.497715115547180176e-01
6.539866328239440918e-01
3.433574438095092773e-01
4.011260867118835449e-01
2.022826373577117920e-01
3.688695132732391357e-01
5.469209551811218262e-01
4.395748972892761230e-01
3.784375190734863281e-01
3.671101629734039307e-01
5.649634599685668945e-01
2.551281750202178955e-01
5.214760303497314453e-01
8.168818950653076172e-01
8.066582679748535156e-01
1.196452379226684570e+00
1.542159914970397949e+00
8.390458822250366211e-01
5.067265629768371582e-01
5.097365379333496094e-01
5.621600747108459473e-01
6.360086202621459961e-01
7.812868952751159668e-01
7.974094152450561523e-01
1.027702450752258301e+00
6.267275214195251465e-01
4.722312688827514648e-01
3.646244406700134277e-01
4.171583056449890137e-01
2.632619142532348633e-01
4.067480862140655518e-01
3.425191342830657959e-01
3.975602090358734131e-01
4.177926480770111084e-01
4.484724402427673340e-01
2.992326617240905762e-01
3.570191562175750732e-01
3.278594315052032471e-01
3.906105160713195801e-01
4.624660909175872803e-01
4.193385839462280273e-01
3.014283776283264160e-01
4.039117693901062012e-01
4.402746260166168213e-01
4.582295417785644531e-01
6.356812119483947754e-01
4.483321309089660645e-01
5.173276066780090332e-01
4.990509450435638428e-01
2.393541485071182251e-01
3.560408353805541992e-01
4.639797210693359375e-01
4.465546607971191406e-01
4.627104401588439941e-01
6.672743558883666992e-01
6.881684660911560059e-01
4.617152810096740723e-01
3.349672257900238037e-01
3.611076474189758301e-01
5.356738567352294922e-01
4.365411400794982910e-01
3.044581413269042969e-01
4.439140260219573975e-01
4.440222382545471191e-01
4.886425733566284180e-01
5.157107710838317871e-01
5.308482050895690918e-01
4.831730425357818604e-01
3.921351432800292969e-01
3.709821701049804688e-01
2.750355899333953857e-01
4.191223382949829102e-01
5.539549589157104492e-01
4.150662124156951904e-01
3.697922825813293457e-01
3.268091082572937012e-01
3.389689922332763672e-01
4.375422596931457520e-01
5.131556987762451172e-01
4.989216625690460205e-01
5.800012350082397461e-01
8.521244525909423828e-01
9.669299125671386719e-01
8.585528731346130371e-01
5.999182462692260742e-01
8.037978410720825195e-01
9.048712253570556641e-01
7.198619246482849121e-01
7.420772910118103027e-01
1.352735519409179688e+00
1.656504631042480469e+00
1.409582376480102539e+00
2.242680072784423828e+00
1.750137805938720703e+00
2.219732552766799927e-01
6.594756841659545898e-01
1.719914555549621582e+00
2.559282302856445312e+00
1.522359848022460938e+00
1.569066286087036133e+00
1.719102263450622559e+00
9.321307539939880371e-01
4.395604133605957031e-01
5.743542909622192383e-01
5.686035156250000000e-01
9.242402911186218262e-01
6.980609297752380371e-01
7.451932430267333984e-01
7.626897096633911133e-01
6.663576364517211914e-01
5.426068305969238281e-01
5.619757771492004395e-01
3.927130401134490967e-01
6.074165105819702148e-01
7.863037586212158203e-01
1.047528982162475586e+00
5.270678400993347168e-01
2.218559235334396362e-01
5.690891742706298828e-01
4.088514149188995361e-01
3.696625828742980957e-01
8.250315189361572266e-01
6.576492786407470703e-01
6.417782306671142578e-01
5.570920705795288086e-01
4.590302705764770508e-01
5.974510908126831055e-01
3.272990882396697998e-01
4.037669003009796143e-01
7.893421649932861328e-01
7.524278163909912109e-01
5.893266201019287109e-01
4.031609296798706055e-01
3.409764170646667480e-01
4.506173729896545410e-01
5.050957798957824707e-01
5.350033640861511230e-01
4.261408746242523193e-01
2.572405040264129639e-01
3.572133183479309082e-01
3.388132750988006592e-01
5.046776533126831055e-01
4.596574306488037109e-01
2.447326481342315674e-01
5.250315666198730469e-01
8.971083164215087891e-01
4.958239197731018066e-01
5.197602510452270508e-01
4.189270436763763428e-01
2.650646567344665527e-01
4.574019908905029297e-01
4.013400971889495850e-01
7.206743955612182617e-01
9.670197367668151855e-01
9.570082426071166992e-01
3.343960642814636230e-01
4.363120198249816895e-01
2.832724452018737793e-01
5.226799845695495605e-01
4.330841004848480225e-01
3.169915974140167236e-01
3.628026545047760010e-01
5.659087896347045898e-01
2.779206335544586182e-01
5.447212457656860352e-01
7.455627918243408203e-01
7.038149237632751465e-01
3.784922957420349121e-01
4.313537478446960449e-01
9.397989511489868164e-01
1.026973009109497070e+00
7.297126054763793945e-01
7.076138257980346680e-01
4.629469513893127441e-01
4.835265874862670898e-01
4.822558760643005371e-01
6.581029295921325684e-01
6.231822371482849121e-01
4.479707479476928711e-01
4.681998491287231445e-01
4.439987242221832275e-01
3.995600640773773193e-01
3.142331540584564209e-01
6.047243475914001465e-01
5.637379884719848633e-01
5.146318674087524414e-01
5.735282301902770996e-01
3.886559605598449707e-01
2.488743960857391357e-01
4.962902665138244629e-01
6.634671688079833984e-01
3.850599527359008789e-01
2.815453112125396729e-01
4.435939192771911621e-01
3.066022694110870361e-01
5.435575246810913086e-01
6.906760931015014648e-01
8.960449695587158203e-01
8.525645732879638672e-01
5.565314888954162598e-01
3.564013540744781494e-01
3.844598531723022461e-01
2.635436654090881348e-01
3.211736381053924561e-01
5.263699293136596680e-01
4.264068603515625000e-01
4.297514855861663818e-01
4.128131568431854248e-01
3.534165620803833008e-01
4.441070854663848877e-01
5.821709632873535156e-01
3.043587505817413330e-01
4.633285403251647949e-01
5.359755754470825195e-01
3.467451930046081543e-01
3.750516772270202637e-01
4.394271075725555420e-01
3.935065269470214844e-01
4.619065225124359131e-01
5.317753553390502930e-01
4.430574476718902588e-01
6.608468890190124512e-01
9.146893024444580078e-01
8.775343298912048340e-01
6.915504336357116699e-01
3.091498911380767822e-01
3.217885792255401611e-01
3.637771010398864746e-01
5.889866948127746582e-01
3.807154297828674316e-01
6.608963012695312500e-01
8.932949304580688477e-01
1.029186606407165527e+00
9.812714457511901855e-01
4.642296135425567627e-01
3.787683844566345215e-01
5.409655570983886719e-01
5.654683113098144531e-01
4.369794130325317383e-01
4.943334460258483887e-01
5.333364009857177734e-01
4.300791621208190918e-01
3.304522037506103516e-01
4.866325259208679199e-01
4.219078421592712402e-01
2.849831879138946533e-01
3.216171562671661377e-01
4.861164391040802002e-01
4.312368035316467285e-01
4.663998484611511230e-01
3.721058368682861328e-01
4.596309661865234375e-01
5.665926933288574219e-01
5.413041710853576660e-01
6.171828508377075195e-01
5.815148353576660156e-01
5.998122096061706543e-01
4.540806412696838379e-01
2.745223343372344971e-01
3.731562197208404541e-01
3.464093208312988281e-01
4.757713675498962402e-01
5.826106071472167969e-01
3.695299327373504639e-01
3.192162513732910156e-01
3.561204969882965088e-01
2.432733774185180664e-01
5.509833693504333496e-01
1.173759222030639648e+00
1.360197424888610840e+00
1.231407642364501953e+00
9.666890501976013184e-01
8.989744186401367188e-01
7.060700654983520508e-01
4.557408988475799561e-01
3.032996356487274170e-01
6.416976451873779297e-01
5.509176254272460938e-01
7.012188434600830078e-01
4.865799546241760254e-01
2.937678694725036621e-01
4.328963458538055420e-01
5.274095535278320312e-01
6.040705442428588867e-01
3.541856408119201660e-01
5.698614120483398438e-01
6.241794824600219727e-01
6.241825222969055176e-01
9.675856232643127441e-01
9.550986289978027344e-01
5.773579478263854980e-01
3.017691969871520996e-01
4.025270342826843262e-01
3.712199032306671143e-01
4.298976063728332520e-01
3.851433992385864258e-01
5.816015601158142090e-01
5.877552628517150879e-01
3.852002024650573730e-01
4.831404387950897217e-01
4.363171160221099854e-01
3.083365559577941895e-01
3.331071734428405762e-01
3.225230872631072998e-01
4.576151371002197266e-01
4.370322525501251221e-01
3.277516961097717285e-01
4.005857706069946289e-01
2.953142523765563965e-01
2.332989722490310669e-01
6.375678181648254395e-01
7.015175819396972656e-01
8.178181648254394531e-01
7.386185526847839355e-01
3.748991489410400391e-01
4.287813305854797363e-01
7.284344434738159180e-01
8.704189062118530273e-01
5.564268827438354492e-01
4.913828372955322266e-01
4.049413204193115234e-01
3.017490804195404053e-01
4.386413693428039551e-01
3.820586204528808594e-01
2.806380391120910645e-01
4.527947902679443359e-01
5.749325752258300781e-01
5.998689532279968262e-01
3.672700524330139160e-01
5.622199177742004395e-01
4.284363389015197754e-01
2.319324612617492676e-01
3.418993949890136719e-01
3.044507801532745361e-01
6.183340549468994141e-01
7.232238054275512695e-01
9.064583778381347656e-01
2.712757587432861328e-01
4.492283165454864502e-01
5.240143537521362305e-01
3.130764067173004150e-01
2.873066365718841553e-01
3.075985014438629150e-01
3.096263110637664795e-01
2.726984024047851562e-01
4.848175048828125000e-01
6.959411501884460449e-01
4.783789217472076416e-01
3.642544150352478027e-01
3.329958319664001465e-01
2.339526563882827759e-01
4.561484456062316895e-01
5.339816212654113770e-01
3.054833710193634033e-01
2.800116539001464844e-01
2.814809679985046387e-01
2.036804854869842529e-01
1.559223234653472900e-01
5.644887089729309082e-01
5.507166981697082520e-01
1.111807703971862793e+00
9.848666787147521973e-01
9.773511290550231934e-01
5.646554231643676758e-01
3.122651576995849609e-01
3.780585527420043945e-01
3.806647360324859619e-01
9.478771090507507324e-01
1.520609617233276367e+00
1.123215675354003906e+00
4.175288677215576172e-01
6.880901455879211426e-01
5.815674066543579102e-01
6.639332771301269531e-01
4.510359466075897217e-01
6.628866195678710938e-01
7.079538702964782715e-01
3.393385410308837891e-01
3.343203067779541016e-01
4.928955733776092529e-01
4.524003863334655762e-01
3.107917308807373047e-01
4.732984006404876709e-01
3.824318051338195801e-01
4.261051118373870850e-01
3.325912058353424072e-01
3.839173614978790283e-01
3.950609266757965088e-01
3.258482813835144043e-01
3.700267374515533447e-01
2.384421080350875854e-01
4.984511435031890869e-01
5.534356236457824707e-01
6.190999150276184082e-01
1.125492930412292480e+00
1.395108342170715332e+00
6.075236797332763672e-01
4.531469643115997314e-01
3.482325077056884766e-01
4.627167880535125732e-01
4.947636127471923828e-01
5.779225230216979980e-01
8.932797908782958984e-01
7.360488176345825195e-01
4.396498799324035645e-01
2.877153158187866211e-01
3.607316315174102783e-01
4.125337898731231689e-01
3.172594904899597168e-01
3.184157609939575195e-01
3.324644565582275391e-01
3.232461810111999512e-01
2.609196901321411133e-01
3.636336028575897217e-01
5.192274451255798340e-01
8.392707109451293945e-01
1.092177152633666992e+00
1.035978317260742188e+00
1.212546825408935547e+00
1.556179523468017578e+00
8.789724111557006836e-01
8.779249191284179688e-01
1.259806990623474121e+00
5.995128750801086426e-01
4.538568854331970215e-01
3.956328630447387695e-01
3.869497776031494141e-01
3.256016969680786133e-01
4.179024696350097656e-01
4.146971404552459717e-01
3.566592335700988770e-01
4.046131372451782227e-01
4.838404059410095215e-01
4.349070787429809570e-01
5.007906556129455566e-01
4.235545098781585693e-01
4.197046160697937012e-01
5.570645332336425781e-01
4.823435246944427490e-01
4.006792306900024414e-01
4.154927730560302734e-01
5.132323503494262695e-01
8.952687382698059082e-01
7.854436635971069336e-01
4.695997834205627441e-01
4.502964019775390625e-01
4.468013346195220947e-01
5.454345941543579102e-01
4.626809358596801758e-01
3.859454989433288574e-01
3.175020813941955566e-01
4.577774703502655029e-01
3.674593567848205566e-01
3.452935814857482910e-01
2.601834535598754883e-01
3.151429891586303711e-01
2.950615584850311279e-01
4.059451818466186523e-01
9.915038347244262695e-01
1.433347105979919434e+00
4.851095080375671387e-01
2.991011142730712891e-01
3.613132238388061523e-01
4.956157803535461426e-01
3.116045594215393066e-01
3.595660030841827393e-01
4.578229784965515137e-01
5.896153450012207031e-01
2.616815567016601562e-01
3.528745472431182861e-01
4.489631652832031250e-01
4.629009068012237549e-01
2.895995378494262695e-01
2.373265624046325684e-01
2.566504478454589844e-01
4.343975782394409180e-01
4.522144794464111328e-01
5.832244157791137695e-01
4.796007275581359863e-01
3.104023039340972900e-01
2.963717281818389893e-01
3.811940550804138184e-01
3.440674543380737305e-01
3.574930429458618164e-01
2.754769623279571533e-01
3.533058166503906250e-01
2.853272557258605957e-01
2.746114134788513184e-01
3.666124641895294189e-01
4.960768520832061768e-01
2.994014918804168701e-01
2.659330964088439941e-01
3.612281680107116699e-01
3.156378269195556641e-01
3.357814848423004150e-01
1.781636923551559448e-01
3.828737735748291016e-01
3.281280398368835449e-01
3.123008310794830322e-01
4.431346058845520020e-01
4.270079135894775391e-01
4.162783920764923096e-01
3.712235689163208008e-01
4.257340431213378906e-01
3.039694428443908691e-01
3.510704636573791504e-01
3.260643482208251953e-01
4.470664560794830322e-01
3.794461786746978760e-01
4.133247435092926025e-01
5.703510642051696777e-01
6.117216944694519043e-01
1.592555046081542969e-01
3.961420059204101562e-01
3.611542582511901855e-01
3.155995607376098633e-01
2.331451624631881714e-01
2.390845715999603271e-01
3.677385449409484863e-01
3.097285032272338867e-01
2.541613280773162842e-01
3.796504139900207520e-01
2.314158082008361816e-01
2.304177582263946533e-01
2.970361709594726562e-01
3.072068095207214355e-01
4.281076192855834961e-01
3.659730553627014160e-01
2.663138508796691895e-01
2.177349925041198730e-01
3.669465184211730957e-01
3.328909873962402344e-01
4.423227608203887939e-01
4.375368952751159668e-01
8.051515817642211914e-01
9.161567091941833496e-01
1.137179493904113770e+00
1.794987797737121582e+00
1.109152555465698242e+00
1.441395044326782227e+00
5.256360530853271484e+00
1.555128097534179688e+00
1.668153524398803711e+00
2.321424007415771484e+00
2.426179885864257812e+00
1.915791034698486328e+00
1.658165693283081055e+00
1.374470353126525879e+00
1.342868566513061523e+00
1.047170042991638184e+00
1.024137854576110840e+00
6.484931707382202148e-01
7.778997421264648438e-01
5.936812162399291992e-01
5.833967328071594238e-01
5.300486087799072266e-01
4.254236221313476562e-01
4.814397692680358887e-01
6.092471480369567871e-01
6.668943166732788086e-01
7.496792078018188477e-01
1.425506234169006348e+00
1.852668166160583496e+00
8.321019411087036133e-01
3.938945829868316650e-01
5.497469305992126465e-01
6.556529998779296875e-01
6.696202158927917480e-01
6.836645603179931641e-01
6.148499250411987305e-01
7.124802470207214355e-01
4.409040212631225586e-01
4.905902445316314697e-01
3.340949416160583496e-01
4.839733541011810303e-01
3.842917084693908691e-01
3.810506463050842285e-01
3.864156305789947510e-01
3.568347096443176270e-01
5.033487081527709961e-01
4.660990536212921143e-01
5.104802846908569336e-01
6.462177634239196777e-01
5.781456232070922852e-01
5.301183462142944336e-01
3.707318305969238281e-01
3.840209245681762695e-01
3.609097898006439209e-01
4.786922633647918701e-01
4.334006607532501221e-01
4.773228764533996582e-01
4.576435685157775879e-01
2.664603590965270996e-01
2.255138158798217773e-01
3.286705315113067627e-01
4.085784554481506348e-01
4.897653460502624512e-01
4.816669523715972900e-01
3.676910400390625000e-01
4.800988435745239258e-01
5.632393360137939453e-01
3.768326938152313232e-01
3.566362261772155762e-01
2.537234127521514893e-01
2.745350599288940430e-01
3.574236333370208740e-01
4.837072491645812988e-01
5.153170824050903320e-01
4.919084310531616211e-01
2.215749174356460571e-01
2.647839784622192383e-01
3.948830068111419678e-01
2.934819459915161133e-01
4.497345089912414551e-01
4.527594745159149170e-01
2.436329275369644165e-01
2.912824451923370361e-01
2.828130125999450684e-01
3.545662164688110352e-01
4.237074255943298340e-01
4.748594462871551514e-01
3.759589791297912598e-01
2.644288241863250732e-01
4.259433150291442871e-01
3.637038171291351318e-01
5.317375063896179199e-01
3.520237803459167480e-01
3.338965773582458496e-01
4.374579787254333496e-01
2.714318037033081055e-01
4.315872788429260254e-01
3.042109906673431396e-01
4.066305160522460938e-01
4.668020904064178467e-01
2.820525765419006348e-01
3.808739781379699707e-01
3.460741639137268066e-01
2.687851786613464355e-01
4.689162373542785645e-01
4.187458455562591553e-01
2.854715287685394287e-01
3.733121156692504883e-01
4.028973281383514404e-01
2.989017963409423828e-01
3.624787926673889160e-01
6.052408218383789062e-01
1.127719640731811523e+00
1.209299564361572266e+00
2.069064140319824219e+00
3.614675760269165039e+00
7.465243339538574219e-01
7.114465832710266113e-01
1.522643566131591797e+00
7.481396794319152832e-01
6.353228092193603516e-01
4.662512540817260742e-01
5.459326505661010742e-01
5.152907371520996094e-01
9.024534821510314941e-01
9.770022630691528320e-01
7.193991541862487793e-01
4.939858913421630859e-01
4.504902958869934082e-01
3.172392845153808594e-01
8.308407068252563477e-01
3.030693233013153076e-01
3.200326561927795410e-01
5.238390564918518066e-01
5.369049310684204102e-01
4.189751148223876953e-01
4.333061277866363525e-01
2.193827778100967407e-01
3.640871047973632812e-01
3.748059868812561035e-01
3.805789053440093994e-01
2.434215247631072998e-01
3.697385191917419434e-01
3.729544878005981445e-01
5.404077768325805664e-01
6.862888336181640625e-01
8.031492233276367188e-01
6.505760550498962402e-01
3.770343065261840820e-01
4.050192832946777344e-01
4.611835479736328125e-01
7.300333976745605469e-01
7.848727703094482422e-01
1.112211942672729492e+00
2.468523740768432617e+00
1.021609067916870117e+00
2.475474596023559570e+00
2.471915483474731445e+00
6.005192995071411133e-01
5.583158731460571289e-01
8.299639821052551270e-01
1.165560126304626465e+00
1.279946446418762207e+00
1.375742197036743164e+00
9.330694675445556641e-01
3.774473071098327637e-01
5.194255113601684570e-01
7.673618793487548828e-01
5.005270838737487793e-01
6.877249479293823242e-01
4.150958657264709473e-01
4.658582210540771484e-01
6.864912509918212891e-01
2.689630389213562012e-01
4.234579503536224365e-01
6.562252044677734375e-01
7.770802974700927734e-01
8.466818928718566895e-01
5.205470323562622070e-01
3.114172816276550293e-01
5.051827430725097656e-01
3.742297887802124023e-01
4.399877786636352539e-01
3.293998539447784424e-01
6.745724678039550781e-01
4.831291437149047852e-01
4.417788088321685791e-01
4.631968736648559570e-01
3.713958561420440674e-01
5.491552352905273438e-01
4.625690877437591553e-01
6.254675388336181641e-01
5.060114264488220215e-01
3.502541780471801758e-01
5.483618974685668945e-01
4.662196040153503418e-01
2.364775389432907104e-01
2.546418309211730957e-01
3.369526565074920654e-01
5.916757583618164062e-01
6.343655586242675781e-01
6.016976237297058105e-01
2.282344400882720947e-01
1.963630020618438721e-01
3.673772811889648438e-01
3.505970239639282227e-01
2.938362658023834229e-01
2.752060294151306152e-01
3.090834617614746094e-01
2.795297205448150635e-01
3.024631142616271973e-01
3.451347351074218750e-01
3.090795576572418213e-01
3.751911520957946777e-01
4.502069950103759766e-01
8.636254668235778809e-01
9.270544052124023438e-01
5.746998786926269531e-01
6.313604116439819336e-01
8.124070763587951660e-01
3.825191259384155273e-01
2.319785952568054199e-01
4.973389804363250732e-01
5.172897577285766602e-01
2.454001009464263916e-01
4.273930191993713379e-01
7.215819954872131348e-01
9.546300172805786133e-01
1.246541619300842285e+00
9.712936878204345703e-01
2.432686567306518555e+00
3.282955646514892578e+00
6.482072472572326660e-01
8.888598680496215820e-01
1.364615559577941895e+00
7.867444157600402832e-01
6.858175992965698242e-01
5.141324996948242188e-01
6.865242719650268555e-01
1.163728713989257812e+00
1.264178276062011719e+00
5.698807835578918457e-01
2.936805486679077148e-01
2.769775986671447754e-01
7.706282138824462891e-01
6.848388314247131348e-01
3.988690376281738281e-01
5.038638114929199219e-01
6.507939100265502930e-01
6.104050874710083008e-01
4.260530471801757812e-01
3.685051202774047852e-01
4.476208686828613281e-01
4.285631775856018066e-01
4.371615052223205566e-01
3.068870902061462402e-01
3.989329338073730469e-01
3.560904860496520996e-01
4.019529819488525391e-01
3.657211065292358398e-01
3.240942060947418213e-01
4.098598659038543701e-01
3.870792984962463379e-01
4.201102852821350098e-01
3.942962288856506348e-01
3.434391319751739502e-01
3.846381306648254395e-01
2.776163220405578613e-01
4.858762621879577637e-01
4.135860204696655273e-01
4.126763343811035156e-01
4.093288779258728027e-01
2.832907736301422119e-01
3.327562510967254639e-01
3.190797567367553711e-01
3.647960424423217773e-01
2.565566897392272949e-01
3.536681532859802246e-01
4.550718069076538086e-01
4.754899740219116211e-01
3.506803214550018311e-01
2.475176751613616943e-01
2.568778395652770996e-01
2.955907583236694336e-01
3.574195504188537598e-01
2.843980193138122559e-01
2.797207534313201904e-01
3.038931190967559814e-01
2.511015534400939941e-01
2.717378139495849609e-01
3.266407549381256104e-01
2.783198356628417969e-01
3.053959012031555176e-01
3.067175447940826416e-01
3.121035099029541016e-01
2.165737599134445190e-01
4.159467220306396484e-01
5.034828186035156250e-01
5.328004360198974609e-01
4.370688199996948242e-01
2.544783353805541992e-01
2.116307914257049561e-01
2.708578705787658691e-01
3.195161819458007812e-01
3.390129804611206055e-01
5.300385951995849609e-01
6.515799164772033691e-01
4.547861218452453613e-01
4.477607905864715576e-01
7.383037209510803223e-01
7.537324428558349609e-01
7.429751157760620117e-01
1.000069618225097656e+00
2.129515409469604492e+00
1.403097629547119141e+00
1.373117089271545410e+00
2.096136569976806641e+00
2.040190458297729492e+00
8.940773010253906250e-01
4.903175830841064453e-01
5.326529741287231445e-01
5.483537316322326660e-01
4.330611228942871094e-01
6.741811633110046387e-01
7.922358512878417969e-01
6.841882467269897461e-01
5.420464277267456055e-01
4.059242308139801025e-01
4.285010099411010742e-01
6.534501314163208008e-01
7.730261087417602539e-01
1.071676135063171387e+00
8.066886067390441895e-01
5.980827808380126953e-01
4.381757974624633789e-01
2.930551469326019287e-01
5.611439943313598633e-01
2.844163775444030762e-01
4.605772495269775391e-01
3.494701087474822998e-01
5.936774015426635742e-01
3.735881745815277100e-01
3.290468156337738037e-01
2.863035202026367188e-01
3.527457118034362793e-01
4.360249638557434082e-01
3.771916925907135010e-01
4.217727184295654297e-01
4.587258398532867432e-01
2.200172543525695801e-01
2.748592495918273926e-01
2.525352835655212402e-01
3.407356142997741699e-01
4.073905944824218750e-01
3.681782484054565430e-01
3.169333934783935547e-01
3.590966463088989258e-01
3.433099985122680664e-01
3.394692838191986084e-01
4.094176292419433594e-01
3.461616635322570801e-01
3.204890489578247070e-01
4.353478550910949707e-01
3.445830047130584717e-01
2.184116542339324951e-01
3.533779680728912354e-01
3.886205554008483887e-01
3.910926282405853271e-01
1.924608498811721802e-01
6.907535195350646973e-01
1.487653613090515137e+00
1.091563582420349121e+00
4.253497719764709473e-01
4.483809471130371094e-01
7.374555468559265137e-01
5.844557881355285645e-01
3.993687331676483154e-01
4.871374964714050293e-01
4.874445199966430664e-01
4.899975061416625977e-01
6.254198551177978516e-01
4.927356243133544922e-01
4.071720838546752930e-01
2.973727285861968994e-01
3.422211408615112305e-01
5.111433863639831543e-01
4.978424310684204102e-01
5.439845323562622070e-01
6.254765987396240234e-01
4.383800625801086426e-01
6.070929169654846191e-01
5.940229296684265137e-01
4.223858714103698730e-01
5.027546882629394531e-01
4.190418720245361328e-01
3.043735623359680176e-01
2.961118221282958984e-01
2.670732736587524414e-01
3.898558616638183594e-01
3.064559996128082275e-01
2.969720363616943359e-01
3.099082708358764648e-01
2.899128794670104980e-01
3.210238218307495117e-01
3.295703530311584473e-01
3.777458965778350830e-01
3.088355064392089844e-01
3.526418805122375488e-01
3.180262744426727295e-01
2.537329792976379395e-01
3.878597319126129150e-01
2.759467363357543945e-01
3.278614878654479980e-01
3.158172369003295898e-01
2.888943254947662354e-01
7.620484828948974609e-01
1.504648327827453613e+00
1.165878176689147949e+00
1.357554197311401367e+00
2.335451364517211914e+00
7.146400213241577148e-01
3.024914860725402832e-01
1.725882589817047119e-01
2.975029945373535156e-01
4.233755469322204590e-01
4.950120151042938232e-01
7.308403849601745605e-01
1.077029347419738770e+00
1.307520627975463867e+00
1.099511504173278809e+00
5.473473668098449707e-01
2.713492512702941895e-01
2.641717195510864258e-01
4.237245619297027588e-01
5.376709103584289551e-01
7.562333345413208008e-01
7.941580414772033691e-01
3.424021601676940918e-01
4.017704725265502930e-01
4.258770942687988281e-01
3.968450427055358887e-01
5.286767482757568359e-01
4.296049177646636963e-01
4.616380929946899414e-01
4.044961929321289062e-01
5.197666883468627930e-01
4.084525108337402344e-01
3.644378781318664551e-01
3.551436364650726318e-01
3.814388811588287354e-01
4.058136940002441406e-01
4.977748990058898926e-01
3.852348327636718750e-01
2.375890612602233887e-01
4.223804473876953125e-01
5.505713820457458496e-01
4.304723143577575684e-01
3.871460855007171631e-01
6.031739711761474609e-01
1.168574094772338867e+00
9.356976151466369629e-01
8.980636596679687500e-01
1.031397104263305664e+00
1.067304253578186035e+00
7.206131815910339355e-01
4.108659327030181885e-01
5.347722768783569336e-01
3.494114279747009277e-01
4.292199611663818359e-01
4.690024852752685547e-01
5.694386363029479980e-01
3.963360190391540527e-01
4.936199188232421875e-01
3.274022042751312256e-01
2.319156974554061890e-01
4.009266793727874756e-01
6.101894378662109375e-01
5.515016317367553711e-01
5.864666104316711426e-01
3.384916782379150391e-01
3.328034281730651855e-01
3.743933439254760742e-01
3.456525802612304688e-01
6.609438657760620117e-01
5.885634422302246094e-01
2.865914106369018555e-01
3.097796440124511719e-01
3.493083715438842773e-01
4.529150724411010742e-01
5.616533756256103516e-01
2.533267438411712646e-01
4.382107853889465332e-01
4.281620383262634277e-01
2.341358065605163574e-01
2.957268953323364258e-01
3.422368168830871582e-01
3.350947797298431396e-01
3.454563021659851074e-01
3.700899481773376465e-01
2.947488427162170410e-01
4.751184880733489990e-01
8.111127018928527832e-01
7.913725972175598145e-01
6.546146273612976074e-01
6.957406997680664062e-01
6.391847729682922363e-01
3.975645005702972412e-01
3.469306528568267822e-01
2.575137317180633545e-01
4.239029288291931152e-01
3.846465051174163818e-01
4.514387845993041992e-01
1.751214265823364258e-01
2.877608835697174072e-01
4.240741729736328125e-01
9.261360168457031250e-01
4.862253069877624512e-01
4.594793021678924561e-01
8.773525357246398926e-01
5.092695951461791992e-01
2.693318426609039307e-01
3.683221936225891113e-01
5.587505102157592773e-01
5.768285989761352539e-01
6.138083934783935547e-01
3.220840990543365479e-01
3.799305260181427002e-01
3.537556529045104980e-01
3.871888518333435059e-01
3.542904257774353027e-01
4.815526604652404785e-01
5.447217822074890137e-01
4.259544909000396729e-01
3.509916067123413086e-01
3.830339610576629639e-01
3.122120201587677002e-01
3.081029951572418213e-01
3.108070790767669678e-01
3.803632259368896484e-01
4.142850637435913086e-01
3.843766152858734131e-01
4.938835203647613525e-01
3.967848122119903564e-01
3.692938387393951416e-01
3.594017624855041504e-01
2.506993412971496582e-01
1.177814453840255737e-01
3.701267242431640625e-01
2.921801507472991943e-01
1.906278729438781738e-01
3.058185875415802002e-01
3.972519040107727051e-01
2.868536710739135742e-01
3.003622293472290039e-01
4.234966039657592773e-01
3.648569583892822266e-01
3.390541076660156250e-01
2.597059607505798340e-01
2.378490120172500610e-01
4.753116965293884277e-01
5.436843037605285645e-01
3.056116104125976562e-01
2.726670503616333008e-01
3.290813863277435303e-01
3.771938085556030273e-01
5.328474044799804688e-01
3.954445421695709229e-01
2.625701427459716797e-01
2.640064954757690430e-01
2.021439373493194580e-01
4.029630720615386963e-01
3.653211891651153564e-01
3.301934897899627686e-01
5.385895371437072754e-01
2.802234888076782227e-01
5.136522054672241211e-01
6.283302307128906250e-01
7.104363441467285156e-01
6.692382693290710449e-01
7.802841663360595703e-01
1.256455183029174805e+00
1.653424859046936035e+00
2.477197885513305664e+00
3.027094602584838867e+00
2.353589296340942383e+00
1.490500211715698242e+00
6.918165683746337891e-01
8.068198561668395996e-01
8.726036548614501953e-01
8.817412853240966797e-01
1.717564105987548828e+00
2.090932130813598633e+00
8.222978711128234863e-01
2.914855480194091797e-01
6.046236157417297363e-01
5.488225221633911133e-01
5.355082750320434570e-01
8.834695219993591309e-01
5.284329652786254883e-01
4.808079004287719727e-01
7.393202185630798340e-01
8.418117761611938477e-01
8.577511906623840332e-01
5.159336924552917480e-01
4.585188627243041992e-01
4.344854652881622314e-01
4.104761779308319092e-01
5.225489139556884766e-01
5.386365652084350586e-01
7.620421648025512695e-01
2.838740944862365723e-01
3.231497406959533691e-01
5.228276848793029785e-01
4.231712818145751953e-01
5.502453446388244629e-01
5.794337987899780273e-01
3.796803653240203857e-01
3.071248531341552734e-01
2.630302906036376953e-01
3.892779350280761719e-01
4.386491179466247559e-01
4.631984829902648926e-01
3.698857426643371582e-01
1.830361783504486084e-01
3.536496758460998535e-01
5.684931874275207520e-01
5.949158668518066406e-01
5.004175305366516113e-01
1.594194471836090088e-01
4.076774120330810547e-01
7.964618206024169922e-01
5.174400210380554199e-01
6.186031699180603027e-01
3.677327036857604980e-01
3.162771463394165039e-01
5.665130615234375000e-01
2.865446507930755615e-01
3.393672108650207520e-01
4.773511886596679688e-01
3.551367223262786865e-01
3.763321340084075928e-01
4.115146398544311523e-01
4.327390193939208984e-01
3.976060152053833008e-01
3.435227870941162109e-01
3.139216303825378418e-01
3.180906176567077637e-01
5.311658382415771484e-01
7.935109734535217285e-01
7.813173532485961914e-01
5.948626399040222168e-01
5.262019038200378418e-01
3.281771242618560791e-01
2.505193948745727539e-01
2.245238423347473145e-01
3.107475638389587402e-01
2.789996266365051270e-01
5.624885559082031250e-01
4.090400934219360352e-01
4.199670553207397461e-01
3.023683726787567139e-01
3.009232878684997559e-01
2.975163459777832031e-01
3.225401639938354492e-01
4.044098258018493652e-01
5.440573692321777344e-01
4.846560657024383545e-01
3.301361203193664551e-01
3.904821872711181641e-01
2.646448910236358643e-01
2.392018586397171021e-01
3.007801175117492676e-01
2.703574001789093018e-01
3.488238751888275146e-01
2.959914207458496094e-01
4.865031540393829346e-01
4.656620919704437256e-01
2.923115789890289307e-01
5.453138351440429688e-01
6.150010228157043457e-01
7.458923459053039551e-01
5.656597018241882324e-01
3.073432445526123047e-01
1.269771158695220947e-01
4.102184176445007324e-01
4.696839749813079834e-01
3.695600032806396484e-01
2.920992374420166016e-01
3.782339692115783691e-01
5.767844319343566895e-01
8.997347354888916016e-01
6.302610635757446289e-01
3.105829358100891113e-01
4.490737915039062500e-01
3.929220736026763916e-01
3.919188976287841797e-01
3.384244441986083984e-01
3.841053545475006104e-01
3.157884478569030762e-01
2.954095602035522461e-01
3.161967396736145020e-01
3.353842496871948242e-01
5.177841782569885254e-01
4.538313746452331543e-01
3.191833198070526123e-01
4.510433673858642578e-01
2.666389644145965576e-01
3.312476873397827148e-01
2.491215318441390991e-01
2.732006311416625977e-01
2.911388278007507324e-01
3.936284184455871582e-01
3.232248127460479736e-01
3.847019672393798828e-01
2.521701157093048096e-01
3.133774399757385254e-01
4.434060752391815186e-01
3.039017319679260254e-01
3.167720437049865723e-01
2.990705966949462891e-01
2.531557083129882812e-01
2.812229990959167480e-01
4.490986168384552002e-01
3.664586246013641357e-01
5.823872685432434082e-01
1.114230155944824219e+00
1.764625072479248047e+00
5.508698821067810059e-01
2.303476035594940186e-01
2.666547000408172607e-01
3.200940787792205811e-01
5.008881092071533203e-01
1.152055144309997559e+00
1.163423776626586914e+00
7.236084342002868652e-01
6.715795993804931641e-01
5.355052947998046875e-01
3.979790210723876953e-01
2.579833269119262695e-01
3.040391206741333008e-01
4.225863516330718994e-01
3.465610146522521973e-01
3.376535773277282715e-01
3.287182748317718506e-01
4.062682390213012695e-01
2.254870533943176270e-01
3.021554350852966309e-01
3.543221354484558105e-01
3.465806841850280762e-01
3.746710717678070068e-01
5.482307076454162598e-01
3.397631943225860596e-01
2.461503744125366211e-01
3.206911087036132812e-01
2.780787050724029541e-01
2.148302197456359863e-01
5.603263974189758301e-01
4.123218059539794922e-01
3.093891739845275879e-01
1.554199457168579102e-01
1.678536534309387207e-01
3.772343099117279053e-01
6.178578138351440430e-01
5.574225187301635742e-01
6.335102319717407227e-01
3.907792568206787109e-01
2.679571509361267090e-01
2.090524286031723022e-01
2.375219762325286865e-01
2.198256850242614746e-01
3.562736809253692627e-01
6.310648918151855469e-01
4.401724338531494141e-01
4.444764256477355957e-01
1.737148761749267578e-01
7.021760344505310059e-01
1.468101501464843750e+00
1.812826514244079590e+00
5.796769857406616211e-01
4.075569212436676025e-01
6.836295723915100098e-01
1.709587931632995605e+00
2.134191274642944336e+00
6.123280525207519531e-01
2.989887893199920654e-01
5.483458638191223145e-01
4.447095394134521484e-01
6.119511723518371582e-01
5.627258419990539551e-01
5.243947505950927734e-01
4.457424283027648926e-01
3.279818892478942871e-01
4.232274889945983887e-01
3.824045062065124512e-01
4.029916524887084961e-01
4.682666659355163574e-01
4.291546046733856201e-01
3.106969296932220459e-01
5.131006836891174316e-01
4.141063392162322998e-01
4.287143945693969727e-01
3.372741341590881348e-01
4.129699468612670898e-01
4.001208543777465820e-01
5.101432800292968750e-01
3.440263569355010986e-01
4.580259323120117188e-01
3.097860217094421387e-01
2.590670883655548096e-01
2.462981194257736206e-01
2.892528474330902100e-01
3.450078070163726807e-01
2.863461971282958984e-01
3.241949081420898438e-01
2.558852434158325195e-01
4.324267506599426270e-01
3.746423125267028809e-01
2.874743342399597168e-01
2.825652956962585449e-01
3.461250662803649902e-01
5.122387409210205078e-01
4.395158886909484863e-01
6.589227318763732910e-01
6.561663746833801270e-01
3.384806215763092041e-01
2.809604108333587646e-01
1.476657092571258545e-01
2.831993103027343750e-01
2.027291208505630493e-01
4.851219952106475830e-01
3.300662040710449219e-01
3.430365920066833496e-01
3.016275465488433838e-01
3.274069130420684814e-01
2.668774127960205078e-01
2.841981351375579834e-01
3.553130924701690674e-01
4.514298737049102783e-01
4.467504620552062988e-01
6.623383164405822754e-01
7.566964030265808105e-01
6.185598373413085938e-01
5.191088914871215820e-01
4.221743047237396240e-01
3.015264868736267090e-01
2.812978029251098633e-01
1.595863848924636841e-01
2.206693589687347412e-01
2.019818127155303955e-01
4.746299982070922852e-01
6.081858873367309570e-01
4.996276497840881348e-01
5.634993910789489746e-01
4.406555891036987305e-01
3.198267817497253418e-01
3.851212263107299805e-01
2.902914285659790039e-01
3.676040768623352051e-01
3.235381841659545898e-01
4.101726114749908447e-01
4.805009067058563232e-01
4.562818706035614014e-01
2.573115527629852295e-01
3.653530180454254150e-01
2.776364684104919434e-01
5.254465937614440918e-01
7.478052973747253418e-01
9.236071705818176270e-01
4.631047248840332031e-01
1.996845901012420654e-01
3.217596411705017090e-01
4.880924820899963379e-01
5.770102739334106445e-01
3.791830539703369141e-01
2.449422478675842285e-01
3.511354923248291016e-01
2.487545609474182129e-01
4.601878821849822998e-01
4.226483702659606934e-01
4.356776773929595947e-01
3.413258492946624756e-01
3.574553728103637695e-01
2.812776565551757812e-01
1.636281162500381470e-01
1.973526030778884888e-01
3.078780770301818848e-01
1.387977451086044312e-01
4.907591044902801514e-01
7.368432283401489258e-01
8.313210010528564453e-01
6.792030334472656250e-01
5.992740988731384277e-01
3.060606122016906738e-01
4.432303309440612793e-01
6.605861186981201172e-01
6.810181140899658203e-01
4.836210012435913086e-01
3.986950516700744629e-01
3.663724958896636963e-01
3.969287276268005371e-01
4.427586793899536133e-01
3.714794516563415527e-01
2.715637683868408203e-01
2.905395030975341797e-01
3.293223381042480469e-01
3.533059358596801758e-01
3.476883769035339355e-01
3.499018847942352295e-01
1.717680841684341431e-01
3.346652388572692871e-01
4.186023473739624023e-01
4.920541048049926758e-01
4.690453410148620605e-01
2.973751723766326904e-01
3.315043449401855469e-01
2.882241606712341309e-01
4.380904734134674072e-01
6.305342912673950195e-01
1.309888124465942383e+00
1.915880203247070312e+00
2.621097564697265625e+00
3.975393533706665039e+00
1.498509883880615234e+00
9.974553585052490234e-01
8.600899577140808105e-01
6.828288435935974121e-01
7.302223443984985352e-01
8.176328539848327637e-01
1.029846429824829102e+00
1.521185278892517090e+00
1.036798238754272461e+00
9.016134738922119141e-01
6.684314012527465820e-01
3.955209553241729736e-01
3.918130695819854736e-01
6.983268857002258301e-01
5.516919493675231934e-01
4.618145525455474854e-01
5.267521739006042480e-01
3.422772884368896484e-01
6.411768794059753418e-01
8.499300479888916016e-01
4.900597631931304932e-01
3.090152740478515625e-01
4.739811122417449951e-01
3.592126965522766113e-01
5.767326354980468750e-01
1.122478365898132324e+00
1.269317388534545898e+00
6.573798060417175293e-01
8.052310943603515625e-01
8.656497597694396973e-01
6.667380332946777344e-01
2.281621694564819336e-01
4.855503737926483154e-01
3.179948329925537109e-01
5.370991230010986328e-01
5.520184040069580078e-01
5.036305189132690430e-01
5.575495362281799316e-01
3.840581774711608887e-01
5.265872478485107422e-01
4.255750775337219238e-01
4.455930590629577637e-01
4.687405824661254883e-01
4.074015617370605469e-01
3.606936633586883545e-01
3.929095268249511719e-01
3.912761509418487549e-01
2.431477904319763184e-01
3.290400207042694092e-01
4.489175975322723389e-01
4.379818737506866455e-01
2.920933961868286133e-01
4.928037524223327637e-01
3.836633265018463135e-01
3.839295506477355957e-01
1.775900870561599731e-01
3.072843849658966064e-01
4.703066945075988770e-01
3.652256131172180176e-01
7.084590792655944824e-01
7.787885665893554688e-01
4.975200295448303223e-01
4.494456052780151367e-01
4.397985339164733887e-01
2.625531852245330811e-01
4.214000403881072998e-01
3.865659534931182861e-01
2.360884845256805420e-01
2.522614896297454834e-01
3.957029879093170166e-01
3.397826850414276123e-01
4.720281660556793213e-01
2.546681165695190430e-01
4.505903422832489014e-01
4.455931484699249268e-01
1.794940829277038574e-01
1.999738663434982300e-01
4.952698647975921631e-01
8.975278139114379883e-01
6.744918823242187500e-01
2.086259126663208008e-01
4.879668056964874268e-01
2.487040758132934570e-01
3.070169091224670410e-01
2.256451100111007690e-01
1.944872438907623291e-01
2.906108498573303223e-01
3.513993024826049805e-01
2.676813304424285889e-01
3.447680473327636719e-01
3.504045605659484863e-01
3.060495555400848389e-01
3.253882527351379395e-01
2.878909111022949219e-01
2.594820261001586914e-01
1.802330315113067627e-01
4.971383810043334961e-01
4.065704941749572754e-01
3.082421720027923584e-01
1.796430051326751709e-01
2.068643569946289062e-01
2.165714800357818604e-01
3.317130208015441895e-01
4.526785016059875488e-01
2.988588213920593262e-01
3.837218284606933594e-01
2.575476765632629395e-01
3.539780974388122559e-01
3.398870825767517090e-01
2.847893834114074707e-01
2.773213088512420654e-01
4.430650174617767334e-01
3.997991383075714111e-01
6.216490864753723145e-01
9.753417372703552246e-01
1.388687014579772949e+00
1.530681014060974121e+00
7.877674698829650879e-01
3.994859158992767334e-01
3.617295026779174805e-01
4.748862683773040771e-01
6.276717185974121094e-01
7.990886569023132324e-01
7.678120732307434082e-01
5.170755386352539062e-01
3.717437982559204102e-01
4.590376317501068115e-01
4.662610292434692383e-01
3.560674786567687988e-01
3.956986367702484131e-01
3.326539695262908936e-01
4.705469012260437012e-01
2.944971024990081787e-01
4.213785231113433838e-01
2.589128017425537109e-01
2.765137553215026855e-01
2.722687423229217529e-01
3.621433973312377930e-01
3.230592012405395508e-01
2.787058651447296143e-01
2.740302979946136475e-01
4.098601937294006348e-01
5.609407424926757812e-01
4.868137538433074951e-01
2.395768761634826660e-01
2.488683164119720459e-01
2.732250690460205078e-01
2.554786801338195801e-01
3.581873178482055664e-01
3.673534393310546875e-01
2.825205624103546143e-01
5.031547546386718750e-01
3.144606947898864746e-01
3.428804874420166016e-01
4.491066634654998779e-01
5.201503634452819824e-01
5.392279028892517090e-01
1.029043078422546387e+00
1.922690033912658691e+00
8.117853403091430664e-01
3.169441521167755127e-01
3.712751269340515137e-01
5.005381107330322266e-01
5.485681295394897461e-01
6.529566049575805664e-01
7.056588530540466309e-01
5.903753042221069336e-01
2.824231982231140137e-01
6.223086118698120117e-01
1.043800115585327148e+00
7.998729944229125977e-01
5.773655772209167480e-01
4.473778605461120605e-01
4.405510723590850830e-01
4.275758862495422363e-01
2.292840480804443359e-01
2.654061615467071533e-01
5.864287614822387695e-01
3.560993969440460205e-01
3.966697454452514648e-01
3.869631886482238770e-01
5.734955072402954102e-01
5.747234821319580078e-01
4.378615617752075195e-01
1.970160454511642456e-01
2.512186765670776367e-01
3.956901133060455322e-01
4.276868999004364014e-01
3.838931918144226074e-01
2.031172960996627808e-01
2.264212220907211304e-01
2.125020921230316162e-01
2.376200556755065918e-01
2.719121277332305908e-01
2.615817785263061523e-01
5.362370014190673828e-01
5.939329862594604492e-01
4.698813855648040771e-01
2.657475471496582031e-01
2.087209522724151611e-01
3.516547679901123047e-01
3.887864947319030762e-01
3.095405697822570801e-01
3.569673299789428711e-01
2.914230823516845703e-01
4.445445537567138672e-01
6.522830724716186523e-01
6.046254634857177734e-01
4.566974043846130371e-01
3.319494724273681641e-01
2.963600754737854004e-01
3.870325088500976562e-01
3.251666426658630371e-01
3.961690962314605713e-01
4.743559956550598145e-01
2.587624788284301758e-01
2.141690701246261597e-01
3.674740195274353027e-01
1.955578029155731201e-01
2.662423849105834961e-01
2.828262448310852051e-01
3.565814495086669922e-01
4.618802368640899658e-01
5.806224346160888672e-01
4.426320493221282959e-01
1.718172580003738403e-01
2.982341945171356201e-01
1.933032572269439697e-01
1.567006111145019531e-01
3.841622471809387207e-01
4.534320235252380371e-01
2.265228927135467529e-01
7.718922495841979980e-01
1.042447209358215332e+00
8.604560494422912598e-01
2.688913345336914062e-01
4.389623701572418213e-01
4.666612744331359863e-01
5.660762786865234375e-01
6.093528270721435547e-01
4.939870536327362061e-01
3.394829630851745605e-01
3.187708556652069092e-01
3.288390338420867920e-01
2.723180353641510010e-01
2.699241638183593750e-01
2.880110442638397217e-01
4.223595857620239258e-01
2.786191403865814209e-01
3.439642786979675293e-01
2.451373934745788574e-01
2.007257640361785889e-01
2.107459008693695068e-01
2.843273282051086426e-01
2.739713788032531738e-01
2.432358413934707642e-01
2.877135872840881348e-01
4.362409412860870361e-01
4.848565161228179932e-01
3.582215905189514160e-01
3.135469555854797363e-01
2.459819316864013672e-01
2.737496495246887207e-01
2.181716859340667725e-01
2.568395733833312988e-01
3.229050934314727783e-01
1.853323876857757568e-01
1.951463222503662109e-01
2.918117344379425049e-01
3.502342104911804199e-01
2.778483033180236816e-01
2.548774480819702148e-01
2.871314883232116699e-01
2.335982918739318848e-01
2.641535401344299316e-01
2.136941254138946533e-01
1.729545295238494873e-01
5.592657923698425293e-01
6.723959445953369141e-01
3.247835934162139893e-01
3.723541200160980225e-01
7.296462059020996094e-01
7.697345614433288574e-01
8.746182322502136230e-01
6.468662023544311523e-01
5.521503686904907227e-01
3.205884695053100586e-01
4.301040768623352051e-01
5.779476165771484375e-01
6.485393047332763672e-01
4.111811816692352295e-01
2.486136555671691895e-01
1.963625997304916382e-01
3.078226447105407715e-01
3.091271817684173584e-01
2.737786173820495605e-01
3.108706474304199219e-01
2.383582144975662231e-01
3.064056932926177979e-01
2.422235459089279175e-01
3.916075527667999268e-01
1.101711764931678772e-01
3.961387872695922852e-01
6.640526652336120605e-01
5.466576218605041504e-01
2.234507799148559570e-01
3.988208472728729248e-01
3.144457340240478516e-01
2.664822936058044434e-01
3.004658818244934082e-01
2.707276642322540283e-01
3.900633156299591064e-01
3.715188503265380859e-01
2.385962605476379395e-01
2.926679253578186035e-01
3.208408355712890625e-01
2.599108219146728516e-01
3.010281920433044434e-01
3.699564933776855469e-01
3.196749091148376465e-01
3.118194043636322021e-01
2.194142341613769531e-01
3.565245270729064941e-01
5.060340762138366699e-01
5.135543346405029297e-01
2.755832672119140625e-01
2.227976620197296143e-01
3.990665972232818604e-01
6.559974551200866699e-01
4.999182224273681641e-01
7.091464400291442871e-01
7.710258960723876953e-01
8.407334089279174805e-01
1.714759767055511475e-01
9.447831511497497559e-01
3.346407413482666016e+00
3.792537450790405273e+00
2.355014562606811523e+00
1.870063066482543945e+00
1.707513451576232910e+00
1.042036652565002441e+00
8.365601301193237305e-01
4.716047644615173340e-01
6.964164972305297852e-01
1.161161422729492188e+00
8.373039960861206055e-01
9.002115726470947266e-01
4.482817053794860840e-01
4.911853969097137451e-01
4.953877329826354980e-01
3.798336088657379150e-01
4.974570870399475098e-01
3.160226941108703613e-01
3.144468665122985840e-01
3.945789635181427002e-01
3.626333475112915039e-01
3.251371085643768311e-01
3.271037638187408447e-01
3.290071487426757812e-01
5.049718022346496582e-01
4.375230073928833008e-01
3.293415904045104980e-01
4.706159234046936035e-01
2.797342538833618164e-01
4.543303847312927246e-01
4.187218844890594482e-01
3.645805120468139648e-01
3.469892740249633789e-01
2.162851095199584961e-01
2.663252949714660645e-01
2.606868743896484375e-01
4.520990550518035889e-01
4.832352995872497559e-01
4.435994625091552734e-01
4.115480184555053711e-01
3.594959676265716553e-01
5.554211139678955078e-01
4.155748188495635986e-01
1.863740831613540649e-01
2.498681098222732544e-01
2.616533935070037842e-01
3.987859785556793213e-01
5.020501613616943359e-01
4.031858444213867188e-01
1.916690766811370850e-01
3.316302299499511719e-01
3.601794540882110596e-01
2.989606261253356934e-01
3.635379672050476074e-01
3.632295131683349609e-01
5.639244318008422852e-01
4.329537749290466309e-01
5.611796379089355469e-01
4.054864346981048584e-01
2.114970684051513672e-01
1.753019839525222778e-01
3.679285645484924316e-01
3.773056268692016602e-01
3.480857908725738525e-01
2.591272592544555664e-01
4.839296638965606689e-01
6.271041035652160645e-01
5.018409490585327148e-01
3.028090000152587891e-01
4.280968904495239258e-01
5.578842759132385254e-01
8.351407051086425781e-01
8.122934103012084961e-01
9.139425754547119141e-01
8.685916066169738770e-01
3.191786706447601318e-01
4.773456454277038574e-01
5.598298907279968262e-01
5.107449293136596680e-01
3.336721062660217285e-01
3.052181601524353027e-01
2.759349644184112549e-01
4.302325248718261719e-01
3.740411996841430664e-01
2.329725623130798340e-01
4.731036424636840820e-01
3.238381445407867432e-01
4.198471903800964355e-01
4.677854180335998535e-01
3.714042305946350098e-01
3.974306881427764893e-01
2.909333705902099609e-01
5.116083025932312012e-01
2.391713559627532959e-01
3.950700759887695312e-01
5.122168064117431641e-01
4.041124582290649414e-01
3.040278553962707520e-01
2.781606912612915039e-01
3.057960867881774902e-01
2.576103210449218750e-01
2.733224630355834961e-01
2.830133140087127686e-01
2.872377038002014160e-01
2.766324281692504883e-01
2.148500978946685791e-01
1.751354932785034180e-01
2.223313450813293457e-01
3.073453903198242188e-01
2.607857882976531982e-01
3.578803837299346924e-01
2.522957921028137207e-01
3.543606400489807129e-01
4.348521828651428223e-01
3.089854121208190918e-01
3.218775987625122070e-01
3.682277798652648926e-01
3.207544684410095215e-01
2.865569889545440674e-01
2.720428705215454102e-01
2.534615397453308105e-01
3.675025701522827148e-01
2.396145015954971313e-01
2.290263324975967407e-01
1.995845735073089600e-01
2.776164412498474121e-01
2.445391565561294556e-01
2.431431710720062256e-01
2.589008510112762451e-01
1.898287534713745117e-01
2.537539601325988770e-01
2.305075228214263916e-01
2.852570712566375732e-01
1.941447257995605469e-01
2.758259773254394531e-01
1.571981459856033325e-01
2.711504101753234863e-01
3.432290554046630859e-01
2.500762641429901123e-01
4.229093194007873535e-01
6.045203208923339844e-01
4.461918771266937256e-01
4.758556783199310303e-01
5.106173157691955566e-01
4.442657232284545898e-01
2.613640427589416504e-01
2.721870243549346924e-01
2.002549320459365845e-01
1.921590864658355713e-01
4.578208029270172119e-01
1.068476080894470215e+00
2.434548854827880859e+00
2.721143960952758789e+00
5.434201240539550781e+00
4.327375888824462891e+00
4.201224327087402344e+00
2.401721239089965820e+00
1.759004592895507812e+00
1.471808910369873047e+00
1.583143591880798340e+00
1.625575780868530273e+00
7.445433139801025391e-01
7.280097007751464844e-01
8.553663492202758789e-01
1.220943450927734375e+00
6.741696000099182129e-01
1.114008784294128418e+00
8.339309096336364746e-01
6.473084688186645508e-01
4.108054339885711670e-01
4.733403027057647705e-01
4.353483617305755615e-01
3.976679444313049316e-01
5.282595753669738770e-01
4.460043311119079590e-01
3.985365331172943115e-01
5.359716415405273438e-01
4.371823370456695557e-01
4.095721840858459473e-01
4.072991013526916504e-01
4.800278544425964355e-01
5.212312936782836914e-01
3.340431153774261475e-01
4.097787439823150635e-01
6.669569611549377441e-01
7.374605536460876465e-01
5.057547688484191895e-01
3.250923752784729004e-01
4.816131293773651123e-01
2.596538662910461426e-01
4.301345348358154297e-01
3.503567874431610107e-01
3.716886043548583984e-01
3.329262733459472656e-01
5.438706874847412109e-01
4.015278816223144531e-01
4.702941179275512695e-01
5.546793937683105469e-01
3.825827240943908691e-01
5.000990629196166992e-01
3.389405012130737305e-01
2.703502178192138672e-01
2.643551528453826904e-01
3.482214808464050293e-01
4.737203717231750488e-01
5.527533292770385742e-01
1.482746154069900513e-01
6.493726968765258789e-01
1.266809344291687012e+00
1.261317133903503418e+00
1.169703483581542969e+00
1.568446397781372070e+00
1.242837548255920410e+00
1.125585794448852539e+00
7.919360399246215820e-01
4.129045605659484863e-01
4.000400900840759277e-01
5.864272117614746094e-01
4.861228764057159424e-01
5.340261459350585938e-01
5.176315903663635254e-01
2.760898172855377197e-01
5.128481388092041016e-01
7.908329367637634277e-01
6.232201457023620605e-01
4.726053476333618164e-01
2.292473018169403076e-01
5.111043453216552734e-01
4.670023918151855469e-01
4.674854576587677002e-01
4.178351759910583496e-01
5.286152958869934082e-01
4.351111948490142822e-01
5.017102956771850586e-01
4.704829156398773193e-01
3.347496390342712402e-01
3.163948059082031250e-01
2.847403883934020996e-01
3.633984923362731934e-01
4.225797653198242188e-01
2.567753791809082031e-01
3.271123766899108887e-01
2.865873575210571289e-01
3.507501482963562012e-01
4.127821624279022217e-01
3.948778808116912842e-01
3.976490795612335205e-01
3.946564495563507080e-01
4.336248338222503662e-01
3.777984976768493652e-01
4.305950403213500977e-01
5.508944392204284668e-01
5.191156864166259766e-01
3.519154787063598633e-01
3.664123415946960449e-01
3.398979902267456055e-01
2.045124620199203491e-01
2.441618442535400391e-01
3.053784072399139404e-01
2.287412881851196289e-01
2.919062972068786621e-01
2.713611721992492676e-01
3.939417004585266113e-01
4.012292921543121338e-01
4.150109887123107910e-01
3.997892737388610840e-01
4.032821655273437500e-01
3.935728669166564941e-01
3.225724995136260986e-01
3.675162494182586670e-01
4.325385689735412598e-01
1.285869926214218140e-01
4.714451432228088379e-01
1.050798058509826660e+00
1.149711966514587402e+00
1.438619017601013184e+00
2.028500795364379883e+00
7.710025310516357422e-01
1.472392439842224121e+00
2.520786762237548828e+00
7.308633327484130859e-01
6.405047178268432617e-01
4.508173167705535889e-01
9.422588348388671875e-01
6.429175734519958496e-01
5.983018875122070312e-01
5.553249716758728027e-01
3.110817074775695801e-01
6.766293644905090332e-01
6.559572815895080566e-01
6.482158899307250977e-01
4.795216619968414307e-01
5.375552177429199219e-01
4.502871334552764893e-01
2.817647159099578857e-01
5.337049365043640137e-01
4.158257246017456055e-01
4.567131996154785156e-01
2.868165075778961182e-01
4.751909375190734863e-01
5.987164378166198730e-01
3.371670246124267578e-01
4.016456902027130127e-01
3.162289261817932129e-01
6.683952808380126953e-01
1.034697055816650391e+00
9.349184036254882812e-01
9.326580762863159180e-01
8.779385089874267578e-01
6.102842092514038086e-01
3.718656301498413086e-01
6.652895212173461914e-01
6.229381561279296875e-01
2.154900729656219482e-01
5.882641077041625977e-01
8.660814762115478516e-01
1.209087610244750977e+00
3.506533503532409668e-01
3.130917251110076904e-01
2.483222633600234985e-01
3.619086742401123047e-01
3.627069592475891113e-01
1.925480067729949951e-01
2.910787165164947510e-01
6.778157949447631836e-01
3.570326864719390869e-01
5.462583899497985840e-01
7.271491885185241699e-01
5.350570678710937500e-01
3.079045712947845459e-01
5.366394519805908203e-01
4.404122233390808105e-01
2.996849715709686279e-01
2.092575728893280029e-01
3.909764885902404785e-01
3.380613029003143311e-01
4.527993500232696533e-01
3.363423645496368408e-01
3.610275685787200928e-01
3.640477657318115234e-01
3.169493079185485840e-01
2.894172370433807373e-01
2.610514461994171143e-01
2.264197915792465210e-01
2.362938523292541504e-01
5.304713845252990723e-01
5.726572275161743164e-01
2.824819684028625488e-01
2.669399380683898926e-01
2.303013205528259277e-01
1.656212657690048218e-01
2.629955410957336426e-01
1.816698163747787476e-01
4.696810245513916016e-01
3.411999344825744629e-01
2.779216170310974121e-01
2.273096442222595215e-01
4.149817228317260742e-01
2.088408321142196655e-01
2.550179660320281982e-01
3.162510693073272705e-01
4.159244298934936523e-01
4.127624034881591797e-01
3.216727972030639648e-01
2.677667140960693359e-01
1.839386522769927979e-01
2.623325586318969727e-01
2.637713551521301270e-01
2.352077364921569824e-01
2.039582133293151855e-01
1.947221457958221436e-01
3.886437714099884033e-01
6.080402135848999023e-01
8.462905287742614746e-01
4.495318233966827393e-01
2.481569051742553711e-01
3.125021457672119141e-01
4.723077416419982910e-01
2.553040981292724609e-01
2.934283316135406494e-01
4.155963361263275146e-01
3.940854072570800781e-01
2.870125174522399902e-01
2.417787462472915649e-01
2.546648085117340088e-01
4.931464493274688721e-01
6.146799921989440918e-01
2.442861348390579224e-01
2.613444924354553223e-01
2.044402360916137695e-01
2.935967743396759033e-01
2.231714427471160889e-01
5.597020983695983887e-01
7.503775954246520996e-01
1.368142604827880859e+00
1.297925472259521484e+00
2.291935682296752930e+00
1.992093324661254883e+00
1.000789403915405273e+00
9.805179238319396973e-01
4.176673889160156250e-01
4.257128238677978516e-01
6.894963979721069336e-01
4.485035240650177002e-01
5.068266391754150391e-01
4.568638503551483154e-01
4.829217195510864258e-01
6.069591045379638672e-01
5.053473711013793945e-01
3.696503639221191406e-01
3.001806139945983887e-01
3.671505749225616455e-01
4.827839136123657227e-01
3.081295490264892578e-01
3.409862816333770752e-01
3.902619779109954834e-01
3.535535633563995361e-01
3.084662258625030518e-01
2.573412656784057617e-01
1.977830678224563599e-01
3.709838092327117920e-01
4.556176066398620605e-01
3.772448301315307617e-01
2.701327204704284668e-01
2.068608701229095459e-01
2.155918926000595093e-01
4.135340154170989990e-01
2.526068091392517090e-01
3.034248054027557373e-01
3.053115010261535645e-01
2.440746724605560303e-01
2.975146174430847168e-01
2.304617762565612793e-01
3.626517057418823242e-01
3.430238962173461914e-01
5.629101395606994629e-01
6.274923086166381836e-01
4.382058978080749512e-01
3.566677570343017578e-01
4.257016181945800781e-01
4.678796231746673584e-01
3.269980549812316895e-01
2.838007211685180664e-01
3.612788617610931396e-01
3.671157658100128174e-01
3.781912028789520264e-01
6.918399930000305176e-01
3.717773556709289551e-01
2.460666298866271973e-01
3.748052120208740234e-01
4.654336273670196533e-01
2.416229248046875000e-01
6.042754650115966797e-01
6.321573853492736816e-01
4.677984118461608887e-01
5.347582101821899414e-01
3.441283106803894043e-01
2.687304019927978516e-01
1.864456385374069214e-01
3.572466671466827393e-01
5.121822953224182129e-01
3.051446378231048584e-01
3.021252453327178955e-01
5.298032760620117188e-01
3.638118803501129150e-01
2.316237092018127441e-01
2.021666765213012695e-01
3.263936042785644531e-01
2.069023102521896362e-01
3.560191094875335693e-01
4.260228872299194336e-01
2.259142100811004639e-01
3.832854032516479492e-01
3.930096626281738281e-01
1.562103331089019775e-01
2.241574078798294067e-01
3.962527215480804443e-01
3.925990760326385498e-01
5.171512365341186523e-01
4.636759161949157715e-01
2.127201110124588013e-01
2.540668845176696777e-01
2.811190783977508545e-01
2.939850986003875732e-01
3.322408795356750488e-01
3.657934069633483887e-01
2.803580462932586670e-01
4.141897559165954590e-01
2.566997408866882324e-01
2.099773138761520386e-01
2.298026680946350098e-01
2.471397966146469116e-01
5.033892393112182617e-01
3.761580586433410645e-01
3.948978781700134277e-01
3.932552933692932129e-01
3.375858068466186523e-01
2.337419092655181885e-01
2.140888869762420654e-01
2.153846323490142822e-01
3.478082418441772461e-01
3.651823103427886963e-01
1.412784606218338013e-01
2.242656648159027100e-01
2.098761498928070068e-01
2.798065841197967529e-01
2.992325723171234131e-01
2.674267292022705078e-01
4.949239790439605713e-01
6.815092563629150391e-01
3.716789484024047852e-01
2.426159083843231201e-01
2.388957440853118896e-01
2.052277624607086182e-01
1.605151295661926270e-01
2.447081059217453003e-01
3.721597492694854736e-01
5.456640720367431641e-01
2.861248552799224854e-01
2.911818027496337891e-01
4.539473354816436768e-01
6.220360398292541504e-01
6.313310265541076660e-01
4.398153126239776611e-01
3.537721335887908936e-01
4.150596559047698975e-01
3.479263782501220703e-01
3.319427371025085449e-01
2.596722245216369629e-01
1.787211596965789795e-01
2.903459668159484863e-01
2.303902208805084229e-01
2.515610754489898682e-01
2.574520111083984375e-01
3.076261579990386963e-01
2.491162270307540894e-01
3.041427433490753174e-01
2.139467597007751465e-01
5.522378087043762207e-01
1.737291812896728516e+00
3.598172426223754883e+00
5.338478088378906250e-01
1.102506399154663086e+00
3.356747627258300781e+00
2.134183883666992188e+00
2.337899684906005859e+00
2.716412782669067383e+00
3.064890384674072266e+00
2.416037559509277344e+00
1.044772863388061523e+00
1.106096267700195312e+00
1.861563324928283691e+00
1.791851282119750977e+00
1.106489896774291992e+00
7.169929742813110352e-01
1.062932729721069336e+00
1.385795116424560547e+00
7.528496384620666504e-01
6.578426957130432129e-01
5.794633626937866211e-01
8.904364109039306641e-01
6.203296780586242676e-01
6.287359595298767090e-01
5.907056331634521484e-01
4.770278334617614746e-01
5.649707317352294922e-01
5.311089754104614258e-01
4.612165093421936035e-01
4.298503100872039795e-01
3.664892315864562988e-01
4.214106202125549316e-01
3.941496014595031738e-01
4.017365574836730957e-01
4.911078214645385742e-01
7.084562778472900391e-01
8.339200019836425781e-01
7.278479337692260742e-01
4.069190025329589844e-01
5.851103663444519043e-01
3.703985214233398438e-01
2.402180731296539307e-01
3.228977918624877930e-01
4.436937570571899414e-01
7.131828069686889648e-01
5.699816942214965820e-01
5.659116506576538086e-01
3.531797528266906738e-01
3.447786271572113037e-01
4.012635350227355957e-01
3.915877938270568848e-01
4.081449210643768311e-01
2.571317255496978760e-01
4.710473418235778809e-01
6.507076621055603027e-01
3.372832536697387695e-01
4.549031853675842285e-01
7.509997487068176270e-01
6.773676276206970215e-01
4.805015921592712402e-01
3.521848917007446289e-01
3.141050934791564941e-01
2.879776656627655029e-01
3.262073993682861328e-01
3.055128455162048340e-01
2.825308442115783691e-01
2.283580750226974487e-01
5.535348057746887207e-01
7.038168907165527344e-01
4.504819512367248535e-01
2.017379999160766602e-01
3.194963932037353516e-01
2.762446403503417969e-01
1.749392896890640259e-01
4.713809490203857422e-01
5.741991400718688965e-01
6.190811395645141602e-01
4.281697571277618408e-01
2.770610749721527100e-01
3.343399763107299805e-01
3.965299427509307861e-01
3.401516675949096680e-01
3.564356863498687744e-01
5.871818661689758301e-01
6.487751603126525879e-01
2.745586335659027100e-01
2.579666972160339355e-01
3.530957698822021484e-01
3.799664676189422607e-01
2.633836865425109863e-01
5.009868144989013672e-01
6.676704287528991699e-01
4.025939702987670898e-01
2.746857106685638428e-01
3.520225286483764648e-01
3.106736540794372559e-01
3.024053573608398438e-01
4.702013731002807617e-01
2.746644616127014160e-01
2.325143218040466309e-01
3.182000517845153809e-01
2.825676798820495605e-01
3.566570580005645752e-01
3.716734051704406738e-01
2.067241370677947998e-01
3.473944664001464844e-01
4.611348807811737061e-01
6.692473888397216797e-01
6.073057651519775391e-01
5.291516780853271484e-01
8.958906531333923340e-01
1.359025359153747559e+00
4.130096733570098877e-01
4.567368328571319580e-01
6.400664448738098145e-01
6.359701156616210938e-01
4.433089196681976318e-01
3.665420711040496826e-01
2.535956501960754395e-01
2.670015096664428711e-01
3.616936802864074707e-01
4.049199819564819336e-01
5.995548367500305176e-01
5.623892545700073242e-01
3.442008197307586670e-01
2.258316874504089355e-01
3.062252104282379150e-01
3.452916443347930908e-01
5.079830884933471680e-01
4.939559400081634521e-01
3.437654376029968262e-01
2.357953488826751709e-01
2.850153148174285889e-01
3.081839680671691895e-01
4.092046618461608887e-01
2.799349427223205566e-01
2.182411551475524902e-01
3.382499814033508301e-01
2.881398499011993408e-01
2.095468789339065552e-01
2.496482878923416138e-01
2.420044988393783569e-01
2.910024523735046387e-01
3.184309005737304688e-01
3.896859288215637207e-01
3.805967569351196289e-01
3.213035464286804199e-01
3.489422798156738281e-01
4.162272214889526367e-01
3.731199502944946289e-01
1.857537627220153809e-01
2.171759158372879028e-01
1.862371563911437988e-01
3.145946860313415527e-01
2.742167413234710693e-01
2.591756582260131836e-01
1.749128997325897217e-01
1.143180578947067261e-01
3.471991121768951416e-01
3.545855283737182617e-01
3.249966800212860107e-01
4.010325074195861816e-01
3.175064027309417725e-01
2.913760840892791748e-01
2.261809706687927246e-01
1.650535464286804199e-01
2.207062840461730957e-01
3.847092986106872559e-01
2.124760001897811890e-01
4.968276023864746094e-01
6.376212835311889648e-01
7.977373600006103516e-01
1.199307441711425781e+00
1.970410823822021484e+00
1.840897321701049805e+00
3.614298105239868164e+00
2.436453819274902344e+00
1.028162717819213867e+00
6.539276838302612305e-01
7.837969660758972168e-01
1.012221813201904297e+00
9.812596440315246582e-01
7.836832404136657715e-01
5.154578089714050293e-01
6.494526863098144531e-01
3.205249309539794922e-01
6.302781701087951660e-01
6.380535364151000977e-01
6.597237586975097656e-01
5.488693714141845703e-01
4.596204757690429688e-01
4.196039140224456787e-01
5.250273346900939941e-01
4.408531486988067627e-01
7.189614772796630859e-01
5.776132941246032715e-01
3.668707609176635742e-01
3.356380462646484375e-01
3.533027768135070801e-01
4.425089657306671143e-01
3.877680897712707520e-01
3.925511538982391357e-01
3.666478693485260010e-01
4.126493334770202637e-01
4.077858328819274902e-01
5.007640123367309570e-01
4.430088698863983154e-01
2.986466288566589355e-01
3.053118884563446045e-01
3.869725465774536133e-01
4.059147834777832031e-01
2.375574409961700439e-01
3.116921186447143555e-01
3.691850900650024414e-01
5.992889404296875000e-01
5.251681208610534668e-01
5.218657255172729492e-01
1.140738964080810547e+00
1.013841390609741211e+00
6.090782284736633301e-01
3.274908959865570068e-01
3.345936536788940430e-01
4.805663228034973145e-01
4.208548069000244141e-01
5.235120058059692383e-01
5.150057673454284668e-01
3.663263320922851562e-01
5.509905219078063965e-01
6.569260954856872559e-01
4.853633940219879150e-01
1.402619183063507080e-01
4.622819423675537109e-01
8.307569026947021484e-01
4.569635689258575439e-01
3.954414129257202148e-01
5.732665061950683594e-01
6.585324406623840332e-01
5.897775292396545410e-01
4.944655895233154297e-01
2.831166386604309082e-01
2.772583961486816406e-01
3.779077827930450439e-01
4.711951911449432373e-01
3.549426794052124023e-01
2.799124121665954590e-01
4.496712088584899902e-01
3.567103743553161621e-01
5.820140838623046875e-01
7.459128499031066895e-01
7.085247039794921875e-01
5.410605669021606445e-01
2.755540013313293457e-01
3.239153325557708740e-01
2.743756473064422607e-01
2.659206390380859375e-01
2.833550870418548584e-01
2.876449823379516602e-01
3.771060705184936523e-01
2.240033000707626343e-01
3.182454705238342285e-01
2.338700890541076660e-01
1.729683130979537964e-01
2.692070007324218750e-01
3.262712359428405762e-01
3.789120912551879883e-01
2.806876301765441895e-01
2.925804853439331055e-01
3.494136333465576172e-01
2.522210776805877686e-01
3.163986504077911377e-01
2.959393858909606934e-01
3.642347455024719238e-01
3.092516660690307617e-01
2.488210797309875488e-01
2.661560773849487305e-01
2.849283814430236816e-01
2.597490251064300537e-01
3.180140852928161621e-01
3.864303231239318848e-01
2.378024756908416748e-01
3.296281695365905762e-01
5.746384859085083008e-01
5.718820095062255859e-01
2.884188890457153320e-01
2.495429813861846924e-01
1.929211020469665527e-01
2.000711113214492798e-01
2.460613846778869629e-01
2.680994868278503418e-01
2.841957211494445801e-01
2.541239559650421143e-01
3.620464801788330078e-01
3.753514289855957031e-01
2.925311625003814697e-01
2.592672705650329590e-01
1.862505674362182617e-01
3.880820274353027344e-01
3.984191715717315674e-01
1.194168776273727417e-01
2.999539375305175781e-01
3.793114423751831055e-01
2.580435276031494141e-01
2.740085721015930176e-01
3.135491013526916504e-01
3.266233801841735840e-01
8.076943457126617432e-02
5.096036195755004883e-01
4.072102308273315430e-01
1.671163290739059448e-01
3.373299241065979004e-01
3.805434107780456543e-01
3.265400528907775879e-01
1.843599826097488403e-01
1.086233407258987427e-01
3.060448467731475830e-01
3.597262501716613770e-01
3.370344638824462891e-01
3.755766153335571289e-01
2.710159420967102051e-01
2.636777460575103760e-01
3.050312995910644531e-01
2.986721098423004150e-01
1.761854439973831177e-01
2.556536793708801270e-01
3.271757364273071289e-01
2.908546030521392822e-01
2.083519250154495239e-01
2.129483222961425781e-01
3.200899958610534668e-01
2.485716193914413452e-01
1.433372348546981812e-01
3.775943517684936523e-01
3.370609283447265625e-01
2.853860259056091309e-01
2.128276228904724121e-01
2.426666766405105591e-01
3.223055601119995117e-01
2.990414202213287354e-01
2.739200592041015625e-01
2.010494768619537354e-01
1.845659911632537842e-01
2.556321322917938232e-01
2.318902909755706787e-01
2.345882952213287354e-01
2.082458138465881348e-01
3.006104230880737305e-01
2.878536880016326904e-01
2.622073590755462646e-01
2.893939018249511719e-01
1.853842139244079590e-01
1.642523705959320068e-01
5.114813446998596191e-01
7.449615001678466797e-01
3.515552878379821777e-01
3.136897683143615723e-01
6.939361095428466797e-01
1.752589583396911621e+00
7.342815399169921875e-01
1.200423121452331543e+00
4.997072696685791016e+00
1.423443675041198730e+00
1.520744681358337402e+00
1.821936011314392090e+00
1.799741625785827637e+00
6.724694967269897461e-01
3.838128447532653809e-01
5.721309781074523926e-01
9.616112112998962402e-01
1.211483597755432129e+00
7.786570787429809570e-01
4.836115837097167969e-01
6.205267310142517090e-01
8.121003508567810059e-01
4.862249493598937988e-01
3.692893683910369873e-01
3.960832059383392334e-01
3.486442863941192627e-01
3.248633146286010742e-01
3.322331309318542480e-01
3.582697510719299316e-01
2.786493897438049316e-01
3.359232544898986816e-01
4.205628633499145508e-01
4.373694360256195068e-01
2.191490978002548218e-01
4.062190651893615723e-01
3.813986778259277344e-01
2.859244048595428467e-01
3.045005798339843750e-01
3.098351359367370605e-01
2.602814435958862305e-01
6.663023233413696289e-01
1.119081020355224609e+00
8.310849070549011230e-01
4.832284152507781982e-01
3.506142497062683105e-01
5.140263438224792480e-01
5.006017684936523438e-01
2.382532954216003418e-01
2.763404250144958496e-01
3.558896780014038086e-01
4.200406670570373535e-01
8.359181880950927734e-01
9.306101202964782715e-01
8.180777430534362793e-01
4.188574552536010742e-01
2.646838426589965820e-01
3.943105340003967285e-01
4.435588717460632324e-01
1.363526135683059692e-01
4.379937946796417236e-01
5.621792078018188477e-01
2.690641283988952637e-01
4.126545190811157227e-01
5.563297271728515625e-01
4.395635426044464111e-01
4.047966301441192627e-01
2.803953886032104492e-01
3.084116578102111816e-01
3.194684088230133057e-01
1.957972347736358643e-01
2.716728746891021729e-01
3.879649043083190918e-01
2.368416488170623779e-01
2.520830035209655762e-01
2.890058457851409912e-01
3.490501046180725098e-01
2.641236186027526855e-01
2.724519968032836914e-01
2.853943705558776855e-01
2.472840249538421631e-01
2.537782490253448486e-01
2.194752246141433716e-01
3.231815099716186523e-01
2.700319886207580566e-01
3.086082041263580322e-01
1.515789330005645752e-01
3.877948522567749023e-01
2.548434734344482422e-01
3.993251323699951172e-01
1.739587336778640747e-01
1.830989420413970947e-01
2.461806237697601318e-01
1.663962900638580322e-01
2.699399888515472412e-01
3.550633788108825684e-01
2.857282757759094238e-01
4.279464781284332275e-01
5.632990598678588867e-01
4.804316461086273193e-01
2.163058519363403320e-01
2.770241200923919678e-01
3.694387972354888916e-01
4.219080507755279541e-01
2.936078011989593506e-01
2.008150070905685425e-01
3.315126895904541016e-01
3.601895272731781006e-01
4.294650256633758545e-01
3.066440522670745850e-01
2.101619392633438110e-01
3.085699081420898438e-01
3.230385780334472656e-01
2.810752689838409424e-01
2.488800436258316040e-01
3.835503160953521729e-01
2.700472474098205566e-01
1.652060300111770630e-01
1.744567453861236572e-01
1.791268289089202881e-01
1.972925066947937012e-01
2.245413064956665039e-01
3.920682072639465332e-01
3.653456568717956543e-01
1.630186289548873901e-01
4.071189761161804199e-01
4.091574847698211670e-01
4.407233595848083496e-01
2.488626837730407715e-01
1.944798231124877930e-01
1.593408584594726562e-01
2.194398343563079834e-01
2.388781309127807617e-01
2.738417387008666992e-01
2.727600336074829102e-01
3.232630789279937744e-01
2.641781568527221680e-01
2.091473340988159180e-01
1.668118983507156372e-01
2.047045230865478516e-01
3.436197638511657715e-01
5.190947651863098145e-01
8.134225606918334961e-01
4.050278663635253906e-01
2.675991058349609375e-01
3.731621503829956055e-01
2.746885418891906738e-01
1.660079360008239746e-01
1.752835363149642944e-01
2.669093012809753418e-01
1.954145133495330811e-01
2.295267134904861450e-01
2.782803475856781006e-01
2.261263728141784668e-01
1.447037160396575928e-01
2.218471765518188477e-01
3.258005082607269287e-01
3.063543736934661865e-01
1.925970166921615601e-01
2.430479675531387329e-01
2.041788101196289062e-01
2.424471229314804077e-01
2.547953426837921143e-01
1.814403682947158813e-01
1.579780578613281250e-01
2.630558311939239502e-01
3.121883869171142578e-01
3.724892139434814453e-01
2.948171794414520264e-01
2.105702012777328491e-01
2.678741216659545898e-01
2.392824888229370117e-01
1.665389388799667358e-01
2.318055033683776855e-01
2.990345060825347900e-01
2.355110347270965576e-01
1.652174592018127441e-01
1.965847313404083252e-01
1.965533643960952759e-01
1.449160128831863403e-01
2.273232042789459229e-01
3.374386131763458252e-01
2.405323833227157593e-01
3.027922213077545166e-01
3.632882833480834961e-01
2.348219901323318481e-01
2.407789230346679688e-01
3.164247572422027588e-01
3.624884784221649170e-01
2.902607917785644531e-01
1.582402884960174561e-01
3.199456036090850830e-01
6.118451952934265137e-01
1.299624443054199219e+00
1.497632741928100586e+00
4.141827583312988281e+00
2.996464014053344727e+00
5.013658523559570312e+00
4.184611320495605469e+00
4.361205101013183594e+00
3.766940832138061523e+00
1.372709512710571289e+00
1.923263669013977051e+00
3.001278877258300781e+00
2.714678764343261719e+00
1.863957285881042480e+00
2.020073413848876953e+00
1.097354292869567871e+00
9.166547060012817383e-01
9.216949343681335449e-01
8.519124984741210938e-01
6.033537387847900391e-01
1.106576204299926758e+00
1.444462776184082031e+00
1.717002034187316895e+00
8.566856384277343750e-01
5.608055591583251953e-01
6.170408129692077637e-01
5.481009483337402344e-01
5.935205221176147461e-01
5.355239510536193848e-01
4.500683248043060303e-01
4.183281660079956055e-01
3.501100540161132812e-01
8.422328829765319824e-01
8.193686604499816895e-01
8.401359915733337402e-01
9.380561709403991699e-01
5.426779985427856445e-01
4.002971053123474121e-01
4.861391186714172363e-01
5.234562754631042480e-01
3.972038030624389648e-01
3.462773561477661133e-01
3.125120699405670166e-01
3.123782873153686523e-01
4.470781385898590088e-01
3.241173624992370605e-01
4.655222594738006592e-01
5.446372032165527344e-01
5.139626264572143555e-01
3.739368915557861328e-01
3.672066628932952881e-01
2.931563258171081543e-01
4.016298353672027588e-01
4.457328319549560547e-01
4.474835395812988281e-01
4.280144274234771729e-01
2.208328545093536377e-01
1.923564076423645020e-01
3.356413245201110840e-01
3.323204517364501953e-01
3.586496412754058838e-01
4.098107218742370605e-01
2.762255668640136719e-01
2.238097190856933594e-01
1.762816607952117920e-01
3.878578543663024902e-01
5.323280096054077148e-01
5.461007952690124512e-01
7.315120697021484375e-01
3.204714059829711914e-01
2.267439216375350952e-01
2.382409423589706421e-01
2.839442491531372070e-01
2.424583435058593750e-01
2.579099535942077637e-01
4.756029844284057617e-01
3.386706113815307617e-01
3.182061612606048584e-01
1.796592921018600464e-01
2.932475805282592773e-01
3.787065446376800537e-01
8.011754751205444336e-01
7.602602839469909668e-01
6.643781065940856934e-01
7.090532779693603516e-01
4.966998100280761719e-01
7.032559514045715332e-01
9.950627088546752930e-01
1.039656996726989746e+00
7.834441065788269043e-01
5.408355593681335449e-01
2.537060976028442383e-01
4.381148219108581543e-01
5.942039489746093750e-01
7.238957881927490234e-01
5.457671284675598145e-01
3.821223676204681396e-01
2.798422574996948242e-01
3.508470058441162109e-01
4.571199715137481689e-01
2.126639932394027710e-01
3.538175821304321289e-01
6.338795423507690430e-01
3.458878397941589355e-01
4.348710775375366211e-01
4.295064806938171387e-01
4.517751634120941162e-01
3.500819504261016846e-01
2.093694806098937988e-01
2.478323131799697876e-01
2.105958759784698486e-01
2.342796921730041504e-01
2.021686732769012451e-01
2.536552548408508301e-01
3.885659575462341309e-01
4.104052186012268066e-01
2.154365926980972290e-01
2.929187715053558350e-01
3.235160708427429199e-01
2.570078372955322266e-01
1.974868625402450562e-01
2.728229761123657227e-01
1.984444558620452881e-01
2.985628545284271240e-01
3.265088200569152832e-01
5.929406881332397461e-01
5.763238668441772461e-01
4.614265561103820801e-01
3.403762280941009521e-01
3.037909567356109619e-01
1.793279051780700684e-01
3.292562961578369141e-01
2.307913899421691895e-01
2.357348203659057617e-01
2.567336261272430420e-01
3.245624601840972900e-01
2.805125713348388672e-01
3.504629433155059814e-01
3.064537942409515381e-01
2.029858678579330444e-01
2.012341320514678955e-01
2.616140842437744141e-01
3.117080628871917725e-01
3.575057983398437500e-01
3.863888382911682129e-01
3.304422497749328613e-01
3.801409006118774414e-01
3.607414364814758301e-01
2.672151327133178711e-01
1.919512748718261719e-01
2.772065997123718262e-01
4.855700135231018066e-01
6.640483140945434570e-01
6.968159079551696777e-01
7.962766885757446289e-01
9.399428367614746094e-01
7.993988990783691406e-01
4.449645876884460449e-01
2.789229154586791992e-01
3.166278004646301270e-01
5.653383135795593262e-01
2.801972031593322754e-01
2.852909862995147705e-01
2.321188300848007202e-01
2.810923457145690918e-01
2.271419018507003784e-01
2.527232170104980469e-01
2.206886410713195801e-01
2.459858655929565430e-01
2.437506020069122314e-01
3.159936070442199707e-01
2.269397675991058350e-01
2.855300605297088623e-01
4.708104431629180908e-01
4.669600725173950195e-01
3.445496857166290283e-01
2.907856702804565430e-01
2.391026020050048828e-01
2.657201588153839111e-01
3.172834813594818115e-01
2.022314071655273438e-01
2.448535859584808350e-01
2.448822408914566040e-01
2.838274836540222168e-01
2.154716402292251587e-01
2.078750580549240112e-01
1.998751014471054077e-01
2.565430998802185059e-01
3.419178724288940430e-01
2.982907891273498535e-01
3.227614164352416992e-01
2.311332970857620239e-01
2.160685658454895020e-01
2.186118215322494507e-01
3.267454206943511963e-01
1.443614363670349121e-01
1.754315793514251709e-01
2.743799090385437012e-01
2.832422256469726562e-01
2.767083346843719482e-01
2.339531034231185913e-01
2.441400289535522461e-01
1.958948969841003418e-01
2.194787412881851196e-01
3.510015904903411865e-01
5.567819476127624512e-01
5.420655012130737305e-01
5.317429304122924805e-01
4.828080832958221436e-01
3.852297365665435791e-01
3.337818980216979980e-01
1.377756297588348389e-01
2.824349105358123779e-01
1.665534079074859619e-01
3.970735669136047363e-01
4.460920095443725586e-01
5.208839774131774902e-01
4.564813971519470215e-01
4.452911913394927979e-01
3.785562217235565186e-01
3.060923814773559570e-01
3.657597303390502930e-01
3.437676429748535156e-01
2.229749560356140137e-01
2.711983025074005127e-01
2.116729319095611572e-01
3.054242134094238281e-01
2.609918713569641113e-01
3.355242609977722168e-01
2.396049797534942627e-01
2.533002495765686035e-01
2.058290094137191772e-01
2.473682016134262085e-01
2.378671765327453613e-01
1.966042667627334595e-01
2.294140458106994629e-01
1.764161586761474609e-01
4.320203065872192383e-01
3.494876623153686523e-01
2.594363987445831299e-01
2.085500210523605347e-01
2.861475944519042969e-01
2.558522522449493408e-01
2.669142484664916992e-01
2.331462949514389038e-01
2.100079953670501709e-01
2.350623905658721924e-01
2.440671026706695557e-01
2.775411009788513184e-01
1.917198151350021362e-01
2.267483770847320557e-01
4.473133087158203125e-01
5.457827448844909668e-01
8.261883258819580078e-01
1.317019343376159668e+00
2.233238697052001953e+00
2.428615808486938477e+00
2.899986982345581055e+00
3.584987640380859375e+00
4.523909568786621094e+00
3.981103897094726562e+00
2.293966770172119141e+00
1.712038278579711914e+00
1.159787893295288086e+00
9.372025728225708008e-01
6.571754813194274902e-01
1.440817236900329590e+00
2.117881774902343750e+00
1.604353666305541992e+00
9.749475121498107910e-01
9.281198978424072266e-01
7.318562269210815430e-01
4.666047394275665283e-01
8.046619892120361328e-01
1.124428987503051758e+00
1.573045730590820312e+00
1.011871457099914551e+00
8.313727378845214844e-01
1.344620704650878906e+00
1.560725212097167969e+00
8.554741144180297852e-01
6.111027002334594727e-01
5.952565073966979980e-01
7.089650630950927734e-01
6.575956940650939941e-01
5.460860133171081543e-01
6.073319911956787109e-01
5.117266774177551270e-01
5.281282663345336914e-01
4.277800917625427246e-01
5.042448043823242188e-01
4.797025918960571289e-01
4.367034733295440674e-01
2.647214829921722412e-01
5.167871713638305664e-01
4.757839143276214600e-01
3.449201881885528564e-01
4.024337530136108398e-01
4.023036658763885498e-01
4.056224226951599121e-01
3.235962688922882080e-01
5.025217533111572266e-01
4.533442854881286621e-01
3.375836014747619629e-01
2.624167203903198242e-01
3.037322759628295898e-01
2.388056218624114990e-01
3.599733412265777588e-01
3.842533528804779053e-01
4.128002524375915527e-01
2.858036160469055176e-01
3.436516523361206055e-01
3.955391049385070801e-01
2.498381584882736206e-01
3.104826509952545166e-01
3.085557222366333008e-01
2.384647279977798462e-01
3.222610950469970703e-01
3.760998845100402832e-01
3.881199359893798828e-01
3.787676692008972168e-01
3.391470015048980713e-01
2.878724336624145508e-01
3.460334539413452148e-01
3.948716223239898682e-01
2.536153793334960938e-01
2.469404488801956177e-01
2.861713171005249023e-01
3.404964804649353027e-01
3.170642256736755371e-01
3.289434611797332764e-01
3.969093263149261475e-01
4.289964437484741211e-01
4.132180511951446533e-01
3.619940578937530518e-01
1.741207242012023926e-01
4.512262344360351562e-01
7.381068468093872070e-01
9.754972457885742188e-01
5.835988521575927734e-01
2.061528563499450684e-01
3.181954622268676758e-01
4.189465641975402832e-01
2.501997947692871094e-01
4.650962948799133301e-01
5.446987748146057129e-01
3.844668269157409668e-01
2.502534985542297363e-01
3.584077954292297363e-01
2.403445243835449219e-01
2.811553478240966797e-01
3.474217653274536133e-01
2.808468937873840332e-01
3.684459626674652100e-01
2.393917888402938843e-01
4.094283878803253174e-01
2.139329761266708374e-01
2.654167413711547852e-01
1.931255906820297241e-01
4.026249647140502930e-01
2.925390601158142090e-01
2.590507864952087402e-01
2.526073157787322998e-01
1.720132529735565186e-01
2.197197973728179932e-01
2.191671729087829590e-01
2.615796923637390137e-01
2.486700266599655151e-01
2.075528502464294434e-01
4.308562278747558594e-01
5.714362859725952148e-01
9.082933664321899414e-01
4.309816360473632812e-01
2.523677051067352295e-01
3.164489269256591797e-01
6.101521849632263184e-01
5.946984887123107910e-01
5.852234959602355957e-01
5.348465442657470703e-01
4.344303905963897705e-01
3.605014383792877197e-01
1.664105653762817383e-01
2.034291625022888184e-01
3.073108792304992676e-01
3.882772028446197510e-01
5.545713901519775391e-01
2.048142850399017334e-01
3.377243578433990479e-01
3.927332162857055664e-01
3.365107178688049316e-01
2.413419336080551147e-01
3.439851999282836914e-01
2.105806469917297363e-01
4.152347445487976074e-01
6.029621958732604980e-01
7.421708106994628906e-01
4.478733539581298828e-01
3.735592663288116455e-01
6.807706356048583984e-01
9.897340536117553711e-01
8.869179487228393555e-01
1.879519581794738770e+00
2.798711299896240234e+00
2.086597204208374023e+00
1.479732871055603027e+00
9.699935913085937500e-01
7.156572937965393066e-01
4.011590480804443359e-01
3.717185854911804199e-01
5.384055376052856445e-01
8.879891633987426758e-01
1.293476819992065430e+00
1.010789036750793457e+00
2.962786555290222168e-01
4.990611076354980469e-01
4.519273638725280762e-01
4.781351089477539062e-01
5.690268874168395996e-01
4.279454946517944336e-01
5.811479687690734863e-01
3.880914151668548584e-01
3.629822731018066406e-01
5.888785123825073242e-01
4.450781345367431641e-01
3.132451474666595459e-01
3.765512704849243164e-01
4.063786864280700684e-01
2.977308630943298340e-01
2.670527696609497070e-01
2.507963776588439941e-01
3.219850659370422363e-01
3.498215079307556152e-01
2.849259078502655029e-01
4.067851305007934570e-01
3.959915339946746826e-01
3.181813359260559082e-01
2.491110265254974365e-01
2.426801621913909912e-01
2.240560352802276611e-01
4.845395088195800781e-01
4.775323867797851562e-01
5.516882538795471191e-01
3.793854713439941406e-01
3.056570887565612793e-01
2.366539388895034790e-01
2.714710831642150879e-01
3.041397929191589355e-01
2.434328943490982056e-01
2.402679324150085449e-01
1.878561377525329590e-01
1.982036530971527100e-01
3.496388792991638184e-01
3.284004926681518555e-01
3.729585707187652588e-01
1.943997442722320557e-01
2.799525260925292969e-01
3.846822977066040039e-01
2.827044725418090820e-01
1.762904524803161621e-01
3.051120638847351074e-01
3.099955916404724121e-01
2.653006315231323242e-01
2.907420098781585693e-01
5.212345123291015625e-01
8.103960752487182617e-01
5.878178477287292480e-01
3.178608119487762451e-01
7.342098355293273926e-01
1.129596471786499023e+00
1.118342161178588867e+00
1.796321153640747070e+00
1.570849657058715820e+00
3.783047199249267578e-01
4.149522781372070312e-01
2.859373092651367188e-01
6.175261735916137695e-01
4.939994513988494873e-01
5.829749107360839844e-01
7.880249023437500000e-01
7.689160108566284180e-01
2.465702444314956665e-01
3.642676174640655518e-01
4.270951151847839355e-01
3.044480979442596436e-01
2.963901758193969727e-01
2.703576683998107910e-01
3.307231366634368896e-01
3.432275950908660889e-01
3.520122468471527100e-01
4.068033695220947266e-01
4.473825097084045410e-01
1.886464953422546387e-01
3.187999129295349121e-01
2.484480589628219604e-01
1.979538351297378540e-01
4.993372261524200439e-01
8.191695213317871094e-01
7.056363821029663086e-01
3.367842733860015869e-01
5.900864005088806152e-01
5.439713597297668457e-01
1.702540814876556396e-01
3.238334357738494873e-01
1.059885919094085693e-01
2.537571191787719727e-01
3.699598312377929688e-01
3.887936770915985107e-01
2.435560226440429688e-01
2.587828636169433594e-01
2.965914011001586914e-01
2.154681533575057983e-01
3.428316414356231689e-01
4.869935810565948486e-01
4.274271130561828613e-01
1.472031176090240479e-01
4.884486496448516846e-01
1.845505535602569580e-01
3.801448941230773926e-01
4.151857495307922363e-01
2.931536138057708740e-01
2.403794825077056885e-01
2.383764386177062988e-01
2.254725992679595947e-01
2.355150580406188965e-01
2.223121523857116699e-01
3.281211555004119873e-01
2.007024735212326050e-01
3.034116923809051514e-01
2.070158571004867554e-01
2.531620860099792480e-01
2.478042542934417725e-01
2.890402376651763916e-01
4.293348193168640137e-01
3.040012717247009277e-01
2.617515325546264648e-01
2.733014523983001709e-01
2.556337714195251465e-01
3.196249008178710938e-01
5.789948701858520508e-01
5.669474005699157715e-01
4.759484231472015381e-01
3.354167938232421875e-01
2.979488074779510498e-01
2.180928289890289307e-01
2.685223221778869629e-01
2.457569539546966553e-01
2.054283320903778076e-01
2.906196713447570801e-01
3.069178462028503418e-01
2.415575385093688965e-01
2.945615053176879883e-01
2.326646447181701660e-01
2.283813059329986572e-01
1.607271730899810791e-01
4.256134033203125000e-01
4.524820148944854736e-01
1.428850144147872925e-01
2.630532979965209961e-01
2.865510284900665283e-01
1.946689039468765259e-01
2.083655446767807007e-01
1.498925983905792236e-01
1.437782198190689087e-01
2.959370911121368408e-01
2.684247493743896484e-01
3.725696206092834473e-01
6.900197863578796387e-01
1.478762626647949219e+00
1.144810080528259277e+00
1.188037753105163574e+00
1.277619481086730957e+00
1.156456947326660156e+00
1.584208250045776367e+00
7.636936306953430176e-01
3.512370586395263672e-01
7.722892165184020996e-01
5.934625267982482910e-01
5.040575265884399414e-01
7.873296737670898438e-01
5.963728427886962891e-01
3.912045359611511230e-01
5.463005304336547852e-01
2.617779970169067383e-01
3.144052624702453613e-01
2.534904479980468750e-01
3.949580788612365723e-01
3.349254727363586426e-01
1.983256638050079346e-01
3.187045753002166748e-01
3.513506054878234863e-01
3.234302699565887451e-01
2.501803636550903320e-01
2.433737367391586304e-01
2.309373319149017334e-01
3.775445520877838135e-01
4.769365787506103516e-01
4.176699221134185791e-01
3.565244376659393311e-01
7.443851828575134277e-01
1.141742229461669922e+00
7.216050028800964355e-01
2.807766795158386230e-01
3.569662570953369141e-01
3.859638273715972900e-01
2.532644271850585938e-01
1.879028379917144775e-01
2.264582216739654541e-01
2.642898261547088623e-01
4.789125621318817139e-01
9.414317607879638672e-01
1.169722080230712891e+00
1.646396040916442871e+00
8.509473800659179688e-01
7.203333377838134766e-01
2.671844363212585449e-01
3.163881003856658936e-01
4.486706256866455078e-01
5.167501568794250488e-01
2.102409005165100098e-01
3.438211381435394287e-01
5.108589529991149902e-01
3.695446252822875977e-01
3.362834453582763672e-01
3.487301170825958252e-01
2.364858388900756836e-01
2.503983974456787109e-01
2.802379131317138672e-01
3.006868958473205566e-01
2.728737592697143555e-01
2.604579627513885498e-01
5.097852349281311035e-01
1.288073539733886719e+00
1.395108938217163086e+00
1.910822749137878418e+00
3.072360754013061523e+00
1.050036907196044922e+00
1.281674504280090332e+00
1.785950660705566406e+00
6.478430628776550293e-01
4.258144497871398926e-01
5.955615043640136719e-01
6.434777975082397461e-01
3.645314276218414307e-01
6.389117836952209473e-01
9.828730821609497070e-01
5.328446030616760254e-01
6.484411954879760742e-01
2.923895418643951416e-01
2.326295375823974609e-01
4.018979072570800781e-01
5.139769315719604492e-01
3.623363375663757324e-01
6.957520246505737305e-01
8.586369156837463379e-01
7.548085451126098633e-01
2.789369523525238037e-01
4.892962574958801270e-01
4.503345787525177002e-01
2.265177369117736816e-01
3.608800172805786133e-01
8.970090150833129883e-01
1.434865713119506836e+00
4.333875477313995361e-01
4.938164651393890381e-01
4.006751477718353271e-01
3.351163864135742188e-01
3.473602235317230225e-01
3.375463485717773438e-01
3.857006132602691650e-01
5.085775256156921387e-01
5.520961880683898926e-01
2.641717195510864258e-01
3.035208582878112793e-01
3.923367857933044434e-01
4.006653726100921631e-01
3.332597911357879639e-01
1.924804449081420898e-01
3.059677481651306152e-01
3.486886322498321533e-01
1.924480795860290527e-01
2.684682309627532959e-01
3.702031373977661133e-01
1.405316293239593506e-01
2.894953489303588867e-01
3.319669961929321289e-01
2.336806207895278931e-01
3.174535334110260010e-01
3.410266339778900146e-01
1.421112120151519775e-01
2.286927700042724609e-01
3.503082394599914551e-01
3.659932613372802734e-01
2.905908823013305664e-01
2.759135067462921143e-01
2.608397603034973145e-01
2.362601459026336670e-01
2.636449635028839111e-01
3.066364526748657227e-01
2.474330663681030273e-01
1.927814334630966187e-01
2.619535028934478760e-01
3.566097021102905273e-01
1.777584701776504517e-01
2.708482742309570312e-01
3.164161145687103271e-01
4.149084985256195068e-01
5.999421477317810059e-01
3.954365253448486328e-01
3.074023127555847168e-01
2.104299962520599365e-01
2.799365520477294922e-01
2.891536951065063477e-01
2.128480970859527588e-01
2.670846581459045410e-01
3.896427154541015625e-01
1.855758726596832275e-01
2.411081790924072266e-01
2.523638010025024414e-01
1.240820959210395813e-01
1.303487569093704224e-01
2.889991998672485352e-01
3.074490427970886230e-01
2.457828223705291748e-01
1.552252918481826782e-01
1.374492347240447998e-01
2.365247160196304321e-01
3.369700312614440918e-01
2.325539141893386841e-01
1.349850296974182129e-01
1.916097104549407959e-01
3.044489324092864990e-01
2.727325260639190674e-01
3.349631428718566895e-01
2.657296657562255859e-01
3.210393786430358887e-01
3.259325027465820312e-01
2.726465165615081787e-01
2.443970441818237305e-01
3.652076721191406250e-01
3.440757691860198975e-01
3.488332927227020264e-01
2.254628837108612061e-01
2.726299464702606201e-01
2.319735586643218994e-01
2.196244448423385620e-01
1.015618741512298584e-01
3.793216943740844727e-01
4.989384412765502930e-01
5.370522737503051758e-01
3.320384621620178223e-01
2.219190299510955811e-01
2.334829121828079224e-01
1.937032490968704224e-01
1.281225383281707764e-01
2.211965769529342651e-01
3.435664474964141846e-01
5.770642757415771484e-01
8.432102799415588379e-01
5.929859280586242676e-01
2.749100327491760254e-01
2.220009416341781616e-01
3.171837329864501953e-01
4.066327512264251709e-01
3.280263841152191162e-01
2.232359349727630615e-01
2.206229418516159058e-01
1.254046410322189331e-01
1.757784485816955566e-01
3.484426438808441162e-01
3.612528145313262939e-01
3.018312752246856689e-01
1.909694671630859375e-01
2.094077467918395996e-01
2.178109884262084961e-01
3.087592422962188721e-01
3.737254738807678223e-01
4.438770413398742676e-01
2.187277376651763916e-01
2.384177446365356445e-01
1.804478913545608521e-01
2.834872603416442871e-01
3.129933178424835205e-01
2.382769286632537842e-01
2.038764953613281250e-01
2.165279090404510498e-01
2.172031998634338379e-01
2.927776575088500977e-01
3.536893129348754883e-01
2.908022701740264893e-01
1.600430458784103394e-01
2.038070708513259888e-01
3.908224105834960938e-01
4.089463949203491211e-01
2.086619436740875244e-01
2.159698009490966797e-01
2.238423526287078857e-01
2.056342214345932007e-01
2.905586957931518555e-01
2.526350319385528564e-01
2.101922780275344849e-01
1.164778098464012146e-01
3.240915834903717041e-01
2.783262133598327637e-01
1.412126123905181885e-01
4.038918316364288330e-01
4.753357470035552979e-01
4.196476340293884277e-01
2.874322533607482910e-01
1.739429533481597900e-01
1.975854635238647461e-01
2.465778291225433350e-01
2.396793961524963379e-01
1.438659429550170898e-01
3.791531920433044434e-01
4.608619213104248047e-01
1.781976968050003052e-01
2.078548520803451538e-01
2.145295441150665283e-01
2.239026129245758057e-01
2.045122981071472168e-01
2.816220521926879883e-01
4.277864098548889160e-01
4.960574209690093994e-01
1.974403262138366699e-01
3.463704884052276611e-01
4.011935889720916748e-01
2.126131951808929443e-01
2.422092109918594360e-01
2.939098775386810303e-01
3.759211301803588867e-01
3.448469042778015137e-01
2.482456862926483154e-01
1.798647940158843994e-01
1.503123342990875244e-01
1.550316214561462402e-01
3.382818698883056641e-01
4.660888314247131348e-01
4.253494143486022949e-01
3.408368825912475586e-01
3.036663234233856201e-01
3.535558879375457764e-01
1.738915145397186279e-01
1.761341542005538940e-01
2.778824865818023682e-01
2.736549973487854004e-01
1.656061857938766479e-01
2.671726942062377930e-01
5.099135637283325195e-01
6.144219040870666504e-01
4.078312814235687256e-01
3.421674966812133789e-01
3.895429670810699463e-01
7.244728207588195801e-01
2.117688894271850586e+00
2.760986089706420898e+00
5.346852779388427734e+00
4.113873958587646484e+00
4.482482910156250000e+00
4.945442676544189453e+00
3.650104522705078125e+00
2.252815008163452148e+00
1.668300867080688477e+00
1.574854135513305664e+00
1.536881685256958008e+00
1.523110866546630859e+00
1.269644021987915039e+00
1.152374982833862305e+00
1.739930510520935059e+00
2.762189626693725586e+00
1.092443466186523438e+00
9.066596031188964844e-01
7.167417407035827637e-01
8.360829949378967285e-01
6.215246915817260742e-01
6.789080500602722168e-01
6.343293190002441406e-01
4.188362956047058105e-01
3.660548329353332520e-01
6.994378566741943359e-01
6.619470715522766113e-01
6.112495660781860352e-01
4.602857232093811035e-01
3.456331193447113037e-01
4.621465802192687988e-01
5.503097772598266602e-01
4.052392244338989258e-01
7.296615242958068848e-01
3.644811511039733887e-01
3.398582935333251953e-01
2.391977757215499878e-01
5.051341652870178223e-01
3.177641928195953369e-01
3.769864439964294434e-01
3.757621049880981445e-01
5.317483544349670410e-01
3.592820167541503906e-01
3.132213354110717773e-01
2.938874065876007080e-01
3.404367864131927490e-01
4.563499987125396729e-01
4.893444180488586426e-01
2.807894945144653320e-01
2.817610800266265869e-01
2.948873043060302734e-01
2.661318480968475342e-01
5.734879374504089355e-01
5.508902072906494141e-01
4.929368495941162109e-01
3.999810814857482910e-01
2.214013636112213135e-01
4.136347770690917969e-01
5.411176085472106934e-01
3.612278401851654053e-01
4.899674355983734131e-01
2.399802803993225098e-01
2.454996407032012939e-01
4.196718335151672363e-01
4.620950222015380859e-01
3.286472856998443604e-01
3.104457557201385498e-01
2.936243414878845215e-01
3.789513409137725830e-01
3.674114346504211426e-01
2.359126508235931396e-01
2.866433858871459961e-01
3.871963620185852051e-01
1.550868749618530273e-01
3.361561298370361328e-01
3.920693397521972656e-01
2.765937447547912598e-01
1.313570737838745117e-01
1.569801270961761475e-01
3.175974190235137939e-01
3.223403096199035645e-01
3.595462441444396973e-01
1.408566683530807495e-01
2.886091768741607666e-01
2.692798376083374023e-01
1.755354553461074829e-01
1.363758295774459839e-01
2.857723236083984375e-01
3.198262453079223633e-01
1.977885365486145020e-01
1.791560649871826172e-01
2.994719445705413818e-01
3.022948205471038818e-01
2.036949098110198975e-01
3.089383840560913086e-01
2.687965333461761475e-01
3.493644595146179199e-01
2.451640814542770386e-01
2.495940029621124268e-01
3.463689088821411133e-01
3.850016593933105469e-01
3.960046470165252686e-01
2.196947634220123291e-01
2.770743370056152344e-01
1.600273102521896362e-01
1.658282130956649780e-01
2.350964248180389404e-01
2.397349476814270020e-01
5.215634107589721680e-01
8.814799189567565918e-01
1.484711408615112305e+00
1.574130892753601074e+00
1.873963356018066406e+00
1.659343361854553223e+00
2.294042348861694336e+00
2.580348491668701172e+00
9.061579704284667969e-01
7.401447892189025879e-01
7.004262208938598633e-01
6.090018749237060547e-01
5.341684818267822266e-01
6.208936572074890137e-01
7.381619215011596680e-01
7.679060697555541992e-01
7.094209194183349609e-01
5.103063583374023438e-01
7.278394699096679688e-01
9.753100275993347168e-01
5.411452651023864746e-01
2.233609408140182495e-01
3.610711395740509033e-01
4.923285245895385742e-01
4.478273987770080566e-01
4.580103754997253418e-01
4.880221486091613770e-01
3.262942433357238770e-01
3.678271770477294922e-01
5.160809755325317383e-01
3.722784519195556641e-01
3.221602439880371094e-01
3.450034260749816895e-01
3.164466619491577148e-01
2.988312840461730957e-01
4.179840981960296631e-01
3.034149110317230225e-01
4.261352419853210449e-01
6.618860960006713867e-01
1.265452623367309570e+00
4.897241294384002686e-01
3.286309540271759033e-01
4.020883440971374512e-01
2.881147861480712891e-01
2.718393206596374512e-01
5.229198932647705078e-01
5.341750383377075195e-01
9.634114503860473633e-01
4.865278601646423340e-01
2.307129502296447754e-01
3.086098432540893555e-01
2.673690021038055420e-01
2.694853544235229492e-01
2.416747808456420898e-01
3.271500468254089355e-01
3.037565648555755615e-01
3.422564864158630371e-01
4.307013750076293945e-01
1.786487102508544922e-01
3.181032538414001465e-01
2.900597155094146729e-01
3.045701682567596436e-01
3.780733346939086914e-01
2.015620768070220947e-01
2.950849235057830811e-01
2.866258025169372559e-01
3.827772140502929688e-01
1.958815753459930420e-01
2.392790615558624268e-01
2.798012495040893555e-01
2.646644413471221924e-01
2.133299410343170166e-01
2.067125588655471802e-01
2.246684283018112183e-01
4.554671049118041992e-01
5.959006547927856445e-01
4.599263966083526611e-01
1.736583858728408813e-01
2.922154366970062256e-01
4.004238545894622803e-01
3.485477864742279053e-01
3.522296547889709473e-01
2.646493315696716309e-01
1.927293390035629272e-01
2.813849151134490967e-01
2.745293676853179932e-01
2.850699424743652344e-01
2.036639451980590820e-01
1.723357439041137695e-01
2.375600636005401611e-01
4.700552523136138916e-01
4.761731028556823730e-01
2.436879426240921021e-01
4.815301895141601562e-01
4.931776821613311768e-01
1.891672015190124512e-01
3.889144659042358398e-01
2.825320065021514893e-01
2.014140188694000244e-01
3.048681914806365967e-01
3.414936065673828125e-01
4.344502389430999756e-01
3.035236299037933350e-01
2.978147566318511963e-01
4.840708971023559570e-01
2.348300963640213013e-01
5.347400307655334473e-01
4.616692960262298584e-01
3.907659649848937988e-01
1.870214939117431641e-01
3.255549669265747070e-01
2.907457947731018066e-01
2.281935960054397583e-01
1.939858794212341309e-01
3.548249304294586182e-01
2.914594709873199463e-01
4.972285032272338867e-01
3.762961328029632568e-01
1.880927681922912598e-01
2.007675170898437500e-01
1.399430930614471436e-01
2.110030055046081543e-01
2.669316828250885010e-01
2.070399820804595947e-01
3.284687101840972900e-01
2.544203102588653564e-01
1.831786334514617920e-01
2.379213273525238037e-01
3.585349321365356445e-01
4.718999862670898438e-01
5.511180758476257324e-01
3.633578717708587646e-01
3.465306460857391357e-01
3.900742530822753906e-01
3.922061622142791748e-01
6.255251169204711914e-01
8.798857927322387695e-01
7.063872218132019043e-01
4.097410738468170166e-01
3.266778886318206787e-01
2.691809833049774170e-01
3.141823709011077881e-01
3.046446144580841064e-01
3.820882141590118408e-01
5.748038887977600098e-01
8.903579711914062500e-01
5.960690975189208984e-01
4.531785547733306885e-01
6.619669795036315918e-01
7.348788380622863770e-01
4.166992008686065674e-01
4.650175571441650391e-01
2.128123641014099121e-01
2.286579161882400513e-01
2.365507632493972778e-01
2.929598987102508545e-01
2.123551368713378906e-01
2.861799001693725586e-01
1.938851475715637207e-01
2.779450714588165283e-01
2.216822206974029541e-01
2.122792601585388184e-01
2.969612479209899902e-01
3.418564796447753906e-01
3.474617600440979004e-01
2.439389973878860474e-01
2.020483464002609253e-01
1.578780859708786011e-01
3.726217150688171387e-01
1.950732916593551636e-01
2.012788504362106323e-01
2.478478997945785522e-01
2.463370561599731445e-01
1.806980073451995850e-01
1.942271143198013306e-01
3.077311813831329346e-01
5.919712185859680176e-01
6.688036918640136719e-01
6.113309264183044434e-01
2.753676474094390869e-01
5.041048526763916016e-01
8.235648870468139648e-01
2.124401569366455078e+00
2.171523571014404297e+00
3.542448282241821289e+00
2.113970041275024414e+00
1.333014845848083496e+00
1.227797627449035645e+00
5.329405665397644043e-01
5.960101485252380371e-01
8.754047155380249023e-01
1.091562151908874512e+00
1.286999106407165527e+00
6.178992986679077148e-01
3.221768736839294434e-01
7.476072907447814941e-01
9.375755786895751953e-01
9.026712775230407715e-01
4.780784845352172852e-01
1.852783262729644775e-01
2.999362349510192871e-01
3.753568530082702637e-01
2.877425849437713623e-01
5.650140643119812012e-01
4.344907402992248535e-01
5.368508100509643555e-01
4.657159447669982910e-01
2.804112434387207031e-01
2.737408876419067383e-01
1.995764672756195068e-01
1.705238372087478638e-01
2.846242189407348633e-01
3.860461711883544922e-01
2.937515377998352051e-01
3.539597392082214355e-01
3.662162721157073975e-01
2.663848400115966797e-01
1.912705004215240479e-01
3.391661345958709717e-01
1.668088883161544800e-01
3.233639597892761230e-01
2.448785752058029175e-01
3.032830655574798584e-01
2.273165285587310791e-01
3.905661404132843018e-01
5.198366045951843262e-01
4.598785042762756348e-01
2.037734985351562500e-01
1.600928306579589844e-01
2.193805575370788574e-01
4.912092685699462891e-01
5.860760211944580078e-01
5.884819626808166504e-01
7.544136047363281250e-01
6.318901777267456055e-01
2.461952865123748779e-01
3.869442343711853027e-01
6.232207417488098145e-01
5.288054347038269043e-01
2.136039882898330688e-01
3.336719870567321777e-01
3.273820877075195312e-01
3.614718317985534668e-01
5.266175270080566406e-01
1.750246286392211914e-01
3.014150857925415039e-01
3.413131535053253174e-01
4.306239187717437744e-01
2.472434788942337036e-01
3.716168701648712158e-01
2.415223419666290283e-01
3.002870082855224609e-01
2.230909019708633423e-01
1.888898760080337524e-01
2.561572194099426270e-01
2.180710881948471069e-01
3.030493855476379395e-01
2.340390980243682861e-01
1.877991706132888794e-01
4.493592083454132080e-01
4.315449595451354980e-01
2.825043201446533203e-01
2.121545523405075073e-01
2.705408036708831787e-01
2.663573026657104492e-01
3.699746429920196533e-01
3.389719128608703613e-01
1.587665677070617676e-01
1.599892526865005493e-01
1.715261936187744141e-01
1.692932844161987305e-01
1.205214336514472961e-01
5.161633491516113281e-01
1.361532688140869141e+00
1.458355188369750977e+00
5.673706531524658203e-01
3.234004378318786621e-01
4.246863722801208496e-01
6.055911779403686523e-01
6.723552942276000977e-01
6.278443932533264160e-01
2.924802601337432861e-01
2.882228493690490723e-01
2.912797629833221436e-01
3.832803070545196533e-01
7.231946587562561035e-01
6.674560308456420898e-01
1.215153217315673828e+00
1.785817265510559082e+00
1.715785622596740723e+00
1.575788974761962891e+00
3.632058382034301758e+00
3.855958223342895508e+00
2.690207242965698242e+00
2.174943923950195312e+00
2.370118141174316406e+00
2.848122358322143555e+00
1.112393856048583984e+00
9.825773239135742188e-01
1.305930733680725098e+00
1.128790974617004395e+00
4.909106492996215820e-01
7.300921678543090820e-01
5.507853031158447266e-01
7.000333666801452637e-01
4.854521751403808594e-01
4.040920734405517578e-01
4.784552156925201416e-01
5.293395519256591797e-01
5.085626840591430664e-01
4.957687854766845703e-01
4.164333343505859375e-01
4.175705611705780029e-01
6.241759061813354492e-01
4.230659604072570801e-01
4.576598703861236572e-01
2.818530797958374023e-01
2.557980716228485107e-01
2.502643465995788574e-01
3.920485377311706543e-01
3.753370642662048340e-01
4.292815625667572021e-01
2.915312647819519043e-01
2.462465763092041016e-01
3.636543750762939453e-01
6.393433213233947754e-01
3.053066432476043701e-01
2.866503894329071045e-01
2.375722229480743408e-01
3.098075389862060547e-01
3.800708651542663574e-01
3.620105087757110596e-01
3.661068081855773926e-01
2.118704468011856079e-01
2.131579220294952393e-01
2.404716014862060547e-01
3.180862069129943848e-01
2.703677117824554443e-01
3.363505005836486816e-01
1.908209621906280518e-01
3.475621640682220459e-01
3.317093849182128906e-01
2.564753890037536621e-01
3.424918651580810547e-01
2.411774545907974243e-01
2.092018723487854004e-01
2.560001015663146973e-01
1.287312805652618408e-01
3.853853344917297363e-01
3.465155959129333496e-01
4.170380234718322754e-01
3.597766458988189697e-01
3.566543161869049072e-01
2.251285612583160400e-01
1.296215057373046875e-01
1.887499094009399414e-01
2.226594835519790649e-01
2.458536773920059204e-01
2.811804413795471191e-01
4.673146009445190430e-01
7.480099201202392578e-01
5.616650581359863281e-01
2.351355552673339844e-01
5.441361665725708008e-01
1.080166101455688477e+00
1.389271497726440430e+00
4.400697231292724609e+00
1.608394145965576172e+00
1.278849840164184570e+00
1.177394747734069824e+00
8.372181653976440430e-01
1.254503846168518066e+00
1.877543210983276367e+00
1.201844453811645508e+00
1.004208803176879883e+00
7.058460712432861328e-01
4.993107318878173828e-01
7.299869656562805176e-01
1.193118453025817871e+00
9.920484423637390137e-01
5.926476716995239258e-01
4.487397968769073486e-01
5.372639298439025879e-01
5.645749568939208984e-01
4.524042308330535889e-01
4.250196218490600586e-01
4.046746492385864258e-01
4.543044269084930420e-01
4.084113836288452148e-01
3.313674032688140869e-01
5.100915431976318359e-01
6.914451718330383301e-01
6.158457398414611816e-01
4.953238368034362793e-01
4.276923239231109619e-01
3.105465173721313477e-01
4.393216371536254883e-01
3.473649322986602783e-01
4.263980686664581299e-01
2.776359617710113525e-01
3.664795756340026855e-01
4.096966385841369629e-01
2.141001224517822266e-01
2.365981638431549072e-01
3.164786398410797119e-01
5.554656982421875000e-01
1.019880294799804688e+00
4.455780982971191406e-01
1.856369376182556152e-01
1.853122562170028687e-01
2.969538271427154541e-01
3.911769092082977295e-01
3.567653596401214600e-01
4.023575782775878906e-01
5.259752869606018066e-01
3.992437720298767090e-01
3.772844970226287842e-01
5.502191781997680664e-01
5.248204469680786133e-01
7.968579530715942383e-01
1.356185793876647949e+00
5.226638317108154297e-01
3.795028924942016602e-01
4.793625771999359131e-01
4.584572315216064453e-01
3.838502764701843262e-01
2.559113204479217529e-01
5.859208106994628906e-01
5.829655528068542480e-01
2.756508290767669678e-01
2.103486657142639160e-01
2.206537425518035889e-01
1.601804643869400024e-01
4.482220709323883057e-01
5.085746645927429199e-01
4.325150847434997559e-01
2.543988823890686035e-01
3.832764923572540283e-01
2.713240385055541992e-01
1.858226954936981201e-01
3.114628791809082031e-01
3.038455545902252197e-01
2.227968275547027588e-01
2.130945920944213867e-01
2.218114733695983887e-01
2.343520224094390869e-01
2.955438792705535889e-01
4.116861522197723389e-01
2.090171426534652710e-01
2.588012218475341797e-01
2.636044621467590332e-01
2.657465338706970215e-01
1.841804534196853638e-01
2.996412515640258789e-01
4.674528241157531738e-01
2.884357273578643799e-01
1.848829090595245361e-01
1.533570736646652222e-01
2.826355695724487305e-01
2.877041995525360107e-01
1.555939912796020508e-01
2.370721548795700073e-01
2.406283318996429443e-01
3.421473801136016846e-01
2.171410322189331055e-01
2.525149583816528320e-01
2.855211198329925537e-01
2.485259175300598145e-01
2.277871072292327881e-01
1.716815233230590820e-01
2.270173430442810059e-01
2.470641285181045532e-01
2.064349353313446045e-01
2.092320621013641357e-01
2.647925615310668945e-01
2.733747363090515137e-01
3.061530590057373047e-01
2.106140106916427612e-01
2.514269948005676270e-01
1.502071619033813477e-01
2.289681434631347656e-01
2.439109385013580322e-01
2.664477527141571045e-01
2.529549598693847656e-01
2.173848301172256470e-01
1.281391531229019165e-01
2.548827528953552246e-01
2.069412320852279663e-01
2.230558693408966064e-01
2.625550925731658936e-01
2.687847912311553955e-01
2.613230049610137939e-01
1.503755152225494385e-01
2.378488779067993164e-01
1.827838569879531860e-01
1.239602342247962952e-01
1.977731287479400635e-01
1.940166950225830078e-01
3.057760596275329590e-01
2.991963326930999756e-01
2.416008859872817993e-01
2.448307573795318604e-01
4.507699608802795410e-01
5.640252232551574707e-01
1.232662647962570190e-01
3.693999052047729492e-01
3.796227574348449707e-01
1.066489219665527344e-01
2.767886221408843994e-01
3.022263050079345703e-01
1.153707951307296753e-01
3.800235092639923096e-01
3.121907114982604980e-01
1.592042297124862671e-01
3.259674608707427979e-01
2.416905313730239868e-01
2.487993240356445312e-01
2.321090549230575562e-01
1.791805773973464966e-01
2.008455693721771240e-01
2.109347283840179443e-01
2.232524454593658447e-01
2.112314552068710327e-01
1.607786715030670166e-01
4.620580971240997314e-01
4.379692375659942627e-01
1.609383821487426758e-01
2.898429036140441895e-01
2.598628401756286621e-01
1.648133099079132080e-01
2.382031083106994629e-01
2.270030975341796875e-01
1.710913181304931641e-01
1.727379411458969116e-01
2.064021229743957520e-01
2.482315450906753540e-01
1.863860487937927246e-01
1.660102456808090210e-01
2.206434309482574463e-01
1.793727576732635498e-01
1.844021528959274292e-01
1.814945340156555176e-01
3.061558902263641357e-01
1.656502187252044678e-01
2.103132158517837524e-01
1.657008826732635498e-01
1.658697128295898438e-01
1.583089530467987061e-01
2.214947938919067383e-01
1.715166270732879639e-01
1.994495987892150879e-01
2.394228726625442505e-01
2.278517186641693115e-01
1.622382402420043945e-01
1.048526167869567871e-01
1.862709969282150269e-01
2.228039205074310303e-01
2.503451704978942871e-01
4.590936601161956787e-01
4.011961519718170166e-01
2.794050872325897217e-01
2.335958182811737061e-01
2.433194518089294434e-01
2.181190103292465210e-01
1.355313360691070557e-01
1.866582632064819336e-01
1.492762565612792969e-01
1.906732767820358276e-01
1.603438109159469604e-01
1.125541329383850098e-01
1.689824163913726807e-01
2.518609166145324707e-01
1.872277110815048218e-01
1.774713099002838135e-01
1.730545610189437866e-01
2.391188740730285645e-01
1.637532711029052734e-01
2.523260116577148438e-01
1.990567445755004883e-01
2.354930639266967773e-01
2.749897241592407227e-01
4.115296006202697754e-01
3.845900893211364746e-01
3.170889616012573242e-01
2.652342617511749268e-01
1.472952663898468018e-01
2.115945369005203247e-01
2.204556167125701904e-01
2.028239071369171143e-01
2.202345132827758789e-01
1.565742492675781250e-01
2.227734923362731934e-01
2.598478496074676514e-01
1.244629770517349243e-01
1.539795398712158203e-01
1.907533258199691772e-01
1.832623481750488281e-01
1.467728465795516968e-01
2.432974874973297119e-01
1.600900888442993164e-01
2.421201616525650024e-01
2.937909364700317383e-01
3.347970843315124512e-01
1.273277640342712402e+00
2.500994682312011719e+00
2.926525592803955078e+00
3.719138622283935547e+00
1.959088683128356934e+00
2.606303930282592773e+00
2.674802780151367188e+00
9.429924488067626953e-01
5.838524699211120605e-01
8.476842641830444336e-01
5.653858184814453125e-01
9.586289525032043457e-01
1.068423032760620117e+00
1.037888288497924805e+00
1.163019895553588867e+00
8.719274401664733887e-01
5.261701345443725586e-01
5.431562066078186035e-01
6.924107670783996582e-01
4.909559488296508789e-01
5.813652276992797852e-01
5.083267688751220703e-01
6.158841252326965332e-01
8.123636245727539062e-01
9.769371151924133301e-01
9.443203806877136230e-01
8.440223932266235352e-01
6.247904300689697266e-01
6.299736499786376953e-01
1.274950861930847168e+00
1.924364447593688965e+00
1.000236868858337402e+00
7.241958379745483398e-01
6.464855670928955078e-01
2.873711287975311279e-01
3.249597847461700439e-01
4.861971735954284668e-01
3.603922426700592041e-01
6.103910803794860840e-01
7.885122895240783691e-01
4.074700772762298584e-01
1.781179904937744141e-01
4.783687293529510498e-01
2.758262157440185547e-01
5.357187986373901367e-01
7.912527322769165039e-01
1.244996190071105957e+00
5.153346657752990723e-01
4.347174763679504395e-01
5.026355981826782227e-01
5.840998888015747070e-01
3.681829273700714111e-01
4.607560336589813232e-01
2.305085211992263794e-01
5.062850713729858398e-01
2.286263555288314819e-01
2.405724823474884033e-01
3.972617983818054199e-01
2.579811811447143555e-01
3.232962787151336670e-01
2.914848625659942627e-01
2.672731280326843262e-01
1.986402571201324463e-01
2.606850266456604004e-01
2.481372654438018799e-01
3.803338408470153809e-01
3.727223277091979980e-01
3.719023168087005615e-01
1.986820995807647705e-01
2.805334031581878662e-01
2.746702730655670166e-01
2.811051607131958008e-01
2.737908661365509033e-01
2.959171533584594727e-01
2.572451233863830566e-01
1.670357882976531982e-01
1.561084389686584473e-01
2.389499545097351074e-01
2.210803776979446411e-01
3.086680471897125244e-01
3.772899806499481201e-01
2.064293324947357178e-01
2.019509375095367432e-01
1.330270469188690186e-01
2.912078797817230225e-01
2.139765918254852295e-01
2.266070395708084106e-01
3.176797628402709961e-01
2.742821574211120605e-01
1.795511394739151001e-01
1.621186137199401855e-01
2.571960091590881348e-01
3.285448253154754639e-01
4.450262188911437988e-01
4.624090194702148438e-01
5.267119407653808594e-01
2.350425720214843750e-01
2.301008850336074829e-01
2.512069940567016602e-01
2.237672507762908936e-01
1.965514868497848511e-01
2.912577390670776367e-01
3.404835164546966553e-01
2.115456461906433105e-01
1.875477135181427002e-01
2.081943452358245850e-01
2.196464240550994873e-01
2.134496122598648071e-01
2.037643194198608398e-01
2.367454469203948975e-01
2.248546183109283447e-01
2.711697220802307129e-01
2.807636260986328125e-01
2.562505602836608887e-01
2.500984668731689453e-01
1.861938089132308960e-01
1.128858625888824463e-01
2.892876267433166504e-01
2.939641773700714111e-01
2.138828933238983154e-01
2.071313112974166870e-01
2.312292903661727905e-01
1.656397581100463867e-01
1.713355779647827148e-01
1.658907681703567505e-01
3.115815222263336182e-01
3.024972081184387207e-01
2.072090655565261841e-01
1.623227894306182861e-01
2.643661499023437500e-01
3.097730278968811035e-01
6.267865896224975586e-01
5.281091332435607910e-01
2.725110948085784912e-01
2.544043362140655518e-01
3.435364961624145508e-01
1.122275888919830322e-01
1.772896647453308105e-01
2.335554659366607666e-01
2.057160735130310059e-01
2.382231950759887695e-01
1.782680451869964600e-01
2.349220514297485352e-01
2.806384861469268799e-01
3.301509618759155273e-01
4.249343276023864746e-01
3.811676800251007080e-01
2.454696893692016602e-01
1.827540993690490723e-01
1.610852479934692383e-01
2.679148614406585693e-01
3.245287537574768066e-01
4.873135089874267578e-01
5.476551055908203125e-01
4.473328590393066406e-01
2.975347638130187988e-01
2.047589272260665894e-01
3.449058830738067627e-01
3.234000205993652344e-01
1.925905942916870117e-01
1.503392010927200317e-01
1.809325218200683594e-01
1.874774843454360962e-01
2.437310814857482910e-01
2.465754896402359009e-01
1.287506818771362305e-01
3.349211812019348145e-01
3.137955069541931152e-01
3.143759369850158691e-01
1.687306016683578491e-01
3.202728033065795898e-01
1.925169974565505981e-01
3.448047637939453125e-01
5.167129635810852051e-01
1.227337568998336792e-01
7.696147561073303223e-01
1.406866073608398438e+00
4.050812721252441406e+00
4.403975009918212891e+00
1.896197199821472168e+00
2.252599000930786133e+00
3.843041658401489258e+00
3.456600666046142578e+00
1.604024767875671387e+00
2.330255508422851562e+00
3.333596706390380859e+00
2.281767129898071289e+00
1.948690891265869141e+00
2.675358772277832031e+00
1.522532463073730469e+00
1.083991289138793945e+00
1.265427112579345703e+00
9.242969155311584473e-01
9.007106423377990723e-01
1.037429094314575195e+00
1.081984043121337891e+00
7.588717341423034668e-01
4.076352715492248535e-01
3.517525494098663330e-01
4.459536969661712646e-01
4.757011830806732178e-01
6.273145675659179688e-01
4.578784704208374023e-01
5.083544254302978516e-01
2.995558381080627441e-01
3.777940869331359863e-01
4.126588702201843262e-01
3.527762293815612793e-01
3.310456573963165283e-01
3.827257752418518066e-01
8.905890583992004395e-01
1.243605971336364746e+00
1.209811568260192871e+00
5.914938449859619141e-01
1.459168046712875366e-01
5.624691247940063477e-01
7.727486491203308105e-01
7.281239628791809082e-01
4.749386906623840332e-01
1.368181705474853516e-01
3.656329214572906494e-01
4.398901164531707764e-01
5.547538399696350098e-01
3.114807307720184326e-01
4.587934315204620361e-01
5.053135752677917480e-01
6.103202700614929199e-01
5.292637348175048828e-01
3.686521649360656738e-01
4.295526742935180664e-01
4.090218842029571533e-01
3.474569916725158691e-01
4.218692481517791748e-01
5.860357880592346191e-01
1.130740642547607422e+00
2.168287515640258789e+00
1.007439970970153809e+00
1.109290122985839844e+00
1.650925159454345703e+00
1.148764371871948242e+00
6.483941078186035156e-01
4.901646375656127930e-01
4.225704669952392578e-01
3.642271757125854492e-01
3.426203727722167969e-01
6.125233769416809082e-01
4.589269161224365234e-01
2.132039070129394531e-01
3.339802026748657227e-01
2.275084257125854492e-01
3.437728285789489746e-01
3.001326322555541992e-01
3.109598457813262939e-01
1.910473555326461792e-01
3.620657622814178467e-01
3.897200226783752441e-01
3.428436517715454102e-01
3.515169024467468262e-01
2.936075329780578613e-01
2.557852864265441895e-01
1.477717608213424683e-01
3.853071033954620361e-01
3.030035793781280518e-01
3.181083202362060547e-01
5.433598160743713379e-01
3.880994319915771484e-01
2.513225078582763672e-01
2.760126590728759766e-01
2.910519242286682129e-01
3.052410483360290527e-01
2.748014032840728760e-01
3.064352869987487793e-01
2.761275172233581543e-01
2.112643569707870483e-01
2.197342962026596069e-01
1.124373674392700195e-01
1.842901855707168579e-01
4.344347119331359863e-01
6.291535496711730957e-01
8.907523155212402344e-01
5.926350355148315430e-01
2.024937152862548828e+00
2.586658716201782227e+00
2.315340757369995117e+00
1.499526619911193848e+00
8.206313252449035645e-01
6.562507152557373047e-01
5.589454174041748047e-01
5.454540848731994629e-01
8.620029687881469727e-01
8.115208148956298828e-01
1.082535743713378906e+00
1.138667345046997070e+00
5.478469729423522949e-01
3.321487903594970703e-01
6.250793933868408203e-01
8.397107124328613281e-01
8.500229716300964355e-01
5.702807903289794922e-01
2.599880099296569824e-01
2.492100149393081665e-01
3.518826663494110107e-01
2.842946052551269531e-01
2.530070245265960693e-01
4.568087160587310791e-01
3.455561697483062744e-01
5.327160358428955078e-01
4.754894971847534180e-01
3.045210242271423340e-01
2.984046339988708496e-01
4.051995277404785156e-01
4.112619161605834961e-01
2.072222083806991577e-01
4.452282190322875977e-01
7.263987064361572266e-01
3.377079665660858154e-01
2.062048316001892090e-01
4.635329246520996094e-01
4.673237800598144531e-01
4.040306210517883301e-01
1.183781549334526062e-01
3.071467876434326172e-01
2.269417941570281982e-01
4.850196242332458496e-01
5.523963570594787598e-01
6.532638669013977051e-01
3.844304084777832031e-01
2.444861978292465210e-01
1.835261285305023193e-01
3.400137424468994141e-01
2.607642412185668945e-01
2.776515781879425049e-01
3.673479855060577393e-01
5.300825238227844238e-01
3.499049246311187744e-01
2.127392143011093140e-01
3.290595710277557373e-01
1.980611979961395264e-01
1.537071019411087036e-01
1.947424113750457764e-01
5.054439902305603027e-01
4.230630695819854736e-01
4.844132661819458008e-01
1.696271896362304688e-01
2.106176614761352539e-01
3.987652659416198730e-01
9.889103472232818604e-02
5.725420117378234863e-01
6.506274342536926270e-01
4.119860529899597168e-01
2.173175066709518433e-01
3.067508935928344727e-01
2.073461115360260010e-01
2.092096805572509766e-01
2.431104630231857300e-01
1.467238515615463257e-01
2.392102330923080444e-01
1.300818920135498047e-01
2.350946962833404541e-01
2.220767587423324585e-01
2.292252331972122192e-01
3.848686814308166504e-01
5.026832222938537598e-01
5.422407388687133789e-01
3.293642401695251465e-01
2.479150593280792236e-01
1.866643875837326050e-01
1.844314336776733398e-01
2.695881724357604980e-01
2.613557279109954834e-01
1.858380585908889771e-01
1.951597630977630615e-01
2.115602642297744751e-01
3.134238421916961670e-01
2.419106215238571167e-01
1.863526403903961182e-01
3.454463183879852295e-01
1.964023411273956299e-01
2.708767950534820557e-01
2.537908554077148438e-01
1.780052483081817627e-01
3.111988306045532227e-01
3.847838044166564941e-01
1.259045898914337158e-01
2.154587358236312866e-01
1.892069876194000244e-01
2.144310176372528076e-01
2.681973278522491455e-01
2.541608512401580811e-01
4.021242558956146240e-01
3.184754550457000732e-01
1.416804194450378418e-01
2.657635509967803955e-01
2.788361907005310059e-01
1.824956387281417847e-01
1.861080825328826904e-01
2.332342863082885742e-01
2.499578893184661865e-01
3.092047870159149170e-01
2.896668314933776855e-01
1.740806400775909424e-01
1.879152059555053711e-01
2.087403535842895508e-01
1.959305703639984131e-01
2.404669076204299927e-01
1.753677576780319214e-01
3.862827420234680176e-01
5.104824900627136230e-01
2.971157431602478027e-01
3.573353588581085205e-01
3.508653044700622559e-01
2.772850990295410156e-01
1.559106111526489258e-01
2.735033631324768066e-01
2.067740112543106079e-01
1.639925539493560791e-01
2.141828387975692749e-01
1.934135705232620239e-01
1.696103811264038086e-01
2.192722111940383911e-01
2.358567416667938232e-01
3.624235689640045166e-01
2.390070408582687378e-01
1.657403111457824707e-01
1.565112173557281494e-01
1.487409472465515137e-01
1.196839809417724609e-01
3.068382740020751953e-01
2.345857173204421997e-01
1.798280626535415649e-01
2.862537801265716553e-01
3.848884105682373047e-01
1.839407533407211304e-01
1.276282221078872681e-01
2.526692152023315430e-01
2.149505019187927246e-01
2.648702263832092285e-01
1.510684490203857422e-01
3.337516784667968750e-01
3.638358712196350098e-01
1.945602297782897949e-01
1.650213599205017090e-01
1.901737451553344727e-01
2.283764630556106567e-01
1.740168333053588867e-01
2.137155532836914062e-01
1.962649077177047729e-01
3.175548911094665527e-01
4.258467555046081543e-01
2.343730479478836060e-01
1.293310523033142090e-01
2.215684801340103149e-01
3.409149944782257080e-01
1.942014098167419434e-01
1.878062188625335693e-01
2.323818057775497437e-01
2.109118103981018066e-01
2.549763917922973633e-01
2.202217280864715576e-01
1.832849979400634766e-01
2.229336351156234741e-01
1.618349850177764893e-01
2.462690770626068115e-01
3.502277731895446777e-01
2.457776069641113281e-01
1.307167112827301025e-01
1.704680174589157104e-01
2.051282376050949097e-01
6.356704235076904297e-01
6.875082254409790039e-01
6.475834250450134277e-01
5.259791612625122070e-01
4.461931884288787842e-01
1.372901201248168945e-01
3.499287366867065430e-01
4.535545408725738525e-01
5.245456695556640625e-01
2.551942467689514160e-01
3.513301312923431396e-01
2.180874496698379517e-01
3.671268224716186523e-01
1.390680819749832153e-01
1.132037937641143799e-01
1.262250393629074097e-01
2.209664285182952881e-01
1.559499353170394897e-01
2.235405892133712769e-01
2.126784026622772217e-01
3.841266334056854248e-01
4.853103458881378174e-01
3.444692492485046387e-01
2.433910518884658813e-01
3.615631759166717529e-01
2.785306274890899658e-01
1.792122274637222290e-01
1.683195382356643677e-01
2.371576875448226929e-01
2.405223995447158813e-01
3.244749605655670166e-01
4.341747760772705078e-01
1.871714591979980469e-01
8.424364030361175537e-02
8.067139983177185059e-02
1.552475839853286743e-01
1.462771594524383545e-01
1.840287894010543823e-01
2.341049462556838989e-01
2.911504507064819336e-01
2.177697420120239258e-01
1.556576639413833618e-01
1.441174447536468506e-01
2.272802293300628662e-01
2.054856866598129272e-01
2.521502077579498291e-01
1.516886204481124878e-01
1.547575294971466064e-01
1.909384280443191528e-01
1.962953656911849976e-01
1.635307371616363525e-01
1.154013425111770630e-01
2.092729657888412476e-01
1.286407709121704102e-01
1.898682713508605957e-01
1.501263976097106934e-01
1.187150776386260986e-01
1.905382573604583740e-01
1.565645337104797363e-01
2.850971221923828125e-01
3.254111707210540771e-01
1.529997438192367554e-01
3.382998108863830566e-01
2.025299817323684692e-01
1.340745091438293457e-01
2.096797823905944824e-01
1.368960589170455933e-01
1.654015481472015381e-01
3.037883341312408447e-01
5.694534182548522949e-01
5.693266987800598145e-01
2.387670278549194336e-01
2.059465646743774414e-01
5.454781651496887207e-01
2.483814060688018799e-01
5.683137774467468262e-01
1.401654005050659180e+00
1.959376573562622070e+00
1.358096837997436523e+00
1.028048753738403320e+00
6.980558633804321289e-01
5.589157342910766602e-01
9.335122108459472656e-01
8.906150460243225098e-01
9.683654308319091797e-01
1.152861714363098145e+00
1.205815672874450684e+00
8.032851219177246094e-01
4.329741597175598145e-01
4.478634595870971680e-01
5.684043169021606445e-01
4.058729112148284912e-01
5.707237124443054199e-01
6.216765642166137695e-01
5.985296964645385742e-01
6.670260429382324219e-01
7.388224601745605469e-01
7.321433424949645996e-01
5.443842411041259766e-01
3.495263457298278809e-01
3.483107984066009521e-01
4.129682481288909912e-01
4.642882347106933594e-01
4.217639565467834473e-01
4.464964866638183594e-01
5.786470174789428711e-01
2.591871321201324463e-01
3.493028283119201660e-01
3.397395014762878418e-01
6.189013123512268066e-01
6.547697782516479492e-01
5.543649196624755859e-01
3.583831191062927246e-01
2.653044462203979492e-01
3.565295338630676270e-01
3.714771866798400879e-01
3.015342950820922852e-01
2.059386074542999268e-01
2.979853153228759766e-01
2.249369621276855469e-01
3.314310312271118164e-01
4.132593274116516113e-01
2.478867471218109131e-01
2.375590503215789795e-01
2.747362256050109863e-01
1.473815441131591797e-01
1.498441249132156372e-01
1.929665505886077881e-01
3.093166351318359375e-01
4.721205532550811768e-01
1.949467808008193970e-01
5.646820068359375000e-01
1.394410014152526855e+00
1.861479640007019043e+00
1.090569853782653809e+00
2.886162757873535156e+00
2.465031147003173828e+00
1.260079383850097656e+00
1.175227761268615723e+00
1.620198011398315430e+00
2.667827129364013672e+00
1.866580247879028320e+00
1.526586174964904785e+00
1.726631283760070801e+00
1.306442260742187500e+00
1.045020222663879395e+00
4.291147887706756592e-01
4.294202923774719238e-01
7.936908006668090820e-01
1.100613951683044434e+00
7.009266614913940430e-01
6.736264228820800781e-01
1.233606219291687012e+00
7.862952351570129395e-01
4.318734407424926758e-01
2.992413640022277832e-01
5.269353985786437988e-01
5.566078424453735352e-01
4.639947712421417236e-01
3.816850185394287109e-01
4.490722417831420898e-01
3.407303392887115479e-01
5.638511180877685547e-01
5.160023570060729980e-01
3.901678919792175293e-01
4.477248191833496094e-01
2.914127409458160400e-01
2.546700835227966309e-01
3.766412436962127686e-01
3.887866139411926270e-01
4.187551736831665039e-01
3.691417872905731201e-01
5.695799589157104492e-01
1.654131412506103516e-01
7.134320735931396484e-01
7.998063564300537109e-01
4.823490977287292480e-01
6.442788243293762207e-01
8.024393320083618164e-01
6.223602890968322754e-01
3.818054795265197754e-01
2.898207306861877441e-01
2.155061364173889160e-01
3.826439082622528076e-01
3.123245239257812500e-01
3.141354918479919434e-01
4.151897430419921875e-01
3.167279958724975586e-01
2.124166637659072876e-01
3.297195434570312500e-01
2.949485480785369873e-01
3.095716238021850586e-01
2.019695937633514404e-01
1.941242665052413940e-01
2.973479628562927246e-01
3.067056834697723389e-01
2.324299067258834839e-01
2.557842135429382324e-01
2.968952059745788574e-01
2.421218007802963257e-01
3.007726073265075684e-01
3.268656134605407715e-01
3.219783902168273926e-01
1.911468803882598877e-01
2.971827685832977295e-01
2.626739144325256348e-01
1.821432262659072876e-01
1.794542968273162842e-01
2.274802625179290771e-01
2.736645340919494629e-01
2.422803342342376709e-01
1.977005302906036377e-01
3.030289709568023682e-01
3.323172628879547119e-01
6.738334298133850098e-01
8.005767464637756348e-01
5.888600349426269531e-01
3.163157999515533447e-01
2.024235129356384277e-01
1.930868327617645264e-01
3.230942487716674805e-01
2.888917922973632812e-01
2.018071860074996948e-01
2.832760810852050781e-01
3.199291825294494629e-01
3.092013597488403320e-01
2.037758827209472656e-01
2.734708189964294434e-01
3.043615520000457764e-01
2.917943000793457031e-01
2.177560627460479736e-01
3.367105424404144287e-01
1.869228035211563110e-01
2.570042014122009277e-01
