1.421416044235229492e+00
2.131883144378662109e+00
2.454272747039794922e+00
2.375940799713134766e+00
1.968641877174377441e+00
1.646391391754150391e+00
1.888351440429687500e+00
1.667540788650512695e+00
1.685626268386840820e+00
1.562376260757446289e+00
1.627885699272155762e+00
1.509280920028686523e+00
1.605438470840454102e+00
1.331373572349548340e+00
1.228427529335021973e+00
1.108145236968994141e+00
1.242672204971313477e+00
1.295831203460693359e+00
1.085873484611511230e+00
1.345045328140258789e+00
1.174419879913330078e+00
1.026359796524047852e+00
9.037011861801147461e-01
8.823561668395996094e-01
7.397847175598144531e-01
9.768375754356384277e-01
9.358986616134643555e-01
9.419674873352050781e-01
7.966966629028320312e-01
7.890351414680480957e-01
7.626574039459228516e-01
8.025733828544616699e-01
6.953429579734802246e-01
6.474658846855163574e-01
6.742168068885803223e-01
5.544849038124084473e-01
5.452536940574645996e-01
5.418173670768737793e-01
4.405151903629302979e-01
5.931053757667541504e-01
5.310585498809814453e-01
5.543423891067504883e-01
5.926305651664733887e-01
4.018533825874328613e-01
5.556281805038452148e-01
5.384948253631591797e-01
4.373516142368316650e-01
3.838096261024475098e-01
4.251410365104675293e-01
3.617536425590515137e-01
3.747250139713287354e-01
3.614810109138488770e-01
2.938609719276428223e-01
4.047844409942626953e-01
3.766551017761230469e-01
3.464066982269287109e-01
4.495140612125396729e-01
4.312435984611511230e-01
3.091512620449066162e-01
4.646701812744140625e-01
4.591327309608459473e-01
3.953720033168792725e-01
2.714522778987884521e-01
3.227725923061370850e-01
2.979375123977661133e-01
3.355963826179504395e-01
3.701536655426025391e-01
3.090879321098327637e-01
2.603439092636108398e-01
3.190127611160278320e-01
3.357970714569091797e-01
3.113009333610534668e-01
2.805334627628326416e-01
3.785703182220458984e-01
3.629667758941650391e-01
3.054494261741638184e-01
3.294890522956848145e-01
3.350780010223388672e-01
3.078923523426055908e-01
3.721753954887390137e-01
3.683226704597473145e-01
4.282207787036895752e-01
6.754399538040161133e-01
5.186994075775146484e-01
6.671886444091796875e-01
5.884276628494262695e-01
5.980481505393981934e-01
5.394162535667419434e-01
1.195640563964843750e+00
2.752679109573364258e+00
8.035804033279418945e-01
7.344053983688354492e-01
6.369425058364868164e-01
7.131822705268859863e-01
6.109342575073242188e-01
6.324393749237060547e-01
5.403420925140380859e-01
5.731978416442871094e-01
6.587605476379394531e-01
7.235450744628906250e-01
5.768151879310607910e-01
7.178624868392944336e-01
7.815087437629699707e-01
1.023333430290222168e+00
1.076911091804504395e+00
5.395199060440063477e-01
6.474485993385314941e-01
6.482540965080261230e-01
6.544743776321411133e-01
6.700256466865539551e-01
7.359309792518615723e-01
7.596441507339477539e-01
8.540413379669189453e-01
1.294670104980468750e+00
1.251364588737487793e+00
8.943498134613037109e-01
1.111310720443725586e+00
8.054208755493164062e-01
8.538976311683654785e-01
7.491000890731811523e-01
7.991619706153869629e-01
7.369459271430969238e-01
1.149660468101501465e+00
9.905166029930114746e-01
8.139533400535583496e-01
8.227336406707763672e-01
8.315155506134033203e-01
9.304801225662231445e-01
9.179302453994750977e-01
8.595175147056579590e-01
7.507089376449584961e-01
9.150505661964416504e-01
7.945056557655334473e-01
9.632427692413330078e-01
1.075613498687744141e+00
1.270554304122924805e+00
1.225736379623413086e+00
8.595620393753051758e-01
9.303158521652221680e-01
7.006715536117553711e-01
7.173940539360046387e-01
7.871961593627929688e-01
7.620378732681274414e-01
9.674906134605407715e-01
1.079195380210876465e+00
1.128001570701599121e+00
1.301310896873474121e+00
6.995611190795898438e-01
9.580615162849426270e-01
5.217134356498718262e-01
5.464949607849121094e-01
7.028632760047912598e-01
6.839637756347656250e-01
6.609117984771728516e-01
6.624710559844970703e-01
7.396369576454162598e-01
6.848274469375610352e-01
6.990877389907836914e-01
7.160447835922241211e-01
7.201141119003295898e-01
1.061784029006958008e+00
9.266530275344848633e-01
1.001757740974426270e+00
1.075390815734863281e+00
9.046486020088195801e-01
6.940086483955383301e-01
5.556975603103637695e-01
5.593951940536499023e-01
5.867080092430114746e-01
6.450825929641723633e-01
6.918008327484130859e-01
5.483437776565551758e-01
5.867481827735900879e-01
5.212604999542236328e-01
6.293844580650329590e-01
6.135626435279846191e-01
5.732780694961547852e-01
5.804005861282348633e-01
6.268296837806701660e-01
5.638495087623596191e-01
5.270388126373291016e-01
4.078244566917419434e-01
4.469729959964752197e-01
4.458815753459930420e-01
2.871897220611572266e-01
3.091717958450317383e-01
3.888530731201171875e-01
4.006769657135009766e-01
4.132213592529296875e-01
4.875734448432922363e-01
4.872265160083770752e-01
6.715179085731506348e-01
5.669646263122558594e-01
4.899067282676696777e-01
4.226370453834533691e-01
4.514123797416687012e-01
4.897879958152770996e-01
4.319705963134765625e-01
4.467956721782684326e-01
4.373630881309509277e-01
4.195114672183990479e-01
5.496456623077392578e-01
6.759406328201293945e-01
5.374702215194702148e-01
5.731521844863891602e-01
5.951029658317565918e-01
4.166219830513000488e-01
4.170268774032592773e-01
3.594428896903991699e-01
3.623212575912475586e-01
3.426673114299774170e-01
3.183615803718566895e-01
4.470286369323730469e-01
6.470754146575927734e-01
4.682302176952362061e-01
5.472686290740966797e-01
6.174488067626953125e-01
5.751641988754272461e-01
5.010982155799865723e-01
3.546450734138488770e-01
3.130778074264526367e-01
4.382879436016082764e-01
3.470208644866943359e-01
3.928103446960449219e-01
5.436688661575317383e-01
5.995689034461975098e-01
7.490515708923339844e-01
5.165641307830810547e-01
4.990050196647644043e-01
7.205817699432373047e-01
6.508167982101440430e-01
3.717885911464691162e-01
3.103411793708801270e-01
4.168888926506042480e-01
6.217001080513000488e-01
4.347795546054840088e-01
5.488231182098388672e-01
3.692152500152587891e-01
6.264106035232543945e-01
6.176823377609252930e-01
6.287609338760375977e-01
3.246290385723114014e-01
2.142404615879058838e-01
3.040799498558044434e-01
1.805666834115982056e-01
2.201766371726989746e-01
2.356162071228027344e-01
2.933235466480255127e-01
3.035556077957153320e-01
4.182794094085693359e-01
5.278741717338562012e-01
1.080928206443786621e+00
2.033549547195434570e+00
3.684126734733581543e-01
4.973399639129638672e-01
3.828545212745666504e-01
3.910109400749206543e-01
3.165914714336395264e-01
2.619929909706115723e-01
2.436393201351165771e-01
2.324512153863906860e-01
2.859179377555847168e-01
3.159306049346923828e-01
3.744643032550811768e-01
3.404187858104705811e-01
3.502796888351440430e-01
2.700307965278625488e-01
2.312175184488296509e-01
2.377262413501739502e-01
2.318170219659805298e-01
2.025461345911026001e-01
2.500002980232238770e-01
2.606838643550872803e-01
2.249607741832733154e-01
2.002227902412414551e-01
2.420165091753005981e-01
4.332805573940277100e-01
3.638997673988342285e-01
2.747642993927001953e-01
3.339834809303283691e-01
2.795107662677764893e-01
3.578041493892669678e-01
4.277752041816711426e-01
4.174963235855102539e-01
3.261690437793731689e-01
4.297617971897125244e-01
4.330691695213317871e-01
4.190121293067932129e-01
4.050140976905822754e-01
3.557235598564147949e-01
4.812003970146179199e-01
4.894111156463623047e-01
4.814265072345733643e-01
4.935030341148376465e-01
8.844027519226074219e-01
8.921713232994079590e-01
5.981106758117675781e-01
5.654050111770629883e-01
5.800043940544128418e-01
6.932361125946044922e-01
7.355154752731323242e-01
9.426462054252624512e-01
1.179096341133117676e+00
6.839095354080200195e-01
5.404680371284484863e-01
7.375862598419189453e-01
6.845783591270446777e-01
7.957756519317626953e-01
8.092493414878845215e-01
8.124413490295410156e-01
7.288841605186462402e-01
6.882520914077758789e-01
7.702320814132690430e-01
8.510145545005798340e-01
9.221640825271606445e-01
1.346193313598632812e+00
1.924729466438293457e+00
2.293923139572143555e+00
1.135958790779113770e+00
1.072354435920715332e+00
1.133052229881286621e+00
1.180323481559753418e+00
9.693068265914916992e-01
9.119460582733154297e-01
9.570962190628051758e-01
8.448742628097534180e-01
8.690099120140075684e-01
8.716431856155395508e-01
9.290995597839355469e-01
1.218501091003417969e+00
1.141040205955505371e+00
9.406026601791381836e-01
7.584184408187866211e-01
6.888980269432067871e-01
7.573086023330688477e-01
6.990793347358703613e-01
6.679278612136840820e-01
7.745893597602844238e-01
7.730292081832885742e-01
9.446557760238647461e-01
8.118735551834106445e-01
8.736000657081604004e-01
4.130387604236602783e-01
9.385274648666381836e-01
1.003050565719604492e+00
1.267056822776794434e+00
1.386218309402465820e+00
1.074578046798706055e+00
1.479723811149597168e+00
1.535650134086608887e+00
1.515034914016723633e+00
1.382289767265319824e+00
1.383627653121948242e+00
1.095548868179321289e+00
1.108808040618896484e+00
9.068428874015808105e-01
8.997313380241394043e-01
7.922205924987792969e-01
9.911150932312011719e-01
1.178357720375061035e+00
9.785634279251098633e-01
1.148215770721435547e+00
1.088139176368713379e+00
1.022705912590026855e+00
1.375779509544372559e+00
9.195407629013061523e-01
5.774301290512084961e-01
6.958818435668945312e-01
7.473559379577636719e-01
9.188035726547241211e-01
5.943578481674194336e-01
8.735590577125549316e-01
1.103842496871948242e+00
4.564806222915649414e-01
5.603210330009460449e-01
5.710954666137695312e-01
4.597330093383789062e-01
8.166362047195434570e-01
6.606144905090332031e-01
6.003292202949523926e-01
8.962347507476806641e-01
7.477504014968872070e-01
9.086730480194091797e-01
6.490712165832519531e-01
6.374751329421997070e-01
7.015195488929748535e-01
7.320158481597900391e-01
7.405995130538940430e-01
9.522333741188049316e-01
9.511148929595947266e-01
9.657936096191406250e-01
1.084035754203796387e+00
1.092950940132141113e+00
9.352872371673583984e-01
1.179813981056213379e+00
1.509258747100830078e+00
1.562159061431884766e+00
1.317888975143432617e+00
1.171564459800720215e+00
1.210923671722412109e+00
1.130429744720458984e+00
1.065680503845214844e+00
1.052061796188354492e+00
8.266537189483642578e-01
9.605195522308349609e-01
7.519077658653259277e-01
8.565877079963684082e-01
7.129812836647033691e-01
6.666862964630126953e-01
7.112460136413574219e-01
8.735552430152893066e-01
7.070548534393310547e-01
1.178805351257324219e+00
1.443380832672119141e+00
2.089301824569702148e+00
3.155911684036254883e+00
9.784992933273315430e-01
1.624228239059448242e+00
1.309699416160583496e+00
1.523250818252563477e+00
1.672466993331909180e+00
1.712751626968383789e+00
9.670429229736328125e-01
9.316685199737548828e-01
9.181632995605468750e-01
9.102102518081665039e-01
1.098095655441284180e+00
1.186240673065185547e+00
1.253392934799194336e+00
1.235925078392028809e+00
1.035537719726562500e+00
9.127436876296997070e-01
7.605105638504028320e-01
8.025043606758117676e-01
7.491246461868286133e-01
7.580070495605468750e-01
8.683179616928100586e-01
7.782489061355590820e-01
9.173689484596252441e-01
1.018186807632446289e+00
9.346888661384582520e-01
8.654946088790893555e-01
6.733317971229553223e-01
6.663931608200073242e-01
7.480792999267578125e-01
7.773849368095397949e-01
8.543212413787841797e-01
7.383131980895996094e-01
7.941358685493469238e-01
9.787505865097045898e-01
1.212927222251892090e+00
1.788307666778564453e+00
1.591369271278381348e+00
9.024219512939453125e-01
8.735172152519226074e-01
9.853227138519287109e-01
8.506517410278320312e-01
1.032760381698608398e+00
9.304188489913940430e-01
1.002773404121398926e+00
8.885382413864135742e-01
8.167402148246765137e-01
8.617821931838989258e-01
8.843663930892944336e-01
9.798146486282348633e-01
9.906857013702392578e-01
7.923039793968200684e-01
1.091138124465942383e+00
9.706871509552001953e-01
1.011059880256652832e+00
1.006831645965576172e+00
1.111643671989440918e+00
8.875693082809448242e-01
7.913668751716613770e-01
7.902804613113403320e-01
8.799268603324890137e-01
9.346508383750915527e-01
9.476463794708251953e-01
9.825096726417541504e-01
9.596641063690185547e-01
1.113033413887023926e+00
1.037544012069702148e+00
1.146971464157104492e+00
1.205053448677062988e+00
9.037717580795288086e-01
7.904693484306335449e-01
8.588404655456542969e-01
7.247284650802612305e-01
7.119171619415283203e-01
8.524545431137084961e-01
9.578012228012084961e-01
9.428374171257019043e-01
9.696245193481445312e-01
1.055685043334960938e+00
1.116857051849365234e+00
1.030422210693359375e+00
8.838564157485961914e-01
7.713496685028076172e-01
7.897471189498901367e-01
7.648183107376098633e-01
1.160227894783020020e+00
1.406544923782348633e+00
1.324277997016906738e+00
1.063421607017517090e+00
7.717027664184570312e-01
8.438447117805480957e-01
8.824223875999450684e-01
9.655017852783203125e-01
8.545685410499572754e-01
8.250645399093627930e-01
7.241041064262390137e-01
8.721259832382202148e-01
8.593553304672241211e-01
9.407335519790649414e-01
1.093140363693237305e+00
1.065079212188720703e+00
1.370233535766601562e+00
1.126944899559020996e+00
1.048238635063171387e+00
1.086423754692077637e+00
1.281434535980224609e+00
1.289213418960571289e+00
1.238216042518615723e+00
1.083932757377624512e+00
8.893647193908691406e-01
8.593581318855285645e-01
8.142740726470947266e-01
8.424208760261535645e-01
9.162864089012145996e-01
1.080454230308532715e+00
1.103660941123962402e+00
8.728700280189514160e-01
9.325726032257080078e-01
1.027992367744445801e+00
1.170711994171142578e+00
1.377489924430847168e+00
1.520994544029235840e+00
1.416734576225280762e+00
1.305605888366699219e+00
1.065442323684692383e+00
1.115548133850097656e+00
1.085895776748657227e+00
1.169215917587280273e+00
1.117386102676391602e+00
1.039546966552734375e+00
9.457802176475524902e-01
1.041665792465209961e+00
1.036579251289367676e+00
1.158411979675292969e+00
1.083700060844421387e+00
1.056148767471313477e+00
1.096832275390625000e+00
9.604733586311340332e-01
9.758258461952209473e-01
9.281147718429565430e-01
8.901982307434082031e-01
9.518692493438720703e-01
8.946993350982666016e-01
9.470501542091369629e-01
1.060846567153930664e+00
7.379827499389648438e-01
8.028656244277954102e-01
6.812273263931274414e-01
6.571540236473083496e-01
8.723762035369873047e-01
9.321106672286987305e-01
1.045357584953308105e+00
1.108469724655151367e+00
9.453132152557373047e-01
8.347777128219604492e-01
9.454917907714843750e-01
1.107471704483032227e+00
1.052685260772705078e+00
9.035247564315795898e-01
9.059250354766845703e-01
1.032429933547973633e+00
1.129631280899047852e+00
1.178327202796936035e+00
9.731944203376770020e-01
1.048027753829956055e+00
9.243632555007934570e-01
1.028805255889892578e+00
1.032065272331237793e+00
9.862884283065795898e-01
1.009805440902709961e+00
8.483722805976867676e-01
8.229715824127197266e-01
7.442541122436523438e-01
9.075625538825988770e-01
1.118490695953369141e+00
1.204176425933837891e+00
1.161605477333068848e+00
1.096316814422607422e+00
9.543449878692626953e-01
1.162096738815307617e+00
1.176537752151489258e+00
1.170410633087158203e+00
1.012750029563903809e+00
1.081843376159667969e+00
9.541739225387573242e-01
9.106689691543579102e-01
9.229614734649658203e-01
8.901396989822387695e-01
9.548879861831665039e-01
9.728012084960937500e-01
1.136262297630310059e+00
1.317083835601806641e+00
1.220074415206909180e+00
1.105269432067871094e+00
1.134416580200195312e+00
9.236248135566711426e-01
8.619158864021301270e-01
9.668470621109008789e-01
1.058068513870239258e+00
1.038888931274414062e+00
1.025990486145019531e+00
8.567646741867065430e-01
1.030628681182861328e+00
6.907703876495361328e-01
7.594437599182128906e-01
8.594624996185302734e-01
9.764275550842285156e-01
1.081769704818725586e+00
1.110348701477050781e+00
1.046857357025146484e+00
9.097504019737243652e-01
9.707603454589843750e-01
9.379980564117431641e-01
1.108722209930419922e+00
9.682405591011047363e-01
9.056892395019531250e-01
9.364627599716186523e-01
7.301062345504760742e-01
8.766996860504150391e-01
1.096816182136535645e+00
9.409579038619995117e-01
1.077818870544433594e+00
9.580832719802856445e-01
8.821582198143005371e-01
1.190236210823059082e+00
1.198915958404541016e+00
1.128866195678710938e+00
1.168432235717773438e+00
1.031360864639282227e+00
1.157638669013977051e+00
9.331066012382507324e-01
8.770881891250610352e-01
9.786186218261718750e-01
8.709356784820556641e-01
1.008349657058715820e+00
9.738708734512329102e-01
7.625286579132080078e-01
6.643364429473876953e-01
7.768361568450927734e-01
7.613823413848876953e-01
8.415779471397399902e-01
8.316236734390258789e-01
9.491478204727172852e-01
9.102156162261962891e-01
8.857825994491577148e-01
1.083309173583984375e+00
1.119965553283691406e+00
1.110559940338134766e+00
1.111301064491271973e+00
9.207001924514770508e-01
9.797810316085815430e-01
1.051665067672729492e+00
9.417650699615478516e-01
8.830298185348510742e-01
7.124431133270263672e-01
7.192155718803405762e-01
7.557784318923950195e-01
9.146246910095214844e-01
8.242595195770263672e-01
7.431923151016235352e-01
7.519820928573608398e-01
8.061478734016418457e-01
8.924428820610046387e-01
8.929286003112792969e-01
9.724549055099487305e-01
1.089821815490722656e+00
1.090435862541198730e+00
1.158985972404479980e+00
1.366904854774475098e+00
1.376430511474609375e+00
1.098069548606872559e+00
8.843508958816528320e-01
1.015783309936523438e+00
1.182133436203002930e+00
9.257183074951171875e-01
7.440589666366577148e-01
1.001271963119506836e+00
9.006180167198181152e-01
9.340778589248657227e-01
1.134870290756225586e+00
1.141513824462890625e+00
1.210403800010681152e+00
7.919936180114746094e-01
8.575167655944824219e-01
8.962053060531616211e-01
8.474569320678710938e-01
4.823466539382934570e-01
1.124137520790100098e+00
1.146672487258911133e+00
1.007227063179016113e+00
9.661203026771545410e-01
7.829245924949645996e-01
8.539675474166870117e-01
9.365193843841552734e-01
1.186726570129394531e+00
1.210480928421020508e+00
1.287658214569091797e+00
1.176594138145446777e+00
1.284062385559082031e+00
9.961788058280944824e-01
9.967068433761596680e-01
7.842355966567993164e-01
7.616848349571228027e-01
6.702229976654052734e-01
6.174036264419555664e-01
7.937303185462951660e-01
6.932793855667114258e-01
1.016509771347045898e+00
1.206136584281921387e+00
1.008839368820190430e+00
9.497720003128051758e-01
9.399672746658325195e-01
1.046918988227844238e+00
9.710010290145874023e-01
1.161451339721679688e+00
1.087840437889099121e+00
1.015834331512451172e+00
9.978712797164916992e-01
9.965513944625854492e-01
1.131289958953857422e+00
1.084696531295776367e+00
1.168354153633117676e+00
1.001871347427368164e+00
1.139265775680541992e+00
9.092196226119995117e-01
1.011357426643371582e+00
1.202799081802368164e+00
1.038503289222717285e+00
9.915196895599365234e-01
9.202613830566406250e-01
8.184986114501953125e-01
8.245537281036376953e-01
8.703278899192810059e-01
1.074363946914672852e+00
1.083524584770202637e+00
1.239565968513488770e+00
1.351899623870849609e+00
9.289302229881286621e-01
1.020168542861938477e+00
1.117339015007019043e+00
1.114397644996643066e+00
1.153610706329345703e+00
1.094751358032226562e+00
9.427534341812133789e-01
9.905255436897277832e-01
8.418049812316894531e-01
8.302670717239379883e-01
9.287918806076049805e-01
9.001225233078002930e-01
1.209035992622375488e+00
1.322641372680664062e+00
1.176552295684814453e+00
1.030713558197021484e+00
8.380302190780639648e-01
9.326549768447875977e-01
9.882185459136962891e-01
1.044396877288818359e+00
1.084083199501037598e+00
9.827653765678405762e-01
8.987866044044494629e-01
9.991205930709838867e-01
9.102025032043457031e-01
9.154133796691894531e-01
9.383382797241210938e-01
9.833438992500305176e-01
1.040528059005737305e+00
7.854002118110656738e-01
9.319714307785034180e-01
8.735626339912414551e-01
8.101913332939147949e-01
8.528105020523071289e-01
7.959592342376708984e-01
1.046722769737243652e+00
1.069351315498352051e+00
1.238683938980102539e+00
1.170149564743041992e+00
1.085119605064392090e+00
9.027431011199951172e-01
9.165250658988952637e-01
9.571509957313537598e-01
8.866521120071411133e-01
9.663137197494506836e-01
1.076987981796264648e+00
1.104048490524291992e+00
1.030993938446044922e+00
8.734528422355651855e-01
8.015606403350830078e-01
8.212215900421142578e-01
9.793349504470825195e-01
1.011718630790710449e+00
1.060683965682983398e+00
1.180891275405883789e+00
1.544777035713195801e+00
1.209514379501342773e+00
8.127033710479736328e-01
6.235452890396118164e-01
7.476890087127685547e-01
9.381541013717651367e-01
1.064915537834167480e+00
1.051249027252197266e+00
8.875445723533630371e-01
1.042413234710693359e+00
1.100367784500122070e+00
1.063038468360900879e+00
1.073730707168579102e+00
1.220812320709228516e+00
9.781703352928161621e-01
1.024994969367980957e+00
8.530852794647216797e-01
8.739919662475585938e-01
1.021178483963012695e+00
1.001412987709045410e+00
8.801788687705993652e-01
9.150020480155944824e-01
9.347074031829833984e-01
9.741146564483642578e-01
1.022035241127014160e+00
1.026522755622863770e+00
1.017444849014282227e+00
8.896067142486572266e-01
1.066785097122192383e+00
9.126113057136535645e-01
1.165310621261596680e+00
1.013473153114318848e+00
1.059948325157165527e+00
9.458299875259399414e-01
7.043366432189941406e-01
7.081574201583862305e-01
9.710359573364257812e-01
1.063751459121704102e+00
1.301853895187377930e+00
1.462175607681274414e+00
1.632864475250244141e+00
1.414799332618713379e+00
1.162433505058288574e+00
1.103439807891845703e+00
1.333528399467468262e+00
1.422068595886230469e+00
9.822201132774353027e-01
7.339191436767578125e-01
9.275532960891723633e-01
1.113242506980895996e+00
1.113504290580749512e+00
1.074251294136047363e+00
1.027705669403076172e+00
1.048530340194702148e+00
1.018033027648925781e+00
1.147624254226684570e+00
1.109234690666198730e+00
1.100633621215820312e+00
9.328817725181579590e-01
7.700855731964111328e-01
8.456635475158691406e-01
8.016098141670227051e-01
9.256331920623779297e-01
9.322877526283264160e-01
1.131379365921020508e+00
1.173539996147155762e+00
9.612986445426940918e-01
1.127719044685363770e+00
1.034359693527221680e+00
8.782869577407836914e-01
7.514704465866088867e-01
7.078569531440734863e-01
7.114385366439819336e-01
8.400518298149108887e-01
8.892179727554321289e-01
1.071636915206909180e+00
9.594612121582031250e-01
9.656736254692077637e-01
9.230999946594238281e-01
9.362724423408508301e-01
1.204878091812133789e+00
1.344316124916076660e+00
1.261653423309326172e+00
1.254907727241516113e+00
1.211024880409240723e+00
9.646819829940795898e-01
1.027522563934326172e+00
8.107520341873168945e-01
9.602973461151123047e-01
1.020513653755187988e+00
1.402823448181152344e+00
1.216418266296386719e+00
1.095528602600097656e+00
8.625953197479248047e-01
8.742477893829345703e-01
9.788482785224914551e-01
9.723678231239318848e-01
8.222396373748779297e-01
6.733687520027160645e-01
8.734211921691894531e-01
7.189140319824218750e-01
7.832553386688232422e-01
7.997133731842041016e-01
8.478533029556274414e-01
8.825925588607788086e-01
9.911649823188781738e-01
1.124996781349182129e+00
1.441129446029663086e+00
1.352587938308715820e+00
1.100869417190551758e+00
9.487745165824890137e-01
9.767991304397583008e-01
9.960119724273681641e-01
7.212923765182495117e-01
8.540602922439575195e-01
9.205248355865478516e-01
9.020800590515136719e-01
1.011595845222473145e+00
8.417442440986633301e-01
9.303424358367919922e-01
9.383680820465087891e-01
8.869047164916992188e-01
8.623980283737182617e-01
8.911343812942504883e-01
7.402763962745666504e-01
7.430726885795593262e-01
7.980200052261352539e-01
9.623275399208068848e-01
9.181584715843200684e-01
9.938228130340576172e-01
1.198218703269958496e+00
1.205235958099365234e+00
9.235993027687072754e-01
1.060456871986389160e+00
1.132846236228942871e+00
1.196980953216552734e+00
1.065128326416015625e+00
1.180632472038269043e+00
1.048330903053283691e+00
8.734625577926635742e-01
9.215531349182128906e-01
8.389446735382080078e-01
9.846876859664916992e-01
1.024471998214721680e+00
9.777571558952331543e-01
1.126625061035156250e+00
1.054503798484802246e+00
1.077117681503295898e+00
7.897460460662841797e-01
8.748860359191894531e-01
1.023910522460937500e+00
8.780374526977539062e-01
1.166773438453674316e+00
1.237580299377441406e+00
1.142666816711425781e+00
1.022825479507446289e+00
1.024348378181457520e+00
8.964272737503051758e-01
1.044418573379516602e+00
1.025608539581298828e+00
1.047778367996215820e+00
9.974442720413208008e-01
9.335770010948181152e-01
1.099479913711547852e+00
1.106253147125244141e+00
9.791679382324218750e-01
1.222277998924255371e+00
1.036785721778869629e+00
1.054139256477355957e+00
1.171870708465576172e+00
1.106369495391845703e+00
1.060817003250122070e+00
1.106536865234375000e+00
9.479596614837646484e-01
9.384602904319763184e-01
9.200334548950195312e-01
9.501855373382568359e-01
8.491523265838623047e-01
8.747634887695312500e-01
7.924489974975585938e-01
1.003827691078186035e+00
1.265731930732727051e+00
1.035130381584167480e+00
1.476735353469848633e+00
9.165682792663574219e-01
1.016606092453002930e+00
1.060210227966308594e+00
1.095414757728576660e+00
1.040700435638427734e+00
8.469020724296569824e-01
9.295347332954406738e-01
1.018545150756835938e+00
1.070255875587463379e+00
1.118321061134338379e+00
1.036187648773193359e+00
1.004060268402099609e+00
1.056851983070373535e+00
8.754311800003051758e-01
8.052507638931274414e-01
6.624541878700256348e-01
7.332965731620788574e-01
8.795725107192993164e-01
7.944378256797790527e-01
9.673336744308471680e-01
9.514442086219787598e-01
1.004613041877746582e+00
9.382497668266296387e-01
6.631473302841186523e-01
9.181946516036987305e-01
8.413214683532714844e-01
1.001173019409179688e+00
1.005112409591674805e+00
9.771662950515747070e-01
8.922701478004455566e-01
1.005733132362365723e+00
8.813188076019287109e-01
7.996652126312255859e-01
6.835583448410034180e-01
7.556976079940795898e-01
8.327138423919677734e-01
9.728651046752929688e-01
8.611706495285034180e-01
8.540680408477783203e-01
7.836670279502868652e-01
8.197736740112304688e-01
9.518874883651733398e-01
1.122440218925476074e+00
1.150269746780395508e+00
1.284551620483398438e+00
1.510098934173583984e+00
9.161020517349243164e-01
8.352543711662292480e-01
8.274012804031372070e-01
1.041761636734008789e+00
1.068101286888122559e+00
1.229122281074523926e+00
1.336116194725036621e+00
9.113678932189941406e-01
7.292680740356445312e-01
7.335917353630065918e-01
6.919708251953125000e-01
7.652815580368041992e-01
7.402285337448120117e-01
7.745085954666137695e-01
9.002609252929687500e-01
8.719662427902221680e-01
8.490838408470153809e-01
1.048769950866699219e+00
1.323990702629089355e+00
1.216399908065795898e+00
1.040643453598022461e+00
8.982113599777221680e-01
7.907807230949401855e-01
8.536670207977294922e-01
8.444036245346069336e-01
8.865675926208496094e-01
7.497624158859252930e-01
8.471242189407348633e-01
8.375630378723144531e-01
1.148723602294921875e+00
1.091042995452880859e+00
1.066703677177429199e+00
8.709836006164550781e-01
8.302642107009887695e-01
7.953305840492248535e-01
8.113503456115722656e-01
1.131416201591491699e+00
1.116608142852783203e+00
1.122314572334289551e+00
1.033515453338623047e+00
1.425257325172424316e+00
1.070048809051513672e+00
1.206612825393676758e+00
9.144002199172973633e-01
8.134964704513549805e-01
8.546530008316040039e-01
7.932145595550537109e-01
8.480381369590759277e-01
7.082396745681762695e-01
6.949063539505004883e-01
7.766807675361633301e-01
8.004460334777832031e-01
8.224855661392211914e-01
1.014893531799316406e+00
1.477293729782104492e+00
1.037398338317871094e+00
1.148574590682983398e+00
1.071513295173645020e+00
1.465022802352905273e+00
1.611528515815734863e+00
8.104874491691589355e-01
7.916105985641479492e-01
9.515642523765563965e-01
9.647405743598937988e-01
8.308750987052917480e-01
1.113190889358520508e+00
1.016982078552246094e+00
1.030367970466613770e+00
9.145522713661193848e-01
9.170714616775512695e-01
1.117545723915100098e+00
9.096564650535583496e-01
9.523295164108276367e-01
9.963484406471252441e-01
8.083980083465576172e-01
1.108096361160278320e+00
1.372735977172851562e+00
1.245068073272705078e+00
1.068029165267944336e+00
8.320309519767761230e-01
7.018461227416992188e-01
6.963168382644653320e-01
6.835498213768005371e-01
8.400111794471740723e-01
1.051888704299926758e+00
1.290425181388854980e+00
1.227778673171997070e+00
1.237582683563232422e+00
1.263504743576049805e+00
1.306369304656982422e+00
1.126175999641418457e+00
9.303343296051025391e-01
1.017168521881103516e+00
7.220935225486755371e-01
9.433827400207519531e-01
1.012468576431274414e+00
9.921718835830688477e-01
9.895900487899780273e-01
1.033394813537597656e+00
8.176968097686767578e-01
7.311236858367919922e-01
8.013054132461547852e-01
9.215742349624633789e-01
8.244479298591613770e-01
7.876799702644348145e-01
8.646316528320312500e-01
8.209465742111206055e-01
1.039140939712524414e+00
8.605765104293823242e-01
9.171261787414550781e-01
8.865282535552978516e-01
7.946165204048156738e-01
1.068974971771240234e+00
1.185015916824340820e+00
1.156130433082580566e+00
1.178545713424682617e+00
7.079141736030578613e-01
7.736070156097412109e-01
7.504708766937255859e-01
8.378963470458984375e-01
7.007346749305725098e-01
7.800688743591308594e-01
8.033376932144165039e-01
9.944832324981689453e-01
1.049352169036865234e+00
9.145602583885192871e-01
1.120332360267639160e+00
1.041187047958374023e+00
1.045006394386291504e+00
1.091514945030212402e+00
1.094914674758911133e+00
1.193089842796325684e+00
9.285735487937927246e-01
1.216260194778442383e+00
1.259746551513671875e+00
1.163570642471313477e+00
8.816975355148315430e-01
7.844869494438171387e-01
8.128958940505981445e-01
1.116805672645568848e+00
1.062021255493164062e+00
1.391561388969421387e+00
1.662432909011840820e+00
1.236238241195678711e+00
7.922071218490600586e-01
9.972572326660156250e-01
8.781506419181823730e-01
9.807952642440795898e-01
1.063999533653259277e+00
9.873520135879516602e-01
8.353464603424072266e-01
8.044716715812683105e-01
6.050781011581420898e-01
7.516661882400512695e-01
6.201081275939941406e-01
7.369579076766967773e-01
8.017867803573608398e-01
1.122929453849792480e+00
8.105614185333251953e-01
7.883113622665405273e-01
6.628855466842651367e-01
7.299517393112182617e-01
5.040482282638549805e-01
8.908363580703735352e-01
9.074866771697998047e-01
8.329149484634399414e-01
8.890003561973571777e-01
1.098501324653625488e+00
8.990904092788696289e-01
9.793207049369812012e-01
9.259282350540161133e-01
9.136550426483154297e-01
1.114953041076660156e+00
9.843472242355346680e-01
1.077917575836181641e+00
8.224620819091796875e-01
8.069113492965698242e-01
7.951155900955200195e-01
7.909151315689086914e-01
7.226885557174682617e-01
8.022957444190979004e-01
1.036818861961364746e+00
1.301846504211425781e+00
1.069103121757507324e+00
8.416310548782348633e-01
8.116205930709838867e-01
8.924190998077392578e-01
8.026705980300903320e-01
1.177387833595275879e+00
1.197535037994384766e+00
1.036268353462219238e+00
1.111639738082885742e+00
9.444717168807983398e-01
8.372840285301208496e-01
1.068184137344360352e+00
1.464509248733520508e+00
1.536028027534484863e+00
9.636430740356445312e-01
9.292840361595153809e-01
8.531407713890075684e-01
8.036530613899230957e-01
1.067402601242065430e+00
9.658554792404174805e-01
1.302170991897583008e+00
1.157786369323730469e+00
1.078324794769287109e+00
8.798338770866394043e-01
8.019530773162841797e-01
7.749465703964233398e-01
7.186098098754882812e-01
9.547799825668334961e-01
9.532318711280822754e-01
1.174396514892578125e+00
7.383743524551391602e-01
9.267193675041198730e-01
1.244284152984619141e+00
1.036610603332519531e+00
1.349056601524353027e+00
1.227869272232055664e+00
9.636084437370300293e-01
6.711900234222412109e-01
7.131177186965942383e-01
6.122575402259826660e-01
6.958336830139160156e-01
6.329878568649291992e-01
8.456954956054687500e-01
6.606230735778808594e-01
7.956796884536743164e-01
7.127687931060791016e-01
7.363991141319274902e-01
7.222071290016174316e-01
7.279497385025024414e-01
7.411338686943054199e-01
9.649083614349365234e-01
8.419471979141235352e-01
1.016850829124450684e+00
7.513046264648437500e-01
8.902926445007324219e-01
7.401087284088134766e-01
8.664153814315795898e-01
9.163334965705871582e-01
1.190629243850708008e+00
1.266709089279174805e+00
1.064911007881164551e+00
1.087596535682678223e+00
8.026589155197143555e-01
7.496305108070373535e-01
1.220427513122558594e+00
1.273389697074890137e+00
1.006949186325073242e+00
8.269019126892089844e-01
9.411591887474060059e-01
1.107496500015258789e+00
9.789388179779052734e-01
1.196662425994873047e+00
1.068495988845825195e+00
1.260300397872924805e+00
1.136337757110595703e+00
1.002029061317443848e+00
7.888927459716796875e-01
7.552351355552673340e-01
6.568108201026916504e-01
8.140023946762084961e-01
1.091146469116210938e+00
1.005440473556518555e+00
1.030968189239501953e+00
1.029016494750976562e+00
1.036191463470458984e+00
1.264689445495605469e+00
1.021359801292419434e+00
1.044584393501281738e+00
8.901556730270385742e-01
8.237923383712768555e-01
1.062902212142944336e+00
8.898430466651916504e-01
8.869621753692626953e-01
8.643983006477355957e-01
7.983255386352539062e-01
7.361328601837158203e-01
7.772175669670104980e-01
7.937139868736267090e-01
5.844542980194091797e-01
7.712309956550598145e-01
7.971494197845458984e-01
9.466065168380737305e-01
7.332864999771118164e-01
8.037698268890380859e-01
8.429579734802246094e-01
7.716908454895019531e-01
6.570228934288024902e-01
6.682074666023254395e-01
1.007936477661132812e+00
6.902737617492675781e-01
6.644088029861450195e-01
8.175710439682006836e-01
9.287534952163696289e-01
1.120363235473632812e+00
9.177600741386413574e-01
1.271004796028137207e+00
8.312789201736450195e-01
8.087971806526184082e-01
7.045422792434692383e-01
8.093875646591186523e-01
7.883017659187316895e-01
8.441799879074096680e-01
8.903145790100097656e-01
6.918272972106933594e-01
6.045522689819335938e-01
7.343049645423889160e-01
9.318138957023620605e-01
1.205782890319824219e+00
1.121356487274169922e+00
9.783654212951660156e-01
7.777014374732971191e-01
8.387427926063537598e-01
7.808858752250671387e-01
9.779004454612731934e-01
9.300571680068969727e-01
1.115651369094848633e+00
1.144536972045898438e+00
1.302157759666442871e+00
1.527983665466308594e+00
9.693287611007690430e-01
8.626894354820251465e-01
7.946528196334838867e-01
1.091293215751647949e+00
9.890780448913574219e-01
9.149058461189270020e-01
9.705725312232971191e-01
8.591888546943664551e-01
9.661343097686767578e-01
8.801482915878295898e-01
1.175987720489501953e+00
9.359090328216552734e-01
8.170092701911926270e-01
8.410907983779907227e-01
6.693885326385498047e-01
9.105081558227539062e-01
1.066913127899169922e+00
1.157784104347229004e+00
2.000298261642456055e+00
1.340211510658264160e+00
9.693914651870727539e-01
1.274778127670288086e+00
1.046196818351745605e+00
9.422929286956787109e-01
8.749121427536010742e-01
8.843728303909301758e-01
1.017476677894592285e+00
1.455684185028076172e+00
1.826230525970458984e+00
1.335457563400268555e+00
8.909489512443542480e-01
1.011180758476257324e+00
1.074467420578002930e+00
9.418224096298217773e-01
1.237217187881469727e+00
1.261830687522888184e+00
1.019146442413330078e+00
8.790308237075805664e-01
9.413865804672241211e-01
1.911476373672485352e+00
1.015634655952453613e+00
8.579744100570678711e-01
1.084796428680419922e+00
1.037650942802429199e+00
8.627191781997680664e-01
9.926897287368774414e-01
7.318997383117675781e-01
6.497495174407958984e-01
6.645083427429199219e-01
6.791570186614990234e-01
8.115415573120117188e-01
1.107962608337402344e+00
1.154927372932434082e+00
1.216481089591979980e+00
1.177634477615356445e+00
7.625412344932556152e-01
9.143076539039611816e-01
8.630930185317993164e-01
1.157170772552490234e+00
9.648307561874389648e-01
8.455877304077148438e-01
1.007607936859130859e+00
1.032107949256896973e+00
1.043582797050476074e+00
9.230723977088928223e-01
8.914554119110107422e-01
8.317835330963134766e-01
8.184422254562377930e-01
7.838019132614135742e-01
9.135608673095703125e-01
8.937562704086303711e-01
9.645748138427734375e-01
9.170407056808471680e-01
8.657386302947998047e-01
8.614748120307922363e-01
8.048582673072814941e-01
8.308021426200866699e-01
8.720304369926452637e-01
7.772247195243835449e-01
9.130594730377197266e-01
1.215094566345214844e+00
1.042542934417724609e+00
1.135833144187927246e+00
8.931777477264404297e-01
9.625667333602905273e-01
8.599400520324707031e-01
1.001889228820800781e+00
9.367465972900390625e-01
8.788594007492065430e-01
6.964441537857055664e-01
6.721963882446289062e-01
7.140442132949829102e-01
8.502779603004455566e-01
8.592224121093750000e-01
1.010684967041015625e+00
8.745959401130676270e-01
9.751455783843994141e-01
6.990578174591064453e-01
9.644537568092346191e-01
1.025495529174804688e+00
7.830973863601684570e-01
7.467792630195617676e-01
9.632651805877685547e-01
8.232202529907226562e-01
1.105750560760498047e+00
1.014808416366577148e+00
7.976923584938049316e-01
8.243635892868041992e-01
9.839670658111572266e-01
8.782991766929626465e-01
7.097406983375549316e-01
8.023251295089721680e-01
1.042413949966430664e+00
1.052044987678527832e+00
1.023087620735168457e+00
8.717304468154907227e-01
7.400043010711669922e-01
9.625443220138549805e-01
1.027590990066528320e+00
1.225242614746093750e+00
1.142720937728881836e+00
6.216885447502136230e-01
5.661708712577819824e-01
6.151732206344604492e-01
8.048235774040222168e-01
8.384367227554321289e-01
8.559689521789550781e-01
7.636499404907226562e-01
9.287160634994506836e-01
1.041788697242736816e+00
1.148868083953857422e+00
9.454814791679382324e-01
1.108365893363952637e+00
9.503405094146728516e-01
9.508378505706787109e-01
9.460295438766479492e-01
8.834088444709777832e-01
9.055893421173095703e-01
1.014958262443542480e+00
8.862987160682678223e-01
6.350429058074951172e-01
7.544208765029907227e-01
7.536944150924682617e-01
8.615391254425048828e-01
9.163343906402587891e-01
8.611337542533874512e-01
7.718008756637573242e-01
8.576086759567260742e-01
8.421597480773925781e-01
7.059113979339599609e-01
1.117839336395263672e+00
8.318827152252197266e-01
8.054882884025573730e-01
8.696047067642211914e-01
8.797519207000732422e-01
7.350161075592041016e-01
7.342295050621032715e-01
7.253111004829406738e-01
8.422022461891174316e-01
8.257792592048645020e-01
1.128485918045043945e+00
1.646361827850341797e+00
1.261433243751525879e+00
1.132476687431335449e+00
1.139219284057617188e+00
1.345536828041076660e+00
1.359963178634643555e+00
7.783317565917968750e-01
1.035075187683105469e+00
1.091879248619079590e+00
9.590533971786499023e-01
8.911705017089843750e-01
9.324023723602294922e-01
7.458035945892333984e-01
8.982671499252319336e-01
9.645048379898071289e-01
1.037166714668273926e+00
9.506382942199707031e-01
8.977758884429931641e-01
7.622673511505126953e-01
9.874671697616577148e-01
6.374176740646362305e-01
1.009437799453735352e+00
9.535256624221801758e-01
8.494033813476562500e-01
5.940528512001037598e-01
5.962234139442443848e-01
7.572805881500244141e-01
7.585396766662597656e-01
9.530108571052551270e-01
9.603651762008666992e-01
1.100525736808776855e+00
7.024949193000793457e-01
7.722423076629638672e-01
9.339978694915771484e-01
8.347148895263671875e-01
1.212396383285522461e+00
8.751305341720581055e-01
1.086384534835815430e+00
8.467170000076293945e-01
8.195114135742187500e-01
6.496239900588989258e-01
7.642207741737365723e-01
7.735704183578491211e-01
7.768986225128173828e-01
9.367871284484863281e-01
1.195107817649841309e+00
1.085249304771423340e+00
1.645814657211303711e+00
1.365695595741271973e+00
1.085283517837524414e+00
9.965919256210327148e-01
9.880723953247070312e-01
8.073395490646362305e-01
8.086373209953308105e-01
8.325214385986328125e-01
8.008023500442504883e-01
9.083095788955688477e-01
9.301385283470153809e-01
8.764363527297973633e-01
1.003236532211303711e+00
8.232269287109375000e-01
8.427604436874389648e-01
7.853065729141235352e-01
7.009861469268798828e-01
1.043745756149291992e+00
1.191592693328857422e+00
1.218952536582946777e+00
8.946117162704467773e-01
1.327295541763305664e+00
1.182040452957153320e+00
7.737351059913635254e-01
9.945709705352783203e-01
1.228224873542785645e+00
1.870140314102172852e+00
1.531389117240905762e+00
1.258054733276367188e+00
8.371791839599609375e-01
9.325566291809082031e-01
9.664251804351806641e-01
8.120162487030029297e-01
9.397581219673156738e-01
9.196022748947143555e-01
8.868685364723205566e-01
8.623278141021728516e-01
6.528788805007934570e-01
7.511645555496215820e-01
1.108954668045043945e+00
9.463684558868408203e-01
1.245998263359069824e+00
7.385444641113281250e-01
8.866575360298156738e-01
6.677274703979492188e-01
9.410406947135925293e-01
6.758663058280944824e-01
8.525413274765014648e-01
7.900494337081909180e-01
8.104692101478576660e-01
1.016462683677673340e+00
1.153990149497985840e+00
1.382207155227661133e+00
1.727228879928588867e+00
1.273814558982849121e+00
8.803006410598754883e-01
1.139650821685791016e+00
8.935664296150207520e-01
8.538902997970581055e-01
9.143023490905761719e-01
8.372888565063476562e-01
8.511345982551574707e-01
9.059877395629882812e-01
7.829023599624633789e-01
8.067103028297424316e-01
7.064825296401977539e-01
9.517197012901306152e-01
8.806774020195007324e-01
8.007668256759643555e-01
8.932200670242309570e-01
1.001548290252685547e+00
7.304613590240478516e-01
7.399840354919433594e-01
7.922535538673400879e-01
9.072730541229248047e-01
1.045068621635437012e+00
1.061078786849975586e+00
9.458854198455810547e-01
9.708675742149353027e-01
9.207572937011718750e-01
7.929315567016601562e-01
8.554188013076782227e-01
8.325605392456054688e-01
1.142656207084655762e+00
1.096867322921752930e+00
1.223378658294677734e+00
1.005090236663818359e+00
9.103446006774902344e-01
1.000200867652893066e+00
1.148085236549377441e+00
1.080156803131103516e+00
9.911026954650878906e-01
9.662879109382629395e-01
7.280547022819519043e-01
9.865987300872802734e-01
9.827618002891540527e-01
9.311167597770690918e-01
9.508023262023925781e-01
9.509668350219726562e-01
9.287104010581970215e-01
8.336356878280639648e-01
1.085964798927307129e+00
8.916704654693603516e-01
7.772536277770996094e-01
8.343465328216552734e-01
6.993367671966552734e-01
6.009225249290466309e-01
6.183595657348632812e-01
7.670770883560180664e-01
6.921310424804687500e-01
7.168318629264831543e-01
7.427959442138671875e-01
7.273067235946655273e-01
7.533168792724609375e-01
7.025866508483886719e-01
6.845266222953796387e-01
7.726398706436157227e-01
8.594423532485961914e-01
8.161978721618652344e-01
9.976876974105834961e-01
8.148015737533569336e-01
9.239170551300048828e-01
8.783614635467529297e-01
9.607433080673217773e-01
9.604182243347167969e-01
8.387549519538879395e-01
8.741564750671386719e-01
8.909059762954711914e-01
9.070737361907958984e-01
7.175368070602416992e-01
8.511689305305480957e-01
8.323248624801635742e-01
8.064516782760620117e-01
8.010144233703613281e-01
9.505363106727600098e-01
7.319707274436950684e-01
5.986660718917846680e-01
6.875826120376586914e-01
7.367657423019409180e-01
9.348971843719482422e-01
7.846952080726623535e-01
1.111205935478210449e+00
9.478046298027038574e-01
1.226270198822021484e+00
1.193615078926086426e+00
1.068375349044799805e+00
1.334579467773437500e+00
9.191607236862182617e-01
8.213752508163452148e-01
1.065809726715087891e+00
1.091376304626464844e+00
1.058535099029541016e+00
1.013787746429443359e+00
1.555851817131042480e+00
1.440352916717529297e+00
1.745911002159118652e+00
1.095017433166503906e+00
1.033438444137573242e+00
1.104031443595886230e+00
1.150445699691772461e+00
1.126287937164306641e+00
1.303722143173217773e+00
1.587478876113891602e+00
1.180733799934387207e+00
1.030781149864196777e+00
9.273707866668701172e-01
9.959951639175415039e-01
9.490489363670349121e-01
8.363021612167358398e-01
7.821221351623535156e-01
9.979134798049926758e-01
1.034345388412475586e+00
1.122121095657348633e+00
1.069533228874206543e+00
7.273388504981994629e-01
8.993425369262695312e-01
8.432585597038269043e-01
7.833385467529296875e-01
7.480203509330749512e-01
1.034999132156372070e+00
1.002464294433593750e+00
8.887815475463867188e-01
1.069500327110290527e+00
1.012398362159729004e+00
1.110627412796020508e+00
8.748646974563598633e-01
9.346411824226379395e-01
1.039596080780029297e+00
1.157441616058349609e+00
9.534231424331665039e-01
9.613487720489501953e-01
8.913694024085998535e-01
7.605165839195251465e-01
9.826306104660034180e-01
9.921112060546875000e-01
1.022921800613403320e+00
1.059284210205078125e+00
1.037864685058593750e+00
7.457257509231567383e-01
8.133475780487060547e-01
8.440277576446533203e-01
8.236817121505737305e-01
6.904323697090148926e-01
9.581926465034484863e-01
1.012181997299194336e+00
8.109895586967468262e-01
9.668450355529785156e-01
9.210947751998901367e-01
9.189413785934448242e-01
6.907039284706115723e-01
1.039866685867309570e+00
1.169374942779541016e+00
1.021597027778625488e+00
1.078168869018554688e+00
1.097777843475341797e+00
7.735005617141723633e-01
7.712858915328979492e-01
9.288377761840820312e-01
1.091932296752929688e+00
8.047443628311157227e-01
9.606163501739501953e-01
9.376996159553527832e-01
1.011058568954467773e+00
1.743084907531738281e+00
1.237709164619445801e+00
1.610226988792419434e+00
1.500986099243164062e+00
9.655708670616149902e-01
1.051921129226684570e+00
1.106028914451599121e+00
1.200683593750000000e+00
1.289594650268554688e+00
1.606548786163330078e+00
9.590433239936828613e-01
1.260458588600158691e+00
9.174069166183471680e-01
8.590366244316101074e-01
9.488528966903686523e-01
8.662043809890747070e-01
8.801679611206054688e-01
7.824988961219787598e-01
7.682596445083618164e-01
8.951221704483032227e-01
7.752369642257690430e-01
6.175948381423950195e-01
7.628946304321289062e-01
7.871201634407043457e-01
8.602988719940185547e-01
9.232674837112426758e-01
9.866610765457153320e-01
8.982899188995361328e-01
9.402636885643005371e-01
8.919695615768432617e-01
1.047628998756408691e+00
1.017988681793212891e+00
1.165543079376220703e+00
9.046069979667663574e-01
6.784344911575317383e-01
8.884084820747375488e-01
9.321208596229553223e-01
8.457593917846679688e-01
1.006523728370666504e+00
1.181115627288818359e+00
1.086398243904113770e+00
9.039944410324096680e-01
6.414895057678222656e-01
6.087163686752319336e-01
9.319135546684265137e-01
9.152355194091796875e-01
1.134020209312438965e+00
9.105725288391113281e-01
8.058941960334777832e-01
9.862570762634277344e-01
9.653400182723999023e-01
1.187984228134155273e+00
1.125382184982299805e+00
1.062179803848266602e+00
1.020179748535156250e+00
1.184270620346069336e+00
1.350022554397583008e+00
9.586215019226074219e-01
1.081243515014648438e+00
9.021964073181152344e-01
8.887764215469360352e-01
7.408573627471923828e-01
7.758531570434570312e-01
1.064243793487548828e+00
1.126164793968200684e+00
9.097228646278381348e-01
9.439559578895568848e-01
9.209374785423278809e-01
8.006002902984619141e-01
6.992813348770141602e-01
7.073902487754821777e-01
7.112203836441040039e-01
1.080382347106933594e+00
7.408683300018310547e-01
8.912048339843750000e-01
1.045609712600708008e+00
9.161630868911743164e-01
1.079542160034179688e+00
8.635395765304565430e-01
7.733404040336608887e-01
7.246569991111755371e-01
7.195887565612792969e-01
8.833130598068237305e-01
9.001213312149047852e-01
8.757590055465698242e-01
7.066827416419982910e-01
7.519076466560363770e-01
8.214555978775024414e-01
8.617154359817504883e-01
7.857348322868347168e-01
8.757197856903076172e-01
9.873204231262207031e-01
9.607677459716796875e-01
1.078740239143371582e+00
9.923722147941589355e-01
9.680213928222656250e-01
1.014454126358032227e+00
1.118507862091064453e+00
1.030040264129638672e+00
9.333711266517639160e-01
9.584720134735107422e-01
1.100740909576416016e+00
1.174937248229980469e+00
6.502506732940673828e-01
5.797303318977355957e-01
7.864058017730712891e-01
8.661413192749023438e-01
1.035293102264404297e+00
9.643661975860595703e-01
9.415386319160461426e-01
8.774569630622863770e-01
8.737682700157165527e-01
1.044244289398193359e+00
8.540723323822021484e-01
1.085701107978820801e+00
1.197947025299072266e+00
1.045984506607055664e+00
1.172815799713134766e+00
9.450556039810180664e-01
8.065749406814575195e-01
7.846715450286865234e-01
8.162882924079895020e-01
1.107898473739624023e+00
1.235184431076049805e+00
7.843719720840454102e-01
8.873841166496276855e-01
9.559147953987121582e-01
7.867131233215332031e-01
8.402110338211059570e-01
9.201171398162841797e-01
1.036710023880004883e+00
7.405723333358764648e-01
6.722649335861206055e-01
7.189593315124511719e-01
9.226443767547607422e-01
1.031809449195861816e+00
8.906368017196655273e-01
8.113839626312255859e-01
9.339076280593872070e-01
9.562063813209533691e-01
8.339080214500427246e-01
1.092811107635498047e+00
9.684314131736755371e-01
9.818689823150634766e-01
9.197800159454345703e-01
9.050855636596679688e-01
1.325732469558715820e+00
1.443664193153381348e+00
7.764828205108642578e-01
1.487080693244934082e+00
2.318652868270874023e+00
1.054862022399902344e+00
1.094934344291687012e+00
9.447006583213806152e-01
9.816466569900512695e-01
8.887759447097778320e-01
8.666074275970458984e-01
8.535391092300415039e-01
1.001885890960693359e+00
8.624494075775146484e-01
8.141288161277770996e-01
8.570897579193115234e-01
7.261717319488525391e-01
7.337070703506469727e-01
8.643573522567749023e-01
8.278483152389526367e-01
6.646562814712524414e-01
6.658935546875000000e-01
6.836224794387817383e-01
9.701913595199584961e-01
8.915762901306152344e-01
9.053648710250854492e-01
7.687575817108154297e-01
9.719913005828857422e-01
9.947514533996582031e-01
8.615840673446655273e-01
1.005932092666625977e+00
9.087396264076232910e-01
7.809002995491027832e-01
9.498091340065002441e-01
9.599761962890625000e-01
7.808691263198852539e-01
8.072355389595031738e-01
8.542762398719787598e-01
9.650079607963562012e-01
7.405610084533691406e-01
8.667657375335693359e-01
8.771995902061462402e-01
9.490846395492553711e-01
8.889970779418945312e-01
1.036993980407714844e+00
1.019889831542968750e+00
9.415535330772399902e-01
7.089979648590087891e-01
7.666553258895874023e-01
5.513597726821899414e-01
8.178293704986572266e-01
1.241156458854675293e+00
1.213462591171264648e+00
1.046205520629882812e+00
1.041086435317993164e+00
9.306503534317016602e-01
1.236208677291870117e+00
7.965262532234191895e-01
8.461861610412597656e-01
8.919323086738586426e-01
9.006078839302062988e-01
9.172888398170471191e-01
9.952201843261718750e-01
9.947960376739501953e-01
8.687003850936889648e-01
7.675426006317138672e-01
9.074261188507080078e-01
9.894445538520812988e-01
9.865307807922363281e-01
8.900301456451416016e-01
8.285158872604370117e-01
1.021764993667602539e+00
9.991324543952941895e-01
8.543583154678344727e-01
8.051880598068237305e-01
7.198998928070068359e-01
8.337290287017822266e-01
8.913405537605285645e-01
7.934619188308715820e-01
9.256825447082519531e-01
9.933475255966186523e-01
6.243965625762939453e-01
6.873632073402404785e-01
7.767138481140136719e-01
7.134654521942138672e-01
8.756719827651977539e-01
7.191637158393859863e-01
1.150462627410888672e+00
1.201786518096923828e+00
7.602857947349548340e-01
8.554694056510925293e-01
8.624144792556762695e-01
9.661777019500732422e-01
1.070707201957702637e+00
9.784851670265197754e-01
9.907104969024658203e-01
8.705201745033264160e-01
8.073095083236694336e-01
8.098948597908020020e-01
7.364537715911865234e-01
6.596972942352294922e-01
8.438015580177307129e-01
5.888659954071044922e-01
8.900561332702636719e-01
9.175961613655090332e-01
8.143596649169921875e-01
7.661621570587158203e-01
8.305141329765319824e-01
7.095242738723754883e-01
7.382838726043701172e-01
7.969940304756164551e-01
8.954539299011230469e-01
1.224340915679931641e+00
1.197999835014343262e+00
1.198635816574096680e+00
8.050228953361511230e-01
1.195370554924011230e+00
1.571007370948791504e+00
1.103287696838378906e+00
7.251428365707397461e-01
9.879011511802673340e-01
1.450514316558837891e+00
9.690486788749694824e-01
8.521261811256408691e-01
7.051250934600830078e-01
9.914205074310302734e-01
1.158737778663635254e+00
9.495026469230651855e-01
9.257545471191406250e-01
7.848954200744628906e-01
6.913044452667236328e-01
7.336401939392089844e-01
1.013204813003540039e+00
1.155424952507019043e+00
1.138740897178649902e+00
1.141321659088134766e+00
8.552083969116210938e-01
7.444003224372863770e-01
7.674447298049926758e-01
9.375330209732055664e-01
7.039207220077514648e-01
7.672154903411865234e-01
1.014429569244384766e+00
7.945816516876220703e-01
8.128798604011535645e-01
7.210787534713745117e-01
7.058850526809692383e-01
7.848105430603027344e-01
1.040350079536437988e+00
9.659559726715087891e-01
9.312339425086975098e-01
7.081180810928344727e-01
7.368036508560180664e-01
6.464737057685852051e-01
8.919945955276489258e-01
8.542491793632507324e-01
7.492966651916503906e-01
5.608879327774047852e-01
6.534048318862915039e-01
7.098246812820434570e-01
7.836251854896545410e-01
8.139643073081970215e-01
9.510784745216369629e-01
9.700236320495605469e-01
1.003554344177246094e+00
8.711717128753662109e-01
9.735305905342102051e-01
1.012863516807556152e+00
7.906535863876342773e-01
8.359199762344360352e-01
8.138997554779052734e-01
9.129961729049682617e-01
8.345950841903686523e-01
8.307464122772216797e-01
8.342241048812866211e-01
5.277807116508483887e-01
7.328169941902160645e-01
1.342653274536132812e+00
1.550202250480651855e+00
9.917712807655334473e-01
6.481444835662841797e-01
6.612789630889892578e-01
7.359830141067504883e-01
6.892255544662475586e-01
6.335614919662475586e-01
9.247887730598449707e-01
1.001986503601074219e+00
8.185408711433410645e-01
9.533259868621826172e-01
1.042631626129150391e+00
8.183172941207885742e-01
9.646824598312377930e-01
7.173522710800170898e-01
7.506678104400634766e-01
6.750806570053100586e-01
6.933606266975402832e-01
6.618138551712036133e-01
6.147279143333435059e-01
6.984232664108276367e-01
7.049297094345092773e-01
7.545248270034790039e-01
6.255414485931396484e-01
7.307034730911254883e-01
1.136882424354553223e+00
1.511196374893188477e+00
1.099947452545166016e+00
1.117812514305114746e+00
9.257054328918457031e-01
6.916351914405822754e-01
8.096100687980651855e-01
8.750393986701965332e-01
9.328830838203430176e-01
1.089053392410278320e+00
1.330943465232849121e+00
1.056363582611083984e+00
1.038733720779418945e+00
9.696825146675109863e-01
7.653526663780212402e-01
1.352288961410522461e+00
1.234119772911071777e+00
8.079636096954345703e-01
7.931534051895141602e-01
9.636150598526000977e-01
8.664289712905883789e-01
1.088543653488159180e+00
1.083552837371826172e+00
1.099111557006835938e+00
1.227011561393737793e+00
1.204353690147399902e+00
9.692427515983581543e-01
9.372752904891967773e-01
9.849665164947509766e-01
8.509150743484497070e-01
8.294969797134399414e-01
6.286816596984863281e-01
7.171891927719116211e-01
5.885012745857238770e-01
7.213367819786071777e-01
6.881269216537475586e-01
7.173692584037780762e-01
9.582628607749938965e-01
9.357701539993286133e-01
8.512730002403259277e-01
1.265752792358398438e+00
1.066139459609985352e+00
7.302294969558715820e-01
8.530845642089843750e-01
9.021394252777099609e-01
8.313776254653930664e-01
7.253295779228210449e-01
7.562113404273986816e-01
6.704354882240295410e-01
9.500634074211120605e-01
8.673917651176452637e-01
9.787907600402832031e-01
6.695683002471923828e-01
8.947098255157470703e-01
9.019991755485534668e-01
1.007584333419799805e+00
9.340527653694152832e-01
6.694917082786560059e-01
8.761019110679626465e-01
8.229334354400634766e-01
7.306826710700988770e-01
7.624285221099853516e-01
7.896277904510498047e-01
7.157462835311889648e-01
8.873788118362426758e-01
9.480628371238708496e-01
8.681486248970031738e-01
6.584606170654296875e-01
6.067742109298706055e-01
6.306439638137817383e-01
6.981503963470458984e-01
7.417474985122680664e-01
7.857125401496887207e-01
8.292083740234375000e-01
1.163576126098632812e+00
1.118659973144531250e+00
8.978963494300842285e-01
9.579259753227233887e-01
1.121696949005126953e+00
9.509161114692687988e-01
9.832653999328613281e-01
8.810458183288574219e-01
9.142293930053710938e-01
8.020324110984802246e-01
8.096795678138732910e-01
1.093768477439880371e+00
1.085076093673706055e+00
1.118273973464965820e+00
7.106702327728271484e-01
8.118115663528442383e-01
9.314885139465332031e-01
8.448603153228759766e-01
7.461791038513183594e-01
7.068293094635009766e-01
7.798073291778564453e-01
7.518191337585449219e-01
7.991666197776794434e-01
9.343307614326477051e-01
7.933305501937866211e-01
8.375734090805053711e-01
9.117525815963745117e-01
7.413515448570251465e-01
9.673995971679687500e-01
9.672300219535827637e-01
7.658013701438903809e-01
8.069720268249511719e-01
9.764411449432373047e-01
7.888176441192626953e-01
7.858325242996215820e-01
9.827649593353271484e-01
8.023343086242675781e-01
7.469848990440368652e-01
7.866016626358032227e-01
6.958930492401123047e-01
1.035436153411865234e+00
8.375052213668823242e-01
1.076950192451477051e+00
7.991504669189453125e-01
7.490243911743164062e-01
1.069643139839172363e+00
9.514026641845703125e-01
6.564959287643432617e-01
6.283397674560546875e-01
6.086999773979187012e-01
8.842250108718872070e-01
8.278332352638244629e-01
1.102962970733642578e+00
7.903159856796264648e-01
8.624426126480102539e-01
6.258684396743774414e-01
6.491926908493041992e-01
6.585067510604858398e-01
7.503792047500610352e-01
9.175422787666320801e-01
1.069878578186035156e+00
8.443585038185119629e-01
8.336157798767089844e-01
8.310825824737548828e-01
8.103964328765869141e-01
7.158825397491455078e-01
8.827781677246093750e-01
6.399776935577392578e-01
6.318109035491943359e-01
1.051009297370910645e+00
1.105389118194580078e+00
8.168283700942993164e-01
6.251907348632812500e-01
6.395858526229858398e-01
4.375879168510437012e-01
6.496891975402832031e-01
8.198819160461425781e-01
1.093263149261474609e+00
9.926471114158630371e-01
9.570580720901489258e-01
6.111772060394287109e-01
7.488049864768981934e-01
5.727995634078979492e-01
5.877897739410400391e-01
8.034180998802185059e-01
8.842726945877075195e-01
8.012968301773071289e-01
1.087045431137084961e+00
8.700584173202514648e-01
9.051519632339477539e-01
7.150870561599731445e-01
7.039175629615783691e-01
9.340804815292358398e-01
1.012098670005798340e+00
1.024391531944274902e+00
9.554040431976318359e-01
1.080452561378479004e+00
8.588001728057861328e-01
1.131323337554931641e+00
9.745224714279174805e-01
1.364293575286865234e+00
1.427108049392700195e+00
1.096476316452026367e+00
1.010498642921447754e+00
8.621462583541870117e-01
8.014140129089355469e-01
9.663774967193603516e-01
8.113685250282287598e-01
1.010902166366577148e+00
7.446482181549072266e-01
9.969972372055053711e-01
1.091672182083129883e+00
1.027146339416503906e+00
9.159659147262573242e-01
8.282423615455627441e-01
8.130462169647216797e-01
9.337159991264343262e-01
8.606404066085815430e-01
1.018172264099121094e+00
8.637046813964843750e-01
8.756536245346069336e-01
6.865575909614562988e-01
6.657433509826660156e-01
6.233744025230407715e-01
5.594712495803833008e-01
7.421969175338745117e-01
9.806191921234130859e-01
8.501313328742980957e-01
7.494562268257141113e-01
8.549540042877197266e-01
1.113097548484802246e+00
8.486454486846923828e-01
1.015074014663696289e+00
7.710183262825012207e-01
7.203806042671203613e-01
8.334634900093078613e-01
8.114312887191772461e-01
9.595442414283752441e-01
9.622236490249633789e-01
1.009711980819702148e+00
1.051305532455444336e+00
8.850857615470886230e-01
7.635871171951293945e-01
7.838128209114074707e-01
8.435956239700317383e-01
8.088379502296447754e-01
7.904819250106811523e-01
7.807555198669433594e-01
7.913907766342163086e-01
8.748975396156311035e-01
9.563990235328674316e-01
1.079730272293090820e+00
1.016311883926391602e+00
8.390774726867675781e-01
7.604731917381286621e-01
6.893584728240966797e-01
6.357063055038452148e-01
5.550584793090820312e-01
7.513566017150878906e-01
8.812153339385986328e-01
9.299907088279724121e-01
1.124285817146301270e+00
8.477411866188049316e-01
1.093976259231567383e+00
9.506229758262634277e-01
8.465961217880249023e-01
8.563541173934936523e-01
7.460174560546875000e-01
7.379127740859985352e-01
9.367785453796386719e-01
1.046813249588012695e+00
1.135684609413146973e+00
1.080735325813293457e+00
7.913082242012023926e-01
1.045863866806030273e+00
1.064659595489501953e+00
1.255436301231384277e+00
1.127681255340576172e+00
8.672336935997009277e-01
9.188556671142578125e-01
8.503046631813049316e-01
6.560080647468566895e-01
8.980457782745361328e-01
8.618584275245666504e-01
8.869626522064208984e-01
8.204527497291564941e-01
1.037988901138305664e+00
9.846192598342895508e-01
7.702786326408386230e-01
8.104530572891235352e-01
8.060743808746337891e-01
7.882447242736816406e-01
7.490018606185913086e-01
9.469339847564697266e-01
1.052176952362060547e+00
1.060526728630065918e+00
9.380347728729248047e-01
8.914276361465454102e-01
9.254577755928039551e-01
9.124431610107421875e-01
8.021514415740966797e-01
8.200461268424987793e-01
9.860172867774963379e-01
9.496750831604003906e-01
1.244932055473327637e+00
1.057031869888305664e+00
1.051509737968444824e+00
8.416455984115600586e-01
8.477333188056945801e-01
9.440119266510009766e-01
7.188934087753295898e-01
7.424674630165100098e-01
8.181145787239074707e-01
8.525099754333496094e-01
9.334050416946411133e-01
8.486045598983764648e-01
1.072318315505981445e+00
8.186405301094055176e-01
1.036684751510620117e+00
8.379033803939819336e-01
8.149858117103576660e-01
1.007319688796997070e+00
8.224166035652160645e-01
6.668443679809570312e-01
7.741959095001220703e-01
5.815108418464660645e-01
7.619700431823730469e-01
7.936564683914184570e-01
8.472344875335693359e-01
8.863673806190490723e-01
8.855881690979003906e-01
8.267649412155151367e-01
8.447250127792358398e-01
9.309740066528320312e-01
1.037323594093322754e+00
8.333499431610107422e-01
8.740790486335754395e-01
8.047469854354858398e-01
1.068356394767761230e+00
9.868466258049011230e-01
8.806862831115722656e-01
7.800668478012084961e-01
7.205977439880371094e-01
9.213591814041137695e-01
1.010759711265563965e+00
1.045775294303894043e+00
1.044467329978942871e+00
9.430335760116577148e-01
8.986479043960571289e-01
1.014587998390197754e+00
1.172770857810974121e+00
9.226856231689453125e-01
9.282745122909545898e-01
8.528437614440917969e-01
9.969327449798583984e-01
8.913848996162414551e-01
7.368307113647460938e-01
6.191133260726928711e-01
7.424465417861938477e-01
9.577915668487548828e-01
9.588541388511657715e-01
1.221732974052429199e+00
1.225345134735107422e+00
1.003976106643676758e+00
9.700285792350769043e-01
7.653128504753112793e-01
1.128795504570007324e+00
7.849051952362060547e-01
1.153186082839965820e+00
1.154627799987792969e+00
1.135997414588928223e+00
9.292415380477905273e-01
9.151995182037353516e-01
8.820461630821228027e-01
9.145030379295349121e-01
9.695222377777099609e-01
9.647783041000366211e-01
7.410894036293029785e-01
8.576833009719848633e-01
7.896215915679931641e-01
8.210719227790832520e-01
1.026374220848083496e+00
8.793162107467651367e-01
7.656148076057434082e-01
8.583320379257202148e-01
7.636088728904724121e-01
7.797349095344543457e-01
7.222975492477416992e-01
8.484869003295898438e-01
7.541233897209167480e-01
7.778269052505493164e-01
1.159302949905395508e+00
7.621465921401977539e-01
9.367823600769042969e-01
8.717133402824401855e-01
8.183606863021850586e-01
6.354916095733642578e-01
7.994635701179504395e-01
6.473904848098754883e-01
9.479911923408508301e-01
9.094018340110778809e-01
8.245449066162109375e-01
7.834923267364501953e-01
9.899098873138427734e-01
1.099885225296020508e+00
8.373144865036010742e-01
7.986454963684082031e-01
8.358522653579711914e-01
9.311786293983459473e-01
9.430016875267028809e-01
1.089175224304199219e+00
1.241980552673339844e+00
1.021280288696289062e+00
8.581677079200744629e-01
9.060705900192260742e-01
7.478811740875244141e-01
7.181303501129150391e-01
8.644047975540161133e-01
7.689130306243896484e-01
6.996437907218933105e-01
8.579471111297607422e-01
7.595953941345214844e-01
6.411194801330566406e-01
8.675187826156616211e-01
9.285684227943420410e-01
7.812052369117736816e-01
7.900627851486206055e-01
6.081466078758239746e-01
8.214269876480102539e-01
8.960935473442077637e-01
9.076209664344787598e-01
1.035115599632263184e+00
8.687223196029663086e-01
8.925598859786987305e-01
1.064469814300537109e+00
9.688296318054199219e-01
6.967226266860961914e-01
6.647696495056152344e-01
7.728285193443298340e-01
7.514077425003051758e-01
8.302214145660400391e-01
7.966413497924804688e-01
8.278048038482666016e-01
9.916027784347534180e-01
1.092971563339233398e+00
1.284651279449462891e+00
1.083220124244689941e+00
7.711257934570312500e-01
6.630489230155944824e-01
5.374437570571899414e-01
7.422659397125244141e-01
8.691856861114501953e-01
9.595327973365783691e-01
9.467638731002807617e-01
7.715228796005249023e-01
1.258169293403625488e+00
1.109814763069152832e+00
8.558304905891418457e-01
7.810741662979125977e-01
8.682309389114379883e-01
5.523141622543334961e-01
8.600597381591796875e-01
8.671896457672119141e-01
7.695314884185791016e-01
8.897049427032470703e-01
7.909608483314514160e-01
7.502983808517456055e-01
8.483058214187622070e-01
7.984502911567687988e-01
7.876793146133422852e-01
8.011332750320434570e-01
8.459681272506713867e-01
1.134477257728576660e+00
9.339783191680908203e-01
8.602286577224731445e-01
7.561975121498107910e-01
6.392971277236938477e-01
6.938470602035522461e-01
8.549205064773559570e-01
9.098383188247680664e-01
1.040895462036132812e+00
9.573127627372741699e-01
9.917868375778198242e-01
9.106326699256896973e-01
6.955848932266235352e-01
9.412355422973632812e-01
9.780472517013549805e-01
6.400767564773559570e-01
9.129998087882995605e-01
1.226865172386169434e+00
1.236690044403076172e+00
1.173771381378173828e+00
1.466189384460449219e+00
1.127831339836120605e+00
9.148169755935668945e-01
8.804866075515747070e-01
8.571180105209350586e-01
9.410319328308105469e-01
8.805794715881347656e-01
9.032047986984252930e-01
8.539587259292602539e-01
1.019745111465454102e+00
9.259542226791381836e-01
9.599334597587585449e-01
8.062008619308471680e-01
9.237948656082153320e-01
9.736438989639282227e-01
7.426394820213317871e-01
7.629276514053344727e-01
8.824895620346069336e-01
1.011630177497863770e+00
8.863807916641235352e-01
7.402320504188537598e-01
9.112221002578735352e-01
9.335250258445739746e-01
8.644142150878906250e-01
8.928904533386230469e-01
8.325086236000061035e-01
8.080886602401733398e-01
8.567833900451660156e-01
7.721490263938903809e-01
6.660830974578857422e-01
8.863683938980102539e-01
8.791931271553039551e-01
9.710752367973327637e-01
1.000670433044433594e+00
8.255018591880798340e-01
7.380783557891845703e-01
7.523756027221679688e-01
8.414434790611267090e-01
9.027458429336547852e-01
9.818956851959228516e-01
7.311382293701171875e-01
9.158031940460205078e-01
1.100682139396667480e+00
8.728164434432983398e-01
7.799319028854370117e-01
7.779321670532226562e-01
9.139125347137451172e-01
8.794084787368774414e-01
1.042245626449584961e+00
1.186518549919128418e+00
1.053658962249755859e+00
1.018161654472351074e+00
1.051406741142272949e+00
8.737555146217346191e-01
6.996308565139770508e-01
8.972727656364440918e-01
7.776317596435546875e-01
8.534516692161560059e-01
7.968788146972656250e-01
8.953731060028076172e-01
8.551905751228332520e-01
8.988959193229675293e-01
9.586911201477050781e-01
8.491753339767456055e-01
1.006368160247802734e+00
9.355911016464233398e-01
8.217976093292236328e-01
7.674350738525390625e-01
7.669340968132019043e-01
1.004568338394165039e+00
9.132355451583862305e-01
7.944913506507873535e-01
6.096085309982299805e-01
7.183443307876586914e-01
6.832999587059020996e-01
8.268654346466064453e-01
7.905669808387756348e-01
9.030901193618774414e-01
7.702497243881225586e-01
8.267070651054382324e-01
7.659794688224792480e-01
7.477861046791076660e-01
6.463679671287536621e-01
6.403275132179260254e-01
8.143354058265686035e-01
7.949345111846923828e-01
6.964163184165954590e-01
9.037097692489624023e-01
8.054181337356567383e-01
8.954871296882629395e-01
9.258009195327758789e-01
8.488543033599853516e-01
7.291941642761230469e-01
6.317864656448364258e-01
6.833543777465820312e-01
8.106404542922973633e-01
9.523227214813232422e-01
9.531915783882141113e-01
9.451347589492797852e-01
9.217896461486816406e-01
1.048920273780822754e+00
1.035848259925842285e+00
9.013486504554748535e-01
7.890789508819580078e-01
8.726488351821899414e-01
9.541607499122619629e-01
8.766102194786071777e-01
8.587867021560668945e-01
1.004343390464782715e+00
8.469820022583007812e-01
8.724883794784545898e-01
8.253411054611206055e-01
1.067366719245910645e+00
9.000722169876098633e-01
9.633536934852600098e-01
9.816702008247375488e-01
8.543685078620910645e-01
8.196679353713989258e-01
7.907176017761230469e-01
7.966881394386291504e-01
9.827600717544555664e-01
7.093726396560668945e-01
1.121312618255615234e+00
1.379986286163330078e+00
1.175359368324279785e+00
9.056800007820129395e-01
7.793201208114624023e-01
7.242088317871093750e-01
8.708652257919311523e-01
8.566182851791381836e-01
8.026394844055175781e-01
7.896251082420349121e-01
7.524375915527343750e-01
8.261018395423889160e-01
9.536068439483642578e-01
8.022441267967224121e-01
8.781428337097167969e-01
9.623962640762329102e-01
9.681334495544433594e-01
6.598608493804931641e-01
8.123932480812072754e-01
1.052340984344482422e+00
1.020100116729736328e+00
8.543635606765747070e-01
1.378486514091491699e+00
1.304854154586791992e+00
9.475338459014892578e-01
9.235810041427612305e-01
9.285363554954528809e-01
7.178066968917846680e-01
6.307234764099121094e-01
7.735426425933837891e-01
8.320718407630920410e-01
7.599986791610717773e-01
8.481360673904418945e-01
7.435724735260009766e-01
8.565254211425781250e-01
7.729427814483642578e-01
9.080036878585815430e-01
8.076848983764648438e-01
7.156815528869628906e-01
8.423605561256408691e-01
7.755641341209411621e-01
8.404546976089477539e-01
8.892062902450561523e-01
8.402574062347412109e-01
8.318775296211242676e-01
1.000372648239135742e+00
1.039453864097595215e+00
1.339446663856506348e+00
9.281491041183471680e-01
1.457123637199401855e+00
1.204757690429687500e+00
9.477437138557434082e-01
8.138625025749206543e-01
8.624205589294433594e-01
1.053945779800415039e+00
9.793394804000854492e-01
1.044982552528381348e+00
8.596559762954711914e-01
8.295460939407348633e-01
8.251440525054931641e-01
8.136472105979919434e-01
1.065643072128295898e+00
1.105908274650573730e+00
8.489811420440673828e-01
9.330419898033142090e-01
8.813626766204833984e-01
9.548842310905456543e-01
7.943706512451171875e-01
7.973234653472900391e-01
5.832082033157348633e-01
7.294450998306274414e-01
8.883846998214721680e-01
9.953170418739318848e-01
1.195057392120361328e+00
1.160431861877441406e+00
1.168172717094421387e+00
9.940209388732910156e-01
7.836426496505737305e-01
7.110378742218017578e-01
7.981424331665039062e-01
9.049975872039794922e-01
8.346754908561706543e-01
9.865558147430419922e-01
9.032245278358459473e-01
7.272128462791442871e-01
9.422517418861389160e-01
8.837094306945800781e-01
9.110157489776611328e-01
8.960536122322082520e-01
9.866595268249511719e-01
8.135194182395935059e-01
6.908224225044250488e-01
8.764640092849731445e-01
8.371420502662658691e-01
6.498498916625976562e-01
8.093239665031433105e-01
8.497046232223510742e-01
1.008941650390625000e+00
9.486950039863586426e-01
9.250890612602233887e-01
9.147784113883972168e-01
8.464844822883605957e-01
1.091826319694519043e+00
8.410989046096801758e-01
8.451213240623474121e-01
8.449196815490722656e-01
7.212949991226196289e-01
6.944777965545654297e-01
6.354749798774719238e-01
7.993635535240173340e-01
9.174401164054870605e-01
6.898117661476135254e-01
8.800443410873413086e-01
1.064182639122009277e+00
6.569407582283020020e-01
7.723858952522277832e-01
8.202957510948181152e-01
7.688528299331665039e-01
7.282829284667968750e-01
1.000131368637084961e+00
1.096426129341125488e+00
1.030771255493164062e+00
9.566047787666320801e-01
1.017150521278381348e+00
1.209572672843933105e+00
7.676725387573242188e-01
1.154302597045898438e+00
1.055366992950439453e+00
7.508052587509155273e-01
9.193387031555175781e-01
1.005467057228088379e+00
9.015503525733947754e-01
8.237035274505615234e-01
6.978917121887207031e-01
6.641324758529663086e-01
7.604917883872985840e-01
9.227832555770874023e-01
8.248014450073242188e-01
8.703885078430175781e-01
6.761448979377746582e-01
7.477509975433349609e-01
5.927651524543762207e-01
6.686248183250427246e-01
7.256171703338623047e-01
7.214235067367553711e-01
7.163589596748352051e-01
7.555339932441711426e-01
7.609761357307434082e-01
7.240940332412719727e-01
8.048827648162841797e-01
8.778240680694580078e-01
9.070950746536254883e-01
9.307314157485961914e-01
1.294608950614929199e+00
8.948380351066589355e-01
8.424131274223327637e-01
8.474843502044677734e-01
8.986879587173461914e-01
7.624055147171020508e-01
8.342201709747314453e-01
6.976046562194824219e-01
8.380780220031738281e-01
8.326979875564575195e-01
8.430322408676147461e-01
6.399354934692382812e-01
1.112419962882995605e+00
8.341053724288940430e-01
6.138215065002441406e-01
8.614306449890136719e-01
8.616942167282104492e-01
8.659636378288269043e-01
6.302810907363891602e-01
7.576388716697692871e-01
1.061603188514709473e+00
1.015600800514221191e+00
8.337193131446838379e-01
7.978731393814086914e-01
6.084671616554260254e-01
7.493987083435058594e-01
7.991526126861572266e-01
7.354162335395812988e-01
6.156235933303833008e-01
7.526087760925292969e-01
7.143262624740600586e-01
7.287032008171081543e-01
1.094563007354736328e+00
9.499530792236328125e-01
7.950685620307922363e-01
7.564918994903564453e-01
1.010890245437622070e+00
1.129401206970214844e+00
2.464675903320312500e+00
3.401950836181640625e+00
1.411974430084228516e+00
1.098151683807373047e+00
1.340760111808776855e+00
1.366070508956909180e+00
1.193280935287475586e+00
1.054547190666198730e+00
8.349852561950683594e-01
7.780467271804809570e-01
9.640629291534423828e-01
1.179379343986511230e+00
9.146080613136291504e-01
9.541218280792236328e-01
9.785826206207275391e-01
1.028171777725219727e+00
1.177475333213806152e+00
9.471492767333984375e-01
7.788510918617248535e-01
6.679850816726684570e-01
9.067912101745605469e-01
7.443152666091918945e-01
8.829150795936584473e-01
8.660233020782470703e-01
7.614610791206359863e-01
9.778873920440673828e-01
1.042165756225585938e+00
8.307591676712036133e-01
8.602850437164306641e-01
1.188281297683715820e+00
8.562109470367431641e-01
6.754965186119079590e-01
9.759951233863830566e-01
8.939526081085205078e-01
8.444426655769348145e-01
6.925966143608093262e-01
8.647416830062866211e-01
8.087164163589477539e-01
7.510799169540405273e-01
8.988834023475646973e-01
8.830335140228271484e-01
7.898469567298889160e-01
1.065490603446960449e+00
9.256914854049682617e-01
8.118504285812377930e-01
8.947505950927734375e-01
8.112534284591674805e-01
7.653785943984985352e-01
7.988103628158569336e-01
9.151469469070434570e-01
9.510609507560729980e-01
8.640705347061157227e-01
8.091567754745483398e-01
8.682004213333129883e-01
7.562502622604370117e-01
8.631285429000854492e-01
7.967003583908081055e-01
1.020651817321777344e+00
1.162263631820678711e+00
7.895631790161132812e-01
9.834933876991271973e-01
1.070399761199951172e+00
1.106750130653381348e+00
7.133482694625854492e-01
1.090178489685058594e+00
1.458130955696105957e+00
1.158483147621154785e+00
1.491854071617126465e+00
1.173131704330444336e+00
6.669934988021850586e-01
8.807930946350097656e-01
1.482521176338195801e+00
1.393053770065307617e+00
9.348471164703369141e-01
8.351597785949707031e-01
1.104846596717834473e+00
1.014994144439697266e+00
7.103519439697265625e-01
5.934876203536987305e-01
9.236686825752258301e-01
1.154523015022277832e+00
7.552709579467773438e-01
8.970887660980224609e-01
8.776240944862365723e-01
8.785233497619628906e-01
8.439342975616455078e-01
7.377798557281494141e-01
7.973209619522094727e-01
8.567084074020385742e-01
8.091267347335815430e-01
7.136580944061279297e-01
7.382087707519531250e-01
8.175248503684997559e-01
9.655845165252685547e-01
9.918911457061767578e-01
7.990472316741943359e-01
7.653573751449584961e-01
6.517745852470397949e-01
6.470532417297363281e-01
6.022479534149169922e-01
6.968694925308227539e-01
1.021549105644226074e+00
1.072193622589111328e+00
1.052432894706726074e+00
8.742061853408813477e-01
8.819857835769653320e-01
8.843808174133300781e-01
8.922328948974609375e-01
1.012162566184997559e+00
1.323268175125122070e+00
1.189242362976074219e+00
1.708337903022766113e+00
1.970717906951904297e+00
1.236173391342163086e+00
8.949568271636962891e-01
9.581433534622192383e-01
1.157984495162963867e+00
1.029115676879882812e+00
8.710467219352722168e-01
8.887125253677368164e-01
7.597854733467102051e-01
8.745456933975219727e-01
9.667115211486816406e-01
6.854904294013977051e-01
8.651456832885742188e-01
9.153437614440917969e-01
9.064341783523559570e-01
7.422097921371459961e-01
1.052354097366333008e+00
9.646580219268798828e-01
8.743076324462890625e-01
8.653974533081054688e-01
8.543806672096252441e-01
1.006596326828002930e+00
9.736554622650146484e-01
1.064791679382324219e+00
9.223328232765197754e-01
8.200918436050415039e-01
6.596937179565429688e-01
7.070922851562500000e-01
7.249786853790283203e-01
9.091735482215881348e-01
9.402326345443725586e-01
6.051206588745117188e-01
8.973634243011474609e-01
9.129487872123718262e-01
7.478531002998352051e-01
8.630648851394653320e-01
7.386353015899658203e-01
9.101576805114746094e-01
8.130747079849243164e-01
7.088323831558227539e-01
8.865050077438354492e-01
7.532994151115417480e-01
7.969895601272583008e-01
8.071208000183105469e-01
7.183295488357543945e-01
7.003717422485351562e-01
9.135336875915527344e-01
9.561641216278076172e-01
8.528158068656921387e-01
9.268828630447387695e-01
9.902978539466857910e-01
7.722554802894592285e-01
8.809790611267089844e-01
8.161976337432861328e-01
8.823279142379760742e-01
8.496251702308654785e-01
8.998361825942993164e-01
9.019446372985839844e-01
8.550101518630981445e-01
6.939026713371276855e-01
7.409650087356567383e-01
7.145190834999084473e-01
8.349629640579223633e-01
6.865436434745788574e-01
7.552315592765808105e-01
7.404729127883911133e-01
7.093727588653564453e-01
7.703775167465209961e-01
9.117125868797302246e-01
8.657445907592773438e-01
7.101383209228515625e-01
8.061025142669677734e-01
7.943693399429321289e-01
9.278482198715209961e-01
8.529818058013916016e-01
1.335482239723205566e+00
1.306256055831909180e+00
2.013739824295043945e+00
1.608588337898254395e+00
1.281381487846374512e+00
1.242938041687011719e+00
1.449013590812683105e+00
9.346272945404052734e-01
1.018169164657592773e+00
9.767898917198181152e-01
9.338797330856323242e-01
1.040131926536560059e+00
1.115058422088623047e+00
9.205503463745117188e-01
9.332125186920166016e-01
7.944667339324951172e-01
9.566459059715270996e-01
7.233315706253051758e-01
8.622701764106750488e-01
7.283598184585571289e-01
8.107820749282836914e-01
9.191048741340637207e-01
9.552146196365356445e-01
6.415264606475830078e-01
8.291115760803222656e-01
9.191681146621704102e-01
8.098087906837463379e-01
8.718216419219970703e-01
6.573203206062316895e-01
8.296462893486022949e-01
7.593940496444702148e-01
8.353196382522583008e-01
6.862187385559082031e-01
8.484145402908325195e-01
8.697327375411987305e-01
8.124237656593322754e-01
8.890971541404724121e-01
8.678586483001708984e-01
7.183588743209838867e-01
9.653503894805908203e-01
9.602853655815124512e-01
8.913441896438598633e-01
6.059994697570800781e-01
6.162608265876770020e-01
8.687337636947631836e-01
9.165883660316467285e-01
8.081569671630859375e-01
7.006277441978454590e-01
9.259787201881408691e-01
1.003098607063293457e+00
8.694116473197937012e-01
9.933068752288818359e-01
8.468520045280456543e-01
8.640855550765991211e-01
8.607381582260131836e-01
7.698521614074707031e-01
6.860918998718261719e-01
9.933429956436157227e-01
7.625326514244079590e-01
8.202722072601318359e-01
7.761429548263549805e-01
7.365210652351379395e-01
7.520966529846191406e-01
7.645487785339355469e-01
8.318926095962524414e-01
8.454452753067016602e-01
7.986705899238586426e-01
7.282543182373046875e-01
9.552932977676391602e-01
7.810284495353698730e-01
9.253036975860595703e-01
7.564314603805541992e-01
7.393307685852050781e-01
8.566418290138244629e-01
7.316648960113525391e-01
9.835153818130493164e-01
9.621305465698242188e-01
8.953906893730163574e-01
9.203599095344543457e-01
8.700735569000244141e-01
7.727030515670776367e-01
7.928259968757629395e-01
7.454570531845092773e-01
7.720307707786560059e-01
8.544396758079528809e-01
1.143857002258300781e+00
1.053393602371215820e+00
6.803679466247558594e-01
8.871642351150512695e-01
7.717359066009521484e-01
1.005622625350952148e+00
9.134452342987060547e-01
6.021364927291870117e-01
8.073269724845886230e-01
8.271667957305908203e-01
7.585043907165527344e-01
9.007198810577392578e-01
7.699413299560546875e-01
6.385806798934936523e-01
7.918131947517395020e-01
9.108294248580932617e-01
7.561513185501098633e-01
8.747825622558593750e-01
8.074795603752136230e-01
8.932356238365173340e-01
6.767479181289672852e-01
8.451150655746459961e-01
7.051229476928710938e-01
6.618891358375549316e-01
8.267975449562072754e-01
7.923163175582885742e-01
8.757475614547729492e-01
1.003068685531616211e+00
9.376036524772644043e-01
7.149353027343750000e-01
7.080782651901245117e-01
7.160832881927490234e-01
7.475373744964599609e-01
7.330006361007690430e-01
6.396883726119995117e-01
9.309338331222534180e-01
7.968907356262207031e-01
7.692669034004211426e-01
7.529238462448120117e-01
8.517838716506958008e-01
7.662240266799926758e-01
6.452685594558715820e-01
7.474576234817504883e-01
9.870207905769348145e-01
8.943693637847900391e-01
8.636516332626342773e-01
8.066662549972534180e-01
7.796132564544677734e-01
8.201337456703186035e-01
8.379858732223510742e-01
7.639545202255249023e-01
7.523637413978576660e-01
8.898681998252868652e-01
9.406565427780151367e-01
8.798065781593322754e-01
8.265283107757568359e-01
9.123982191085815430e-01
7.646781802177429199e-01
6.558495163917541504e-01
7.528150081634521484e-01
8.355704545974731445e-01
7.199449539184570312e-01
9.604187011718750000e-01
9.915536046028137207e-01
6.038522124290466309e-01
7.949960231781005859e-01
8.848335742950439453e-01
7.746318578720092773e-01
7.843712568283081055e-01
6.597801446914672852e-01
6.727651953697204590e-01
7.858861088752746582e-01
6.880875825881958008e-01
8.441587686538696289e-01
8.391151428222656250e-01
6.816785335540771484e-01
1.022107601165771484e+00
1.211554765701293945e+00
7.850708365440368652e-01
7.691794037818908691e-01
7.347688674926757812e-01
8.722669482231140137e-01
9.401753544807434082e-01
7.339374423027038574e-01
5.553745031356811523e-01
6.993416547775268555e-01
1.060127019882202148e+00
6.407200098037719727e-01
7.695097923278808594e-01
7.425115108489990234e-01
8.174539804458618164e-01
6.512066125869750977e-01
6.078877449035644531e-01
8.722995519638061523e-01
8.268257379531860352e-01
9.221152663230895996e-01
8.382002115249633789e-01
7.563208341598510742e-01
9.708859324455261230e-01
8.175981044769287109e-01
1.123796701431274414e+00
6.985473632812500000e-01
1.038673758506774902e+00
8.760507702827453613e-01
1.072279095649719238e+00
9.898297786712646484e-01
6.793289184570312500e-01
7.133766412734985352e-01
7.175737023353576660e-01
6.263185739517211914e-01
6.752374172210693359e-01
6.921403408050537109e-01
8.123459815979003906e-01
7.735665440559387207e-01
9.167635440826416016e-01
7.904692888259887695e-01
7.937489151954650879e-01
9.611667394638061523e-01
1.265712499618530273e+00
3.325717449188232422e+00
1.965231895446777344e+00
1.337091803550720215e+00
7.957644462585449219e-01
7.784627676010131836e-01
9.304177761077880859e-01
1.124623656272888184e+00
8.617215156555175781e-01
8.804672360420227051e-01
8.245979547500610352e-01
8.690441250801086426e-01
8.012771606445312500e-01
8.298921585083007812e-01
9.530004262924194336e-01
9.182164669036865234e-01
8.354363441467285156e-01
8.196421861648559570e-01
8.277757763862609863e-01
1.043284177780151367e+00
8.670991659164428711e-01
1.053505659103393555e+00
1.045969724655151367e+00
1.071860432624816895e+00
9.780535697937011719e-01
7.820255160331726074e-01
8.248047828674316406e-01
7.348824739456176758e-01
9.177783727645874023e-01
7.385198473930358887e-01
8.062762022018432617e-01
9.052878022193908691e-01
6.761971712112426758e-01
9.742531776428222656e-01
7.445416450500488281e-01
7.851133346557617188e-01
8.654260635375976562e-01
8.077892065048217773e-01
5.814886093139648438e-01
8.359662890434265137e-01
7.856350541114807129e-01
7.573879361152648926e-01
8.639847040176391602e-01
8.399735689163208008e-01
8.256798386573791504e-01
7.962425351142883301e-01
8.250796198844909668e-01
8.041280508041381836e-01
7.029517889022827148e-01
8.347098827362060547e-01
9.693254828453063965e-01
9.585457444190979004e-01
7.773751020431518555e-01
8.390549421310424805e-01
7.324678897857666016e-01
6.485546827316284180e-01
7.603832483291625977e-01
7.868647575378417969e-01
6.865478754043579102e-01
8.098692893981933594e-01
9.613930583000183105e-01
8.724217414855957031e-01
1.099130988121032715e+00
1.073894619941711426e+00
2.108895778656005859e+00
2.271816015243530273e+00
1.286982059478759766e+00
1.267915725708007812e+00
1.200419425964355469e+00
1.109621047973632812e+00
1.276469469070434570e+00
1.221152544021606445e+00
1.005830168724060059e+00
7.940620183944702148e-01
9.680768251419067383e-01
8.810423016548156738e-01
8.206061124801635742e-01
8.557336926460266113e-01
9.258406162261962891e-01
1.140788435935974121e+00
1.067752838134765625e+00
9.065837264060974121e-01
1.130277037620544434e+00
1.059217691421508789e+00
9.959506988525390625e-01
9.910446405410766602e-01
7.610040307044982910e-01
8.384133577346801758e-01
9.495645165443420410e-01
8.361595869064331055e-01
9.748340249061584473e-01
9.043881297111511230e-01
6.977310180664062500e-01
8.843235373497009277e-01
7.574102282524108887e-01
7.507831454277038574e-01
7.316230535507202148e-01
7.229915857315063477e-01
6.935299634933471680e-01
7.725523114204406738e-01
7.767163515090942383e-01
1.051692962646484375e+00
9.930297136306762695e-01
9.101133346557617188e-01
9.162350296974182129e-01
8.416100740432739258e-01
1.229194998741149902e+00
9.151671528816223145e-01
1.052178621292114258e+00
8.322237730026245117e-01
8.006073236465454102e-01
1.075382947921752930e+00
1.103996634483337402e+00
8.648777604103088379e-01
8.793471455574035645e-01
7.308428287506103516e-01
6.244675517082214355e-01
7.777109742164611816e-01
8.352943658828735352e-01
8.043673634529113770e-01
6.897509098052978516e-01
6.871525049209594727e-01
7.913995981216430664e-01
8.106090426445007324e-01
9.614150524139404297e-01
7.842643260955810547e-01
6.733894944190979004e-01
7.208739519119262695e-01
6.297038793563842773e-01
7.086142301559448242e-01
7.199656963348388672e-01
6.241012811660766602e-01
7.727502584457397461e-01
9.286900758743286133e-01
9.233114719390869141e-01
1.326400160789489746e+00
1.537070751190185547e+00
2.188821315765380859e+00
1.166449427604675293e+00
7.768903970718383789e-01
6.421577930450439453e-01
6.658438444137573242e-01
8.672883510589599609e-01
9.150090813636779785e-01
8.788143396377563477e-01
1.042997598648071289e+00
1.282014846801757812e+00
1.133890748023986816e+00
1.166317462921142578e+00
9.802381992340087891e-01
8.484472632408142090e-01
6.738719940185546875e-01
7.371513843536376953e-01
8.718703985214233398e-01
8.289473652839660645e-01
9.500665664672851562e-01
8.519743680953979492e-01
7.062813043594360352e-01
7.891574501991271973e-01
6.964236497879028320e-01
7.265574932098388672e-01
7.511653900146484375e-01
7.398302555084228516e-01
7.400642633438110352e-01
9.612704515457153320e-01
9.149543642997741699e-01
8.129088878631591797e-01
7.381052970886230469e-01
7.153390645980834961e-01
7.500168085098266602e-01
8.171310424804687500e-01
7.835028767585754395e-01
5.920318365097045898e-01
5.389086008071899414e-01
7.446897029876708984e-01
6.457797288894653320e-01
7.394200563430786133e-01
9.559716582298278809e-01
1.008601188659667969e+00
9.023067951202392578e-01
7.418426871299743652e-01
7.984119057655334473e-01
7.797586917877197266e-01
7.081942558288574219e-01
8.025540113449096680e-01
9.344083666801452637e-01
9.897400140762329102e-01
9.652547836303710938e-01
6.525678038597106934e-01
7.346338033676147461e-01
9.288524389266967773e-01
8.999891877174377441e-01
8.957089781761169434e-01
8.024002313613891602e-01
8.062281608581542969e-01
9.192612171173095703e-01
8.407458662986755371e-01
6.883203983306884766e-01
6.549602746963500977e-01
9.228627681732177734e-01
8.799522519111633301e-01
8.324170112609863281e-01
1.095816969871520996e+00
9.282008409500122070e-01
1.212322592735290527e+00
1.308036208152770996e+00
8.703509569168090820e-01
7.787332534790039062e-01
7.489041090011596680e-01
6.792693734169006348e-01
7.183836698532104492e-01
8.010956048965454102e-01
1.254826664924621582e+00
1.069314002990722656e+00
9.263991713523864746e-01
6.970447301864624023e-01
7.261151075363159180e-01
7.647012472152709961e-01
9.377647638320922852e-01
8.746409416198730469e-01
8.391551375389099121e-01
1.263206720352172852e+00
1.068753600120544434e+00
8.290007710456848145e-01
8.545647263526916504e-01
9.490807652473449707e-01
7.725449204444885254e-01
6.089657545089721680e-01
5.635433197021484375e-01
7.444370985031127930e-01
1.022826433181762695e+00
7.779154777526855469e-01
7.788463830947875977e-01
7.567764520645141602e-01
5.150121450424194336e-01
7.589260339736938477e-01
1.884980440139770508e+00
1.437389969825744629e+00
1.559956550598144531e+00
1.294865965843200684e+00
1.012467503547668457e+00
5.869621038436889648e-01
6.845579743385314941e-01
8.029754161834716797e-01
7.257752418518066406e-01
7.560501098632812500e-01
9.203596115112304688e-01
1.057645559310913086e+00
8.258948326110839844e-01
6.328163146972656250e-01
7.068473100662231445e-01
7.054914832115173340e-01
9.507106542587280273e-01
1.050553202629089355e+00
1.040803670883178711e+00
8.617085814476013184e-01
8.228207826614379883e-01
8.830370903015136719e-01
8.460089564323425293e-01
8.866305351257324219e-01
9.113393425941467285e-01
1.004057884216308594e+00
9.166860580444335938e-01
8.128573894500732422e-01
7.183880805969238281e-01
7.621978521347045898e-01
8.635133504867553711e-01
7.964733839035034180e-01
7.468883991241455078e-01
8.242608308792114258e-01
8.518265485763549805e-01
8.623871803283691406e-01
8.932124972343444824e-01
6.558588743209838867e-01
8.448690772056579590e-01
7.919915318489074707e-01
9.267485141754150391e-01
8.669428229331970215e-01
9.795938730239868164e-01
7.963910102844238281e-01
8.958603143692016602e-01
7.259037494659423828e-01
6.697033643722534180e-01
7.154427766799926758e-01
6.833949089050292969e-01
5.903810858726501465e-01
5.690697431564331055e-01
7.949349880218505859e-01
7.486977577209472656e-01
8.045177459716796875e-01
7.358093857765197754e-01
8.365556597709655762e-01
8.567495942115783691e-01
7.988501191139221191e-01
6.670404672622680664e-01
7.956995368003845215e-01
5.240544676780700684e-01
6.696432232856750488e-01
6.791360378265380859e-01
7.108311653137207031e-01
4.717857539653778076e-01
1.165075778961181641e+00
1.433873772621154785e+00
1.152348518371582031e+00
1.087317109107971191e+00
1.011054754257202148e+00
9.776009321212768555e-01
8.941470384597778320e-01
7.637430429458618164e-01
1.030237436294555664e+00
7.405108213424682617e-01
9.419887065887451172e-01
7.169340848922729492e-01
6.933877468109130859e-01
9.140832424163818359e-01
9.984279870986938477e-01
9.529560208320617676e-01
8.669146895408630371e-01
6.303055286407470703e-01
9.605064988136291504e-01
9.860489368438720703e-01
1.138578176498413086e+00
1.368341445922851562e+00
1.201978921890258789e+00
2.352886676788330078e+00
2.027591705322265625e+00
9.642057418823242188e-01
1.271223187446594238e+00
1.529405117034912109e+00
1.444859623908996582e+00
7.323980331420898438e-01
8.400022387504577637e-01
1.046791791915893555e+00
9.921992421150207520e-01
9.433726668357849121e-01
9.582006931304931641e-01
8.415131568908691406e-01
8.902815580368041992e-01
8.590720891952514648e-01
9.194527268409729004e-01
9.884345531463623047e-01
8.304746747016906738e-01
8.757008314132690430e-01
8.792513608932495117e-01
1.019716620445251465e+00
8.131271600723266602e-01
8.577205538749694824e-01
1.066632032394409180e+00
6.937223076820373535e-01
5.521531105041503906e-01
8.749235868453979492e-01
8.263859152793884277e-01
8.703570961952209473e-01
8.336665630340576172e-01
7.286404371261596680e-01
8.047215938568115234e-01
6.894869804382324219e-01
7.802553176879882812e-01
8.419221043586730957e-01
8.256441354751586914e-01
1.147117018699645996e+00
9.547428488731384277e-01
1.000260114669799805e+00
7.073079943656921387e-01
6.045325398445129395e-01
7.497968673706054688e-01
7.050755620002746582e-01
8.212523460388183594e-01
8.227348923683166504e-01
8.400638103485107422e-01
8.523577451705932617e-01
7.222900390625000000e-01
7.825188636779785156e-01
8.682528734207153320e-01
9.912768006324768066e-01
8.462870121002197266e-01
7.238616347312927246e-01
7.934767007827758789e-01
6.818379163742065430e-01
8.520225286483764648e-01
9.283519387245178223e-01
9.105584621429443359e-01
8.492074012756347656e-01
9.047909975051879883e-01
7.832692861557006836e-01
8.702272176742553711e-01
7.287298440933227539e-01
9.245202541351318359e-01
6.713971495628356934e-01
8.718549013137817383e-01
8.724545240402221680e-01
9.132510423660278320e-01
8.739286661148071289e-01
8.375813364982604980e-01
9.806450009346008301e-01
8.757662177085876465e-01
8.776479959487915039e-01
1.119303226470947266e+00
9.769203662872314453e-01
9.161008000373840332e-01
6.615573167800903320e-01
6.917442083358764648e-01
8.415554165840148926e-01
8.408832550048828125e-01
7.876753211021423340e-01
7.280076742172241211e-01
8.083291649818420410e-01
8.988993763923645020e-01
1.025481462478637695e+00
8.676050305366516113e-01
9.806916117668151855e-01
8.751344680786132812e-01
6.957139968872070312e-01
8.243945240974426270e-01
7.147682905197143555e-01
9.865459203720092773e-01
1.553810834884643555e+00
1.146699428558349609e+00
1.184046387672424316e+00
9.284499883651733398e-01
1.034922361373901367e+00
1.014040708541870117e+00
8.718950152397155762e-01
8.273294568061828613e-01
7.986939549446105957e-01
7.481151223182678223e-01
7.977597117424011230e-01
8.050864934921264648e-01
9.108176231384277344e-01
8.369413614273071289e-01
6.670361161231994629e-01
8.575022220611572266e-01
8.891134858131408691e-01
8.753605484962463379e-01
9.654933810234069824e-01
6.729782819747924805e-01
8.669131994247436523e-01
7.550556659698486328e-01
7.842262983322143555e-01
7.802266478538513184e-01
7.764495015144348145e-01
8.384647965431213379e-01
7.635476589202880859e-01
9.046175479888916016e-01
7.027500867843627930e-01
6.376174688339233398e-01
7.562114596366882324e-01
7.200332880020141602e-01
6.503397226333618164e-01
8.497176170349121094e-01
8.860090970993041992e-01
7.691522240638732910e-01
9.791674613952636719e-01
7.584874629974365234e-01
7.620481252670288086e-01
7.097092866897583008e-01
8.178932070732116699e-01
6.616415977478027344e-01
6.343264579772949219e-01
7.553701996803283691e-01
6.888009905815124512e-01
9.319638609886169434e-01
8.953636884689331055e-01
9.251398444175720215e-01
8.620433211326599121e-01
1.131370782852172852e+00
8.712952136993408203e-01
1.081751823425292969e+00
7.250885963439941406e-01
1.059689283370971680e+00
9.302833080291748047e-01
1.277770280838012695e+00
1.002465605735778809e+00
1.130552172660827637e+00
1.048071861267089844e+00
1.489000916481018066e+00
1.223103880882263184e+00
8.121821880340576172e-01
7.066824436187744141e-01
1.070080637931823730e+00
1.083014607429504395e+00
9.669732451438903809e-01
1.154444336891174316e+00
1.144478797912597656e+00
1.127569794654846191e+00
9.010127782821655273e-01
9.325134754180908203e-01
7.988066673278808594e-01
8.315844535827636719e-01
9.882068634033203125e-01
1.035753726959228516e+00
9.954515099525451660e-01
1.130666136741638184e+00
7.577871084213256836e-01
9.375180006027221680e-01
7.881907224655151367e-01
7.222336530685424805e-01
7.734273672103881836e-01
6.249186396598815918e-01
7.371131181716918945e-01
6.660651564598083496e-01
8.463116884231567383e-01
7.664871215820312500e-01
8.420295119285583496e-01
8.161101341247558594e-01
8.412056565284729004e-01
8.775990009307861328e-01
1.052775502204895020e+00
8.802843093872070312e-01
7.061685323715209961e-01
8.719342947006225586e-01
8.481792807579040527e-01
9.440462589263916016e-01
7.364200353622436523e-01
6.738841533660888672e-01
8.339134454727172852e-01
7.388644218444824219e-01
6.058248281478881836e-01
1.034641265869140625e+00
8.282759785652160645e-01
7.185442447662353516e-01
7.565786838531494141e-01
8.452738523483276367e-01
6.945368051528930664e-01
5.995017290115356445e-01
7.247600555419921875e-01
9.374204874038696289e-01
1.277605891227722168e+00
1.106999278068542480e+00
1.044167041778564453e+00
1.057166695594787598e+00
1.163885831832885742e+00
1.272067427635192871e+00
8.322039842605590820e-01
9.472823739051818848e-01
9.822189807891845703e-01
1.326737046241760254e+00
1.005744934082031250e+00
1.088558912277221680e+00
8.979946970939636230e-01
9.015088081359863281e-01
7.869671583175659180e-01
8.168419599533081055e-01
9.409913420677185059e-01
9.892175197601318359e-01
1.050157070159912109e+00
5.778998136520385742e-01
9.765231013298034668e-01
9.947075843811035156e-01
7.105115056037902832e-01
9.475414156913757324e-01
1.005595445632934570e+00
1.085472345352172852e+00
1.040681362152099609e+00
7.896887063980102539e-01
9.280428886413574219e-01
7.861689329147338867e-01
8.963000774383544922e-01
9.116556644439697266e-01
9.300788640975952148e-01
1.061138868331909180e+00
7.149713039398193359e-01
8.879665136337280273e-01
8.584612011909484863e-01
8.471980094909667969e-01
7.419828772544860840e-01
9.120402336120605469e-01
1.042360782623291016e+00
9.896532893180847168e-01
9.474579095840454102e-01
8.062708973884582520e-01
9.013051986694335938e-01
9.390823245048522949e-01
8.550500869750976562e-01
8.890287280082702637e-01
1.392333507537841797e+00
1.293404579162597656e+00
7.967602610588073730e-01
9.619315862655639648e-01
1.055298089981079102e+00
7.869405746459960938e-01
9.691303372383117676e-01
9.829397201538085938e-01
7.516723871231079102e-01
8.684490919113159180e-01
8.602470159530639648e-01
1.023532390594482422e+00
1.148739814758300781e+00
7.992193698883056641e-01
8.679592609405517578e-01
1.140006184577941895e+00
1.102541089057922363e+00
8.860200047492980957e-01
8.847439289093017578e-01
8.040484786033630371e-01
8.875114917755126953e-01
9.618129730224609375e-01
9.472955465316772461e-01
7.885149717330932617e-01
9.295437335968017578e-01
1.016103863716125488e+00
9.255165457725524902e-01
9.371671676635742188e-01
9.031688570976257324e-01
7.772596478462219238e-01
7.500474452972412109e-01
8.076943159103393555e-01
7.500075697898864746e-01
9.837749004364013672e-01
9.017359614372253418e-01
7.890758514404296875e-01
9.531198143959045410e-01
8.299511671066284180e-01
6.796994209289550781e-01
8.867571353912353516e-01
9.981388449668884277e-01
9.589998722076416016e-01
8.986296057701110840e-01
7.194914817810058594e-01
6.261538267135620117e-01
9.919698834419250488e-01
1.106819152832031250e+00
1.025289177894592285e+00
8.604670166969299316e-01
1.033295989036560059e+00
1.074238061904907227e+00
1.044422864913940430e+00
8.053226470947265625e-01
9.511559009552001953e-01
9.518835544586181641e-01
8.505825996398925781e-01
9.888815879821777344e-01
8.697967529296875000e-01
8.403192162513732910e-01
7.195552587509155273e-01
8.404631018638610840e-01
8.491764664649963379e-01
7.670304179191589355e-01
8.822454810142517090e-01
8.128150105476379395e-01
8.103379607200622559e-01
7.221537828445434570e-01
8.412792086601257324e-01
8.000301122665405273e-01
7.873191833496093750e-01
8.256413936614990234e-01
8.507138490676879883e-01
7.918476462364196777e-01
9.194709062576293945e-01
8.783637285232543945e-01
9.316825866699218750e-01
7.299198508262634277e-01
8.741032481193542480e-01
1.114839553833007812e+00
1.275222897529602051e+00
1.557019591331481934e+00
1.127155065536499023e+00
8.993958234786987305e-01
8.436967134475708008e-01
8.248276114463806152e-01
9.327899217605590820e-01
8.407146334648132324e-01
7.355693578720092773e-01
9.211893677711486816e-01
8.836784362792968750e-01
8.354209065437316895e-01
1.021733403205871582e+00
7.545214891433715820e-01
8.484573960304260254e-01
9.227396249771118164e-01
8.656966686248779297e-01
7.686783075332641602e-01
7.667065858840942383e-01
7.349517345428466797e-01
8.215053677558898926e-01
8.528020381927490234e-01
8.303905725479125977e-01
5.473577976226806641e-01
9.003647565841674805e-01
7.457078695297241211e-01
7.750483751296997070e-01
7.520290613174438477e-01
8.205543756484985352e-01
7.759679555892944336e-01
9.002914428710937500e-01
7.765265703201293945e-01
6.245579719543457031e-01
7.948518991470336914e-01
9.949874281883239746e-01
7.936074733734130859e-01
7.575373649597167969e-01
8.357964158058166504e-01
7.815780639648437500e-01
7.346227169036865234e-01
6.740282177925109863e-01
9.135524630546569824e-01
7.655933499336242676e-01
9.729413986206054688e-01
1.254443645477294922e+00
1.870540976524353027e+00
1.610780954360961914e+00
1.622118592262268066e+00
1.432899355888366699e+00
1.071281075477600098e+00
9.661114215850830078e-01
1.053626060485839844e+00
1.057520508766174316e+00
9.016946554183959961e-01
1.044816732406616211e+00
1.157539844512939453e+00
9.162150025367736816e-01
1.124737501144409180e+00
9.686653614044189453e-01
1.069011449813842773e+00
1.281071186065673828e+00
1.055530071258544922e+00
9.881089925765991211e-01
1.124604105949401855e+00
8.385367989540100098e-01
9.577701091766357422e-01
9.267358779907226562e-01
1.051611423492431641e+00
7.384542226791381836e-01
8.055580854415893555e-01
9.840785861015319824e-01
9.883667230606079102e-01
1.150604724884033203e+00
1.028545379638671875e+00
1.056843876838684082e+00
1.250381231307983398e+00
1.264228105545043945e+00
1.022471904754638672e+00
8.054848313331604004e-01
7.630150318145751953e-01
6.706275939941406250e-01
6.668722033500671387e-01
7.578248977661132812e-01
9.461302161216735840e-01
8.188494443893432617e-01
7.449526786804199219e-01
8.798267841339111328e-01
7.487401962280273438e-01
7.643189430236816406e-01
8.302960395812988281e-01
8.441542387008666992e-01
1.021859645843505859e+00
1.051896572113037109e+00
8.995097279548645020e-01
8.222670555114746094e-01
8.126137852668762207e-01
7.957919239997863770e-01
7.613373994827270508e-01
1.023507118225097656e+00
8.570860624313354492e-01
8.942674398422241211e-01
8.356890678405761719e-01
1.132227897644042969e+00
7.471059560775756836e-01
8.818935751914978027e-01
7.543604969978332520e-01
7.269135713577270508e-01
8.739333748817443848e-01
9.221519827842712402e-01
9.076008796691894531e-01
9.125799536705017090e-01
9.563393592834472656e-01
1.091159105300903320e+00
1.068001270294189453e+00
1.241698265075683594e+00
1.296632409095764160e+00
1.073202252388000488e+00
7.735188007354736328e-01
8.949304819107055664e-01
8.261076807975769043e-01
6.880078911781311035e-01
1.009437561035156250e+00
9.575462341308593750e-01
7.033407092094421387e-01
8.043574094772338867e-01
6.982597708702087402e-01
8.383913636207580566e-01
8.179455399513244629e-01
7.038798928260803223e-01
9.564954042434692383e-01
9.669197201728820801e-01
9.969447851181030273e-01
9.900099635124206543e-01
6.703494191169738770e-01
8.687148690223693848e-01
9.995988011360168457e-01
7.069785594940185547e-01
6.944549679756164551e-01
1.093448042869567871e+00
1.372829794883728027e+00
1.255509853363037109e+00
9.892288446426391602e-01
8.637845516204833984e-01
7.762578725814819336e-01
7.261571884155273438e-01
8.891083002090454102e-01
7.578330636024475098e-01
8.931243419647216797e-01
8.841841816902160645e-01
9.267523884773254395e-01
8.617261648178100586e-01
9.429758191108703613e-01
9.364624023437500000e-01
7.750812768936157227e-01
8.726504445075988770e-01
8.420244455337524414e-01
9.542315602302551270e-01
8.022990226745605469e-01
7.746670246124267578e-01
8.009421825408935547e-01
6.973968744277954102e-01
8.276597857475280762e-01
8.810861110687255859e-01
9.005873203277587891e-01
1.008553862571716309e+00
9.384784698486328125e-01
1.183749556541442871e+00
9.720540046691894531e-01
9.569050669670104980e-01
6.836247444152832031e-01
7.651773691177368164e-01
7.896859645843505859e-01
7.896859645843505859e-01
1.287315011024475098e+00
1.239660382270812988e+00
7.209971547126770020e-01
6.253467202186584473e-01
9.247223138809204102e-01
5.745007991790771484e-01
1.153281569480895996e+00
1.262406110763549805e+00
1.158616185188293457e+00
1.247303009033203125e+00
1.292421579360961914e+00
1.160717010498046875e+00
9.643521308898925781e-01
9.424697160720825195e-01
9.903794527053833008e-01
1.016665935516357422e+00
8.892132043838500977e-01
6.709197163581848145e-01
9.984807372093200684e-01
9.135673046112060547e-01
5.384764671325683594e-01
7.391681075096130371e-01
8.989439606666564941e-01
8.096295595169067383e-01
9.257528781890869141e-01
9.860532283782958984e-01
7.821933031082153320e-01
9.000784158706665039e-01
9.081827402114868164e-01
9.271976947784423828e-01
8.089855909347534180e-01
8.337879180908203125e-01
8.710405826568603516e-01
8.361849784851074219e-01
8.740119338035583496e-01
6.516835689544677734e-01
7.822173833847045898e-01
8.263146877288818359e-01
7.024807929992675781e-01
6.445289850234985352e-01
9.113656878471374512e-01
1.106593608856201172e+00
7.546570897102355957e-01
7.635921835899353027e-01
9.759782552719116211e-01
8.183448314666748047e-01
1.015109181404113770e+00
9.916169643402099609e-01
1.131785750389099121e+00
9.193473458290100098e-01
8.004296422004699707e-01
1.038473844528198242e+00
1.233989596366882324e+00
1.475943803787231445e+00
1.237714409828186035e+00
2.207735776901245117e+00
2.069209575653076172e+00
1.404359221458435059e+00
1.225695610046386719e+00
1.435750365257263184e+00
1.152735471725463867e+00
9.552741646766662598e-01
1.025755286216735840e+00
1.023917675018310547e+00
1.114411115646362305e+00
9.843496084213256836e-01
1.019125699996948242e+00
8.470315337181091309e-01
7.703700065612792969e-01
7.560122013092041016e-01
1.042162895202636719e+00
1.233300924301147461e+00
8.518083095550537109e-01
1.039637565612792969e+00
8.951294422149658203e-01
8.315342664718627930e-01
1.060831546783447266e+00
1.134051799774169922e+00
1.088402390480041504e+00
8.660963177680969238e-01
9.578630924224853516e-01
8.053888082504272461e-01
9.813045263290405273e-01
1.112501502037048340e+00
7.473776340484619141e-01
7.825176715850830078e-01
8.826027512550354004e-01
9.204162359237670898e-01
8.464443087577819824e-01
8.880866169929504395e-01
7.131394743919372559e-01
8.022031188011169434e-01
7.229250073432922363e-01
8.091545701026916504e-01
9.770560860633850098e-01
8.906195759773254395e-01
1.171110868453979492e+00
1.083088874816894531e+00
1.228607535362243652e+00
9.968386888504028320e-01
7.664289474487304688e-01
9.482163190841674805e-01
8.326544761657714844e-01
9.445976018905639648e-01
8.546823263168334961e-01
9.567432403564453125e-01
1.014868497848510742e+00
1.167994022369384766e+00
1.001292824745178223e+00
8.950077891349792480e-01
7.708889245986938477e-01
8.933704495429992676e-01
5.932695865631103516e-01
6.995394825935363770e-01
8.421923518180847168e-01
8.807982206344604492e-01
6.530859470367431641e-01
9.727671146392822266e-01
1.041781425476074219e+00
1.047186613082885742e+00
9.949153661727905273e-01
8.662122488021850586e-01
9.739236235618591309e-01
8.707829117774963379e-01
9.032378196716308594e-01
1.015889167785644531e+00
7.526602745056152344e-01
9.940363168716430664e-01
9.890404343605041504e-01
1.020296454429626465e+00
8.156647682189941406e-01
8.682526946067810059e-01
9.185401201248168945e-01
8.925285339355468750e-01
9.273462295532226562e-01
1.063981175422668457e+00
7.596285939216613770e-01
8.188854455947875977e-01
8.791375160217285156e-01
7.776205539703369141e-01
9.646469354629516602e-01
1.031136870384216309e+00
6.932209134101867676e-01
6.920135617256164551e-01
7.324031591415405273e-01
7.076976299285888672e-01
8.785824775695800781e-01
7.499316930770874023e-01
7.130811810493469238e-01
6.525359749794006348e-01
6.675322055816650391e-01
9.390193223953247070e-01
1.104629993438720703e+00
1.048887252807617188e+00
1.004906535148620605e+00
9.116885662078857422e-01
7.731505632400512695e-01
7.854523658752441406e-01
7.662446498870849609e-01
7.926791310310363770e-01
5.449125766754150391e-01
7.122986316680908203e-01
7.259906530380249023e-01
6.648992300033569336e-01
9.917610883712768555e-01
8.178026676177978516e-01
9.258123636245727539e-01
9.969073534011840820e-01
1.127323865890502930e+00
1.616732120513916016e+00
1.314126372337341309e+00
1.101688027381896973e+00
1.018656730651855469e+00
8.810206651687622070e-01
7.251779437065124512e-01
7.670214772224426270e-01
8.114560842514038086e-01
8.419011235237121582e-01
8.084247112274169922e-01
8.118599653244018555e-01
8.874120712280273438e-01
9.702888131141662598e-01
9.470786452293395996e-01
8.664120435714721680e-01
9.259432554244995117e-01
8.689544200897216797e-01
8.158580660820007324e-01
9.549618959426879883e-01
8.529106974601745605e-01
7.242292165756225586e-01
8.565146327018737793e-01
8.931358456611633301e-01
9.738190174102783203e-01
8.785367608070373535e-01
8.290806412696838379e-01
8.176448345184326172e-01
7.433201670646667480e-01
6.366840600967407227e-01
8.525937795639038086e-01
7.984728217124938965e-01
8.519648313522338867e-01
1.101437091827392578e+00
1.441407442092895508e+00
1.919885635375976562e+00
1.503855943679809570e+00
9.259763360023498535e-01
9.883437752723693848e-01
8.958519101142883301e-01
8.605517148971557617e-01
8.961035013198852539e-01
1.559344530105590820e+00
1.094573140144348145e+00
1.047337293624877930e+00
7.911991477012634277e-01
8.750476837158203125e-01
9.327225089073181152e-01
6.814874410629272461e-01
8.038807511329650879e-01
8.207873106002807617e-01
6.852988600730895996e-01
7.395265102386474609e-01
7.973964214324951172e-01
1.052387952804565430e+00
1.061147451400756836e+00
1.350891590118408203e+00
8.575918078422546387e-01
8.144997358322143555e-01
8.004902005195617676e-01
8.216900825500488281e-01
7.280852794647216797e-01
6.251665353775024414e-01
8.071411848068237305e-01
9.804514646530151367e-01
9.302918910980224609e-01
1.030492067337036133e+00
9.547909498214721680e-01
9.570678472518920898e-01
9.142422676086425781e-01
8.796800374984741211e-01
1.060371279716491699e+00
1.030187606811523438e+00
1.136118054389953613e+00
9.195953607559204102e-01
6.865011453628540039e-01
7.142604589462280273e-01
8.095722198486328125e-01
8.554986119270324707e-01
7.332467436790466309e-01
8.943815827369689941e-01
8.766674399375915527e-01
7.667417526245117188e-01
6.340243220329284668e-01
7.843072414398193359e-01
6.269500255584716797e-01
7.233084440231323242e-01
7.009897828102111816e-01
7.905856370925903320e-01
8.530498743057250977e-01
7.687565684318542480e-01
7.741789817810058594e-01
1.055300235748291016e+00
8.453830480575561523e-01
1.106802582740783691e+00
1.056464910507202148e+00
7.786689996719360352e-01
7.882430553436279297e-01
1.106451153755187988e+00
1.079573750495910645e+00
8.241835236549377441e-01
9.925487041473388672e-01
6.877356767654418945e-01
7.607907056808471680e-01
1.003061056137084961e+00
1.018532991409301758e+00
9.455941319465637207e-01
1.091259121894836426e+00
1.000706791877746582e+00
9.109884500503540039e-01
9.189600348472595215e-01
9.278051853179931641e-01
9.853081107139587402e-01
1.483666181564331055e+00
9.835280776023864746e-01
1.362915754318237305e+00
1.687188386917114258e+00
1.360627293586730957e+00
1.019029378890991211e+00
1.097222685813903809e+00
1.074691653251647949e+00
1.071666598320007324e+00
9.942610859870910645e-01
1.066176652908325195e+00
9.985171556472778320e-01
7.645090222358703613e-01
8.172999620437622070e-01
9.107741713523864746e-01
8.456610441207885742e-01
8.980444073677062988e-01
8.674317598342895508e-01
8.205556869506835938e-01
9.828569293022155762e-01
1.068260669708251953e+00
1.076505303382873535e+00
1.172232389450073242e+00
1.056238651275634766e+00
1.043498396873474121e+00
7.647170424461364746e-01
7.402988672256469727e-01
9.838746786117553711e-01
7.857598066329956055e-01
9.364452958106994629e-01
7.941811680793762207e-01
6.916239261627197266e-01
9.808310270309448242e-01
7.869765758514404297e-01
7.991618514060974121e-01
7.949844598770141602e-01
7.157609462738037109e-01
9.671216607093811035e-01
9.996992349624633789e-01
8.066819310188293457e-01
9.056807756423950195e-01
8.534370064735412598e-01
1.206640005111694336e+00
8.134328126907348633e-01
8.475578427314758301e-01
7.567797899246215820e-01
6.545891761779785156e-01
7.797040343284606934e-01
9.423099160194396973e-01
1.029092550277709961e+00
6.386412382125854492e-01
7.190377712249755859e-01
8.326931595802307129e-01
7.984740138053894043e-01
6.800139546394348145e-01
8.019948601722717285e-01
7.094565033912658691e-01
9.936012625694274902e-01
1.109726905822753906e+00
1.176368117332458496e+00
9.393281936645507812e-01
9.904996156692504883e-01
8.024256825447082520e-01
8.626433610916137695e-01
1.026333808898925781e+00
8.642992377281188965e-01
1.094595670700073242e+00
1.120389938354492188e+00
8.067269325256347656e-01
8.570978045463562012e-01
6.866423487663269043e-01
9.348530173301696777e-01
7.723809480667114258e-01
9.192429780960083008e-01
1.025949239730834961e+00
1.100882291793823242e+00
1.536194801330566406e+00
1.303054809570312500e+00
9.171276092529296875e-01
7.526494264602661133e-01
7.141673564910888672e-01
1.087825775146484375e+00
1.004889369010925293e+00
9.251760840415954590e-01
8.118986487388610840e-01
7.709038257598876953e-01
7.952163815498352051e-01
9.129450917243957520e-01
6.930001974105834961e-01
9.385159015655517578e-01
8.710128068923950195e-01
8.199058771133422852e-01
7.929755449295043945e-01
8.111717700958251953e-01
8.031921386718750000e-01
8.047504425048828125e-01
6.271942853927612305e-01
8.556376099586486816e-01
9.188935160636901855e-01
7.512134909629821777e-01
8.440796732902526855e-01
9.739429950714111328e-01
6.737430095672607422e-01
8.003174066543579102e-01
9.561100006103515625e-01
8.456331491470336914e-01
7.741994857788085938e-01
9.660159349441528320e-01
8.255157470703125000e-01
7.357203960418701172e-01
9.542118906974792480e-01
6.928441524505615234e-01
9.000649452209472656e-01
7.758233547210693359e-01
7.523013353347778320e-01
7.227337956428527832e-01
8.331755995750427246e-01
9.338296055793762207e-01
9.104010462760925293e-01
6.883708834648132324e-01
6.522187590599060059e-01
8.734031319618225098e-01
7.503324747085571289e-01
9.129924774169921875e-01
8.484961986541748047e-01
8.450021743774414062e-01
7.619595527648925781e-01
1.256109595298767090e+00
1.131326556205749512e+00
1.222350955009460449e+00
1.047042131423950195e+00
7.314573526382446289e-01
8.764129877090454102e-01
9.747021198272705078e-01
8.792429566383361816e-01
8.391070365905761719e-01
8.356981277465820312e-01
9.500237703323364258e-01
1.206277847290039062e+00
1.151754856109619141e+00
9.985821247100830078e-01
9.203243255615234375e-01
6.980986595153808594e-01
8.157652020454406738e-01
7.950227260589599609e-01
5.353839397430419922e-01
8.493748903274536133e-01
1.206597328186035156e+00
1.332500696182250977e+00
1.153189897537231445e+00
1.254304170608520508e+00
7.873845696449279785e-01
7.211090922355651855e-01
7.847265005111694336e-01
7.980178594589233398e-01
7.470183372497558594e-01
8.403339385986328125e-01
9.592111110687255859e-01
1.051951289176940918e+00
8.337906599044799805e-01
9.143740534782409668e-01
8.651298284530639648e-01
7.443759441375732422e-01
7.984621524810791016e-01
8.053852319717407227e-01
7.233871817588806152e-01
9.992022514343261719e-01
1.032501101493835449e+00
1.213298201560974121e+00
8.159446120262145996e-01
8.169301748275756836e-01
8.368721008300781250e-01
8.748224973678588867e-01
9.035351276397705078e-01
7.145199775695800781e-01
7.572481632232666016e-01
7.682994604110717773e-01
8.494427204132080078e-01
5.745152831077575684e-01
7.985074520111083984e-01
8.612266778945922852e-01
7.028968334197998047e-01
9.592041373252868652e-01
9.668474197387695312e-01
6.545041799545288086e-01
7.539952993392944336e-01
8.536387681961059570e-01
9.521256685256958008e-01
7.683717012405395508e-01
8.342241644859313965e-01
8.835464715957641602e-01
7.732074260711669922e-01
6.464892625808715820e-01
7.602158784866333008e-01
8.369148969650268555e-01
7.106610536575317383e-01
8.142073154449462891e-01
8.189669847488403320e-01
8.156620264053344727e-01
8.635505437850952148e-01
7.406295537948608398e-01
7.819966673851013184e-01
6.510823369026184082e-01
6.215286850929260254e-01
6.337081193923950195e-01
8.708956241607666016e-01
8.895424008369445801e-01
9.784929752349853516e-01
9.471529722213745117e-01
1.143928647041320801e+00
1.325418233871459961e+00
1.028363823890686035e+00
1.025265812873840332e+00
7.184376120567321777e-01
7.004891633987426758e-01
7.864667177200317383e-01
9.231694936752319336e-01
6.755032539367675781e-01
8.192436695098876953e-01
6.744531393051147461e-01
9.424970746040344238e-01
7.768663167953491211e-01
7.815500497817993164e-01
7.737562656402587891e-01
8.945175409317016602e-01
1.235829353332519531e+00
1.143385648727416992e+00
9.242525100708007812e-01
1.019702196121215820e+00
6.642199754714965820e-01
9.090756177902221680e-01
7.438912987709045410e-01
8.143557310104370117e-01
9.225012063980102539e-01
5.949649810791015625e-01
6.801345348358154297e-01
9.396061897277832031e-01
1.067672729492187500e+00
8.846135139465332031e-01
1.180601835250854492e+00
9.516807198524475098e-01
6.189458966255187988e-01
6.599695682525634766e-01
8.126202821731567383e-01
8.999648094177246094e-01
8.884216547012329102e-01
9.924505949020385742e-01
1.175740242004394531e+00
1.009777069091796875e+00
1.355882406234741211e+00
1.817588090896606445e+00
1.580792069435119629e+00
1.133463144302368164e+00
9.144535064697265625e-01
7.056133151054382324e-01
1.058488130569458008e+00
9.912257790565490723e-01
8.846012353897094727e-01
6.987990736961364746e-01
8.744542598724365234e-01
7.841217517852783203e-01
8.240684270858764648e-01
8.926640748977661133e-01
9.584352374076843262e-01
