2.372305631637573242e+00
1.552854180335998535e+00
1.623538017272949219e+00
1.969480276107788086e+00
2.434178829193115234e+00
2.712367534637451172e+00
2.736728429794311523e+00
3.120800018310546875e+00
3.280031681060791016e+00
3.520207405090332031e+00
3.578496456146240234e+00
3.829150199890136719e+00
4.002278327941894531e+00
4.298774242401123047e+00
4.438067436218261719e+00
4.478939533233642578e+00
4.532548427581787109e+00
4.780108928680419922e+00
4.949237346649169922e+00
5.029625892639160156e+00
5.252392768859863281e+00
5.304368495941162109e+00
5.405678749084472656e+00
5.656306266784667969e+00
5.399292945861816406e+00
5.633801937103271484e+00
6.057189464569091797e+00
5.902106285095214844e+00
5.723184108734130859e+00
5.509497642517089844e+00
5.572451114654541016e+00
5.526169300079345703e+00
5.800633430480957031e+00
5.768639564514160156e+00
6.034438133239746094e+00
5.876714706420898438e+00
5.806799888610839844e+00
6.082284927368164062e+00
6.047933578491210938e+00
6.410234928131103516e+00
6.117360115051269531e+00
5.751367092132568359e+00
6.111355781555175781e+00
5.867644309997558594e+00
5.712322235107421875e+00
6.174516201019287109e+00
5.571874618530273438e+00
5.283472061157226562e+00
5.625338554382324219e+00
5.863406658172607422e+00
5.569863319396972656e+00
5.891419410705566406e+00
5.865175247192382812e+00
5.616615772247314453e+00
5.644713401794433594e+00
5.601561069488525391e+00
5.333429336547851562e+00
6.515900611877441406e+00
5.948878288269042969e+00
6.394671440124511719e+00
6.170838356018066406e+00
6.522248268127441406e+00
6.428915977478027344e+00
6.699516773223876953e+00
6.367765903472900391e+00
6.682257175445556641e+00
5.986650466918945312e+00
5.797757148742675781e+00
5.972208499908447266e+00
5.533141136169433594e+00
5.411725997924804688e+00
5.687707424163818359e+00
5.434365272521972656e+00
5.208618640899658203e+00
5.940782546997070312e+00
5.658787250518798828e+00
5.617687225341796875e+00
6.411315441131591797e+00
5.377742290496826172e+00
5.735440254211425781e+00
6.601925849914550781e+00
4.537315368652343750e+00
8.009689331054687500e+00
4.266163349151611328e+00
6.382617473602294922e+00
4.488429069519042969e+00
5.887392044067382812e+00
3.133540868759155273e+00
8.242784500122070312e+00
2.952949523925781250e+00
2.944118499755859375e+00
4.068444728851318359e+00
3.006217479705810547e+00
3.080362319946289062e+00
3.737729787826538086e+00
3.081271648406982422e+00
3.405016183853149414e+00
3.087535858154296875e+00
3.253157138824462891e+00
3.506036043167114258e+00
3.341357707977294922e+00
4.227345943450927734e+00
2.360574483871459961e+00
5.287924766540527344e+00
3.136518955230712891e+00
2.581933975219726562e+00
4.099376678466796875e+00
3.175391674041748047e+00
3.464865684509277344e+00
3.772128820419311523e+00
3.014914512634277344e+00
4.420063495635986328e+00
2.025315284729003906e+00
5.985667228698730469e+00
3.635432481765747070e+00
2.277544260025024414e+00
3.579503059387207031e+00
2.893959045410156250e+00
2.855104923248291016e+00
2.926056861877441406e+00
2.919611454010009766e+00
2.559293746948242188e+00
3.458995103836059570e+00
2.213497161865234375e+00
3.231329441070556641e+00
2.322460174560546875e+00
3.994431495666503906e+00
1.559388637542724609e+00
3.537702083587646484e+00
2.230018377304077148e+00
2.511532068252563477e+00
2.671789646148681641e+00
2.288909435272216797e+00
3.189137458801269531e+00
1.828768014907836914e+00
4.108615875244140625e+00
2.375484466552734375e+00
2.063872337341308594e+00
3.337545156478881836e+00
2.991817474365234375e+00
2.570067882537841797e+00
2.973685264587402344e+00
2.485731124877929688e+00
3.497795581817626953e+00
1.525305986404418945e+00
4.046788215637207031e+00
2.630709648132324219e+00
1.703346967697143555e+00
3.265920877456665039e+00
2.970282554626464844e+00
2.426711082458496094e+00
2.978530645370483398e+00
2.618721723556518555e+00
2.782789707183837891e+00
2.871058464050292969e+00
3.251863718032836914e+00
2.736435413360595703e+00
3.119775772094726562e+00
2.372093200683593750e+00
3.562104463577270508e+00
2.210006237030029297e+00
2.193633556365966797e+00
4.799877166748046875e+00
2.767107486724853516e+00
2.442908287048339844e+00
3.080431461334228516e+00
3.347880840301513672e+00
3.168797492980957031e+00
3.175959110260009766e+00
2.794572114944458008e+00
2.834662199020385742e+00
3.343612194061279297e+00
3.394820451736450195e+00
3.157344579696655273e+00
3.197140693664550781e+00
3.510479450225830078e+00
3.342679977416992188e+00
3.603112936019897461e+00
3.720294952392578125e+00
3.418108701705932617e+00
3.743511676788330078e+00
3.626537322998046875e+00
3.238194465637207031e+00
3.820145130157470703e+00
4.034415245056152344e+00
3.719911098480224609e+00
4.021155357360839844e+00
4.145689010620117188e+00
4.129656791687011719e+00
4.874966144561767578e+00
4.801939010620117188e+00
3.890981197357177734e+00
4.585659980773925781e+00
4.327318191528320312e+00
4.404475688934326172e+00
4.474516868591308594e+00
4.534530162811279297e+00
4.850872993469238281e+00
4.719208240509033203e+00
4.721878051757812500e+00
4.991030693054199219e+00
4.941020965576171875e+00
5.433351516723632812e+00
5.144614219665527344e+00
4.461681842803955078e+00
5.101301193237304688e+00
4.328946590423583984e+00
4.640666007995605469e+00
4.526686668395996094e+00
4.110869407653808594e+00
4.960551738739013672e+00
4.584357261657714844e+00
4.229377269744873047e+00
5.817187309265136719e+00
4.765798568725585938e+00
4.591127395629882812e+00
6.248531818389892578e+00
4.420583248138427734e+00
4.517507076263427734e+00
4.912430763244628906e+00
4.275097846984863281e+00
4.415046691894531250e+00
5.187957286834716797e+00
3.919491529464721680e+00
5.220199584960937500e+00
3.275248527526855469e+00
6.463768005371093750e+00
4.657796382904052734e+00
4.280817031860351562e+00
4.882582664489746094e+00
4.130365371704101562e+00
4.639387130737304688e+00
4.281733512878417969e+00
3.796362638473510742e+00
5.741592884063720703e+00
3.507741928100585938e+00
5.322434425354003906e+00
4.417674541473388672e+00
5.478468894958496094e+00
3.519758224487304688e+00
6.145173549652099609e+00
5.335123062133789062e+00
3.849798202514648438e+00
4.260150909423828125e+00
4.700806617736816406e+00
4.109189510345458984e+00
3.596997261047363281e+00
4.349535942077636719e+00
4.020883560180664062e+00
4.811554908752441406e+00
3.742905139923095703e+00
7.220488548278808594e+00
4.162597179412841797e+00
3.735615730285644531e+00
4.935485363006591797e+00
4.695613861083984375e+00
4.449047088623046875e+00
4.332538604736328125e+00
4.353552818298339844e+00
4.182002067565917969e+00
4.702992916107177734e+00
4.079624176025390625e+00
4.325436592102050781e+00
4.458314895629882812e+00
4.690131187438964844e+00
4.464307785034179688e+00
4.321743965148925781e+00
4.076530456542968750e+00
4.173844814300537109e+00
4.334287643432617188e+00
4.465426445007324219e+00
4.088893890380859375e+00
3.820839881896972656e+00
4.577515125274658203e+00
4.645298957824707031e+00
4.098033428192138672e+00
4.277132511138916016e+00
4.788591384887695312e+00
4.341856002807617188e+00
4.177541255950927734e+00
4.599545478820800781e+00
4.096885204315185547e+00
3.217828273773193359e+00
5.932409763336181641e+00
4.277372360229492188e+00
3.063546657562255859e+00
4.657395362854003906e+00
3.929057598114013672e+00
3.425384521484375000e+00
4.826577186584472656e+00
3.434363365173339844e+00
3.395839214324951172e+00
4.162472724914550781e+00
4.280059337615966797e+00
1.830774664878845215e+00
3.996143817901611328e+00
3.266873359680175781e+00
2.914269447326660156e+00
3.637564182281494141e+00
2.531064271926879883e+00
4.290383338928222656e+00
9.836614727973937988e-01
4.975471496582031250e+00
3.348779201507568359e+00
2.181631803512573242e+00
4.234657764434814453e+00
2.243094921112060547e+00
3.618295431137084961e+00
2.116291999816894531e+00
3.416789770126342773e+00
2.395171642303466797e+00
3.567873954772949219e+00
2.322132825851440430e+00
3.596693515777587891e+00
1.008692145347595215e+00
5.037396907806396484e+00
3.462878465652465820e-01
2.601710796356201172e+00
2.242865085601806641e+00
1.497350454330444336e+00
1.929258584976196289e+00
1.496069431304931641e+00
2.327346801757812500e+00
2.322817564010620117e+00
1.955404162406921387e+00
2.913879394531250000e+00
2.240696430206298828e+00
2.951189279556274414e+00
1.560127377510070801e+00
4.444527626037597656e+00
1.733393549919128418e+00
2.950671911239624023e+00
2.866082429885864258e+00
2.399446487426757812e+00
3.283442020416259766e+00
2.505979061126708984e+00
3.018211364746093750e+00
3.089404582977294922e+00
2.536679983139038086e+00
3.120304107666015625e+00
3.110556602478027344e+00
3.470728397369384766e+00
2.275479316711425781e+00
1.259032368659973145e+00
3.778869152069091797e+00
9.482904076576232910e-01
1.941672563552856445e+00
2.218103170394897461e+00
1.106701612472534180e+00
1.267059803009033203e+00
1.342548727989196777e+00
1.425045490264892578e+00
1.458600759506225586e+00
1.653332710266113281e+00
1.592667818069458008e+00
2.146152257919311523e+00
2.157893419265747070e+00
2.523667335510253906e+00
2.283054590225219727e+00
2.404640436172485352e+00
2.824418067932128906e+00
2.950425386428833008e+00
1.980655074119567871e+00
5.005137920379638672e+00
2.100426673889160156e+00
3.947067022323608398e+00
2.601336002349853516e+00
3.892634868621826172e+00
3.075625896453857422e+00
3.907561540603637695e+00
2.715919017791748047e+00
5.431824684143066406e+00
2.971174001693725586e+00
2.621195316314697266e+00
4.536374092102050781e+00
3.129104614257812500e+00
2.737743854522705078e+00
3.736033439636230469e+00
3.213011026382446289e+00
2.663552284240722656e+00
2.373826980590820312e+00
4.209365844726562500e+00
2.640272378921508789e+00
2.681496858596801758e+00
3.505889892578125000e+00
2.374539613723754883e+00
3.234490871429443359e+00
3.364291906356811523e+00
2.605600833892822266e+00
2.835439205169677734e+00
3.356272459030151367e+00
1.965659141540527344e+00
2.720846652984619141e+00
2.934326887130737305e+00
1.886960864067077637e+00
3.223492622375488281e+00
1.936762094497680664e+00
3.569918394088745117e+00
2.217344760894775391e+00
2.776143312454223633e+00
3.217544555664062500e+00
2.658041954040527344e+00
3.364440917968750000e+00
2.792340278625488281e+00
3.089478015899658203e+00
2.873697757720947266e+00
2.831811666488647461e+00
3.290157318115234375e+00
3.308200836181640625e+00
2.764984846115112305e+00
4.475930690765380859e+00
2.473824977874755859e+00
2.996355533599853516e+00
6.454837322235107422e-01
7.166627407073974609e+00
3.561925172805786133e+00
1.545557498931884766e+00
2.981133460998535156e+00
1.932226300239562988e+00
2.815639495849609375e+00
5.841647386550903320e-01
1.983371019363403320e+00
2.343532562255859375e+00
1.633950352668762207e+00
1.670772552490234375e+00
2.013143777847290039e+00
1.818640708923339844e+00
1.686947226524353027e+00
1.642345905303955078e+00
1.997550845146179199e+00
1.594913482666015625e+00
2.726588249206542969e+00
1.987658977508544922e+00
2.372720956802368164e+00
2.491573333740234375e+00
2.093935489654541016e+00
2.970909595489501953e+00
2.387800216674804688e+00
2.243293285369873047e+00
2.633759975433349609e+00
1.810358047485351562e+00
2.882387161254882812e+00
2.482718229293823242e+00
2.159140348434448242e+00
3.483232259750366211e+00
2.439653396606445312e+00
3.037924766540527344e+00
2.895068645477294922e+00
3.329144001007080078e+00
1.710518360137939453e+00
4.116641044616699219e+00
9.372268915176391602e-01
2.956418514251708984e+00
2.865066051483154297e+00
2.038363456726074219e+00
3.382230758666992188e+00
2.912638187408447266e+00
2.369775056838989258e+00
3.003775358200073242e+00
2.114287614822387695e+00
2.975189208984375000e+00
2.833498001098632812e+00
2.115374088287353516e+00
3.596353769302368164e+00
2.014925003051757812e+00
3.407604694366455078e+00
2.700556755065917969e+00
3.231945276260375977e+00
2.675261735916137695e+00
3.358107089996337891e+00
1.916235327720642090e+00
3.442281723022460938e+00
2.237604856491088867e+00
2.660624265670776367e+00
3.020531654357910156e+00
2.482225894927978516e+00
2.911610603332519531e+00
2.197093963623046875e+00
2.647421836853027344e+00
2.158450841903686523e+00
3.090595006942749023e+00
1.785286426544189453e+00
3.377538204193115234e+00
2.035827398300170898e+00
2.846275806427001953e+00
2.691852331161499023e+00
2.566346645355224609e+00
2.585983991622924805e+00
3.118031024932861328e+00
2.460136651992797852e+00
2.801239252090454102e+00
2.403771877288818359e+00
2.622966289520263672e+00
3.014196872711181641e+00
1.912491559982299805e+00
3.128225326538085938e+00
2.605263948440551758e+00
2.726678133010864258e+00
2.973524570465087891e+00
2.895991802215576172e+00
1.956285595893859863e+00
3.209141731262207031e+00
1.686460733413696289e+00
2.528492689132690430e+00
2.514771223068237305e+00
2.301406860351562500e+00
2.588099479675292969e+00
1.924379348754882812e+00
2.435895442962646484e+00
2.120199203491210938e+00
2.514489412307739258e+00
2.081560850143432617e+00
2.505251884460449219e+00
2.118870258331298828e+00
2.958818912506103516e+00
1.745875835418701172e+00
2.943639755249023438e+00
2.229517459869384766e+00
2.271327733993530273e+00
2.659674644470214844e+00
1.662640333175659180e+00
3.264842748641967773e+00
1.622313022613525391e+00
2.567799568176269531e+00
2.608455181121826172e+00
1.987209916114807129e+00
2.288962841033935547e+00
2.065839767456054688e+00
2.422138214111328125e+00
1.790251255035400391e+00
2.109303951263427734e+00
2.601473569869995117e+00
2.293622255325317383e+00
2.130981445312500000e+00
3.581979036331176758e+00
1.131206512451171875e+00
3.637347698211669922e+00
1.707285642623901367e+00
2.156938552856445312e+00
2.402893304824829102e+00
1.810568571090698242e+00
2.062088966369628906e+00
1.821214079856872559e+00
2.148446559906005859e+00
2.228150844573974609e+00
1.848142623901367188e+00
2.169382095336914062e+00
1.944643020629882812e+00
1.717805504798889160e+00
2.304388284683227539e+00
1.657854795455932617e+00
2.164143085479736328e+00
1.838823556900024414e+00
2.038842439651489258e+00
1.952626466751098633e+00
2.127079725265502930e+00
2.278109550476074219e+00
2.085832595825195312e+00
1.829324364662170410e+00
2.177229404449462891e+00
2.553313255310058594e+00
1.649402856826782227e+00
2.589649200439453125e+00
2.340517520904541016e+00
1.633144378662109375e+00
2.829673767089843750e+00
1.530923247337341309e+00
2.589275121688842773e+00
1.940269947052001953e+00
2.100745916366577148e+00
2.352064609527587891e+00
1.795500397682189941e+00
2.373100757598876953e+00
2.264882326126098633e+00
2.118917703628540039e+00
2.722545146942138672e+00
1.586441040039062500e+00
2.740239858627319336e+00
1.988719105720520020e+00
2.304618358612060547e+00
2.443500757217407227e+00
2.017320871353149414e+00
2.303337097167968750e+00
2.038651943206787109e+00
2.111412048339843750e+00
2.452132225036621094e+00
2.449986934661865234e+00
2.805430412292480469e+00
2.661831855773925781e+00
2.185784339904785156e+00
2.378413677215576172e+00
2.314784765243530273e+00
2.390984535217285156e+00
2.227275371551513672e+00
3.006395339965820312e+00
1.643435120582580566e+00
2.400381088256835938e+00
1.990515351295471191e+00
1.744986414909362793e+00
2.620710134506225586e+00
2.008186340332031250e+00
2.446769475936889648e+00
2.442143917083740234e+00
1.896644830703735352e+00
2.656546592712402344e+00
1.601746559143066406e+00
2.792852878570556641e+00
1.606368541717529297e+00
2.182290077209472656e+00
1.893572568893432617e+00
2.906205177307128906e+00
2.208023786544799805e+00
2.151291847229003906e+00
2.768118143081665039e+00
1.738595724105834961e+00
2.515439033508300781e+00
2.268852472305297852e+00
2.113203525543212891e+00
3.040108203887939453e+00
2.128913402557373047e+00
3.246595144271850586e+00
1.761666536331176758e+00
2.733160734176635742e+00
1.806291699409484863e+00
2.712630271911621094e+00
2.130116224288940430e+00
2.458737134933471680e+00
2.471923828125000000e+00
1.815628886222839355e+00
2.562167644500732422e+00
2.224680662155151367e+00
2.073946952819824219e+00
2.460175514221191406e+00
2.322814941406250000e+00
1.821042776107788086e+00
2.390116691589355469e+00
1.928714275360107422e+00
1.926327824592590332e+00
2.787538528442382812e+00
1.272471189498901367e+00
3.323700428009033203e+00
1.219856977462768555e+00
3.013368844985961914e+00
1.297904729843139648e+00
2.343841552734375000e+00
2.504909276962280273e+00
1.896991968154907227e+00
1.984060525894165039e+00
2.789611816406250000e+00
1.656494140625000000e+00
2.294810056686401367e+00
2.291372299194335938e+00
2.170624256134033203e+00
1.969281792640686035e+00
2.543750286102294922e+00
2.193969726562500000e+00
2.101116895675659180e+00
2.147054195404052734e+00
2.053520679473876953e+00
2.321437120437622070e+00
1.476127862930297852e+00
3.064679145812988281e+00
1.475717902183532715e+00
2.858772516250610352e+00
1.901519775390625000e+00
2.095726490020751953e+00
2.363917589187622070e+00
1.798695564270019531e+00
2.335452795028686523e+00
2.290384292602539062e+00
2.253905534744262695e+00
2.127681016921997070e+00
1.917394638061523438e+00
2.199599742889404297e+00
2.171904087066650391e+00
2.533453941345214844e+00
1.790359377861022949e+00
2.833929300308227539e+00
1.660904645919799805e+00
2.700295925140380859e+00
1.458123803138732910e+00
2.861044406890869141e+00
1.149964809417724609e+00
3.411536693572998047e+00
9.872984886169433594e-01
3.402061462402343750e+00
1.393993854522705078e+00
2.985014438629150391e+00
1.673264741897583008e+00
2.358321666717529297e+00
2.190956354141235352e+00
2.276426315307617188e+00
2.474434375762939453e+00
2.010193347930908203e+00
2.837549686431884766e+00
1.530037879943847656e+00
2.903704166412353516e+00
2.443382978439331055e+00
2.210062026977539062e+00
2.487751007080078125e+00
2.374584913253784180e+00
2.847519397735595703e+00
2.168691396713256836e+00
2.873453855514526367e+00
1.685247540473937988e+00
3.656069755554199219e+00
2.491099834442138672e+00
2.541608095169067383e+00
3.167094230651855469e+00
2.317374706268310547e+00
1.670882701873779297e+00
3.501404762268066406e+00
1.701607227325439453e+00
3.357796907424926758e+00
2.083463668823242188e+00
2.652717351913452148e+00
2.628137588500976562e+00
2.288834095001220703e+00
2.940397500991821289e+00
2.486613273620605469e+00
2.662794351577758789e+00
2.643011093139648438e+00
2.022600650787353516e+00
2.468055486679077148e+00
2.383491039276123047e+00
2.381479501724243164e+00
2.934020519256591797e+00
2.190288543701171875e+00
2.943898916244506836e+00
1.458627462387084961e+00
3.804701566696166992e+00
1.847881913185119629e+00
3.208227634429931641e+00
1.920206189155578613e+00
2.710383892059326172e+00
1.447005271911621094e+00
2.836215257644653320e+00
1.584856510162353516e+00
1.817849636077880859e+00
1.745187282562255859e+00
2.330659627914428711e+00
1.288034677505493164e+00
2.980803966522216797e+00
1.609748125076293945e+00
2.335407733917236328e+00
2.385614395141601562e+00
1.867646455764770508e+00
3.008469104766845703e+00
1.691692709922790527e+00
3.163584232330322266e+00
1.196801185607910156e+00
3.305910587310791016e+00
2.270197868347167969e+00
2.274636983871459961e+00
2.156356573104858398e+00
2.605113983154296875e+00
1.900416016578674316e+00
2.337769508361816406e+00
2.366889238357543945e+00
2.013077020645141602e+00
2.613646507263183594e+00
2.328009366989135742e+00
2.252745866775512695e+00
2.912251949310302734e+00
1.390154004096984863e+00
3.286950111389160156e+00
1.662356138229370117e+00
2.522491931915283203e+00
2.325131654739379883e+00
2.033751010894775391e+00
2.798436880111694336e+00
1.865745306015014648e+00
2.087851047515869141e+00
2.242177963256835938e+00
1.936242699623107910e+00
2.479094028472900391e+00
2.214574098587036133e+00
2.130881786346435547e+00
2.382699966430664062e+00
1.922610282897949219e+00
3.022775173187255859e+00
2.327332496643066406e+00
1.950844645500183105e+00
3.093994140625000000e+00
2.300640106201171875e+00
3.083277225494384766e+00
2.398152828216552734e+00
2.278714656829833984e+00
2.260047674179077148e+00
1.722952842712402344e+00
2.330021858215332031e+00
1.973844051361083984e+00
2.554568290710449219e+00
1.921705484390258789e+00
2.564646959304809570e+00
2.373171329498291016e+00
2.029490709304809570e+00
2.565423250198364258e+00
1.552964210510253906e+00
2.808456420898437500e+00
1.921376943588256836e+00
2.619366168975830078e+00
2.044266223907470703e+00
2.492930412292480469e+00
1.824979543685913086e+00
2.985146045684814453e+00
1.328465580940246582e+00
3.198373079299926758e+00
1.540679335594177246e+00
2.921100616455078125e+00
3.000852584838867188e+00
2.224263668060302734e+00
2.980120658874511719e+00
1.713365197181701660e+00
3.066023826599121094e+00
2.274798870086669922e+00
2.197716236114501953e+00
2.626286745071411133e+00
1.828288793563842773e+00
2.908758640289306641e+00
2.046662330627441406e+00
2.106835126876831055e+00
2.854192733764648438e+00
2.329529523849487305e+00
1.723282933235168457e+00
2.955727577209472656e+00
1.774715542793273926e+00
2.862345695495605469e+00
1.663226723670959473e+00
2.822030067443847656e+00
1.982027649879455566e+00
2.959570407867431641e+00
1.721513390541076660e+00
2.754971981048583984e+00
2.316787958145141602e+00
2.135823488235473633e+00
2.899477481842041016e+00
1.695999622344970703e+00
3.842930078506469727e+00
1.940939068794250488e+00
3.276107788085937500e+00
2.784432888031005859e+00
2.842682600021362305e+00
3.496575832366943359e+00
2.276415824890136719e+00
3.467222213745117188e+00
1.372884511947631836e+00
4.219305038452148438e+00
2.035342931747436523e+00
2.180274963378906250e+00
2.908809661865234375e+00
1.430298447608947754e+00
2.747750997543334961e+00
2.690827846527099609e+00
2.588809967041015625e+00
2.650082588195800781e+00
1.847166061401367188e+00
3.111202716827392578e+00
1.830137014389038086e+00
2.931004524230957031e+00
1.993510723114013672e+00
2.939291477203369141e+00
1.748676538467407227e+00
2.899115085601806641e+00
1.898287296295166016e+00
2.455369710922241211e+00
2.481243848800659180e+00
2.674633264541625977e+00
2.323563337326049805e+00
2.393424510955810547e+00
2.623161792755126953e+00
1.657305717468261719e+00
2.580922365188598633e+00
2.463612556457519531e+00
1.760908365249633789e+00
2.931078910827636719e+00
2.293016433715820312e+00
2.679426670074462891e+00
2.849090099334716797e+00
2.609059572219848633e+00
2.912793636322021484e+00
2.735844135284423828e+00
2.263415336608886719e+00
2.751903533935546875e+00
2.087645530700683594e+00
3.306094646453857422e+00
1.961995005607604980e+00
3.805613517761230469e+00
1.536717414855957031e+00
3.539846658706665039e+00
1.888086438179016113e+00
2.631905078887939453e+00
2.218875408172607422e+00
2.684678554534912109e+00
2.318950653076171875e+00
3.226320266723632812e+00
1.608173727989196777e+00
3.464770793914794922e+00
1.742896080017089844e+00
2.979192972183227539e+00
2.927041769027709961e+00
2.609797954559326172e+00
2.624814748764038086e+00
2.661355018615722656e+00
3.410396099090576172e+00
2.624443769454956055e+00
2.921270847320556641e+00
2.737575292587280273e+00
2.774547576904296875e+00
2.771507263183593750e+00
2.594762802124023438e+00
2.728257656097412109e+00
2.180610656738281250e+00
3.216616630554199219e+00
2.184821605682373047e+00
2.457985877990722656e+00
2.153878688812255859e+00
2.590204715728759766e+00
1.871311664581298828e+00
2.911138296127319336e+00
2.388728618621826172e+00
2.188757896423339844e+00
3.082492351531982422e+00
2.172777652740478516e+00
2.365444660186767578e+00
2.953352928161621094e+00
2.198065757751464844e+00
2.664458990097045898e+00
2.802108287811279297e+00
2.033106803894042969e+00
2.997067213058471680e+00
2.464840412139892578e+00
3.074967384338378906e+00
2.754478931427001953e+00
2.875529766082763672e+00
2.431547880172729492e+00
3.761768817901611328e+00
1.782425761222839355e+00
3.256125926971435547e+00
2.672997951507568359e+00
2.753557443618774414e+00
2.142841815948486328e+00
2.854463100433349609e+00
1.648154139518737793e+00
3.665268421173095703e+00
2.126065254211425781e+00
2.834486961364746094e+00
2.788849353790283203e+00
2.411033630371093750e+00
2.521569490432739258e+00
3.291737556457519531e+00
1.744027614593505859e+00
3.636267900466918945e+00
1.828047513961791992e+00
3.126085758209228516e+00
2.985075950622558594e+00
2.610183238983154297e+00
2.871429443359375000e+00
2.729524612426757812e+00
2.514563560485839844e+00
2.965674400329589844e+00
2.262030601501464844e+00
2.588640451431274414e+00
2.361138820648193359e+00
2.532949447631835938e+00
2.476113319396972656e+00
2.669569015502929688e+00
2.629378318786621094e+00
2.214222192764282227e+00
3.121352672576904297e+00
1.851164579391479492e+00
3.145161867141723633e+00
2.252270221710205078e+00
2.368575334548950195e+00
2.890388011932373047e+00
1.886511087417602539e+00
2.871231079101562500e+00
1.891173362731933594e+00
2.508882999420166016e+00
2.340860605239868164e+00
2.746515750885009766e+00
2.362069606781005859e+00
2.615284919738769531e+00
2.725727558135986328e+00
2.625816345214843750e+00
2.286200046539306641e+00
3.825377464294433594e+00
1.558941721916198730e+00
4.217495441436767578e+00
1.494680643081665039e+00
3.145494461059570312e+00
2.686071634292602539e+00
1.877514123916625977e+00
3.768983364105224609e+00
1.793345570564270020e+00
3.396404266357421875e+00
2.291226387023925781e+00
2.938481092453002930e+00
2.236071109771728516e+00
2.219814538955688477e+00
2.177320957183837891e+00
2.730092525482177734e+00
1.507694959640502930e+00
3.214761257171630859e+00
2.118166923522949219e+00
2.242428779602050781e+00
2.830695629119873047e+00
2.256566047668457031e+00
2.611648559570312500e+00
2.562514781951904297e+00
1.956933259963989258e+00
3.304292201995849609e+00
1.954697132110595703e+00
2.645054817199707031e+00
2.972958087921142578e+00
2.010217189788818359e+00
2.966678857803344727e+00
2.180643320083618164e+00
2.733535289764404297e+00
2.308263063430786133e+00
2.633928298950195312e+00
2.613948106765747070e+00
2.660640239715576172e+00
2.711989641189575195e+00
3.141690254211425781e+00
2.656220912933349609e+00
2.476380109786987305e+00
2.849097728729248047e+00
2.635988712310791016e+00
2.785233020782470703e+00
2.617269515991210938e+00
2.177245140075683594e+00
2.916732788085937500e+00
2.217280864715576172e+00
3.444404602050781250e+00
1.716255664825439453e+00
3.529633522033691406e+00
2.708298921585083008e+00
2.761255502700805664e+00
3.429589271545410156e+00
2.366062164306640625e+00
4.389263153076171875e+00
1.774205088615417480e+00
4.053317070007324219e+00
2.546654224395751953e+00
2.740636348724365234e+00
2.758717060089111328e+00
2.824753284454345703e+00
2.338415622711181641e+00
2.698308944702148438e+00
2.784596204757690430e+00
2.335515499114990234e+00
2.636297225952148438e+00
2.840164184570312500e+00
2.961867332458496094e+00
1.459072351455688477e+00
3.801038265228271484e+00
2.137545347213745117e+00
2.634229660034179688e+00
2.900533676147460938e+00
2.087330102920532227e+00
2.560500621795654297e+00
2.691697359085083008e+00
2.446420669555664062e+00
3.305088043212890625e+00
2.082644701004028320e+00
3.169413566589355469e+00
1.943516731262207031e+00
3.024884462356567383e+00
2.319077730178833008e+00
2.956121683120727539e+00
2.529326915740966797e+00
2.224484443664550781e+00
2.305737495422363281e+00
2.857471704483032227e+00
2.162835597991943359e+00
2.039315223693847656e+00
2.868956565856933594e+00
2.463571548461914062e+00
2.166260480880737305e+00
3.041636466979980469e+00
2.674408435821533203e+00
2.727867603302001953e+00
2.559261560440063477e+00
2.893058061599731445e+00
2.700195312500000000e+00
2.792254924774169922e+00
3.271730422973632812e+00
2.271567344665527344e+00
3.915898323059082031e+00
1.575911760330200195e+00
2.816561222076416016e+00
2.334028720855712891e+00
2.262122154235839844e+00
4.118978500366210938e+00
6.625508069992065430e-01
4.657575130462646484e+00
2.993599653244018555e+00
1.714056015014648438e+00
2.981686592102050781e+00
2.322937488555908203e+00
2.234145402908325195e+00
2.601875782012939453e+00
1.675900936126708984e+00
3.332807064056396484e+00
2.375700473785400391e+00
2.220766067504882812e+00
2.828343391418457031e+00
2.413517951965332031e+00
2.234958648681640625e+00
2.969968080520629883e+00
2.747248649597167969e+00
1.687294244766235352e+00
3.861112833023071289e+00
1.984618663787841797e+00
2.221138238906860352e+00
3.020816087722778320e+00
2.471200704574584961e+00
2.529048204421997070e+00
3.207170963287353516e+00
2.244746446609497070e+00
3.280562400817871094e+00
1.553376793861389160e+00
3.353197336196899414e+00
1.531064033508300781e+00
3.623624324798583984e+00
1.544989347457885742e+00
3.064262390136718750e+00
1.936226367950439453e+00
3.337394714355468750e+00
2.823552131652832031e+00
2.568748950958251953e+00
2.888937950134277344e+00
2.210798263549804688e+00
3.403848886489868164e+00
2.053800582885742188e+00
3.186527252197265625e+00
2.830428600311279297e+00
2.567199707031250000e+00
2.208932876586914062e+00
3.461069107055664062e+00
2.138601779937744141e+00
3.300408363342285156e+00
2.282610893249511719e+00
2.673247337341308594e+00
2.631701707839965820e+00
2.124194860458374023e+00
3.461467027664184570e+00
2.712104082107543945e+00
2.028999328613281250e+00
3.800621747970581055e+00
1.972931861877441406e+00
2.712614297866821289e+00
3.135478496551513672e+00
2.272258520126342773e+00
2.447234392166137695e+00
2.633952140808105469e+00
2.779744625091552734e+00
2.391631126403808594e+00
2.605495929718017578e+00
2.373513698577880859e+00
2.699584007263183594e+00
3.523123741149902344e+00
1.775132179260253906e+00
3.250795364379882812e+00
2.385779142379760742e+00
2.499413967132568359e+00
2.218634843826293945e+00
3.589028120040893555e+00
2.033862590789794922e+00
3.603597640991210938e+00
2.615230083465576172e+00
3.423055171966552734e+00
2.384575128555297852e+00
4.040616989135742188e+00
2.809829235076904297e+00
2.992409944534301758e+00
3.977163791656494141e+00
1.422821044921875000e+00
4.521960258483886719e+00
2.808519840240478516e+00
2.164445638656616211e+00
3.787199020385742188e+00
2.884648561477661133e+00
1.990670442581176758e+00
3.486350536346435547e+00
2.156613349914550781e+00
2.639026880264282227e+00
2.867853641510009766e+00
2.514846801757812500e+00
2.815272092819213867e+00
2.757118701934814453e+00
2.294479370117187500e+00
2.966235637664794922e+00
1.889105558395385742e+00
3.054454326629638672e+00
2.381793498992919922e+00
2.391244411468505859e+00
2.762696266174316406e+00
3.107358694076538086e+00
1.947762489318847656e+00
2.785261631011962891e+00
2.620988368988037109e+00
2.491691112518310547e+00
2.137663364410400391e+00
2.851280212402343750e+00
1.935548782348632812e+00
2.611178874969482422e+00
2.435034275054931641e+00
2.085323333740234375e+00
3.003757953643798828e+00
2.135276794433593750e+00
2.395173549652099609e+00
2.522931575775146484e+00
2.818742990493774414e+00
2.230033874511718750e+00
3.559366226196289062e+00
2.017775774002075195e+00
3.886062145233154297e+00
1.410948395729064941e+00
3.434794902801513672e+00
2.470882177352905273e+00
2.439546346664428711e+00
2.561940908432006836e+00
2.849638938903808594e+00
1.924764156341552734e+00
2.851085186004638672e+00
1.797146081924438477e+00
3.006247043609619141e+00
2.449530839920043945e+00
2.143361806869506836e+00
3.931300163269042969e+00
9.193545579910278320e-01
3.518584251403808594e+00
1.948806524276733398e+00
2.947608470916748047e+00
2.425847530364990234e+00
1.806932091712951660e+00
2.766892910003662109e+00
1.770014286041259766e+00
2.322002887725830078e+00
2.119924545288085938e+00
2.598553657531738281e+00
2.973623752593994141e+00
2.785168647766113281e+00
3.089250087738037109e+00
2.588552236557006836e+00
3.655685186386108398e+00
1.849651813507080078e+00
3.297573566436767578e+00
2.727790832519531250e+00
2.239754915237426758e+00
2.265995502471923828e+00
1.401372671127319336e+00
3.769314289093017578e+00
1.609815359115600586e+00
2.666783571243286133e+00
2.753829479217529297e+00
2.529199123382568359e+00
2.635713577270507812e+00
2.446322441101074219e+00
2.481283664703369141e+00
2.414956569671630859e+00
2.840654850006103516e+00
2.677536487579345703e+00
2.623104572296142578e+00
2.502188682556152344e+00
2.463929653167724609e+00
2.483047485351562500e+00
2.270034790039062500e+00
2.827475070953369141e+00
2.070122241973876953e+00
2.763393878936767578e+00
2.755009651184082031e+00
2.140866756439208984e+00
2.256809234619140625e+00
1.987439155578613281e+00
3.296545028686523438e+00
1.194418430328369141e+00
3.307884693145751953e+00
1.768561124801635742e+00
3.069586753845214844e+00
2.328646421432495117e+00
2.374028682708740234e+00
2.771221637725830078e+00
1.263645648956298828e+00
3.273343086242675781e+00
2.222433567047119141e+00
1.995667695999145508e+00
2.975507259368896484e+00
1.607823371887207031e+00
3.139802455902099609e+00
1.609381675720214844e+00
3.246525287628173828e+00
1.669848799705505371e+00
3.045206069946289062e+00
2.517590999603271484e+00
2.128322601318359375e+00
2.765343666076660156e+00
2.468801259994506836e+00
2.184599399566650391e+00
2.326771736145019531e+00
2.126038551330566406e+00
2.707793235778808594e+00
2.053945064544677734e+00
2.046237945556640625e+00
2.807226896286010742e+00
2.154644250869750977e+00
2.358618021011352539e+00
2.125354290008544922e+00
2.164802074432373047e+00
3.058274030685424805e+00
1.987648844718933105e+00
2.226075887680053711e+00
2.275034427642822266e+00
2.920966386795043945e+00
1.993830561637878418e+00
2.627968311309814453e+00
2.874063491821289062e+00
2.890346765518188477e+00
1.798098921775817871e+00
2.563336372375488281e+00
2.840526819229125977e+00
2.510793924331665039e+00
2.366894721984863281e+00
2.895123481750488281e+00
3.177659511566162109e+00
2.426661968231201172e+00
2.996011495590209961e+00
2.744710445404052734e+00
2.762522935867309570e+00
1.978739261627197266e+00
3.331210613250732422e+00
1.959833502769470215e+00
3.573460578918457031e+00
1.625921726226806641e+00
2.702559232711791992e+00
3.015031814575195312e+00
2.672343015670776367e+00
2.372024536132812500e+00
3.048892498016357422e+00
2.331202745437622070e+00
2.848552703857421875e+00
3.106974601745605469e+00
3.223234653472900391e+00
2.935074329376220703e+00
2.829487800598144531e+00
3.136585712432861328e+00
2.419432640075683594e+00
2.278720617294311523e+00
3.119983196258544922e+00
2.321447134017944336e+00
3.076460599899291992e+00
3.004236221313476562e+00
2.116644382476806641e+00
4.349901199340820312e+00
1.511460185050964355e+00
5.602419853210449219e+00
1.851642370223999023e+00
2.878726720809936523e+00
3.496295690536499023e+00
2.864058494567871094e+00
2.182423353195190430e+00
2.472979068756103516e+00
2.729968070983886719e+00
2.163332939147949219e+00
2.462320327758789062e+00
2.491654396057128906e+00
2.689967155456542969e+00
1.776655435562133789e+00
3.036177396774291992e+00
2.606697082519531250e+00
3.167493343353271484e+00
2.818192720413208008e+00
1.845361471176147461e+00
4.283271789550781250e+00
7.999884486198425293e-01
4.352588176727294922e+00
2.495150566101074219e+00
1.390236258506774902e+00
3.317882537841796875e+00
2.339082241058349609e+00
3.303086757659912109e+00
2.401364326477050781e+00
3.257361650466918945e+00
1.010637283325195312e+00
3.961788415908813477e+00
1.102549791336059570e+00
3.188669919967651367e+00
2.176884174346923828e+00
2.633234977722167969e+00
2.306749343872070312e+00
3.183969974517822266e+00
1.284004688262939453e+00
2.528863668441772461e+00
2.383074760437011719e+00
3.114779233932495117e+00
1.021428585052490234e+00
3.716883659362792969e+00
2.239425659179687500e+00
2.269584655761718750e+00
2.111655712127685547e+00
1.973515987396240234e+00
2.613174915313720703e+00
2.066666126251220703e+00
2.550310850143432617e+00
2.581206083297729492e+00
2.590058088302612305e+00
3.022714614868164062e+00
2.402528762817382812e+00
2.574423074722290039e+00
2.492588520050048828e+00
2.529276847839355469e+00
2.595050096511840820e+00
2.579250097274780273e+00
2.627325057983398438e+00
3.069850921630859375e+00
2.156105756759643555e+00
3.204017639160156250e+00
3.070475578308105469e+00
1.914351224899291992e+00
2.984580993652343750e+00
2.535414695739746094e+00
2.590254068374633789e+00
3.034667491912841797e+00
2.449328899383544922e+00
2.970733165740966797e+00
2.512800216674804688e+00
3.258400440216064453e+00
2.395731449127197266e+00
2.547272205352783203e+00
2.523352384567260742e+00
2.477810859680175781e+00
2.376282691955566406e+00
2.781448364257812500e+00
2.361765861511230469e+00
2.629129886627197266e+00
2.283110141754150391e+00
2.603265285491943359e+00
1.969240188598632812e+00
1.998982191085815430e+00
2.579663753509521484e+00
2.205736160278320312e+00
2.078702926635742188e+00
2.602853298187255859e+00
2.816007137298583984e+00
2.211418390274047852e+00
2.554140090942382812e+00
2.919581890106201172e+00
2.647105216979980469e+00
2.714800357818603516e+00
2.122837781906127930e+00
2.841259479522705078e+00
2.038849830627441406e+00
2.519576549530029297e+00
2.198458194732666016e+00
2.896202087402343750e+00
1.806319236755371094e+00
3.314658164978027344e+00
2.485569477081298828e+00
2.486059188842773438e+00
2.359519481658935547e+00
2.792652606964111328e+00
2.741865158081054688e+00
2.015729188919067383e+00
2.732563972473144531e+00
3.007889986038208008e+00
1.727334022521972656e+00
2.877663612365722656e+00
2.988821029663085938e+00
1.662090063095092773e+00
2.291618347167968750e+00
2.564394235610961914e+00
2.144229888916015625e+00
2.760020971298217773e+00
2.008942365646362305e+00
4.057553291320800781e+00
1.621527910232543945e+00
1.826462984085083008e+00
2.453195333480834961e+00
2.738243579864501953e+00
2.528334856033325195e+00
2.462595939636230469e+00
2.821434974670410156e+00
2.273996829986572266e+00
2.838301658630371094e+00
2.402881145477294922e+00
2.914359569549560547e+00
1.915721774101257324e+00
3.173312664031982422e+00
2.040038108825683594e+00
2.516427040100097656e+00
2.101017951965332031e+00
2.417433261871337891e+00
2.819073200225830078e+00
2.415169715881347656e+00
2.218328475952148438e+00
2.082831382751464844e+00
2.500960588455200195e+00
2.933543205261230469e+00
2.705012559890747070e+00
3.056498527526855469e+00
2.199739456176757812e+00
2.476547718048095703e+00
2.425405025482177734e+00
2.789143562316894531e+00
2.351202487945556641e+00
2.280001163482666016e+00
2.725948572158813477e+00
2.262884140014648438e+00
2.452939987182617188e+00
2.730674743652343750e+00
2.500950336456298828e+00
2.691952228546142578e+00
2.514192581176757812e+00
3.013811826705932617e+00
2.527141332626342773e+00
2.380288600921630859e+00
3.471355676651000977e+00
1.214314222335815430e+00
2.274849414825439453e+00
2.598386049270629883e+00
1.486001014709472656e+00
4.219406127929687500e+00
7.630831599235534668e-01
3.456519603729248047e+00
2.894611597061157227e+00
1.407320380210876465e+00
3.095370531082153320e+00
2.241667270660400391e+00
2.929321765899658203e+00
2.260601043701171875e+00
2.692356348037719727e+00
2.447500705718994141e+00
2.622902631759643555e+00
2.049207448959350586e+00
3.070522308349609375e+00
2.485221385955810547e+00
2.595051765441894531e+00
3.047939538955688477e+00
2.885980606079101562e+00
2.035879135131835938e+00
2.445051670074462891e+00
2.723678588867187500e+00
2.583343982696533203e+00
2.443902492523193359e+00
2.680819034576416016e+00
2.486140251159667969e+00
2.421584606170654297e+00
2.160997867584228516e+00
2.170488357543945312e+00
2.834873437881469727e+00
2.928375720977783203e+00
2.017657279968261719e+00
3.281758308410644531e+00
1.901723027229309082e+00
3.140419960021972656e+00
1.928976297378540039e+00
3.079124927520751953e+00
2.633408069610595703e+00
2.793100833892822266e+00
2.586704730987548828e+00
3.007893800735473633e+00
2.768500804901123047e+00
2.291594505310058594e+00
2.610471725463867188e+00
2.331700801849365234e+00
1.350326657295227051e+00
2.726978063583374023e+00
2.159375190734863281e+00
2.491889476776123047e+00
2.474364280700683594e+00
2.506031513214111328e+00
2.220480918884277344e+00
2.483275413513183594e+00
2.560853958129882812e+00
2.071441411972045898e+00
2.747766256332397461e+00
2.050686836242675781e+00
2.688225984573364258e+00
1.961002707481384277e+00
2.578587055206298828e+00
2.597818851470947266e+00
2.390944242477416992e+00
2.485671281814575195e+00
2.218411445617675781e+00
1.911792039871215820e+00
3.278707027435302734e+00
1.283084988594055176e+00
2.571240425109863281e+00
2.090191841125488281e+00
2.956687450408935547e+00
6.051028966903686523e-01
4.370289325714111328e+00
9.556849002838134766e-01
2.582229614257812500e+00
2.943713188171386719e+00
2.096964120864868164e+00
2.730680942535400391e+00
2.164178848266601562e+00
2.678529262542724609e+00
2.404690742492675781e+00
1.871573090553283691e+00
3.002146720886230469e+00
2.688433647155761719e+00
2.129467964172363281e+00
2.585728168487548828e+00
2.073318004608154297e+00
2.298906326293945312e+00
2.852751016616821289e+00
2.209811687469482422e+00
2.580187082290649414e+00
2.362697124481201172e+00
2.625821113586425781e+00
1.963234424591064453e+00
2.238295078277587891e+00
2.547003984451293945e+00
1.441014051437377930e+00
3.528232812881469727e+00
8.464663028717041016e-01
4.206279754638671875e+00
2.208660602569580078e+00
1.868856191635131836e+00
3.248479843139648438e+00
2.514932870864868164e+00
2.287125825881958008e+00
2.462647199630737305e+00
2.531279087066650391e+00
2.188081741333007812e+00
2.643941879272460938e+00
2.574501991271972656e+00
2.328418254852294922e+00
2.640249252319335938e+00
2.289688110351562500e+00
2.490658044815063477e+00
2.562077522277832031e+00
2.017745018005371094e+00
2.692547559738159180e+00
2.734012126922607422e+00
2.516302585601806641e+00
2.354268550872802734e+00
2.228147029876708984e+00
2.525295495986938477e+00
2.548702716827392578e+00
2.401437520980834961e+00
2.328116416931152344e+00
2.438685417175292969e+00
2.509157180786132812e+00
2.085455179214477539e+00
2.694813728332519531e+00
2.096087455749511719e+00
2.421983718872070312e+00
1.538047552108764648e+00
3.225651741027832031e+00
1.465808629989624023e+00
3.830307960510253906e+00
1.520615696907043457e+00
2.711673259735107422e+00
1.988770961761474609e+00
2.401037931442260742e+00
2.316792964935302734e+00
2.240777969360351562e+00
1.928756356239318848e+00
2.434057474136352539e+00
2.002290487289428711e+00
1.946762442588806152e+00
3.105288028717041016e+00
2.012186050415039062e+00
2.153292894363403320e+00
2.228027582168579102e+00
2.383398532867431641e+00
1.992914080619812012e+00
2.692066192626953125e+00
2.759582996368408203e+00
2.109119892120361328e+00
2.435506820678710938e+00
2.548076391220092773e+00
2.279643535614013672e+00
2.136686086654663086e+00
2.749999523162841797e+00
1.956770062446594238e+00
2.640724420547485352e+00
2.688099384307861328e+00
1.885979652404785156e+00
2.521926641464233398e+00
2.325091361999511719e+00
2.017545700073242188e+00
3.063252925872802734e+00
2.027702808380126953e+00
2.181823492050170898e+00
2.956707477569580078e+00
2.312855243682861328e+00
2.660358428955078125e+00
2.555381774902343750e+00
2.453941345214843750e+00
2.520522117614746094e+00
3.211846351623535156e+00
2.236928224563598633e+00
2.485992431640625000e+00
2.509626865386962891e+00
2.764637470245361328e+00
2.219444751739501953e+00
2.587430715560913086e+00
2.939696073532104492e+00
2.414256095886230469e+00
2.418088436126708984e+00
2.769345283508300781e+00
1.738015770912170410e+00
3.550102233886718750e+00
1.377423286437988281e+00
3.650462150573730469e+00
1.632371306419372559e+00
4.461468696594238281e+00
1.621345162391662598e+00
2.686395168304443359e+00
2.869725227355957031e+00
1.704200506210327148e+00
2.731075286865234375e+00
2.600028514862060547e+00
1.001001954078674316e+00
2.967523097991943359e+00
4.912679195404052734e-01
3.155919551849365234e+00
2.168612957000732422e+00
1.186378002166748047e+00
1.953797578811645508e+00
1.798081874847412109e+00
2.161056041717529297e+00
9.614681005477905273e-01
2.203265190124511719e+00
1.772623181343078613e+00
1.611102104187011719e+00
2.557409286499023438e+00
1.898018598556518555e+00
2.519923686981201172e+00
2.369110584259033203e+00
2.408975601196289062e+00
2.055517196655273438e+00
2.152269840240478516e+00
1.701745152473449707e+00
2.516491889953613281e+00
2.534818410873413086e+00
1.784698963165283203e+00
2.653458118438720703e+00
2.345204830169677734e+00
2.287065029144287109e+00
2.052426338195800781e+00
2.019758939743041992e+00
3.187991619110107422e+00
1.690300703048706055e+00
2.064872741699218750e+00
2.186339855194091797e+00
3.075187683105468750e+00
1.792423129081726074e+00
2.952069997787475586e+00
2.199945926666259766e+00
2.862650632858276367e+00
1.824988842010498047e+00
3.103244543075561523e+00
2.424553871154785156e+00
2.301607608795166016e+00
2.526050567626953125e+00
2.633039236068725586e+00
2.127636432647705078e+00
2.618638992309570312e+00
2.662763833999633789e+00
2.197096824645996094e+00
2.371626377105712891e+00
3.214080333709716797e+00
2.653944492340087891e+00
1.809582948684692383e+00
2.811124801635742188e+00
2.690603256225585938e+00
1.762471199035644531e+00
2.702051639556884766e+00
2.420875787734985352e+00
2.367223262786865234e+00
2.453494548797607422e+00
2.461395502090454102e+00
3.108431816101074219e+00
1.943736791610717773e+00
2.891956567764282227e+00
2.989661693572998047e+00
2.251305103302001953e+00
3.045203208923339844e+00
2.160958051681518555e+00
2.577889204025268555e+00
2.524784803390502930e+00
3.159278392791748047e+00
6.397104859352111816e-01
4.905752182006835938e+00
7.032691240310668945e-01
3.619330883026123047e+00
1.566784381866455078e+00
1.600765943527221680e+00
2.372119426727294922e+00
1.870728611946105957e+00
1.822227358818054199e+00
1.788169860839843750e+00
1.883078098297119141e+00
2.577107906341552734e+00
1.642364382743835449e+00
3.395390987396240234e+00
2.234431743621826172e+00
2.706817388534545898e+00
2.696881771087646484e+00
2.633817911148071289e+00
2.427107334136962891e+00
2.275061845779418945e+00
2.621381759643554688e+00
2.572851657867431641e+00
2.441184043884277344e+00
2.613083124160766602e+00
2.218893527984619141e+00
2.733337402343750000e+00
2.683772563934326172e+00
2.435812234878540039e+00
2.821264028549194336e+00
2.695107698440551758e+00
2.321865558624267578e+00
3.327069759368896484e+00
1.859212160110473633e+00
3.169859409332275391e+00
2.603260040283203125e+00
3.107679605484008789e+00
2.542842864990234375e+00
2.819354057312011719e+00
2.429224967956542969e+00
2.570105075836181641e+00
2.433158874511718750e+00
1.729631900787353516e+00
3.490619897842407227e+00
3.178851604461669922e+00
2.479447841644287109e+00
2.636493206024169922e+00
2.617113590240478516e+00
2.279704093933105469e+00
2.683462142944335938e+00
2.220921277999877930e+00
2.965997219085693359e+00
2.321814537048339844e+00
2.129708290100097656e+00
2.911017179489135742e+00
2.076223373413085938e+00
3.766963243484497070e+00
1.693033099174499512e+00
3.121559143066406250e+00
1.980679273605346680e+00
2.245164394378662109e+00
2.418061017990112305e+00
2.503383874893188477e+00
2.165547847747802734e+00
2.625794410705566406e+00
1.725837469100952148e+00
2.291628837585449219e+00
2.291940689086914062e+00
2.004219532012939453e+00
2.219407081604003906e+00
2.492832660675048828e+00
2.676531791687011719e+00
2.313188076019287109e+00
2.340705156326293945e+00
1.899700641632080078e+00
3.153170585632324219e+00
1.615544795989990234e+00
2.751825332641601562e+00
1.765565156936645508e+00
3.343157529830932617e+00
1.969196081161499023e+00
2.542788982391357422e+00
2.311575412750244141e+00
2.316999435424804688e+00
2.609109878540039062e+00
1.674054265022277832e+00
2.429325819015502930e+00
2.622073650360107422e+00
1.912084698677062988e+00
3.124001026153564453e+00
2.002645254135131836e+00
2.547752618789672852e+00
2.234338045120239258e+00
2.388491630554199219e+00
2.058695316314697266e+00
2.378324031829833984e+00
1.878705024719238281e+00
2.856340646743774414e+00
1.698081016540527344e+00
3.473577022552490234e+00
1.982350826263427734e+00
2.623599052429199219e+00
2.494413375854492188e+00
2.050667285919189453e+00
3.387587785720825195e+00
2.799555778503417969e+00
3.056605100631713867e+00
2.941862583160400391e+00
1.796727657318115234e+00
3.667017459869384766e+00
2.469061374664306641e+00
2.160030841827392578e+00
2.790008783340454102e+00
2.020199775695800781e+00
2.806134223937988281e+00
2.473589420318603516e+00
1.465553164482116699e+00
3.133864641189575195e+00
1.864905953407287598e+00
3.171957492828369141e+00
2.461782932281494141e+00
2.628159046173095703e+00
2.634706497192382812e+00
2.597583770751953125e+00
1.967223763465881348e+00
2.499724626541137695e+00
2.537805080413818359e+00
2.033595085144042969e+00
2.411857366561889648e+00
2.386610031127929688e+00
1.755430221557617188e+00
2.986047267913818359e+00
1.698498010635375977e+00
2.774241447448730469e+00
2.673681259155273438e+00
2.143347740173339844e+00
1.883603692054748535e+00
2.577776432037353516e+00
2.236146211624145508e+00
2.823147058486938477e+00
1.824265003204345703e+00
2.856895446777343750e+00
1.965475320816040039e+00
3.388773441314697266e+00
2.012816905975341797e+00
2.808936119079589844e+00
1.785829544067382812e+00
3.907603025436401367e+00
7.079449295997619629e-01
2.976758956909179688e+00
1.100371122360229492e+00
5.912313461303710938e+00
1.131721735000610352e+00
2.707164764404296875e+00
1.897663354873657227e+00
2.228326559066772461e+00
2.118351936340332031e+00
1.929101347923278809e+00
2.850899696350097656e+00
2.114627838134765625e+00
2.130315780639648438e+00
2.679363965988159180e+00
2.237221240997314453e+00
2.052846908569335938e+00
3.559968233108520508e+00
2.331287145614624023e+00
1.845024347305297852e+00
2.587994098663330078e+00
2.743081569671630859e+00
2.238111495971679688e+00
2.566093921661376953e+00
1.568036556243896484e+00
2.269917249679565430e+00
2.028424739837646484e+00
2.568000316619873047e+00
1.718645095825195312e+00
2.429431915283203125e+00
1.932384371757507324e+00
2.725682020187377930e+00
1.887489318847656250e+00
2.325103998184204102e+00
2.180011272430419922e+00
1.654031753540039062e+00
2.525743484497070312e+00
2.450477600097656250e+00
1.450616955757141113e+00
2.384182453155517578e+00
2.334611892700195312e+00
2.427951812744140625e+00
1.892494678497314453e+00
2.633615016937255859e+00
2.231157541275024414e+00
1.735494494438171387e+00
3.481962442398071289e+00
2.206839799880981445e+00
2.134440422058105469e+00
3.429562568664550781e+00
2.983819723129272461e+00
1.842133522033691406e+00
1.785983562469482422e+00
2.856642246246337891e+00
1.807492971420288086e+00
3.450666904449462891e+00
1.747113108634948730e+00
3.079551219940185547e+00
2.382440805435180664e+00
2.357952117919921875e+00
2.546582698822021484e+00
2.322558879852294922e+00
2.630461454391479492e+00
2.021120786666870117e+00
3.063511371612548828e+00
2.185325622558593750e+00
2.291742801666259766e+00
2.985264539718627930e+00
1.613616824150085449e+00
3.126733303070068359e+00
2.091266632080078125e+00
2.632792472839355469e+00
2.180580615997314453e+00
2.255817890167236328e+00
2.635763645172119141e+00
2.288523197174072266e+00
2.578885555267333984e+00
2.156938314437866211e+00
3.018930912017822266e+00
2.276661396026611328e+00
2.178271293640136719e+00
3.165569305419921875e+00
2.692859172821044922e+00
2.267566204071044922e+00
3.038388490676879883e+00
2.584567785263061523e+00
2.088261127471923828e+00
3.348422527313232422e+00
1.208382725715637207e+00
2.840356111526489258e+00
2.511919975280761719e+00
2.039561748504638672e+00
2.714947700500488281e+00
1.727170467376708984e+00
2.402692317962646484e+00
2.063358306884765625e+00
2.342532634735107422e+00
2.159169673919677734e+00
2.128567934036254883e+00
2.510510444641113281e+00
2.353416442871093750e+00
2.312525272369384766e+00
2.431970596313476562e+00
2.690828561782836914e+00
1.655138492584228516e+00
2.933105468750000000e+00
2.546616077423095703e+00
2.208773612976074219e+00
2.584119319915771484e+00
2.893000125885009766e+00
2.205438375473022461e+00
3.000679731369018555e+00
1.505059480667114258e+00
3.334702730178833008e+00
1.231417179107666016e+00
3.267422676086425781e+00
1.314429044723510742e+00
4.725066661834716797e+00
1.214349985122680664e+00
2.395750045776367188e+00
3.312191009521484375e+00
7.175477743148803711e-01
4.445326805114746094e+00
1.614186406135559082e+00
3.138449192047119141e+00
3.053588867187500000e+00
1.942838907241821289e+00
2.909952640533447266e+00
2.304007053375244141e+00
2.094535350799560547e+00
2.374711990356445312e+00
2.592804431915283203e+00
2.954139709472656250e+00
1.457319736480712891e+00
3.915425062179565430e+00
1.814419507980346680e+00
1.914740800857543945e+00
2.706303596496582031e+00
2.385811805725097656e+00
1.857796788215637207e+00
2.686483621597290039e+00
2.709338188171386719e+00
1.788326501846313477e+00
2.438993453979492188e+00
2.423993587493896484e+00
2.444525241851806641e+00
2.299252033233642578e+00
2.584666490554809570e+00
2.546101331710815430e+00
1.552992224693298340e+00
2.398732185363769531e+00
2.577201843261718750e+00
2.585570096969604492e+00
2.219475746154785156e+00
2.836626768112182617e+00
2.365649223327636719e+00
2.048627138137817383e+00
3.046725749969482422e+00
2.835302829742431641e+00
2.159616708755493164e+00
3.154150485992431641e+00
2.266012191772460938e+00
3.072509527206420898e+00
1.924113750457763672e+00
3.430464982986450195e+00
1.937820911407470703e+00
3.316301822662353516e+00
1.660884618759155273e+00
2.848250865936279297e+00
2.374958515167236328e+00
3.512611865997314453e+00
1.786029815673828125e+00
2.875888347625732422e+00
2.517319679260253906e+00
2.041539192199707031e+00
3.955662250518798828e+00
2.841422080993652344e+00
1.504725933074951172e+00
4.477154731750488281e+00
1.635200500488281250e+00
2.944439411163330078e+00
2.724750757217407227e+00
2.062427043914794922e+00
3.215277671813964844e+00
2.772473335266113281e+00
2.357514381408691406e+00
2.211566448211669922e+00
2.506778717041015625e+00
1.976203083992004395e+00
2.996919155120849609e+00
2.110738039016723633e+00
2.704978942871093750e+00
2.170167922973632812e+00
3.357655286788940430e+00
2.432108879089355469e+00
3.062365531921386719e+00
2.883314609527587891e+00
2.946020126342773438e+00
2.646024703979492188e+00
2.613040447235107422e+00
2.714273214340209961e+00
2.463274002075195312e+00
2.734347581863403320e+00
3.044696569442749023e+00
1.561245918273925781e+00
3.520316600799560547e+00
2.275561332702636719e+00
1.720678567886352539e+00
2.848655700683593750e+00
3.057755947113037109e+00
2.315048694610595703e+00
3.201622962951660156e+00
2.082150936126708984e+00
3.108744859695434570e+00
1.319172620773315430e+00
3.539083480834960938e+00
1.431040763854980469e+00
3.566738128662109375e+00
1.507733583450317383e+00
5.236991405487060547e+00
1.508068919181823730e+00
3.071974277496337891e+00
2.641877651214599609e+00
2.659519433975219727e+00
2.219207286834716797e+00
3.168729305267333984e+00
1.801323890686035156e+00
3.277537345886230469e+00
1.830216646194458008e+00
3.298027992248535156e+00
2.357441902160644531e+00
2.242719173431396484e+00
2.869931221008300781e+00
2.287816762924194336e+00
2.638612031936645508e+00
2.614173889160156250e+00
2.976334571838378906e+00
2.660445690155029297e+00
2.326027631759643555e+00
2.948345661163330078e+00
2.446840524673461914e+00
2.511414051055908203e+00
1.909432649612426758e+00
3.174403190612792969e+00
1.647730827331542969e+00
2.572383403778076172e+00
2.724601268768310547e+00
2.160474538803100586e+00
2.193085908889770508e+00
2.355439424514770508e+00
2.432147741317749023e+00
2.437469959259033203e+00
2.366704940795898438e+00
2.774812221527099609e+00
1.805437803268432617e+00
2.716539859771728516e+00
3.332071304321289062e+00
1.785181522369384766e+00
3.181846141815185547e+00
1.732841491699218750e+00
2.743207216262817383e+00
2.420259237289428711e+00
3.021523714065551758e+00
2.292140960693359375e+00
3.020229339599609375e+00
2.371294498443603516e+00
2.830335617065429688e+00
3.082278966903686523e+00
1.723344683647155762e+00
2.759691715240478516e+00
2.423593521118164062e+00
2.722013950347900391e+00
2.332695960998535156e+00
2.137553215026855469e+00
3.156112670898437500e+00
1.955132007598876953e+00
2.276650905609130859e+00
3.733456611633300781e+00
1.370482444763183594e+00
2.684776544570922852e+00
2.632818698883056641e+00
1.725672721862792969e+00
2.417832136154174805e+00
1.642370223999023438e+00
2.764834880828857422e+00
2.184787750244140625e+00
1.943243503570556641e+00
3.202760696411132812e+00
1.980328321456909180e+00
3.114289522171020508e+00
1.745054483413696289e+00
2.504765272140502930e+00
3.319916725158691406e+00
2.110385894775390625e+00
2.181111335754394531e+00
2.927918434143066406e+00
2.456782341003417969e+00
2.172889709472656250e+00
2.466072320938110352e+00
2.335607051849365234e+00
2.387754917144775391e+00
2.187077045440673828e+00
2.241112709045410156e+00
2.618912935256958008e+00
1.762011766433715820e+00
2.663963794708251953e+00
2.131707906723022461e+00
2.253011226654052734e+00
2.704991340637207031e+00
1.943938016891479492e+00
2.995966196060180664e+00
2.390246868133544922e+00
2.235510349273681641e+00
2.488721609115600586e+00
2.083945989608764648e+00
2.489968776702880859e+00
2.410696744918823242e+00
2.403982162475585938e+00
2.291757822036743164e+00
2.348409175872802734e+00
2.449445247650146484e+00
2.171353101730346680e+00
3.181613683700561523e+00
1.680426478385925293e+00
3.292068481445312500e+00
2.857536315917968750e+00
2.603212594985961914e+00
2.482234716415405273e+00
2.615957260131835938e+00
2.351078033447265625e+00
1.767469167709350586e+00
3.005044937133789062e+00
1.880518794059753418e+00
3.213533878326416016e+00
2.459681510925292969e+00
2.635441303253173828e+00
2.708440542221069336e+00
1.769133567810058594e+00
2.885668754577636719e+00
1.907859086990356445e+00
2.845247983932495117e+00
2.348061323165893555e+00
2.497719526290893555e+00
2.460968255996704102e+00
2.309375762939453125e+00
2.919750213623046875e+00
2.525228500366210938e+00
1.463229298591613770e+00
3.961670637130737305e+00
2.714133977890014648e+00
2.135629415512084961e+00
3.163836240768432617e+00
3.143409967422485352e+00
2.710039615631103516e+00
2.607541561126708984e+00
2.172868490219116211e+00
2.520503520965576172e+00
2.576570034027099609e+00
2.733656644821166992e+00
2.816925048828125000e+00
3.026961326599121094e+00
2.987735509872436523e+00
2.484010934829711914e+00
4.061694622039794922e+00
1.818803787231445312e+00
4.061202526092529297e+00
2.016618013381958008e+00
3.163638591766357422e+00
3.155681133270263672e+00
2.011897087097167969e+00
4.055911064147949219e+00
1.317571282386779785e+00
3.477323770523071289e+00
1.801640987396240234e+00
3.072684764862060547e+00
2.462193012237548828e+00
1.920163512229919434e+00
4.104629039764404297e+00
1.013908624649047852e+00
3.563568592071533203e+00
1.974477052688598633e+00
2.265625476837158203e+00
3.350783824920654297e+00
2.085379123687744141e+00
2.847908496856689453e+00
2.101423740386962891e+00
2.617619514465332031e+00
2.507431745529174805e+00
2.478836059570312500e+00
2.424872636795043945e+00
2.222858190536499023e+00
2.329661846160888672e+00
2.494474649429321289e+00
2.726745843887329102e+00
2.251916885375976562e+00
1.869628667831420898e+00
2.929255008697509766e+00
2.106729745864868164e+00
2.290238380432128906e+00
2.915199756622314453e+00
2.220072269439697266e+00
2.516052246093750000e+00
3.046638250350952148e+00
1.910363674163818359e+00
2.793579578399658203e+00
3.216302394866943359e+00
2.487904071807861328e+00
1.943852186203002930e+00
2.732662439346313477e+00
2.350576400756835938e+00
2.413051128387451172e+00
2.693786382675170898e+00
2.327074527740478516e+00
2.831340551376342773e+00
2.450741767883300781e+00
2.223998069763183594e+00
2.640788078308105469e+00
1.881971240043640137e+00
2.560752868652343750e+00
2.602871656417846680e+00
2.455001831054687500e+00
2.423438310623168945e+00
3.247792482376098633e+00
2.392637252807617188e+00
2.751379251480102539e+00
2.727215290069580078e+00
2.415890932083129883e+00
2.641016006469726562e+00
2.582559108734130859e+00
1.612186312675476074e+00
2.968935966491699219e+00
2.296077966690063477e+00
2.656237602233886719e+00
2.510678768157958984e+00
2.843397617340087891e+00
2.814076423645019531e+00
2.220929145812988281e+00
2.970055580139160156e+00
1.907728195190429688e+00
2.545835018157958984e+00
2.282512664794921875e+00
2.353926181793212891e+00
2.039314270019531250e+00
3.330111980438232422e+00
2.102284908294677734e+00
2.415391206741333008e+00
3.294180870056152344e+00
1.903249979019165039e+00
2.700717449188232422e+00
1.571501493453979492e+00
3.820209980010986328e+00
2.205821752548217773e+00
2.234922885894775391e+00
2.396219491958618164e+00
2.635795593261718750e+00
2.161263942718505859e+00
2.900988101959228516e+00
2.468700408935546875e+00
2.977692604064941406e+00
2.841786384582519531e+00
3.078248500823974609e+00
2.620685338973999023e+00
2.662177085876464844e+00
2.766651153564453125e+00
2.394901514053344727e+00
2.774376392364501953e+00
2.521138191223144531e+00
2.281749963760375977e+00
2.969025611877441406e+00
2.836891651153564453e+00
2.153353929519653320e+00
3.442094087600708008e+00
1.686249494552612305e+00
3.375578641891479492e+00
2.309200763702392578e+00
2.950793981552124023e+00
2.096277713775634766e+00
3.340420722961425781e+00
2.101207733154296875e+00
2.848901748657226562e+00
2.690963745117187500e+00
1.714423060417175293e+00
3.764809370040893555e+00
2.129847526550292969e+00
2.314310073852539062e+00
3.340263605117797852e+00
1.955245375633239746e+00
2.597671270370483398e+00
3.015869617462158203e+00
2.234310150146484375e+00
2.239288568496704102e+00
3.623249530792236328e+00
1.928408622741699219e+00
2.413908004760742188e+00
1.757603764533996582e+00
2.907144546508789062e+00
1.875351428985595703e+00
2.482482433319091797e+00
1.919458627700805664e+00
3.373261451721191406e+00
2.546967267990112305e+00
1.813217401504516602e+00
2.597114324569702148e+00
2.708551406860351562e+00
2.377722740173339844e+00
2.134719371795654297e+00
2.661864280700683594e+00
2.209984302520751953e+00
2.440516710281372070e+00
2.793264627456665039e+00
2.070320129394531250e+00
2.311693191528320312e+00
2.483892440795898438e+00
1.952749729156494141e+00
2.952507257461547852e+00
1.600144386291503906e+00
3.982249021530151367e+00
1.647081971168518066e+00
2.130696535110473633e+00
2.850668191909790039e+00
2.395462512969970703e+00
2.503841876983642578e+00
1.836570858955383301e+00
2.273410797119140625e+00
2.177631378173828125e+00
2.073987483978271484e+00
3.001452684402465820e+00
1.367665529251098633e+00
3.435776233673095703e+00
2.073195219039916992e+00
2.559831619262695312e+00
1.642245292663574219e+00
3.219837427139282227e+00
1.784303903579711914e+00
2.857322216033935547e+00
2.624700069427490234e+00
2.087202787399291992e+00
2.687551021575927734e+00
2.381169319152832031e+00
1.243207931518554688e+00
3.629423141479492188e+00
1.759798288345336914e+00
3.159070968627929688e+00
2.031071901321411133e+00
2.213952302932739258e+00
2.864958763122558594e+00
1.396013617515563965e+00
3.074110984802246094e+00
1.721687078475952148e+00
3.315673828125000000e+00
2.094920635223388672e+00
2.010756015777587891e+00
3.002083778381347656e+00
1.532127141952514648e+00
2.862243652343750000e+00
2.410078048706054688e+00
2.032429695129394531e+00
2.771148204803466797e+00
2.105535984039306641e+00
2.112294673919677734e+00
2.429517507553100586e+00
2.212744951248168945e+00
2.981546163558959961e+00
1.800177335739135742e+00
3.545464515686035156e+00
2.047198295593261719e+00
2.032077789306640625e+00
2.992782592773437500e+00
1.942547202110290527e+00
2.275498390197753906e+00
2.796108722686767578e+00
1.951072335243225098e+00
2.041816949844360352e+00
2.683444023132324219e+00
2.267153263092041016e+00
2.376452922821044922e+00
2.811570644378662109e+00
1.766862630844116211e+00
2.700209617614746094e+00
2.015483856201171875e+00
3.218153953552246094e+00
1.438868999481201172e+00
3.126786231994628906e+00
2.347166061401367188e+00
2.424996852874755859e+00
3.008962154388427734e+00
1.525509834289550781e+00
3.384081840515136719e+00
1.886203050613403320e+00
2.426898241043090820e+00
2.446024894714355469e+00
2.189252376556396484e+00
2.513950586318969727e+00
2.454339981079101562e+00
2.356843709945678711e+00
2.755659341812133789e+00
2.083376407623291016e+00
1.820705890655517578e+00
2.952127218246459961e+00
2.329300880432128906e+00
2.569660663604736328e+00
2.039294242858886719e+00
2.044526576995849609e+00
2.467101573944091797e+00
2.406362056732177734e+00
2.690465450286865234e+00
2.288278579711914062e+00
2.368215560913085938e+00
2.069030284881591797e+00
2.322221755981445312e+00
2.475475311279296875e+00
2.485816955566406250e+00
1.801288127899169922e+00
2.703904628753662109e+00
2.696134567260742188e+00
2.200175285339355469e+00
2.953432321548461914e+00
1.971402645111083984e+00
2.457385540008544922e+00
2.398080348968505859e+00
2.008415222167968750e+00
2.263776779174804688e+00
3.126194953918457031e+00
9.669048786163330078e-01
3.514588356018066406e+00
2.469032287597656250e+00
2.373960494995117188e+00
2.712637424468994141e+00
2.573032140731811523e+00
1.858774900436401367e+00
2.066631793975830078e+00
2.381683826446533203e+00
2.492977857589721680e+00
1.249581575393676758e+00
3.448539972305297852e+00
2.428146362304687500e+00
1.808413505554199219e+00
2.983738183975219727e+00
2.980282545089721680e+00
1.743690729141235352e+00
3.027337551116943359e+00
2.350384235382080078e+00
2.461751699447631836e+00
2.316159725189208984e+00
2.864035367965698242e+00
2.065873384475708008e+00
2.871201515197753906e+00
2.429241180419921875e+00
2.180672645568847656e+00
2.648277997970581055e+00
1.850598812103271484e+00
3.168581008911132812e+00
2.034545898437500000e+00
2.672395467758178711e+00
3.166365146636962891e+00
2.342204809188842773e+00
2.078388214111328125e+00
2.837420463562011719e+00
2.141397714614868164e+00
2.883107662200927734e+00
2.086383581161499023e+00
2.962074041366577148e+00
2.651566505432128906e+00
2.066698551177978516e+00
3.194217205047607422e+00
2.077207803726196289e+00
4.050806999206542969e+00
1.033123254776000977e+00
3.942537784576416016e+00
6.632355451583862305e-01
4.751268863677978516e+00
1.963834285736083984e+00
2.775343894958496094e+00
1.985214471817016602e+00
2.775618076324462891e+00
1.686687469482421875e+00
2.653414726257324219e+00
2.254130840301513672e+00
2.217228651046752930e+00
2.797195911407470703e+00
1.482645034790039062e+00
2.675790309906005859e+00
2.413938522338867188e+00
2.185830116271972656e+00
2.085250854492187500e+00
2.345947027206420898e+00
2.310965061187744141e+00
2.203890562057495117e+00
1.757191896438598633e+00
2.566382646560668945e+00
2.223990440368652344e+00
1.894946336746215820e+00
2.250060319900512695e+00
2.289829730987548828e+00
2.225647449493408203e+00
2.356785058975219727e+00
1.967466473579406738e+00
2.471025228500366211e+00
2.061070919036865234e+00
2.694219827651977539e+00
1.926774263381958008e+00
3.180095672607421875e+00
1.697955846786499023e+00
2.491100788116455078e+00
2.110988855361938477e+00
2.404358863830566406e+00
2.126638412475585938e+00
2.383329391479492188e+00
2.286597728729248047e+00
1.784822225570678711e+00
2.684201240539550781e+00
1.851194977760314941e+00
2.436425924301147461e+00
1.987229108810424805e+00
2.231312513351440430e+00
2.700839757919311523e+00
1.915166735649108887e+00
2.217231512069702148e+00
3.068038225173950195e+00
1.451857566833496094e+00
2.935304164886474609e+00
1.614641547203063965e+00
2.173295259475708008e+00
2.493313312530517578e+00
1.988767862319946289e+00
2.390432119369506836e+00
1.999249339103698730e+00
2.045063972473144531e+00
2.337641239166259766e+00
1.970073223114013672e+00
2.332544088363647461e+00
1.874528884887695312e+00
2.461478233337402344e+00
2.102859973907470703e+00
1.618352651596069336e+00
2.550302028656005859e+00
2.231957435607910156e+00
1.827927589416503906e+00
2.876358985900878906e+00
1.249143600463867188e+00
3.001141548156738281e+00
1.904678463935852051e+00
2.596039772033691406e+00
2.071623086929321289e+00
2.073930263519287109e+00
2.531183242797851562e+00
1.711419343948364258e+00
1.997382044792175293e+00
2.417723894119262695e+00
1.854148983955383301e+00
2.733462333679199219e+00
2.144279003143310547e+00
2.286281824111938477e+00
2.495626449584960938e+00
2.115315914154052734e+00
2.468554973602294922e+00
2.302801609039306641e+00
1.779465913772583008e+00
3.050703525543212891e+00
1.804651141166687012e+00
2.287466049194335938e+00
2.249080896377563477e+00
2.287532806396484375e+00
2.665223121643066406e+00
2.396235942840576172e+00
2.231299877166748047e+00
2.679783821105957031e+00
1.911616802215576172e+00
1.950166702270507812e+00
2.907188177108764648e+00
1.468482494354248047e+00
2.971468687057495117e+00
2.452754497528076172e+00
1.610436201095581055e+00
3.046918630599975586e+00
1.715210437774658203e+00
3.164829492568969727e+00
1.605472683906555176e+00
2.995590448379516602e+00
2.112562894821166992e+00
2.296701431274414062e+00
2.267416715621948242e+00
2.025631189346313477e+00
2.604213237762451172e+00
1.747604012489318848e+00
3.179466247558593750e+00
2.257587909698486328e+00
2.384942054748535156e+00
2.768427848815917969e+00
2.539771080017089844e+00
2.243556499481201172e+00
3.492727994918823242e+00
1.006927967071533203e+00
3.922536134719848633e+00
1.161066770553588867e+00
3.235568046569824219e+00
1.976766824722290039e+00
2.820961952209472656e+00
1.774272680282592773e+00
2.715384483337402344e+00
2.042648792266845703e+00
2.816448211669921875e+00
2.324428319931030273e+00
2.082186460494995117e+00
2.501710414886474609e+00
2.020861625671386719e+00
2.762446403503417969e+00
1.503620743751525879e+00
2.204636096954345703e+00
2.340203285217285156e+00
2.007037639617919922e+00
1.898141384124755859e+00
1.571727991104125977e+00
2.831353664398193359e+00
9.321917891502380371e-01
2.654690742492675781e+00
2.094151496887207031e+00
1.476001977920532227e+00
2.494292259216308594e+00
2.184105873107910156e+00
2.031945228576660156e+00
2.339716434478759766e+00
1.920954227447509766e+00
2.043665170669555664e+00
1.855043649673461914e+00
2.479594230651855469e+00
2.080746650695800781e+00
2.293537616729736328e+00
1.715435624122619629e+00
2.293543815612792969e+00
2.199296236038208008e+00
1.804841041564941406e+00
3.104434013366699219e+00
1.763538837432861328e+00
2.291206359863281250e+00
2.312849521636962891e+00
1.855424642562866211e+00
2.942219257354736328e+00
9.386479854583740234e-01
3.957817554473876953e+00
9.460371136665344238e-01
3.121500730514526367e+00
1.424079775810241699e+00
2.670753955841064453e+00
2.617696285247802734e+00
1.464714527130126953e+00
2.671944141387939453e+00
1.921465277671813965e+00
2.383430004119873047e+00
2.199131965637207031e+00
1.995338797569274902e+00
2.594065904617309570e+00
2.152464389801025391e+00
1.717923998832702637e+00
2.559634208679199219e+00
2.042618274688720703e+00
2.030145168304443359e+00
2.214149951934814453e+00
2.125021934509277344e+00
2.355875492095947266e+00
2.547635078430175781e+00
2.132324695587158203e+00
2.935677766799926758e+00
1.900123834609985352e+00
3.104878664016723633e+00
1.344905138015747070e+00
2.912765026092529297e+00
1.600938439369201660e+00
2.548105239868164062e+00
1.838312149047851562e+00
2.718188524246215820e+00
2.389882087707519531e+00
2.007078170776367188e+00
3.211850881576538086e+00
1.668544292449951172e+00
2.396729469299316406e+00
2.627810001373291016e+00
1.741976737976074219e+00
3.131054401397705078e+00
1.715473413467407227e+00
2.788187026977539062e+00
1.932903647422790527e+00
2.576265096664428711e+00
2.536248445510864258e+00
2.044056177139282227e+00
2.689613103866577148e+00
2.030259132385253906e+00
2.534518241882324219e+00
1.601171493530273438e+00
2.789377689361572266e+00
1.507355928421020508e+00
2.563912391662597656e+00
2.059283494949340820e+00
2.304533004760742188e+00
2.191162824630737305e+00
2.138026237487792969e+00
2.140101432800292969e+00
2.742903709411621094e+00
2.113396644592285156e+00
2.335435390472412109e+00
3.084342956542968750e+00
2.019823551177978516e+00
2.788798093795776367e+00
2.771651506423950195e+00
1.646011590957641602e+00
2.915942430496215820e+00
2.317975759506225586e+00
2.231847047805786133e+00
2.583927631378173828e+00
2.109575748443603516e+00
2.954391002655029297e+00
1.323383331298828125e+00
2.921040534973144531e+00
1.471215963363647461e+00
3.075828313827514648e+00
1.267729997634887695e+00
2.831277370452880859e+00
1.131146311759948730e+00
3.555381298065185547e+00
1.756983041763305664e+00
1.764020919799804688e+00
2.496615171432495117e+00
1.484186887741088867e+00
2.143018960952758789e+00
2.666268825531005859e+00
2.195601224899291992e+00
2.053705692291259766e+00
2.481480598449707031e+00
1.778653860092163086e+00
2.243188381195068359e+00
1.821772813796997070e+00
2.764339923858642578e+00
1.957405805587768555e+00
2.427975654602050781e+00
2.195814609527587891e+00
2.156523704528808594e+00
2.324635982513427734e+00
2.157251596450805664e+00
2.284245491027832031e+00
2.003468990325927734e+00
2.352786302566528320e+00
2.184452056884765625e+00
2.127961874008178711e+00
2.846007108688354492e+00
1.422288537025451660e+00
3.624217510223388672e+00
1.630858659744262695e+00
2.970970630645751953e+00
1.736318111419677734e+00
3.332504034042358398e+00
1.670633554458618164e+00
2.810650110244750977e+00
2.257948398590087891e+00
2.293289422988891602e+00
2.244442701339721680e+00
2.224698543548583984e+00
2.903703451156616211e+00
1.269886255264282227e+00
2.639083385467529297e+00
2.622548103332519531e+00
1.802379250526428223e+00
1.926167488098144531e+00
3.066511392593383789e+00
2.533558368682861328e+00
2.144178390502929688e+00
1.683393716812133789e+00
2.756098985671997070e+00
2.093812942504882812e+00
2.414428710937500000e+00
2.562356472015380859e+00
1.913636922836303711e+00
2.189095020294189453e+00
2.653563261032104492e+00
2.454201698303222656e+00
2.536717414855957031e+00
2.442224502563476562e+00
2.061082363128662109e+00
2.810256958007812500e+00
2.064311027526855469e+00
3.114088535308837891e+00
1.739184856414794922e+00
3.708829879760742188e+00
2.644967138767242432e-01
6.341962814331054688e+00
8.609462380409240723e-01
2.377148389816284180e+00
1.835142135620117188e+00
1.195847749710083008e+00
2.368724346160888672e+00
1.453003168106079102e+00
2.455754756927490234e+00
1.986258387565612793e+00
2.721230030059814453e+00
2.023001670837402344e+00
2.441569328308105469e+00
2.275362014770507812e+00
2.161806106567382812e+00
2.729680538177490234e+00
1.720628738403320312e+00
2.028151988983154297e+00
2.791279315948486328e+00
2.191801548004150391e+00
2.039773941040039062e+00
2.908252716064453125e+00
2.286133289337158203e+00
1.730415105819702148e+00
2.470009326934814453e+00
2.374815464019775391e+00
1.491103053092956543e+00
3.405776500701904297e+00
2.255586385726928711e+00
1.274724245071411133e+00
2.733510255813598633e+00
2.097038507461547852e+00
2.078033685684204102e+00
2.235628128051757812e+00
1.823740720748901367e+00
2.402575016021728516e+00
2.159261226654052734e+00
2.280608892440795898e+00
2.163466691970825195e+00
2.004461288452148438e+00
2.257213115692138672e+00
2.270361900329589844e+00
1.765475511550903320e+00
1.988280534744262695e+00
2.274455785751342773e+00
2.124524116516113281e+00
1.989169239997863770e+00
2.488981485366821289e+00
2.049412727355957031e+00
2.686677455902099609e+00
1.814779996871948242e+00
1.900379896163940430e+00
2.500817537307739258e+00
1.888336300849914551e+00
2.289863586425781250e+00
2.059490680694580078e+00
1.788525581359863281e+00
2.636359691619873047e+00
1.240955352783203125e+00
2.324450969696044922e+00
1.434658050537109375e+00
3.173330783843994141e+00
1.113138079643249512e+00
2.259092807769775391e+00
2.719564437866210938e+00
7.066389322280883789e-01
3.396433591842651367e+00
7.738940715789794922e-01
4.082724571228027344e+00
2.033865451812744141e+00
1.777081012725830078e+00
3.469590902328491211e+00
8.713350296020507812e-01
2.561386108398437500e+00
1.689460039138793945e+00
2.666182041168212891e+00
1.241465091705322266e+00
2.133941888809204102e+00
2.539579868316650391e+00
2.199995040893554688e+00
1.558579325675964355e+00
2.797592639923095703e+00
2.516677618026733398e+00
1.423943519592285156e+00
2.165010213851928711e+00
2.380349636077880859e+00
1.861910939216613770e+00
2.906286001205444336e+00
2.010086536407470703e+00
1.950031876564025879e+00
2.009828090667724609e+00
2.257623195648193359e+00
2.275283813476562500e+00
1.883119583129882812e+00
1.853137254714965820e+00
2.473454952239990234e+00
2.254316329956054688e+00
2.190844297409057617e+00
2.358785390853881836e+00
2.370732784271240234e+00
2.673768758773803711e+00
1.995681405067443848e+00
2.273108005523681641e+00
2.047293663024902344e+00
1.949505090713500977e+00
2.169159889221191406e+00
2.034291267395019531e+00
2.099865436553955078e+00
2.505310058593750000e+00
1.019350647926330566e+00
3.449283123016357422e+00
4.496137797832489014e-01
4.325431823730468750e+00
1.207309961318969727e+00
3.004659175872802734e+00
1.762576818466186523e+00
2.283213138580322266e+00
1.360290527343750000e+00
2.364699363708496094e+00
2.040163516998291016e+00
1.748506426811218262e+00
2.332796573638916016e+00
1.957527160644531250e+00
1.964091777801513672e+00
3.070086479187011719e+00
1.936137437820434570e+00
1.769534230232238770e+00
2.099711894989013672e+00
2.595851421356201172e+00
1.396800994873046875e+00
2.169924736022949219e+00
2.474581241607666016e+00
1.901964783668518066e+00
2.018345117568969727e+00
2.376683950424194336e+00
1.565858244895935059e+00
2.846072912216186523e+00
1.622252464294433594e+00
2.200730562210083008e+00
2.471531867980957031e+00
2.049215316772460938e+00
2.492372035980224609e+00
1.842110157012939453e+00
1.997425556182861328e+00
2.467415571212768555e+00
1.971282720565795898e+00
1.854003071784973145e+00
2.148627758026123047e+00
2.329860687255859375e+00
1.817305088043212891e+00
2.599694728851318359e+00
2.073171615600585938e+00
2.016489982604980469e+00
2.065733671188354492e+00
2.314067840576171875e+00
1.638480663299560547e+00
2.346990346908569336e+00
2.106711864471435547e+00
2.220074892044067383e+00
1.510100603103637695e+00
2.731656551361083984e+00
1.683239936828613281e+00
1.948335170745849609e+00
2.484445333480834961e+00
2.027353763580322266e+00
2.405220031738281250e+00
1.870060682296752930e+00
2.030785560607910156e+00
2.647570610046386719e+00
1.708727121353149414e+00
2.520774364471435547e+00
1.984315633773803711e+00
2.634504795074462891e+00
2.447027206420898438e+00
2.250617980957031250e+00
2.292445898056030273e+00
2.819356918334960938e+00
1.994922041893005371e+00
2.478920221328735352e+00
2.239432573318481445e+00
2.782768726348876953e+00
1.610679388046264648e+00
3.081745624542236328e+00
2.004497289657592773e+00
2.751070022583007812e+00
1.664058327674865723e+00
3.026053190231323242e+00
1.062851667404174805e+00
4.383146286010742188e+00
3.380129337310791016e-01
4.865923881530761719e+00
1.125102996826171875e+00
3.401661872863769531e+00
9.970688223838806152e-01
2.397172212600708008e+00
1.793175816535949707e+00
1.921805143356323242e+00
2.250446081161499023e+00
1.956307172775268555e+00
1.558630943298339844e+00
2.710796833038330078e+00
1.989896774291992188e+00
1.777148723602294922e+00
2.429450035095214844e+00
2.007923603057861328e+00
1.752038717269897461e+00
2.325825214385986328e+00
2.593267917633056641e+00
1.810843110084533691e+00
2.230311155319213867e+00
1.990661025047302246e+00
2.331900119781494141e+00
2.262176990509033203e+00
1.681249618530273438e+00
2.486681938171386719e+00
2.040700435638427734e+00
2.485351562500000000e+00
2.144463539123535156e+00
1.867163181304931641e+00
2.132696628570556641e+00
2.516780376434326172e+00
1.663912773132324219e+00
2.013798475265502930e+00
2.393655776977539062e+00
1.849934339523315430e+00
1.828285574913024902e+00
2.773713350296020508e+00
1.543631076812744141e+00
2.083218097686767578e+00
1.991271972656250000e+00
2.542904376983642578e+00
2.325717449188232422e+00
1.466594815254211426e+00
2.460639953613281250e+00
2.138966321945190430e+00
1.904234051704406738e+00
2.149919986724853516e+00
1.405725717544555664e+00
2.782623052597045898e+00
1.425301313400268555e+00
2.817807674407958984e+00
1.425093650817871094e+00
2.762182474136352539e+00
2.047782421112060547e+00
2.112474918365478516e+00
2.249850034713745117e+00
2.112627506256103516e+00
2.123278379440307617e+00
2.607614517211914062e+00
2.077997446060180664e+00
2.328830242156982422e+00
2.069101333618164062e+00
2.192914485931396484e+00
2.191622734069824219e+00
2.346093893051147461e+00
1.853231906890869141e+00
3.032033443450927734e+00
1.790657520294189453e+00
2.157604455947875977e+00
2.241772651672363281e+00
2.233390808105468750e+00
1.901977539062500000e+00
2.592755317687988281e+00
1.694149494171142578e+00
2.105146169662475586e+00
1.863677501678466797e+00
2.785171985626220703e+00
1.604016304016113281e+00
2.687065601348876953e+00
1.782245278358459473e+00
2.926901340484619141e+00
1.572877526283264160e+00
3.407963514328002930e+00
1.182353734970092773e+00
2.962171554565429688e+00
2.229151725769042969e+00
2.013178825378417969e+00
2.555892944335937500e+00
1.565140008926391602e+00
2.467967510223388672e+00
2.506824016571044922e+00
1.645755529403686523e+00
2.814983367919921875e+00
2.113743782043457031e+00
2.468647003173828125e+00
2.022761106491088867e+00
2.460778713226318359e+00
2.518539190292358398e+00
1.659510850906372070e+00
2.146014690399169922e+00
2.005679368972778320e+00
2.516789913177490234e+00
1.790790796279907227e+00
2.367767333984375000e+00
2.038833856582641602e+00
2.211185216903686523e+00
2.573268413543701172e+00
1.676707506179809570e+00
2.739172458648681641e+00
1.449152708053588867e+00
2.868633508682250977e+00
1.571153998374938965e+00
2.522855520248413086e+00
2.182704448699951172e+00
2.290953636169433594e+00
2.090657234191894531e+00
2.130107641220092773e+00
2.621400356292724609e+00
1.447663068771362305e+00
2.664382934570312500e+00
2.104680061340332031e+00
2.187152147293090820e+00
1.965508103370666504e+00
2.076519012451171875e+00
2.553258657455444336e+00
1.846085786819458008e+00
2.192383527755737305e+00
2.611620903015136719e+00
1.798597574234008789e+00
2.650073051452636719e+00
2.020500183105468750e+00
2.396372079849243164e+00
2.013423442840576172e+00
2.686245441436767578e+00
1.890190124511718750e+00
2.304699420928955078e+00
2.574955940246582031e+00
1.578952431678771973e+00
2.659004926681518555e+00
2.167877435684204102e+00
2.273856878280639648e+00
2.378882646560668945e+00
2.369251728057861328e+00
2.121019840240478516e+00
2.567151546478271484e+00
1.760049581527709961e+00
1.852456569671630859e+00
2.955618858337402344e+00
1.751442193984985352e+00
2.444919109344482422e+00
2.172850131988525391e+00
1.855666160583496094e+00
2.811177492141723633e+00
2.237265586853027344e+00
2.137152671813964844e+00
2.447987556457519531e+00
1.664216279983520508e+00
2.452248096466064453e+00
2.899851799011230469e+00
1.163037538528442383e+00
3.104514122009277344e+00
1.859473109245300293e+00
2.514003038406372070e+00
2.133706808090209961e+00
2.590633869171142578e+00
1.633907794952392578e+00
2.919433593750000000e+00
2.411025762557983398e+00
1.959314465522766113e+00
2.993854522705078125e+00
2.338623285293579102e+00
2.726463556289672852e+00
2.817325592041015625e+00
2.334227085113525391e+00
3.020688533782958984e+00
2.894943475723266602e+00
2.052097082138061523e+00
3.023987293243408203e+00
1.889618873596191406e+00
2.994558334350585938e+00
1.611705064773559570e+00
3.068130493164062500e+00
2.039347648620605469e+00
2.767970085144042969e+00
2.021434545516967773e+00
2.513534784317016602e+00
1.572747588157653809e+00
3.513006925582885742e+00
1.672632694244384766e+00
2.392264366149902344e+00
2.475123405456542969e+00
2.154465198516845703e+00
2.398485660552978516e+00
2.025521516799926758e+00
3.126350879669189453e+00
1.617032170295715332e+00
2.680747509002685547e+00
1.715239286422729492e+00
2.340540409088134766e+00
1.564456820487976074e+00
3.838888883590698242e+00
9.556138515472412109e-02
4.979497432708740234e+00
5.027725696563720703e-01
3.395676136016845703e+00
2.208253145217895508e+00
2.094246387481689453e+00
2.103777885437011719e+00
1.921649932861328125e+00
2.455813169479370117e+00
2.088439464569091797e+00
1.922178268432617188e+00
2.667340278625488281e+00
2.178621530532836914e+00
1.853611707687377930e+00
2.385564804077148438e+00
1.835907936096191406e+00
2.055639505386352539e+00
2.615960359573364258e+00
2.263028621673583984e+00
1.937450528144836426e+00
2.256984233856201172e+00
2.426117897033691406e+00
1.817093372344970703e+00
2.079808712005615234e+00
2.337950229644775391e+00
2.344491004943847656e+00
2.046064138412475586e+00
2.307003736495971680e+00
2.185656309127807617e+00
2.797480583190917969e+00
1.769454240798950195e+00
2.389474868774414062e+00
2.779228210449218750e+00
1.491793990135192871e+00
2.625617980957031250e+00
2.335198879241943359e+00
2.818094730377197266e+00
2.306441307067871094e+00
2.111274957656860352e+00
2.274533271789550781e+00
2.262176513671875000e+00
2.496776342391967773e+00
1.848752260208129883e+00
2.345989227294921875e+00
2.243477821350097656e+00
2.172440528869628906e+00
2.207729339599609375e+00
1.977344036102294922e+00
2.145067214965820312e+00
2.809450626373291016e+00
1.784873366355895996e+00
2.234074831008911133e+00
2.431636333465576172e+00
2.116145849227905273e+00
2.133816242218017578e+00
2.677540540695190430e+00
1.962476968765258789e+00
2.285750865936279297e+00
2.501979589462280273e+00
1.638622522354125977e+00
2.447380065917968750e+00
1.042927503585815430e+00
2.916920185089111328e+00
3.563495576381683350e-01
5.447435379028320312e+00
8.381657600402832031e-01
2.610206842422485352e+00
1.194313049316406250e+00
1.831801652908325195e+00
1.940974831581115723e+00
9.611397981643676758e-01
2.754508256912231445e+00
1.799764752388000488e+00
2.325985908508300781e+00
2.199542760848999023e+00
1.771983623504638672e+00
2.763111114501953125e+00
1.900711297988891602e+00
2.181476116180419922e+00
2.128356456756591797e+00
1.954538345336914062e+00
2.861043930053710938e+00
1.417705178260803223e+00
2.550065517425537109e+00
1.863662362098693848e+00
2.250804662704467773e+00
2.642055273056030273e+00
2.271040439605712891e+00
2.038280963897705078e+00
2.154554367065429688e+00
1.977196574211120605e+00
2.491593837738037109e+00
2.319968223571777344e+00
1.724823236465454102e+00
2.521395444869995117e+00
2.159823656082153320e+00
2.183913230895996094e+00
2.596505880355834961e+00
2.242140769958496094e+00
1.964836478233337402e+00
2.811082363128662109e+00
1.576641321182250977e+00
2.797130107879638672e+00
1.908699035644531250e+00
2.599840164184570312e+00
1.895303726196289062e+00
2.792861461639404297e+00
1.260044097900390625e+00
3.610183238983154297e+00
1.761276960372924805e+00
3.053529977798461914e+00
1.292600989341735840e+00
3.030846834182739258e+00
1.905001282691955566e+00
2.526408672332763672e+00
2.412424087524414062e+00
2.294728279113769531e+00
2.019967794418334961e+00
1.915600299835205078e+00
2.413791656494140625e+00
2.315350532531738281e+00
2.074104309082031250e+00
2.382789611816406250e+00
1.797303915023803711e+00
2.193953514099121094e+00
2.342071771621704102e+00
2.000759363174438477e+00
2.279301166534423828e+00
2.035355567932128906e+00
2.114455461502075195e+00
2.754932165145874023e+00
2.186906099319458008e+00
1.675624966621398926e+00
2.665897369384765625e+00
1.085070133209228516e+00
4.449086189270019531e+00
3.924924433231353760e-01
3.816808938980102539e+00
1.601177573204040527e+00
2.590636014938354492e+00
2.854724407196044922e+00
2.209656000137329102e+00
2.133826732635498047e+00
1.909570336341857910e+00
2.755914688110351562e+00
1.053987741470336914e+00
3.516798019409179688e+00
9.943013191223144531e-01
3.442876338958740234e+00
1.764778375625610352e+00
1.923841714859008789e+00
2.977273941040039062e+00
1.748834609985351562e+00
2.205573081970214844e+00
2.398614883422851562e+00
1.512188673019409180e+00
2.481810808181762695e+00
2.217856884002685547e+00
2.109650850296020508e+00
2.172988891601562500e+00
2.331017017364501953e+00
2.241503238677978516e+00
2.345256805419921875e+00
1.984148502349853516e+00
1.687201261520385742e+00
2.604097843170166016e+00
2.160908937454223633e+00
2.185244321823120117e+00
2.438212633132934570e+00
2.176932334899902344e+00
2.075842380523681641e+00
2.617530345916748047e+00
2.604170799255371094e+00
2.313378810882568359e+00
2.317046165466308594e+00
2.728579998016357422e+00
1.913713216781616211e+00
2.589749813079833984e+00
1.607793450355529785e+00
2.246902942657470703e+00
2.352496385574340820e+00
1.941786170005798340e+00
2.419584035873413086e+00
2.505180835723876953e+00
1.629349827766418457e+00
3.077244997024536133e+00
1.577065467834472656e+00
2.647060394287109375e+00
2.514461994171142578e+00
2.076019287109375000e+00
1.628754496574401855e+00
2.544950008392333984e+00
1.755417585372924805e+00
2.398824691772460938e+00
2.200491428375244141e+00
2.112351417541503906e+00
1.971736907958984375e+00
2.364421367645263672e+00
2.326952219009399414e+00
1.739854216575622559e+00
2.775359153747558594e+00
1.561332345008850098e+00
2.981130599975585938e+00
9.586992263793945312e-01
4.017059326171875000e+00
1.717346549034118652e+00
2.034144878387451172e+00
2.373745441436767578e+00
2.656704664230346680e+00
2.422438621520996094e+00
2.688880205154418945e+00
1.799666643142700195e+00
2.668040513992309570e+00
1.510157346725463867e+00
2.722826004028320312e+00
2.303690671920776367e+00
2.308410167694091797e+00
2.220108032226562500e+00
2.055122852325439453e+00
2.181098937988281250e+00
2.892845153808593750e+00
9.780595302581787109e-01
2.749339103698730469e+00
2.380461215972900391e+00
1.839935660362243652e+00
2.246237277984619141e+00
2.479601383209228516e+00
2.363637447357177734e+00
2.699774503707885742e+00
1.717952728271484375e+00
2.678317546844482422e+00
2.054427146911621094e+00
2.039283037185668945e+00
2.464830398559570312e+00
2.905259132385253906e+00
1.779763936996459961e+00
3.526862859725952148e+00
7.953482866287231445e-01
4.252985954284667969e+00
1.603225946426391602e+00
2.831230878829956055e+00
3.234581232070922852e+00
2.191983222961425781e+00
2.147030353546142578e+00
2.621174335479736328e+00
2.491744518280029297e+00
1.553928375244140625e+00
2.341299057006835938e+00
2.372701406478881836e+00
2.384366512298583984e+00
2.175993442535400391e+00
2.366580009460449219e+00
1.435626029968261719e+00
2.697209835052490234e+00
1.520475625991821289e+00
2.501571178436279297e+00
1.823264718055725098e+00
2.214102745056152344e+00
1.955765962600708008e+00
2.347522258758544922e+00
1.709788441658020020e+00
2.505977153778076172e+00
1.662698984146118164e+00
2.496967315673828125e+00
2.365034580230712891e+00
1.773295879364013672e+00
2.555720806121826172e+00
2.263937473297119141e+00
1.701322555541992188e+00
2.383690118789672852e+00
1.960543751716613770e+00
1.957298040390014648e+00
2.155034780502319336e+00
2.285652637481689453e+00
1.903053522109985352e+00
2.086313724517822266e+00
2.033778429031372070e+00
2.078584671020507812e+00
2.132461547851562500e+00
1.929665327072143555e+00
1.801981210708618164e+00
2.495944499969482422e+00
2.302207708358764648e+00
1.863204002380371094e+00
2.171031713485717773e+00
2.291076660156250000e+00
2.353690147399902344e+00
1.683222889900207520e+00
2.425544738769531250e+00
1.882746219635009766e+00
2.132946491241455078e+00
1.942756772041320801e+00
1.744356870651245117e+00
2.326449394226074219e+00
1.681876778602600098e+00
2.464716672897338867e+00
2.262942790985107422e+00
1.983694791793823242e+00
2.100599765777587891e+00
2.387699365615844727e+00
2.610184192657470703e+00
8.679516315460205078e-01
2.783644199371337891e+00
9.911473393440246582e-01
3.629867076873779297e+00
1.350535392761230469e+00
2.801802158355712891e+00
2.240124940872192383e+00
1.807851076126098633e+00
2.273961305618286133e+00
2.025225400924682617e+00
1.719610214233398438e+00
2.415256023406982422e+00
2.524151086807250977e+00
1.685985088348388672e+00
2.491149663925170898e+00
1.914755344390869141e+00
2.476740360260009766e+00
2.734789371490478516e+00
1.696966290473937988e+00
2.923590660095214844e+00
1.145094633102416992e+00
2.691478252410888672e+00
3.722250163555145264e-01
5.855400085449218750e+00
1.819761991500854492e+00
1.332783460617065430e+00
3.692827224731445312e+00
1.130279064178466797e+00
2.456482410430908203e+00
2.707469701766967773e+00
1.618970036506652832e+00
2.661095619201660156e+00
1.989399433135986328e+00
2.240157604217529297e+00
2.199705123901367188e+00
1.928373336791992188e+00
2.444670677185058594e+00
1.901578307151794434e+00
2.655230760574340820e+00
1.605113148689270020e+00
2.511416196823120117e+00
2.331770181655883789e+00
1.765854358673095703e+00
2.696074962615966797e+00
2.016733407974243164e+00
2.215579748153686523e+00
2.061911344528198242e+00
2.490797042846679688e+00
2.517131090164184570e+00
2.124943733215332031e+00
2.090063333511352539e+00
2.955890178680419922e+00
1.988408684730529785e+00
2.246720790863037109e+00
2.632663726806640625e+00
2.595894813537597656e+00
1.943695783615112305e+00
2.236694812774658203e+00
2.825955152511596680e+00
1.417630672454833984e+00
1.994214773178100586e+00
2.834001302719116211e+00
2.342316865921020508e+00
2.417640686035156250e+00
2.273801088333129883e+00
2.138113498687744141e+00
2.734373092651367188e+00
1.864287018775939941e+00
2.113822460174560547e+00
2.570067405700683594e+00
2.316424846649169922e+00
1.962992668151855469e+00
2.713076114654541016e+00
1.412216663360595703e+00
2.460116863250732422e+00
2.480851888656616211e+00
2.066505908966064453e+00
2.427293300628662109e+00
1.540116190910339355e+00
2.746093273162841797e+00
1.537715792655944824e+00
3.012092590332031250e+00
1.574385404586791992e+00
2.231684207916259766e+00
2.446144819259643555e+00
1.981960773468017578e+00
2.257856845855712891e+00
2.398107051849365234e+00
1.844371080398559570e+00
2.146744012832641602e+00
1.869682192802429199e+00
2.787856340408325195e+00
1.580651998519897461e+00
2.633470773696899414e+00
2.402612686157226562e+00
1.265507936477661133e+00
3.297465324401855469e+00
1.759207367897033691e+00
2.613447427749633789e+00
2.450256109237670898e+00
1.871323347091674805e+00
2.197369575500488281e+00
2.700136423110961914e+00
1.959391355514526367e+00
2.123650074005126953e+00
2.431957244873046875e+00
1.666525721549987793e+00
2.270278692245483398e+00
2.256070613861083984e+00
1.504270792007446289e+00
2.941731929779052734e+00
2.191858053207397461e+00
2.067337512969970703e+00
2.972482204437255859e+00
1.063089013099670410e+00
2.986247539520263672e+00
7.187684774398803711e-01
2.947058677673339844e+00
1.912885904312133789e+00
2.786563158035278320e+00
1.711337804794311523e+00
2.963186264038085938e+00
1.891214966773986816e+00
2.141523122787475586e+00
2.289490699768066406e+00
1.719754457473754883e+00
2.435648918151855469e+00
1.731063604354858398e+00
2.135451316833496094e+00
2.406208992004394531e+00
2.112838745117187500e+00
2.198295593261718750e+00
2.257798194885253906e+00
1.753196358680725098e+00
2.542882442474365234e+00
3.276968002319335938e+00
2.068367004394531250e+00
2.599227905273437500e+00
2.285959959030151367e+00
2.393954992294311523e+00
1.925972461700439453e+00
2.561859369277954102e+00
3.055221557617187500e+00
2.105437517166137695e+00
2.340517759323120117e+00
2.430091381072998047e+00
2.420598506927490234e+00
2.448311328887939453e+00
2.084001541137695312e+00
2.195771932601928711e+00
2.407330036163330078e+00
1.866927742958068848e+00
2.473345518112182617e+00
2.623705387115478516e+00
2.503793239593505859e+00
2.155946969985961914e+00
2.592396020889282227e+00
2.629880905151367188e+00
1.837381601333618164e+00
2.492145299911499023e+00
2.304529190063476562e+00
1.455909490585327148e+00
3.182682037353515625e+00
1.319422960281372070e+00
3.183582067489624023e+00
1.560508728027343750e+00
2.439906597137451172e+00
1.889722585678100586e+00
3.344991445541381836e+00
1.050361037254333496e+00
3.632986545562744141e+00
1.379391431808471680e+00
3.126069068908691406e+00
6.804789304733276367e-01
4.054528236389160156e+00
1.616343736648559570e+00
2.415594577789306641e+00
2.653742313385009766e+00
1.029138684272766113e+00
3.404518604278564453e+00
1.133378386497497559e+00
3.366623878479003906e+00
1.266288518905639648e+00
2.232188224792480469e+00
2.244141578674316406e+00
2.146145820617675781e+00
2.108756542205810547e+00
2.054051876068115234e+00
2.336106300354003906e+00
1.708744525909423828e+00
2.327609539031982422e+00
1.471283435821533203e+00
2.705760002136230469e+00
1.670034050941467285e+00
2.271951198577880859e+00
2.811153411865234375e+00
2.185424089431762695e+00
2.191660881042480469e+00
2.096235275268554688e+00
2.512536048889160156e+00
1.723213076591491699e+00
2.724147558212280273e+00
1.803662300109863281e+00
2.364631175994873047e+00
2.536345005035400391e+00
1.646144390106201172e+00
2.134888648986816406e+00
2.647478818893432617e+00
2.187940597534179688e+00
1.797358512878417969e+00
1.792057752609252930e+00
1.979253768920898438e+00
2.741732835769653320e+00
1.964978098869323730e+00
2.026716709136962891e+00
2.392018079757690430e+00
2.284326791763305664e+00
1.334259748458862305e+00
2.445116519927978516e+00
2.373440265655517578e+00
1.959710001945495605e+00
2.249605655670166016e+00
2.107263088226318359e+00
2.349272727966308594e+00
2.839278697967529297e+00
1.174237489700317383e+00
3.038969039916992188e+00
1.152839183807373047e+00
3.328862667083740234e+00
9.705244302749633789e-01
3.783952236175537109e+00
1.771381616592407227e+00
1.956074237823486328e+00
2.894823074340820312e+00
1.382306337356567383e+00
2.852696895599365234e+00
1.245164155960083008e+00
3.352067470550537109e+00
1.931829452514648438e+00
2.117063283920288086e+00
2.678127765655517578e+00
1.531910896301269531e+00
3.376580238342285156e+00
1.532287955284118652e+00
2.585131406784057617e+00
3.234962463378906250e+00
1.320190906524658203e+00
2.553160190582275391e+00
2.762804985046386719e+00
1.819584965705871582e+00
2.018126487731933594e+00
2.626626014709472656e+00
1.653303861618041992e+00
2.357158660888671875e+00
2.010222673416137695e+00
2.542675256729125977e+00
2.029966831207275391e+00
2.384884834289550781e+00
1.435887575149536133e+00
2.858634471893310547e+00
2.742695331573486328e+00
1.691780805587768555e+00
2.599273681640625000e+00
2.162679195404052734e+00
2.051456451416015625e+00
2.663854122161865234e+00
1.581586122512817383e+00
2.011613845825195312e+00
2.146043300628662109e+00
2.109274864196777344e+00
2.029085397720336914e+00
2.264908313751220703e+00
1.684624552726745605e+00
3.399446010589599609e+00
1.029858112335205078e+00
2.770855903625488281e+00
2.426534175872802734e+00
1.556592464447021484e+00
2.989487648010253906e+00
2.241490602493286133e+00
1.551934719085693359e+00
2.996234893798828125e+00
2.230840921401977539e+00
1.841627001762390137e+00
3.347837448120117188e+00
1.172777533531188965e+00
2.922214269638061523e+00
2.161830902099609375e+00
2.061870098114013672e+00
2.329563617706298828e+00
1.896165847778320312e+00
2.348249435424804688e+00
2.189089298248291016e+00
2.240747451782226562e+00
2.471959590911865234e+00
2.018942832946777344e+00
1.951830625534057617e+00
2.971685886383056641e+00
1.511453151702880859e+00
2.480977773666381836e+00
1.564469814300537109e+00
2.447501420974731445e+00
1.984343886375427246e+00
2.793961524963378906e+00
1.980206251144409180e+00
2.046752452850341797e+00
2.938616037368774414e+00
1.583395957946777344e+00
1.977514505386352539e+00
3.262796878814697266e+00
1.526348710060119629e+00
2.417757034301757812e+00
2.250747442245483398e+00
3.332004547119140625e+00
1.412361025810241699e+00
2.975637912750244141e+00
1.833322286605834961e+00
2.680253505706787109e+00
2.442605495452880859e+00
1.319715976715087891e+00
3.117212295532226562e+00
1.965857863426208496e+00
1.430368900299072266e+00
2.891427516937255859e+00
1.486500024795532227e+00
1.770565390586853027e+00
2.765220165252685547e+00
1.553243160247802734e+00
2.006961107254028320e+00
2.347503662109375000e+00
1.927739858627319336e+00
1.833500504493713379e+00
2.401317596435546875e+00
1.958856821060180664e+00
1.969280719757080078e+00
2.505850315093994141e+00
1.748025655746459961e+00
2.139193773269653320e+00
2.176002502441406250e+00
1.855568408966064453e+00
2.204078197479248047e+00
2.121253490447998047e+00
1.995343923568725586e+00
1.816328763961791992e+00
2.205451011657714844e+00
1.750785827636718750e+00
2.643384933471679688e+00
1.518744230270385742e+00
2.362152099609375000e+00
1.810204267501831055e+00
2.531698703765869141e+00
1.348756074905395508e+00
3.144726753234863281e+00
6.514905691146850586e-01
3.862417936325073242e+00
1.601719617843627930e+00
1.630707979202270508e+00
2.819112777709960938e+00
1.678184390068054199e+00
2.586073160171508789e+00
1.841405391693115234e+00
2.278710842132568359e+00
1.866463899612426758e+00
2.106966495513916016e+00
1.815098047256469727e+00
2.266692161560058594e+00
1.875778198242187500e+00
1.789103269577026367e+00
2.558485746383666992e+00
2.366291999816894531e+00
1.662470340728759766e+00
2.558435916900634766e+00
1.766824007034301758e+00
2.479780912399291992e+00
2.021516323089599609e+00
2.027630805969238281e+00
2.353094100952148438e+00
1.716087698936462402e+00
2.753358364105224609e+00
1.955518722534179688e+00
1.709905505180358887e+00
2.540969133377075195e+00
1.971595764160156250e+00
1.775421142578125000e+00
2.134894132614135742e+00
2.220590829849243164e+00
1.845195293426513672e+00
1.918533325195312500e+00
1.987277984619140625e+00
1.921135067939758301e+00
2.366557598114013672e+00
1.769083023071289062e+00
2.617872714996337891e+00
2.201351642608642578e+00
1.747821569442749023e+00
2.534142255783081055e+00
8.558805584907531738e-01
4.658079624176025391e+00
5.564739108085632324e-01
3.302462577819824219e+00
8.309426307678222656e-01
1.880584955215454102e+00
1.668865919113159180e+00
1.709819555282592773e+00
1.643859148025512695e+00
1.864958405494689941e+00
2.107410907745361328e+00
1.669451236724853516e+00
1.538318872451782227e+00
2.513494491577148438e+00
1.643492221832275391e+00
1.831174373626708984e+00
2.363489627838134766e+00
1.445393323898315430e+00
2.548093318939208984e+00
1.643963694572448730e+00
2.421522140502929688e+00
1.881951689720153809e+00
2.418434619903564453e+00
1.927051782608032227e+00
2.019538402557373047e+00
2.384622097015380859e+00
2.127110242843627930e+00
1.841883182525634766e+00
1.455425143241882324e+00
2.691499233245849609e+00
1.711754798889160156e+00
2.210573911666870117e+00
9.118798971176147461e-01
3.399318695068359375e+00
1.583623886108398438e+00
2.393767595291137695e+00
2.474938392639160156e+00
2.051769256591796875e+00
2.425851345062255859e+00
1.931018233299255371e+00
2.257891178131103516e+00
2.177565813064575195e+00
1.952408313751220703e+00
2.175585985183715820e+00
1.927111387252807617e+00
2.527368068695068359e+00
1.644655585289001465e+00
2.609635829925537109e+00
1.130854129791259766e+00
3.105599880218505859e+00
1.444678544998168945e+00
2.446048259735107422e+00
1.740792512893676758e+00
1.919907569885253906e+00
2.701472759246826172e+00
1.377956628799438477e+00
2.088594436645507812e+00
2.669929504394531250e+00
1.749895334243774414e+00
1.916716217994689941e+00
2.228572845458984375e+00
1.806884527206420898e+00
2.754556655883789062e+00
1.789660215377807617e+00
2.002954959869384766e+00
2.060543775558471680e+00
2.125523567199707031e+00
1.994217753410339355e+00
1.529104709625244141e+00
2.632455348968505859e+00
8.302189111709594727e-01
4.161889553070068359e+00
1.063891649246215820e+00
2.227090835571289062e+00
2.607417345046997070e+00
1.654770374298095703e+00
2.212077617645263672e+00
2.484605550765991211e+00
1.365449666976928711e+00
2.410807609558105469e+00
2.661606550216674805e+00
1.922366023063659668e+00
2.388367652893066406e+00
1.968671917915344238e+00
2.357301712036132812e+00
2.001981258392333984e+00
1.851469516754150391e+00
2.636458873748779297e+00
1.472685813903808594e+00
2.956254482269287109e+00
2.587257862091064453e+00
1.512805461883544922e+00
2.969043493270874023e+00
2.377277374267578125e+00
1.774835467338562012e+00
3.512720108032226562e+00
1.064888000488281250e+00
3.521516084671020508e+00
1.578703165054321289e+00
3.064758300781250000e+00
2.378602027893066406e+00
2.018857479095458984e+00
2.581014871597290039e+00
2.486498594284057617e+00
2.266228675842285156e+00
1.853526473045349121e+00
2.951098918914794922e+00
1.875854253768920898e+00
2.502675294876098633e+00
1.883949756622314453e+00
3.091371059417724609e+00
2.102407932281494141e+00
2.427321910858154297e+00
2.304504632949829102e+00
2.316454410552978516e+00
2.311151504516601562e+00
2.683882236480712891e+00
2.188799858093261719e+00
2.493032455444335938e+00
1.948027372360229492e+00
2.031570911407470703e+00
2.237024784088134766e+00
1.626251101493835449e+00
2.725067853927612305e+00
1.803156375885009766e+00
2.260157346725463867e+00
2.568955421447753906e+00
2.137628316879272461e+00
2.295405387878417969e+00
3.479651212692260742e+00
1.129722118377685547e+00
2.654043674468994141e+00
2.683616161346435547e+00
2.062964200973510742e+00
2.287512302398681641e+00
2.981976509094238281e+00
1.039416909217834473e+00
2.848309040069580078e+00
1.259365916252136230e+00
3.560498714447021484e+00
1.168716907501220703e+00
2.814469575881958008e+00
1.898663043975830078e+00
1.853315830230712891e+00
2.031419992446899414e+00
1.776414275169372559e+00
2.475361824035644531e+00
2.519556045532226562e+00
1.388584852218627930e+00
2.555545091629028320e+00
2.795957088470458984e+00
1.727823972702026367e+00
1.861380934715270996e+00
2.578833818435668945e+00
1.466506481170654297e+00
2.373661041259765625e+00
2.123679637908935547e+00
2.043167114257812500e+00
1.783393621444702148e+00
2.209670066833496094e+00
2.338099002838134766e+00
1.738979578018188477e+00
2.296714305877685547e+00
1.685699939727783203e+00
2.849590301513671875e+00
2.232199192047119141e+00
1.945322990417480469e+00
2.144523382186889648e+00
2.597823143005371094e+00
2.213076353073120117e+00
1.552617907524108887e+00
2.666233062744140625e+00
2.139564514160156250e+00
1.881055355072021484e+00
2.665249586105346680e+00
1.601744532585144043e+00
2.876276016235351562e+00
1.901306629180908203e+00
1.966152429580688477e+00
2.444120645523071289e+00
2.117534160614013672e+00
2.914330482482910156e+00
6.678459644317626953e-01
3.384884834289550781e+00
3.644289374351501465e-01
3.536990404129028320e+00
9.091748595237731934e-01
1.753997325897216797e+00
2.620894193649291992e+00
1.073056340217590332e+00
2.176778078079223633e+00
2.038014888763427734e+00
1.524369478225708008e+00
2.437584877014160156e+00
1.499081850051879883e+00
2.144474983215332031e+00
2.134421348571777344e+00
1.898666143417358398e+00
2.290621757507324219e+00
2.565660953521728516e+00
1.157917141914367676e+00
2.863135099411010742e+00
1.756103992462158203e+00
2.173007011413574219e+00
1.937666893005371094e+00
2.536283731460571289e+00
1.422997593879699707e+00
3.114351272583007812e+00
1.707449674606323242e+00
1.714128136634826660e+00
2.430767059326171875e+00
2.184574365615844727e+00
1.397473454475402832e+00
2.409174919128417969e+00
2.272052288055419922e+00
1.896079301834106445e+00
1.782488465309143066e+00
2.353330612182617188e+00
1.648494005203247070e+00
2.052200794219970703e+00
2.284471273422241211e+00
1.798740863800048828e+00
2.601161003112792969e+00
1.846167206764221191e+00
2.461416959762573242e+00
1.222681403160095215e+00
3.576431512832641602e+00
1.047791838645935059e+00
3.472874402999877930e+00
2.162741661071777344e+00
1.741408228874206543e+00
2.528947353363037109e+00
1.894560098648071289e+00
2.171396017074584961e+00
2.196993350982666016e+00
1.447756290435791016e+00
2.949446916580200195e+00
1.351318478584289551e+00
2.439317464828491211e+00
2.080502510070800781e+00
2.167422294616699219e+00
2.135894775390625000e+00
2.199836015701293945e+00
2.485951423645019531e+00
1.915933489799499512e+00
2.303562641143798828e+00
2.758340597152709961e+00
1.387583017349243164e+00
2.430483818054199219e+00
1.692474961280822754e+00
2.203933000564575195e+00
1.944428443908691406e+00
1.740329027175903320e+00
2.651901483535766602e+00
1.703404188156127930e+00
2.505635023117065430e+00
1.715294122695922852e+00
3.438750982284545898e+00
1.276426196098327637e+00
1.750189304351806641e+00
2.501814842224121094e+00
1.571906447410583496e+00
2.001311302185058594e+00
2.236553907394409180e+00
1.641069412231445312e+00
1.683329582214355469e+00
2.336037397384643555e+00
1.814767837524414062e+00
2.142069816589355469e+00
2.286346435546875000e+00
1.306479930877685547e+00
2.628506898880004883e+00
2.072320222854614258e+00
1.613926649093627930e+00
2.656267404556274414e+00
1.904589176177978516e+00
1.941856622695922852e+00
2.053663015365600586e+00
2.360601663589477539e+00
2.058377265930175781e+00
2.089185476303100586e+00
1.790657043457031250e+00
2.036096096038818359e+00
1.932990550994873047e+00
2.461694002151489258e+00
1.660128474235534668e+00
2.443414926528930664e+00
2.159799337387084961e+00
1.782957077026367188e+00
2.574652194976806641e+00
2.886692047119140625e+00
2.036755084991455078e+00
2.023283720016479492e+00
2.421716690063476562e+00
1.534623384475708008e+00
2.710330963134765625e+00
1.639627933502197266e+00
2.951712846755981445e+00
1.033831357955932617e+00
3.337180614471435547e+00
1.507752895355224609e+00
1.985534310340881348e+00
1.679972887039184570e+00
2.351947546005249023e+00
2.368998527526855469e+00
1.841981649398803711e+00
2.379449844360351562e+00
1.606918454170227051e+00
2.005404710769653320e+00
2.359184265136718750e+00
1.553271055221557617e+00
2.358494043350219727e+00
1.797334790229797363e+00
1.949922084808349609e+00
1.808433532714843750e+00
2.102793693542480469e+00
1.865977525711059570e+00
1.684054851531982422e+00
2.382963418960571289e+00
1.852288603782653809e+00
1.541942000389099121e+00
2.839409828186035156e+00
1.186068654060363770e+00
2.780694961547851562e+00
1.511813640594482422e+00
2.655122518539428711e+00
2.200084686279296875e+00
2.271494865417480469e+00
1.526831507682800293e+00
2.595616817474365234e+00
1.051482915878295898e+00
3.461484432220458984e+00
4.037799239158630371e-01
3.497057437896728516e+00
1.115505099296569824e+00
2.751457452774047852e+00
1.649019956588745117e+00
2.059277057647705078e+00
2.443721294403076172e+00
3.086635828018188477e+00
1.128482937812805176e+00
2.534647703170776367e+00
2.260568618774414062e+00
2.797845840454101562e+00
2.016011714935302734e+00
2.235591888427734375e+00
2.936950206756591797e+00
2.187127113342285156e+00
1.997181534767150879e+00
2.796231269836425781e+00
2.328447341918945312e+00
2.506087779998779297e+00
1.386141061782836914e+00
2.669085025787353516e+00
1.767159461975097656e+00
2.333205223083496094e+00
2.474591732025146484e+00
1.846485376358032227e+00
2.563924789428710938e+00
2.466897249221801758e+00
2.335257291793823242e+00
2.036740303039550781e+00
1.559993743896484375e+00
3.074806213378906250e+00
1.797349572181701660e+00
1.996934652328491211e+00
1.933162212371826172e+00
2.472632169723510742e+00
2.267915010452270508e+00
1.332394838333129883e+00
3.206403017044067383e+00
1.464949846267700195e+00
2.639874458312988281e+00
2.343652486801147461e+00
2.335047721862792969e+00
1.895651817321777344e+00
2.380554199218750000e+00
2.314052581787109375e+00
1.556924462318420410e+00
2.336611509323120117e+00
2.469115257263183594e+00
2.190190076828002930e+00
2.267634391784667969e+00
2.724560022354125977e+00
1.858803033828735352e+00
2.782335996627807617e+00
1.783730506896972656e+00
2.594688415527343750e+00
1.910059809684753418e+00
2.152773380279541016e+00
2.177422285079956055e+00
2.331096887588500977e+00
1.672550439834594727e+00
3.368440389633178711e+00
2.199062824249267578e+00
2.245604038238525391e+00
3.089969635009765625e+00
1.798138141632080078e+00
2.948769569396972656e+00
2.484792232513427734e+00
2.536875963211059570e+00
2.734055995941162109e+00
2.271288871765136719e+00
2.117386341094970703e+00
2.560635089874267578e+00
2.036875247955322266e+00
1.934973001480102539e+00
2.253681421279907227e+00
2.316567897796630859e+00
2.629279375076293945e+00
8.364393711090087891e-01
3.079847812652587891e+00
8.035431504249572754e-01
4.129464626312255859e+00
8.285591602325439453e-01
2.691790580749511719e+00
1.649575471878051758e+00
1.643642902374267578e+00
1.917403459548950195e+00
2.209286451339721680e+00
2.182729721069335938e+00
1.481535434722900391e+00
3.140484809875488281e+00
2.096343994140625000e+00
2.421736240386962891e+00
1.822138786315917969e+00
2.408774375915527344e+00
2.031564712524414062e+00
2.126302003860473633e+00
2.452517986297607422e+00
1.553434133529663086e+00
2.771135091781616211e+00
1.684348583221435547e+00
1.966215610504150391e+00
1.410787105560302734e+00
3.417784690856933594e+00
2.049360752105712891e+00
2.210531234741210938e+00
2.229569911956787109e+00
1.996051073074340820e+00
2.476489782333374023e+00
2.694366216659545898e+00
2.252723693847656250e+00
1.568901777267456055e+00
2.398687839508056641e+00
2.042687416076660156e+00
1.868495464324951172e+00
2.658929347991943359e+00
1.277696251869201660e+00
3.036890029907226562e+00
1.446056604385375977e+00
2.659180641174316406e+00
1.847368597984313965e+00
1.489538788795471191e+00
2.463215827941894531e+00
1.894180655479431152e+00
2.887045860290527344e+00
2.372415781021118164e+00
2.203761100769042969e+00
1.448175907135009766e+00
2.998559951782226562e+00
2.482083559036254883e+00
2.060529708862304688e+00
1.601353883743286133e+00
2.647430181503295898e+00
2.346404552459716797e+00
2.531205654144287109e+00
1.594913363456726074e+00
3.266181945800781250e+00
7.209154367446899414e-01
3.907598972320556641e+00
1.594672679901123047e+00
2.395226001739501953e+00
2.175764083862304688e+00
2.427249431610107422e+00
1.847421526908874512e+00
2.838408470153808594e+00
1.341722846031188965e+00
2.530030250549316406e+00
1.797178387641906738e+00
2.714915037155151367e+00
2.117579221725463867e+00
2.068730592727661133e+00
2.115323543548583984e+00
1.477779507637023926e+00
3.110445499420166016e+00
7.487939596176147461e-01
3.060015201568603516e+00
1.569420933723449707e+00
1.757084488868713379e+00
2.626021146774291992e+00
2.072655439376831055e+00
1.614686965942382812e+00
2.291165828704833984e+00
1.984758019447326660e+00
2.395357370376586914e+00
2.135458946228027344e+00
2.049428939819335938e+00
2.593468666076660156e+00
2.250507831573486328e+00
1.740356683731079102e+00
2.596067905426025391e+00
2.240788221359252930e+00
1.972106456756591797e+00
2.378428220748901367e+00
1.690649867057800293e+00
2.564935207366943359e+00
2.418485164642333984e+00
1.630952596664428711e+00
1.822207570075988770e+00
2.493150711059570312e+00
1.576140522956848145e+00
2.148146152496337891e+00
2.237950801849365234e+00
1.490525245666503906e+00
2.501578807830810547e+00
1.985994696617126465e+00
1.885954618453979492e+00
1.711943864822387695e+00
2.049173831939697266e+00
1.942334294319152832e+00
1.981388568878173828e+00
2.061867237091064453e+00
1.884930968284606934e+00
1.879803419113159180e+00
2.034507274627685547e+00
2.611181735992431641e+00
1.404607772827148438e+00
2.243748188018798828e+00
2.386084079742431641e+00
1.864331841468811035e+00
2.061698436737060547e+00
2.293187141418457031e+00
1.888233184814453125e+00
1.959464430809020996e+00
2.150705099105834961e+00
1.957914829254150391e+00
2.564746856689453125e+00
9.092216491699218750e-01
3.538979053497314453e+00
9.380311965942382812e-01
2.537665843963623047e+00
2.600033760070800781e+00
1.639537572860717773e+00
2.718647956848144531e+00
1.907500267028808594e+00
1.855212211608886719e+00
2.566140413284301758e+00
1.807172775268554688e+00
2.735059261322021484e+00
1.335637807846069336e+00
2.905696868896484375e+00
1.791434884071350098e+00
2.534883022308349609e+00
1.715184330940246582e+00
2.566167593002319336e+00
2.596706867218017578e+00
2.422199726104736328e+00
1.096562147140502930e+00
2.526424407958984375e+00
3.299789905548095703e+00
1.282899618148803711e+00
2.510179519653320312e+00
2.630135774612426758e+00
1.733414173126220703e+00
2.715181350708007812e+00
2.331962347030639648e+00
1.602002859115600586e+00
3.160184383392333984e+00
1.627319931983947754e+00
2.225753545761108398e+00
1.652704000473022461e+00
2.541303634643554688e+00
1.994522213935852051e+00
2.139153480529785156e+00
2.371442794799804688e+00
1.416694641113281250e+00
2.988474130630493164e+00
8.752349019050598145e-01
2.679203987121582031e+00
1.964726209640502930e+00
2.080871343612670898e+00
1.991841316223144531e+00
1.989520430564880371e+00
1.542616605758666992e+00
2.472770690917968750e+00
1.925496697425842285e+00
1.803280353546142578e+00
2.259368896484375000e+00
2.407339572906494141e+00
1.766073465347290039e+00
2.275033950805664062e+00
2.240605592727661133e+00
1.524088859558105469e+00
2.138643503189086914e+00
2.508032083511352539e+00
1.970754623413085938e+00
2.153273582458496094e+00
2.224710941314697266e+00
1.988035798072814941e+00
1.612157464027404785e+00
2.130304336547851562e+00
2.439307212829589844e+00
2.392144203186035156e+00
1.918714046478271484e+00
2.344844102859497070e+00
2.044735431671142578e+00
1.554750680923461914e+00
2.166849374771118164e+00
2.271219968795776367e+00
1.904168605804443359e+00
2.191329956054687500e+00
2.040221214294433594e+00
2.305523395538330078e+00
2.577947616577148438e+00
1.845024585723876953e+00
2.418403387069702148e+00
2.036008358001708984e+00
1.888084888458251953e+00
2.484545469284057617e+00
1.057131528854370117e+00
3.140909433364868164e+00
1.282970428466796875e+00
3.200502395629882812e+00
1.785431623458862305e+00
2.256778001785278320e+00
2.403157711029052734e+00
1.895966768264770508e+00
2.365714311599731445e+00
2.353835105895996094e+00
2.057276725769042969e+00
2.295335769653320312e+00
2.413475036621093750e+00
1.955424308776855469e+00
2.684307575225830078e+00
1.463913083076477051e+00
3.040869712829589844e+00
1.397115111351013184e+00
2.061688184738159180e+00
2.154721260070800781e+00
2.360357284545898438e+00
1.503515005111694336e+00
2.877038478851318359e+00
1.473035454750061035e+00
2.569133520126342773e+00
2.447996139526367188e+00
2.070603847503662109e+00
1.860257983207702637e+00
2.240132331848144531e+00
1.556651592254638672e+00
2.458556652069091797e+00
1.948395729064941406e+00
2.182051658630371094e+00
2.086749553680419922e+00
2.188026189804077148e+00
1.900484800338745117e+00
2.638950586318969727e+00
1.309224367141723633e+00
2.672076702117919922e+00
8.538441061973571777e-01
4.102493286132812500e+00
4.846093654632568359e-01
3.473260402679443359e+00
1.392675280570983887e+00
2.174437046051025391e+00
2.817695856094360352e+00
1.213221311569213867e+00
2.205352783203125000e+00
2.149319648742675781e+00
2.002990484237670898e+00
1.748700141906738281e+00
2.151082038879394531e+00
1.894955873489379883e+00
1.784496665000915527e+00
1.335763812065124512e+00
