2.009281158447265625e+00
1.677904129028320312e+00
1.067889690399169922e+00
9.320690631866455078e-01
1.283033132553100586e+00
7.394992113113403320e-01
1.014503002166748047e+00
6.776883602142333984e-01
1.266680479049682617e+00
5.731956362724304199e-01
1.129703044891357422e+00
4.299543797969818115e-01
8.173573613166809082e-01
3.297818899154663086e-01
6.734457612037658691e-01
6.666117310523986816e-01
9.074804186820983887e-01
2.829129397869110107e-01
2.509550750255584717e-01
2.080837965011596680e+00
5.739240646362304688e-01
3.366292417049407959e-01
4.331806302070617676e-01
2.067512869834899902e-01
3.673607110977172852e-01
1.962883472442626953e-01
5.331287384033203125e-01
2.488341480493545532e-01
1.416868567466735840e-01
1.178733944892883301e+00
3.427339792251586914e-01
2.793785929679870605e-01
9.946905076503753662e-02
1.118867635726928711e+00
2.417686879634857178e-01
2.145573794841766357e-01
6.044965237379074097e-02
8.144448995590209961e-01
1.656554937362670898e-01
1.925324350595474243e-01
8.926177769899368286e-02
4.045718312263488770e-01
4.158079624176025391e-02
7.383769005537033081e-02
6.086427569389343262e-01
1.819791048765182495e-01
2.028595954179763794e-01
7.329636067152023315e-02
1.943134814500808716e-01
6.478229165077209473e-02
9.761364758014678955e-02
9.011790156364440918e-02
1.293711364269256592e-01
2.001569122076034546e-01
6.352176517248153687e-02
4.536177963018417358e-02
4.566813707351684570e-01
4.810324311256408691e-01
1.125364825129508972e-01
2.968023531138896942e-02
1.046152710914611816e+00
1.323323011398315430e+00
1.831292062997817993e-01
7.276237756013870239e-02
1.270828962326049805e+00
1.479158282279968262e+00
1.736650615930557251e-01
1.479778289794921875e-01
5.222724080085754395e-01
4.942437410354614258e-01
2.820862531661987305e-01
7.242572307586669922e-01
8.776267170906066895e-01
6.599984169006347656e-01
9.528318047523498535e-01
1.092893600463867188e+00
1.267766475677490234e+00
1.542173624038696289e-01
1.432401776313781738e+00
2.910043954849243164e+00
2.589226365089416504e-01
1.375256538391113281e+00
1.891187787055969238e+00
4.171283841133117676e-01
1.088009476661682129e+00
6.467992067337036133e-01
3.626093268394470215e-01
6.551593542098999023e-01
5.230257511138916016e-01
5.486248135566711426e-01
6.231858730316162109e-01
6.820572018623352051e-01
1.090084195137023926e+00
1.611165404319763184e+00
5.488851666450500488e-01
4.664236307144165039e-01
4.171740412712097168e-01
5.923922061920166016e-01
1.247579574584960938e+00
1.060057520866394043e+00
1.812672257423400879e+00
7.460311651229858398e-01
5.569285154342651367e-01
7.039586901664733887e-01
7.069760560989379883e-01
7.499866485595703125e-01
7.164549827575683594e-01
1.058805108070373535e+00
1.237166047096252441e+00
4.105159044265747070e-01
5.659825801849365234e-01
6.346750259399414062e-01
5.416997671127319336e-01
6.804070472717285156e-01
5.185467600822448730e-01
6.384392380714416504e-01
5.023002028465270996e-01
5.485087037086486816e-01
7.588541507720947266e-01
7.228394746780395508e-01
1.034843683242797852e+00
1.295960664749145508e+00
2.272443532943725586e+00
4.736485183238983154e-01
6.291927695274353027e-01
4.200001657009124756e-01
3.462437987327575684e-01
5.557361841201782227e-01
6.221917271614074707e-01
6.754989624023437500e-01
6.631426215171813965e-01
5.865733623504638672e-01
7.092400193214416504e-01
4.344272315502166748e-01
4.525719583034515381e-01
3.677462339401245117e-01
3.868370056152343750e-01
4.042040109634399414e-01
4.219311773777008057e-01
4.419774413108825684e-01
2.974739372730255127e-01
3.438671827316284180e-01
3.993231654167175293e-01
4.670728445053100586e-01
3.620114624500274658e-01
8.160132169723510742e-01
8.705471158027648926e-01
8.087153434753417969e-01
6.539345979690551758e-01
3.131426274776458740e-01
4.103018045425415039e-01
2.549236714839935303e-01
2.710964977741241455e-01
3.009926974773406982e-01
2.360667288303375244e-01
2.959060072898864746e-01
2.650082707405090332e-01
2.741756439208984375e-01
4.018634855747222900e-01
7.431257963180541992e-01
4.194328188896179199e-01
1.951387226581573486e-01
4.464775621891021729e-01
9.784063696861267090e-01
3.947535753250122070e-01
1.676702350378036499e-01
1.913379430770874023e-01
2.278216034173965454e-01
2.064211964607238770e-01
1.857551634311676025e-01
3.090486526489257812e-01
4.438413381576538086e-01
1.742467880249023438e+00
5.008121490478515625e+00
6.534717082977294922e-01
1.057538151741027832e+00
5.826126337051391602e-01
7.357584238052368164e-01
8.247011899948120117e-01
1.594143509864807129e-01
2.039194256067276001e-01
1.586647033691406250e-01
2.797892689704895020e-01
1.377602368593215942e-01
1.373698860406875610e-01
2.273089587688446045e-01
2.118730694055557251e-01
1.915104985237121582e-01
1.978407800197601318e-01
3.397538661956787109e-01
3.259243369102478027e-01
4.193876981735229492e-01
2.314904630184173584e-01
1.929044574499130249e-01
4.176938235759735107e-01
3.219470679759979248e-01
3.048142790794372559e-01
6.230335831642150879e-01
2.868511378765106201e-01
4.252246916294097900e-01
1.182543516159057617e+00
2.685057640075683594e+00
5.009464621543884277e-01
4.680803716182708740e-01
2.778279185295104980e-01
3.443790674209594727e-01
4.103569984436035156e-01
4.956544935703277588e-01
4.433637857437133789e-01
7.912493348121643066e-01
9.806060791015625000e-01
1.042784452438354492e+00
6.512455940246582031e-01
3.973998427391052246e-01
6.179306507110595703e-01
3.532108366489410400e-01
1.815195381641387939e-01
3.205393850803375244e-01
1.608831435441970825e-01
2.422529906034469604e-01
4.308103322982788086e-01
3.434016704559326172e-01
2.990711331367492676e-01
2.595222592353820801e-01
3.572076559066772461e-01
3.770676255226135254e-01
4.947980642318725586e-01
2.316432893276214600e-01
1.666904091835021973e-01
3.359812498092651367e-01
4.602281451225280762e-01
3.940360546112060547e-01
2.712514400482177734e-01
3.781352937221527100e-01
1.385091543197631836e-01
2.635741233825683594e-01
5.348483920097351074e-01
3.958697021007537842e-01
2.661413550376892090e-01
3.354581296443939209e-01
3.635693192481994629e-01
4.696253538131713867e-01
5.854915976524353027e-01
4.012165665626525879e-01
1.593900620937347412e-01
2.900068759918212891e-01
1.374602317810058594e-01
2.377499639987945557e-01
2.168416827917098999e-01
1.985929459333419800e-01
1.505592167377471924e-01
1.247847229242324829e-01
1.465263068675994873e-01
2.284811437129974365e-01
3.401532173156738281e-01
3.333283364772796631e-01
3.742847144603729248e-01
3.683320879936218262e-01
7.504963278770446777e-01
9.337519407272338867e-01
8.855427056550979614e-02
1.282574892044067383e+00
2.021322250366210938e+00
1.224962547421455383e-01
3.925341963768005371e-01
7.161506265401840210e-02
3.026286661624908447e-01
3.718629479408264160e-01
2.929047942161560059e-01
5.270611047744750977e-01
4.772198200225830078e-01
9.066251516342163086e-01
7.542757391929626465e-01
3.719514906406402588e-01
1.173332110047340393e-01
5.435848236083984375e-01
1.135733649134635925e-01
2.840741574764251709e-01
1.237657904624938965e+00
1.618833184242248535e+00
1.630891114473342896e-01
8.975074887275695801e-01
4.577273726463317871e-01
3.628737926483154297e-01
5.308471918106079102e-01
4.703741669654846191e-01
7.877400517463684082e-01
9.515386819839477539e-01
1.687918901443481445e+00
2.750250101089477539e+00
8.279755711555480957e-01
6.175873875617980957e-01
6.876409053802490234e-01
8.890929818153381348e-01
9.329862594604492188e-01
8.823828697204589844e-01
8.969762325286865234e-01
8.676829338073730469e-01
8.637022376060485840e-01
9.793369770050048828e-01
9.438493847846984863e-01
1.367428183555603027e+00
1.738497018814086914e+00
6.720457077026367188e-01
4.007047712802886963e-01
4.072507619857788086e-01
4.765947461128234863e-01
6.037133932113647461e-01
7.658742666244506836e-01
9.377698898315429688e-01
1.006025791168212891e+00
1.408554673194885254e+00
1.310898184776306152e+00
9.300945997238159180e-01
9.156164526939392090e-01
8.423094153404235840e-01
6.286152601242065430e-01
7.306973934173583984e-01
7.985069751739501953e-01
5.386437773704528809e-01
6.597478389739990234e-01
9.741479158401489258e-01
1.053905010223388672e+00
1.318083524703979492e+00
1.116004109382629395e+00
7.973572611808776855e-01
8.714607357978820801e-01
1.097989797592163086e+00
9.986831545829772949e-01
1.082173824310302734e+00
1.000916123390197754e+00
6.859437823295593262e-01
8.722740411758422852e-01
1.141610503196716309e+00
1.785541057586669922e+00
1.842547774314880371e+00
1.688612461090087891e+00
1.197119235992431641e+00
8.305389285087585449e-01
9.490567445755004883e-01
1.270397782325744629e+00
1.329517006874084473e+00
1.120028018951416016e+00
8.377500176429748535e-01
6.168698072433471680e-01
5.652064085006713867e-01
7.752234339714050293e-01
8.461874723434448242e-01
8.402807116508483887e-01
1.476090908050537109e+00
1.875196099281311035e+00
1.135856866836547852e+00
1.125732064247131348e+00
7.836709618568420410e-01
5.817689895629882812e-01
6.802256703376770020e-01
9.335818290710449219e-01
1.474399328231811523e+00
1.087532639503479004e+00
6.029444932937622070e-01
1.072945356369018555e+00
1.455621719360351562e+00
8.439316749572753906e-01
4.176275134086608887e-01
2.926527559757232666e-01
3.536719977855682373e-01
5.941849946975708008e-01
6.445171833038330078e-01
8.267074823379516602e-01
1.277077078819274902e+00
1.509992241859436035e+00
1.011337637901306152e+00
1.456499576568603516e+00
1.983615636825561523e+00
1.067281723022460938e+00
5.743637084960937500e-01
7.116061449050903320e-01
8.056664466857910156e-01
6.269858479499816895e-01
7.070197463035583496e-01
5.720577836036682129e-01
6.430263519287109375e-01
4.210108518600463867e-01
3.591254651546478271e-01
5.616686344146728516e-01
6.226945519447326660e-01
7.328787446022033691e-01
9.287229180335998535e-01
1.062980413436889648e+00
2.928069591522216797e+00
2.368999719619750977e+00
6.478996276855468750e-01
8.066721558570861816e-01
4.987544417381286621e-01
1.073532938957214355e+00
6.655989289283752441e-01
3.505785465240478516e-01
5.676903724670410156e-01
3.694925308227539062e-01
6.743064522743225098e-01
7.082044482231140137e-01
9.984595179557800293e-01
7.982782125473022461e-01
8.596113324165344238e-01
4.748291671276092529e-01
8.026906251907348633e-01
6.402915716171264648e-01
6.412432193756103516e-01
5.057394504547119141e-01
9.178168773651123047e-01
8.404202461242675781e-01
1.522924423217773438e+00
1.516897439956665039e+00
1.264220833778381348e+00
4.500617980957031250e-01
7.726840376853942871e-01
8.827100992202758789e-01
8.172655105590820312e-01
7.580710053443908691e-01
7.091500759124755859e-01
8.491671085357666016e-01
7.245193719863891602e-01
6.673304438591003418e-01
9.048310518264770508e-01
9.976068735122680664e-01
8.795850276947021484e-01
6.315041184425354004e-01
6.028582453727722168e-01
5.429959297180175781e-01
7.003355026245117188e-01
7.020041346549987793e-01
6.576749086380004883e-01
5.301053524017333984e-01
5.215902924537658691e-01
6.704148054122924805e-01
7.672818899154663086e-01
7.772438526153564453e-01
7.192310094833374023e-01
9.441105127334594727e-01
1.538346290588378906e+00
9.356463551521301270e-01
7.973061800003051758e-01
7.451717853546142578e-01
7.502567768096923828e-01
6.231216788291931152e-01
7.899285554885864258e-01
7.055554389953613281e-01
6.986670494079589844e-01
8.102512955665588379e-01
8.787869215011596680e-01
1.043654322624206543e+00
7.857205867767333984e-01
5.669417977333068848e-01
5.262049436569213867e-01
4.986281692981719971e-01
6.202784180641174316e-01
7.098618745803833008e-01
8.950319290161132812e-01
1.258965015411376953e+00
1.987500190734863281e+00
4.015376567840576172e+00
9.724313020706176758e-01
7.566876411437988281e-01
6.718751192092895508e-01
8.779306411743164062e-01
7.751655578613281250e-01
6.709820032119750977e-01
7.808235883712768555e-01
1.070278167724609375e+00
7.984088659286499023e-01
5.246348381042480469e-01
1.172089576721191406e+00
1.210861206054687500e+00
1.113045692443847656e+00
8.734287023544311523e-01
8.078483343124389648e-01
5.159751176834106445e-01
6.540740728378295898e-01
4.990935921669006348e-01
6.364365220069885254e-01
6.647291779518127441e-01
5.494669079780578613e-01
8.221515417098999023e-01
7.058286070823669434e-01
8.637275695800781250e-01
6.372551918029785156e-01
6.993095278739929199e-01
8.428500890731811523e-01
7.813641428947448730e-01
8.347688913345336914e-01
5.919350385665893555e-01
6.830328702926635742e-01
6.788423061370849609e-01
6.684837341308593750e-01
5.996202230453491211e-01
6.166757345199584961e-01
6.294884681701660156e-01
6.305711269378662109e-01
5.583384037017822266e-01
7.294507026672363281e-01
7.133696079254150391e-01
6.544623374938964844e-01
9.688684940338134766e-01
1.144789814949035645e+00
1.396805644035339355e+00
1.688040494918823242e+00
1.209739565849304199e+00
1.508131623268127441e+00
1.082552194595336914e+00
7.270821332931518555e-01
6.468839049339294434e-01
5.230426788330078125e-01
6.260980367660522461e-01
8.393839001655578613e-01
9.235572218894958496e-01
5.503407716751098633e-01
6.717520356178283691e-01
9.822918176651000977e-01
1.377251982688903809e+00
1.264747381210327148e+00
9.612892866134643555e-01
6.647002100944519043e-01
5.166062712669372559e-01
4.654545187950134277e-01
5.791597366333007812e-01
8.160158395767211914e-01
9.091497659683227539e-01
9.019442200660705566e-01
8.612499833106994629e-01
1.074561953544616699e+00
8.055279254913330078e-01
7.670887708663940430e-01
5.593621730804443359e-01
6.749148368835449219e-01
5.770547389984130859e-01
6.894444227218627930e-01
7.810803055763244629e-01
1.107169628143310547e+00
9.697255492210388184e-01
8.253319263458251953e-01
4.565680921077728271e-01
8.101177215576171875e-01
6.778022646903991699e-01
6.903896331787109375e-01
6.832215189933776855e-01
7.253783941268920898e-01
4.815420210361480713e-01
8.191004991531372070e-01
1.042737960815429688e+00
1.293111324310302734e+00
1.428179383277893066e+00
1.472299814224243164e+00
2.419242382049560547e+00
1.245940566062927246e+00
7.940916419029235840e-01
9.809644222259521484e-01
7.376891374588012695e-01
5.047150850296020508e-01
6.793489456176757812e-01
6.448800563812255859e-01
1.279869198799133301e+00
1.475310564041137695e+00
9.719915986061096191e-01
4.048679471015930176e-01
5.296890735626220703e-01
8.768383264541625977e-01
8.485323786735534668e-01
7.282528877258300781e-01
7.102382779121398926e-01
7.761509418487548828e-01
5.759617090225219727e-01
6.971669197082519531e-01
6.442030668258666992e-01
7.067122459411621094e-01
9.192093014717102051e-01
7.265963554382324219e-01
5.768704414367675781e-01
4.899548888206481934e-01
5.414852499961853027e-01
4.771762788295745850e-01
7.481265664100646973e-01
7.070057988166809082e-01
5.518717169761657715e-01
6.927499771118164062e-01
5.946767926216125488e-01
8.584167957305908203e-01
6.676252484321594238e-01
8.070315122604370117e-01
8.670653104782104492e-01
7.852588891983032227e-01
6.733911633491516113e-01
1.016631960868835449e+00
1.598459362983703613e+00
1.255154728889465332e+00
1.087283372879028320e+00
1.611834049224853516e+00
1.297980666160583496e+00
1.141994237899780273e+00
8.541619181632995605e-01
7.548937797546386719e-01
5.103640556335449219e-01
8.369590640068054199e-01
8.985903263092041016e-01
7.599971294403076172e-01
7.039664983749389648e-01
6.771880984306335449e-01
5.351240634918212891e-01
6.213903427124023438e-01
5.990543365478515625e-01
7.557997703552246094e-01
6.173574924468994141e-01
8.779815435409545898e-01
1.524439215660095215e+00
1.419634580612182617e+00
7.253922224044799805e-01
5.401132106781005859e-01
5.273330211639404297e-01
1.032957196235656738e+00
1.337256789207458496e+00
1.114238500595092773e+00
6.439528465270996094e-01
6.905294656753540039e-01
5.552710294723510742e-01
5.733149051666259766e-01
6.050515174865722656e-01
7.961937189102172852e-01
5.663311481475830078e-01
7.303841114044189453e-01
9.766520261764526367e-01
1.143671989440917969e+00
8.002377152442932129e-01
6.673111915588378906e-01
7.927641868591308594e-01
6.822848320007324219e-01
7.413099408149719238e-01
9.285018444061279297e-01
8.707868456840515137e-01
7.301785945892333984e-01
4.138900637626647949e-01
5.172041654586791992e-01
7.930715680122375488e-01
8.966938257217407227e-01
1.131117582321166992e+00
1.175434112548828125e+00
8.616412281990051270e-01
7.410187125205993652e-01
8.231663703918457031e-01
6.329274177551269531e-01
6.960774660110473633e-01
5.290492177009582520e-01
8.560882210731506348e-01
6.228513121604919434e-01
7.249848246574401855e-01
5.549093484878540039e-01
5.824339985847473145e-01
6.956059932708740234e-01
6.811873912811279297e-01
6.011406183242797852e-01
6.841802597045898438e-01
6.940356492996215820e-01
8.252490162849426270e-01
1.112889885902404785e+00
8.424478173255920410e-01
6.231697201728820801e-01
6.188448667526245117e-01
7.366470098495483398e-01
6.060914397239685059e-01
9.294623136520385742e-01
5.595840215682983398e-01
6.453502774238586426e-01
7.182133197784423828e-01
6.530855894088745117e-01
5.556823611259460449e-01
6.614427566528320312e-01
6.486978530883789062e-01
7.892240881919860840e-01
7.826155424118041992e-01
8.795396089553833008e-01
7.531331777572631836e-01
1.071443915367126465e+00
1.020385980606079102e+00
1.234466075897216797e+00
1.762436628341674805e+00
1.109428644180297852e+00
1.590074181556701660e+00
1.426024079322814941e+00
8.230594992637634277e-01
6.558967232704162598e-01
5.872414112091064453e-01
6.610157489776611328e-01
9.220032691955566406e-01
9.305252432823181152e-01
1.174749255180358887e+00
1.074474692344665527e+00
6.146281957626342773e-01
6.136380434036254883e-01
6.884510517120361328e-01
9.766612052917480469e-01
1.538810133934020996e+00
9.536063075065612793e-01
7.614133954048156738e-01
1.696461081504821777e+00
2.096834182739257812e+00
6.329813599586486816e-01
5.860664248466491699e-01
8.159202337265014648e-01
9.535014629364013672e-01
8.675729036331176758e-01
9.009561538696289062e-01
8.318406343460083008e-01
7.584238648414611816e-01
6.562494039535522461e-01
6.791197657585144043e-01
7.211098670959472656e-01
1.070070266723632812e+00
1.026314496994018555e+00
1.188558936119079590e+00
7.918875217437744141e-01
6.953241229057312012e-01
5.886398553848266602e-01
7.227966785430908203e-01
6.634187698364257812e-01
6.136022806167602539e-01
8.907704949378967285e-01
6.135816574096679688e-01
6.930842399597167969e-01
6.165249943733215332e-01
7.374038696289062500e-01
6.130587458610534668e-01
8.172564506530761719e-01
4.215433299541473389e-01
9.047155380249023438e-01
6.032887697219848633e-01
9.771142005920410156e-01
7.555415630340576172e-01
8.054402470588684082e-01
8.818966150283813477e-01
7.478959560394287109e-01
4.394881129264831543e-01
5.097160339355468750e-01
5.954812765121459961e-01
7.219433784484863281e-01
7.606179714202880859e-01
6.168404817581176758e-01
7.222567796707153320e-01
8.654177784919738770e-01
1.163665413856506348e+00
1.663901329040527344e+00
1.965146541595458984e+00
2.733507394790649414e+00
2.331844329833984375e+00
6.271156072616577148e-01
9.071198105812072754e-01
6.334764361381530762e-01
5.891879796981811523e-01
7.085396647453308105e-01
7.031357288360595703e-01
6.780768036842346191e-01
1.038658618927001953e+00
1.117008209228515625e+00
1.187375783920288086e+00
1.341603398323059082e+00
9.127442836761474609e-01
8.636772632598876953e-01
8.537855744361877441e-01
7.350177168846130371e-01
6.429848670959472656e-01
6.289793252944946289e-01
7.883489727973937988e-01
8.255470395088195801e-01
8.745552897453308105e-01
6.232215166091918945e-01
8.492529988288879395e-01
6.566613912582397461e-01
4.395442605018615723e-01
7.651539444923400879e-01
1.094995498657226562e+00
9.120029211044311523e-01
4.763531088829040527e-01
6.254128217697143555e-01
5.885092020034790039e-01
9.807998538017272949e-01
1.068650960922241211e+00
9.742848873138427734e-01
8.185617327690124512e-01
1.022066116333007812e+00
9.292610287666320801e-01
9.903261661529541016e-01
1.021307826042175293e+00
1.067677736282348633e+00
5.985187888145446777e-01
6.724196672439575195e-01
6.917667388916015625e-01
6.366138458251953125e-01
1.023172020912170410e+00
9.736266732215881348e-01
1.519410729408264160e+00
1.556763648986816406e+00
9.254888296127319336e-01
6.348162889480590820e-01
8.603569269180297852e-01
1.094315052032470703e+00
1.143395900726318359e+00
1.079512715339660645e+00
6.952327489852905273e-01
5.930989980697631836e-01
6.921976804733276367e-01
6.776816248893737793e-01
8.837759494781494141e-01
9.321750402450561523e-01
9.648072719573974609e-01
6.129423975944519043e-01
5.179163813591003418e-01
4.108183979988098145e-01
6.167061924934387207e-01
6.517516374588012695e-01
7.038367986679077148e-01
8.255347013473510742e-01
6.017889380455017090e-01
6.476232409477233887e-01
6.045211553573608398e-01
8.279707431793212891e-01
7.185462713241577148e-01
1.213142752647399902e+00
1.053128957748413086e+00
1.502467274665832520e+00
1.294014215469360352e+00
1.798648715019226074e+00
2.873032331466674805e+00
1.102462410926818848e+00
9.436470270156860352e-01
9.543359279632568359e-01
1.296644687652587891e+00
1.298837900161743164e+00
1.086524128913879395e+00
9.774236083030700684e-01
1.014176487922668457e+00
9.966722130775451660e-01
8.695082068443298340e-01
1.056889057159423828e+00
8.679791688919067383e-01
1.069399595260620117e+00
7.196599245071411133e-01
8.525895476341247559e-01
7.837531566619873047e-01
1.008646965026855469e+00
6.703490614891052246e-01
7.694968581199645996e-01
8.102704882621765137e-01
8.718656301498413086e-01
7.573037743568420410e-01
6.963809728622436523e-01
7.475425601005554199e-01
1.038316488265991211e+00
1.224525094032287598e+00
1.147648811340332031e+00
8.114454150199890137e-01
1.140485763549804688e+00
9.432554244995117188e-01
7.463476061820983887e-01
6.727917790412902832e-01
5.699539184570312500e-01
5.833131074905395508e-01
6.234052777290344238e-01
6.438179016113281250e-01
6.510113477706909180e-01
5.106003284454345703e-01
6.737682223320007324e-01
5.800000429153442383e-01
6.932637691497802734e-01
8.444771170616149902e-01
6.817942261695861816e-01
8.354714512825012207e-01
1.045753955841064453e+00
1.410397291183471680e+00
1.506691098213195801e+00
1.065287828445434570e+00
6.282294988632202148e-01
5.787305831909179688e-01
7.760389447212219238e-01
1.036380529403686523e+00
8.612441420555114746e-01
8.742017149925231934e-01
6.510342359542846680e-01
6.207979321479797363e-01
6.831198930740356445e-01
7.701071500778198242e-01
5.853101015090942383e-01
6.625556349754333496e-01
7.323814630508422852e-01
5.977271199226379395e-01
9.555050134658813477e-01
7.984166145324707031e-01
1.519892215728759766e+00
1.675624489784240723e+00
7.371649146080017090e-01
9.564582705497741699e-01
6.982365846633911133e-01
8.704948425292968750e-01
1.100829839706420898e+00
7.347235679626464844e-01
5.668660402297973633e-01
6.907473802566528320e-01
5.673002004623413086e-01
8.610231876373291016e-01
7.836352586746215820e-01
1.103412389755249023e+00
1.459534525871276855e+00
1.448607683181762695e+00
1.537788867950439453e+00
8.513342738151550293e-01
6.121474504470825195e-01
7.027878761291503906e-01
7.851136922836303711e-01
9.850797653198242188e-01
9.246379733085632324e-01
9.178656339645385742e-01
3.950786888599395752e-01
5.692939162254333496e-01
8.142861723899841309e-01
9.865804314613342285e-01
9.065745472908020020e-01
1.224842309951782227e+00
1.563313007354736328e+00
1.889143347740173340e+00
9.520245790481567383e-01
6.123627424240112305e-01
9.887344837188720703e-01
7.940754890441894531e-01
7.658788561820983887e-01
6.422691345214843750e-01
6.323138475418090820e-01
5.527065992355346680e-01
8.443138003349304199e-01
8.469161987304687500e-01
1.053400516510009766e+00
1.424952745437622070e+00
2.124508857727050781e+00
1.206346392631530762e+00
9.320385456085205078e-01
9.418534636497497559e-01
5.816397070884704590e-01
6.326299905776977539e-01
6.581617593765258789e-01
9.308233857154846191e-01
5.783212780952453613e-01
8.229427337646484375e-01
7.889178991317749023e-01
8.888403177261352539e-01
6.434787511825561523e-01
6.497954130172729492e-01
4.445193409919738770e-01
8.949485421180725098e-01
4.211377501487731934e-01
6.681657433509826660e-01
7.544081211090087891e-01
6.017091870307922363e-01
5.673889517784118652e-01
6.392794847488403320e-01
6.285437345504760742e-01
5.823377966880798340e-01
6.655808687210083008e-01
5.595200657844543457e-01
8.124076128005981445e-01
1.240050077438354492e+00
1.444710135459899902e+00
1.132383584976196289e+00
8.776036500930786133e-01
9.537178277969360352e-01
6.546843647956848145e-01
6.315644979476928711e-01
6.345388889312744141e-01
7.284674048423767090e-01
8.300440907478332520e-01
6.220289468765258789e-01
9.731181859970092773e-01
1.401673674583435059e+00
1.804455518722534180e+00
1.618250727653503418e+00
8.882796168327331543e-01
6.217505931854248047e-01
7.234200835227966309e-01
7.129158973693847656e-01
6.647213697433471680e-01
6.623908877372741699e-01
7.893158197402954102e-01
7.101657390594482422e-01
9.866052865982055664e-01
6.749256253242492676e-01
7.264291644096374512e-01
6.597943305969238281e-01
9.816689491271972656e-01
9.237319827079772949e-01
7.915490269660949707e-01
8.554742336273193359e-01
1.195792675018310547e+00
1.455433845520019531e+00
1.196506738662719727e+00
7.486895322799682617e-01
7.024024724960327148e-01
5.968418121337890625e-01
8.518081307411193848e-01
9.508250951766967773e-01
1.171105384826660156e+00
8.414621353149414062e-01
1.004510998725891113e+00
8.215054273605346680e-01
6.856033802032470703e-01
5.986588001251220703e-01
4.026413559913635254e-01
6.095086336135864258e-01
1.320398807525634766e+00
9.709337949752807617e-01
1.208321690559387207e+00
9.910733103752136230e-01
7.920460104942321777e-01
7.273058891296386719e-01
8.808718919754028320e-01
7.729969024658203125e-01
5.696421861648559570e-01
6.757544875144958496e-01
8.188531994819641113e-01
1.043716430664062500e+00
1.569641351699829102e+00
2.088122129440307617e+00
1.081487059593200684e+00
4.404171705245971680e-01
9.756400585174560547e-01
1.020082831382751465e+00
1.194250583648681641e+00
6.304039955139160156e-01
6.364966630935668945e-01
7.609685063362121582e-01
7.319040894508361816e-01
7.219333648681640625e-01
9.237880110740661621e-01
7.166620492935180664e-01
5.374222993850708008e-01
6.685258150100708008e-01
6.106703281402587891e-01
6.015125513076782227e-01
6.657557487487792969e-01
6.708739995956420898e-01
8.484755754470825195e-01
8.408904075622558594e-01
9.596332311630249023e-01
5.557380914688110352e-01
6.023432612419128418e-01
5.502661466598510742e-01
6.338691711425781250e-01
6.524370908737182617e-01
1.005497336387634277e+00
6.847561597824096680e-01
1.211726427078247070e+00
1.452802658081054688e+00
1.932468891143798828e+00
1.091518282890319824e+00
3.814875483512878418e-01
6.770035028457641602e-01
5.227230787277221680e-01
5.285437703132629395e-01
7.662920951843261719e-01
7.470560669898986816e-01
6.936351060867309570e-01
5.365759134292602539e-01
6.975449323654174805e-01
7.070918083190917969e-01
6.031548976898193359e-01
4.865752458572387695e-01
6.405999064445495605e-01
6.306184530258178711e-01
9.704450964927673340e-01
1.423357605934143066e+00
1.181938767433166504e+00
1.335841298103332520e+00
1.408380031585693359e+00
1.268372058868408203e+00
1.141458868980407715e+00
8.424543142318725586e-01
1.645064830780029297e+00
1.415210604667663574e+00
9.529291391372680664e-01
6.485452651977539062e-01
7.068856954574584961e-01
6.582626104354858398e-01
6.907753944396972656e-01
7.929123640060424805e-01
1.013146162033081055e+00
9.585034251213073730e-01
7.639207243919372559e-01
7.672800421714782715e-01
7.534091472625732422e-01
8.001449108123779297e-01
6.621391773223876953e-01
9.789967536926269531e-01
6.883050203323364258e-01
6.680080890655517578e-01
5.976902842521667480e-01
5.603795051574707031e-01
7.316033244132995605e-01
5.865499377250671387e-01
5.567604303359985352e-01
6.201726794242858887e-01
8.376389741897583008e-01
6.569967269897460938e-01
6.872318983078002930e-01
7.046581506729125977e-01
9.363718032836914062e-01
7.188798785209655762e-01
1.006314516067504883e+00
9.858475923538208008e-01
1.379283905029296875e+00
1.519099950790405273e+00
1.844476938247680664e+00
2.393311738967895508e+00
9.929063916206359863e-01
7.231332063674926758e-01
6.620227694511413574e-01
6.662912368774414062e-01
8.527398705482482910e-01
7.373768687248229980e-01
1.024057626724243164e+00
7.447421550750732422e-01
6.773201227188110352e-01
7.898870110511779785e-01
1.018517732620239258e+00
8.796875476837158203e-01
1.008371591567993164e+00
6.783844828605651855e-01
6.019998788833618164e-01
6.171141862869262695e-01
7.562543153762817383e-01
7.918196916580200195e-01
7.993330955505371094e-01
8.119727373123168945e-01
7.928518056869506836e-01
8.308752775192260742e-01
8.976363539695739746e-01
1.047627449035644531e+00
6.963115334510803223e-01
7.719923853874206543e-01
7.175397872924804688e-01
8.796054124832153320e-01
6.866205930709838867e-01
5.803673267364501953e-01
8.355727791786193848e-01
7.348807454109191895e-01
9.729195833206176758e-01
6.631421446800231934e-01
6.415530443191528320e-01
6.787295341491699219e-01
7.630568742752075195e-01
6.300339102745056152e-01
6.321147084236145020e-01
7.844736576080322266e-01
6.586537361145019531e-01
8.384938240051269531e-01
8.961734175682067871e-01
6.564996838569641113e-01
4.973955750465393066e-01
5.677530169486999512e-01
4.855928421020507812e-01
5.676929950714111328e-01
6.316398382186889648e-01
6.571568846702575684e-01
8.471826910972595215e-01
1.223683834075927734e+00
1.354719519615173340e+00
9.327041506767272949e-01
1.543494939804077148e+00
1.879392147064208984e+00
1.446868658065795898e+00
1.335684418678283691e+00
1.210767388343811035e+00
8.899758458137512207e-01
1.133520364761352539e+00
8.531047105789184570e-01
7.732114791870117188e-01
8.504676222801208496e-01
9.139562249183654785e-01
1.017045259475708008e+00
6.669780015945434570e-01
6.346694231033325195e-01
6.593501567840576172e-01
6.322481632232666016e-01
6.965985298156738281e-01
5.766069889068603516e-01
7.005533576011657715e-01
5.871499776840209961e-01
6.292865276336669922e-01
7.012156844139099121e-01
6.698002219200134277e-01
8.101599216461181641e-01
6.912149190902709961e-01
8.278925418853759766e-01
8.050863742828369141e-01
9.651487469673156738e-01
1.098675966262817383e+00
1.030345201492309570e+00
8.572872877120971680e-01
8.470642566680908203e-01
7.551254630088806152e-01
1.088987827301025391e+00
1.102783083915710449e+00
1.371626496315002441e+00
9.124662280082702637e-01
7.081072330474853516e-01
7.073004245758056641e-01
8.619576692581176758e-01
7.991808652877807617e-01
6.962306499481201172e-01
7.461588382720947266e-01
5.992159843444824219e-01
6.560237407684326172e-01
8.862819671630859375e-01
6.303280591964721680e-01
7.432999610900878906e-01
7.435129284858703613e-01
8.979494571685791016e-01
7.509579658508300781e-01
1.109121680259704590e+00
1.021186828613281250e+00
1.184254169464111328e+00
9.614983797073364258e-01
8.420463204383850098e-01
7.174485921859741211e-01
8.559988737106323242e-01
7.328549623489379883e-01
7.800036072731018066e-01
9.051471352577209473e-01
7.724776864051818848e-01
5.553891062736511230e-01
5.465868115425109863e-01
5.070595741271972656e-01
5.257344245910644531e-01
6.185597181320190430e-01
8.620716333389282227e-01
6.167594790458679199e-01
7.494779229164123535e-01
6.661078929901123047e-01
6.687161922454833984e-01
7.709199786186218262e-01
1.002165198326110840e+00
9.969397783279418945e-01
6.713188290596008301e-01
5.088756084442138672e-01
6.205397248268127441e-01
7.171037197113037109e-01
7.732385396957397461e-01
6.828932762145996094e-01
6.169131994247436523e-01
4.435564875602722168e-01
4.690169095993041992e-01
7.812724113464355469e-01
6.325086355209350586e-01
8.156621456146240234e-01
9.737387299537658691e-01
1.089329361915588379e+00
1.450488328933715820e+00
1.321372509002685547e+00
1.535949587821960449e+00
1.514046072959899902e+00
9.293296337127685547e-01
5.635659098625183105e-01
8.867292404174804688e-01
1.003464698791503906e+00
1.447285056114196777e+00
1.171432018280029297e+00
1.377924442291259766e+00
1.113059282302856445e+00
1.072701573371887207e+00
4.809879362583160400e-01
6.271556615829467773e-01
5.560517311096191406e-01
6.241710782051086426e-01
6.425204277038574219e-01
6.565847992897033691e-01
7.194582223892211914e-01
7.982047796249389648e-01
9.311298727989196777e-01
7.926038503646850586e-01
5.857446193695068359e-01
6.495298147201538086e-01
6.221687793731689453e-01
8.066551685333251953e-01
4.619351029396057129e-01
6.735819578170776367e-01
4.387758970260620117e-01
6.198176145553588867e-01
7.254756093025207520e-01
6.585403680801391602e-01
6.126237511634826660e-01
6.110224127769470215e-01
6.742683649063110352e-01
6.010928750038146973e-01
5.857622623443603516e-01
6.921147108078002930e-01
6.798446178436279297e-01
5.557540655136108398e-01
6.833350658416748047e-01
6.239793896675109863e-01
6.277008056640625000e-01
5.992426872253417969e-01
7.813439965248107910e-01
1.277733445167541504e+00
1.877054691314697266e+00
1.479067921638488770e+00
1.014522552490234375e+00
1.050608158111572266e+00
7.524410486221313477e-01
1.148666143417358398e+00
9.444513916969299316e-01
1.137116432189941406e+00
1.176230788230895996e+00
9.735999703407287598e-01
6.388160586357116699e-01
6.113463640213012695e-01
6.612886786460876465e-01
7.615178823471069336e-01
6.714310646057128906e-01
8.218575716018676758e-01
7.960827350616455078e-01
6.446883678436279297e-01
9.163724780082702637e-01
8.076255321502685547e-01
1.022912621498107910e+00
8.314299583435058594e-01
9.557524323463439941e-01
6.119798421859741211e-01
6.391055583953857422e-01
8.955293893814086914e-01
1.098828315734863281e+00
1.173976540565490723e+00
9.953659176826477051e-01
5.928962230682373047e-01
6.346179246902465820e-01
6.581249833106994629e-01
6.711257696151733398e-01
8.263975381851196289e-01
8.481433391571044922e-01
6.780726313591003418e-01
7.491387128829956055e-01
6.759300231933593750e-01
6.395144462585449219e-01
6.094800829887390137e-01
7.909064292907714844e-01
8.318456411361694336e-01
1.011759400367736816e+00
9.360815286636352539e-01
7.446491718292236328e-01
9.990589022636413574e-01
1.008035182952880859e+00
1.364384651184082031e+00
1.759074568748474121e+00
1.680794119834899902e+00
1.412360072135925293e+00
6.175805926322937012e-01
5.970605015754699707e-01
7.518392205238342285e-01
9.510528445243835449e-01
1.047573566436767578e+00
8.655666112899780273e-01
7.348128557205200195e-01
9.604219198226928711e-01
8.797543644905090332e-01
1.040655493736267090e+00
5.637673139572143555e-01
6.594147682189941406e-01
5.153259634971618652e-01
9.071137905120849609e-01
6.666637659072875977e-01
6.164172291755676270e-01
7.287774085998535156e-01
6.091912984848022461e-01
8.640197515487670898e-01
6.103073358535766602e-01
5.266693830490112305e-01
6.732597947120666504e-01
7.348283529281616211e-01
7.538942098617553711e-01
8.108583092689514160e-01
7.601244449615478516e-01
1.139351844787597656e+00
9.658103585243225098e-01
9.106180071830749512e-01
8.128828406333923340e-01
7.068383693695068359e-01
8.912761807441711426e-01
1.155834794044494629e+00
1.040966749191284180e+00
9.343325495719909668e-01
8.055468797683715820e-01
7.602131366729736328e-01
6.707944273948669434e-01
6.543548107147216797e-01
5.382962822914123535e-01
8.144226074218750000e-01
6.611498594284057617e-01
6.428272128105163574e-01
5.891363620758056641e-01
5.566223263740539551e-01
7.064224481582641602e-01
5.404889583587646484e-01
5.607587695121765137e-01
7.090139389038085938e-01
7.685269117355346680e-01
7.944904565811157227e-01
7.383285760879516602e-01
8.100292682647705078e-01
8.692335486412048340e-01
1.292346477508544922e+00
1.118928670883178711e+00
8.787510395050048828e-01
5.837256312370300293e-01
7.011790275573730469e-01
5.848987102508544922e-01
5.929880142211914062e-01
5.259452462196350098e-01
7.894948720932006836e-01
8.656990528106689453e-01
1.070457696914672852e+00
1.209250330924987793e+00
1.063361287117004395e+00
1.079733610153198242e+00
7.909637689590454102e-01
9.061787128448486328e-01
5.728836655616760254e-01
5.743991136550903320e-01
5.926965475082397461e-01
7.981625795364379883e-01
8.958224058151245117e-01
8.300808668136596680e-01
7.365140914916992188e-01
5.480497479438781738e-01
6.257196664810180664e-01
7.097944617271423340e-01
6.055598855018615723e-01
7.106966972351074219e-01
5.573707818984985352e-01
7.017168402671813965e-01
9.231607913970947266e-01
1.093615889549255371e+00
1.261199355125427246e+00
9.829182624816894531e-01
1.293742418289184570e+00
1.118418931961059570e+00
1.013487458229064941e+00
9.547946453094482422e-01
1.385509133338928223e+00
1.096056103706359863e+00
1.089991450309753418e+00
8.697283267974853516e-01
8.166381120681762695e-01
7.047777175903320312e-01
9.415529966354370117e-01
6.450894474983215332e-01
9.882793426513671875e-01
9.173555374145507812e-01
9.678812623023986816e-01
7.278172969818115234e-01
6.823534369468688965e-01
6.277087926864624023e-01
6.866381168365478516e-01
6.307258605957031250e-01
7.910720109939575195e-01
9.862949848175048828e-01
1.081911802291870117e+00
7.065426111221313477e-01
4.816656410694122314e-01
6.430715322494506836e-01
7.265645265579223633e-01
1.070114850997924805e+00
9.034827351570129395e-01
7.531175613403320312e-01
4.650977551937103271e-01
5.807633996009826660e-01
6.674216389656066895e-01
7.438437938690185547e-01
6.155860424041748047e-01
5.955082774162292480e-01
5.930624008178710938e-01
8.336177468299865723e-01
8.096827268600463867e-01
6.374171972274780273e-01
5.450263023376464844e-01
6.029661297798156738e-01
5.363886952400207520e-01
5.992735028266906738e-01
5.374277234077453613e-01
5.871689915657043457e-01
6.113200187683105469e-01
5.865521430969238281e-01
5.371010303497314453e-01
6.362636685371398926e-01
7.719521522521972656e-01
7.827987074851989746e-01
8.428504467010498047e-01
6.088037490844726562e-01
6.403330564498901367e-01
6.349276304244995117e-01
5.893584489822387695e-01
6.840771436691284180e-01
9.248354434967041016e-01
1.121937036514282227e+00
1.300550818443298340e+00
1.465442419052124023e+00
1.416190862655639648e+00
1.441702604293823242e+00
1.258304595947265625e+00
1.020185589790344238e+00
1.134104490280151367e+00
1.189428091049194336e+00
1.294912815093994141e+00
1.186605691909790039e+00
1.304172039031982422e+00
9.346637129783630371e-01
1.146919608116149902e+00
8.758498430252075195e-01
9.873998761177062988e-01
7.161167860031127930e-01
7.888416051864624023e-01
6.340296268463134766e-01
9.150702953338623047e-01
7.979779839515686035e-01
8.524742722511291504e-01
8.246219158172607422e-01
6.525207757949829102e-01
5.409911870956420898e-01
6.327753067016601562e-01
5.172021389007568359e-01
6.642613410949707031e-01
7.392755746841430664e-01
6.284155845642089844e-01
6.211059093475341797e-01
6.381129026412963867e-01
6.117551326751708984e-01
7.952806353569030762e-01
5.897576808929443359e-01
7.872761487960815430e-01
8.679699897766113281e-01
1.087516069412231445e+00
1.073819875717163086e+00
9.068003892898559570e-01
6.663501858711242676e-01
7.777481079101562500e-01
5.782746672630310059e-01
8.207672834396362305e-01
8.479036092758178711e-01
8.230041265487670898e-01
7.527214288711547852e-01
6.466075778007507324e-01
5.452816486358642578e-01
6.885622739791870117e-01
4.525644183158874512e-01
7.245062589645385742e-01
1.198194980621337891e+00
1.366203427314758301e+00
9.099429249763488770e-01
5.007290840148925781e-01
5.284615755081176758e-01
6.023159027099609375e-01
6.162234544754028320e-01
7.547263503074645996e-01
7.435640692710876465e-01
7.904568314552307129e-01
8.056771159172058105e-01
6.488366127014160156e-01
5.311875939369201660e-01
5.528951883316040039e-01
7.169240713119506836e-01
6.259413957595825195e-01
5.845400094985961914e-01
5.967906713485717773e-01
7.306526899337768555e-01
8.736385107040405273e-01
7.801761627197265625e-01
6.315954327583312988e-01
5.461918115615844727e-01
7.251670956611633301e-01
8.377177715301513672e-01
8.154578208923339844e-01
6.619565486907958984e-01
6.604741811752319336e-01
6.345839500427246094e-01
5.395092964172363281e-01
6.721147894859313965e-01
7.399034500122070312e-01
7.869989871978759766e-01
8.135436177253723145e-01
7.246576547622680664e-01
5.641435384750366211e-01
6.090403795242309570e-01
5.956903696060180664e-01
4.604843854904174805e-01
7.672690749168395996e-01
6.827564835548400879e-01
7.420059442520141602e-01
5.779240727424621582e-01
4.085614681243896484e-01
6.475670933723449707e-01
6.712192893028259277e-01
7.410402894020080566e-01
9.780620336532592773e-01
1.182855129241943359e+00
1.413079619407653809e+00
9.843590855598449707e-01
1.088483333587646484e+00
7.454742193222045898e-01
6.250340938568115234e-01
5.631492137908935547e-01
8.684204220771789551e-01
7.663336396217346191e-01
6.902055740356445312e-01
8.669597506523132324e-01
6.593340635299682617e-01
8.284931182861328125e-01
8.507897257804870605e-01
1.072341561317443848e+00
1.013755798339843750e+00
1.732823252677917480e+00
1.926178216934204102e+00
8.017903566360473633e-01
5.527523756027221680e-01
7.472780942916870117e-01
6.335132122039794922e-01
7.941453456878662109e-01
8.564531803131103516e-01
8.725809454917907715e-01
4.939931929111480713e-01
5.459809303283691406e-01
5.822745561599731445e-01
7.196832895278930664e-01
8.134678602218627930e-01
5.186243653297424316e-01
5.924133658409118652e-01
5.796566009521484375e-01
7.346550226211547852e-01
6.245490908622741699e-01
7.573668360710144043e-01
5.837820768356323242e-01
6.316802501678466797e-01
5.027899146080017090e-01
6.177915930747985840e-01
6.165546178817749023e-01
6.171829104423522949e-01
5.563644170761108398e-01
6.374268531799316406e-01
1.106484532356262207e+00
1.306228876113891602e+00
1.183977842330932617e+00
7.366917729377746582e-01
6.263892650604248047e-01
5.000779628753662109e-01
5.866169333457946777e-01
7.911505103111267090e-01
6.431195735931396484e-01
6.287584304809570312e-01
4.585093557834625244e-01
5.904135107994079590e-01
5.676788687705993652e-01
7.308318614959716797e-01
8.010618686676025391e-01
1.182335376739501953e+00
9.613295197486877441e-01
1.049774527549743652e+00
1.139085650444030762e+00
6.798153519630432129e-01
5.101804733276367188e-01
4.856613278388977051e-01
6.532435417175292969e-01
4.482983946800231934e-01
5.111591815948486328e-01
5.432767868041992188e-01
5.293178558349609375e-01
4.479002058506011963e-01
4.733776450157165527e-01
6.427586674690246582e-01
1.113929510116577148e+00
1.379885435104370117e+00
1.453579425811767578e+00
1.294384956359863281e+00
8.160034418106079102e-01
7.380735278129577637e-01
7.956293821334838867e-01
1.128581166267395020e+00
1.273429036140441895e+00
1.315416932106018066e+00
9.611154794692993164e-01
6.146134138107299805e-01
6.052192449569702148e-01
5.228878259658813477e-01
6.838031411170959473e-01
1.065979719161987305e+00
1.171069383621215820e+00
6.763884425163269043e-01
4.360621571540832520e-01
5.325750112533569336e-01
6.002323031425476074e-01
6.895231604576110840e-01
6.906034350395202637e-01
9.110006093978881836e-01
7.091056704521179199e-01
5.515112876892089844e-01
5.422757863998413086e-01
4.560457468032836914e-01
5.551210641860961914e-01
6.939504146575927734e-01
6.258886456489562988e-01
5.483027696609497070e-01
5.798644423484802246e-01
6.763862967491149902e-01
5.417174100875854492e-01
5.659386515617370605e-01
5.213917493820190430e-01
6.630402803421020508e-01
6.094385981559753418e-01
5.069993734359741211e-01
4.234050214290618896e-01
5.885267257690429688e-01
6.945725679397583008e-01
7.125281691551208496e-01
8.394151926040649414e-01
7.750440835952758789e-01
6.429907679557800293e-01
5.119948983192443848e-01
5.714694857597351074e-01
5.768352746963500977e-01
6.705113649368286133e-01
6.945172548294067383e-01
8.341659307479858398e-01
6.115484833717346191e-01
1.016051292419433594e+00
9.186836481094360352e-01
1.060866475105285645e+00
6.054451465606689453e-01
4.876682758331298828e-01
5.933431982994079590e-01
7.272443175315856934e-01
7.864350676536560059e-01
6.776559948921203613e-01
5.435452461242675781e-01
7.104030847549438477e-01
6.694130897521972656e-01
8.060473203659057617e-01
8.866602778434753418e-01
1.089391112327575684e+00
1.010728597640991211e+00
5.673907995223999023e-01
4.880587458610534668e-01
7.083168625831604004e-01
5.384353399276733398e-01
7.440034151077270508e-01
5.236907601356506348e-01
5.951744914054870605e-01
6.200925111770629883e-01
5.844551324844360352e-01
7.576225399971008301e-01
5.582414865493774414e-01
6.082818508148193359e-01
5.631591677665710449e-01
5.881040692329406738e-01
4.777086973190307617e-01
4.630593657493591309e-01
4.787493646144866943e-01
5.364358425140380859e-01
5.818668603897094727e-01
5.392135977745056152e-01
5.219041109085083008e-01
6.235579848289489746e-01
8.084499239921569824e-01
5.332762002944946289e-01
6.308746337890625000e-01
6.028949022293090820e-01
8.225935101509094238e-01
4.417812228202819824e-01
4.217188358306884766e-01
6.044377684593200684e-01
4.500817358493804932e-01
7.336939573287963867e-01
7.772014141082763672e-01
8.940324187278747559e-01
1.033018827438354492e+00
1.029206991195678711e+00
8.621235489845275879e-01
1.380451440811157227e+00
2.076615810394287109e+00
1.675524353981018066e+00
1.044214367866516113e+00
6.541028022766113281e-01
2.981153428554534912e-01
7.194619774818420410e-01
8.635830283164978027e-01
7.102470993995666504e-01
8.489373326301574707e-01
7.728462219238281250e-01
1.595847606658935547e+00
2.216667652130126953e+00
1.097060799598693848e+00
1.262062907218933105e+00
1.531593084335327148e+00
1.171513795852661133e+00
8.987743258476257324e-01
6.917833089828491211e-01
7.296134233474731445e-01
6.541921496391296387e-01
6.409689188003540039e-01
7.157624363899230957e-01
6.661919355392456055e-01
6.602523922920227051e-01
5.621295571327209473e-01
6.316937804222106934e-01
4.601876139640808105e-01
4.602364301681518555e-01
6.306058168411254883e-01
5.116783380508422852e-01
5.646665692329406738e-01
6.365656852722167969e-01
5.980449914932250977e-01
6.478826999664306641e-01
4.698567390441894531e-01
5.102962255477905273e-01
4.396732449531555176e-01
5.346814393997192383e-01
6.991909742355346680e-01
1.030262827873229980e+00
1.092523097991943359e+00
1.180711030960083008e+00
9.209054708480834961e-01
1.128913402557373047e+00
1.464895486831665039e+00
1.254722952842712402e+00
7.047787904739379883e-01
4.952157139778137207e-01
5.902860164642333984e-01
6.511918902397155762e-01
7.550704479217529297e-01
5.685538649559020996e-01
6.218758821487426758e-01
5.811342000961303711e-01
6.905557513236999512e-01
7.463954687118530273e-01
6.211398243904113770e-01
5.915863513946533203e-01
7.362907528877258301e-01
4.958788156509399414e-01
5.610710382461547852e-01
5.345149040222167969e-01
5.871559977531433105e-01
6.865853071212768555e-01
8.124855756759643555e-01
8.022257685661315918e-01
6.189363002777099609e-01
6.466745138168334961e-01
5.835580229759216309e-01
5.789984464645385742e-01
6.359235048294067383e-01
5.324014425277709961e-01
6.094284057617187500e-01
8.397042155265808105e-01
8.120342493057250977e-01
8.117181062698364258e-01
9.527848958969116211e-01
7.760652303695678711e-01
7.398142218589782715e-01
6.226923465728759766e-01
6.318650245666503906e-01
5.103006958961486816e-01
5.769946575164794922e-01
6.228052377700805664e-01
8.747797608375549316e-01
8.675149083137512207e-01
8.887399435043334961e-01
5.966722965240478516e-01
7.487924098968505859e-01
5.978063941001892090e-01
5.885168910026550293e-01
4.461548626422882080e-01
5.044883489608764648e-01
6.383705139160156250e-01
4.647454917430877686e-01
5.631302595138549805e-01
6.205063462257385254e-01
4.919618368148803711e-01
5.373429059982299805e-01
5.818886756896972656e-01
5.681102275848388672e-01
5.542762279510498047e-01
4.931484758853912354e-01
4.170696139335632324e-01
5.385629534721374512e-01
4.509061276912689209e-01
5.247648954391479492e-01
6.631688475608825684e-01
7.333670258522033691e-01
7.533496618270874023e-01
6.678122878074645996e-01
5.167208313941955566e-01
3.233282268047332764e-01
4.662997126579284668e-01
4.047445356845855713e-01
5.603229999542236328e-01
8.680551052093505859e-01
8.299317359924316406e-01
6.942892074584960938e-01
6.292390823364257812e-01
7.302712202072143555e-01
6.383270621299743652e-01
5.541584491729736328e-01
4.803185760974884033e-01
5.842941999435424805e-01
4.707022309303283691e-01
5.026414394378662109e-01
5.362521409988403320e-01
6.726893782615661621e-01
1.056461930274963379e+00
7.692925930023193359e-01
6.691532135009765625e-01
9.009075164794921875e-01
9.363776445388793945e-01
6.101129055023193359e-01
4.330724775791168213e-01
4.198623001575469971e-01
5.604454874992370605e-01
4.756483137607574463e-01
6.236831545829772949e-01
5.708692669868469238e-01
6.514900326728820801e-01
5.876247286796569824e-01
6.603107452392578125e-01
5.943596959114074707e-01
6.091932654380798340e-01
4.745846390724182129e-01
5.443673729896545410e-01
4.947119355201721191e-01
5.192595720291137695e-01
5.587996840476989746e-01
5.148946642875671387e-01
5.812355875968933105e-01
7.009038925170898438e-01
6.526143550872802734e-01
7.084172368049621582e-01
5.721058845520019531e-01
1.258377075195312500e+00
1.302863001823425293e+00
7.870851755142211914e-01
8.082021474838256836e-01
1.298367023468017578e+00
1.103444218635559082e+00
1.049350261688232422e+00
1.550729870796203613e+00
1.430135607719421387e+00
9.202668070793151855e-01
7.194304466247558594e-01
6.931400895118713379e-01
6.935487389564514160e-01
5.839961171150207520e-01
4.004099965095520020e-01
5.718101263046264648e-01
6.982487440109252930e-01
6.007097959518432617e-01
6.039338111877441406e-01
6.440688967704772949e-01
4.591079354286193848e-01
4.436984956264495850e-01
4.285415410995483398e-01
6.358257532119750977e-01
5.586565136909484863e-01
7.393302917480468750e-01
7.825241088867187500e-01
6.312353610992431641e-01
4.882616996765136719e-01
4.955431222915649414e-01
5.554158687591552734e-01
5.209322571754455566e-01
6.472942233085632324e-01
6.729124784469604492e-01
6.891486644744873047e-01
7.992662191390991211e-01
5.887671709060668945e-01
1.251656532287597656e+00
1.547144532203674316e+00
2.401238679885864258e+00
2.841049432754516602e+00
1.191706657409667969e+00
9.929023981094360352e-01
9.847947359085083008e-01
7.909357547760009766e-01
7.358207106590270996e-01
5.933485627174377441e-01
6.153081655502319336e-01
6.315529346466064453e-01
7.264270186424255371e-01
6.775185465812683105e-01
6.603085994720458984e-01
6.630298495292663574e-01
4.101392030715942383e-01
5.379844903945922852e-01
5.833640098571777344e-01
6.102998852729797363e-01
7.045019268989562988e-01
5.600438117980957031e-01
7.916725873947143555e-01
4.645182490348815918e-01
5.387781858444213867e-01
4.574532210826873779e-01
5.064620375633239746e-01
6.809247136116027832e-01
5.415180921554565430e-01
6.529672145843505859e-01
5.916584134101867676e-01
7.918581366539001465e-01
8.159296512603759766e-01
8.946838378906250000e-01
9.651110768318176270e-01
1.004032969474792480e+00
1.053933501243591309e+00
1.691789746284484863e+00
2.057969093322753906e+00
1.000064492225646973e+00
7.857166528701782227e-01
9.228485822677612305e-01
8.222781419754028320e-01
7.143472433090209961e-01
5.653530359268188477e-01
5.408962965011596680e-01
6.700872182846069336e-01
4.712931513786315918e-01
5.044581890106201172e-01
5.156355500221252441e-01
7.270805835723876953e-01
6.723207235336303711e-01
6.038209199905395508e-01
4.792073667049407959e-01
5.892362594604492188e-01
6.411446332931518555e-01
4.236383736133575439e-01
3.877731561660766602e-01
5.860586762428283691e-01
5.010023117065429688e-01
8.970129489898681641e-01
1.020406007766723633e+00
7.781540751457214355e-01
7.858077287673950195e-01
8.697822690010070801e-01
8.401026725769042969e-01
5.452940464019775391e-01
7.405971884727478027e-01
8.259952068328857422e-01
9.161427021026611328e-01
5.904124975204467773e-01
2.977374196052551270e-01
5.468787550926208496e-01
7.045711278915405273e-01
6.085640192031860352e-01
4.005908966064453125e-01
5.530558228492736816e-01
6.456557512283325195e-01
8.736354112625122070e-01
8.715306520462036133e-01
5.432446002960205078e-01
5.378170013427734375e-01
5.877842903137207031e-01
6.419543623924255371e-01
6.604291200637817383e-01
4.914047122001647949e-01
6.326363086700439453e-01
5.927503108978271484e-01
7.883139252662658691e-01
7.962253093719482422e-01
1.368177652359008789e+00
1.336855173110961914e+00
1.117981195449829102e+00
9.494547843933105469e-01
6.834528446197509766e-01
6.606483459472656250e-01
5.962423682212829590e-01
4.912979602813720703e-01
5.487202405929565430e-01
4.678753316402435303e-01
5.173070430755615234e-01
6.096787452697753906e-01
5.504392981529235840e-01
5.604516863822937012e-01
4.549655318260192871e-01
4.384928643703460693e-01
5.951398015022277832e-01
6.306000947952270508e-01
5.080438256263732910e-01
6.161680221557617188e-01
4.673225879669189453e-01
5.376871824264526367e-01
6.392341256141662598e-01
6.956889033317565918e-01
4.910989701747894287e-01
6.181476116180419922e-01
4.901103973388671875e-01
6.274366378784179688e-01
4.931650757789611816e-01
4.257537722587585449e-01
4.419031441211700439e-01
5.684093236923217773e-01
7.041208148002624512e-01
6.759822964668273926e-01
1.013768315315246582e+00
1.170378684997558594e+00
7.176856994628906250e-01
5.661982297897338867e-01
4.939406812191009521e-01
4.083043634891510010e-01
5.249333381652832031e-01
8.036060929298400879e-01
1.007967948913574219e+00
9.142780900001525879e-01
7.788169384002685547e-01
9.387024641036987305e-01
1.000451564788818359e+00
1.038117408752441406e+00
6.391835808753967285e-01
4.444848597049713135e-01
6.085635423660278320e-01
5.343567728996276855e-01
4.021041393280029297e-01
4.414080679416656494e-01
6.175348758697509766e-01
5.888359546661376953e-01
8.718441724777221680e-01
9.352459311485290527e-01
1.089623570442199707e+00
7.710856199264526367e-01
9.793378710746765137e-01
9.397457838058471680e-01
1.195687651634216309e+00
1.200074434280395508e+00
7.317544221878051758e-01
6.800143718719482422e-01
5.491395592689514160e-01
5.932632684707641602e-01
6.587500572204589844e-01
7.340036630630493164e-01
1.060895562171936035e+00
1.081658005714416504e+00
7.351856231689453125e-01
4.962264895439147949e-01
4.094720780849456787e-01
5.510213971138000488e-01
4.669970273971557617e-01
7.288067340850830078e-01
7.964091897010803223e-01
7.440730333328247070e-01
5.192170739173889160e-01
4.425478577613830566e-01
5.269812345504760742e-01
4.150036573410034180e-01
4.859533905982971191e-01
4.724554121494293213e-01
4.569321870803833008e-01
4.919430613517761230e-01
4.602152705192565918e-01
4.423987567424774170e-01
4.648448824882507324e-01
5.183236002922058105e-01
5.725907087326049805e-01
4.277841448783874512e-01
5.822637677192687988e-01
3.741427659988403320e-01
4.843811988830566406e-01
6.899258494377136230e-01
8.358861804008483887e-01
1.171349525451660156e+00
1.043459773063659668e+00
7.818343639373779297e-01
5.702772140502929688e-01
5.152916908264160156e-01
4.482076168060302734e-01
5.866539478302001953e-01
8.141860365867614746e-01
1.280699491500854492e+00
1.206255435943603516e+00
1.010334968566894531e+00
1.595334529876708984e+00
1.480247616767883301e+00
8.390855193138122559e-01
6.296505331993103027e-01
6.090418100357055664e-01
6.693680882453918457e-01
7.628850936889648438e-01
6.985014081001281738e-01
6.287915110588073730e-01
7.166011929512023926e-01
8.016147613525390625e-01
8.344922661781311035e-01
8.005716800689697266e-01
1.061374545097351074e+00
9.313969016075134277e-01
6.625463366508483887e-01
5.083665847778320312e-01
5.333411693572998047e-01
6.659739017486572266e-01
7.659285664558410645e-01
7.999561429023742676e-01
5.804014801979064941e-01
6.089662313461303711e-01
4.996681809425354004e-01
6.107069849967956543e-01
4.829355180263519287e-01
6.615960001945495605e-01
6.377912163734436035e-01
7.307196259498596191e-01
9.477323293685913086e-01
6.031417846679687500e-01
8.307938575744628906e-01
5.948293805122375488e-01
4.881061315536499023e-01
7.200817465782165527e-01
8.889685869216918945e-01
1.257602453231811523e+00
9.564416408538818359e-01
8.938246369361877441e-01
8.269097805023193359e-01
9.681038856506347656e-01
8.148462772369384766e-01
7.962015271186828613e-01
5.603794455528259277e-01
6.529210805892944336e-01
6.262059807777404785e-01
6.188834905624389648e-01
7.567090392112731934e-01
6.275061368942260742e-01
7.248237729072570801e-01
5.032497048377990723e-01
5.059834718704223633e-01
4.830654859542846680e-01
5.264135599136352539e-01
6.904060840606689453e-01
6.772570610046386719e-01
7.316938042640686035e-01
6.552326679229736328e-01
6.713275313377380371e-01
5.179945230484008789e-01
5.315679311752319336e-01
3.720452785491943359e-01
4.023971557617187500e-01
4.377270936965942383e-01
5.172117352485656738e-01
5.313938856124877930e-01
5.817154049873352051e-01
6.584337949752807617e-01
6.880135536193847656e-01
8.445804119110107422e-01
1.113261461257934570e+00
1.042790889739990234e+00
1.530968189239501953e+00
1.237368464469909668e+00
1.087435722351074219e+00
9.491629004478454590e-01
7.827687263488769531e-01
5.220310688018798828e-01
5.690187215805053711e-01
6.397565603256225586e-01
6.626076698303222656e-01
8.066436648368835449e-01
6.280205249786376953e-01
5.889890193939208984e-01
4.449363350868225098e-01
5.200456380844116211e-01
6.246618032455444336e-01
4.260587096214294434e-01
4.852746129035949707e-01
5.752574205398559570e-01
4.913697242736816406e-01
6.283446550369262695e-01
6.264445781707763672e-01
5.118383765220642090e-01
5.162023305892944336e-01
5.213191509246826172e-01
5.426731109619140625e-01
6.811747550964355469e-01
7.840632200241088867e-01
7.352057099342346191e-01
8.278967142105102539e-01
7.130084633827209473e-01
6.840130686759948730e-01
5.312880277633666992e-01
5.905891656875610352e-01
5.442399382591247559e-01
6.400791406631469727e-01
6.311727762222290039e-01
7.048480510711669922e-01
6.328942179679870605e-01
4.382561445236206055e-01
4.580977559089660645e-01
4.853863716125488281e-01
4.018541872501373291e-01
5.689038038253784180e-01
6.935028433799743652e-01
4.954726099967956543e-01
6.128543615341186523e-01
6.202805042266845703e-01
8.862290978431701660e-01
9.185423851013183594e-01
1.042381167411804199e+00
1.342351436614990234e+00
1.848392367362976074e+00
1.630691289901733398e+00
8.252052664756774902e-01
6.510720849037170410e-01
6.306946873664855957e-01
4.779398143291473389e-01
5.731972455978393555e-01
6.482034921646118164e-01
4.918169081211090088e-01
6.661895513534545898e-01
5.921182632446289062e-01
6.254382729530334473e-01
6.437085866928100586e-01
6.747933626174926758e-01
7.263672351837158203e-01
5.060780048370361328e-01
5.003826022148132324e-01
4.197911620140075684e-01
6.189895272254943848e-01
5.249614715576171875e-01
4.567767083644866943e-01
5.263552069664001465e-01
5.184918642044067383e-01
5.479094982147216797e-01
4.108537435531616211e-01
5.769137144088745117e-01
7.222859263420104980e-01
8.038382530212402344e-01
8.101640343666076660e-01
5.827122926712036133e-01
6.536850929260253906e-01
3.844165503978729248e-01
4.769018292427062988e-01
6.327590942382812500e-01
4.314339756965637207e-01
5.140216946601867676e-01
8.225114345550537109e-01
8.091711401939392090e-01
7.852805256843566895e-01
9.270975589752197266e-01
9.676801562309265137e-01
9.487203359603881836e-01
8.765649199485778809e-01
7.085900902748107910e-01
8.644349575042724609e-01
5.787116289138793945e-01
6.745127439498901367e-01
7.197847366333007812e-01
1.130978703498840332e+00
1.300736546516418457e+00
6.621780991554260254e-01
4.262687861919403076e-01
7.024127244949340820e-01
9.504485130310058594e-01
6.913594007492065430e-01
8.188897371292114258e-01
9.508644938468933105e-01
1.267705798149108887e+00
9.188726544380187988e-01
5.343314409255981445e-01
5.604985952377319336e-01
4.658851623535156250e-01
4.920054376125335693e-01
8.172918558120727539e-01
1.099921703338623047e+00
1.041506528854370117e+00
6.853840351104736328e-01
6.422485113143920898e-01
5.453745126724243164e-01
5.999860167503356934e-01
7.804431915283203125e-01
9.801820516586303711e-01
7.921450734138488770e-01
5.105565786361694336e-01
4.360750913619995117e-01
5.323604345321655273e-01
5.837621092796325684e-01
6.894328594207763672e-01
6.116873621940612793e-01
4.003828465938568115e-01
3.922413885593414307e-01
6.392753124237060547e-01
9.982222318649291992e-01
9.672350883483886719e-01
9.456154704093933105e-01
1.023981451988220215e+00
1.010131359100341797e+00
7.247931957244873047e-01
7.971780300140380859e-01
6.996358633041381836e-01
8.233843445777893066e-01
8.616088628768920898e-01
9.651471972465515137e-01
9.203782677650451660e-01
7.225128412246704102e-01
5.597203969955444336e-01
4.853354692459106445e-01
7.575767040252685547e-01
7.149196863174438477e-01
7.228639125823974609e-01
6.970093250274658203e-01
5.859743356704711914e-01
6.241481304168701172e-01
5.531893968582153320e-01
5.772844552993774414e-01
3.481841087341308594e-01
4.849941730499267578e-01
6.467897891998291016e-01
5.845364332199096680e-01
6.040371656417846680e-01
5.371330976486206055e-01
5.238056778907775879e-01
5.753440260887145996e-01
4.406252503395080566e-01
5.375717878341674805e-01
7.472242712974548340e-01
1.071707010269165039e+00
1.932741999626159668e+00
2.049428701400756836e+00
5.997651815414428711e-01
6.173618435859680176e-01
7.933446764945983887e-01
8.036532402038574219e-01
5.752828717231750488e-01
7.452889680862426758e-01
5.570756196975708008e-01
6.853885650634765625e-01
6.160056591033935547e-01
9.561673402786254883e-01
5.940464138984680176e-01
5.391910672187805176e-01
7.814987301826477051e-01
8.546811938285827637e-01
6.660411953926086426e-01
8.528754711151123047e-01
6.336567401885986328e-01
3.844946622848510742e-01
5.791144371032714844e-01
5.213824510574340820e-01
4.558813273906707764e-01
4.550155401229858398e-01
6.579693555831909180e-01
8.271930217742919922e-01
7.531765699386596680e-01
9.494763612747192383e-01
8.138645887374877930e-01
6.206996440887451172e-01
4.387151002883911133e-01
4.568132758140563965e-01
5.650252103805541992e-01
5.108482241630554199e-01
6.297804117202758789e-01
4.073098301887512207e-01
5.272008180618286133e-01
6.112760305404663086e-01
6.695431470870971680e-01
9.766371846199035645e-01
1.052750945091247559e+00
9.964175820350646973e-01
8.200296163558959961e-01
7.472270131111145020e-01
8.019003272056579590e-01
9.231579303741455078e-01
9.638659954071044922e-01
8.701058626174926758e-01
4.799649715423583984e-01
4.459908008575439453e-01
5.927469730377197266e-01
4.775225520133972168e-01
5.663233995437622070e-01
8.036389350891113281e-01
4.630740284919738770e-01
5.674114823341369629e-01
8.657751679420471191e-01
1.091786623001098633e+00
7.980416417121887207e-01
4.432253241539001465e-01
6.822534799575805664e-01
8.510514497756958008e-01
9.391043186187744141e-01
9.383371472358703613e-01
1.180675983428955078e+00
9.781252145767211914e-01
9.896582365036010742e-01
6.218571662902832031e-01
6.419004201889038086e-01
5.980889201164245605e-01
7.468165159225463867e-01
1.169708847999572754e+00
1.507263302803039551e+00
1.585026383399963379e+00
1.085757017135620117e+00
8.936245441436767578e-01
1.160309314727783203e+00
7.029343843460083008e-01
5.151619911193847656e-01
5.802497267723083496e-01
4.481316804885864258e-01
4.463669657707214355e-01
4.363101720809936523e-01
5.570577383041381836e-01
5.108913779258728027e-01
6.440789699554443359e-01
7.900481820106506348e-01
5.814082622528076172e-01
8.618062138557434082e-01
5.464738607406616211e-01
6.381372213363647461e-01
3.765126466751098633e-01
6.738491654396057129e-01
5.260742902755737305e-01
6.816979646682739258e-01
7.438999414443969727e-01
6.770654916763305664e-01
8.360787630081176758e-01
6.617816686630249023e-01
4.499832689762115479e-01
3.408244252204895020e-01
4.633045792579650879e-01
5.245518088340759277e-01
5.981286764144897461e-01
9.158651828765869141e-01
1.311346054077148438e+00
1.187388420104980469e+00
1.175055384635925293e+00
1.088398337364196777e+00
9.507569074630737305e-01
5.812131166458129883e-01
5.551033020019531250e-01
7.978194952011108398e-01
1.017973661422729492e+00
7.674131393432617188e-01
4.698213636875152588e-01
4.555258750915527344e-01
4.037773907184600830e-01
4.813016355037689209e-01
5.912002325057983398e-01
4.983731508255004883e-01
5.519819259643554688e-01
7.341820597648620605e-01
5.528448820114135742e-01
5.213582515716552734e-01
4.714568853378295898e-01
5.072722434997558594e-01
5.391150712966918945e-01
6.172363758087158203e-01
6.024965643882751465e-01
9.855264425277709961e-01
1.122083663940429688e+00
6.171572804450988770e-01
3.935556411743164062e-01
5.218071937561035156e-01
5.352857708930969238e-01
4.118886590003967285e-01
5.861220359802246094e-01
5.867904424667358398e-01
4.651631116867065430e-01
4.164713025093078613e-01
4.631956815719604492e-01
6.568193435668945312e-01
5.920445919036865234e-01
7.769209146499633789e-01
8.007194995880126953e-01
7.626837491989135742e-01
7.964289188385009766e-01
6.816841959953308105e-01
5.246199369430541992e-01
5.259222984313964844e-01
6.363906264305114746e-01
6.794579029083251953e-01
6.237641572952270508e-01
6.514645814895629883e-01
5.013670325279235840e-01
5.274361968040466309e-01
6.894201040267944336e-01
8.000589013099670410e-01
9.429277777671813965e-01
1.063502669334411621e+00
7.180879116058349609e-01
6.343507766723632812e-01
7.591502666473388672e-01
8.846869468688964844e-01
8.543682694435119629e-01
6.238623261451721191e-01
8.207769393920898438e-01
8.082274794578552246e-01
8.255112171173095703e-01
6.728451848030090332e-01
7.041962146759033203e-01
4.234727621078491211e-01
6.621580123901367188e-01
8.486644029617309570e-01
6.965156197547912598e-01
6.542571783065795898e-01
5.890397429466247559e-01
5.492612719535827637e-01
5.532855987548828125e-01
4.773576855659484863e-01
4.662098884582519531e-01
5.155502557754516602e-01
6.850902438163757324e-01
6.754783987998962402e-01
6.894793510437011719e-01
4.501082301139831543e-01
4.229407906532287598e-01
6.007274985313415527e-01
8.234198689460754395e-01
6.672847867012023926e-01
3.967378735542297363e-01
4.867652654647827148e-01
6.280098557472229004e-01
5.618854165077209473e-01
5.903570055961608887e-01
4.824370145797729492e-01
4.512294530868530273e-01
4.952486753463745117e-01
5.010097622871398926e-01
4.344473779201507568e-01
5.691831111907958984e-01
5.405752658843994141e-01
6.157418489456176758e-01
5.314621925354003906e-01
6.909968256950378418e-01
6.260032653808593750e-01
7.621881961822509766e-01
1.022376418113708496e+00
1.068811893463134766e+00
9.716720581054687500e-01
5.901359319686889648e-01
3.881374597549438477e-01
3.626064658164978027e-01
6.088714599609375000e-01
7.952557802200317383e-01
7.229993939399719238e-01
7.556526660919189453e-01
7.038863897323608398e-01
7.480605840682983398e-01
8.397043347358703613e-01
1.092371463775634766e+00
1.883971452713012695e+00
2.920766353607177734e+00
2.410895824432373047e+00
2.114916086196899414e+00
2.301096677780151367e+00
1.847754478454589844e+00
1.031572461128234863e+00
1.072332382202148438e+00
1.103995680809020996e+00
1.010939359664916992e+00
1.209406495094299316e+00
9.779866933822631836e-01
5.214961171150207520e-01
5.529211759567260742e-01
7.636649608612060547e-01
7.757546901702880859e-01
7.785719633102416992e-01
6.544463634490966797e-01
6.495614051818847656e-01
9.783078432083129883e-01
1.114310503005981445e+00
7.655252218246459961e-01
5.780914425849914551e-01
4.731252193450927734e-01
6.252063512802124023e-01
7.921490669250488281e-01
7.659336924552917480e-01
6.643927097320556641e-01
6.592689156532287598e-01
4.595828056335449219e-01
6.411401629447937012e-01
1.019114494323730469e+00
1.021514296531677246e+00
8.908454179763793945e-01
7.066068649291992188e-01
6.323512792587280273e-01
5.543057918548583984e-01
6.309481263160705566e-01
6.251748800277709961e-01
7.123736739158630371e-01
7.679398655891418457e-01
8.797712326049804688e-01
4.391139745712280273e-01
3.931325972080230713e-01
5.246291160583496094e-01
7.389540672302246094e-01
6.239134073257446289e-01
7.109007835388183594e-01
6.686701774597167969e-01
1.096665859222412109e+00
1.699901461601257324e+00
1.780559539794921875e+00
1.503495454788208008e+00
1.045122981071472168e+00
6.863433122634887695e-01
6.018141508102416992e-01
5.905573368072509766e-01
6.372117996215820312e-01
6.017484664916992188e-01
6.843175292015075684e-01
6.323782205581665039e-01
5.464543104171752930e-01
5.772454738616943359e-01
4.679284691810607910e-01
4.635857343673706055e-01
5.209105014801025391e-01
5.338671803474426270e-01
4.579758644104003906e-01
5.551015138626098633e-01
6.338615417480468750e-01
4.209441542625427246e-01
4.712795317173004150e-01
5.200131535530090332e-01
5.424782633781433105e-01
3.864167034626007080e-01
3.800156116485595703e-01
3.742620944976806641e-01
4.637391865253448486e-01
5.187140703201293945e-01
4.526092410087585449e-01
5.231091380119323730e-01
5.952620506286621094e-01
4.940089285373687744e-01
4.893038570880889893e-01
4.886943101882934570e-01
5.470635890960693359e-01
4.851109385490417480e-01
4.650341272354125977e-01
4.517440795898437500e-01
4.693012535572052002e-01
4.631125926971435547e-01
6.558620333671569824e-01
7.468354105949401855e-01
5.141775608062744141e-01
5.320844054222106934e-01
5.180951356887817383e-01
7.051806449890136719e-01
6.970759630203247070e-01
7.639344930648803711e-01
7.352542281150817871e-01
7.271809577941894531e-01
4.880083501338958740e-01
4.895333647727966309e-01
3.340226411819458008e-01
5.202184915542602539e-01
6.873845458030700684e-01
4.905439317226409912e-01
3.891059160232543945e-01
4.449743330478668213e-01
6.038693189620971680e-01
4.023703336715698242e-01
7.301115989685058594e-01
1.189495921134948730e+00
1.041171312332153320e+00
1.272995471954345703e+00
2.349706411361694336e+00
2.031967401504516602e+00
2.856613874435424805e+00
1.890477776527404785e+00
1.199571847915649414e+00
1.455362915992736816e+00
9.631209969520568848e-01
6.348502039909362793e-01
5.067650079727172852e-01
5.966092348098754883e-01
7.444007396697998047e-01
5.354523062705993652e-01
5.995302200317382812e-01
6.986190080642700195e-01
5.323523283004760742e-01
6.099517345428466797e-01
7.947181463241577148e-01
7.679992318153381348e-01
9.326455593109130859e-01
7.344306707382202148e-01
7.406203746795654297e-01
6.423605084419250488e-01
6.446118354797363281e-01
7.449104189872741699e-01
5.694528222084045410e-01
4.750693738460540771e-01
7.408114075660705566e-01
9.381573796272277832e-01
8.434970378875732422e-01
7.700065374374389648e-01
5.702571272850036621e-01
7.299835681915283203e-01
6.240403652191162109e-01
8.499860167503356934e-01
1.003256559371948242e+00
1.008730411529541016e+00
8.792531490325927734e-01
9.949835538864135742e-01
6.023308038711547852e-01
6.893551945686340332e-01
5.067413449287414551e-01
6.632173061370849609e-01
6.332336664199829102e-01
5.579837560653686523e-01
6.153759360313415527e-01
4.950358271598815918e-01
6.870170831680297852e-01
6.042442917823791504e-01
9.548081159591674805e-01
9.287078380584716797e-01
8.703989982604980469e-01
4.720865488052368164e-01
7.266001701354980469e-01
7.407014966011047363e-01
6.134782433509826660e-01
3.730418682098388672e-01
6.647756099700927734e-01
7.554820179939270020e-01
7.921106815338134766e-01
6.752694845199584961e-01
5.468678474426269531e-01
4.937421977519989014e-01
6.924481391906738281e-01
4.658135771751403809e-01
5.268933176994323730e-01
6.566015481948852539e-01
6.139030456542968750e-01
9.687197208404541016e-01
1.239177823066711426e+00
1.281038641929626465e+00
7.838295102119445801e-01
7.560932040214538574e-01
6.475464701652526855e-01
9.538257122039794922e-01
7.417633533477783203e-01
5.947802066802978516e-01
5.672912001609802246e-01
5.461375713348388672e-01
5.210416913032531738e-01
4.694237709045410156e-01
5.691138505935668945e-01
4.660716950893402100e-01
5.515699982643127441e-01
4.443306922912597656e-01
5.496548414230346680e-01
5.096587538719177246e-01
5.832570195198059082e-01
5.931316614151000977e-01
4.307859838008880615e-01
4.054385423660278320e-01
5.341895222663879395e-01
7.442288994789123535e-01
7.310130000114440918e-01
7.414142489433288574e-01
7.238286137580871582e-01
8.365838527679443359e-01
8.908118605613708496e-01
4.588860869407653809e-01
5.905141830444335938e-01
6.007089018821716309e-01
7.959808111190795898e-01
1.118586659431457520e+00
1.051924586296081543e+00
1.096811175346374512e+00
1.033034086227416992e+00
8.545758724212646484e-01
1.249066233634948730e+00
7.552307248115539551e-01
8.071184158325195312e-01
5.991833209991455078e-01
9.336752891540527344e-01
5.537430644035339355e-01
7.036619186401367188e-01
6.898849606513977051e-01
5.245279073715209961e-01
3.550631403923034668e-01
4.315266609191894531e-01
5.085397958755493164e-01
5.905914306640625000e-01
5.796887874603271484e-01
7.605762481689453125e-01
7.619040608406066895e-01
6.265994310379028320e-01
6.283183097839355469e-01
6.863583326339721680e-01
8.123455047607421875e-01
6.436085104942321777e-01
4.933084249496459961e-01
4.950402677059173584e-01
5.175877809524536133e-01
5.970540046691894531e-01
4.722504019737243652e-01
5.914658308029174805e-01
6.736886501312255859e-01
4.032984375953674316e-01
7.000508308410644531e-01
4.647654592990875244e-01
4.563935399055480957e-01
4.238632917404174805e-01
6.500300168991088867e-01
1.014239311218261719e+00
1.410411834716796875e+00
1.256601214408874512e+00
7.476059198379516602e-01
5.343299508094787598e-01
5.038445591926574707e-01
6.582443714141845703e-01
8.726327419281005859e-01
8.783966302871704102e-01
1.379712581634521484e+00
1.127982139587402344e+00
1.682162523269653320e+00
1.771603584289550781e+00
9.695673584938049316e-01
6.448101401329040527e-01
9.373114109039306641e-01
8.370689153671264648e-01
1.034431219100952148e+00
1.090691566467285156e+00
1.117288708686828613e+00
9.035700559616088867e-01
9.651552438735961914e-01
9.541001915931701660e-01
9.500694274902343750e-01
4.790838658809661865e-01
5.189565420150756836e-01
6.326664686203002930e-01
7.162862420082092285e-01
9.272303581237792969e-01
6.345103383064270020e-01
4.990758597850799561e-01
5.724829435348510742e-01
4.800007045269012451e-01
5.598840117454528809e-01
4.002354145050048828e-01
4.655436575412750244e-01
6.325767636299133301e-01
6.677593588829040527e-01
5.945039987564086914e-01
5.047836303710937500e-01
7.961969375610351562e-01
9.247432351112365723e-01
8.101927638053894043e-01
9.869218468666076660e-01
9.736232757568359375e-01
7.772206068038940430e-01
6.348211765289306641e-01
5.409090518951416016e-01
6.016726493835449219e-01
6.825832724571228027e-01
5.253520607948303223e-01
4.716524481773376465e-01
5.683514475822448730e-01
5.785815715789794922e-01
6.390928030014038086e-01
6.713868379592895508e-01
5.501964092254638672e-01
5.202689170837402344e-01
5.891482830047607422e-01
6.847636699676513672e-01
7.793549895286560059e-01
6.603481769561767578e-01
5.192599892616271973e-01
5.512494444847106934e-01
4.051688909530639648e-01
4.787862300872802734e-01
5.292164087295532227e-01
6.632130146026611328e-01
6.513391733169555664e-01
4.592154026031494141e-01
4.562498927116394043e-01
5.691161155700683594e-01
4.249995648860931396e-01
4.519551098346710205e-01
4.846917390823364258e-01
5.532586574554443359e-01
5.381269454956054688e-01
6.626362204551696777e-01
6.073033213615417480e-01
5.170788764953613281e-01
5.820074081420898438e-01
4.383065104484558105e-01
4.642693996429443359e-01
4.105092287063598633e-01
4.724960327148437500e-01
6.501611471176147461e-01
5.560215115547180176e-01
5.226832032203674316e-01
7.683767080307006836e-01
4.466263651847839355e-01
6.208507418632507324e-01
6.512376666069030762e-01
6.862697005271911621e-01
5.146054029464721680e-01
6.130563020706176758e-01
1.003278970718383789e+00
1.535796403884887695e+00
1.118772029876708984e+00
1.612714767456054688e+00
1.975118994712829590e+00
1.800407648086547852e+00
2.711772203445434570e+00
1.504726290702819824e+00
1.158482313156127930e+00
2.121687173843383789e+00
2.015698194503784180e+00
8.359376192092895508e-01
6.794254779815673828e-01
6.586932539939880371e-01
9.129924774169921875e-01
1.351504087448120117e+00
1.675810694694519043e+00
1.064262628555297852e+00
7.632884979248046875e-01
7.588648796081542969e-01
8.379350304603576660e-01
7.627331018447875977e-01
4.963696002960205078e-01
6.924028396606445312e-01
9.635084271430969238e-01
5.704979300498962402e-01
5.420134663581848145e-01
5.219272971153259277e-01
6.256625652313232422e-01
5.115691423416137695e-01
6.522316932678222656e-01
5.969842076301574707e-01
5.013562440872192383e-01
5.829331874847412109e-01
5.522394776344299316e-01
7.712519168853759766e-01
1.115869760513305664e+00
1.269978284835815430e+00
7.851859927177429199e-01
6.211637258529663086e-01
5.957804918289184570e-01
6.749837398529052734e-01
7.018100023269653320e-01
6.650338172912597656e-01
6.861222982406616211e-01
5.492354035377502441e-01
7.848591208457946777e-01
7.488234043121337891e-01
6.934718489646911621e-01
6.805814504623413086e-01
4.170522093772888184e-01
7.721372246742248535e-01
6.452473998069763184e-01
5.281283855438232422e-01
6.140257120132446289e-01
6.831353902816772461e-01
7.252562046051025391e-01
7.216809988021850586e-01
5.777083635330200195e-01
5.701674818992614746e-01
6.496555805206298828e-01
5.497478842735290527e-01
5.747923851013183594e-01
4.074643254280090332e-01
6.543630361557006836e-01
5.039436817169189453e-01
6.227899789810180664e-01
6.899097561836242676e-01
5.162417888641357422e-01
5.212902426719665527e-01
4.257155060768127441e-01
5.783858299255371094e-01
5.510798692703247070e-01
4.564163684844970703e-01
5.679231286048889160e-01
4.334648847579956055e-01
3.927442133426666260e-01
6.897116899490356445e-01
6.780594587326049805e-01
6.346191763877868652e-01
4.567076563835144043e-01
4.521502852439880371e-01
6.448909640312194824e-01
6.967481374740600586e-01
9.515069127082824707e-01
1.009394168853759766e+00
1.071817755699157715e+00
1.069840908050537109e+00
7.214583158493041992e-01
6.439484357833862305e-01
7.507404088973999023e-01
6.646257638931274414e-01
5.517096519470214844e-01
4.086607098579406738e-01
3.822305798530578613e-01
6.478414535522460938e-01
8.403389453887939453e-01
6.073733568191528320e-01
6.634089946746826172e-01
4.107811450958251953e-01
5.822666883468627930e-01
5.140368938446044922e-01
6.169416904449462891e-01
4.343237280845642090e-01
5.366321206092834473e-01
5.339491367340087891e-01
5.582208037376403809e-01
4.632210135459899902e-01
4.751732349395751953e-01
6.200321912765502930e-01
4.478675127029418945e-01
5.606324076652526855e-01
4.328764677047729492e-01
5.073658227920532227e-01
3.883693218231201172e-01
6.100935935974121094e-01
6.544220447540283203e-01
6.633870601654052734e-01
7.188490033149719238e-01
5.279290676116943359e-01
6.917215585708618164e-01
9.027574062347412109e-01
7.161106467247009277e-01
3.767905235290527344e-01
4.058186113834381104e-01
5.215340852737426758e-01
5.259019732475280762e-01
5.620980262756347656e-01
8.190914392471313477e-01
8.101955652236938477e-01
6.196462512016296387e-01
6.542670726776123047e-01
5.094066858291625977e-01
8.420267701148986816e-01
1.146630764007568359e+00
1.273868680000305176e+00
2.261848688125610352e+00
3.024394750595092773e+00
2.504333019256591797e+00
1.402776002883911133e+00
1.026924967765808105e+00
1.288856625556945801e+00
9.535179734230041504e-01
7.803096175193786621e-01
8.222898244857788086e-01
7.959939241409301758e-01
5.036423206329345703e-01
7.128621935844421387e-01
5.954952239990234375e-01
1.330348372459411621e+00
6.693350076675415039e-01
7.841594219207763672e-01
7.193422317504882812e-01
5.412684679031372070e-01
5.238317251205444336e-01
5.763188600540161133e-01
6.153199672698974609e-01
7.587227821350097656e-01
8.328684568405151367e-01
7.823450565338134766e-01
1.020036697387695312e+00
8.058749437332153320e-01
9.186560511589050293e-01
5.557599067687988281e-01
4.717434346675872803e-01
5.703316926956176758e-01
8.825103044509887695e-01
6.610843539237976074e-01
6.300971508026123047e-01
5.305727124214172363e-01
5.601863861083984375e-01
5.450446605682373047e-01
8.309980630874633789e-01
7.833375334739685059e-01
6.870481967926025391e-01
5.986212491989135742e-01
4.197767972946166992e-01
6.692090034484863281e-01
5.249078869819641113e-01
4.534587264060974121e-01
5.363177061080932617e-01
4.850432276725769043e-01
5.828838348388671875e-01
5.702158808708190918e-01
5.872994661331176758e-01
4.471614658832550049e-01
4.751231968402862549e-01
6.556932926177978516e-01
4.944509863853454590e-01
4.944057166576385498e-01
5.920966267585754395e-01
4.395652711391448975e-01
4.620098769664764404e-01
5.646878480911254883e-01
6.263481378555297852e-01
4.990488588809967041e-01
4.509634375572204590e-01
4.652953445911407471e-01
4.249028563499450684e-01
5.279643535614013672e-01
4.989571273326873779e-01
5.174673795700073242e-01
4.670714437961578369e-01
4.277163147926330566e-01
4.767892360687255859e-01
5.305330753326416016e-01
5.667878389358520508e-01
5.336515903472900391e-01
3.829961419105529785e-01
6.949892640113830566e-01
3.934296965599060059e-01
3.167232573032379150e-01
7.297849655151367188e-01
8.143284916877746582e-01
6.613255143165588379e-01
5.113637447357177734e-01
5.266028046607971191e-01
6.488664746284484863e-01
6.188590526580810547e-01
6.423199176788330078e-01
5.924814343452453613e-01
6.898555159568786621e-01
5.568977594375610352e-01
4.770828485488891602e-01
6.062787771224975586e-01
5.918729305267333984e-01
8.878136873245239258e-01
8.233038187026977539e-01
1.076301574707031250e+00
1.074060678482055664e+00
7.949805259704589844e-01
6.921471953392028809e-01
6.846325993537902832e-01
3.563424348831176758e-01
5.395425558090209961e-01
5.919024944305419922e-01
4.488178491592407227e-01
4.593428671360015869e-01
5.961832404136657715e-01
5.750519037246704102e-01
3.891952335834503174e-01
5.453590750694274902e-01
5.806794166564941406e-01
5.628827214241027832e-01
4.651949405670166016e-01
4.603434205055236816e-01
6.207289695739746094e-01
4.312589764595031738e-01
5.628600120544433594e-01
5.626745223999023438e-01
7.224325537681579590e-01
1.020346999168395996e+00
7.422091960906982422e-01
1.317420959472656250e+00
2.740469694137573242e+00
9.758632779121398926e-01
8.838783502578735352e-01
1.446114659309387207e+00
2.113159656524658203e+00
9.355985522270202637e-01
9.408837556838989258e-01
1.036561965942382812e+00
6.066142916679382324e-01
6.227039098739624023e-01
4.819193780422210693e-01
4.987788200378417969e-01
5.859813690185546875e-01
4.778882265090942383e-01
6.623862385749816895e-01
4.836267232894897461e-01
6.821006536483764648e-01
5.834908485412597656e-01
6.143678426742553711e-01
5.858360528945922852e-01
8.502701520919799805e-01
7.147746682167053223e-01
8.138275146484375000e-01
5.232573747634887695e-01
6.846089363098144531e-01
5.478471517562866211e-01
6.401922702789306641e-01
5.394470691680908203e-01
6.335567235946655273e-01
5.626399517059326172e-01
7.468590736389160156e-01
7.285322546958923340e-01
9.029649496078491211e-01
4.822986125946044922e-01
4.476515650749206543e-01
6.356759071350097656e-01
6.716721653938293457e-01
7.263944149017333984e-01
4.357430934906005859e-01
5.325237512588500977e-01
4.103555083274841309e-01
6.134740710258483887e-01
1.084799528121948242e+00
1.058838009834289551e+00
6.981762051582336426e-01
5.094923973083496094e-01
8.102407455444335938e-01
6.072906851768493652e-01
6.389526724815368652e-01
8.168110847473144531e-01
1.102597951889038086e+00
6.422440409660339355e-01
5.883939266204833984e-01
1.021671891212463379e+00
1.831177234649658203e+00
1.325152277946472168e+00
8.643972277641296387e-01
1.214091539382934570e+00
1.028523445129394531e+00
5.245900154113769531e-01
8.334568738937377930e-01
7.036450505256652832e-01
6.374725103378295898e-01
4.692342877388000488e-01
4.273420572280883789e-01
5.325358510017395020e-01
6.389085650444030762e-01
5.593791604042053223e-01
5.973201990127563477e-01
4.924024343490600586e-01
6.311323642730712891e-01
6.161915659904479980e-01
7.371366024017333984e-01
6.658772826194763184e-01
7.616275548934936523e-01
4.708629250526428223e-01
4.517289698123931885e-01
4.582473635673522949e-01
5.441603064537048340e-01
1.139176845550537109e+00
1.447636008262634277e+00
1.274797320365905762e+00
9.536122679710388184e-01
9.288593530654907227e-01
6.818906664848327637e-01
8.089145421981811523e-01
6.327514648437500000e-01
6.002231240272521973e-01
5.642551779747009277e-01
5.583978295326232910e-01
6.827932000160217285e-01
7.188514471054077148e-01
6.956162452697753906e-01
4.147790074348449707e-01
4.955066144466400146e-01
5.076650977134704590e-01
3.894913792610168457e-01
4.720415174961090088e-01
4.996546208858489990e-01
6.152802109718322754e-01
6.069627404212951660e-01
3.720605075359344482e-01
6.027443408966064453e-01
7.054482698440551758e-01
3.629120588302612305e-01
9.260731935501098633e-01
7.110808491706848145e-01
5.166256427764892578e-01
4.246622920036315918e-01
4.644162058830261230e-01
4.843750000000000000e-01
5.414288043975830078e-01
4.762743115425109863e-01
6.019532680511474609e-01
4.027941226959228516e-01
5.120398998260498047e-01
4.972389936447143555e-01
9.352152347564697266e-01
1.240342736244201660e+00
1.085448861122131348e+00
9.679725766181945801e-01
6.729556918144226074e-01
2.724917531013488770e-01
4.449599385261535645e-01
8.432103395462036133e-01
8.113521933555603027e-01
5.026451945304870605e-01
5.138875246047973633e-01
5.875315666198730469e-01
8.082007765769958496e-01
5.406187176704406738e-01
5.439724922180175781e-01
5.098598003387451172e-01
4.938525855541229248e-01
4.942349791526794434e-01
5.339671969413757324e-01
4.246678948402404785e-01
5.429993271827697754e-01
4.718134105205535889e-01
5.501252412796020508e-01
8.244513273239135742e-01
6.889947652816772461e-01
3.816649317741394043e-01
3.597476780414581299e-01
4.206962287425994873e-01
5.376446843147277832e-01
6.769593954086303711e-01
6.185504794120788574e-01
5.991293787956237793e-01
4.252219200134277344e-01
3.632020354270935059e-01
5.177481770515441895e-01
3.708660602569580078e-01
4.856347441673278809e-01
6.344797015190124512e-01
8.750071525573730469e-01
6.411246061325073242e-01
4.075633287429809570e-01
3.468707799911499023e-01
3.970641493797302246e-01
4.378034472465515137e-01
4.403737783432006836e-01
5.678946971893310547e-01
5.377515554428100586e-01
5.352156162261962891e-01
6.600664854049682617e-01
5.455142259597778320e-01
6.451448202133178711e-01
5.453370809555053711e-01
5.650838613510131836e-01
5.616677999496459961e-01
5.883686542510986328e-01
5.384894609451293945e-01
3.631253540515899658e-01
4.484972655773162842e-01
4.298695623874664307e-01
3.603471219539642334e-01
3.098871707916259766e-01
5.252065658569335938e-01
6.051883697509765625e-01
4.746445417404174805e-01
7.402958273887634277e-01
1.166855454444885254e+00
9.037647247314453125e-01
1.800452351570129395e+00
2.914665699005126953e+00
1.336760163307189941e+00
9.695875048637390137e-01
6.705058217048645020e-01
8.113495111465454102e-01
8.417041897773742676e-01
1.578280687332153320e+00
2.487015962600708008e+00
1.718670010566711426e+00
1.195518732070922852e+00
6.726946830749511719e-01
6.000093221664428711e-01
6.722416877746582031e-01
7.354878783226013184e-01
4.287620782852172852e-01
6.862750053405761719e-01
5.355343818664550781e-01
6.463367938995361328e-01
1.160942316055297852e+00
1.276424884796142578e+00
1.578484058380126953e+00
1.381941795349121094e+00
8.885525465011596680e-01
6.388824582099914551e-01
7.010414004325866699e-01
6.139608621597290039e-01
9.850948452949523926e-01
7.963845133781433105e-01
7.226092815399169922e-01
4.761169850826263428e-01
4.823103547096252441e-01
3.904942870140075684e-01
5.649758577346801758e-01
5.757555961608886719e-01
7.277860641479492188e-01
8.922631740570068359e-01
7.131496071815490723e-01
4.614796638488769531e-01
4.041689634323120117e-01
5.068299770355224609e-01
5.924060344696044922e-01
6.527190208435058594e-01
6.227845549583435059e-01
5.830866098403930664e-01
5.779095292091369629e-01
3.945515751838684082e-01
5.854041576385498047e-01
3.448997139930725098e-01
5.171601772308349609e-01
4.470735788345336914e-01
4.622184038162231445e-01
5.499593019485473633e-01
6.300324201583862305e-01
7.561122179031372070e-01
4.680310189723968506e-01
6.852257847785949707e-01
7.636598944664001465e-01
1.183094263076782227e+00
8.060435056686401367e-01
6.831450462341308594e-01
2.513696551322937012e-01
6.587884426116943359e-01
7.226454019546508789e-01
6.481461524963378906e-01
5.492419600486755371e-01
6.349449157714843750e-01
6.519545316696166992e-01
6.646235585212707520e-01
5.409207344055175781e-01
3.817027211189270020e-01
5.733824968338012695e-01
5.005069971084594727e-01
4.838163852691650391e-01
4.847075343132019043e-01
6.416744589805603027e-01
6.983023881912231445e-01
7.420374155044555664e-01
4.692379236221313477e-01
3.940831720829010010e-01
3.408154845237731934e-01
4.614863991737365723e-01
6.380279660224914551e-01
6.882385015487670898e-01
5.360150337219238281e-01
5.284128189086914062e-01
3.785818517208099365e-01
4.329337477684020996e-01
5.912353992462158203e-01
4.722615778446197510e-01
5.009706020355224609e-01
5.745972394943237305e-01
7.557001709938049316e-01
1.195084452629089355e+00
1.488508701324462891e+00
2.444220304489135742e+00
5.000429153442382812e+00
2.473797321319580078e+00
2.858819723129272461e+00
2.034451961517333984e+00
1.032964468002319336e+00
1.006830930709838867e+00
9.825626015663146973e-01
1.049133896827697754e+00
7.432248592376708984e-01
8.167644739151000977e-01
8.333550691604614258e-01
9.273567199707031250e-01
1.271560668945312500e+00
1.062924385070800781e+00
3.047286272048950195e-01
6.476039886474609375e-01
9.487227201461791992e-01
1.171802163124084473e+00
1.172727346420288086e+00
6.739110350608825684e-01
5.940580368041992188e-01
6.406052112579345703e-01
4.390999078750610352e-01
6.748091578483581543e-01
7.137359976768493652e-01
6.211913228034973145e-01
7.563773393630981445e-01
6.921175122261047363e-01
5.889248251914978027e-01
5.313237905502319336e-01
5.310730934143066406e-01
6.066047549247741699e-01
5.439957976341247559e-01
6.488765478134155273e-01
6.825419664382934570e-01
5.369960069656372070e-01
6.107259988784790039e-01
5.316478013992309570e-01
6.920325756072998047e-01
6.072793006896972656e-01
3.901009559631347656e-01
4.186768233776092529e-01
5.833764672279357910e-01
4.605612456798553467e-01
4.207747280597686768e-01
6.265585422515869141e-01
3.759827613830566406e-01
5.264224410057067871e-01
4.678133428096771240e-01
4.500719010829925537e-01
4.000330865383148193e-01
4.519768357276916504e-01
4.779000282287597656e-01
4.794858694076538086e-01
5.552800893783569336e-01
3.666746616363525391e-01
6.245997548103332520e-01
4.304564595222473145e-01
4.314289987087249756e-01
4.204973578453063965e-01
3.744052648544311523e-01
3.666879832744598389e-01
1.080044031143188477e+00
5.519761443138122559e-01
5.365675687789916992e-01
6.037917137145996094e-01
8.281757235527038574e-01
1.281423926353454590e+00
8.748241662979125977e-01
5.561909675598144531e-01
4.575930535793304443e-01
4.784692525863647461e-01
5.583866238594055176e-01
5.983930826187133789e-01
5.035348534584045410e-01
3.702012598514556885e-01
4.783043861389160156e-01
3.040021955966949463e-01
4.484616219997406006e-01
4.099225401878356934e-01
4.185366034507751465e-01
5.063906311988830566e-01
3.779076337814331055e-01
3.978997766971588135e-01
5.534029006958007812e-01
6.073259115219116211e-01
3.783243894577026367e-01
4.179481565952301025e-01
5.793465375900268555e-01
9.618849754333496094e-01
9.435532689094543457e-01
1.143765091896057129e+00
8.144336938858032227e-01
9.897950291633605957e-01
1.511631369590759277e+00
1.113952636718750000e+00
7.908427119255065918e-01
6.147868037223815918e-01
5.386292338371276855e-01
5.779731273651123047e-01
4.737090468406677246e-01
5.394725799560546875e-01
4.204301834106445312e-01
5.441609621047973633e-01
7.303414344787597656e-01
7.809229493141174316e-01
6.782154440879821777e-01
4.251484572887420654e-01
3.834193944931030273e-01
5.523291230201721191e-01
5.156656503677368164e-01
4.914434850215911865e-01
6.405884623527526855e-01
4.180491566658020020e-01
5.032117366790771484e-01
4.491001367568969727e-01
4.852117896080017090e-01
5.823846459388732910e-01
5.494931936264038086e-01
4.225369095802307129e-01
4.712742567062377930e-01
3.446600437164306641e-01
4.649510979652404785e-01
5.345178842544555664e-01
5.901643633842468262e-01
4.297288656234741211e-01
4.888232648372650146e-01
5.993615388870239258e-01
6.400668025016784668e-01
7.883955836296081543e-01
9.339863657951354980e-01
5.046233534812927246e-01
4.098181426525115967e-01
4.308727383613586426e-01
3.046073913574218750e-01
3.100976347923278809e-01
3.505362272262573242e-01
4.648652970790863037e-01
3.396124839782714844e-01
3.657355606555938721e-01
5.596041083335876465e-01
3.501352369785308838e-01
8.136765360832214355e-01
9.429425001144409180e-01
8.640906214714050293e-01
1.343491077423095703e+00
8.386197090148925781e-01
4.186111688613891602e-01
7.595388889312744141e-01
1.278319597244262695e+00
1.321087718009948730e+00
1.890959143638610840e+00
1.528273940086364746e+00
1.065656661987304688e+00
1.440620779991149902e+00
1.071072101593017578e+00
6.213114857673645020e-01
5.386280417442321777e-01
6.221719980239868164e-01
6.790406703948974609e-01
6.729894280433654785e-01
6.157170534133911133e-01
6.177463531494140625e-01
5.489019751548767090e-01
4.849582612514495850e-01
6.103876829147338867e-01
4.281327724456787109e-01
5.203350186347961426e-01
5.259093046188354492e-01
5.805486440658569336e-01
5.318497419357299805e-01
7.035292387008666992e-01
7.155507802963256836e-01
6.754814386367797852e-01
4.428734779357910156e-01
4.657695293426513672e-01
4.977443814277648926e-01
4.432247281074523926e-01
5.355159640312194824e-01
6.437792181968688965e-01
7.400506734848022461e-01
5.311540961265563965e-01
5.919971466064453125e-01
6.091456413269042969e-01
5.731283426284790039e-01
3.623330593109130859e-01
5.754488706588745117e-01
4.402938187122344971e-01
4.039666950702667236e-01
5.076222419738769531e-01
5.048165321350097656e-01
4.171101748943328857e-01
3.829102516174316406e-01
2.975289225578308105e-01
3.885253965854644775e-01
2.640115618705749512e-01
6.271337270736694336e-01
7.293115258216857910e-01
7.497036457061767578e-01
6.953805088996887207e-01
6.137203574180603027e-01
5.945378541946411133e-01
4.952190816402435303e-01
5.337593555450439453e-01
5.822761058807373047e-01
6.374406218528747559e-01
4.596138894557952881e-01
6.079984903335571289e-01
5.977389216423034668e-01
5.943161845207214355e-01
4.357959330081939697e-01
5.241878032684326172e-01
4.740607142448425293e-01
3.525486886501312256e-01
4.175184965133666992e-01
5.386487245559692383e-01
5.431692600250244141e-01
6.162606477737426758e-01
5.167719125747680664e-01
4.738908410072326660e-01
6.541845798492431641e-01
5.456629991531372070e-01
6.867004036903381348e-01
5.947602987289428711e-01
4.847189188003540039e-01
5.084022879600524902e-01
6.514011621475219727e-01
7.550084590911865234e-01
1.010225057601928711e+00
1.444079875946044922e+00
1.228981852531433105e+00
1.293757438659667969e+00
1.561314463615417480e+00
1.369970798492431641e+00
9.670280218124389648e-01
1.259126067161560059e+00
1.360738396644592285e+00
9.925967454910278320e-01
8.280060291290283203e-01
8.931736350059509277e-01
4.165357649326324463e-01
4.881619811058044434e-01
6.180775761604309082e-01
5.121858716011047363e-01
7.666889429092407227e-01
7.608422040939331055e-01
6.263736486434936523e-01
4.699937701225280762e-01
5.386372804641723633e-01
6.132864952087402344e-01
7.855991721153259277e-01
6.273680925369262695e-01
5.416536927223205566e-01
4.424720704555511475e-01
4.710041284561157227e-01
5.069234371185302734e-01
5.092586278915405273e-01
6.641029715538024902e-01
6.450673341751098633e-01
4.861037433147430420e-01
3.632805943489074707e-01
7.226169109344482422e-01
7.192214131355285645e-01
6.809835433959960938e-01
8.483892679214477539e-01
4.907440543174743652e-01
3.296536803245544434e-01
4.422773122787475586e-01
4.722491502761840820e-01
4.078125357627868652e-01
4.434185326099395752e-01
4.876604378223419189e-01
4.017021954059600830e-01
4.565658867359161377e-01
3.926987648010253906e-01
3.705877065658569336e-01
4.960268437862396240e-01
4.251002073287963867e-01
4.277601540088653564e-01
4.020879864692687988e-01
4.971847832202911377e-01
4.048904180526733398e-01
5.212762951850891113e-01
4.339237809181213379e-01
5.056285262107849121e-01
4.280501008033752441e-01
6.183156967163085938e-01
4.967476427555084229e-01
4.796390831470489502e-01
4.109515547752380371e-01
4.536072313785552979e-01
2.942221760749816895e-01
4.481405317783355713e-01
4.501770138740539551e-01
4.251874685287475586e-01
6.680245399475097656e-01
6.395534276962280273e-01
7.466078996658325195e-01
6.535539627075195312e-01
4.943013787269592285e-01
5.678582787513732910e-01
5.530440807342529297e-01
8.018529415130615234e-01
8.841272592544555664e-01
5.926343798637390137e-01
4.364419281482696533e-01
4.345169961452484131e-01
5.396902561187744141e-01
5.668053627014160156e-01
6.374543309211730957e-01
5.976454019546508789e-01
6.290012001991271973e-01
6.211935281753540039e-01
4.256895780563354492e-01
4.824144244194030762e-01
3.228362202644348145e-01
3.256160616874694824e-01
3.826621174812316895e-01
3.959643244743347168e-01
3.630443215370178223e-01
4.343166351318359375e-01
4.625517725944519043e-01
4.754243493080139160e-01
5.954371690750122070e-01
4.319024085998535156e-01
3.901118040084838867e-01
4.902935028076171875e-01
3.444635868072509766e-01
3.969289362430572510e-01
6.323549747467041016e-01
5.193700790405273438e-01
3.612226843833923340e-01
4.696385860443115234e-01
4.504033625125885010e-01
4.376142621040344238e-01
6.035978794097900391e-01
4.742371439933776855e-01
3.995501995086669922e-01
4.606855809688568115e-01
6.159719228744506836e-01
9.231768846511840820e-01
1.228703379631042480e+00
1.212265610694885254e+00
1.182634711265563965e+00
6.376422047615051270e-01
1.082191228866577148e+00
8.802309036254882812e-01
8.899687528610229492e-01
1.043187379837036133e+00
1.111739993095397949e+00
1.588899135589599609e+00
6.516009569168090820e-01
5.107258558273315430e-01
5.711507201194763184e-01
6.473711729049682617e-01
4.818053543567657471e-01
5.363029241561889648e-01
4.213667511940002441e-01
4.740344882011413574e-01
6.134492158889770508e-01
3.674209713935852051e-01
4.170871675014495850e-01
5.347413420677185059e-01
4.367347955703735352e-01
3.116632997989654541e-01
4.498267173767089844e-01
5.938342213630676270e-01
6.690610647201538086e-01
8.024614453315734863e-01
6.710510253906250000e-01
4.100624620914459229e-01
5.471733808517456055e-01
4.061039388179779053e-01
3.565117120742797852e-01
4.504633843898773193e-01
5.389649868011474609e-01
8.194234371185302734e-01
7.684649825096130371e-01
6.954059600830078125e-01
4.423969984054565430e-01
4.561917781829833984e-01
3.968914747238159180e-01
4.509476125240325928e-01
4.549028873443603516e-01
2.767968177795410156e-01
4.924514889717102051e-01
5.577376484870910645e-01
4.805391728878021240e-01
3.350960910320281982e-01
4.267520904541015625e-01
4.978024363517761230e-01
5.473664402961730957e-01
4.980347156524658203e-01
6.502903699874877930e-01
5.656560659408569336e-01
3.237478435039520264e-01
4.372273087501525879e-01
5.303349494934082031e-01
5.123895406723022461e-01
5.460101962089538574e-01
7.697422504425048828e-01
5.400839447975158691e-01
5.994265675544738770e-01
4.459464550018310547e-01
4.783952534198760986e-01
5.235098600387573242e-01
5.103074908256530762e-01
4.072382748126983643e-01
3.578082323074340820e-01
4.442012310028076172e-01
3.930622339248657227e-01
4.056314229965209961e-01
4.131655097007751465e-01
4.028512835502624512e-01
3.968971371650695801e-01
3.782203197479248047e-01
4.121688902378082275e-01
5.844451189041137695e-01
5.356549620628356934e-01
3.930201232433319092e-01
4.614498615264892578e-01
4.316783249378204346e-01
4.226211607456207275e-01
5.163018703460693359e-01
5.647571086883544922e-01
9.047389030456542969e-01
8.173958659172058105e-01
1.393005371093750000e+00
2.533201456069946289e+00
1.826527953147888184e+00
1.370976805686950684e+00
1.482180595397949219e+00
9.181183576583862305e-01
9.856115579605102539e-01
5.963542461395263672e-01
7.605956196784973145e-01
7.493131756782531738e-01
1.480547666549682617e+00
1.881310462951660156e+00
1.048350572586059570e+00
8.090628385543823242e-01
9.465938210487365723e-01
6.996735334396362305e-01
6.311706304550170898e-01
4.808909893035888672e-01
5.652818083763122559e-01
5.506124496459960938e-01
6.672821640968322754e-01
8.348112702369689941e-01
6.633547544479370117e-01
4.419554471969604492e-01
3.759284317493438721e-01
5.379387140274047852e-01
4.916332662105560303e-01
3.592209815979003906e-01
2.891371250152587891e-01
4.897400736808776855e-01
5.650982260704040527e-01
4.658279418945312500e-01
5.553123950958251953e-01
5.632711052894592285e-01
3.928060829639434814e-01
3.652061223983764648e-01
4.823197126388549805e-01
3.871732950210571289e-01
4.801494777202606201e-01
6.143524646759033203e-01
4.531216621398925781e-01
3.644632697105407715e-01
4.944037795066833496e-01
5.184149742126464844e-01
6.014938354492187500e-01
7.709215879440307617e-01
5.369920134544372559e-01
4.373196363449096680e-01
6.098007559776306152e-01
6.930876970291137695e-01
5.175754427909851074e-01
5.064573287963867188e-01
5.462894439697265625e-01
4.968480467796325684e-01
6.362746953964233398e-01
3.700163066387176514e-01
4.850430786609649658e-01
3.480610847473144531e-01
2.919544875621795654e-01
3.943655490875244141e-01
7.746196985244750977e-01
1.294828295707702637e+00
1.365643978118896484e+00
5.575172901153564453e-01
5.886014699935913086e-01
1.033402919769287109e+00
1.177609562873840332e+00
8.264257907867431641e-01
7.223999500274658203e-01
6.803947091102600098e-01
5.537523627281188965e-01
7.804526686668395996e-01
1.181226968765258789e+00
1.187631726264953613e+00
1.003296732902526855e+00
7.451493740081787109e-01
6.384419202804565430e-01
9.756944179534912109e-01
7.619433403015136719e-01
8.208041787147521973e-01
5.742517709732055664e-01
6.212767362594604492e-01
5.531665086746215820e-01
6.698082089424133301e-01
4.784792065620422363e-01
4.446554183959960938e-01
4.744831323623657227e-01
5.402603149414062500e-01
2.610251605510711670e-01
4.412834644317626953e-01
4.332220554351806641e-01
4.756021499633789062e-01
4.368323683738708496e-01
4.633806049823760986e-01
4.240552783012390137e-01
3.348000049591064453e-01
3.164017498493194580e-01
5.096040964126586914e-01
4.189512431621551514e-01
4.590884447097778320e-01
4.793232083320617676e-01
4.841645359992980957e-01
4.167512953281402588e-01
4.191238284111022949e-01
3.773606419563293457e-01
3.226697444915771484e-01
4.167107343673706055e-01
3.386614620685577393e-01
3.673360049724578857e-01
4.049347043037414551e-01
5.218867659568786621e-01
4.816750288009643555e-01
3.516287803649902344e-01
3.736410140991210938e-01
4.146280288696289062e-01
4.047623872756958008e-01
4.542488455772399902e-01
7.436224222183227539e-01
1.037870764732360840e+00
9.053023457527160645e-01
1.776753067970275879e+00
2.246012926101684570e+00
3.343269109725952148e+00
2.073370218276977539e+00
1.411615729331970215e+00
1.280628323554992676e+00
6.987652778625488281e-01
9.729841351509094238e-01
7.671595811843872070e-01
8.347793817520141602e-01
7.168328762054443359e-01
9.960927963256835938e-01
9.306624531745910645e-01
1.017709851264953613e+00
5.603637099266052246e-01
6.355581283569335938e-01
4.722221493721008301e-01
6.096079349517822266e-01
5.393400192260742188e-01
6.152905225753784180e-01
5.940732955932617188e-01
3.350420296192169189e-01
4.982171952724456787e-01
6.484956145286560059e-01
5.467319488525390625e-01
7.290509939193725586e-01
3.443735837936401367e-01
4.842980504035949707e-01
6.398441791534423828e-01
8.651912808418273926e-01
1.043259382247924805e+00
7.407835721969604492e-01
5.273847579956054688e-01
4.572147727012634277e-01
5.250120759010314941e-01
5.129410028457641602e-01
4.492678642272949219e-01
5.585872530937194824e-01
4.443143010139465332e-01
3.561593294143676758e-01
4.922057986259460449e-01
3.722665905952453613e-01
4.445573985576629639e-01
5.985324382781982422e-01
4.601383805274963379e-01
6.341664791107177734e-01
4.803656041622161865e-01
3.147528171539306641e-01
4.714474081993103027e-01
3.274495899677276611e-01
4.350943267345428467e-01
3.013963103294372559e-01
3.840953111648559570e-01
2.824099063873291016e-01
4.362836778163909912e-01
4.273481965065002441e-01
3.768171072006225586e-01
4.895273745059967041e-01
4.082130193710327148e-01
3.615161478519439697e-01
3.237406611442565918e-01
3.720487356185913086e-01
3.610613644123077393e-01
5.223481655120849609e-01
3.928232789039611816e-01
3.975224196910858154e-01
4.901039600372314453e-01
3.508746623992919922e-01
4.099604487419128418e-01
3.551237285137176514e-01
3.852405846118927002e-01
9.782714843750000000e-01
1.345238447189331055e+00
2.596246242523193359e+00
1.582375288009643555e+00
1.148314476013183594e+00
1.857880830764770508e+00
1.550757408142089844e+00
1.898270130157470703e+00
2.047365188598632812e+00
1.092957496643066406e+00
1.452166318893432617e+00
2.299760580062866211e+00
1.412484526634216309e+00
6.512018442153930664e-01
6.718389391899108887e-01
6.209245920181274414e-01
8.548935651779174805e-01
9.385117888450622559e-01
9.563035964965820312e-01
1.377755522727966309e+00
6.929127573966979980e-01
6.540031433105468750e-01
7.277321219444274902e-01
7.396529316902160645e-01
6.706112623214721680e-01
7.137496471405029297e-01
7.687914371490478516e-01
6.222001314163208008e-01
8.092374205589294434e-01
1.076982617378234863e+00
1.009928107261657715e+00
1.567146182060241699e+00
1.799880504608154297e+00
1.000966310501098633e+00
4.541183412075042725e-01
5.129911899566650391e-01
7.599450349807739258e-01
1.014140367507934570e+00
7.965865731239318848e-01
9.118115901947021484e-01
5.485880374908447266e-01
6.146401762962341309e-01
6.482765078544616699e-01
6.012866497039794922e-01
4.728409349918365479e-01
5.366699099540710449e-01
5.055569410324096680e-01
4.478059411048889160e-01
4.377032816410064697e-01
4.697615206241607666e-01
4.405056834220886230e-01
4.223943054676055908e-01
4.290186762809753418e-01
4.254842996597290039e-01
4.041560292243957520e-01
5.629781484603881836e-01
7.386952042579650879e-01
6.739519238471984863e-01
8.920282721519470215e-01
6.578411459922790527e-01
4.987956583499908447e-01
3.966323137283325195e-01
4.658332765102386475e-01
4.894297122955322266e-01
5.903583765029907227e-01
7.341389656066894531e-01
8.165983557701110840e-01
5.119677782058715820e-01
6.483048796653747559e-01
7.847378253936767578e-01
8.831697106361389160e-01
6.834007501602172852e-01
4.449490904808044434e-01
4.887441992759704590e-01
3.213752806186676025e-01
4.950991868972778320e-01
4.766856431961059570e-01
4.150659441947937012e-01
6.126352548599243164e-01
5.294647812843322754e-01
4.413359463214874268e-01
4.594467282295227051e-01
3.893110156059265137e-01
3.594544529914855957e-01
3.696818947792053223e-01
3.130482435226440430e-01
4.675412774085998535e-01
4.004434943199157715e-01
6.103211641311645508e-01
5.624833106994628906e-01
4.436122179031372070e-01
3.386188447475433350e-01
4.371076226234436035e-01
3.869082331657409668e-01
4.171246886253356934e-01
4.447441995143890381e-01
5.073021650314331055e-01
6.210810542106628418e-01
5.214247107505798340e-01
4.310961663722991943e-01
4.776551127433776855e-01
4.643170833587646484e-01
3.087330460548400879e-01
4.030296802520751953e-01
4.404551088809967041e-01
4.571236968040466309e-01
5.020549297332763672e-01
4.311062991619110107e-01
2.239214181900024414e-01
2.835786044597625732e-01
2.874150276184082031e-01
4.014951586723327637e-01
4.942446351051330566e-01
6.148406863212585449e-01
4.617565274238586426e-01
6.300689578056335449e-01
4.632163643836975098e-01
3.450134992599487305e-01
4.584470093250274658e-01
5.977190732955932617e-01
4.559805095195770264e-01
5.956630110740661621e-01
3.405498266220092773e-01
2.956452667713165283e-01
4.517795443534851074e-01
3.897332549095153809e-01
5.065584182739257812e-01
2.338094264268875122e-01
3.251581788063049316e-01
3.614608347415924072e-01
3.435557484626770020e-01
4.233634173870086670e-01
4.812954068183898926e-01
4.635856747627258301e-01
3.805355429649353027e-01
5.238211154937744141e-01
6.401110291481018066e-01
6.615188121795654297e-01
3.867275714874267578e-01
4.211848080158233643e-01
4.071789383888244629e-01
4.191693663597106934e-01
3.402279317378997803e-01
3.697899281978607178e-01
3.214675784111022949e-01
3.159181773662567139e-01
3.469627499580383301e-01
2.918688654899597168e-01
3.082797825336456299e-01
3.782171010971069336e-01
4.652559757232666016e-01
5.892041921615600586e-01
4.514100551605224609e-01
4.404834508895874023e-01
2.996342480182647705e-01
3.410648703575134277e-01
4.540953338146209717e-01
4.218863248825073242e-01
5.508260130882263184e-01
6.491420865058898926e-01
4.899793863296508789e-01
3.604018688201904297e-01
3.700807690620422363e-01
4.033885002136230469e-01
3.797632455825805664e-01
5.384155511856079102e-01
6.340237855911254883e-01
7.171778082847595215e-01
1.142648458480834961e+00
2.064412593841552734e+00
3.798784971237182617e+00
3.092236042022705078e+00
2.552101612091064453e+00
2.470340251922607422e+00
1.826023221015930176e+00
1.048749923706054688e+00
1.034451603889465332e+00
6.854990720748901367e-01
7.290308475494384766e-01
9.024182558059692383e-01
1.021421313285827637e+00
1.625658392906188965e+00
1.284989953041076660e+00
1.067136168479919434e+00
6.075937747955322266e-01
6.252698898315429688e-01
8.092475533485412598e-01
7.066372036933898926e-01
6.298459172248840332e-01
8.681256175041198730e-01
6.981655955314636230e-01
6.036036014556884766e-01
4.666098952293395996e-01
5.128844976425170898e-01
4.925653040409088135e-01
4.027660787105560303e-01
3.630474805831909180e-01
6.096285581588745117e-01
4.751779735088348389e-01
3.649387955665588379e-01
6.767173409461975098e-01
6.488187909126281738e-01
5.468426942825317383e-01
4.685370922088623047e-01
3.741653859615325928e-01
5.420478582382202148e-01
3.137378990650177002e-01
3.724284768104553223e-01
4.778262376785278320e-01
3.229512274265289307e-01
4.752363264560699463e-01
4.606634974479675293e-01
3.633633255958557129e-01
3.995399475097656250e-01
4.611736536026000977e-01
3.085155487060546875e-01
3.337950110435485840e-01
4.240139126777648926e-01
4.941828846931457520e-01
5.654188394546508789e-01
6.075638532638549805e-01
6.584577560424804688e-01
2.541633546352386475e-01
6.936386823654174805e-01
1.326060295104980469e+00
1.885005593299865723e+00
1.779924154281616211e+00
1.042130112648010254e+00
7.213259339332580566e-01
6.412111520767211914e-01
6.497156023979187012e-01
5.621482133865356445e-01
5.069857239723205566e-01
5.684142112731933594e-01
5.006962418556213379e-01
4.040192365646362305e-01
4.729406237602233887e-01
5.486683249473571777e-01
6.002838611602783203e-01
5.106095075607299805e-01
5.070956349372863770e-01
5.298005342483520508e-01
3.486203253269195557e-01
5.428921580314636230e-01
4.830041229724884033e-01
5.551649332046508789e-01
3.913034498691558838e-01
3.605340719223022461e-01
4.410021901130676270e-01
4.602827429771423340e-01
3.901329636573791504e-01
4.429868459701538086e-01
5.039619207382202148e-01
7.110514640808105469e-01
6.922994852066040039e-01
8.740080595016479492e-01
1.001829147338867188e+00
9.974049329757690430e-01
1.270406484603881836e+00
9.452589750289916992e-01
7.318887710571289062e-01
2.741015553474426270e-01
4.588865637779235840e-01
6.361389756202697754e-01
9.175642132759094238e-01
7.576959133148193359e-01
4.806887209415435791e-01
4.052727818489074707e-01
5.264720320701599121e-01
6.565979719161987305e-01
4.611963033676147461e-01
4.000268280506134033e-01
3.886030912399291992e-01
3.895684778690338135e-01
6.824197769165039062e-01
6.837471723556518555e-01
3.570952415466308594e-01
3.808422684669494629e-01
5.063018798828125000e-01
3.871891796588897705e-01
4.620334804058074951e-01
2.489109188318252563e-01
3.980627059936523438e-01
3.758258819580078125e-01
4.419920146465301514e-01
4.620206356048583984e-01
5.367683768272399902e-01
3.372026383876800537e-01
3.951645493507385254e-01
3.620750904083251953e-01
3.698434829711914062e-01
4.003953039646148682e-01
5.249497890472412109e-01
4.489795565605163574e-01
5.795472860336303711e-01
1.032287836074829102e+00
1.207354545593261719e+00
9.937058091163635254e-01
1.809496760368347168e+00
2.393686532974243164e+00
2.214322328567504883e+00
1.584250807762145996e+00
1.658228397369384766e+00
2.009498357772827148e+00
2.274143457412719727e+00
1.315315485000610352e+00
5.446711778640747070e-01
5.144585371017456055e-01
6.907248497009277344e-01
7.780218720436096191e-01
1.281530618667602539e+00
8.446715474128723145e-01
8.501777648925781250e-01
5.918659567832946777e-01
6.112470626831054688e-01
5.960102081298828125e-01
6.169093847274780273e-01
3.905743956565856934e-01
4.438362419605255127e-01
3.578090965747833252e-01
6.063319444656372070e-01
4.298597276210784912e-01
6.771135926246643066e-01
5.476708412170410156e-01
4.273637831211090088e-01
5.055593848228454590e-01
6.000672578811645508e-01
4.041028916835784912e-01
3.978438079357147217e-01
3.852001130580902100e-01
5.837692022323608398e-01
4.954361319541931152e-01
4.369037449359893799e-01
6.178537011146545410e-01
5.354514122009277344e-01
5.056958198547363281e-01
4.264410138130187988e-01
5.596318840980529785e-01
7.053414583206176758e-01
1.020085573196411133e+00
1.488832354545593262e+00
6.030336022377014160e-01
3.294583261013031006e-01
5.107785463333129883e-01
4.836126565933227539e-01
3.257127702236175537e-01
6.007597446441650391e-01
5.439174175262451172e-01
7.478028535842895508e-01
7.683566212654113770e-01
3.856818675994873047e-01
4.346081614494323730e-01
4.609231352806091309e-01
4.847578406333923340e-01
5.200009346008300781e-01
6.142194867134094238e-01
6.187250614166259766e-01
5.218065381050109863e-01
4.510942697525024414e-01
4.501658678054809570e-01
4.953907132148742676e-01
4.978637695312500000e-01
4.156798720359802246e-01
4.381873011589050293e-01
4.864346385002136230e-01
6.452959179878234863e-01
6.100944280624389648e-01
8.346378803253173828e-01
1.298807621002197266e+00
7.295216321945190430e-01
6.276546120643615723e-01
5.765183568000793457e-01
7.644988298416137695e-01
1.089671969413757324e+00
8.691134452819824219e-01
6.948236823081970215e-01
4.189466536045074463e-01
4.492051303386688232e-01
3.265067338943481445e-01
6.170351505279541016e-01
5.820646286010742188e-01
6.751090288162231445e-01
5.383177995681762695e-01
5.649351477622985840e-01
4.023573994636535645e-01
3.216518461704254150e-01
4.076724946498870850e-01
4.292637705802917480e-01
4.351150989532470703e-01
6.092451214790344238e-01
6.902447342872619629e-01
7.449059486389160156e-01
6.157026290893554688e-01
3.053397536277770996e-01
5.551025867462158203e-01
5.550593137741088867e-01
3.954294919967651367e-01
5.002063512802124023e-01
4.520923495292663574e-01
4.195879101753234863e-01
2.797438204288482666e-01
5.275837182998657227e-01
3.595169186592102051e-01
4.042630791664123535e-01
3.854858279228210449e-01
3.660933971405029297e-01
4.428461194038391113e-01
5.631749629974365234e-01
5.253443717956542969e-01
4.865859150886535645e-01
2.287784516811370850e-01
6.667802929878234863e-01
1.100579023361206055e+00
1.543254733085632324e+00
1.039863705635070801e+00
1.105142354965209961e+00
9.633985161781311035e-01
4.872879087924957275e-01
4.353250861167907715e-01
5.038612484931945801e-01
6.630848646163940430e-01
5.761756896972656250e-01
2.848816514015197754e-01
3.907448053359985352e-01
6.471339464187622070e-01
4.509466290473937988e-01
5.447547435760498047e-01
7.199866771697998047e-01
1.398859977722167969e+00
1.296697616577148438e+00
7.467830181121826172e-01
6.751382946968078613e-01
5.265214443206787109e-01
4.963296055793762207e-01
3.509925007820129395e-01
4.199727177619934082e-01
3.847464025020599365e-01
5.665695667266845703e-01
7.649576663970947266e-01
1.089841723442077637e+00
7.973259091377258301e-01
5.039117932319641113e-01
4.035343825817108154e-01
3.152393400669097900e-01
3.457460105419158936e-01
3.630210459232330322e-01
4.913341701030731201e-01
4.125694334506988525e-01
4.783226251602172852e-01
4.425236582756042480e-01
3.352769613265991211e-01
4.657879769802093506e-01
5.194174051284790039e-01
4.577718377113342285e-01
4.316466450691223145e-01
3.909553885459899902e-01
4.079838693141937256e-01
3.576867282390594482e-01
4.849828481674194336e-01
3.984076380729675293e-01
2.938790023326873779e-01
4.453891515731811523e-01
3.518719673156738281e-01
3.950434327125549316e-01
4.042725265026092529e-01
4.158342480659484863e-01
4.048510193824768066e-01
3.769217729568481445e-01
3.107238411903381348e-01
2.962745726108551025e-01
4.249605536460876465e-01
5.183629989624023438e-01
8.607180118560791016e-01
8.666772246360778809e-01
7.928293347358703613e-01
9.167902469635009766e-01
9.725459218025207520e-01
1.195230007171630859e+00
7.909922599792480469e-01
4.481776356697082520e-01
5.246021151542663574e-01
7.136598825454711914e-01
6.462742090225219727e-01
6.911897063255310059e-01
5.408481359481811523e-01
2.726989388465881348e-01
4.390015006065368652e-01
3.768851757049560547e-01
3.366494178771972656e-01
4.934885799884796143e-01
6.892923116683959961e-01
5.553686022758483887e-01
4.612546265125274658e-01
5.948513746261596680e-01
4.600517153739929199e-01
3.430098593235015869e-01
5.199628472328186035e-01
5.779816508293151855e-01
5.432801246643066406e-01
5.253120660781860352e-01
7.261108756065368652e-01
4.041895866394042969e-01
5.149361491203308105e-01
3.089374899864196777e-01
3.435898125171661377e-01
3.321277499198913574e-01
3.674708306789398193e-01
4.210174679756164551e-01
5.767812728881835938e-01
4.118878245353698730e-01
3.836278021335601807e-01
4.116858243942260742e-01
4.476755261421203613e-01
4.049770236015319824e-01
3.490332365036010742e-01
3.750065565109252930e-01
4.055772721767425537e-01
2.884038686752319336e-01
4.674711227416992188e-01
5.466163158416748047e-01
4.762327671051025391e-01
3.369212746620178223e-01
3.551138043403625488e-01
3.011702895164489746e-01
3.423479795455932617e-01
3.046499490737915039e-01
5.517251491546630859e-01
7.024440765380859375e-01
7.118496894836425781e-01
4.315842092037200928e-01
2.538509964942932129e-01
2.773682475090026855e-01
3.793050050735473633e-01
4.574297666549682617e-01
5.425636768341064453e-01
6.023292541503906250e-01
7.508971095085144043e-01
