4.362649321556091309e-01
7.045179605484008789e-01
4.655787646770477295e-01
2.318598479032516479e-01
4.203748703002929688e-01
3.315509855747222900e-01
2.751519680023193359e-01
2.773492932319641113e-01
3.760338723659515381e-01
1.223913729190826416e-01
3.983622789382934570e-01
9.290885180234909058e-02
3.312604427337646484e-01
1.140905395150184631e-01
3.329454362392425537e-01
4.121215641498565674e-02
5.135097503662109375e-01
3.262065351009368896e-03
3.559252619743347168e-02
7.960520982742309570e-01
7.821853068890050054e-05
1.253020454896613955e-04
7.893074303865432739e-02
9.283822774887084961e-01
2.457406662870198488e-05
1.512790458946255967e-05
1.296903565526008606e-02
9.250440001487731934e-01
9.832061550696380436e-06
2.386752612437703647e-06
4.607510636560618877e-04
3.280267417430877686e-01
2.188005484640598297e-02
1.389794200658798218e-01
1.412910819053649902e-01
5.844822898507118225e-02
2.028029859066009521e-01
6.252625025808811188e-03
1.449337303638458252e-01
8.531877398490905762e-02
4.953802004456520081e-02
1.937388181686401367e-01
9.438258130103349686e-04
5.460638552904129028e-03
2.578483223915100098e-01
1.999426458496600389e-04
2.259050670545548201e-04
1.652069762349128723e-02
5.157449841499328613e-01
1.146129307016963139e-07
1.197525101304108830e-08
4.131410378249711357e-07
1.982360554393380880e-04
2.265324443578720093e-01
2.306612208485603333e-03
4.835263825953006744e-03
1.781996488571166992e-01
1.423610374331474304e-03
1.539454422891139984e-02
4.830392003059387207e-01
7.274352675779027777e-09
3.307721596623736104e-10
7.062949336500423669e-09
2.452807166264392436e-06
5.964976735413074493e-03
6.583729982376098633e-01
2.658531172983202850e-09
8.865073952701862936e-11
5.763632904276505542e-10
9.973092574000474997e-08
2.067114983219653368e-04
3.161367774009704590e-01
6.424364983104169369e-04
1.315828645601868629e-03
1.028210148215293884e-01
2.886072099208831787e-01
9.532677358947694302e-05
4.722515493631362915e-02
4.641169905662536621e-01
9.509685332886874676e-05
9.436542168259620667e-03
3.079230785369873047e-01
7.668215781450271606e-02
3.894218802452087402e-01
5.878046154975891113e-03
4.705584645271301270e-01
1.980961067602038383e-03
1.523792743682861328e-01
2.762933969497680664e-01
6.797084957361221313e-02
1.673216670751571655e-01
1.460019350051879883e-01
1.990985274314880371e-01
1.222846657037734985e-01
2.326245903968811035e-01
4.473143070936203003e-02
6.084946393966674805e-01
3.839541459456086159e-04
3.547058627009391785e-02
6.954659223556518555e-01
1.539431419223546982e-02
3.348280116915702820e-02
2.241500914096832275e-01
2.660077810287475586e-01
7.770438492298126221e-02
1.652140170335769653e-01
2.362505346536636353e-01
1.432092189788818359e-01
1.117818951606750488e-01
3.163764178752899170e-01
5.327504128217697144e-02
2.909600436687469482e-01
9.571474790573120117e-02
1.365893930196762085e-01
2.903893589973449707e-01
2.966460213065147400e-02
6.084498167037963867e-01
9.763873182237148285e-03
1.133247613906860352e-01
5.180383324623107910e-01
4.855835810303688049e-03
2.248253822326660156e-01
1.961674839258193970e-01
2.516065239906311035e-01
6.912193447351455688e-02
4.868611693382263184e-01
2.394657582044601440e-02
1.458051800727844238e-01
3.658665120601654053e-01
4.435572400689125061e-02
2.207254171371459961e-01
1.878774762153625488e-01
2.357055246829986572e-01
7.013326883316040039e-02
4.632151722908020020e-01
1.086451672017574310e-02
2.957145273685455322e-01
2.150797247886657715e-01
6.748831272125244141e-02
4.578709602355957031e-01
2.567821368575096130e-02
1.844682544469833374e-01
3.778095245361328125e-01
5.905926972627639771e-02
3.185371458530426025e-01
5.423743277788162231e-02
2.224214076995849609e-01
1.267861425876617432e-01
1.198556125164031982e-01
2.368539720773696899e-01
5.262012779712677002e-02
3.479807078838348389e-01
1.457197498530149460e-02
1.911042481660842896e-01
2.369315028190612793e-01
9.827514737844467163e-02
2.379030287265777588e-01
8.183601498603820801e-02
3.079381883144378662e-01
1.644558832049369812e-02
4.948844909667968750e-01
7.518569007515907288e-03
2.289215922355651855e-01
5.482536554336547852e-02
1.806152015924453735e-01
2.420306503772735596e-01
1.474696770310401917e-02
1.918335407972335815e-01
7.370091974735260010e-02
9.013380110263824463e-02
1.240836977958679199e-01
1.292456239461898804e-01
1.532487571239471436e-01
1.201585456728935242e-01
1.970081925392150879e-01
1.271417438983917236e-01
3.663706779479980469e-02
1.867527067661285400e-01
8.602274209260940552e-02
1.876163482666015625e-01
5.006998777389526367e-02
1.038429737091064453e-01
1.544835269451141357e-01
4.167649149894714355e-02
1.055685728788375854e-01
9.217229485511779785e-02
7.435801625251770020e-02
1.533337980508804321e-01
3.364963456988334656e-02
1.347023248672485352e-01
9.456327557563781738e-02
7.197090238332748413e-02
1.545128524303436279e-01
1.072003692388534546e-02
7.949246466159820557e-02
3.073996305465698242e-01
1.872662571258842945e-03
1.620076224207878113e-02
6.387859582901000977e-01
7.378713780781254172e-05
3.180682659149169922e-03
4.226345419883728027e-01
5.710544995963573456e-03
2.867310866713523865e-02
3.341629207134246826e-01
7.015929557383060455e-03
1.230954378843307495e-02
1.844271421432495117e-01
6.920627504587173462e-02
7.603314518928527832e-02
1.494754552841186523e-01
9.604382514953613281e-02
1.378019005060195923e-01
1.990073025226593018e-01
2.714082971215248108e-02
2.178686112165451050e-01
1.622121967375278473e-02
3.139095306396484375e-01
2.485690405592322350e-03
7.673539221286773682e-02
2.743894755840301514e-01
1.930567249655723572e-02
2.198470830917358398e-01
5.596088245511054993e-02
1.431171894073486328e-01
4.168264195322990417e-02
1.705610752105712891e-01
6.938474625349044800e-02
1.259380131959915161e-01
9.408377110958099365e-02
1.465497910976409912e-01
6.252885609865188599e-02
2.294668406248092651e-01
4.412217065691947937e-02
3.599894642829895020e-01
1.342536788433790207e-02
1.191654652357101440e-01
1.761934012174606323e-01
1.127797644585371017e-02
2.583245933055877686e-02
1.636634469032287598e-01
5.111631751060485840e-02
8.242331445217132568e-02
9.782551229000091553e-02
7.636675238609313965e-02
7.593390345573425293e-02
1.092498749494552612e-01
1.333072036504745483e-01
5.604861676692962646e-02
4.624302387237548828e-01
1.073177671059966087e-03
3.760129213333129883e-02
2.911638617515563965e-01
1.256184559315443039e-02
1.262242197990417480e-01
2.754362300038337708e-03
4.151786863803863525e-02
3.114883899688720703e-01
1.416606549173593521e-02
2.992896549403667450e-02
2.910838127136230469e-01
1.010439917445182800e-02
5.378618836402893066e-02
2.372842580080032349e-01
1.615501567721366882e-02
2.371503040194511414e-02
7.247953116893768311e-02
1.903610825538635254e-01
4.419058188796043396e-02
1.213780716061592102e-01
1.390766501426696777e-01
5.720128864049911499e-02
2.427971363067626953e-01
1.033828966319561005e-02
4.532887786626815796e-02
1.886404305696487427e-01
3.083149716258049011e-02
6.313845515251159668e-02
1.824136078357696533e-01
1.337958313524723053e-02
8.466549217700958252e-02
1.672549545764923096e-01
3.271983563899993896e-02
6.562659144401550293e-02
2.675018310546875000e-01
2.732116915285587311e-02
2.517286241054534912e-01
2.384932711720466614e-02
3.390451520681381226e-02
1.631362736225128174e-01
5.858077108860015869e-02
1.320884823799133301e-01
9.743244946002960205e-02
1.394320726394653320e-01
6.653523445129394531e-02
1.386579871177673340e-01
9.763520210981369019e-02
1.128882616758346558e-01
4.754865169525146484e-01
5.648052319884300232e-03
1.890377104282379150e-01
2.290641218423843384e-01
5.873466283082962036e-02
1.744864583015441895e-01
1.994611620903015137e-01
3.998313099145889282e-02
3.208884000778198242e-01
1.279213279485702515e-02
3.520728349685668945e-01
2.177557721734046936e-02
5.202133655548095703e-01
9.825992165133357048e-04
2.419117093086242676e-01
3.368211686611175537e-01
1.393769122660160065e-02
2.339549660682678223e-01
1.657639443874359131e-01
7.851220667362213135e-02
3.980336487293243408e-01
4.495140910148620605e-02
2.389566451311111450e-01
1.584874540567398071e-01
1.841032356023788452e-01
8.319772779941558838e-02
3.387743234634399414e-01
2.351204305887222290e-02
2.248551845550537109e-01
1.562587469816207886e-01
1.721984446048736572e-01
7.139917463064193726e-02
6.358613371849060059e-01
2.867838740348815918e-02
8.899517059326171875e-01
5.599624663591384888e-02
1.617513298988342285e-01
5.170748829841613770e-01
2.594437599182128906e-01
1.985069215297698975e-01
3.849576711654663086e-01
1.915810406208038330e-01
2.810461521148681641e-01
3.782081007957458496e-01
1.852325797080993652e-01
4.477435648441314697e-01
1.356705427169799805e-01
3.146618604660034180e-01
2.383920401334762573e-01
2.633490562438964844e-01
2.425282299518585205e-01
3.626308441162109375e-01
2.767517864704132080e-01
3.605848848819732666e-01
1.848712116479873657e-01
4.417032599449157715e-01
8.073864877223968506e-02
4.373016059398651123e-01
1.427107751369476318e-01
3.047900795936584473e-01
1.257621943950653076e-01
2.579883337020874023e-01
5.486408621072769165e-02
3.734335601329803467e-01
2.237052470445632935e-02
6.222035884857177734e-01
5.993337184190750122e-02
4.019821286201477051e-01
8.803528547286987305e-02
6.337624788284301758e-01
1.168385148048400879e-02
2.992204725742340088e-01
2.503522634506225586e-01
4.611222445964813232e-02
1.577477455139160156e-01
2.431859672069549561e-01
5.505917593836784363e-02
1.033533960580825806e-01
2.528483271598815918e-01
3.433741256594657898e-02
3.091820180416107178e-01
4.077404737472534180e-02
4.511022865772247314e-01
6.758163869380950928e-02
7.506854534149169922e-01
5.005351454019546509e-02
1.948186010122299194e-01
4.258963465690612793e-01
2.280071973800659180e-01
2.145529389381408691e-01
4.045436382293701172e-01
1.939284801483154297e-01
2.704125642776489258e-01
3.244570195674896240e-01
2.456100583076477051e-01
2.191603481769561768e-01
3.286006450653076172e-01
1.185827553272247314e-01
2.963989973068237305e-01
1.889186501502990723e-01
2.078517377376556396e-01
2.539885044097900391e-01
2.102988362312316895e-01
1.841806024312973022e-01
1.953994929790496826e-01
8.412012457847595215e-02
2.859815955162048340e-01
3.574902564287185669e-02
4.262919127941131592e-01
1.208076067268848419e-02
7.532847523689270020e-01
2.444588579237461090e-03
1.019206494092941284e-01
3.588926196098327637e-01
8.075809478759765625e-02
2.706632018089294434e-01
1.121336743235588074e-01
2.399065345525741577e-01
1.978197097778320312e-01
3.415058553218841553e-01
2.574765123426914215e-02
4.574969112873077393e-01
1.484095454216003418e-01
2.180528640747070312e-01
1.328544318675994873e-01
3.804246783256530762e-01
8.089417219161987305e-02
1.531970798969268799e-01
3.890252709388732910e-01
7.097757607698440552e-02
3.550090491771697998e-01
3.160610198974609375e-01
9.628109633922576904e-02
4.433384835720062256e-01
3.795757889747619629e-02
4.192129969596862793e-01
1.404259502887725830e-01
1.516407132148742676e-01
3.966216444969177246e-01
4.117999970912933350e-02
9.441846609115600586e-02
2.662190794944763184e-01
2.144926488399505615e-01
6.656654179096221924e-02
5.460079908370971680e-01
3.052361495792865753e-02
1.710575073957443237e-01
5.207831859588623047e-01
4.802432656288146973e-02
2.318687587976455688e-01
2.767878770828247070e-01
8.570207655429840088e-02
1.629858016967773438e-01
2.462611794471740723e-01
1.117342561483383179e-01
2.263112962245941162e-01
2.214793413877487183e-01
2.352090179920196533e-01
1.795997321605682373e-01
3.416325449943542480e-01
3.423938155174255371e-02
7.249444127082824707e-01
3.356787934899330139e-02
3.919565379619598389e-01
8.553264290094375610e-02
3.080197572708129883e-01
2.303045094013214111e-01
2.835704088211059570e-01
3.523502945899963379e-01
2.005637288093566895e-01
3.082987666130065918e-01
1.537316739559173584e-01
1.527094095945358276e-01
1.958211511373519897e-01
2.600950002670288086e-01
1.122046336531639099e-01
3.067238628864288330e-01
8.197604864835739136e-02
2.339607030153274536e-01
2.210148721933364868e-01
1.266919672489166260e-01
4.627985358238220215e-01
2.560466155409812927e-02
3.562209904193878174e-01
6.636869907379150391e-02
9.367699176073074341e-02
2.912933230400085449e-01
5.831724405288696289e-02
3.036133646965026855e-01
9.370335191488265991e-02
1.961751431226730347e-01
1.946853548288345337e-01
1.554330885410308838e-01
4.038672149181365967e-01
3.044826537370681763e-02
6.663054227828979492e-01
7.855115458369255066e-03
8.566023409366607666e-02
5.541806817054748535e-01
5.339726805686950684e-02
2.149113714694976807e-01
3.745816946029663086e-01
4.313009977340698242e-02
3.140980005264282227e-01
2.404353320598602295e-01
1.479991674423217773e-01
3.489038348197937012e-01
1.668893247842788696e-01
1.991902589797973633e-01
2.260655611753463745e-01
1.261865496635437012e-01
2.865483462810516357e-01
1.668413579463958740e-01
2.379441112279891968e-01
2.617251873016357422e-01
1.525034308433532715e-01
3.953650593757629395e-01
3.118100762367248535e-02
2.011576294898986816e-01
4.431943297386169434e-01
3.263877704739570618e-02
3.685037493705749512e-01
2.321951836347579956e-01
1.221989691257476807e-01
4.367104768753051758e-01
9.128578007221221924e-02
2.144864350557327271e-01
3.708247542381286621e-01
5.581784248352050781e-02
2.307906746864318848e-01
2.160990238189697266e-01
1.774137020111083984e-01
2.182225435972213745e-01
2.867186069488525391e-01
1.189227551221847534e-01
2.321615815162658691e-01
2.078145295381546021e-01
2.472320497035980225e-01
6.066014245152473450e-02
4.164558649063110352e-01
6.292065978050231934e-02
3.933344483375549316e-01
1.069803982973098755e-01
2.793755531311035156e-01
2.439495027065277100e-01
1.667474210262298584e-01
1.686922311782836914e-01
2.282924801111221313e-01
2.311663627624511719e-01
9.537866711616516113e-02
2.593493461608886719e-01
1.993467807769775391e-01
1.880250424146652222e-01
2.166159898042678833e-01
2.466793060302734375e-01
1.805294305086135864e-01
1.300238519906997681e-01
4.069327712059020996e-01
1.847170293331146240e-02
3.356846272945404053e-01
2.068020850419998169e-01
1.736717522144317627e-01
2.165212333202362061e-01
2.256682664155960083e-01
1.259285360574722290e-01
1.915959119796752930e-01
1.955837905406951904e-01
2.267022132873535156e-01
2.691539525985717773e-01
6.956364214420318604e-02
2.155030071735382080e-01
1.763990372419357300e-01
1.051658391952514648e-01
1.338580548763275146e-01
6.306017637252807617e-01
1.580789219588041306e-03
2.961192727088928223e-01
4.440994262695312500e-01
3.173260390758514404e-02
5.556484460830688477e-01
3.479805216193199158e-02
2.413443177938461304e-01
3.741216957569122314e-01
1.394337713718414307e-01
2.168242931365966797e-01
3.261941969394683838e-01
1.392206102609634399e-01
2.594497501850128174e-01
1.218258142471313477e-01
2.728418111801147461e-01
1.270125806331634521e-01
3.823431134223937988e-01
6.825131922960281372e-02
5.430001020431518555e-01
1.697711646556854248e-02
8.704040944576263428e-02
6.188628673553466797e-01
1.325104292482137680e-02
5.803128480911254883e-01
9.591586887836456299e-02
3.703668117523193359e-01
2.148808389902114868e-01
2.912239134311676025e-01
2.124474346637725830e-01
2.175221145153045654e-01
1.336983591318130493e-01
1.901948601007461548e-01
1.140281558036804199e-01
2.282039374113082886e-01
1.774044632911682129e-01
2.882764935493469238e-01
1.621869951486587524e-01
1.826991438865661621e-01
3.304500877857208252e-01
4.290814697742462158e-02
4.759140610694885254e-01
2.703452110290527344e-02
6.467758119106292725e-02
3.360261321067810059e-01
7.447016239166259766e-02
3.336637914180755615e-01
6.292596459388732910e-02
2.634436190128326416e-01
1.767333447933197021e-01
1.287952065467834473e-01
2.464902400970458984e-01
8.990144729614257812e-02
5.084769129753112793e-01
3.185630962252616882e-02
2.938799560070037842e-01
1.447793394327163696e-01
2.505022287368774414e-01
1.193752810359001160e-01
2.813217639923095703e-01
1.595405191183090210e-01
3.929176926612854004e-01
2.454301901161670685e-02
4.948108792304992676e-01
2.382289245724678040e-02
1.123452633619308472e-01
4.370644092559814453e-01
2.529313415288925171e-02
3.285933136940002441e-01
1.036142706871032715e-01
5.037443637847900391e-01
6.555907428264617920e-02
4.561025500297546387e-01
4.113942757248878479e-02
5.385031700134277344e-01
2.387990429997444153e-02
1.728084683418273926e-01
3.398317694664001465e-01
8.699031174182891846e-02
2.299154400825500488e-01
2.116916179656982422e-01
2.058631181716918945e-01
2.012382447719573975e-01
2.056598663330078125e-01
1.698944270610809326e-01
2.291462570428848267e-01
1.201624944806098938e-01
2.063385248184204102e-01
2.579848766326904297e-01
1.436700522899627686e-01
4.438693225383758545e-01
2.717274054884910583e-02
6.493856310844421387e-01
1.574013940989971161e-02
1.863879859447479248e-01
4.776886701583862305e-01
3.494245558977127075e-02
2.952223718166351318e-01
1.346017122268676758e-01
1.765014678239822388e-01
1.291427314281463623e-01
2.449737489223480225e-01
1.819109171628952026e-01
1.359439045190811157e-01
2.148538231849670410e-01
2.195382118225097656e-01
1.979559957981109619e-01
2.457732856273651123e-01
2.694976925849914551e-01
1.538340300321578979e-01
3.294995129108428955e-01
1.815523803234100342e-01
1.684704720973968506e-01
1.584375798702239990e-01
1.304187476634979248e-01
1.826492100954055786e-01
1.359889656305313110e-01
2.510550022125244141e-01
1.574056595563888550e-01
2.712021768093109131e-01
1.192605942487716675e-01
2.116479426622390747e-01
1.807369589805603027e-01
2.505287528038024902e-01
8.578330278396606445e-02
5.508509278297424316e-01
2.479483140632510185e-03
4.574287533760070801e-01
2.483890578150749207e-02
2.906843721866607666e-01
3.029446005821228027e-01
5.114022269845008850e-02
4.070815443992614746e-01
9.536613523960113525e-02
2.206897884607315063e-01
2.455750852823257446e-01
1.403776705265045166e-01
4.071866571903228760e-01
4.865320026874542236e-02
3.658212423324584961e-01
8.325935155153274536e-02
1.082949042320251465e-01
4.892276525497436523e-01
1.873304881155490875e-02
1.674876213073730469e-01
3.419782519340515137e-01
1.082976385951042175e-01
3.909886479377746582e-01
6.876579672098159790e-02
2.736660242080688477e-01
2.459610700607299805e-01
9.499330073595046997e-02
4.311526715755462646e-01
6.127474829554557800e-02
3.228709995746612549e-01
1.823430955410003662e-01
2.335177063941955566e-01
2.635997533798217773e-01
1.006623208522796631e-01
3.742350935935974121e-01
7.568143308162689209e-02
1.925569027662277222e-01
2.991447448730468750e-01
3.992205858230590820e-02
1.794884949922561646e-01
2.387004196643829346e-01
7.641527801752090454e-02
1.677986979484558105e-01
1.779597699642181396e-01
1.461745500564575195e-01
2.398480772972106934e-01
1.333847790956497192e-01
2.890517711639404297e-01
1.129069775342941284e-01
2.600256800651550293e-01
1.824883222579956055e-01
2.225893735885620117e-01
2.354913055896759033e-01
8.358963578939437866e-02
5.529463291168212891e-01
1.639071665704250336e-02
2.698118686676025391e-01
1.991669982671737671e-01
1.058273315429687500e-01
2.790918350219726562e-01
2.472421973943710327e-01
7.560949027538299561e-02
3.869315683841705322e-01
4.876872152090072632e-02
2.527090311050415039e-01
1.677152812480926514e-01
2.122360169887542725e-01
1.196232140064239502e-01
4.298250377178192139e-01
4.040845111012458801e-02
7.042796611785888672e-01
1.894802320748567581e-03
6.711471080780029297e-01
6.124802306294441223e-02
2.435121983289718628e-01
3.458828330039978027e-01
2.107824683189392090e-01
3.591678142547607422e-01
2.004089504480361938e-01
4.978856742382049561e-01
1.001340746879577637e-01
4.798235893249511719e-01
1.683886200189590454e-01
4.666397571563720703e-01
1.511032730340957642e-01
3.262495994567871094e-01
2.207001298666000366e-01
2.372943907976150513e-01
3.717586398124694824e-01
1.382500231266021729e-01
3.471716046333312988e-01
7.668157666921615601e-02
2.631434202194213867e-01
1.822996437549591064e-01
1.126205176115036011e-01
4.726663231849670410e-01
2.208955585956573486e-02
3.952962160110473633e-01
1.350439488887786865e-01
2.018786966800689697e-01
1.531498432159423828e-01
3.052180111408233643e-01
1.423283368349075317e-01
2.179715633392333984e-01
2.073900252580642700e-01
1.764977723360061646e-01
3.169698417186737061e-01
6.589281558990478516e-02
1.436636447906494141e-01
2.416853308677673340e-01
1.582504212856292725e-01
1.225487738847732544e-01
3.208268582820892334e-01
6.154249981045722961e-02
2.767647504806518555e-01
1.722785532474517822e-01
1.222102493047714233e-01
3.271901607513427734e-01
1.183813214302062988e-01
2.676329612731933594e-01
2.007496654987335205e-01
1.974866688251495361e-01
2.618883252143859863e-01
3.321255743503570557e-01
1.059295535087585449e-01
4.538109898567199707e-01
2.403976395726203918e-02
3.810178935527801514e-01
1.228323653340339661e-01
8.624389022588729858e-02
4.129232764244079590e-01
3.445261344313621521e-02
3.124838471412658691e-01
1.384657472372055054e-01
2.968979775905609131e-01
5.896074324846267700e-02
4.073401987552642822e-01
2.333796583116054535e-02
3.370893597602844238e-01
1.326290816068649292e-01
2.554447054862976074e-01
1.666450202465057373e-01
2.933449149131774902e-01
1.814800202846527100e-01
1.810410916805267334e-01
1.766311973333358765e-01
1.368227303028106689e-01
3.344542980194091797e-01
5.139054358005523682e-02
3.365623354911804199e-01
5.935655534267425537e-02
1.231628283858299255e-01
3.062090873718261719e-01
6.665261089801788330e-02
1.916266679763793945e-01
2.893384099006652832e-01
8.809474855661392212e-02
2.604022324085235596e-01
2.434999346733093262e-01
1.201069205999374390e-01
2.046154737472534180e-01
1.599513292312622070e-01
1.455919742584228516e-01
2.183560580015182495e-01
3.180525600910186768e-01
5.794382095336914062e-02
1.656749844551086426e-01
2.802485823631286621e-01
9.038761258125305176e-02
3.690111339092254639e-01
5.691230297088623047e-02
5.226117372512817383e-01
1.651364564895629883e-02
5.049512982368469238e-01
3.585505858063697815e-02
1.769528985023498535e-01
4.744306206703186035e-01
2.991716936230659485e-02
2.900688350200653076e-01
2.685236930847167969e-01
2.360175251960754395e-01
2.149546146392822266e-01
4.550581574440002441e-01
3.389226272702217102e-02
5.579291582107543945e-01
2.961879037320613861e-02
3.728497028350830078e-01
1.809087097644805908e-01
1.223627626895904541e-01
2.557024359703063965e-01
2.401537597179412842e-01
1.918149441480636597e-01
2.934831082820892334e-01
1.347324699163436890e-01
2.933934926986694336e-01
7.379452884197235107e-02
4.424990415573120117e-01
2.850818075239658356e-02
1.233356893062591553e-01
4.840180277824401855e-01
3.583883121609687805e-02
2.292979508638381958e-01
2.739139199256896973e-01
2.072833180427551270e-01
1.562280654907226562e-01
2.430752217769622803e-01
2.224075794219970703e-01
1.382129043340682983e-01
3.063954114913940430e-01
8.337387442588806152e-02
4.190334379673004150e-01
2.988991513848304749e-02
2.779607772827148438e-01
2.274367958307266235e-01
2.230069935321807861e-01
2.146058082580566406e-01
3.260075449943542480e-01
1.563132703304290771e-01
3.779409229755401611e-01
5.338514968752861023e-02
5.597577095031738281e-01
2.404750511050224304e-02
2.296511232852935791e-01
3.272473812103271484e-01
1.028151288628578186e-01
3.251991271972656250e-01
1.119987219572067261e-01
5.231237411499023438e-01
1.766778156161308289e-02
2.932057082653045654e-01
2.021160572767257690e-01
1.836636662483215332e-01
2.359614670276641846e-01
1.432976424694061279e-01
4.156855344772338867e-01
4.203617572784423828e-02
5.131468772888183594e-01
4.112299531698226929e-02
1.173357442021369934e-01
5.143893957138061523e-01
3.171026706695556641e-02
6.979342699050903320e-01
1.135763991624116898e-02
5.954653024673461914e-01
5.237359181046485901e-02
2.810043692588806152e-01
3.021802902221679688e-01
7.627351582050323486e-02
3.772041201591491699e-01
1.573565602302551270e-01
1.480911076068878174e-01
3.531792163848876953e-01
6.051636859774589539e-02
3.927335441112518311e-01
8.304649591445922852e-02
3.726789057254791260e-01
1.632335484027862549e-01
2.950593531131744385e-01
1.946322917938232422e-01
2.579563856124877930e-01
1.571412384510040283e-01
2.371854484081268311e-01
2.538486421108245850e-01
1.200905293226242065e-01
1.622028946876525879e-01
3.306477963924407959e-01
1.058214753866195679e-01
2.818175256252288818e-01
2.581009864807128906e-01
1.476889848709106445e-01
3.695212006568908691e-01
1.155485957860946655e-01
3.226805031299591064e-01
1.075500473380088806e-01
1.475937664508819580e-01
2.690838575363159180e-01
1.722432971000671387e-01
3.177005946636199951e-01
1.456080377101898193e-01
2.226495146751403809e-01
2.032247036695480347e-01
2.411594688892364502e-01
2.659831047058105469e-01
1.362892687320709229e-01
1.902847290039062500e-01
2.845441102981567383e-01
1.611879765987396240e-01
2.997245490550994873e-01
8.428157866001129150e-02
3.458221256732940674e-01
9.344752132892608643e-02
2.647963166236877441e-01
1.925420463085174561e-01
1.693216562271118164e-01
3.153287768363952637e-01
1.877982914447784424e-01
2.143390774726867676e-01
4.313424527645111084e-01
7.347989082336425781e-02
4.430134892463684082e-01
6.572526693344116211e-02
1.853306889533996582e-01
3.036308288574218750e-01
1.059688329696655273e-01
2.990306019783020020e-01
1.739560067653656006e-01
2.708291113376617432e-01
8.000076562166213989e-02
2.991170287132263184e-01
1.191211789846420288e-01
3.446039557456970215e-01
1.805313229560852051e-01
1.600812375545501709e-01
2.365510612726211548e-01
1.135616898536682129e-01
4.178416430950164795e-01
1.518850121647119522e-02
3.451135158538818359e-01
1.647280752658843994e-01
1.470089554786682129e-01
3.276761174201965332e-01
3.722790628671646118e-02
4.811826944351196289e-01
2.103506773710250854e-02
3.081420361995697021e-01
1.219778060913085938e-01
2.917256951332092285e-01
1.913368403911590576e-01
1.138942241668701172e-01
4.920610189437866211e-01
1.268863491714000702e-02
3.688857555389404297e-01
1.978033483028411865e-01
1.048807874321937561e-01
3.066373467445373535e-01
1.593134701251983643e-01
3.144155442714691162e-01
1.800508052110671997e-01
2.799606621265411377e-01
2.479543387889862061e-01
1.797798573970794678e-01
1.591196656227111816e-01
2.181616723537445068e-01
2.607862651348114014e-01
1.385214924812316895e-01
5.264379978179931641e-01
1.819221302866935730e-02
3.363233506679534912e-01
1.101629808545112610e-01
4.518738985061645508e-01
1.445914991199970245e-02
4.791506230831146240e-01
9.737642109394073486e-02
3.753955960273742676e-01
3.958205133676528931e-02
6.330932378768920898e-01
2.865333296358585358e-02
4.654194712638854980e-01
1.553698349744081497e-02
3.197392225265502930e-01
1.192420274019241333e-01
2.207953631877899170e-01
2.774997353553771973e-01
9.725789725780487061e-02
5.321114063262939453e-01
2.259253710508346558e-02
3.140326440334320068e-01
2.243304252624511719e-01
4.710210859775543213e-02
2.631378173828125000e-01
2.040387690067291260e-01
1.888158470392227173e-01
1.575220674276351929e-01
2.193759679794311523e-01
1.543187499046325684e-01
1.317151486873626709e-01
4.133072197437286377e-01
3.359692543745040894e-02
4.860278964042663574e-01
4.906148463487625122e-02
4.216249883174896240e-01
7.416196167469024658e-02
1.355163305997848511e-01
4.298015236854553223e-01
3.473181650042533875e-02
1.189754754304885864e-01
5.058190822601318359e-01
4.318208992481231689e-02
4.247851967811584473e-01
1.077854335308074951e-01
3.070744872093200684e-01
7.809719443321228027e-02
1.899514794349670410e-01
2.385479509830474854e-01
8.920802175998687744e-02
2.863999903202056885e-01
5.981660634279251099e-02
3.524335026741027832e-01
6.714934110641479492e-02
2.804393172264099121e-01
1.321996450424194336e-01
1.594775021076202393e-01
2.092885076999664307e-01
2.004796266555786133e-01
1.400424242019653320e-01
2.699080109596252441e-01
1.216919124126434326e-01
2.342190444469451904e-01
1.675982475280761719e-01
4.435830116271972656e-01
1.251996960490942001e-02
2.183495759963989258e-01
2.930314838886260986e-01
2.560773491859436035e-02
4.128718972206115723e-01
5.690524727106094360e-02
1.017516776919364929e-01
2.942228913307189941e-01
5.505516380071640015e-02
2.772265970706939697e-01
2.154220640659332275e-01
9.133493900299072266e-02
4.044215083122253418e-01
7.742114365100860596e-02
2.657355964183807373e-01
1.668892204761505127e-01
2.921107411384582520e-01
9.345526993274688721e-02
7.295993566513061523e-01
2.162263495847582817e-03
1.399077326059341431e-01
3.096409440040588379e-01
2.784585580229759216e-02
5.885434150695800781e-01
3.287516161799430847e-02
8.902062475681304932e-02
3.907795548439025879e-01
7.577633857727050781e-02
4.409275949001312256e-01
4.003657028079032898e-02
2.767878770828247070e-01
2.597630023956298828e-01
5.843505263328552246e-02
4.100757241249084473e-01
5.393701419234275818e-02
1.183380484580993652e-01
4.197770357131958008e-01
3.194102272391319275e-02
3.830167651176452637e-01
7.480648159980773926e-02
2.339997589588165283e-01
3.435080051422119141e-01
4.106537997722625732e-02
1.887946128845214844e-01
3.856795132160186768e-01
3.332006186246871948e-02
2.667340636253356934e-01
1.337194591760635376e-01
1.252588182687759399e-01
2.017143368721008301e-01
1.212405711412429810e-01
2.930166721343994141e-01
8.897223323583602905e-02
1.251659989356994629e-01
3.420309424400329590e-01
4.942970722913742065e-02
3.654818534851074219e-01
5.485823005437850952e-02
4.529133439064025879e-01
5.033319443464279175e-02
3.994560837745666504e-01
2.680498361587524414e-02
1.292570978403091431e-01
4.730491638183593750e-01
1.930626109242439270e-02
4.520525336265563965e-01
4.541532695293426514e-02
2.911117076873779297e-01
1.550371348857879639e-01
1.579214334487915039e-01
2.502973377704620361e-01
1.419436335563659668e-01
4.119750559329986572e-01
8.127944171428680420e-02
2.769598960876464844e-01
1.277412921190261841e-01
1.753941327333450317e-01
1.417474299669265747e-01
1.613455116748809814e-01
4.788961410522460938e-01
1.064790971577167511e-02
5.996437072753906250e-01
4.438845813274383545e-02
6.628395318984985352e-01
2.545268833637237549e-02
1.552231907844543457e-01
4.662001430988311768e-01
3.218868002295494080e-02
2.973951995372772217e-01
1.824242174625396729e-01
2.493392080068588257e-01
9.296748042106628418e-02
2.598457336425781250e-01
7.793317735195159912e-02
2.187190055847167969e-01
1.783676743507385254e-01
1.839694976806640625e-01
2.427554577589035034e-01
9.386356174945831299e-02
1.785123348236083984e-01
4.308072924613952637e-01
2.952331304550170898e-02
1.765918135643005371e-01
3.528273105621337891e-01
8.915952593088150024e-02
1.926356256008148193e-01
3.595472872257232666e-01
7.011810690164566040e-02
2.265073657035827637e-01
2.606899738311767578e-01
1.629000902175903320e-01
9.239713847637176514e-02
3.589141666889190674e-01
9.499629586935043335e-02
2.372262477874755859e-01
1.766550540924072266e-01
2.029967308044433594e-01
2.037481814622879028e-01
2.297148704528808594e-01
2.241700291633605957e-01
1.540875732898712158e-01
1.977077722549438477e-01
2.034746110439300537e-01
1.320628523826599121e-01
2.554519772529602051e-01
1.048438847064971924e-01
2.374267280101776123e-01
8.857260644435882568e-02
2.753587365150451660e-01
9.288150072097778320e-02
2.031210660934448242e-01
1.281767785549163818e-01
2.023604512214660645e-01
1.252919435501098633e-01
3.081313967704772949e-01
7.635484635829925537e-02
5.648881793022155762e-01
1.540474407374858856e-02
2.347863912582397461e-01
2.149744033813476562e-01
1.142477691173553467e-01
4.528398215770721436e-01
5.344835668802261353e-02
3.293474614620208740e-01
5.492921173572540283e-02
2.539045810699462891e-01
1.426107287406921387e-01
3.179569840431213379e-01
4.536281153559684753e-02
4.163964390754699707e-01
2.450362965464591980e-02
1.550943553447723389e-01
2.598104476928710938e-01
8.792396634817123413e-02
2.732872366905212402e-01
8.914756029844284058e-02
1.627703905105590820e-01
1.573207378387451172e-01
1.628945171833038330e-01
3.943567872047424316e-01
2.836147136986255646e-02
6.985942125320434570e-01
1.878719031810760498e-02
2.342771291732788086e-01
2.819444537162780762e-01
5.716212838888168335e-02
1.721487939357757568e-01
2.227766364812850952e-01
1.728831529617309570e-01
1.249583736062049866e-01
2.257836610078811646e-01
8.867388963699340820e-02
1.302710026502609253e-01
1.285302489995956421e-01
2.626270651817321777e-01
8.073826879262924194e-02
1.516279280185699463e-01
2.177766263484954834e-01
6.334615498781204224e-02
2.702635526657104492e-01
7.172975689172744751e-02
5.038841366767883301e-01
9.504718706011772156e-03
8.001520633697509766e-01
1.269622705876827240e-02
8.548431098461151123e-02
4.923126101493835449e-01
6.093467772006988525e-02
3.669908344745635986e-01
1.050868928432464600e-01
2.240218222141265869e-01
4.520311653614044189e-01
1.313391793519258499e-02
6.950031518936157227e-01
2.185584045946598053e-03
5.003693103790283203e-01
1.160414665937423706e-01
7.000474631786346436e-02
2.422744035720825195e-01
2.301015853881835938e-01
2.764205336570739746e-01
1.628156602382659912e-01
3.877415359020233154e-01
6.245267391204833984e-02
5.921550393104553223e-01
1.341024320572614670e-02
5.734636783599853516e-01
2.447919920086860657e-02
8.042335510253906250e-02
5.560193061828613281e-01
5.233613401651382446e-02
1.670424938201904297e-01
3.504000306129455566e-01
9.386222064495086670e-02
5.153595209121704102e-01
4.769761115312576294e-02
1.507426500320434570e-01
4.023520350456237793e-01
3.207205981016159058e-02
4.167200922966003418e-01
1.211639419198036194e-01
1.862189769744873047e-01
3.319214880466461182e-01
7.754428684711456299e-02
1.690396219491958618e-01
4.744907021522521973e-01
4.628099128603935242e-02
2.364400774240493774e-01
4.606847167015075684e-01
2.288334630429744720e-02
2.563623487949371338e-01
1.941263526678085327e-01
3.171247839927673340e-01
7.283844798803329468e-02
1.453586965799331665e-01
3.574967980384826660e-01
1.219276860356330872e-01
1.336889863014221191e-01
3.930635452270507812e-01
1.183975487947463989e-01
1.428145468235015869e-01
1.416717320680618286e-01
3.446563184261322021e-01
8.859538286924362183e-02
2.533301115036010742e-01
1.574394851922988892e-01
1.851329952478408813e-01
1.977505683898925781e-01
1.059230118989944458e-01
4.515400826930999756e-01
9.660208225250244141e-02
2.839523255825042725e-01
1.655387878417968750e-01
2.447988092899322510e-01
1.789387464523315430e-01
1.912621557712554932e-01
1.290780603885650635e-01
3.210702538490295410e-01
4.917016252875328064e-02
4.572492837905883789e-01
4.525158554315567017e-02
2.196874320507049561e-01
1.261837184429168701e-01
2.807095646858215332e-01
9.912022948265075684e-02
1.788862198591232300e-01
2.513957619667053223e-01
1.660781502723693848e-01
4.947373569011688232e-01
1.535294856876134872e-02
4.299203753471374512e-01
7.077144086360931396e-02
3.604668676853179932e-01
2.076826617121696472e-02
3.927292823791503906e-01
7.415989041328430176e-02
1.102368608117103577e-01
3.197186589241027832e-01
6.519751250743865967e-02
1.817228198051452637e-01
1.870518624782562256e-01
1.065277084708213806e-01
2.950041890144348145e-01
7.667315006256103516e-02
2.846958935260772705e-01
1.522885262966156006e-01
1.950302720069885254e-01
3.316660523414611816e-01
1.039083153009414673e-01
2.815935015678405762e-01
2.575794458389282227e-01
1.704603731632232666e-01
1.796448528766632080e-01
2.365976870059967041e-01
1.170503497123718262e-01
4.218654632568359375e-01
1.288580242544412613e-02
6.928851604461669922e-01
1.201442629098892212e-02
1.429174542427062988e-01
2.963778972625732422e-01
1.513756215572357178e-01
2.332334518432617188e-01
1.704064607620239258e-01
2.498868703842163086e-01
1.735948622226715088e-01
2.206672728061676025e-01
7.777541875839233398e-02
5.334237813949584961e-01
3.489337861537933350e-02
6.182720661163330078e-01
3.065447788685560226e-03
2.579545080661773682e-01
4.087063074111938477e-01
5.751442909240722656e-02
4.100890457630157471e-01
1.047474220395088196e-01
4.001895189285278320e-01
6.177005171775817871e-02
2.583506107330322266e-01
2.931283712387084961e-01
7.640881091356277466e-02
3.856632709503173828e-01
1.325416862964630127e-01
2.265632152557373047e-01
1.963231712579727173e-01
3.962191641330718994e-01
5.275510251522064209e-02
5.915069580078125000e-01
1.968301646411418915e-02
2.417203783988952637e-01
1.242634207010269165e-01
2.231722772121429443e-01
2.572526633739471436e-01
1.512365043163299561e-01
1.624715477228164673e-01
2.419139891862869263e-01
8.864878118038177490e-02
3.442997336387634277e-01
6.832456588745117188e-02
2.192202359437942505e-01
2.787858843803405762e-01
4.670556262135505676e-02
3.988845348358154297e-01
5.338266864418983459e-02
3.635035753250122070e-01
6.596563756465911865e-02
2.229666262865066528e-01
2.318802773952484131e-01
7.326640188694000244e-02
3.129862248897552490e-01
1.653504222631454468e-01
1.653654873371124268e-01
2.679782211780548096e-01
1.607082188129425049e-01
1.684531867504119873e-01
1.813730448484420776e-01
1.347327828407287598e-01
4.369490146636962891e-01
4.438048973679542542e-02
2.175553292036056519e-01
3.080115914344787598e-01
6.377720832824707031e-02
3.316066265106201172e-01
1.382744610309600830e-01
2.911200821399688721e-01
7.215193659067153931e-02
5.686490535736083984e-01
2.641836740076541901e-02
5.245904922485351562e-01
1.298897154629230499e-02
1.521604061126708984e-01
2.269725501537322998e-01
6.442049145698547363e-02
1.954467892646789551e-01
1.427666395902633667e-01
1.195356994867324829e-01
6.548581123352050781e-01
1.694460585713386536e-02
7.848340272903442383e-01
5.691651254892349243e-02
3.002546429634094238e-01
2.369405627250671387e-01
1.998019069433212280e-01
1.254513114690780640e-01
3.088671565055847168e-01
1.469471156597137451e-01
3.271855711936950684e-01
1.961395144462585449e-01
2.161701321601867676e-01
1.569961160421371460e-01
2.842894792556762695e-01
2.150840610265731812e-01
2.151859700679779053e-01
1.280231475830078125e-01
3.545342087745666504e-01
6.737171858549118042e-02
1.771138608455657959e-01
3.145100176334381104e-01
8.499102294445037842e-02
3.055711388587951660e-01
8.919383585453033447e-02
3.298472166061401367e-01
9.433671832084655762e-02
1.807763725519180298e-01
2.152244895696640015e-01
2.083786725997924805e-01
1.241345703601837158e-01
4.756568968296051025e-01
3.946056216955184937e-02
3.917022049427032471e-01
7.916140556335449219e-02
2.845543324947357178e-01
1.495796442031860352e-01
1.774177402257919312e-01
2.527179718017578125e-01
2.104903608560562134e-01
1.259540617465972900e-01
3.130638301372528076e-01
1.376954615116119385e-01
1.598761081695556641e-01
2.508470118045806885e-01
1.171745434403419495e-01
1.787834316492080688e-01
2.707201838493347168e-01
1.065158843994140625e-01
2.882344126701354980e-01
1.490254104137420654e-01
2.550954818725585938e-01
1.931808888912200928e-01
2.914891242980957031e-01
6.683090329170227051e-02
3.134016394615173340e-01
1.343830972909927368e-01
1.593640744686126709e-01
2.573252320289611816e-01
1.129358783364295959e-01
3.376444578170776367e-01
1.551129221916198730e-01
2.045573890209197998e-01
2.501811683177947998e-01
1.268821656703948975e-01
3.199795782566070557e-01
5.832968279719352722e-02
2.721700668334960938e-01
9.095625579357147217e-02
3.023322820663452148e-01
7.749573141336441040e-02
3.219754397869110107e-01
1.070179790258407593e-01
2.481256872415542603e-01
7.502390444278717041e-02
3.328225016593933105e-01
1.071644425392150879e-01
2.822361588478088379e-01
1.372290849685668945e-01
2.225241959095001221e-01
2.484149038791656494e-01
1.156732067465782166e-01
1.959371268749237061e-01
2.772427797317504883e-01
1.171658486127853394e-01
2.579377293586730957e-01
1.653872728347778320e-01
1.816485971212387085e-01
1.442881524562835693e-01
2.169411033391952515e-01
1.378748118877410889e-01
2.429054528474807739e-01
1.584663987159729004e-01
1.478244662284851074e-01
1.600897312164306641e-01
2.193412631750106812e-01
1.408836692571640015e-01
5.544440746307373047e-01
1.891776360571384430e-02
8.354722261428833008e-01
1.342171616852283478e-02
4.774293899536132812e-01
1.518377214670181274e-01
3.154268264770507812e-01
1.244634911417961121e-01
3.945500850677490234e-01
3.284618258476257324e-02
4.924595355987548828e-01
1.909295842051506042e-02
5.426700115203857422e-01
5.085611343383789062e-02
1.515659391880035400e-01
2.698091268539428711e-01
1.606495231389999390e-01
2.566946148872375488e-01
2.350950390100479126e-01
2.891063392162322998e-01
1.730757206678390503e-01
1.220718473196029663e-01
4.639014601707458496e-01
3.455122187733650208e-02
6.110692024230957031e-01
4.425295814871788025e-02
4.130655527114868164e-01
1.157765612006187439e-01
1.253262758255004883e-01
3.370775282382965088e-01
1.720155626535415649e-01
1.932135820388793945e-01
1.829546838998794556e-01
3.657608032226562500e-01
7.404505461454391479e-02
2.229921966791152954e-01
3.043460845947265625e-01
1.664485484361648560e-01
2.418535649776458740e-01
1.646506488323211670e-01
3.334075808525085449e-01
5.986192822456359863e-02
6.291258335113525391e-01
3.240080177783966064e-02
7.075189054012298584e-02
4.110743999481201172e-01
1.618908643722534180e-01
1.560187935829162598e-01
2.973178923130035400e-01
1.647611707448959351e-01
1.825558841228485107e-01
2.527676522731781006e-01
1.280286312103271484e-01
3.703243136405944824e-01
1.004033163189888000e-01
2.299658507108688354e-01
1.399326622486114502e-01
3.188408613204956055e-01
1.536797583103179932e-01
3.658437728881835938e-01
5.476284027099609375e-02
3.795661330223083496e-01
7.599155604839324951e-02
1.899929493665695190e-01
2.422505468130111694e-01
8.899413049221038818e-02
2.620205879211425781e-01
1.233201250433921814e-01
3.353371322154998779e-01
1.052650660276412964e-01
2.204585969448089600e-01
1.498743146657943726e-01
3.420417904853820801e-01
1.597937047481536865e-01
3.632147610187530518e-01
1.042679026722908020e-01
3.786906003952026367e-01
8.344912528991699219e-02
2.906569838523864746e-01
9.464263170957565308e-02
1.930989623069763184e-01
3.288044333457946777e-01
6.654806435108184814e-02
1.196247041225433350e-01
3.986447453498840332e-01
6.931100040674209595e-02
2.949605882167816162e-01
7.218593358993530273e-02
3.538987636566162109e-01
8.557809144258499146e-02
2.629641294479370117e-01
1.851676553487777710e-01
2.040305435657501221e-01
9.627170860767364502e-02
3.288244605064392090e-01
5.493746697902679443e-02
4.169875383377075195e-01
8.663454651832580566e-02
2.089071124792098999e-01
2.391061633825302124e-01
1.067301630973815918e-01
2.989150881767272949e-01
1.072570830583572388e-01
1.454558074474334717e-01
2.146036624908447266e-01
9.447285532951354980e-02
1.436861902475357056e-01
1.943432539701461792e-01
1.698243916034698486e-01
2.053770124912261963e-01
5.425010249018669128e-02
3.447755575180053711e-01
6.567206978797912598e-02
1.945584416389465332e-01
1.537046730518341064e-01
4.554514288902282715e-01
3.833397477865219116e-02
8.161582946777343750e-01
5.629997700452804565e-03
3.243418335914611816e-01
1.545693129301071167e-01
2.054159641265869141e-01
1.084098368883132935e-01
3.652225732803344727e-01
3.185971826314926147e-02
4.658969640731811523e-01
7.554279267787933350e-02
2.911170721054077148e-01
1.101623326539993286e-01
1.933764815330505371e-01
1.961934566497802734e-01
1.514347195625305176e-01
2.632609009742736816e-01
1.348205506801605225e-01
2.307929992675781250e-01
2.558118402957916260e-01
6.697064638137817383e-02
4.370197355747222900e-01
5.310041829943656921e-02
2.320758402347564697e-01
2.506491839885711670e-01
9.528519213199615479e-02
2.935708463191986084e-01
7.453232258558273315e-02
3.222389817237854004e-01
7.575295120477676392e-02
2.127831280231475830e-01
1.813026517629623413e-01
1.778625398874282837e-01
2.965629100799560547e-01
1.005605310201644897e-01
3.782289028167724609e-01
4.836899042129516602e-02
4.370716214179992676e-01
4.487293586134910583e-02
3.155777454376220703e-01
1.253413707017898560e-01
1.441627293825149536e-01
2.273411154747009277e-01
1.639442145824432373e-01
2.607274651527404785e-01
1.095388382673263550e-01
1.122028380632400513e-01
4.112817943096160889e-01
4.387176409363746643e-02
4.989054799079895020e-01
3.869132697582244873e-02
2.860424220561981201e-01
1.838984936475753784e-01
1.590527147054672241e-01
2.034771144390106201e-01
1.204261183738708496e-01
3.532444238662719727e-01
6.650373339653015137e-02
3.022045493125915527e-01
9.701660275459289551e-02
2.038745433092117310e-01
1.592289954423904419e-01
1.677269786596298218e-01
2.776213884353637695e-01
6.263937056064605713e-02
2.508047819137573242e-01
1.445982158184051514e-01
2.522544264793395996e-01
1.515854001045227051e-01
2.575503289699554443e-01
1.462999582290649414e-01
2.072440683841705322e-01
1.520543992519378662e-01
2.750864028930664062e-01
6.696065515279769897e-02
4.406729340553283691e-01
5.473735183477401733e-02
2.345986962318420410e-01
1.078618392348289490e-01
2.651355266571044922e-01
1.408549994230270386e-01
1.900724172592163086e-01
1.632480025291442871e-01
2.361361086368560791e-01
1.571726799011230469e-01
3.073391318321228027e-01
6.403921544551849365e-02
1.414027363061904907e-01
2.980345785617828369e-01
6.468261778354644775e-02
3.247454166412353516e-01
1.215438917279243469e-01
1.765541285276412964e-01
1.705513000488281250e-01
1.948337703943252563e-01
2.243425250053405762e-01
1.371162980794906616e-01
2.856890261173248291e-01
1.111515387892723083e-01
3.133397400379180908e-01
5.230112001299858093e-02
2.138793766498565674e-01
1.392146348953247070e-01
1.097895503044128418e-01
2.474377751350402832e-01
1.274025291204452515e-01
1.803360283374786377e-01
3.269721269607543945e-01
5.130613595247268677e-02
3.436142802238464355e-01
5.921114608645439148e-02
4.508806169033050537e-01
5.456686764955520630e-02
4.449200928211212158e-01
3.548745065927505493e-02
5.011931657791137695e-01
1.257617771625518799e-02
4.420963525772094727e-01
7.221236824989318848e-02
2.990881204605102539e-01
2.038832902908325195e-01
2.393337786197662354e-01
2.303649783134460449e-01
1.601054817438125610e-01
2.867402434349060059e-01
3.563612326979637146e-02
3.565577864646911621e-01
5.754303187131881714e-02
3.998146653175354004e-01
2.173354849219322205e-02
4.487971663475036621e-01
4.156149923801422119e-02
6.714592576026916504e-01
2.414365531876683235e-03
2.442710399627685547e-01
2.197072058916091919e-01
2.465012073516845703e-01
2.896608710289001465e-01
3.209124207496643066e-01
2.100105285644531250e-01
2.000272572040557861e-01
1.095463484525680542e-01
3.931478559970855713e-01
4.941716045141220093e-02
5.583289861679077148e-01
4.641531407833099365e-02
7.101018428802490234e-01
4.422998055815696716e-03
1.086023375391960144e-01
6.404403448104858398e-01
3.148357942700386047e-02
6.273431777954101562e-01
7.453139871358871460e-02
2.558495998382568359e-01
3.153130710124969482e-01
2.558642625808715820e-01
1.992715448141098022e-01
2.906130254268646240e-01
2.235986590385437012e-01
1.305658668279647827e-01
2.567247152328491211e-01
1.372152864933013916e-01
2.596691250801086426e-01
1.568587422370910645e-01
2.797498106956481934e-01
1.814515441656112671e-01
1.251013427972793579e-01
5.032845139503479004e-01
2.591487765312194824e-02
5.131758451461791992e-01
4.562950879335403442e-02
4.579073786735534668e-01
4.307076334953308105e-02
1.723923832178115845e-01
2.436590641736984253e-01
4.539690017700195312e-01
1.930722594261169434e-02
5.515096187591552734e-01
4.456002637743949890e-02
2.954798042774200439e-01
1.374923735857009888e-01
2.153142094612121582e-01
3.432764410972595215e-01
8.764965832233428955e-02
3.581809997558593750e-01
1.419034302234649658e-01
1.541322171688079834e-01
3.118728399276733398e-01
1.000516936182975769e-01
3.532202243804931641e-01
9.572908282279968262e-02
2.414092719554901123e-01
1.512313485145568848e-01
1.175849512219429016e-01
1.834141314029693604e-01
2.410159707069396973e-01
8.045981079339981079e-02
3.280916512012481689e-01
5.816014111042022705e-02
3.016614913940429688e-01
1.441165804862976074e-01
1.459366083145141602e-01
2.489109337329864502e-01
7.644103467464447021e-02
4.110798239707946777e-01
3.297472000122070312e-02
3.833869099617004395e-01
4.319135472178459167e-02
3.450199365615844727e-01
3.990522027015686035e-02
1.662188470363616943e-01
3.843486309051513672e-01
6.086118146777153015e-02
2.454420030117034912e-01
2.638721764087677002e-01
9.824709594249725342e-02
3.168268799781799316e-01
1.151911765336990356e-01
2.274021506309509277e-01
1.565561890602111816e-01
2.281388491392135620e-01
1.952687501907348633e-01
1.433889418840408325e-01
2.261551171541213989e-01
7.536358386278152466e-02
3.108087480068206787e-01
6.637437641620635986e-02
2.168456912040710449e-01
2.112061381340026855e-01
8.476715534925460815e-02
2.550989389419555664e-01
1.869976669549942017e-01
1.881217807531356812e-01
2.042417079210281372e-01
1.908072829246520996e-01
1.677458584308624268e-01
1.623112559318542480e-01
1.089850068092346191e-01
2.402229607105255127e-01
1.036400347948074341e-01
1.663943678140640259e-01
2.262094914913177490e-01
9.603923559188842773e-02
3.594678044319152832e-01
6.976401805877685547e-02
1.579595208168029785e-01
2.928726375102996826e-01
7.363198697566986084e-02
1.718084216117858887e-01
2.370542436838150024e-01
1.393617689609527588e-01
2.303724586963653564e-01
1.223503127694129944e-01
2.404780387878417969e-01
8.400477468967437744e-02
1.211178600788116455e-01
1.959370225667953491e-01
1.249824389815330505e-01
2.601160705089569092e-01
8.727647364139556885e-02
1.813841015100479126e-01
1.243380755186080933e-01
2.217074632644653320e-01
1.044294014573097229e-01
3.152222037315368652e-01
6.153012067079544067e-02
2.001265734434127808e-01
1.362601816654205322e-01
1.257512271404266357e-01
3.040151596069335938e-01
3.871264308691024780e-02
1.693640649318695068e-01
1.870857477188110352e-01
6.836636364459991455e-02
3.017136454582214355e-01
5.519782006740570068e-02
5.056687593460083008e-01
1.901514083147048950e-02
8.283170461654663086e-01
2.949982415884733200e-03
4.945517778396606445e-01
4.919415712356567383e-02
4.270736277103424072e-01
3.386828303337097168e-02
4.740088582038879395e-01
4.400769621133804321e-02
4.999685287475585938e-01
9.076547622680664062e-02
6.710143685340881348e-01
3.752589458599686623e-03
5.798779726028442383e-01
3.943112120032310486e-02
3.749418854713439941e-01
1.778867542743682861e-01
1.338932216167449951e-01
2.256498634815216064e-01
2.541776001453399658e-01
1.394765228033065796e-01
2.855055034160614014e-01
1.141718700528144836e-01
4.277649521827697754e-01
4.015079140663146973e-02
2.990311384201049805e-01
1.735320091247558594e-01
1.965878605842590332e-01
2.291266620159149170e-01
1.776375770568847656e-01
2.036740183830261230e-01
2.160665094852447510e-01
1.553146094083786011e-01
3.059913516044616699e-01
8.337074518203735352e-02
2.660197317600250244e-01
1.391905248165130615e-01
1.977319568395614624e-01
1.990380883216857910e-01
1.246527284383773804e-01
3.018634915351867676e-01
7.270121574401855469e-02
2.066347897052764893e-01
3.171666562557220459e-01
7.027412205934524536e-02
3.054290413856506348e-01
9.596060961484909058e-02
2.369293421506881714e-01
2.699600160121917725e-01
1.514458656311035156e-01
1.413926780223846436e-01
3.323220610618591309e-01
6.426275521516799927e-02
1.607428193092346191e-01
1.564983427524566650e-01
1.547069251537322998e-01
2.226119637489318848e-01
9.266969561576843262e-02
1.620090305805206299e-01
2.362202703952789307e-01
9.255651384592056274e-02
3.496524691581726074e-01
6.847466528415679932e-02
1.765161454677581787e-01
2.473033070564270020e-01
1.042396053671836853e-01
3.213151097297668457e-01
8.368215709924697876e-02
1.863905489444732666e-01
1.609498113393783569e-01
1.717502474784851074e-01
1.640929877758026123e-01
1.822373270988464355e-01
1.255724877119064331e-01
1.765910834074020386e-01
4.308645427227020264e-01
2.848108112812042236e-02
3.969824612140655518e-01
9.021933376789093018e-02
3.698500990867614746e-01
8.716010302305221558e-02
1.705231070518493652e-01
2.737870216369628906e-01
5.766526237130165100e-02
4.276289343833923340e-01
5.005669593811035156e-02
2.915971279144287109e-01
2.972351945936679840e-02
5.362021923065185547e-01
1.591597311198711395e-02
5.611912012100219727e-01
2.632725797593593597e-02
4.442891478538513184e-01
7.547970116138458252e-02
3.356956839561462402e-01
7.168652862310409546e-02
2.901425063610076904e-01
9.914156794548034668e-02
1.014610454440116882e-01
2.514175176620483398e-01
1.394142508506774902e-01
1.133111566305160522e-01
3.431183695793151855e-01
8.360232412815093994e-02
2.316156029701232910e-01
1.564473807811737061e-01
1.393665969371795654e-01
2.045112848281860352e-01
2.024347484111785889e-01
1.300887763500213623e-01
3.015721738338470459e-01
3.537277132272720337e-02
4.628931879997253418e-01
7.011313736438751221e-02
3.626269996166229248e-01
1.720196753740310669e-02
2.694709300994873047e-01
1.965560168027877808e-01
6.063953787088394165e-02
3.064055144786834717e-01
7.286547124385833740e-02
3.101444244384765625e-01
9.426720440387725830e-02
2.829366326332092285e-01
1.102573797106742859e-01
7.719278335571289062e-02
2.319218367338180542e-01
1.675623655319213867e-01
1.313747316598892212e-01
3.109979629516601562e-01
3.968173265457153320e-02
2.357611358165740967e-01
2.966767251491546631e-01
4.992042481899261475e-02
3.749628663063049316e-01
3.522247076034545898e-02
3.525586724281311035e-01
6.609062850475311279e-02
1.974366158246994019e-01
3.084210455417633057e-01
5.865193158388137817e-02
1.604339182376861572e-01
2.956618070602416992e-01
4.572797566652297974e-02
2.081705927848815918e-01
3.261373043060302734e-01
6.008118391036987305e-02
2.802522778511047363e-01
9.091581404209136963e-02
2.042414397001266479e-01
1.015462577342987061e-01
2.909498214721679688e-01
7.795219868421554565e-02
1.622866988182067871e-01
2.143051028251647949e-01
7.823645323514938354e-02
1.572237759828567505e-01
2.212900668382644653e-01
6.560082733631134033e-02
3.250889778137207031e-01
7.369740307331085205e-02
3.757955431938171387e-01
6.436530500650405884e-02
4.798103570938110352e-01
1.207945961505174637e-02
4.220491945743560791e-01
3.296823054552078247e-02
5.610883235931396484e-01
7.160521298646926880e-02
7.237336039543151855e-02
4.467288851737976074e-01
1.379319094121456146e-02
2.698799669742584229e-01
1.571727544069290161e-01
1.178502738475799561e-01
2.561674118041992188e-01
1.908486634492874146e-01
1.522841602563858032e-01
2.534995675086975098e-01
8.574309945106506348e-02
2.511989772319793701e-01
1.141031384468078613e-01
2.034447640180587769e-01
1.596725881099700928e-01
1.491373181343078613e-01
1.434531956911087036e-01
1.491893827915191650e-01
1.197558343410491943e-01
1.449349522590637207e-01
1.352520287036895752e-01
1.623240411281585693e-01
2.059444487094879150e-01
1.293238401412963867e-01
1.658824086189270020e-01
2.584525942802429199e-01
4.717090353369712830e-02
3.767164349555969238e-01
6.414750218391418457e-02
2.226247489452362061e-01
9.314821660518646240e-02
4.148719906806945801e-01
4.293130710721015930e-02
4.808267354965209961e-01
2.065906301140785217e-02
5.829489231109619141e-01
8.334536105394363403e-03
3.723337948322296143e-01
1.361507475376129150e-01
1.375748068094253540e-01
2.751336097717285156e-01
1.376378387212753296e-01
2.543559074401855469e-01
1.236085146665573120e-01
2.130099534988403320e-01
2.877696752548217773e-01
5.714219063520431519e-02
4.721001386642456055e-01
3.388141840696334839e-02
7.939079999923706055e-01
3.682862734422087669e-03
4.609291553497314453e-01
9.048937261104583740e-02
3.673065304756164551e-01
7.699228078126907349e-02
3.210600018501281738e-01
1.099851429462432861e-01
2.981719970703125000e-01
1.160379275679588318e-01
2.693610787391662598e-01
1.238590329885482788e-01
1.779990792274475098e-01
2.645973265171051025e-01
8.672457188367843628e-02
2.091194093227386475e-01
1.833568066358566284e-01
1.422341167926788330e-01
2.266334593296051025e-01
1.304870694875717163e-01
1.697708964347839355e-01
2.473908513784408569e-01
8.363267779350280762e-02
2.205259203910827637e-01
2.036403715610504150e-01
1.750514656305313110e-01
1.023442149162292480e-01
4.548861980438232422e-01
3.983134031295776367e-02
2.115091532468795776e-01
2.965778708457946777e-01
6.903591752052307129e-02
3.051618039608001709e-01
8.760628104209899902e-02
2.347881942987442017e-01
1.651751995086669922e-01
1.449089348316192627e-01
1.864450275897979736e-01
1.008700728416442871e-01
2.288195788860321045e-01
7.320524007081985474e-02
2.781817913055419922e-01
1.312317550182342529e-01
1.844636052846908569e-01
2.063384950160980225e-01
1.666837334632873535e-01
3.812654018402099609e-01
5.140469223260879517e-02
2.245968133211135864e-01
1.652483344078063965e-01
1.603148430585861206e-01
2.410899549722671509e-01
2.476915270090103149e-01
2.286520898342132568e-01
1.146197095513343811e-01
2.279231399297714233e-01
1.806068122386932373e-01
2.145512402057647705e-01
1.045467406511306763e-01
2.817537486553192139e-01
7.813555747270584106e-02
1.763884425163269043e-01
2.407266795635223389e-01
7.419776916503906250e-02
1.957496404647827148e-01
1.991939842700958252e-01
1.139126792550086975e-01
1.439278274774551392e-01
2.974025607109069824e-01
5.106030777096748352e-02
2.558851838111877441e-01
7.454101741313934326e-02
3.274740874767303467e-01
5.821243301033973694e-02
4.130553007125854492e-01
1.025318913161754608e-02
4.742754697799682617e-01
2.193601056933403015e-02
2.507013082504272461e-01
1.728605329990386963e-01
1.672247052192687988e-01
1.271420717239379883e-01
5.215904712677001953e-01
3.080793470144271851e-02
4.907196164131164551e-01
6.330620497465133667e-02
2.560147047042846680e-01
2.298687398433685303e-01
7.204705476760864258e-02
2.749530375003814697e-01
9.832907468080520630e-02
2.479121088981628418e-01
1.231806352734565735e-01
1.248835474252700806e-01
3.041482269763946533e-01
4.764801636338233948e-02
2.154462933540344238e-01
1.599447429180145264e-01
1.311032027006149292e-01
2.169044911861419678e-01
1.342573910951614380e-01
1.889050602912902832e-01
1.658320426940917969e-01
2.298268824815750122e-01
4.716785252094268799e-02
3.351375758647918701e-01
6.492803990840911865e-02
1.144374459981918335e-01
1.374564468860626221e-01
1.737625598907470703e-01
1.617374867200851440e-01
2.548149228096008301e-01
8.693879842758178711e-02
5.127177238464355469e-01
3.814475983381271362e-02
7.456480264663696289e-01
1.222492009401321411e-02
1.390889286994934082e-01
2.995087504386901855e-01
4.039807990193367004e-02
3.998373150825500488e-01
7.528079301118850708e-02
1.594885140657424927e-01
2.747292518615722656e-01
8.637448400259017944e-02
2.680986225605010986e-01
1.067560911178588867e-01
1.688631922006607056e-01
1.907906234264373779e-01
2.880126237869262695e-01
1.014958396553993225e-01
1.751195192337036133e-01
2.701687514781951904e-01
9.299279004335403442e-02
1.933809518814086914e-01
1.875346153974533081e-01
1.592358350753784180e-01
1.207540854811668396e-01
4.119332432746887207e-01
1.562351267784833908e-02
3.080982565879821777e-01
1.471856534481048584e-01
1.404259800910949707e-01
2.558919191360473633e-01
7.732008397579193115e-02
3.337751030921936035e-01
3.987452387809753418e-02
2.872624099254608154e-01
6.941550225019454956e-02
2.560152411460876465e-01
1.095576733350753784e-01
1.721086800098419189e-01
1.559155434370040894e-01
1.812823414802551270e-01
2.243822962045669556e-01
8.813643455505371094e-02
1.669521629810333252e-01
1.704038381576538086e-01
2.034944295883178711e-01
1.312363743782043457e-01
9.174533188343048096e-02
2.346002459526062012e-01
6.462534517049789429e-02
3.709614872932434082e-01
3.383666276931762695e-02
1.834985613822937012e-01
1.404733210802078247e-01
1.935355216264724731e-01
1.121569946408271790e-01
1.919657886028289795e-01
1.564297676086425781e-01
1.817673593759536743e-01
8.063438534736633301e-02
5.066380500793457031e-01
1.455240603536367416e-02
6.031925678253173828e-01
7.649797201156616211e-02
2.242467403411865234e-01
2.246769964694976807e-01
9.963767230510711670e-02
2.832643389701843262e-01
7.233572751283645630e-02
4.079334139823913574e-01
3.764133155345916748e-02
3.971150517463684082e-01
4.301156848669052124e-02
5.092265605926513672e-01
2.316783554852008820e-02
5.501938462257385254e-01
2.552819997072219849e-02
4.700209498405456543e-01
6.102008745074272156e-02
1.673140525817871094e-01
1.683658957481384277e-01
1.226934641599655151e-01
1.874951720237731934e-01
3.577629923820495605e-01
8.841843158006668091e-02
4.652456045150756836e-01
2.818760462105274200e-02
2.714453339576721191e-01
1.783986389636993408e-01
9.301052987575531006e-02
2.106350362300872803e-01
1.585698723793029785e-01
2.286694645881652832e-01
1.202660351991653442e-01
2.306913882493972778e-01
2.132604122161865234e-01
1.035158336162567139e-01
3.552452325820922852e-01
6.372047215700149536e-02
4.189513027667999268e-01
1.940123178064823151e-02
1.292505860328674316e-01
4.003323912620544434e-01
4.229925572872161865e-02
2.707886695861816406e-01
1.847466230392456055e-01
1.368459463119506836e-01
1.962532997131347656e-01
1.787117421627044678e-01
7.038072496652603149e-02
3.061662316322326660e-01
8.977875858545303345e-02
4.208479225635528564e-01
1.424243394285440445e-02
4.763831198215484619e-01
3.685013577342033386e-02
1.115126088261604309e-01
4.462106823921203613e-01
1.683202944695949554e-02
5.276102423667907715e-01
4.493542015552520752e-02
1.430908441543579102e-01
2.905375957489013672e-01
9.025963395833969116e-02
2.287825345993041992e-01
1.301093101501464844e-01
2.399546205997467041e-01
1.341527104377746582e-01
1.108134239912033081e-01
2.533005774021148682e-01
1.111318320035934448e-01
2.950246930122375488e-01
5.132516473531723022e-02
2.211809754371643066e-01
2.166287899017333984e-01
7.829347997903823853e-02
2.865772843360900879e-01
5.720991641283035278e-02
2.910698652267456055e-01
1.140578985214233398e-01
1.676512211561203003e-01
2.882384657859802246e-01
7.279178500175476074e-02
3.239563703536987305e-01
6.245275586843490601e-02
1.676491498947143555e-01
1.920516192913055420e-01
9.221622347831726074e-02
1.642702668905258179e-01
2.656197249889373779e-01
4.168560355901718140e-02
2.006405144929885864e-01
1.486456245183944702e-01
2.371244430541992188e-01
6.448524445295333862e-02
1.235379204154014587e-01
3.010854125022888184e-01
8.474187552928924561e-02
1.552748829126358032e-01
2.088749557733535767e-01
1.247639283537864685e-01
3.825840055942535400e-01
2.561234496533870697e-02
4.545263946056365967e-01
3.102609142661094666e-02
3.968709409236907959e-01
6.006141752004623413e-02
2.841707468032836914e-01
4.933081194758415222e-02
1.611775159835815430e-01
2.269180119037628174e-01
9.026960283517837524e-02
2.693350911140441895e-01
9.139970690011978149e-02
1.794672012329101562e-01
3.070819973945617676e-01
5.288432538509368896e-02
1.984023302793502808e-01
1.515389084815979004e-01
2.214799821376800537e-01
1.317241489887237549e-01
3.026193380355834961e-01
6.487847119569778442e-02
2.599053978919982910e-01
9.863841533660888672e-02
1.640624403953552246e-01
3.303507864475250244e-01
3.760208934545516968e-02
6.081864237785339355e-01
1.196958869695663452e-02
8.117202520370483398e-01
8.391480892896652222e-03
4.132405221462249756e-01
1.493388116359710693e-01
2.315207570791244507e-01
1.676895618438720703e-01
5.008038878440856934e-01
8.925274014472961426e-03
7.859818935394287109e-01
4.179577529430389404e-02
4.736520051956176758e-01
1.045965924859046936e-01
5.279283523559570312e-01
1.409512162208557129e-01
5.883613824844360352e-01
7.383322715759277344e-02
6.875486373901367188e-01
4.297314211726188660e-02
1.331383287906646729e-01
4.378365874290466309e-01
6.897532939910888672e-02
4.507777392864227295e-01
8.313429355621337891e-02
2.610015869140625000e-01
2.344553321599960327e-01
1.223967820405960083e-01
2.950096726417541504e-01
7.872109115123748779e-02
2.378259003162384033e-01
2.382528334856033325e-01
3.142089247703552246e-01
1.388444304466247559e-01
2.456324249505996704e-01
1.891199201345443726e-01
2.223738431930541992e-01
1.097398400306701660e-01
4.117158353328704834e-01
5.956255644559860229e-02
2.186052352190017700e-01
1.727138459682464600e-01
1.261585652828216553e-01
2.331021577119827271e-01
1.587474793195724487e-01
2.606510519981384277e-01
1.279720216989517212e-01
2.588992714881896973e-01
1.129270419478416443e-01
3.999499380588531494e-01
3.613689914345741272e-02
3.279615938663482666e-01
1.646747738122940063e-01
1.093757897615432739e-01
3.487570881843566895e-01
8.725148439407348633e-02
2.600646615028381348e-01
1.433523595333099365e-01
2.069444060325622559e-01
1.258093267679214478e-01
1.875147521495819092e-01
2.113641500473022461e-01
1.732993721961975098e-01
1.192546188831329346e-01
2.269903868436813354e-01
1.230104267597198486e-01
2.100073993206024170e-01
1.425090730190277100e-01
2.167685776948928833e-01
2.395980358123779297e-01
1.577150970697402954e-01
1.477310061454772949e-01
2.096390575170516968e-01
9.112722426652908325e-02
2.338678836822509766e-01
1.771681755781173706e-01
2.408416867256164551e-01
7.737217098474502563e-02
5.149789452552795410e-01
4.484148323535919189e-02
3.172281384468078613e-01
2.484271973371505737e-01
4.511635378003120422e-02
2.252387851476669312e-01
1.977353692054748535e-01
1.511048525571823120e-01
1.946998238563537598e-01
1.490809768438339233e-01
2.104736417531967163e-01
1.687107086181640625e-01
1.336930543184280396e-01
3.092285692691802979e-01
7.108704745769500732e-02
3.042080402374267578e-01
1.447439193725585938e-01
1.679552495479583740e-01
1.883621811866760254e-01
1.393208801746368408e-01
2.932468950748443604e-01
7.824321836233139038e-02
4.167373776435852051e-01
7.309217751026153564e-02
1.969511806964874268e-01
1.884030401706695557e-01
1.134613603353500366e-01
2.653145790100097656e-01
1.259125173091888428e-01
1.412310004234313965e-01
2.986234426498413086e-01
9.156094491481781006e-02
4.469999670982360840e-01
5.609725415706634521e-02
5.083293914794921875e-01
4.005942493677139282e-02
5.522063970565795898e-01
7.417394965887069702e-02
1.873022019863128662e-01
1.835383623838424683e-01
1.393882632255554199e-01
4.155450463294982910e-01
1.555211097002029419e-02
3.058852553367614746e-01
8.287352323532104492e-02
2.211852818727493286e-01
2.441561818122863770e-01
2.335481643676757812e-01
2.651010155677795410e-01
7.924417406320571899e-02
4.188878536224365234e-01
7.002363353967666626e-02
3.445615172386169434e-01
3.625431284308433533e-02
1.597442030906677246e-01
2.596491575241088867e-01
7.675446569919586182e-02
3.829537928104400635e-01
3.454432636499404907e-02
5.052180886268615723e-01
3.260907530784606934e-02
1.862635910511016846e-01
2.246667146682739258e-01
1.027770787477493286e-01
4.100463390350341797e-01
6.186766177415847778e-02
4.547466039657592773e-01
3.293351083993911743e-02
4.098733961582183838e-01
1.017681211233139038e-01
1.469131112098693848e-01
4.865092039108276367e-01
3.903249651193618774e-02
5.080479383468627930e-01
3.923361003398895264e-02
2.832100391387939453e-01
1.171807050704956055e-01
1.579202711582183838e-01
2.452382892370223999e-01
1.391173005104064941e-01
1.335800737142562866e-01
2.368685901165008545e-01
1.037932634353637695e-01
1.375906169414520264e-01
1.694556474685668945e-01
2.608939111232757568e-01
1.272429972887039185e-01
3.594117164611816406e-01
5.218880251049995422e-02
1.696151793003082275e-01
3.020094633102416992e-01
7.006488740444183350e-02
2.695493102073669434e-01
9.217955917119979858e-02
1.815052330493927002e-01
1.552665829658508301e-01
2.248062193393707275e-01
1.105590611696243286e-01
3.268960714340209961e-01
1.011722013354301453e-01
1.994591653347015381e-01
1.858108937740325928e-01
3.134660422801971436e-01
8.732946962118148804e-02
2.984739542007446289e-01
8.858769387006759644e-02
2.939505875110626221e-01
9.073033183813095093e-02
1.586879491806030273e-01
3.509048223495483398e-01
3.668915852904319763e-02
4.870456159114837646e-01
3.040943108499050140e-02
3.685908913612365723e-01
4.243199527263641357e-02
2.041359245777130127e-01
1.774810403585433960e-01
2.011245191097259521e-01
1.275856196880340576e-01
3.906552791595458984e-01
2.956725098192691803e-02
6.605006456375122070e-01
2.267471700906753540e-02
2.734875082969665527e-01
2.679066061973571777e-01
2.476936280727386475e-01
2.042073905467987061e-01
4.511779546737670898e-01
6.877569854259490967e-02
4.095660448074340820e-01
1.614477634429931641e-01
5.044563412666320801e-01
3.324770927429199219e-02
3.576349616050720215e-01
1.496582180261611938e-01
2.051170021295547485e-01
2.293354123830795288e-01
1.690195798873901367e-01
2.643310427665710449e-01
1.147959977388381958e-01
2.491574287414550781e-01
1.046636253595352173e-01
9.637553244829177856e-02
3.328996300697326660e-01
5.995365977287292480e-02
1.836046874523162842e-01
3.119079768657684326e-01
8.807703852653503418e-02
3.348838388919830322e-01
9.706888347864151001e-02
1.780534535646438599e-01
3.762752413749694824e-01
6.077543273568153381e-02
3.446413278579711914e-01
1.077446863055229187e-01
1.646673977375030518e-01
2.170099914073944092e-01
9.364101290702819824e-02
2.673020958900451660e-01
6.776630878448486328e-02
3.642222285270690918e-01
4.317965731024742126e-02
3.590042889118194580e-01
6.140165776014328003e-02
1.926715672016143799e-01
1.554337441921234131e-01
1.968859732151031494e-01
2.934485673904418945e-01
1.121573150157928467e-01
2.971745729446411133e-01
1.299501359462738037e-01
2.433243095874786377e-01
1.642709225416183472e-01
1.362035274505615234e-01
1.377021372318267822e-01
2.465605139732360840e-01
1.958965957164764404e-01
1.368824392557144165e-01
1.110206544399261475e-01
1.812194883823394775e-01
2.243566811084747314e-01
7.719932496547698975e-02
5.193752050399780273e-01
4.831881821155548096e-02
5.075412988662719727e-01
7.344980537891387939e-02
3.229892253875732422e-01
2.043563127517700195e-01
8.522351086139678955e-02
4.250722527503967285e-01
1.348459534347057343e-02
7.915461659431457520e-01
3.680863184854388237e-03
1.797646582126617432e-01
2.601245641708374023e-01
5.663169920444488525e-02
2.361170947551727295e-01
1.700802743434906006e-01
2.567396163940429688e-01
1.618931293487548828e-01
3.087461590766906738e-01
6.130452454090118408e-02
2.465280443429946899e-01
2.055969536304473877e-01
1.199879795312881470e-01
3.157413601875305176e-01
7.581974565982818604e-02
5.229188203811645508e-01
4.016245901584625244e-02
3.425230383872985840e-01
5.926948413252830505e-02
1.537956446409225464e-01
3.724958300590515137e-01
4.052201658487319946e-02
3.750208020210266113e-01
9.458570927381515503e-02
2.036413550376892090e-01
1.919141709804534912e-01
1.727158427238464355e-01
2.533878684043884277e-01
1.345233470201492310e-01
3.786279559135437012e-01
4.424566775560379028e-02
2.356673926115036011e-01
9.852288663387298584e-02
1.475938558578491211e-01
1.865989267826080322e-01
2.312288880348205566e-01
1.377004086971282959e-01
3.152028620243072510e-01
4.361568391323089600e-02
4.761351644992828369e-01
4.463143646717071533e-02
2.380162179470062256e-01
1.471699774265289307e-01
2.307027578353881836e-01
9.608373045921325684e-02
4.084793925285339355e-01
5.426169931888580322e-02
2.310561835765838623e-01
2.244345694780349731e-01
3.568494319915771484e-02
5.392665863037109375e-01
6.747804582118988037e-02
2.863404452800750732e-01
1.369439363479614258e-01
2.160565257072448730e-01
1.099950894713401794e-01
3.735858500003814697e-01
1.581531390547752380e-02
6.153074502944946289e-01
1.475038193166255951e-02
3.104883134365081787e-01
7.323170453310012817e-02
2.535426020622253418e-01
1.534539312124252319e-01
1.576062440872192383e-01
2.384384572505950928e-01
9.914612025022506714e-02
2.493795603513717651e-01
9.007391333580017090e-02
1.848732680082321167e-01
1.670038104057312012e-01
1.906622499227523804e-01
1.239354461431503296e-01
2.734871208667755127e-01
1.754545122385025024e-01
2.195281088352203369e-01
1.610689461231231689e-01
1.246377676725387573e-01
3.118503093719482422e-01
5.288604274392127991e-02
3.206885755062103271e-01
6.938207149505615234e-02
1.877021640539169312e-01
1.910302489995956421e-01
8.508827537298202515e-02
3.863879442214965820e-01
3.520341590046882629e-02
3.582530021667480469e-01
2.675969898700714111e-02
2.097037583589553833e-01
2.139933407306671143e-01
9.081050008535385132e-02
2.396867275238037109e-01
1.836907118558883667e-01
2.007295340299606323e-01
2.172560989856719971e-01
1.916312575340270996e-01
8.434464037418365479e-02
3.138175904750823975e-01
4.320032894611358643e-02
6.035800576210021973e-01
3.190141543745994568e-02
6.459010839462280273e-01
5.597138311713933945e-03
6.890982985496520996e-01
5.072378367185592651e-02
5.012966990470886230e-01
1.276921778917312622e-01
4.192839562892913818e-01
1.017823219299316406e-01
5.434526801109313965e-01
6.789313256740570068e-02
2.564446330070495605e-01
2.512056827545166016e-01
1.934049725532531738e-01
5.020689964294433594e-01
3.144214674830436707e-02
4.797700047492980957e-01
7.589471340179443359e-02
3.838131427764892578e-01
4.133011400699615479e-02
5.404931306838989258e-01
5.983338505029678345e-02
1.553490459918975830e-01
3.438651859760284424e-01
8.044578135013580322e-02
3.163701593875885010e-01
1.324674338102340698e-01
2.679752707481384277e-01
1.804981529712677002e-01
1.275753080844879150e-01
3.669841587543487549e-01
3.135740756988525391e-02
3.556563854217529297e-01
6.767058372497558594e-02
2.359444797039031982e-01
1.398485004901885986e-01
1.865187883377075195e-01
2.418845295906066895e-01
9.133969992399215698e-02
5.898832678794860840e-01
2.231261506676673889e-02
4.586967825889587402e-01
7.261052727699279785e-02
1.705922186374664307e-01
3.557318150997161865e-01
7.639545202255249023e-02
4.011812806129455566e-01
8.181783556938171387e-02
2.895249426364898682e-01
1.017519533634185791e-01
1.933589130640029907e-01
2.583913803100585938e-01
1.506876945495605469e-01
3.741715252399444580e-01
7.844950258731842041e-02
2.351218014955520630e-01
2.144910097122192383e-01
7.395098358392715454e-02
1.537678986787796021e-01
1.773189157247543335e-01
2.849883437156677246e-01
1.030806228518486023e-01
1.207803934812545776e-01
5.000512003898620605e-01
3.005026653409004211e-02
2.943616211414337158e-01
8.001638948917388916e-02
2.258637845516204834e-01
2.050155550241470337e-01
2.058625519275665283e-01
9.623226523399353027e-02
3.528358042240142822e-01
4.104373604059219360e-02
2.420741170644760132e-01
1.853409707546234131e-01
1.039788573980331421e-01
3.257036805152893066e-01
6.155144795775413513e-02
1.786578297615051270e-01
1.154907420277595520e-01
9.994627535343170166e-02
2.119143605232238770e-01
2.156973332166671753e-01
4.475893452763557434e-02
3.434727489948272705e-01
5.335130915045738220e-02
4.759810566902160645e-01
3.685220330953598022e-02
5.668048858642578125e-01
1.474044565111398697e-02
2.992082238197326660e-01
2.196269035339355469e-01
6.869310140609741211e-02
5.129902362823486328e-01
2.109882980585098267e-02
4.849778115749359131e-01
5.132366716861724854e-02
1.289901435375213623e-01
3.978286981582641602e-01
5.727368593215942383e-02
3.744243085384368896e-01
1.409548819065093994e-01
6.620706617832183838e-02
2.496955990791320801e-01
2.758614420890808105e-01
6.682574748992919922e-02
3.861410617828369141e-01
5.478213727474212646e-02
3.487402796745300293e-01
6.167048960924148560e-02
2.088842093944549561e-01
1.361530423164367676e-01
1.875157654285430908e-01
2.081207036972045898e-01
8.646978437900543213e-02
3.414276242256164551e-01
6.657713651657104492e-02
2.622576951980590820e-01
1.529791355133056641e-01
1.557449400424957275e-01
1.388959735631942749e-01
1.837086677551269531e-01
1.540890932083129883e-01
2.246800661087036133e-01
8.160841464996337891e-02
2.519377470016479492e-01
9.747814387083053589e-02
8.990404754877090454e-02
3.960475325584411621e-01
4.519344493746757507e-02
4.900228083133697510e-01
1.405356451869010925e-02
1.832487583160400391e-01
3.210919797420501709e-01
3.926278650760650635e-02
4.682772159576416016e-01
3.255829215049743652e-02
2.121205776929855347e-01
1.139637604355812073e-01
1.894999295473098755e-01
1.044155657291412354e-01
2.729178071022033691e-01
1.774725168943405151e-01
3.202295601367950439e-01
7.809404283761978149e-02
3.271435797214508057e-01
4.436169564723968506e-02
2.346525192260742188e-01
1.694948077201843262e-01
8.817131817340850830e-02
1.874742060899734497e-01
2.817516624927520752e-01
7.426328957080841064e-02
2.802110016345977783e-01
7.157064974308013916e-02
2.214690446853637695e-01
1.514891982078552246e-01
9.063068777322769165e-02
3.999803066253662109e-01
3.852286189794540405e-02
3.825212419033050537e-01
5.414211750030517578e-02
1.835216879844665527e-01
1.453227102756500244e-01
3.245315253734588623e-01
3.470317274332046509e-02
3.879063129425048828e-01
6.034521758556365967e-02
3.188896775245666504e-01
7.347835600376129150e-02
2.252498567104339600e-01
1.719470918178558350e-01
1.494015008211135864e-01
2.182957977056503296e-01
1.484248936176300049e-01
1.661729067564010620e-01
1.675340831279754639e-01
1.435237228870391846e-01
4.401394128799438477e-01
3.063159622251987457e-02
6.377589106559753418e-01
9.712863713502883911e-03
6.927640438079833984e-01
4.922271147370338440e-02
7.099266052246093750e-01
3.916561603546142578e-02
4.693824946880340576e-01
2.157898098230361938e-01
1.908510625362396240e-01
4.492915272712707520e-01
1.109391376376152039e-01
3.366054296493530273e-01
2.300706356763839722e-01
1.653591394424438477e-01
3.101991415023803711e-01
1.805036365985870361e-01
2.819720208644866943e-01
1.417938470840454102e-01
3.621233999729156494e-01
8.498665690422058105e-02
4.511553049087524414e-01
3.363817930221557617e-02
2.628594338893890381e-01
1.476617306470870972e-01
1.481714546680450439e-01
2.743214368820190430e-01
6.765238940715789795e-02
5.541595816612243652e-01
3.111200779676437378e-02
5.614873766899108887e-01
2.505566179752349854e-02
6.134347915649414062e-01
3.543211519718170166e-02
1.927267462015151978e-01
2.264247536659240723e-01
1.407259404659271240e-01
2.600964903831481934e-01
1.338434517383575439e-01
1.542622745037078857e-01
2.105828225612640381e-01
2.279396951198577881e-01
9.871257096529006958e-02
1.505637764930725098e-01
3.320216238498687744e-01
7.148680090904235840e-02
1.813126653432846069e-01
1.869012713432312012e-01
1.090618669986724854e-01
3.810670971870422363e-01
5.782654136419296265e-02
3.287463784217834473e-01
8.773687481880187988e-02
2.695636749267578125e-01
1.076608747243881226e-01
3.352440297603607178e-01
9.684161841869354248e-02
2.411332279443740845e-01
1.604765951633453369e-01
1.800857037305831909e-01
1.854255050420761108e-01
1.097808405756950378e-01
3.931363523006439209e-01
7.212609797716140747e-02
4.025025069713592529e-01
5.024839192628860474e-02
1.895127296447753906e-01
1.188014894723892212e-01
1.629801690578460693e-01
1.703472733497619629e-01
1.532083451747894287e-01
2.770732939243316650e-01
6.295074522495269775e-02
1.300542652606964111e-01
3.499539494514465332e-01
1.268691122531890869e-01
2.664525806903839111e-01
1.446489691734313965e-01
4.060781598091125488e-01
1.750705391168594360e-02
4.182578325271606445e-01
7.739011943340301514e-02
3.281309604644775391e-01
6.078498065471649170e-02
1.830618083477020264e-01
1.395500600337982178e-01
1.663317829370498657e-01
2.585276365280151367e-01
5.019893124699592590e-02
2.375721931457519531e-01
1.503005623817443848e-01
1.700888574123382568e-01
9.765069931745529175e-02
2.463277578353881836e-01
8.966637402772903442e-02
9.040565788745880127e-02
1.905312836170196533e-01
9.862937033176422119e-02
3.155665993690490723e-01
7.187601178884506226e-02
1.626402586698532104e-01
1.910851895809173584e-01
7.481476664543151855e-02
9.717597812414169312e-02
3.748187422752380371e-01
7.860039174556732178e-02
1.438955068588256836e-01
1.981258839368820190e-01
1.276683211326599121e-01
2.150292992591857910e-01
8.018459379673004150e-02
1.602111160755157471e-01
1.364991962909698486e-01
1.109678521752357483e-01
2.678868174552917480e-01
9.020078927278518677e-02
2.024679630994796753e-01
1.705100536346435547e-01
7.165879011154174805e-02
3.077737689018249512e-01
2.529766038060188293e-02
6.526033878326416016e-01
2.297487668693065643e-02
2.657214105129241943e-01
8.038104325532913208e-02
3.500500917434692383e-01
6.975257396697998047e-02
3.516557812690734863e-01
7.386855781078338623e-02
6.185050010681152344e-01
5.860277451574802399e-03
6.036115288734436035e-01
1.219139061868190765e-02
4.151035547256469727e-01
6.512175500392913818e-02
4.841087758541107178e-01
4.387007653713226318e-02
5.809804797172546387e-01
3.984630852937698364e-02
5.321176052093505859e-01
3.723504394292831421e-02
1.212800741195678711e-01
3.096037507057189941e-01
5.926354229450225830e-02
2.531183362007141113e-01
1.413095891475677490e-01
3.271878063678741455e-01
1.320369690656661987e-01
3.142655193805694580e-01
9.636372327804565430e-02
2.508619129657745361e-01
9.858620166778564453e-02
1.339612007141113281e-01
2.509830594062805176e-01
2.915213108062744141e-01
7.776530086994171143e-02
1.371508836746215820e-01
1.489001810550689697e-01
1.474420130252838135e-01
1.573115885257720947e-01
1.254563927650451660e-01
3.513135612010955811e-01
5.146978050470352173e-02
2.391670048236846924e-01
1.666339933872222900e-01
3.461552858352661133e-01
8.272695541381835938e-02
3.482603430747985840e-01
6.013473123311996460e-02
2.654295563697814941e-01
7.575070858001708984e-02
9.826029092073440552e-02
3.380285203456878662e-01
5.906975641846656799e-02
3.411421775817871094e-01
8.300410211086273193e-02
3.826245069503784180e-01
1.053675636649131775e-02
3.958992362022399902e-01
4.173716902732849121e-02
2.122212350368499756e-01
2.754719257354736328e-01
1.276259683072566986e-02
5.374669432640075684e-01
4.212179407477378845e-02
5.481424331665039062e-01
7.741226255893707275e-02
2.698493003845214844e-01
3.302193284034729004e-01
1.820579022169113159e-01
3.048436343669891357e-01
2.053477466106414795e-01
6.608405709266662598e-02
1.984750926494598389e-01
1.155998930335044861e-01
4.014936685562133789e-01
4.112789779901504517e-02
4.740455448627471924e-01
9.247148782014846802e-02
2.440928816795349121e-01
1.688899397850036621e-01
1.640710234642028809e-01
2.661994695663452148e-01
1.199062168598175049e-01
3.041464686393737793e-01
1.109597310423851013e-01
9.901727735996246338e-02
3.186199367046356201e-01
7.044762372970581055e-02
4.352659881114959717e-01
3.701517730951309204e-02
2.829063534736633301e-01
1.127524301409721375e-01
2.099127173423767090e-01
1.143604591488838196e-01
1.699527800083160400e-01
1.463250368833541870e-01
9.322871267795562744e-02
1.535820662975311279e-01
1.966736018657684326e-01
1.770486831665039062e-01
2.220858633518218994e-01
1.088431179523468018e-01
1.034925505518913269e-01
3.218584954738616943e-01
5.223476514220237732e-02
2.186891436576843262e-01
8.581066131591796875e-02
1.902424097061157227e-01
1.639092415571212769e-01
1.870341002941131592e-01
1.399530768394470215e-01
9.579030424356460571e-02
2.580784559249877930e-01
8.972577750682830811e-02
4.278917908668518066e-01
2.309069223701953888e-02
2.505466938018798828e-01
1.920967102050781250e-01
5.337097495794296265e-02
2.813879251480102539e-01
6.768763065338134766e-02
1.974627375602722168e-01
1.270644068717956543e-01
4.524151086807250977e-01
4.559068381786346436e-02
1.226311028003692627e-01
4.050436913967132568e-01
6.447298824787139893e-02
2.990786433219909668e-01
7.676165550947189331e-02
1.538710892200469971e-01
2.900153994560241699e-01
1.935887150466442108e-02
2.403034865856170654e-01
1.261834353208541870e-01
1.052234545350074768e-01
2.264050543308258057e-01
1.058636903762817383e-01
1.751013398170471191e-01
7.322094589471817017e-02
2.419068813323974609e-01
3.721982240676879883e-01
2.509541809558868408e-02
3.726815283298492432e-01
8.702801167964935303e-02
2.870699465274810791e-01
3.477506712079048157e-02
3.044104278087615967e-01
1.436764746904373169e-01
2.137795984745025635e-01
2.964628934860229492e-01
4.889078438282012939e-02
3.743609786033630371e-01
6.855190545320510864e-02
2.432396262884140015e-01
9.597125649452209473e-02
3.283989429473876953e-01
4.142128676176071167e-02
5.011864900588989258e-01
3.861725330352783203e-02
7.518172264099121094e-01
2.372253127396106720e-02
4.744576811790466309e-01
6.869743764400482178e-02
2.332575172185897827e-01
1.575308740139007568e-01
2.347791194915771484e-01
2.822859585285186768e-01
9.035876393318176270e-02
7.004918456077575684e-01
2.255979552865028381e-02
4.483720660209655762e-01
1.861968636512756348e-01
2.143891751766204834e-01
2.052867859601974487e-01
1.747516542673110962e-01
2.708250284194946289e-01
1.641273796558380127e-01
1.385120898485183716e-01
3.644824922084808350e-01
7.303059101104736328e-02
5.148671865463256836e-01
3.274382650852203369e-02
2.974859178066253662e-01
1.111651510000228882e-01
7.396683096885681152e-02
1.336070895195007324e-01
3.243027329444885254e-01
8.537609130144119263e-02
1.264525055885314941e-01
1.479533016681671143e-01
1.459655761718750000e-01
8.299403637647628784e-02
1.481739282608032227e-01
2.139149308204650879e-01
1.593432277441024780e-01
1.334657967090606689e-01
2.884139120578765869e-01
7.465358823537826538e-02
3.394138216972351074e-01
7.857879996299743652e-02
1.310274451971054077e-01
3.328247666358947754e-01
4.166468232870101929e-02
9.935632348060607910e-02
3.834746181964874268e-01
3.966732323169708252e-02
1.752072274684906006e-01
2.301134765148162842e-01
1.370080709457397461e-01
1.325386017560958862e-01
4.006188511848449707e-01
3.284533694386482239e-02
6.401145458221435547e-01
9.010341018438339233e-03
5.411268472671508789e-01
1.890527270734310150e-02
2.338726967573165894e-01
1.912845075130462646e-01
8.894176781177520752e-02
4.018867015838623047e-01
6.378437578678131104e-02
3.279705047607421875e-01
5.155759304761886597e-02
4.692931771278381348e-01
5.496869236230850220e-02
2.639898657798767090e-01
2.645098567008972168e-01
6.011004000902175903e-02
4.315830767154693604e-01
4.501871764659881592e-02
1.096825450658798218e-01
3.521922230720520020e-01
1.010556817054748535e-01
2.622928023338317871e-01
2.101209610700607300e-01
1.250725388526916504e-01
2.158978879451751709e-01
1.672922670841217041e-01
4.791090637445449829e-02
2.251509130001068115e-01
8.167316019535064697e-02
3.599073886871337891e-01
5.038309842348098755e-02
2.319377362728118896e-01
2.362601459026336670e-01
1.133628040552139282e-01
3.934352993965148926e-01
8.703641593456268311e-02
3.846635818481445312e-01
5.706963688135147095e-02
3.664514422416687012e-01
5.112797021865844727e-02
5.093255639076232910e-01
1.880374364554882050e-02
2.574576139450073242e-01
1.445640325546264648e-01
9.997046738862991333e-02
1.558286249637603760e-01
1.798438727855682373e-01
1.748328506946563721e-01
3.175235986709594727e-01
6.188487261533737183e-02
6.361920833587646484e-01
1.710307411849498749e-02
1.994920969009399414e-01
3.150360286235809326e-01
4.312803968787193298e-02
4.234674870967864990e-01
5.430693551898002625e-02
2.531769275665283203e-01
2.968553304672241211e-01
5.635543167591094971e-02
4.841341972351074219e-01
3.619625419378280640e-02
1.677519530057907104e-01
3.097320199012756348e-01
4.398407042026519775e-02
2.290911376476287842e-01
8.153934776782989502e-02
3.599792718887329102e-01
2.726169116795063019e-02
5.042293071746826172e-01
7.745928317308425903e-02
2.103536576032638550e-01
3.235209882259368896e-01
1.435056924819946289e-01
3.428741097450256348e-01
4.526165872812271118e-02
7.175008058547973633e-01
1.659911498427391052e-02
2.527086734771728516e-01
2.965952157974243164e-01
1.345928609371185303e-01
5.789874792098999023e-01
4.498124867677688599e-02
4.348110854625701904e-01
8.412311226129531860e-02
3.747939169406890869e-01
1.157234385609626770e-01
9.880125522613525391e-02
5.393389463424682617e-01
4.652670025825500488e-02
4.033473730087280273e-01
1.525945067405700684e-01
8.461875468492507935e-02
3.381210267543792725e-01
1.451528817415237427e-01
1.071412563323974609e-01
2.171047925949096680e-01
2.088608145713806152e-01
1.643770933151245117e-01
8.698762953281402588e-02
6.696048378944396973e-01
2.010326087474822998e-02
3.668339550495147705e-01
1.053870022296905518e-01
2.572783827781677246e-01
9.857772290706634521e-02
4.319651722908020020e-01
8.906500041484832764e-02
3.481087982654571533e-01
1.042255237698554993e-01
3.744774460792541504e-01
6.073186546564102173e-02
1.777544915676116943e-01
1.741860508918762207e-01
5.394538491964340210e-02
1.441744267940521240e-01
2.200208157300949097e-01
1.301255524158477783e-01
2.447932958602905273e-01
9.189128875732421875e-02
2.593913674354553223e-01
1.692554056644439697e-01
1.730668544769287109e-01
1.200424432754516602e-01
2.309754490852355957e-01
9.164360910654067993e-02
2.712573409080505371e-01
7.038538157939910889e-02
4.398888349533081055e-01
3.564919903874397278e-02
3.752554655075073242e-01
9.422644227743148804e-02
1.920208930969238281e-01
1.016547381877899170e-01
1.686926484107971191e-01
3.386437892913818359e-01
4.259485006332397461e-02
2.096839845180511475e-01
1.028656139969825745e-01
3.352209925651550293e-01
6.766118109226226807e-02
2.496155202388763428e-01
9.233362227678298950e-02
2.633831501007080078e-01
9.890814125537872314e-02
2.075826227664947510e-01
9.895290434360504150e-02
3.166730999946594238e-01
7.329886406660079956e-02
2.967825233936309814e-01
5.823945626616477966e-02
4.199308753013610840e-01
3.414293378591537476e-02
3.837859630584716797e-01
4.077468812465667725e-02
9.727081656455993652e-02
4.250384569168090820e-01
2.759161591529846191e-02
1.127296909689903259e-01
4.994716346263885498e-01
7.618022151291370392e-03
3.924984931945800781e-01
6.483779847621917725e-02
1.950267255306243896e-01
2.051732540130615234e-01
2.333504855632781982e-01
2.141521722078323364e-01
1.905524432659149170e-01
1.267461180686950684e-01
2.651988267898559570e-01
5.076161772012710571e-02
2.143660485744476318e-01
1.673403084278106689e-01
6.224460899829864502e-02
4.382964968681335449e-01
3.511035814881324768e-02
2.990539073944091797e-01
1.138737127184867859e-01
3.676290512084960938e-01
3.268321603536605835e-02
3.875205218791961670e-01
5.547878891229629517e-02
1.412006020545959473e-01
3.394585847854614258e-01
4.123295843601226807e-02
6.402491331100463867e-01
7.896613329648971558e-03
6.626706123352050781e-01
3.509437665343284607e-03
5.393671989440917969e-01
4.155346006155014038e-02
2.450187057256698608e-01
2.685987353324890137e-01
1.725048720836639404e-01
5.410953164100646973e-01
1.466342899948358536e-02
6.202395558357238770e-01
2.789531275629997253e-02
3.716269731521606445e-01
2.025212496519088745e-01
7.260385900735855103e-02
2.737523615360260010e-01
1.980709284543991089e-01
2.783535122871398926e-01
6.197755783796310425e-02
3.633448481559753418e-01
1.479150354862213135e-01
2.392963767051696777e-01
1.419574022293090820e-01
1.522237807512283325e-01
1.744718253612518311e-01
5.075542926788330078e-01
1.851778477430343628e-02
1.283168792724609375e-01
4.118881821632385254e-01
9.047476947307586670e-02
3.222253918647766113e-01
1.058845594525337219e-01
1.166964545845985413e-01
2.453418076038360596e-01
1.400219202041625977e-01
1.915123164653778076e-01
1.972642838954925537e-01
1.093770787119865417e-01
2.758709192276000977e-01
1.825220137834548950e-01
1.510661542415618896e-01
3.088426589965820312e-01
7.073143124580383301e-02
3.312367796897888184e-01
9.618587046861648560e-02
2.710117101669311523e-01
1.349543929100036621e-01
1.845012456178665161e-01
1.302831172943115234e-01
9.412112832069396973e-02
2.594998478889465332e-01
6.091801822185516357e-02
3.104792237281799316e-01
8.390789479017257690e-02
2.172881513833999634e-01
2.193339169025421143e-01
1.157664209604263306e-01
1.866889297962188721e-01
2.708384394645690918e-01
1.019130721688270569e-01
2.412291914224624634e-01
4.508672654628753662e-02
2.996463179588317871e-01
7.500023394823074341e-02
2.141410261392593384e-01
4.620247334241867065e-02
3.913584351539611816e-01
4.400237649679183960e-02
2.827520370483398438e-01
8.142348378896713257e-02
2.201391458511352539e-01
8.309169858694076538e-02
1.863930374383926392e-01
1.711641997098922729e-01
1.289234757423400879e-01
2.148643881082534790e-01
2.170410752296447754e-01
8.334463834762573242e-02
3.364036083221435547e-01
6.467580795288085938e-02
3.771114945411682129e-01
4.732078313827514648e-02
2.821048498153686523e-01
1.836474612355232239e-02
3.257678747177124023e-01
5.851196497678756714e-02
2.602615952491760254e-01
1.128961667418479919e-01
2.507307827472686768e-01
9.311926364898681641e-02
2.300571203231811523e-01
9.471694380044937134e-02
2.029823064804077148e-01
1.101658642292022705e-01
1.848945468664169312e-01
1.295596659183502197e-01
2.778051793575286865e-01
7.666170597076416016e-02
6.897953152656555176e-02
3.209395408630371094e-01
7.907988131046295166e-02
4.945110082626342773e-01
2.563054487109184265e-02
3.973008394241333008e-01
6.061168760061264038e-02
1.015987694263458252e-01
2.593607902526855469e-01
1.079322472214698792e-01
2.086039483547210693e-01
1.456186622381210327e-01
4.947907924652099609e-01
1.984275504946708679e-02
5.456185340881347656e-01
5.015838146209716797e-02
2.025927007198333740e-01
1.487964987754821777e-01
1.617026627063751221e-01
1.439102292060852051e-01
4.276506602764129639e-02
3.551875650882720947e-01
6.803611665964126587e-02
3.491435050964355469e-01
7.159011065959930420e-02
1.414621472358703613e-01
2.114781737327575684e-01
1.205374971032142639e-01
1.882039010524749756e-01
1.611002981662750244e-01
4.235774874687194824e-01
1.646639220416545868e-02
3.944708406925201416e-01
5.286145955324172974e-02
3.016428947448730469e-01
1.170694530010223389e-01
2.189600914716720581e-01
2.065442055463790894e-01
5.680660903453826904e-02
2.933886945247650146e-01
6.390529870986938477e-02
2.917471528053283691e-01
9.528679400682449341e-02
2.297701537609100342e-01
1.178808435797691345e-01
3.499138355255126953e-01
5.663613229990005493e-02
2.491505742073059082e-01
1.659820377826690674e-01
1.005939841270446777e-01
2.305048704147338867e-01
2.095584273338317871e-01
1.035147905349731445e-01
2.151307761669158936e-01
1.012738868594169617e-01
1.773831397294998169e-01
1.893786638975143433e-01
1.112119406461715698e-01
2.196327447891235352e-01
1.134379953145980835e-01
8.948449790477752686e-02
2.356367409229278564e-01
1.032624244689941406e-01
1.593740135431289673e-01
7.451180368661880493e-02
2.043749392032623291e-01
9.281650185585021973e-02
1.920678913593292236e-01
1.113543063402175903e-01
1.999015659093856812e-01
1.431076079607009888e-01
1.638960987329483032e-01
2.494784146547317505e-01
6.851781904697418213e-02
2.885232567787170410e-01
1.084585636854171753e-01
1.289623975753784180e-01
2.173509448766708374e-01
5.963533371686935425e-02
3.264730572700500488e-01
4.301648586988449097e-02
3.626226186752319336e-01
2.424774318933486938e-02
1.252777874469757080e-01
2.061202526092529297e-01
2.979899644851684570e-01
3.698442503809928894e-02
4.382146596908569336e-01
5.843381583690643311e-02
1.732424199581146240e-01
1.219725906848907471e-01
3.169815540313720703e-01
1.329128257930278778e-02
4.331188797950744629e-01
1.882535591721534729e-02
8.205816149711608887e-02
4.081846475601196289e-01
1.017521228641271591e-02
9.989076852798461914e-02
3.050521314144134521e-01
7.516384124755859375e-02
9.885671734809875488e-02
4.257456064224243164e-01
1.980839483439922333e-02
3.529925346374511719e-01
2.477609366178512573e-02
4.995269179344177246e-01
2.161570452153682709e-02
2.742327451705932617e-01
1.847247630357742310e-01
9.879270941019058228e-02
3.059219717979431152e-01
9.620954096317291260e-02
3.406887650489807129e-01
4.337201267480850220e-02
7.645777612924575806e-02
2.572054266929626465e-01
8.662131428718566895e-02
1.902378350496292114e-01
2.773691415786743164e-01
4.506424441933631897e-02
2.535840868949890137e-01
5.582018196582794189e-02
2.638800442218780518e-01
1.562332212924957275e-01
8.563511818647384644e-02
5.037966370582580566e-01
4.955335706472396851e-02
6.964375972747802734e-01
1.062206923961639404e-02
4.152199029922485352e-01
3.173644840717315674e-02
8.116389513015747070e-01
7.732741534709930420e-03
6.180641055107116699e-01
1.637431606650352478e-02
7.476488947868347168e-01
1.345545351505279541e-01
2.094755917787551880e-01
3.958087861537933350e-01
8.805850148200988770e-02
6.881365776062011719e-01
2.787261083722114563e-02
5.211485028266906738e-01
5.415831506252288818e-02
3.913559019565582275e-01
1.562170982360839844e-01
2.548727393150329590e-01
2.696812450885772705e-01
1.371483057737350464e-01
1.960545033216476440e-01
1.958985477685928345e-01
2.185972630977630615e-01
2.031746953725814819e-01
2.057988941669464111e-01
3.814885318279266357e-01
4.587621241807937622e-02
4.658167064189910889e-01
6.218449398875236511e-02
1.548416167497634888e-01
4.228424727916717529e-01
6.236457452178001404e-02
3.947512507438659668e-01
1.181422472000122070e-01
1.860026419162750244e-01
1.267314851284027100e-01
2.546631693840026855e-01
2.112926542758941650e-01
1.586110293865203857e-01
1.883630007505416870e-01
2.643159627914428711e-01
6.766296923160552979e-02
4.440522789955139160e-01
3.535170108079910278e-02
2.424364686012268066e-01
2.006302624940872192e-01
1.858614981174468994e-01
3.944007158279418945e-01
7.812291383743286133e-02
3.053932785987854004e-01
8.469907939434051514e-02
1.896922588348388672e-01
1.633063852787017822e-01
1.304095983505249023e-01
2.038900256156921387e-01
1.490037739276885986e-01
3.157923221588134766e-01
5.503651872277259827e-02
2.635637819766998291e-01
1.668084859848022461e-01
6.701007485389709473e-02
2.151976823806762695e-01
1.423840820789337158e-01
2.003466486930847168e-01
1.520956754684448242e-01
9.152889996767044067e-02
2.359916865825653076e-01
1.885876357555389404e-01
1.217788904905319214e-01
1.722615063190460205e-01
1.250566840171813965e-01
1.390976309776306152e-01
1.745629459619522095e-01
1.751819550991058350e-01
9.569759666919708252e-02
4.386506676673889160e-01
1.737579703330993652e-02
3.072156310081481934e-01
4.700075462460517883e-02
9.746079146862030029e-02
4.271690547466278076e-01
2.091423794627189636e-02
2.141946256160736084e-01
2.504766285419464111e-01
2.908950485289096832e-02
3.440832793712615967e-01
1.822383254766464233e-01
1.927013695240020752e-01
8.563271164894104004e-02
4.175545573234558105e-01
1.766687631607055664e-02
2.983711361885070801e-01
1.275661885738372803e-01
1.555506587028503418e-01
2.271085232496261597e-01
1.674494743347167969e-01
1.411593854427337646e-01
3.135389685630798340e-01
7.683154940605163574e-02
1.463085412979125977e-01
2.162379622459411621e-01
1.499677300453186035e-01
2.187795192003250122e-01
7.256074249744415283e-02
2.234027534723281860e-01
1.106193140149116516e-01
1.671930104494094849e-01
1.122138202190399170e-01
1.492190062999725342e-01
1.456953585147857666e-01
1.096557378768920898e-01
3.275389075279235840e-01
3.154610097408294678e-02
3.756452798843383789e-01
4.140144586563110352e-02
2.470129430294036865e-01
5.807553604245185852e-02
3.263662755489349365e-01
4.590129852294921875e-02
1.700600385665893555e-01
1.634143590927124023e-01
2.329043745994567871e-01
8.171352744102478027e-02
2.740498781204223633e-01
4.918637871742248535e-02
1.252524554729461670e-01
2.292917966842651367e-01
1.642290353775024414e-01
8.588039875030517578e-02
2.170409858226776123e-01
5.222509428858757019e-02
1.447301805019378662e-01
4.866404831409454346e-01
2.027913928031921387e-02
8.335645198822021484e-01
6.006944924592971802e-03
6.075454950332641602e-01
4.973636567592620850e-02
5.013595819473266602e-01
3.073726966977119446e-02
6.726477146148681641e-01
6.299282610416412354e-02
1.788949072360992432e-01
3.434769213199615479e-01
1.008067131042480469e-01
4.447330832481384277e-01
4.121141135692596436e-02
5.624076128005981445e-01
6.384237110614776611e-02
5.084946155548095703e-01
9.951922297477722168e-02
5.685475468635559082e-02
5.878915190696716309e-01
5.362603440880775452e-02
1.139222830533981323e-01
3.258120715618133545e-01
1.165897026658058167e-01
1.965980231761932373e-01
9.939692914485931396e-02
3.501681685447692871e-01
7.887493818998336792e-02
1.522805392742156982e-01
2.270212471485137939e-01
8.140171319246292114e-02
3.991821110248565674e-01
4.696337133646011353e-02
6.434898078441619873e-02
5.549272894859313965e-01
2.433660253882408142e-02
2.049377262592315674e-01
3.210920989513397217e-01
3.729157149791717529e-02
1.593659371137619019e-01
3.193165957927703857e-01
6.318742036819458008e-02
1.475379019975662231e-01
3.060395717620849609e-01
2.965932153165340424e-02
4.675419330596923828e-01
7.488701492547988892e-02
1.871412992477416992e-01
2.085138857364654541e-01
6.862782686948776245e-02
2.816706597805023193e-01
1.473839879035949707e-01
1.992664635181427002e-01
1.629989743232727051e-01
1.769169569015502930e-01
2.042750716209411621e-01
1.059222668409347534e-01
1.602722406387329102e-01
1.097570359706878662e-01
2.848411798477172852e-01
7.676602900028228760e-02
3.020714521408081055e-01
1.639858931303024292e-01
9.458670765161514282e-02
2.082946300506591797e-01
1.944362819194793701e-01
4.612794518470764160e-02
3.508346676826477051e-01
4.735197126865386963e-02
6.778936088085174561e-02
1.276914775371551514e-01
1.154225617647171021e-01
2.112512588500976562e-01
6.900963187217712402e-02
1.583375036716461182e-01
2.230543345212936401e-01
1.096879094839096069e-01
1.012733429670333862e-01
2.325606644153594971e-01
6.624311953783035278e-02
2.937596440315246582e-01
6.923280656337738037e-02
1.601413339376449585e-01
2.965443432331085205e-01
4.646428301930427551e-02
1.763191223144531250e-01
1.422274410724639893e-01
1.307568550109863281e-01
1.316666156053543091e-01
5.192421674728393555e-01
1.089484337717294693e-02
1.795099973678588867e-01
1.865848451852798462e-01
7.010231912136077881e-02
1.805749386548995972e-01
1.353502273559570312e-01
1.062451452016830444e-01
3.326941132545471191e-01
4.202504828572273254e-02
2.468013167381286621e-01
1.239346638321876526e-01
1.569267511367797852e-01
8.807839453220367432e-02
1.867443919181823730e-01
1.339066624641418457e-01
2.001026868820190430e-01
1.676250249147415161e-01
1.322789490222930908e-01
1.453631222248077393e-01
1.187480762600898743e-01
8.980041742324829102e-02
2.204068452119827271e-01
1.290602833032608032e-01
1.466072797775268555e-01
1.343911588191986084e-01
1.626833826303482056e-01
9.660331904888153076e-02
1.015107408165931702e-01
2.259541302919387817e-01
1.534232795238494873e-01
1.089511960744857788e-01
3.315907418727874756e-01
2.857380360364913940e-02
3.327801823616027832e-01
1.596173271536827087e-02
3.169332742691040039e-01
7.712595164775848389e-02
1.350723952054977417e-01
2.083959132432937622e-01
4.145558178424835205e-02
1.682454943656921387e-01
1.562993526458740234e-01
1.215008497238159180e-01
1.705305576324462891e-01
1.377849578857421875e-01
2.189215719699859619e-01
9.278240799903869629e-02
4.678953289985656738e-01
1.457872148603200912e-02
6.764784455299377441e-01
6.701991893351078033e-03
5.474662184715270996e-01
3.386982530355453491e-02
6.040057539939880371e-01
1.701813936233520508e-02
2.040563672780990601e-01
1.600830405950546265e-01
3.176039159297943115e-01
6.604140996932983398e-02
5.754361748695373535e-01
1.404327526688575745e-02
2.628119289875030518e-01
2.888034880161285400e-01
4.329641163349151611e-02
5.874057412147521973e-01
1.520813070237636566e-02
6.909673213958740234e-01
1.728296838700771332e-02
1.639766395092010498e-01
3.627929091453552246e-01
4.998160898685455322e-02
2.613041996955871582e-01
1.566791534423828125e-01
1.285897940397262573e-01
1.646718084812164307e-01
2.741645276546478271e-01
1.542053520679473877e-01
1.656602621078491211e-01
2.584651708602905273e-01
1.907219141721725464e-01
1.127818673849105835e-01
2.142579555511474609e-01
3.361645042896270752e-01
8.772271871566772461e-02
3.004192709922790527e-01
5.570780113339424133e-02
9.922649711370468140e-02
3.044526576995849609e-01
9.877230972051620483e-02
7.024602591991424561e-02
3.626562654972076416e-01
4.315744340419769287e-02
2.201479822397232056e-01
1.842368394136428833e-01
1.918874233961105347e-01
7.995483279228210449e-02
3.416098356246948242e-01
4.684736952185630798e-02
1.247936114668846130e-01
1.785246431827545166e-01
2.140252888202667236e-01
1.966012120246887207e-01
7.617121934890747070e-02
3.155699372291564941e-01
5.318728089332580566e-02
1.035112291574478149e-01
1.514286100864410400e-01
1.863332092761993408e-01
7.405014336109161377e-02
3.068700134754180908e-01
5.726787075400352478e-02
5.464936494827270508e-01
1.086051110178232193e-02
2.839489281177520752e-01
2.036506235599517822e-01
4.924790933728218079e-02
2.254512906074523926e-01
1.824219971895217896e-01
3.723489865660667419e-02
1.841616034507751465e-01
1.905414164066314697e-01
6.113395839929580688e-02
2.261824607849121094e-01
1.197506785392761230e-01
8.878415822982788086e-02
4.347296953201293945e-01
1.957764662802219391e-02
3.504469990730285645e-01
5.815912038087844849e-02
2.179947942495346069e-01
1.798266023397445679e-01
1.493561863899230957e-01
2.409438639879226685e-01
6.812486797571182251e-02
1.148215234279632568e-01
2.267707884311676025e-01
1.268569529056549072e-01
1.973086148500442505e-01
1.419601440429687500e-01
1.100087240338325500e-01
4.563394188880920410e-01
7.173693738877773285e-03
4.441814422607421875e-01
2.371248975396156311e-02
4.532148540019989014e-01
4.795842990279197693e-02
6.538384407758712769e-02
5.463088750839233398e-01
7.045629899948835373e-03
6.170306205749511719e-01
3.428802639245986938e-02
2.262767851352691650e-01
1.435586214065551758e-01
1.745179742574691772e-01
1.735327839851379395e-01
2.428343743085861206e-01
1.682054549455642700e-01
1.035928353667259216e-01
3.933969438076019287e-01
1.450293697416782379e-02
4.865767955780029297e-01
2.596282027661800385e-02
3.305880725383758545e-01
9.865146875381469727e-02
1.480181813240051270e-01
1.926319003105163574e-01
2.204466313123703003e-01
6.268344819545745850e-02
1.949431896209716797e-01
4.036459326744079590e-01
3.863294050097465515e-02
6.332618594169616699e-01
8.146917447447776794e-03
5.882886052131652832e-01
3.553619608283042908e-02
5.818234682083129883e-01
8.249743282794952393e-02
1.515092998743057251e-01
4.933097064495086670e-01
2.570845745503902435e-02
5.672158598899841309e-01
3.099679760634899139e-02
3.587476909160614014e-01
1.122815236449241638e-01
1.824340224266052246e-01
1.425747424364089966e-01
2.534914910793304443e-01
1.239667907357215881e-01
1.312355697154998779e-01
2.694202959537506104e-01
7.621921598911285400e-02
1.444301009178161621e-01
1.987675428390502930e-01
8.338070660829544067e-02
1.489720344543457031e-01
1.366598010063171387e-01
1.211099401116371155e-01
2.117025554180145264e-01
2.789979577064514160e-01
9.528483450412750244e-02
1.697449088096618652e-01
1.517626792192459106e-01
1.622605770826339722e-01
9.458532184362411499e-02
1.132917404174804688e-01
1.470883488655090332e-01
2.150436639785766602e-01
1.520051360130310059e-01
2.187579125165939331e-01
1.178613901138305664e-01
1.180274933576583862e-01
1.824336796998977661e-01
6.013082340359687805e-02
1.311318725347518921e-01
1.648772656917572021e-01
8.903542160987854004e-02
1.251343488693237305e-01
1.419285982847213745e-01
3.163157105445861816e-01
4.863542318344116211e-02
3.017658591270446777e-01
6.645242869853973389e-02
1.901369988918304443e-01
1.671957969665527344e-01
5.084430426359176636e-02
2.116568982601165771e-01
9.469421207904815674e-02
2.139493823051452637e-01
1.034043878316879272e-01
2.544019222259521484e-01
9.307051450014114380e-02
2.735896110534667969e-01
1.006530746817588806e-01
1.530670225620269775e-01
1.952058076858520508e-01
7.446025311946868896e-02
1.780325472354888916e-01
1.214267909526824951e-01
1.473198086023330688e-01
8.422009646892547607e-02
2.800374329090118408e-01
7.274274528026580811e-02
2.478192150592803955e-01
4.104517400264739990e-02
1.598128974437713623e-01
1.780982017517089844e-01
8.771791309118270874e-02
1.623682975769042969e-01
1.699650287628173828e-01
8.252266049385070801e-02
2.515209913253784180e-01
1.170790642499923706e-01
1.334574520587921143e-01
2.725635766983032227e-01
8.519988507032394409e-02
3.392747044563293457e-01
4.260531812906265259e-02
7.304462790489196777e-02
2.530441880226135254e-01
7.796282321214675903e-02
2.532695829868316650e-01
5.030867084860801697e-02
4.020037353038787842e-01
2.253509499132633209e-02
5.146274566650390625e-01
2.637640759348869324e-02
6.651371717453002930e-01
1.080390531569719315e-03
7.031738758087158203e-01
5.356363952159881592e-03
7.430142164230346680e-01
3.596939519047737122e-02
6.346080303192138672e-01
2.186106331646442413e-02
2.838093638420104980e-01
1.689478605985641479e-01
2.838786244392395020e-01
1.012982204556465149e-01
3.397862613201141357e-01
5.260722339153289795e-02
3.363514542579650879e-01
1.162571758031845093e-01
1.087259873747825623e-01
2.941272258758544922e-01
8.980675786733627319e-02
4.229590892791748047e-01
9.324588626623153687e-02
2.418403327465057373e-01
1.376781910657882690e-01
1.961739659309387207e-01
1.660469770431518555e-01
2.016427516937255859e-01
2.119821608066558838e-01
1.943325698375701904e-01
1.274424493312835693e-01
3.465287089347839355e-01
4.081705585122108459e-02
3.529739677906036377e-01
8.881134539842605591e-02
1.959325671195983887e-01
1.447453200817108154e-01
1.562814712524414062e-01
1.372876465320587158e-01
1.298418194055557251e-01
2.822568416595458984e-01
2.348499745130538940e-02
4.607696533203125000e-01
3.095467388629913330e-02
1.684844195842742920e-01
8.298312127590179443e-02
1.779894083738327026e-01
1.005924269556999207e-01
1.874920129776000977e-01
1.715280413627624512e-01
1.424370706081390381e-01
1.793964505195617676e-01
1.760674417018890381e-01
3.409461975097656250e-01
3.596276044845581055e-02
2.549213767051696777e-01
1.460282057523727417e-01
9.157253801822662354e-02
2.259149402379989624e-01
1.092480123043060303e-01
9.722033143043518066e-02
2.244293540716171265e-01
1.001592800021171570e-01
1.425868272781372070e-01
1.547645628452301025e-01
9.168347716331481934e-02
5.044847726821899414e-01
6.448627263307571411e-02
2.142665982246398926e-01
1.272835731506347656e-01
1.589639931917190552e-01
1.710244417190551758e-01
1.539758741855621338e-01
8.337552845478057861e-02
2.960405945777893066e-01
2.963724732398986816e-02
5.516967177391052246e-01
6.905445829033851624e-03
1.683830618858337402e-01
3.097190558910369873e-01
3.303802013397216797e-02
2.545677721500396729e-01
1.526628136634826660e-01
3.248272538185119629e-01
1.899073645472526550e-02
4.458816051483154297e-01
5.433770641684532166e-02
1.351881772279739380e-01
4.630632400512695312e-01
2.671673521399497986e-02
6.138658523559570312e-01
1.180916838347911835e-02
4.752797484397888184e-01
8.306749910116195679e-02
1.131753325462341309e-01
2.800639867782592773e-01
1.259425282478332520e-01
5.259385108947753906e-01
1.577121391892433167e-02
4.000845551490783691e-01
1.092997714877128601e-01
1.614247858524322510e-01
2.105147987604141235e-01
2.426689416170120239e-01
8.783569931983947754e-02
2.086583375930786133e-01
2.839586436748504639e-01
3.797418996691703796e-02
9.711102396249771118e-02
5.719989538192749023e-01
3.648122400045394897e-02
4.250013828277587891e-01
1.483318805694580078e-01
2.073887288570404053e-01
3.256915211677551270e-01
4.309131205081939697e-02
4.550424218177795410e-01
5.361859500408172607e-02
2.625045180320739746e-01
2.335791885852813721e-01
4.049416631460189819e-02
3.946517705917358398e-01
6.038803234696388245e-02
4.173665642738342285e-01
1.865137182176113129e-02
1.956722289323806763e-01
2.621651887893676758e-01
2.893920801579952240e-02
3.844859004020690918e-01
3.780462592840194702e-02
2.133995592594146729e-01
2.544498741626739502e-01
9.172309935092926025e-02
1.722728013992309570e-01
5.910932421684265137e-01
4.211065825074911118e-03
6.700503826141357422e-01
2.184612676501274109e-02
1.972253024578094482e-01
2.688887119293212891e-01
1.195197626948356628e-01
2.104943990707397461e-01
2.157286405563354492e-01
1.970095336437225342e-01
7.148250937461853027e-02
2.973484992980957031e-01
1.244870200753211975e-01
1.395910531282424927e-01
5.271501541137695312e-01
2.412153035402297974e-02
3.545147180557250977e-01
4.826906695961952209e-02
1.702493727207183838e-01
1.340543925762176514e-01
1.830326318740844727e-01
1.463127732276916504e-01
1.182797774672508240e-01
3.191168308258056641e-01
5.373519659042358398e-02
1.189282834529876709e-01
3.205444216728210449e-01
3.778157383203506470e-02
1.076329499483108521e-01
2.028427422046661377e-01
1.765752434730529785e-01
4.839356243610382080e-02
3.093395531177520752e-01
6.419852375984191895e-02
5.540950298309326172e-01
1.004463434219360352e-02
4.283512234687805176e-01
2.887908369302749634e-02
2.762294709682464600e-01
1.163730770349502563e-01
9.682746231555938721e-02
2.633429169654846191e-01
2.737147808074951172e-01
1.613376736640930176e-01
1.857052445411682129e-01
2.341952323913574219e-01
3.988565132021903992e-02
6.811898201704025269e-02
2.155618965625762939e-01
1.082732602953910828e-01
7.020613551139831543e-02
1.584752053022384644e-01
2.610480785369873047e-01
3.568209707736968994e-02
3.442150950431823730e-01
3.479334339499473572e-02
1.536163687705993652e-01
1.979642808437347412e-01
1.041924506425857544e-01
1.014929264783859253e-01
1.902263611555099487e-01
1.101540178060531616e-01
2.243065983057022095e-01
1.438109874725341797e-01
1.160487234592437744e-01
2.621902525424957275e-01
5.770302563905715942e-02
1.279879510402679443e-01
2.754690349102020264e-01
3.778694570064544678e-02
4.709775447845458984e-01
8.799091912806034088e-03
2.490650415420532227e-01
1.799758970737457275e-01
4.108121246099472046e-02
2.440100163221359253e-01
6.690189242362976074e-02
1.470531225204467773e-01
3.977708816528320312e-01
1.886423304677009583e-02
3.856878876686096191e-01
1.191288679838180542e-01
6.368064880371093750e-02
1.897596418857574463e-01
1.873905956745147705e-01
8.833020180463790894e-02
1.596474349498748779e-01
2.371318191289901733e-01
3.922836855053901672e-02
2.192928045988082886e-01
8.289688825607299805e-02
1.746320724487304688e-01
8.776453882455825806e-02
2.146101295948028564e-01
1.741027235984802246e-01
6.186518818140029907e-02
3.704736232757568359e-01
2.427902817726135254e-02
9.394522756338119507e-02
3.602901697158813477e-01
3.120325505733489990e-02
8.401229232549667358e-02
2.472535073757171631e-01
9.152896702289581299e-02
1.704764068126678467e-01
1.834182292222976685e-01
1.007032468914985657e-01
1.414813101291656494e-01
2.315953969955444336e-01
1.414276361465454102e-01
1.256347596645355225e-01
1.918458938598632812e-01
1.276839673519134521e-01
8.187457919120788574e-02
2.085728645324707031e-01
1.592868268489837646e-01
9.448453783988952637e-02
1.055466905236244202e-01
1.859941035509109497e-01
1.120803803205490112e-01
1.103655770421028137e-01
1.487815976142883301e-01
5.730752646923065186e-02
1.988496631383895874e-01
7.637703418731689453e-02
1.610390096902847290e-01
1.526410430669784546e-01
1.269631385803222656e-01
5.816326290369033813e-02
2.480086684226989746e-01
5.035880208015441895e-02
1.984189599752426147e-01
5.960795283317565918e-02
6.239403486251831055e-01
1.998360967263579369e-03
5.515636205673217773e-01
4.130994435399770737e-03
8.085805773735046387e-01
3.308748360723257065e-03
7.649282217025756836e-01
4.072863608598709106e-03
7.398009896278381348e-01
1.775708398781716824e-03
8.636433482170104980e-01
1.376380026340484619e-02
7.181629538536071777e-01
2.528707087039947510e-01
1.841710209846496582e-01
4.363700747489929199e-01
2.079462110996246338e-01
3.954822719097137451e-01
1.681587696075439453e-01
5.216781497001647949e-01
9.429205954074859619e-02
1.972044557332992554e-01
2.943977713584899902e-01
1.363915503025054932e-01
3.087392449378967285e-01
2.248108834028244019e-01
1.820054054260253906e-01
2.448964118957519531e-01
2.104149162769317627e-01
2.179368734359741211e-01
3.771512508392333984e-01
6.533905863761901855e-02
1.795973777770996094e-01
2.029955685138702393e-01
1.397072374820709229e-01
1.305550038814544678e-01
2.895140945911407471e-01
1.447303891181945801e-01
3.081573545932769775e-01
6.738971173763275146e-02
3.148610591888427734e-01
1.130424290895462036e-01
1.517954468727111816e-01
2.680926322937011719e-01
6.714665889739990234e-02
5.120630264282226562e-01
2.088317647576332092e-02
1.659728884696960449e-01
2.502738535404205322e-01
1.312789916992187500e-01
1.100885942578315735e-01
4.142461419105529785e-01
6.722684204578399658e-02
4.898686408996582031e-01
6.736619770526885986e-02
1.640301942825317383e-01
2.283134311437606812e-01
1.909220367670059204e-01
1.676789522171020508e-01
1.148141622543334961e-01
3.068240880966186523e-01
4.722698032855987549e-02
2.060508131980895996e-01
1.820176839828491211e-01
1.465335786342620850e-01
1.984387338161468506e-01
2.460296005010604858e-01
5.779135972261428833e-02
1.126838028430938721e-01
3.358768522739410400e-01
6.702454388141632080e-02
4.362550675868988037e-01
1.738657988607883453e-02
2.821848690509796143e-01
1.523750126361846924e-01
9.092669188976287842e-02
1.021717637777328491e-01
3.139345645904541016e-01
7.657682895660400391e-02
2.355814278125762939e-01
1.371167749166488647e-01
1.524534523487091064e-01
1.523036360740661621e-01
1.583928167819976807e-01
1.549483090639114380e-01
1.528540104627609253e-01
1.040331423282623291e-01
1.280241906642913818e-01
3.345425128936767578e-01
9.890446066856384277e-02
1.574466973543167114e-01
3.181992769241333008e-01
6.703913956880569458e-02
1.790221184492111206e-01
1.271325349807739258e-01
1.349620223045349121e-01
1.029687970876693726e-01
1.185227781534194946e-01
1.877867132425308228e-01
1.441113948822021484e-01
8.551868796348571777e-02
1.286868155002593994e-01
1.522193253040313721e-01
1.226465627551078796e-01
1.058707535266876221e-01
1.174050122499465942e-01
2.245148271322250366e-01
1.699709892272949219e-01
7.052896916866302490e-02
1.462976932525634766e-01
1.298925578594207764e-01
1.893759369850158691e-01
1.775349825620651245e-01
1.011142432689666748e-01
1.945945620536804199e-01
1.620284318923950195e-01
9.245207905769348145e-02
3.818461000919342041e-01
3.844341635704040527e-02
1.933627426624298096e-01
1.447328031063079834e-01
1.494582444429397583e-01
8.580371737480163574e-02
1.826684176921844482e-01
1.000135838985443115e-01
5.020529031753540039e-01
1.974748820066452026e-02
3.848510086536407471e-01
1.867729239165782928e-02
4.797863662242889404e-01
2.729033306241035461e-02
1.030966341495513916e-01
2.289493530988693237e-01
1.171427965164184570e-01
1.955741047859191895e-01
