Epoch,Train Accuracy,Validation Accuracy
1,0.18511111111111112,0.21174444444444446
2,0.19231111111111113,0.22014444444444445
3,0.19546666666666668,0.22940000000000002
4,0.20246666666666668,0.2354
5,0.20465555555555556,0.24133333333333334
6,0.20845555555555556,0.2192
7,0.20653333333333335,0.24076666666666668
8,0.22962222222222223,0.2642777777777778
9,0.23071111111111112,0.26683333333333337
10,0.2304888888888889,0.2550555555555556
11,0.23132222222222223,0.26662222222222226
12,0.232,0.27692222222222224
13,0.23234444444444446,0.2681777777777778
14,0.2343,0.2719111111111111
15,0.24765555555555557,0.27863333333333334
16,0.2484777777777778,0.2737111111111111
17,0.2490888888888889,0.2778777777777778
18,0.2501777777777778,0.2837777777777778
19,0.25024444444444444,0.2818
20,0.25003333333333333,0.28744444444444445
21,0.25251111111111113,0.2808777777777778
22,0.259,0.2886666666666667
23,0.25654444444444446,0.29281111111111113
24,0.25893333333333335,0.2903777777777778
25,0.2607666666666667,0.29373333333333335
26,0.2605,0.2935888888888889
27,0.2602111111111111,0.2939111111111111
28,0.25995555555555555,0.29382222222222226
29,0.2606111111111111,0.2939777777777778
30,0.2601777777777778,0.2941666666666667
31,0.2604777777777778,0.29542222222222225
32,0.26222222222222225,0.2952
33,0.26237777777777777,0.2952777777777778
34,0.26306666666666667,0.2953888888888889
35,0.26151111111111114,0.29504444444444444
36,0.2589888888888889,0.2951111111111111
37,0.2639111111111111,0.29515555555555556
38,0.2633111111111111,0.29505555555555557
39,0.26162222222222226,0.2954
40,0.2611777777777778,0.2949555555555556
