2.009277343750000000e+00
2.576135635375976562e+00
1.312763452529907227e+00
1.190316200256347656e+00
1.897606134414672852e+00
8.472179770469665527e-01
2.396088838577270508e+00
7.998402118682861328e-01
1.933222770690917969e+00
6.503652334213256836e-01
2.150179862976074219e+00
5.741991400718688965e-01
1.411159038543701172e+00
4.995219111442565918e-01
1.311414241790771484e+00
9.328582882881164551e-01
3.185070753097534180e-01
4.408652305603027344e+00
5.732148289680480957e-01
5.078842639923095703e-01
2.330861836671829224e-01
5.543255805969238281e+00
3.010153770446777344e-01
4.581844210624694824e-01
2.913661301136016846e-01
2.121890783309936523e+00
3.053618669509887695e-01
3.887138664722442627e-01
1.474695056676864624e-01
2.392460584640502930e+00
4.037813842296600342e-01
4.578143656253814697e-01
1.583831161260604858e-01
3.082961738109588623e-01
3.138429164886474609e+00
8.909851312637329102e-01
3.319309949874877930e-01
3.149214088916778564e-01
8.691808581352233887e-02
1.054217070341110229e-01
2.416651487350463867e+00
3.335892260074615479e-01
4.111737310886383057e-01
7.895097732543945312e-01
3.822055459022521973e-01
3.955349922180175781e-01
4.737078845500946045e-01
8.782689571380615234e-01
2.526901483535766602e+00
1.255821108818054199e+00
4.945423901081085205e-01
5.379200577735900879e-01
6.484606862068176270e-01
1.087903857231140137e+00
1.624447941780090332e+00
5.057260990142822266e-01
1.248603343963623047e+00
2.177885770797729492e+00
1.189009428024291992e+00
4.498771429061889648e-01
5.090906023979187012e-01
9.157835245132446289e-01
1.336111426353454590e+00
1.575040340423583984e+00
1.521247982978820801e+00
6.757698655128479004e-01
9.049712419509887695e-01
5.889236927032470703e-01
4.617005884647369385e-01
6.237119436264038086e-01
5.820994377136230469e-01
6.294437646865844727e-01
5.844766497611999512e-01
5.940992236137390137e-01
1.033962488174438477e+00
1.266480326652526855e+00
9.741737842559814453e-01
7.149405479431152344e-01
5.508120059967041016e-01
7.268237471580505371e-01
9.275074601173400879e-01
1.237649083137512207e+00
2.114756345748901367e+00
1.066837310791015625e+00
9.890401363372802734e-01
6.102328896522521973e-01
1.192781448364257812e+00
1.415269613265991211e+00
6.788588166236877441e-01
7.533897757530212402e-01
5.470846891403198242e-01
7.404648661613464355e-01
1.008988976478576660e+00
9.064491987228393555e-01
1.252248764038085938e+00
1.522614359855651855e+00
1.234755992889404297e+00
1.100103974342346191e+00
9.344980716705322266e-01
8.594083189964294434e-01
9.247224926948547363e-01
7.304272651672363281e-01
6.632236838340759277e-01
8.912494778633117676e-01
8.657426834106445312e-01
9.976471066474914551e-01
8.084757924079895020e-01
8.465653657913208008e-01
6.373577117919921875e-01
7.452652454376220703e-01
9.389803409576416016e-01
6.921444535255432129e-01
8.166995048522949219e-01
9.149276018142700195e-01
4.793563485145568848e-01
7.447265386581420898e-01
6.372623443603515625e-01
7.143120169639587402e-01
9.827617406845092773e-01
9.132109880447387695e-01
8.051640987396240234e-01
5.654048919677734375e-01
6.314840316772460938e-01
6.064614057540893555e-01
7.584856748580932617e-01
1.434382200241088867e+00
2.272283315658569336e+00
4.911626577377319336e-01
1.086372017860412598e+00
7.639796733856201172e-01
8.317959308624267578e-01
1.078534245491027832e+00
7.077295184135437012e-01
6.019400954246520996e-01
8.226684927940368652e-01
6.092544198036193848e-01
7.510807514190673828e-01
5.757040977478027344e-01
5.235407352447509766e-01
4.481652081012725830e-01
4.030053019523620605e-01
6.555049419403076172e-01
9.265964031219482422e-01
5.915092229843139648e-01
1.287871837615966797e+00
1.576391100883483887e+00
1.782537698745727539e+00
1.142043709754943848e+00
4.689993262290954590e-01
6.252267956733703613e-01
3.590557575225830078e-01
3.223052620887756348e-01
4.755392372608184814e-01
4.688649177551269531e-01
3.748002648353576660e-01
4.578379988670349121e-01
5.758649110794067383e-01
8.716489076614379883e-01
7.447868585586547852e-01
5.235330462455749512e-01
2.826915383338928223e-01
9.686927795410156250e-01
5.163757205009460449e-01
3.774226903915405273e-01
1.406230688095092773e+00
1.494457483291625977e+00
3.925806879997253418e-01
9.366569519042968750e-01
3.781090378761291504e-01
3.573247492313385010e-01
4.585198163986206055e-01
4.272838830947875977e-01
4.162755012512207031e-01
6.029101610183715820e-01
1.049636602401733398e+00
9.745583534240722656e-01
7.425054311752319336e-01
6.914616227149963379e-01
6.326017379760742188e-01
4.745708405971527100e-01
4.136854112148284912e-01
4.542020559310913086e-01
7.611654400825500488e-01
4.869200587272644043e-01
4.313291907310485840e-01
9.424190521240234375e-01
8.205972313880920410e-01
2.545578241348266602e+00
3.584649801254272461e+00
3.533999621868133545e-01
5.453218221664428711e-01
3.702411651611328125e-01
2.435623705387115479e-01
3.992174267768859863e-01
5.695639848709106445e-01
5.330704450607299805e-01
5.861721634864807129e-01
5.467367172241210938e-01
3.889983296394348145e-01
6.499085426330566406e-01
4.936793446540832520e-01
5.031555891036987305e-01
4.114819169044494629e-01
4.414981305599212646e-01
3.823938369750976562e-01
4.719579815864562988e-01
5.919000506401062012e-01
1.262003660202026367e+00
1.148562431335449219e+00
9.718106985092163086e-01
7.855740189552307129e-01
4.402818381786346436e-01
3.914330005645751953e-01
4.476871192455291748e-01
5.562318563461303711e-01
3.234764635562896729e-01
3.845858573913574219e-01
4.467346668243408203e-01
1.636415481567382812e+00
1.657613515853881836e+00
1.244460344314575195e+00
5.377380251884460449e-01
4.366257488727569580e-01
3.650622367858886719e-01
3.531649708747863770e-01
5.777006149291992188e-01
1.046548604965209961e+00
8.449816703796386719e-01
1.137433886528015137e+00
2.268424034118652344e+00
1.221209287643432617e+00
3.750619888305664062e-01
4.171372652053833008e-01
5.974565148353576660e-01
7.263020873069763184e-01
7.344266176223754883e-01
9.874939322471618652e-01
8.372995853424072266e-01
8.344151377677917480e-01
8.080064058303833008e-01
1.001156806945800781e+00
1.013312697410583496e+00
1.070341944694519043e+00
1.156815528869628906e+00
1.050259947776794434e+00
6.207827925682067871e-01
7.872291803359985352e-01
9.134062528610229492e-01
7.694934606552124023e-01
6.304589509963989258e-01
9.510895609855651855e-01
1.245657444000244141e+00
1.570879220962524414e+00
7.937405705451965332e-01
7.853614091873168945e-01
6.787629723548889160e-01
1.123136043548583984e+00
1.085879683494567871e+00
1.022004365921020508e+00
9.189925789833068848e-01
7.466717958450317383e-01
8.862357735633850098e-01
1.085988521575927734e+00
1.111790418624877930e+00
9.456003904342651367e-01
8.061095476150512695e-01
1.018668293952941895e+00
8.601353764533996582e-01
8.731232881546020508e-01
1.202997207641601562e+00
1.155325651168823242e+00
1.351312756538391113e+00
1.506268739700317383e+00
9.221329689025878906e-01
9.091838002204895020e-01
9.104421734809875488e-01
8.759870529174804688e-01
1.014849185943603516e+00
1.062728881835937500e+00
7.425422072410583496e-01
8.001441955566406250e-01
9.457169771194458008e-01
8.238545060157775879e-01
5.369366407394409180e-01
5.204102993011474609e-01
6.970106363296508789e-01
7.186221480369567871e-01
7.449935674667358398e-01
6.336597204208374023e-01
8.785785436630249023e-01
1.767986297607421875e+00
1.826108217239379883e+00
1.607103109359741211e+00
1.297665596008300781e+00
1.224066734313964844e+00
1.167768716812133789e+00
1.112564086914062500e+00
1.062924027442932129e+00
1.226848721504211426e+00
1.340749621391296387e+00
1.095339298248291016e+00
8.293350934982299805e-01
7.907469272613525391e-01
9.612282514572143555e-01
7.946637868881225586e-01
7.912501692771911621e-01
9.520118236541748047e-01
9.998819828033447266e-01
1.059821724891662598e+00
1.039871573448181152e+00
6.199075579643249512e-01
5.243154168128967285e-01
5.072065591812133789e-01
5.449522137641906738e-01
4.824861288070678711e-01
6.216790676116943359e-01
7.910017371177673340e-01
6.400619149208068848e-01
8.634066581726074219e-01
7.213393449783325195e-01
8.334586620330810547e-01
6.579502820968627930e-01
8.376836776733398438e-01
7.286667227745056152e-01
6.547986268997192383e-01
4.761064648628234863e-01
7.124736309051513672e-01
1.194118738174438477e+00
1.515226006507873535e+00
1.206071496009826660e+00
6.286999583244323730e-01
7.480802536010742188e-01
8.726676106452941895e-01
8.518206477165222168e-01
6.656757593154907227e-01
1.206696152687072754e+00
1.170239925384521484e+00
1.240751624107360840e+00
8.550770282745361328e-01
1.017588853836059570e+00
8.101074099540710449e-01
7.737731933593750000e-01
6.389696598052978516e-01
8.540185093879699707e-01
6.949352622032165527e-01
9.637494087219238281e-01
1.194631695747375488e+00
1.537396192550659180e+00
1.343021512031555176e+00
8.925299644470214844e-01
5.532114505767822266e-01
6.886429786682128906e-01
6.303589344024658203e-01
6.994628906250000000e-01
7.453833222389221191e-01
1.119443058967590332e+00
1.646299362182617188e+00
1.482300162315368652e+00
1.499333858489990234e+00
1.178052067756652832e+00
9.089570641517639160e-01
1.195167303085327148e+00
9.527623653411865234e-01
8.698118925094604492e-01
7.041722536087036133e-01
8.069106340408325195e-01
7.429975271224975586e-01
6.855540275573730469e-01
7.343600988388061523e-01
7.043306827545166016e-01
8.085408210754394531e-01
8.505218029022216797e-01
8.665531873703002930e-01
8.848990797996520996e-01
8.562334775924682617e-01
7.163043022155761719e-01
7.261069416999816895e-01
8.900447487831115723e-01
1.102903246879577637e+00
1.088735461235046387e+00
5.399680137634277344e-01
5.492308139801025391e-01
6.154470443725585938e-01
5.705415606498718262e-01
7.740553021430969238e-01
6.200456619262695312e-01
7.135083675384521484e-01
7.623715400695800781e-01
8.356693983078002930e-01
7.000912427902221680e-01
9.985477924346923828e-01
9.052831530570983887e-01
8.579245805740356445e-01
9.755728840827941895e-01
9.114607572555541992e-01
8.899260759353637695e-01
9.138984084129333496e-01
1.137315988540649414e+00
7.325397729873657227e-01
9.706233739852905273e-01
7.753265500068664551e-01
6.931021809577941895e-01
7.855947017669677734e-01
8.537865281105041504e-01
6.445221900939941406e-01
7.670899629592895508e-01
8.279266357421875000e-01
7.943859100341796875e-01
5.058925747871398926e-01
4.220454990863800049e-01
5.016391277313232422e-01
6.975171566009521484e-01
1.011002540588378906e+00
1.612670063972473145e+00
9.996178150177001953e-01
8.471027016639709473e-01
5.948373079299926758e-01
7.201261520385742188e-01
5.290803909301757812e-01
8.794162273406982422e-01
8.334894180297851562e-01
6.693660020828247070e-01
5.982869863510131836e-01
7.075761556625366211e-01
6.270191669464111328e-01
6.796432733535766602e-01
5.117744207382202148e-01
4.947250485420227051e-01
5.404030084609985352e-01
7.014274001121520996e-01
9.071264863014221191e-01
1.106970667839050293e+00
1.166919231414794922e+00
7.347569465637207031e-01
1.274178981781005859e+00
1.714233636856079102e+00
8.717578649520874023e-01
6.729469895362854004e-01
6.664437651634216309e-01
9.646581411361694336e-01
7.027063369750976562e-01
8.716593980789184570e-01
1.169364929199218750e+00
1.166648507118225098e+00
6.537971496582031250e-01
6.256561279296875000e-01
6.459674239158630371e-01
7.359532117843627930e-01
5.438807010650634766e-01
5.527389645576477051e-01
4.879444539546966553e-01
6.556223630905151367e-01
6.342511177062988281e-01
7.385791540145874023e-01
8.561004400253295898e-01
7.859982252120971680e-01
6.641906499862670898e-01
7.850264310836791992e-01
1.019562959671020508e+00
9.383408427238464355e-01
6.769660115242004395e-01
6.309047937393188477e-01
5.820930600166320801e-01
5.045639276504516602e-01
5.743064880371093750e-01
6.325110197067260742e-01
5.479766130447387695e-01
5.738628506660461426e-01
1.016309380531311035e+00
2.381265878677368164e+00
2.304270982742309570e+00
7.387647628784179688e-01
7.676481008529663086e-01
1.059067726135253906e+00
1.138775110244750977e+00
7.515209913253784180e-01
8.430838584899902344e-01
1.045863628387451172e+00
9.194219112396240234e-01
1.089468359947204590e+00
8.603959083557128906e-01
6.185823082923889160e-01
8.448519706726074219e-01
8.303818702697753906e-01
8.747792840003967285e-01
8.926660418510437012e-01
9.091829061508178711e-01
6.186751723289489746e-01
5.872182846069335938e-01
5.908078551292419434e-01
7.372896671295166016e-01
8.592302203178405762e-01
8.778870701789855957e-01
7.270402908325195312e-01
6.849464178085327148e-01
8.072102069854736328e-01
5.530334711074829102e-01
4.296638369560241699e-01
5.235689878463745117e-01
1.033902168273925781e+00
1.071572542190551758e+00
8.064450621604919434e-01
9.404102563858032227e-01
7.279850244522094727e-01
8.163348436355590820e-01
5.238710641860961914e-01
7.792938351631164551e-01
7.998658418655395508e-01
1.074665069580078125e+00
5.544874072074890137e-01
6.485234498977661133e-01
9.878374338150024414e-01
1.015416383743286133e+00
1.436004161834716797e+00
1.453626513481140137e+00
5.717859268188476562e-01
9.784119129180908203e-01
1.136494278907775879e+00
1.118231892585754395e+00
7.839566469192504883e-01
7.240892648696899414e-01
7.289361357688903809e-01
8.137574195861816406e-01
5.313605070114135742e-01
7.317481040954589844e-01
9.555940628051757812e-01
1.239306330680847168e+00
9.630303382873535156e-01
6.162955760955810547e-01
7.006896734237670898e-01
6.759263277053833008e-01
7.516640424728393555e-01
7.258260250091552734e-01
7.059512734413146973e-01
6.797682046890258789e-01
6.095668673515319824e-01
7.091038227081298828e-01
7.841687798500061035e-01
8.058598637580871582e-01
7.898404002189636230e-01
6.590335965156555176e-01
9.483693838119506836e-01
6.941100955009460449e-01
4.306333065032958984e-01
6.202724575996398926e-01
5.046859979629516602e-01
7.104598283767700195e-01
1.250622749328613281e+00
7.904225587844848633e-01
6.426527500152587891e-01
6.006532907485961914e-01
8.766306638717651367e-01
9.627764225006103516e-01
1.044751882553100586e+00
1.015597581863403320e+00
1.042275905609130859e+00
1.092063665390014648e+00
9.035705327987670898e-01
9.053492546081542969e-01
7.166420817375183105e-01
7.960346937179565430e-01
6.900758743286132812e-01
7.342684864997863770e-01
7.200275063514709473e-01
9.594539403915405273e-01
8.869331479072570801e-01
8.195222020149230957e-01
8.751896023750305176e-01
1.225887537002563477e+00
1.501068353652954102e+00
1.128041505813598633e+00
8.168443441390991211e-01
7.745255827903747559e-01
1.154375553131103516e+00
9.277259707450866699e-01
5.579283237457275391e-01
4.854702949523925781e-01
7.014506459236145020e-01
8.496918082237243652e-01
1.008279204368591309e+00
9.624444842338562012e-01
1.006835341453552246e+00
6.403775215148925781e-01
6.323884725570678711e-01
7.482511401176452637e-01
7.209142446517944336e-01
6.841294169425964355e-01
4.325160086154937744e-01
5.171842575073242188e-01
7.939901351928710938e-01
7.040226459503173828e-01
7.155421972274780273e-01
7.440901994705200195e-01
6.228251457214355469e-01
7.861141562461853027e-01
1.216538429260253906e+00
1.755509614944458008e+00
1.299942731857299805e+00
5.496820807456970215e-01
9.332142472267150879e-01
7.443768978118896484e-01
7.327357530593872070e-01
7.221385836601257324e-01
6.129134893417358398e-01
7.993494868278503418e-01
8.319513201713562012e-01
1.044583439826965332e+00
7.737368941307067871e-01
7.241333723068237305e-01
6.057928800582885742e-01
6.052823066711425781e-01
7.230784893035888672e-01
7.788655757904052734e-01
6.684172153472900391e-01
7.241626381874084473e-01
8.216648101806640625e-01
7.477983832359313965e-01
1.110860824584960938e+00
1.198472738265991211e+00
1.057345747947692871e+00
8.652173876762390137e-01
7.385483980178833008e-01
4.749239087104797363e-01
6.796311140060424805e-01
8.038716316223144531e-01
7.809022665023803711e-01
9.295926094055175781e-01
1.356449365615844727e+00
1.580342054367065430e+00
7.215898036956787109e-01
9.475327134132385254e-01
1.047337174415588379e+00
1.318737268447875977e+00
1.168352365493774414e+00
1.538347482681274414e+00
1.015560984611511230e+00
1.076511740684509277e+00
6.966131925582885742e-01
7.054916620254516602e-01
7.410996556282043457e-01
1.080401659011840820e+00
9.694917798042297363e-01
1.107348084449768066e+00
1.171210527420043945e+00
1.150410652160644531e+00
8.142417669296264648e-01
8.328642845153808594e-01
6.725203990936279297e-01
8.694972991943359375e-01
5.994394421577453613e-01
5.782454013824462891e-01
4.707259535789489746e-01
7.104406356811523438e-01
9.232407808303833008e-01
7.537592649459838867e-01
1.324061155319213867e+00
1.697622895240783691e+00
1.591252684593200684e+00
9.631276726722717285e-01
5.024688243865966797e-01
1.052441477775573730e+00
9.652888178825378418e-01
9.797973632812500000e-01
8.481566905975341797e-01
1.267662525177001953e+00
1.290048003196716309e+00
1.389526009559631348e+00
9.830873012542724609e-01
7.409510612487792969e-01
8.021650314331054688e-01
9.547054767608642578e-01
7.410702705383300781e-01
8.075574636459350586e-01
9.031766653060913086e-01
8.089337348937988281e-01
6.872818470001220703e-01
1.166001558303833008e+00
8.665904998779296875e-01
1.025560140609741211e+00
1.303998827934265137e+00
1.386564254760742188e+00
8.259099125862121582e-01
6.703379750251770020e-01
8.918716907501220703e-01
8.585821390151977539e-01
8.093199133872985840e-01
7.263362407684326172e-01
7.857803106307983398e-01
9.513370990753173828e-01
1.032455205917358398e+00
7.650068402290344238e-01
1.181063294410705566e+00
9.209642410278320312e-01
1.215133786201477051e+00
1.073343396186828613e+00
1.258744120597839355e+00
8.878054618835449219e-01
9.130495786666870117e-01
7.450301647186279297e-01
1.049446105957031250e+00
1.083014965057373047e+00
8.363490104675292969e-01
1.080261707305908203e+00
1.346436142921447754e+00
1.722616076469421387e+00
1.855498313903808594e+00
9.468338489532470703e-01
8.272520303726196289e-01
9.785103797912597656e-01
1.052853226661682129e+00
7.974848747253417969e-01
8.407917022705078125e-01
5.473055839538574219e-01
7.825715541839599609e-01
1.076403617858886719e+00
9.027997851371765137e-01
6.124423146247863770e-01
4.914677739143371582e-01
7.655004262924194336e-01
9.219527244567871094e-01
9.983155131340026855e-01
9.817252755165100098e-01
9.751518368721008301e-01
1.237767100334167480e+00
1.692560911178588867e+00
1.507582187652587891e+00
7.398272156715393066e-01
6.681513190269470215e-01
6.625537872314453125e-01
8.877333402633666992e-01
8.645632266998291016e-01
1.037398099899291992e+00
1.130789518356323242e+00
1.061637997627258301e+00
1.123152136802673340e+00
9.467030763626098633e-01
1.006607294082641602e+00
8.069668412208557129e-01
7.345511913299560547e-01
8.304653763771057129e-01
1.081381559371948242e+00
1.246283531188964844e+00
7.301694154739379883e-01
7.865449190139770508e-01
6.926484107971191406e-01
7.994055747985839844e-01
9.588381052017211914e-01
1.575754523277282715e+00
1.844425201416015625e+00
1.015829920768737793e+00
9.146431684494018555e-01
8.693035840988159180e-01
9.048466086387634277e-01
7.814064025878906250e-01
7.390425205230712891e-01
6.747071743011474609e-01
6.940816640853881836e-01
7.354088425636291504e-01
7.103618383407592773e-01
8.433153629302978516e-01
7.371292114257812500e-01
9.672838449478149414e-01
1.018154501914978027e+00
1.046541690826416016e+00
9.427748918533325195e-01
1.005235433578491211e+00
7.116402387619018555e-01
9.313033223152160645e-01
1.005689382553100586e+00
1.041207551956176758e+00
8.189661502838134766e-01
7.774937748908996582e-01
9.654821753501892090e-01
6.085406541824340820e-01
5.888500213623046875e-01
9.608077406883239746e-01
1.031234145164489746e+00
1.411286115646362305e+00
8.784813880920410156e-01
7.436710596084594727e-01
8.415623307228088379e-01
8.594193458557128906e-01
1.142245173454284668e+00
8.145542144775390625e-01
6.592269539833068848e-01
8.169525265693664551e-01
1.142364740371704102e+00
1.157774209976196289e+00
8.191978931427001953e-01
1.012178540229797363e+00
7.983111739158630371e-01
1.085051774978637695e+00
8.188017606735229492e-01
7.017191648483276367e-01
7.498487234115600586e-01
7.653331756591796875e-01
8.071870207786560059e-01
1.033461928367614746e+00
1.297357678413391113e+00
1.165866851806640625e+00
1.157637834548950195e+00
8.721345663070678711e-01
9.906218051910400391e-01
1.056076288223266602e+00
9.074474573135375977e-01
8.032218217849731445e-01
7.538326978683471680e-01
9.346271753311157227e-01
8.608334660530090332e-01
1.221525907516479492e+00
8.764945268630981445e-01
9.756189584732055664e-01
1.057418704032897949e+00
1.276976704597473145e+00
8.513768911361694336e-01
1.066882848739624023e+00
6.718460917472839355e-01
1.010886073112487793e+00
9.646852612495422363e-01
1.055207729339599609e+00
7.599744796752929688e-01
1.063913106918334961e+00
8.617875576019287109e-01
8.596951961517333984e-01
1.000859141349792480e+00
8.022296428680419922e-01
1.124831676483154297e+00
1.057822585105895996e+00
8.835867047309875488e-01
7.990809679031372070e-01
7.225780487060546875e-01
8.301463723182678223e-01
1.073345422744750977e+00
1.110841989517211914e+00
8.035853505134582520e-01
6.749521493911743164e-01
7.476127147674560547e-01
6.911309957504272461e-01
5.764423012733459473e-01
7.043898701667785645e-01
7.243010997772216797e-01
9.601365327835083008e-01
1.070352435111999512e+00
9.476347565650939941e-01
9.188680052757263184e-01
7.825766205787658691e-01
9.574666023254394531e-01
6.411662101745605469e-01
8.732153177261352539e-01
6.882946491241455078e-01
6.454718112945556641e-01
4.997934699058532715e-01
7.260740399360656738e-01
7.087599039077758789e-01
5.881525874137878418e-01
7.153762578964233398e-01
5.809188485145568848e-01
7.376268506050109863e-01
1.135661840438842773e+00
1.837773442268371582e+00
6.947481632232666016e-01
6.590597629547119141e-01
7.444958686828613281e-01
1.556051850318908691e+00
1.602764010429382324e+00
8.039796352386474609e-01
7.930798530578613281e-01
1.061131000518798828e+00
1.463438391685485840e+00
1.284575819969177246e+00
1.123361587524414062e+00
7.920204997062683105e-01
1.028173565864562988e+00
1.115547299385070801e+00
1.041339516639709473e+00
8.902919292449951172e-01
1.054160833358764648e+00
7.700191736221313477e-01
1.031066060066223145e+00
6.359390020370483398e-01
8.208861351013183594e-01
1.279805779457092285e+00
1.750239014625549316e+00
8.011510372161865234e-01
6.730677485466003418e-01
7.731778621673583984e-01
8.191142082214355469e-01
6.998823881149291992e-01
9.862876534461975098e-01
9.395270347595214844e-01
8.777357935905456543e-01
9.294341802597045898e-01
7.467088699340820312e-01
6.777090430259704590e-01
6.686189174652099609e-01
6.510508656501770020e-01
8.470001220703125000e-01
6.184377074241638184e-01
6.045373082160949707e-01
7.388294935226440430e-01
1.040963172912597656e+00
1.310897231101989746e+00
1.508883476257324219e+00
7.956783175468444824e-01
6.958255767822265625e-01
7.995135784149169922e-01
7.457872629165649414e-01
5.598458051681518555e-01
5.713927745819091797e-01
8.875991106033325195e-01
8.645190000534057617e-01
8.766460418701171875e-01
1.005469918251037598e+00
9.655010104179382324e-01
7.261967062950134277e-01
6.857859492301940918e-01
8.676041364669799805e-01
8.258377313613891602e-01
9.575296044349670410e-01
1.262250185012817383e+00
1.066409707069396973e+00
9.699255824089050293e-01
8.724316358566284180e-01
9.039806127548217773e-01
9.545495510101318359e-01
1.162106275558471680e+00
1.207855939865112305e+00
1.130374312400817871e+00
7.081016302108764648e-01
6.356153488159179688e-01
7.491704225540161133e-01
6.679767966270446777e-01
4.770898818969726562e-01
8.937745094299316406e-01
1.079671978950500488e+00
1.031095743179321289e+00
8.414846062660217285e-01
4.744045138359069824e-01
6.154318451881408691e-01
1.139870882034301758e+00
1.036017417907714844e+00
1.505601286888122559e+00
2.033468484878540039e+00
7.145712971687316895e-01
7.257800102233886719e-01
6.298919916152954102e-01
6.937813162803649902e-01
7.225791215896606445e-01
8.507841229438781738e-01
9.838613271713256836e-01
9.715667366981506348e-01
7.353816032409667969e-01
6.304298639297485352e-01
7.125041484832763672e-01
7.543536424636840820e-01
8.938236832618713379e-01
8.541022539138793945e-01
4.291824400424957275e-01
5.330352187156677246e-01
9.423717856407165527e-01
8.088924884796142578e-01
9.881561398506164551e-01
5.288441777229309082e-01
6.126763820648193359e-01
7.341226339340209961e-01
6.346213221549987793e-01
4.769439697265625000e-01
4.913893938064575195e-01
5.661402940750122070e-01
5.439957976341247559e-01
8.817853331565856934e-01
7.282072901725769043e-01
8.318084478378295898e-01
7.615183591842651367e-01
7.777304649353027344e-01
5.712558031082153320e-01
8.400051593780517578e-01
6.152305603027343750e-01
1.363919258117675781e+00
1.743449330329895020e+00
8.897783160209655762e-01
7.040578722953796387e-01
7.152522802352905273e-01
5.792297124862670898e-01
8.484289050102233887e-01
7.403080463409423828e-01
9.723463058471679688e-01
1.000125169754028320e+00
8.567088842391967773e-01
6.441521048545837402e-01
7.416641116142272949e-01
8.761054277420043945e-01
6.267236471176147461e-01
1.087138772010803223e+00
1.421682834625244141e+00
9.861570596694946289e-01
6.877411603927612305e-01
8.049182295799255371e-01
4.803739488124847412e-01
7.377127408981323242e-01
8.901225328445434570e-01
8.825285434722900391e-01
1.207399010658264160e+00
1.063760995864868164e+00
7.366732358932495117e-01
6.539652943611145020e-01
9.842385053634643555e-01
8.711594343185424805e-01
1.128139734268188477e+00
6.593850255012512207e-01
1.000734806060791016e+00
6.896473169326782227e-01
8.728647232055664062e-01
6.545113325119018555e-01
5.001280903816223145e-01
4.919586181640625000e-01
4.245609045028686523e-01
4.865251779556274414e-01
5.987256765365600586e-01
6.532720327377319336e-01
8.241182565689086914e-01
6.803126335144042969e-01
9.638653993606567383e-01
1.614193081855773926e+00
1.818924665451049805e+00
7.885878086090087891e-01
7.263342738151550293e-01
6.322109699249267578e-01
7.303807735443115234e-01
5.892943739891052246e-01
5.060145854949951172e-01
6.328796148300170898e-01
5.461883544921875000e-01
9.098922014236450195e-01
6.325370073318481445e-01
7.206776142120361328e-01
7.829490303993225098e-01
4.554245471954345703e-01
5.005116462707519531e-01
8.309628963470458984e-01
1.384559392929077148e+00
1.996243119239807129e+00
1.390088558197021484e+00
6.478120684623718262e-01
4.999920129776000977e-01
9.123439788818359375e-01
4.913173019886016846e-01
7.679742574691772461e-01
1.442728519439697266e+00
1.059324741363525391e+00
7.466043233871459961e-01
5.911502838134765625e-01
7.322069406509399414e-01
6.338970065116882324e-01
7.129515409469604492e-01
5.415920615196228027e-01
5.863893628120422363e-01
7.219524383544921875e-01
7.774477601051330566e-01
6.355550289154052734e-01
4.977555274963378906e-01
8.897445201873779297e-01
8.284953832626342773e-01
1.135581970214843750e+00
5.273461341857910156e-01
8.190349340438842773e-01
1.755459308624267578e+00
2.065291881561279297e+00
5.210177302360534668e-01
7.124021053314208984e-01
6.877532601356506348e-01
7.041796445846557617e-01
6.388860344886779785e-01
5.153211951255798340e-01
9.839245080947875977e-01
9.797355532646179199e-01
8.392907381057739258e-01
4.627976715564727783e-01
4.862014651298522949e-01
8.127754330635070801e-01
7.441960573196411133e-01
8.693504929542541504e-01
8.798632621765136719e-01
7.510275840759277344e-01
1.026137590408325195e+00
7.070700526237487793e-01
8.472119569778442383e-01
6.909279823303222656e-01
7.682846784591674805e-01
8.361180424690246582e-01
6.236460208892822266e-01
4.700510203838348389e-01
7.286547422409057617e-01
4.414983987808227539e-01
7.253648042678833008e-01
9.144523739814758301e-01
1.300325036048889160e+00
9.157536625862121582e-01
5.837295651435852051e-01
8.344722986221313477e-01
7.867489457130432129e-01
1.089540719985961914e+00
9.639509320259094238e-01
7.169842123985290527e-01
6.131281852722167969e-01
8.221581578254699707e-01
8.415042161941528320e-01
8.252600431442260742e-01
9.062688350677490234e-01
5.418968200683593750e-01
7.918136119842529297e-01
9.327077269554138184e-01
1.078726053237915039e+00
8.524348735809326172e-01
5.038866996765136719e-01
4.411005377769470215e-01
7.745038866996765137e-01
5.245515704154968262e-01
5.831823348999023438e-01
8.620396256446838379e-01
4.479773342609405518e-01
4.732595086097717285e-01
4.364823698997497559e-01
4.441608786582946777e-01
6.909086704254150391e-01
7.782669067382812500e-01
7.642057538032531738e-01
1.061972379684448242e+00
6.527968645095825195e-01
6.304854154586791992e-01
7.448952794075012207e-01
9.185354709625244141e-01
1.651465892791748047e+00
1.587136030197143555e+00
1.849632263183593750e+00
1.160954833030700684e+00
8.192055225372314453e-01
1.038134694099426270e+00
9.608088731765747070e-01
8.573509454727172852e-01
6.854916810989379883e-01
6.047731637954711914e-01
6.200262308120727539e-01
5.598688125610351562e-01
5.777245759963989258e-01
7.997221946716308594e-01
9.885595440864562988e-01
9.249640703201293945e-01
7.639214992523193359e-01
5.219418406486511230e-01
6.558000445365905762e-01
6.317486763000488281e-01
5.492677688598632812e-01
5.808968544006347656e-01
4.712902903556823730e-01
6.569641828536987305e-01
5.960164666175842285e-01
6.058315038681030273e-01
7.557386755943298340e-01
7.056876420974731445e-01
6.546438932418823242e-01
4.707009792327880859e-01
7.050409317016601562e-01
7.740843296051025391e-01
1.264297604560852051e+00
2.305441379547119141e+00
2.427347183227539062e+00
3.481422424316406250e+00
6.718140840530395508e-01
1.124405026435852051e+00
5.931783914566040039e-01
7.023217082023620605e-01
7.161175012588500977e-01
9.040704965591430664e-01
1.132595777511596680e+00
1.040220856666564941e+00
1.010722875595092773e+00
6.311541795730590820e-01
7.755237221717834473e-01
7.798545360565185547e-01
8.572907447814941406e-01
5.021353363990783691e-01
7.936361432075500488e-01
5.846776962280273438e-01
1.063802957534790039e+00
1.296263933181762695e+00
1.638991117477416992e+00
1.590787768363952637e+00
6.269754171371459961e-01
5.398337841033935547e-01
4.342913925647735596e-01
7.913620471954345703e-01
7.489808797836303711e-01
8.070827722549438477e-01
6.711269617080688477e-01
7.013372778892517090e-01
1.085298061370849609e+00
9.944499731063842773e-01
8.743822574615478516e-01
7.054021954536437988e-01
9.195444583892822266e-01
1.027975678443908691e+00
5.823745727539062500e-01
5.337731838226318359e-01
4.534463882446289062e-01
7.792355418205261230e-01
1.100711703300476074e+00
1.009703874588012695e+00
8.385202884674072266e-01
7.066966295242309570e-01
5.362203121185302734e-01
7.584843635559082031e-01
1.020908117294311523e+00
1.132321596145629883e+00
2.785948991775512695e+00
1.999388813972473145e+00
5.227329134941101074e-01
8.465395569801330566e-01
5.979288816452026367e-01
6.601724028587341309e-01
9.944061040878295898e-01
1.299720168113708496e+00
1.662681221961975098e+00
8.055527210235595703e-01
9.256591796875000000e-01
7.549419403076171875e-01
6.025369167327880859e-01
6.798812747001647949e-01
5.654629468917846680e-01
8.725438117980957031e-01
8.118997216224670410e-01
5.924096107482910156e-01
5.756534934043884277e-01
5.844690203666687012e-01
6.326345205307006836e-01
8.368644714355468750e-01
9.570121765136718750e-01
1.141896367073059082e+00
8.386552929878234863e-01
1.225497841835021973e+00
1.626653194427490234e+00
8.620244264602661133e-01
5.979629755020141602e-01
5.036808252334594727e-01
5.670778751373291016e-01
6.803460717201232910e-01
8.035891652107238770e-01
7.186142206192016602e-01
7.325067520141601562e-01
6.436622738838195801e-01
6.979601979255676270e-01
4.328829348087310791e-01
5.768709182739257812e-01
8.490407466888427734e-01
7.512748241424560547e-01
7.602912783622741699e-01
1.121970772743225098e+00
9.148554205894470215e-01
8.951374292373657227e-01
6.439864039421081543e-01
6.957163214683532715e-01
6.366531848907470703e-01
5.461787581443786621e-01
5.563124418258666992e-01
5.538987517356872559e-01
7.950956225395202637e-01
7.340038418769836426e-01
7.111525535583496094e-01
7.368233799934387207e-01
9.109194874763488770e-01
8.903450369834899902e-01
4.158009588718414307e-01
6.416280269622802734e-01
9.139600992202758789e-01
1.144105792045593262e+00
7.756361961364746094e-01
5.226532220840454102e-01
8.918845653533935547e-01
1.003004550933837891e+00
9.167419672012329102e-01
7.036912441253662109e-01
6.648167371749877930e-01
6.858187317848205566e-01
7.856616973876953125e-01
9.096803665161132812e-01
7.032908797264099121e-01
6.941752433776855469e-01
4.709065258502960205e-01
4.692499935626983643e-01
5.885417461395263672e-01
7.624201178550720215e-01
7.242017984390258789e-01
4.571959078311920166e-01
5.829615592956542969e-01
4.722098708152770996e-01
9.453364014625549316e-01
1.417627692222595215e+00
1.687054395675659180e+00
1.023908019065856934e+00
6.642252802848815918e-01
6.226871609687805176e-01
5.957753062248229980e-01
7.037615180015563965e-01
8.745306730270385742e-01
9.646999239921569824e-01
8.776201605796813965e-01
5.667965412139892578e-01
5.559772253036499023e-01
7.916604280471801758e-01
8.143312335014343262e-01
6.100338101387023926e-01
4.873518347740173340e-01
5.710905790328979492e-01
6.278287768363952637e-01
4.808016419410705566e-01
6.875188350677490234e-01
5.218889117240905762e-01
4.986238181591033936e-01
6.218647360801696777e-01
4.965797066688537598e-01
8.918333649635314941e-01
4.386467933654785156e-01
5.102015733718872070e-01
7.130560278892517090e-01
6.590601205825805664e-01
6.819381713867187500e-01
6.475316286087036133e-01
1.177284717559814453e+00
1.284746646881103516e+00
6.784042119979858398e-01
3.776132166385650635e-01
5.585958957672119141e-01
7.137950658798217773e-01
5.501099824905395508e-01
5.423616170883178711e-01
6.435470581054687500e-01
6.806621551513671875e-01
5.923872590065002441e-01
5.272254347801208496e-01
4.809551239013671875e-01
3.675440847873687744e-01
6.985626220703125000e-01
5.505996346473693848e-01
2.953397631645202637e-01
5.637351274490356445e-01
6.878943443298339844e-01
3.256182670593261719e-01
4.146040380001068115e-01
6.019906401634216309e-01
5.251584053039550781e-01
6.888948678970336914e-01
6.088109612464904785e-01
4.747940897941589355e-01
3.713737130165100098e-01
3.582430183887481689e-01
4.859551787376403809e-01
5.906167030334472656e-01
9.503109455108642578e-01
1.003572225570678711e+00
5.648111701011657715e-01
4.226402044296264648e-01
5.286118984222412109e-01
4.561926126480102539e-01
8.236595392227172852e-01
5.904544591903686523e-01
8.194730281829833984e-01
9.217499494552612305e-01
1.485177278518676758e+00
1.378677725791931152e+00
7.555086612701416016e-01
8.835890293121337891e-01
1.037435293197631836e+00
1.028733849525451660e+00
8.681830763816833496e-01
8.527024984359741211e-01
4.739404916763305664e-01
6.419272422790527344e-01
8.045007586479187012e-01
8.378873467445373535e-01
5.943024158477783203e-01
5.500835180282592773e-01
9.390165805816650391e-01
9.254871010780334473e-01
9.226588010787963867e-01
4.265311658382415771e-01
5.577391982078552246e-01
6.206055879592895508e-01
6.187121868133544922e-01
9.741221070289611816e-01
9.613264799118041992e-01
1.343542218208312988e+00
1.245933771133422852e+00
6.792528033256530762e-01
6.782302856445312500e-01
1.374297380447387695e+00
1.984746217727661133e+00
9.649930000305175781e-01
6.433106660842895508e-01
6.567454338073730469e-01
9.197340607643127441e-01
1.068819999694824219e+00
1.202799439430236816e+00
8.952373862266540527e-01
2.032578229904174805e+00
2.110993385314941406e+00
3.662256598472595215e-01
6.560931801795959473e-01
6.032955050468444824e-01
5.916615724563598633e-01
6.864296197891235352e-01
9.153177738189697266e-01
8.390629291534423828e-01
7.075074315071105957e-01
7.643605470657348633e-01
9.203799962997436523e-01
6.915978789329528809e-01
7.899380922317504883e-01
7.177343368530273438e-01
6.893640160560607910e-01
7.800514698028564453e-01
8.347229957580566406e-01
9.352994561195373535e-01
1.027431726455688477e+00
7.813823819160461426e-01
7.233747839927673340e-01
1.026749610900878906e+00
6.174225807189941406e-01
6.794938445091247559e-01
8.687846660614013672e-01
1.123232126235961914e+00
7.877931594848632812e-01
1.106568217277526855e+00
1.165287852287292480e+00
8.045127391815185547e-01
7.251057624816894531e-01
7.969324588775634766e-01
5.215559005737304688e-01
7.672866582870483398e-01
7.389900684356689453e-01
9.853996038436889648e-01
1.226279973983764648e+00
1.164410471916198730e+00
1.053447842597961426e+00
7.817572355270385742e-01
6.128914952278137207e-01
6.540415287017822266e-01
6.246216297149658203e-01
1.012273788452148438e+00
7.969710826873779297e-01
5.831723809242248535e-01
5.883735418319702148e-01
7.001059055328369141e-01
6.508880853652954102e-01
9.509669542312622070e-01
1.715362548828125000e+00
1.545369625091552734e+00
1.254752278327941895e+00
7.486838102340698242e-01
6.233386993408203125e-01
5.915939807891845703e-01
6.989022493362426758e-01
5.869833827018737793e-01
6.144049167633056641e-01
5.610547661781311035e-01
6.096809506416320801e-01
7.225645184516906738e-01
8.659296035766601562e-01
1.074128866195678711e+00
7.093585133552551270e-01
6.651082038879394531e-01
6.481564640998840332e-01
5.742773413658142090e-01
3.965708315372467041e-01
5.508115887641906738e-01
8.581415414810180664e-01
9.669850468635559082e-01
9.967978000640869141e-01
1.026502609252929688e+00
1.153802394866943359e+00
4.944388866424560547e-01
6.284258365631103516e-01
6.584852933883666992e-01
7.183301448822021484e-01
8.113421201705932617e-01
9.795953035354614258e-01
1.076448202133178711e+00
7.136844396591186523e-01
4.678243696689605713e-01
6.081151366233825684e-01
5.973863601684570312e-01
6.522792577743530273e-01
6.754087209701538086e-01
5.411824584007263184e-01
9.106737375259399414e-01
1.112453937530517578e+00
1.109895944595336914e+00
6.940944790840148926e-01
5.304120779037475586e-01
5.453627109527587891e-01
6.513414978981018066e-01
6.398826837539672852e-01
6.294732689857482910e-01
7.048308253288269043e-01
5.085371732711791992e-01
5.367657542228698730e-01
5.441896915435791016e-01
9.956767559051513672e-01
9.076234698295593262e-01
9.414426088333129883e-01
6.586070656776428223e-01
6.475900411605834961e-01
6.778373718261718750e-01
6.743932962417602539e-01
5.541428327560424805e-01
1.094015717506408691e+00
1.373828649520874023e+00
1.347383499145507812e+00
9.262849688529968262e-01
5.298941135406494141e-01
6.634303331375122070e-01
7.149426937103271484e-01
5.728474855422973633e-01
8.194341659545898438e-01
5.609885454177856445e-01
7.683198451995849609e-01
6.559034585952758789e-01
7.146720886230468750e-01
7.672164440155029297e-01
7.290427684783935547e-01
5.725268721580505371e-01
8.214417099952697754e-01
6.522482633590698242e-01
6.370519995689392090e-01
6.255934238433837891e-01
5.939527153968811035e-01
9.118651747703552246e-01
9.953486919403076172e-01
7.787243127822875977e-01
4.851767718791961670e-01
5.538492202758789062e-01
7.344847917556762695e-01
1.156397223472595215e+00
1.432559251785278320e+00
9.520803689956665039e-01
1.627249598503112793e+00
2.733277797698974609e+00
1.008651971817016602e+00
6.300041675567626953e-01
8.079075813293457031e-01
8.650580644607543945e-01
8.786269426345825195e-01
9.277963042259216309e-01
7.756553888320922852e-01
6.972100138664245605e-01
9.047950506210327148e-01
1.121895194053649902e+00
1.163383245468139648e+00
9.573736190795898438e-01
5.542966723442077637e-01
6.830382943153381348e-01
7.570110559463500977e-01
8.218843936920166016e-01
9.337227344512939453e-01
1.328583478927612305e+00
1.143657684326171875e+00
8.544795513153076172e-01
6.943422555923461914e-01
8.018100857734680176e-01
5.557657480239868164e-01
7.216053009033203125e-01
5.275772809982299805e-01
5.869869589805603027e-01
6.143390536308288574e-01
6.116853356361389160e-01
6.544424295425415039e-01
7.961567640304565430e-01
6.121054291725158691e-01
4.246199131011962891e-01
6.078591346740722656e-01
5.687945485115051270e-01
1.057146072387695312e+00
1.020869374275207520e+00
1.008102774620056152e+00
6.658756732940673828e-01
7.144374847412109375e-01
9.787275791168212891e-01
6.897041797637939453e-01
7.612365484237670898e-01
1.211393833160400391e+00
1.062745571136474609e+00
8.597085475921630859e-01
7.824552655220031738e-01
8.669404983520507812e-01
6.344841718673706055e-01
6.071707606315612793e-01
6.249227523803710938e-01
6.679599285125732422e-01
6.394827961921691895e-01
4.578650891780853271e-01
8.367663621902465820e-01
7.516512870788574219e-01
7.229892015457153320e-01
7.019318342208862305e-01
7.890859842300415039e-01
9.212281703948974609e-01
8.215357065200805664e-01
9.425071477890014648e-01
6.524103879928588867e-01
5.741250514984130859e-01
5.922327041625976562e-01
8.522759675979614258e-01
5.750548839569091797e-01
7.529941797256469727e-01
7.895334362983703613e-01
6.031587719917297363e-01
6.821062564849853516e-01
7.185792922973632812e-01
1.020265221595764160e+00
1.174590945243835449e+00
1.385190606117248535e+00
9.950165748596191406e-01
9.555082321166992188e-01
8.221090435981750488e-01
7.482902407646179199e-01
4.149901270866394043e-01
5.483577847480773926e-01
7.103215456008911133e-01
7.354819178581237793e-01
6.054730415344238281e-01
6.799025535583496094e-01
7.035297155380249023e-01
6.668920516967773438e-01
6.744104623794555664e-01
7.259977459907531738e-01
9.181869626045227051e-01
1.529742598533630371e+00
1.352914094924926758e+00
1.900728702545166016e+00
2.024727821350097656e+00
9.812524318695068359e-01
7.339813709259033203e-01
8.844861984252929688e-01
1.033758163452148438e+00
9.918870329856872559e-01
9.510803222656250000e-01
8.856113553047180176e-01
7.283498048782348633e-01
1.255562067031860352e+00
8.997551202774047852e-01
9.175903201103210449e-01
5.411259531974792480e-01
5.421777963638305664e-01
6.265462636947631836e-01
6.062690615653991699e-01
7.749574184417724609e-01
6.737262010574340820e-01
1.289311051368713379e+00
9.800822734832763672e-01
1.286848783493041992e+00
1.271644711494445801e+00
7.961816191673278809e-01
8.540621995925903320e-01
5.887608528137207031e-01
7.686040997505187988e-01
8.242339491844177246e-01
9.046589136123657227e-01
9.839261770248413086e-01
1.242448806762695312e+00
1.167322754859924316e+00
8.202021718025207520e-01
7.958268523216247559e-01
7.133468389511108398e-01
8.186520338058471680e-01
7.323180437088012695e-01
7.218978404998779297e-01
4.993841052055358887e-01
9.833351373672485352e-01
7.964478135108947754e-01
7.621970772743225098e-01
9.537572860717773438e-01
8.624567985534667969e-01
7.405003905296325684e-01
7.983436584472656250e-01
8.910359144210815430e-01
1.135580420494079590e+00
6.575722098350524902e-01
8.485351204872131348e-01
8.792333602905273438e-01
9.277306199073791504e-01
7.991353273391723633e-01
7.425031065940856934e-01
7.428209781646728516e-01
8.269732594490051270e-01
7.471526861190795898e-01
5.546804070472717285e-01
6.527303457260131836e-01
5.927801132202148438e-01
6.366021037101745605e-01
5.907103419303894043e-01
6.160532236099243164e-01
1.168584823608398438e+00
6.952040195465087891e-01
6.315656900405883789e-01
6.262209415435791016e-01
5.820420980453491211e-01
6.504238247871398926e-01
7.615094184875488281e-01
6.719132661819458008e-01
6.775532364845275879e-01
5.260571241378784180e-01
6.461617350578308105e-01
6.708579063415527344e-01
7.752084732055664062e-01
9.880480170249938965e-01
7.593889832496643066e-01
7.705744504928588867e-01
9.245476722717285156e-01
8.236630558967590332e-01
1.105534195899963379e+00
9.781469106674194336e-01
8.161632418632507324e-01
6.631993055343627930e-01
7.744954824447631836e-01
6.367722749710083008e-01
6.543987393379211426e-01
4.951327443122863770e-01
5.958206653594970703e-01
6.982407569885253906e-01
6.841130256652832031e-01
8.559148311614990234e-01
5.054858922958374023e-01
6.188547015190124512e-01
4.442579746246337891e-01
4.833974540233612061e-01
6.653357148170471191e-01
7.070698738098144531e-01
8.594608306884765625e-01
6.484984755516052246e-01
8.156798481941223145e-01
7.445769906044006348e-01
8.271378278732299805e-01
5.854548811912536621e-01
5.953814387321472168e-01
5.400574207305908203e-01
6.832554340362548828e-01
7.365736961364746094e-01
6.888755559921264648e-01
8.700410127639770508e-01
7.639825940132141113e-01
1.033925414085388184e+00
8.970673084259033203e-01
5.881077051162719727e-01
6.552709341049194336e-01
8.834686875343322754e-01
9.219781160354614258e-01
6.316224932670593262e-01
7.564035058021545410e-01
4.112251996994018555e-01
7.005050778388977051e-01
8.446587920188903809e-01
8.406806588172912598e-01
6.693183779716491699e-01
5.872954130172729492e-01
6.547054052352905273e-01
8.182792663574218750e-01
6.883498430252075195e-01
1.052204132080078125e+00
1.402893185615539551e+00
8.599811792373657227e-01
4.262718558311462402e-01
3.173651099205017090e-01
6.051281690597534180e-01
7.136443853378295898e-01
8.622582554817199707e-01
8.508908748626708984e-01
6.075406670570373535e-01
5.904187560081481934e-01
5.585788488388061523e-01
5.367501974105834961e-01
7.199852466583251953e-01
7.995892167091369629e-01
8.977501988410949707e-01
7.934621572494506836e-01
9.483009576797485352e-01
1.081088781356811523e+00
4.195359945297241211e-01
7.174444198608398438e-01
6.217377781867980957e-01
7.490329742431640625e-01
7.633280158042907715e-01
7.526357769966125488e-01
5.967134833335876465e-01
5.910624265670776367e-01
5.441937446594238281e-01
5.387156605720520020e-01
7.240619063377380371e-01
9.094452857971191406e-01
1.106183886528015137e+00
9.941030740737915039e-01
1.770747065544128418e+00
2.384848833084106445e+00
8.942079544067382812e-01
5.814779996871948242e-01
9.063254594802856445e-01
1.176030874252319336e+00
1.235818505287170410e+00
8.111864924430847168e-01
6.663118600845336914e-01
5.530217885971069336e-01
4.995461106300354004e-01
6.741456389427185059e-01
4.228106141090393066e-01
5.898567438125610352e-01
8.536499738693237305e-01
7.676630020141601562e-01
7.286841869354248047e-01
7.053287625312805176e-01
1.025534987449645996e+00
6.732599139213562012e-01
7.405170202255249023e-01
5.242837071418762207e-01
7.175222635269165039e-01
7.582458853721618652e-01
6.542758345603942871e-01
8.552914857864379883e-01
6.968022584915161133e-01
6.210345625877380371e-01
4.642730355262756348e-01
3.698090314865112305e-01
4.116740822792053223e-01
4.644206166267395020e-01
4.233595728874206543e-01
5.581477880477905273e-01
7.338097095489501953e-01
8.214598894119262695e-01
9.506965279579162598e-01
8.816478252410888672e-01
1.074505329132080078e+00
1.109589457511901855e+00
1.525459289550781250e+00
1.286117911338806152e+00
6.549893617630004883e-01
5.021044015884399414e-01
8.544282913208007812e-01
1.288775444030761719e+00
9.418252110481262207e-01
8.504285812377929688e-01
6.193056702613830566e-01
6.163141727447509766e-01
6.632617712020874023e-01
8.478502035140991211e-01
8.353725671768188477e-01
8.356244564056396484e-01
6.968369483947753906e-01
4.717379212379455566e-01
4.573182761669158936e-01
4.481182098388671875e-01
4.867917299270629883e-01
6.304044723510742188e-01
7.208677530288696289e-01
6.906126141548156738e-01
7.700066566467285156e-01
6.592471599578857422e-01
7.310390472412109375e-01
7.431701421737670898e-01
5.531156063079833984e-01
6.641744375228881836e-01
7.207170128822326660e-01
7.938069105148315430e-01
9.280979037284851074e-01
1.275627255439758301e+00
1.842774391174316406e+00
1.418896198272705078e+00
8.875743150711059570e-01
7.895510196685791016e-01
8.198167681694030762e-01
7.780141830444335938e-01
5.597453117370605469e-01
7.564712762832641602e-01
5.845973491668701172e-01
6.700819730758666992e-01
7.075646519660949707e-01
4.167576134204864502e-01
4.442389309406280518e-01
4.310428798198699951e-01
4.849667847156524658e-01
6.233075857162475586e-01
7.262231111526489258e-01
6.389738321304321289e-01
6.910417675971984863e-01
5.828620791435241699e-01
7.195090055465698242e-01
7.862704396247863770e-01
7.239403724670410156e-01
6.910603642463684082e-01
5.529125928878784180e-01
7.717830538749694824e-01
5.329961180686950684e-01
4.518175423145294189e-01
5.424425005912780762e-01
4.709866642951965332e-01
8.300682306289672852e-01
6.647340059280395508e-01
6.548287868499755859e-01
6.518539786338806152e-01
5.289054512977600098e-01
4.809533059597015381e-01
5.813673734664916992e-01
5.158705711364746094e-01
6.149035692214965820e-01
6.256643533706665039e-01
7.384498715400695801e-01
6.624933481216430664e-01
5.143593549728393555e-01
5.172479748725891113e-01
6.218918561935424805e-01
9.127584695816040039e-01
1.045244812965393066e+00
7.493439316749572754e-01
6.218963861465454102e-01
4.887268543243408203e-01
6.704224348068237305e-01
5.160518288612365723e-01
4.930699169635772705e-01
5.782357454299926758e-01
4.539443552494049072e-01
8.204590678215026855e-01
6.980320811271667480e-01
9.277355670928955078e-01
7.273485064506530762e-01
1.125428199768066406e+00
1.224263072013854980e+00
1.286307692527770996e+00
8.355948925018310547e-01
4.761598110198974609e-01
7.305051684379577637e-01
6.628080010414123535e-01
6.959339380264282227e-01
4.587973952293395996e-01
4.548549652099609375e-01
5.234851837158203125e-01
6.370587944984436035e-01
8.194363117218017578e-01
9.121559858322143555e-01
4.849054813385009766e-01
6.774976849555969238e-01
8.646435737609863281e-01
8.735657334327697754e-01
1.188212275505065918e+00
1.557940125465393066e+00
2.788945198059082031e+00
2.207284212112426758e+00
1.160738468170166016e+00
7.750239372253417969e-01
6.566784381866455078e-01
6.991473436355590820e-01
7.930148839950561523e-01
9.333343505859375000e-01
7.718971371650695801e-01
8.431495428085327148e-01
7.966532707214355469e-01
8.430123329162597656e-01
5.689455270767211914e-01
5.991646647453308105e-01
5.040640830993652344e-01
6.947256326675415039e-01
6.564299464225769043e-01
6.771838665008544922e-01
5.930315256118774414e-01
6.823538541793823242e-01
8.233128786087036133e-01
5.893077850341796875e-01
7.553837895393371582e-01
5.856422185897827148e-01
6.590588092803955078e-01
6.610407829284667969e-01
4.487411379814147949e-01
6.042610406875610352e-01
7.460389137268066406e-01
7.114261388778686523e-01
7.443338632583618164e-01
5.565038323402404785e-01
6.255773305892944336e-01
5.876926183700561523e-01
6.550647616386413574e-01
4.061604738235473633e-01
4.642872214317321777e-01
6.031978726387023926e-01
6.296775341033935547e-01
5.303006172180175781e-01
5.774201154708862305e-01
6.953396797180175781e-01
8.828430175781250000e-01
9.333631992340087891e-01
8.124164342880249023e-01
5.736955404281616211e-01
6.749296188354492188e-01
4.974327981472015381e-01
5.534754395484924316e-01
5.834599733352661133e-01
5.461518764495849609e-01
7.213097214698791504e-01
6.512062549591064453e-01
6.833978891372680664e-01
5.041539669036865234e-01
4.749392867088317871e-01
7.077597379684448242e-01
5.260647535324096680e-01
5.658836364746093750e-01
5.335876941680908203e-01
7.556048631668090820e-01
5.749095082283020020e-01
7.035095095634460449e-01
6.298043727874755859e-01
6.195839047431945801e-01
5.642099380493164062e-01
7.421814203262329102e-01
6.020461916923522949e-01
6.443523764610290527e-01
7.143148183822631836e-01
1.002729654312133789e+00
1.178170680999755859e+00
1.228904843330383301e+00
7.537438869476318359e-01
4.807516932487487793e-01
4.874605834484100342e-01
4.755712747573852539e-01
6.508307456970214844e-01
6.831396818161010742e-01
7.496141195297241211e-01
9.908980131149291992e-01
8.379639983177185059e-01
1.269197583198547363e+00
1.363482475280761719e+00
6.193866729736328125e-01
6.335557699203491211e-01
6.325262784957885742e-01
7.202802896499633789e-01
5.011556148529052734e-01
8.625370264053344727e-01
7.403758764266967773e-01
7.499762177467346191e-01
8.608326911926269531e-01
6.930615901947021484e-01
8.512397408485412598e-01
5.772163867950439453e-01
1.415305852890014648e+00
1.396290659904479980e+00
1.431366443634033203e+00
1.307060956954956055e+00
9.521353244781494141e-01
8.918579816818237305e-01
7.541842460632324219e-01
7.694807052612304688e-01
7.405964136123657227e-01
8.781884908676147461e-01
6.561622619628906250e-01
7.633461952209472656e-01
6.489913463592529297e-01
5.543909072875976562e-01
5.709984302520751953e-01
7.077240347862243652e-01
1.193006157875061035e+00
1.190654158592224121e+00
1.447766542434692383e+00
1.154389142990112305e+00
7.018086910247802734e-01
8.203698992729187012e-01
9.222210645675659180e-01
1.066828608512878418e+00
8.256681561470031738e-01
8.595958352088928223e-01
7.988138794898986816e-01
6.031583547592163086e-01
6.488369107246398926e-01
6.692433357238769531e-01
6.504561901092529297e-01
7.401506900787353516e-01
5.001871585845947266e-01
6.333032846450805664e-01
6.597561240196228027e-01
6.699692010879516602e-01
5.849922895431518555e-01
5.725849270820617676e-01
5.677624344825744629e-01
7.017970681190490723e-01
6.730898618698120117e-01
6.794906258583068848e-01
6.946209669113159180e-01
7.151908278465270996e-01
5.624149441719055176e-01
5.133739709854125977e-01
5.052870512008666992e-01
6.776105761528015137e-01
6.847104430198669434e-01
7.905770540237426758e-01
7.839365601539611816e-01
8.175676465034484863e-01
3.509884178638458252e-01
3.520282506942749023e-01
6.218717098236083984e-01
4.425994157791137695e-01
5.350999832153320312e-01
5.653109550476074219e-01
6.635732054710388184e-01
1.079570293426513672e+00
7.487719655036926270e-01
9.400452375411987305e-01
6.500252485275268555e-01
5.689768791198730469e-01
6.315511465072631836e-01
7.139695286750793457e-01
7.229194641113281250e-01
6.521303057670593262e-01
8.352457880973815918e-01
6.569159626960754395e-01
7.887290120124816895e-01
6.108486652374267578e-01
5.763200521469116211e-01
5.696239471435546875e-01
6.604768633842468262e-01
6.152052879333496094e-01
6.143697500228881836e-01
7.287950515747070312e-01
6.203322410583496094e-01
6.538783311843872070e-01
6.159193515777587891e-01
5.099057555198669434e-01
3.510766029357910156e-01
4.880177378654479980e-01
7.007620334625244141e-01
1.273122429847717285e+00
1.515106558799743652e+00
2.200196743011474609e+00
2.432462692260742188e+00
1.010026574134826660e+00
4.852643013000488281e-01
7.058039903640747070e-01
7.381688952445983887e-01
5.961315035820007324e-01
5.927282571792602539e-01
5.220901370048522949e-01
6.239026188850402832e-01
8.188523650169372559e-01
7.278895378112792969e-01
7.484844923019409180e-01
4.890490472316741943e-01
5.064365267753601074e-01
7.220799922943115234e-01
5.377298593521118164e-01
6.885612607002258301e-01
6.885537505149841309e-01
5.991957187652587891e-01
5.428358316421508789e-01
6.082504987716674805e-01
4.936395287513732910e-01
4.936027526855468750e-01
5.209890007972717285e-01
5.919712781906127930e-01
6.028240919113159180e-01
5.717110633850097656e-01
5.137515664100646973e-01
4.322081506252288818e-01
6.622088551521301270e-01
5.746510028839111328e-01
5.144268274307250977e-01
6.045607328414916992e-01
4.849192202091217041e-01
4.147465825080871582e-01
5.711911916732788086e-01
8.974647521972656250e-01
8.748616576194763184e-01
6.484891772270202637e-01
5.358338356018066406e-01
7.220216989517211914e-01
7.716860175132751465e-01
4.513052999973297119e-01
5.585373044013977051e-01
7.537171840667724609e-01
8.271839618682861328e-01
1.440044760704040527e+00
1.368414998054504395e+00
9.787131547927856445e-01
9.462122917175292969e-01
1.150678515434265137e+00
1.004526853561401367e+00
7.589700222015380859e-01
4.298131465911865234e-01
4.447123706340789795e-01
6.690173149108886719e-01
3.944222331047058105e-01
6.110849380493164062e-01
6.594865322113037109e-01
8.598191142082214355e-01
9.944059848785400391e-01
6.072817444801330566e-01
7.955598831176757812e-01
5.056195259094238281e-01
5.899364948272705078e-01
6.901245117187500000e-01
7.895026206970214844e-01
8.983459472656250000e-01
8.860213160514831543e-01
5.259897708892822266e-01
5.029944181442260742e-01
5.418297052383422852e-01
4.696616232395172119e-01
5.793825387954711914e-01
4.625755250453948975e-01
7.919058799743652344e-01
7.581735253334045410e-01
8.407548666000366211e-01
7.526202201843261719e-01
7.600501179695129395e-01
5.265408754348754883e-01
6.014990210533142090e-01
5.136314034461975098e-01
6.447701454162597656e-01
7.457035779953002930e-01
6.774419546127319336e-01
7.077392339706420898e-01
7.603119611740112305e-01
6.143686771392822266e-01
6.565967798233032227e-01
5.276666283607482910e-01
5.875676274299621582e-01
7.638309001922607422e-01
8.699507713317871094e-01
8.680099248886108398e-01
5.794765353202819824e-01
7.088321447372436523e-01
6.088621020317077637e-01
8.363990187644958496e-01
7.497026324272155762e-01
8.195648193359375000e-01
9.161729812622070312e-01
6.710130572319030762e-01
5.772832632064819336e-01
5.040385723114013672e-01
5.309417247772216797e-01
5.812475085258483887e-01
6.020948886871337891e-01
6.684888005256652832e-01
7.721443176269531250e-01
7.266863584518432617e-01
5.139344930648803711e-01
6.056497097015380859e-01
6.754577159881591797e-01
8.455543518066406250e-01
1.021826267242431641e+00
1.089194178581237793e+00
1.034140110015869141e+00
6.432365179061889648e-01
1.031710863113403320e+00
9.188067317008972168e-01
9.886795282363891602e-01
7.929944992065429688e-01
7.856237888336181641e-01
6.017557382583618164e-01
6.525076627731323242e-01
6.141240000724792480e-01
6.384030580520629883e-01
7.232284545898437500e-01
5.053470730781555176e-01
5.441082119941711426e-01
5.849581360816955566e-01
3.609740734100341797e-01
5.076245665550231934e-01
7.030313611030578613e-01
6.463352441787719727e-01
9.001543521881103516e-01
1.195821285247802734e+00
7.355043292045593262e-01
5.169852972030639648e-01
9.434010982513427734e-01
8.421207070350646973e-01
6.716721653938293457e-01
5.540498495101928711e-01
6.219575405120849609e-01
6.424565315246582031e-01
5.803861618041992188e-01
6.507235169410705566e-01
7.976158857345581055e-01
9.435208439826965332e-01
6.182135343551635742e-01
7.677120566368103027e-01
4.291007220745086670e-01
6.604694724082946777e-01
5.780473947525024414e-01
9.840216636657714844e-01
9.219592809677124023e-01
1.727287173271179199e+00
2.422491073608398438e+00
9.968271255493164062e-01
8.843724727630615234e-01
1.507542848587036133e+00
1.630764126777648926e+00
7.842822074890136719e-01
6.907359361648559570e-01
6.431477665901184082e-01
7.790964841842651367e-01
9.292088747024536133e-01
9.129308462142944336e-01
7.452901601791381836e-01
4.683573246002197266e-01
5.733091831207275391e-01
8.138720989227294922e-01
5.355319976806640625e-01
8.092266321182250977e-01
9.796645045280456543e-01
6.766515970230102539e-01
8.206167221069335938e-01
5.973977446556091309e-01
5.691010951995849609e-01
6.477054357528686523e-01
7.020640373229980469e-01
8.743185997009277344e-01
6.625625491142272949e-01
6.385332942008972168e-01
7.310010790824890137e-01
7.358095645904541016e-01
7.267186045646667480e-01
6.804132461547851562e-01
5.678794384002685547e-01
6.166910529136657715e-01
6.569894552230834961e-01
3.929257094860076904e-01
5.734790563583374023e-01
5.597760081291198730e-01
8.603850007057189941e-01
9.155175685882568359e-01
5.870960354804992676e-01
7.231132984161376953e-01
3.614367842674255371e-01
4.540309011936187744e-01
5.498081445693969727e-01
7.476738691329956055e-01
7.222821712493896484e-01
8.234522938728332520e-01
4.593031704425811768e-01
6.082268953323364258e-01
7.652158141136169434e-01
6.787132620811462402e-01
7.438714504241943359e-01
8.356328010559082031e-01
1.407801389694213867e+00
1.280171036720275879e+00
4.613781571388244629e-01
8.380949497222900391e-01
9.980810880661010742e-01
1.722879171371459961e+00
1.682620406150817871e+00
1.186881303787231445e+00
6.869855523109436035e-01
9.404441118240356445e-01
8.058054447174072266e-01
7.525937557220458984e-01
7.671798467636108398e-01
6.665168404579162598e-01
5.780729055404663086e-01
4.325377345085144043e-01
5.542868375778198242e-01
6.675455570220947266e-01
9.286904335021972656e-01
7.040159702301025391e-01
7.719841003417968750e-01
7.042377591133117676e-01
7.889990210533142090e-01
9.184246063232421875e-01
7.046258449554443359e-01
7.132187485694885254e-01
8.420923352241516113e-01
8.224206566810607910e-01
5.888704061508178711e-01
5.381933450698852539e-01
7.072198987007141113e-01
5.733809471130371094e-01
6.692841053009033203e-01
4.956811666488647461e-01
8.279609084129333496e-01
8.088196516036987305e-01
7.702152729034423828e-01
7.478767633438110352e-01
9.312640428543090820e-01
9.069461822509765625e-01
6.553246378898620605e-01
4.815664291381835938e-01
6.868190765380859375e-01
6.410563588142395020e-01
6.940089464187622070e-01
5.797524452209472656e-01
6.167460680007934570e-01
5.593665838241577148e-01
5.643470883369445801e-01
6.464183330535888672e-01
4.971254467964172363e-01
5.477683544158935547e-01
7.997649908065795898e-01
7.310148477554321289e-01
5.648632645606994629e-01
5.950264334678649902e-01
5.617039799690246582e-01
5.636667013168334961e-01
6.582247614860534668e-01
5.694797635078430176e-01
4.370335340499877930e-01
6.085203289985656738e-01
4.444628059864044189e-01
8.558503389358520508e-01
1.579782128334045410e+00
1.944937109947204590e+00
9.084109663963317871e-01
8.297647237777709961e-01
7.193801999092102051e-01
7.433441877365112305e-01
5.778211355209350586e-01
6.832326650619506836e-01
6.868267655372619629e-01
6.650068759918212891e-01
8.082447052001953125e-01
6.161960959434509277e-01
6.100779771804809570e-01
5.450264215469360352e-01
5.678897500038146973e-01
6.557710170745849609e-01
5.609890818595886230e-01
6.613016724586486816e-01
6.732570528984069824e-01
5.614901185035705566e-01
4.764951467514038086e-01
6.789938211441040039e-01
8.437685966491699219e-01
7.758174538612365723e-01
4.034477770328521729e-01
4.529442489147186279e-01
4.915246367454528809e-01
5.400751829147338867e-01
4.548970758914947510e-01
5.778706073760986328e-01
6.547831296920776367e-01
5.667239427566528320e-01
5.405266880989074707e-01
4.742666780948638916e-01
6.212600469589233398e-01
7.145359516143798828e-01
6.128517389297485352e-01
8.151258230209350586e-01
7.668383717536926270e-01
8.508928418159484863e-01
7.800146341323852539e-01
7.052091360092163086e-01
6.698094010353088379e-01
7.068833112716674805e-01
8.598865270614624023e-01
1.458093166351318359e+00
1.406329035758972168e+00
2.387783050537109375e+00
4.505308628082275391e+00
1.016933560371398926e+00
7.489764690399169922e-01
8.815097808837890625e-01
8.806473612785339355e-01
6.815122365951538086e-01
9.052949547767639160e-01
1.328373312950134277e+00
2.080785989761352539e+00
1.146970391273498535e+00
4.002096951007843018e-01
4.621514678001403809e-01
8.129163980484008789e-01
5.838948488235473633e-01
1.019120693206787109e+00
1.032251238822937012e+00
7.363116741180419922e-01
7.690930366516113281e-01
7.512536048889160156e-01
6.793336868286132812e-01
6.863039135932922363e-01
6.424212455749511719e-01
8.085833787918090820e-01
6.564718484878540039e-01
6.458840370178222656e-01
5.439267158508300781e-01
7.075198888778686523e-01
6.226015686988830566e-01
6.517120003700256348e-01
5.596012473106384277e-01
6.082122325897216797e-01
7.256241440773010254e-01
6.908003091812133789e-01
7.349265217781066895e-01
6.458849906921386719e-01
7.431045174598693848e-01
7.328214049339294434e-01
6.640584468841552734e-01
5.932090878486633301e-01
7.918803691864013672e-01
8.968001604080200195e-01
1.056513905525207520e+00
6.096912622451782227e-01
5.184686183929443359e-01
6.382185816764831543e-01
7.581024765968322754e-01
6.501348614692687988e-01
7.973283529281616211e-01
8.782956600189208984e-01
6.678844094276428223e-01
8.814426660537719727e-01
5.071587562561035156e-01
6.967177391052246094e-01
5.015486478805541992e-01
8.532699346542358398e-01
6.787046194076538086e-01
8.197852969169616699e-01
9.585405588150024414e-01
8.505355119705200195e-01
8.111383318901062012e-01
7.807207703590393066e-01
7.127451300621032715e-01
8.567362427711486816e-01
6.893939971923828125e-01
7.307863831520080566e-01
6.255249977111816406e-01
7.033611536026000977e-01
7.039569616317749023e-01
6.859582066535949707e-01
5.833380222320556641e-01
6.846772432327270508e-01
5.860305428504943848e-01
6.138213872909545898e-01
7.197077274322509766e-01
6.447607874870300293e-01
6.825760602951049805e-01
6.992306709289550781e-01
7.451806664466857910e-01
7.899632453918457031e-01
6.065564155578613281e-01
7.729385495185852051e-01
8.253207206726074219e-01
1.037397623062133789e+00
6.685095429420471191e-01
5.481519699096679688e-01
4.413871169090270996e-01
5.915943384170532227e-01
7.208160161972045898e-01
7.891004085540771484e-01
9.482432603836059570e-01
1.981635928153991699e+00
1.848804593086242676e+00
1.358796238899230957e+00
1.099747180938720703e+00
1.075814247131347656e+00
7.556879520416259766e-01
8.083743453025817871e-01
1.166563034057617188e+00
9.071033000946044922e-01
8.213070034980773926e-01
7.792271971702575684e-01
1.012218594551086426e+00
9.619162082672119141e-01
1.114625453948974609e+00
9.588446021080017090e-01
1.078242540359497070e+00
9.178430438041687012e-01
7.210100889205932617e-01
6.178628802299499512e-01
7.651540637016296387e-01
8.033969998359680176e-01
8.781626224517822266e-01
5.311437845230102539e-01
7.295265793800354004e-01
6.436582803726196289e-01
5.512877702713012695e-01
5.578407645225524902e-01
7.367784976959228516e-01
6.751953363418579102e-01
8.302093744277954102e-01
8.704860210418701172e-01
8.202291727066040039e-01
6.164868474006652832e-01
6.758913993835449219e-01
6.475303173065185547e-01
5.698919296264648438e-01
5.092710852622985840e-01
4.968172311782836914e-01
4.732831716537475586e-01
7.382956743240356445e-01
6.159313321113586426e-01
4.192607998847961426e-01
6.249815225601196289e-01
7.822183370590209961e-01
7.059155702590942383e-01
7.667086720466613770e-01
7.955288290977478027e-01
5.262967348098754883e-01
4.669800400733947754e-01
6.695258617401123047e-01
5.501402616500854492e-01
7.987754344940185547e-01
6.705530285835266113e-01
7.319546341896057129e-01
6.776713132858276367e-01
8.327724933624267578e-01
6.372724771499633789e-01
4.959627389907836914e-01
4.603333771228790283e-01
6.766958236694335938e-01
6.878249049186706543e-01
4.482498764991760254e-01
5.363343954086303711e-01
5.560859441757202148e-01
7.175610065460205078e-01
8.365875482559204102e-01
8.577646017074584961e-01
6.930471062660217285e-01
4.894618988037109375e-01
6.074004173278808594e-01
6.869162321090698242e-01
6.080808639526367188e-01
7.444980144500732422e-01
6.767590045928955078e-01
6.952670216560363770e-01
5.343716740608215332e-01
4.927536845207214355e-01
7.510085105895996094e-01
7.353017926216125488e-01
5.057315826416015625e-01
5.585431456565856934e-01
5.054235458374023438e-01
5.301822423934936523e-01
5.782603025436401367e-01
6.610108613967895508e-01
4.074642956256866455e-01
7.128590941429138184e-01
8.584889173507690430e-01
8.662690520286560059e-01
9.924624562263488770e-01
7.583464980125427246e-01
9.547206163406372070e-01
7.807422876358032227e-01
6.606696844100952148e-01
1.117650389671325684e+00
1.389147996902465820e+00
9.929873943328857422e-01
7.656886577606201172e-01
6.730960011482238770e-01
5.724778175354003906e-01
5.300679206848144531e-01
6.665380597114562988e-01
5.505990982055664062e-01
5.879082679748535156e-01
6.327240467071533203e-01
5.757211446762084961e-01
4.352834224700927734e-01
6.141379475593566895e-01
8.091936111450195312e-01
1.266766190528869629e+00
1.525774121284484863e+00
7.825191020965576172e-01
5.157806873321533203e-01
7.118973731994628906e-01
7.186391353607177734e-01
6.288341283798217773e-01
9.065357446670532227e-01
8.145068287849426270e-01
7.571917176246643066e-01
5.361723303794860840e-01
5.513572096824645996e-01
5.213552713394165039e-01
7.183217406272888184e-01
7.834523916244506836e-01
7.643973827362060547e-01
7.410049438476562500e-01
6.232269406318664551e-01
3.613280355930328369e-01
5.731845498085021973e-01
5.609448552131652832e-01
6.339732408523559570e-01
8.112929463386535645e-01
1.253899812698364258e+00
1.400097966194152832e+00
7.824844121932983398e-01
5.347026586532592773e-01
1.058262348175048828e+00
1.143190622329711914e+00
6.960464119911193848e-01
4.990210235118865967e-01
5.427857637405395508e-01
8.909288644790649414e-01
1.159649491310119629e+00
1.780078887939453125e+00
2.002866983413696289e+00
7.978013753890991211e-01
4.341202676296234131e-01
7.788618803024291992e-01
1.130693435668945312e+00
8.964201211929321289e-01
4.827559590339660645e-01
6.939182877540588379e-01
5.939937233924865723e-01
8.129668235778808594e-01
8.051226139068603516e-01
6.355204582214355469e-01
6.239934563636779785e-01
6.906498670578002930e-01
5.880266427993774414e-01
8.070696592330932617e-01
7.461669445037841797e-01
6.968331933021545410e-01
6.872578263282775879e-01
6.427848339080810547e-01
5.076649785041809082e-01
5.872281789779663086e-01
5.807605981826782227e-01
6.985880136489868164e-01
4.426598548889160156e-01
4.857585430145263672e-01
7.577642202377319336e-01
6.919903755187988281e-01
4.939788877964019775e-01
4.128839969635009766e-01
5.845814943313598633e-01
8.385853171348571777e-01
9.211275577545166016e-01
8.416702151298522949e-01
5.889240503311157227e-01
5.745957493782043457e-01
4.406782686710357666e-01
5.908110737800598145e-01
6.360110044479370117e-01
7.125471830368041992e-01
1.021491885185241699e+00
1.114932894706726074e+00
1.421149253845214844e+00
1.419308781623840332e+00
9.862864613533020020e-01
7.645692825317382812e-01
8.640493154525756836e-01
6.741237044334411621e-01
7.515988349914550781e-01
5.346322655677795410e-01
5.519165992736816406e-01
6.212878823280334473e-01
7.192388176918029785e-01
7.629954814910888672e-01
8.550158143043518066e-01
7.339988946914672852e-01
5.250723958015441895e-01
5.946390628814697266e-01
5.254626870155334473e-01
6.974346041679382324e-01
5.400878190994262695e-01
6.343386769294738770e-01
8.899618387222290039e-01
7.424793243408203125e-01
7.647242546081542969e-01
5.471227169036865234e-01
5.933084487915039062e-01
6.098944544792175293e-01
8.302133083343505859e-01
1.157568812370300293e+00
1.584341049194335938e+00
1.185316801071166992e+00
5.110841393470764160e-01
4.304576516151428223e-01
6.868269443511962891e-01
5.318052172660827637e-01
9.415164589881896973e-01
1.234231948852539062e+00
9.555276632308959961e-01
8.764232993125915527e-01
8.935315608978271484e-01
5.787680149078369141e-01
5.661996603012084961e-01
6.019283533096313477e-01
6.031655669212341309e-01
7.280956506729125977e-01
5.845868587493896484e-01
6.298831701278686523e-01
8.558775782585144043e-01
1.052836418151855469e+00
1.080801010131835938e+00
1.044973969459533691e+00
1.082389473915100098e+00
4.527006745338439941e-01
6.088066101074218750e-01
5.924798846244812012e-01
7.030941843986511230e-01
7.585412263870239258e-01
8.000501394271850586e-01
8.444529771804809570e-01
7.619997262954711914e-01
7.819342613220214844e-01
7.375870943069458008e-01
6.525682210922241211e-01
6.574126482009887695e-01
5.256832838058471680e-01
5.932459831237792969e-01
7.106183171272277832e-01
6.594634652137756348e-01
6.106832027435302734e-01
6.536506414413452148e-01
6.637173891067504883e-01
7.178047895431518555e-01
5.982305407524108887e-01
5.289872884750366211e-01
5.061511993408203125e-01
7.155876159667968750e-01
7.211303710937500000e-01
5.509979128837585449e-01
6.595999002456665039e-01
4.757071137428283691e-01
8.419233560562133789e-01
1.005093455314636230e+00
9.427383542060852051e-01
5.669474601745605469e-01
4.353263378143310547e-01
5.169594287872314453e-01
6.921763420104980469e-01
6.269215345382690430e-01
7.500627636909484863e-01
6.443566083908081055e-01
6.108437776565551758e-01
5.772954821586608887e-01
6.508682370185852051e-01
5.386894941329956055e-01
6.464426517486572266e-01
7.839018106460571289e-01
1.021880507469177246e+00
8.979560732841491699e-01
8.693190217018127441e-01
5.850912332534790039e-01
5.575139522552490234e-01
7.552205324172973633e-01
5.841504335403442383e-01
5.570854544639587402e-01
6.922251582145690918e-01
8.399784564971923828e-01
7.917541861534118652e-01
5.981046557426452637e-01
5.437971949577331543e-01
7.300564050674438477e-01
7.927926778793334961e-01
7.734675407409667969e-01
8.513036370277404785e-01
1.110402584075927734e+00
6.997700929641723633e-01
7.048301696777343750e-01
6.629232764244079590e-01
7.577237486839294434e-01
4.506959319114685059e-01
6.079220771789550781e-01
6.134130954742431641e-01
6.392145156860351562e-01
5.950794219970703125e-01
5.971992015838623047e-01
5.168585777282714844e-01
7.205798625946044922e-01
1.258795261383056641e+00
1.548176765441894531e+00
6.975463628768920898e-01
4.559518992900848389e-01
4.126526713371276855e-01
4.360713958740234375e-01
6.708279252052307129e-01
8.704920411109924316e-01
1.067728996276855469e+00
1.441197752952575684e+00
1.004340052604675293e+00
9.929590225219726562e-01
8.987875580787658691e-01
7.440755963325500488e-01
4.302627444267272949e-01
7.288389205932617188e-01
7.416862249374389648e-01
7.041184902191162109e-01
9.333586692810058594e-01
1.218679666519165039e+00
8.331703543663024902e-01
5.513568520545959473e-01
5.511062145233154297e-01
6.979827880859375000e-01
6.589366197586059570e-01
7.861683368682861328e-01
7.619407176971435547e-01
7.163819670677185059e-01
7.445479631423950195e-01
7.235584259033203125e-01
7.286708950996398926e-01
4.814048707485198975e-01
4.737296998500823975e-01
4.947443008422851562e-01
4.785336256027221680e-01
5.990210771560668945e-01
7.178062200546264648e-01
9.891575574874877930e-01
1.724251151084899902e+00
1.701827645301818848e+00
1.538332462310791016e+00
1.152625203132629395e+00
8.417017459869384766e-01
7.110555768013000488e-01
8.887899518013000488e-01
1.155245065689086914e+00
1.283824801445007324e+00
1.258854150772094727e+00
7.404811978340148926e-01
5.727777481079101562e-01
6.345967054367065430e-01
9.637171030044555664e-01
1.207125425338745117e+00
1.126333713531494141e+00
1.041494369506835938e+00
9.660745859146118164e-01
1.433067321777343750e+00
1.223830223083496094e+00
8.940464854240417480e-01
5.368872284889221191e-01
6.568345427513122559e-01
7.450069189071655273e-01
8.918547630310058594e-01
7.838159203529357910e-01
8.381071090698242188e-01
8.457193374633789062e-01
1.019858241081237793e+00
5.595957040786743164e-01
7.319772243499755859e-01
1.431426048278808594e+00
9.377823472023010254e-01
7.518787384033203125e-01
6.543608307838439941e-01
5.337275862693786621e-01
5.982163548469543457e-01
6.621637344360351562e-01
7.524394989013671875e-01
8.695535659790039062e-01
6.742034554481506348e-01
6.881734132766723633e-01
6.181908249855041504e-01
7.131301164627075195e-01
7.306503057479858398e-01
7.920867204666137695e-01
7.479229569435119629e-01
6.915015578269958496e-01
5.943225026130676270e-01
6.195610165596008301e-01
5.751220583915710449e-01
5.967564582824707031e-01
8.236033916473388672e-01
5.735082626342773438e-01
7.465516328811645508e-01
7.144306302070617676e-01
5.620958805084228516e-01
5.731836557388305664e-01
7.007004618644714355e-01
6.992307901382446289e-01
6.894377470016479492e-01
6.107895374298095703e-01
5.224949121475219727e-01
3.792730867862701416e-01
5.230241417884826660e-01
5.932061672210693359e-01
7.662869095802307129e-01
1.053952097892761230e+00
1.246406912803649902e+00
6.901354193687438965e-01
7.652588486671447754e-01
5.740525126457214355e-01
7.147358059883117676e-01
7.491939067840576172e-01
8.319671154022216797e-01
8.274518251419067383e-01
1.492505192756652832e+00
1.059466123580932617e+00
4.957913160324096680e-01
9.467430710792541504e-01
8.427672386169433594e-01
6.469840407371520996e-01
5.709260106086730957e-01
6.199274659156799316e-01
1.335673928260803223e+00
1.623273015022277832e+00
1.147882103919982910e+00
8.456581830978393555e-01
7.955903410911560059e-01
5.843988656997680664e-01
8.950497508049011230e-01
9.559476971626281738e-01
8.424109220504760742e-01
8.062344193458557129e-01
7.635691165924072266e-01
8.438286185264587402e-01
5.334328413009643555e-01
5.431838035583496094e-01
6.331628561019897461e-01
5.990061759948730469e-01
7.266368865966796875e-01
5.159169435501098633e-01
7.412623763084411621e-01
8.892382979393005371e-01
5.748066902160644531e-01
5.315318703651428223e-01
6.862688064575195312e-01
5.679708719253540039e-01
6.225442886352539062e-01
6.918196678161621094e-01
5.661057233810424805e-01
5.433531999588012695e-01
6.489802598953247070e-01
6.734368801116943359e-01
5.594128370285034180e-01
6.614354252815246582e-01
7.193151712417602539e-01
5.032459497451782227e-01
5.446854829788208008e-01
6.812745928764343262e-01
5.674546957015991211e-01
7.497228384017944336e-01
1.008499503135681152e+00
8.805679678916931152e-01
6.289527416229248047e-01
6.236231327056884766e-01
6.937375068664550781e-01
7.959790825843811035e-01
5.297834873199462891e-01
5.243622064590454102e-01
6.177431344985961914e-01
9.915040135383605957e-01
1.557866454124450684e+00
1.705887436866760254e+00
1.055826067924499512e+00
6.475811004638671875e-01
7.013925313949584961e-01
7.020066976547241211e-01
1.136563897132873535e+00
1.367667078971862793e+00
1.374566197395324707e+00
8.255495429039001465e-01
9.948539733886718750e-01
7.349244356155395508e-01
8.449462652206420898e-01
6.873573064804077148e-01
8.911145329475402832e-01
1.036879777908325195e+00
1.049746632575988770e+00
1.128690123558044434e+00
1.088335275650024414e+00
1.309628129005432129e+00
1.498351812362670898e+00
1.115417480468750000e+00
5.319042205810546875e-01
5.854099392890930176e-01
5.880786776542663574e-01
6.755803823471069336e-01
5.866132974624633789e-01
6.134042739868164062e-01
6.796144247055053711e-01
8.050346970558166504e-01
6.921899914741516113e-01
6.594501137733459473e-01
5.722526907920837402e-01
8.032236099243164062e-01
9.196546673774719238e-01
1.105262398719787598e+00
4.941332638263702393e-01
4.919803738594055176e-01
6.319328546524047852e-01
6.477535963058471680e-01
6.374921798706054688e-01
6.008685231208801270e-01
5.947034358978271484e-01
6.491197347640991211e-01
8.446499109268188477e-01
1.222295045852661133e+00
1.312289118766784668e+00
8.361901044845581055e-01
5.768518447875976562e-01
7.320255041122436523e-01
1.562935113906860352e+00
1.789292573928833008e+00
1.438435316085815430e+00
1.424481868743896484e+00
1.303928852081298828e+00
8.053604364395141602e-01
6.073592305183410645e-01
6.268211603164672852e-01
8.586910367012023926e-01
9.899742603302001953e-01
8.413180112838745117e-01
9.222372174263000488e-01
5.235668420791625977e-01
7.262228131294250488e-01
7.188440561294555664e-01
7.919214367866516113e-01
1.063889026641845703e+00
1.121872067451477051e+00
6.191525459289550781e-01
5.276957750320434570e-01
7.017246484756469727e-01
7.176519632339477539e-01
7.124340534210205078e-01
7.352544665336608887e-01
7.398083209991455078e-01
7.268839478492736816e-01
7.581013441085815430e-01
7.693002820014953613e-01
7.483458518981933594e-01
4.752023816108703613e-01
3.721331954002380371e-01
6.597840785980224609e-01
6.257269978523254395e-01
7.818724513053894043e-01
8.222962617874145508e-01
7.209755778312683105e-01
6.280260682106018066e-01
4.115490317344665527e-01
4.463644623756408691e-01
6.284570097923278809e-01
5.257095098495483398e-01
5.487946271896362305e-01
4.329809546470642090e-01
4.306722283363342285e-01
6.701830029487609863e-01
8.180207610130310059e-01
8.020325899124145508e-01
5.919455289840698242e-01
4.259305000305175781e-01
6.423497796058654785e-01
5.512398481369018555e-01
6.368862390518188477e-01
4.901678264141082764e-01
6.845275759696960449e-01
8.917903900146484375e-01
5.651217103004455566e-01
4.884014129638671875e-01
6.447979807853698730e-01
6.573904752731323242e-01
5.378823280334472656e-01
6.298169493675231934e-01
7.825918793678283691e-01
1.021438717842102051e+00
8.529000282287597656e-01
6.305866241455078125e-01
7.583687305450439453e-01
5.262701511383056641e-01
5.369123816490173340e-01
6.679248809814453125e-01
6.525486707687377930e-01
6.928177475929260254e-01
6.835437417030334473e-01
8.030712604522705078e-01
7.115207910537719727e-01
4.685837626457214355e-01
5.232794284820556641e-01
4.941580295562744141e-01
6.118737459182739258e-01
6.277070045471191406e-01
5.969538092613220215e-01
8.032882213592529297e-01
1.249843597412109375e+00
1.908140659332275391e+00
1.975949287414550781e+00
1.227589607238769531e+00
1.020872831344604492e+00
7.639822959899902344e-01
6.055398583412170410e-01
6.011166572570800781e-01
5.707678794860839844e-01
8.148335218429565430e-01
7.108611464500427246e-01
1.032150506973266602e+00
1.204823613166809082e+00
7.294870615005493164e-01
4.629397690296173096e-01
5.682369470596313477e-01
7.038832902908325195e-01
6.305355429649353027e-01
5.711511373519897461e-01
6.880362033843994141e-01
4.813218116760253906e-01
6.427567601203918457e-01
7.947305440902709961e-01
5.500297546386718750e-01
5.758249759674072266e-01
6.347191333770751953e-01
6.494574546813964844e-01
4.843968451023101807e-01
6.851894855499267578e-01
7.048795223236083984e-01
5.145922899246215820e-01
5.632613897323608398e-01
4.940715432167053223e-01
5.059574842453002930e-01
4.084257483482360840e-01
5.315876603126525879e-01
8.969501256942749023e-01
1.298089027404785156e+00
1.351246476173400879e+00
1.423799276351928711e+00
9.388284683227539062e-01
6.379668712615966797e-01
6.898523569107055664e-01
6.354609727859497070e-01
1.562092065811157227e+00
1.567515373229980469e+00
9.611580371856689453e-01
7.093397974967956543e-01
6.875548958778381348e-01
7.498122453689575195e-01
5.764341950416564941e-01
7.415620684623718262e-01
8.661712408065795898e-01
6.676664352416992188e-01
8.018802404403686523e-01
7.648685574531555176e-01
1.154877781867980957e+00
7.861181497573852539e-01
8.133080005645751953e-01
6.521949768066406250e-01
5.667536258697509766e-01
6.190468072891235352e-01
6.636666059494018555e-01
5.539510846138000488e-01
8.434770107269287109e-01
5.174448490142822266e-01
7.872758507728576660e-01
1.426633477210998535e+00
1.263545155525207520e+00
7.011419534683227539e-01
7.172425389289855957e-01
7.042717933654785156e-01
5.145552158355712891e-01
5.633280277252197266e-01
7.957752943038940430e-01
6.961327791213989258e-01
7.809729576110839844e-01
6.721861362457275391e-01
8.068102002143859863e-01
6.603404283523559570e-01
7.109937071800231934e-01
6.651457548141479492e-01
6.100397109985351562e-01
5.127882957458496094e-01
5.317514538764953613e-01
5.504429340362548828e-01
5.511237978935241699e-01
4.612792134284973145e-01
5.846735239028930664e-01
4.369219541549682617e-01
6.850703358650207520e-01
5.646943449974060059e-01
5.816395878791809082e-01
6.599792838096618652e-01
6.437851786613464355e-01
7.019844651222229004e-01
6.029026508331298828e-01
5.924026966094970703e-01
5.509303808212280273e-01
7.120071649551391602e-01
5.986289978027343750e-01
6.724916696548461914e-01
6.045013666152954102e-01
6.263687014579772949e-01
5.634163618087768555e-01
5.375205278396606445e-01
5.118384361267089844e-01
4.911091327667236328e-01
5.830265283584594727e-01
5.855728387832641602e-01
4.161366224288940430e-01
4.209882020950317383e-01
4.349703788757324219e-01
6.013162136077880859e-01
3.652105927467346191e-01
5.324735641479492188e-01
5.282272100448608398e-01
4.827356934547424316e-01
5.431890487670898438e-01
5.393221378326416016e-01
5.810313224792480469e-01
7.870407700538635254e-01
8.204370737075805664e-01
7.224927544593811035e-01
5.572799444198608398e-01
5.276091098785400391e-01
4.834994673728942871e-01
7.356868386268615723e-01
6.683608293533325195e-01
5.144424438476562500e-01
6.772074103355407715e-01
5.139725208282470703e-01
6.954862475395202637e-01
7.289706468582153320e-01
7.318385243415832520e-01
7.446858286857604980e-01
8.444113135337829590e-01
6.547331809997558594e-01
7.627223730087280273e-01
6.874889135360717773e-01
6.022795438766479492e-01
6.809782385826110840e-01
7.057547569274902344e-01
6.219156980514526367e-01
6.114975810050964355e-01
6.129445433616638184e-01
7.998183965682983398e-01
7.091887593269348145e-01
7.987995147705078125e-01
1.236379861831665039e+00
1.779780268669128418e+00
1.723658800125122070e+00
1.261613607406616211e+00
1.307809352874755859e+00
1.163987040519714355e+00
4.823293089866638184e-01
7.096204757690429688e-01
7.284722328186035156e-01
8.605450391769409180e-01
8.713291883468627930e-01
8.492802381515502930e-01
1.127701401710510254e+00
9.012919068336486816e-01
5.685105919837951660e-01
7.356752157211303711e-01
9.826318621635437012e-01
1.292749524116516113e+00
6.834213733673095703e-01
6.238270401954650879e-01
6.933879256248474121e-01
6.794549226760864258e-01
7.200394868850708008e-01
7.326533198356628418e-01
6.669218540191650391e-01
8.487925529479980469e-01
7.333705425262451172e-01
9.009858369827270508e-01
5.170816779136657715e-01
8.071882724761962891e-01
5.923132896423339844e-01
5.456463694572448730e-01
6.223081350326538086e-01
5.714308023452758789e-01
6.322113275527954102e-01
7.136685848236083984e-01
1.158474326133728027e+00
9.417839050292968750e-01
7.149213552474975586e-01
5.744656324386596680e-01
6.673512458801269531e-01
4.764022231101989746e-01
9.556874632835388184e-01
1.279392123222351074e+00
5.439093112945556641e-01
4.208629131317138672e-01
7.179175615310668945e-01
1.079277634620666504e+00
1.098859667778015137e+00
1.250258684158325195e+00
7.736434936523437500e-01
6.961286664009094238e-01
5.536614656448364258e-01
5.549685955047607422e-01
5.044088363647460938e-01
6.042320728302001953e-01
7.197202444076538086e-01
5.345386266708374023e-01
6.930845975875854492e-01
5.775749683380126953e-01
8.152649402618408203e-01
7.961500287055969238e-01
7.768895030021667480e-01
1.186367988586425781e+00
1.148678421974182129e+00
6.675116419792175293e-01
4.925991892814636230e-01
7.467358112335205078e-01
7.971083521842956543e-01
9.821606278419494629e-01
1.240100622177124023e+00
9.314700961112976074e-01
6.170974373817443848e-01
4.619295597076416016e-01
4.768883585929870605e-01
6.218382120132446289e-01
4.426270127296447754e-01
7.864692211151123047e-01
5.401307940483093262e-01
6.691788434982299805e-01
4.250078201293945312e-01
4.272418618202209473e-01
5.618211627006530762e-01
5.690646171569824219e-01
6.475254893302917480e-01
5.986297130584716797e-01
4.515421390533447266e-01
4.694143533706665039e-01
9.180753231048583984e-01
1.030615329742431641e+00
9.070383310317993164e-01
4.517552256584167480e-01
4.739852845668792725e-01
8.568995594978332520e-01
7.081010341644287109e-01
6.699370145797729492e-01
4.940674304962158203e-01
5.633351802825927734e-01
6.323325634002685547e-01
5.912536382675170898e-01
7.120548486709594727e-01
5.655203461647033691e-01
5.410739183425903320e-01
5.000915527343750000e-01
6.765905618667602539e-01
9.789448976516723633e-01
9.364896416664123535e-01
6.484968066215515137e-01
5.743435621261596680e-01
5.770708322525024414e-01
5.274704694747924805e-01
6.589398980140686035e-01
6.538445949554443359e-01
6.649897694587707520e-01
6.537163257598876953e-01
6.191029548645019531e-01
6.304295063018798828e-01
4.157916605472564697e-01
5.672939419746398926e-01
7.860926389694213867e-01
7.965456247329711914e-01
1.587644100189208984e+00
2.614668607711791992e+00
9.468564987182617188e-01
8.548577427864074707e-01
8.262208700180053711e-01
1.134973645210266113e+00
1.878789186477661133e+00
1.128478050231933594e+00
8.559919595718383789e-01
6.118422746658325195e-01
8.739706277847290039e-01
1.039075970649719238e+00
1.050735235214233398e+00
7.815335988998413086e-01
5.125304460525512695e-01
7.091054916381835938e-01
8.485791087150573730e-01
7.894747257232666016e-01
6.116880774497985840e-01
7.885237336158752441e-01
6.573908925056457520e-01
6.306328177452087402e-01
5.366117358207702637e-01
6.758618354797363281e-01
1.013502836227416992e+00
6.613211035728454590e-01
3.839902877807617188e-01
9.294778704643249512e-01
1.001156926155090332e+00
6.635417342185974121e-01
5.978604555130004883e-01
4.900544881820678711e-01
8.065987825393676758e-01
6.870207190513610840e-01
7.623973488807678223e-01
1.086384534835815430e+00
1.137204408645629883e+00
9.148879647254943848e-01
5.338422060012817383e-01
5.261539220809936523e-01
5.629515051841735840e-01
7.362477779388427734e-01
5.827515125274658203e-01
5.461322665214538574e-01
5.378648042678833008e-01
7.601071596145629883e-01
5.162243843078613281e-01
6.549870371818542480e-01
6.815899610519409180e-01
8.011503815650939941e-01
7.239547371864318848e-01
5.602189898490905762e-01
4.956806302070617676e-01
4.903634190559387207e-01
7.174193859100341797e-01
7.926689386367797852e-01
5.684499144554138184e-01
4.057899713516235352e-01
7.276726961135864258e-01
6.350052356719970703e-01
4.081493020057678223e-01
3.021886646747589111e-01
5.305631160736083984e-01
6.284402012825012207e-01
6.033082008361816406e-01
6.514255404472351074e-01
6.167630553245544434e-01
7.740938663482666016e-01
6.855509281158447266e-01
9.565551280975341797e-01
6.363677978515625000e-01
6.707717180252075195e-01
6.746910810470581055e-01
9.925185441970825195e-01
7.640967369079589844e-01
6.516932845115661621e-01
6.732556223869323730e-01
6.053403615951538086e-01
8.080468773841857910e-01
7.658277750015258789e-01
6.829982995986938477e-01
7.449111938476562500e-01
1.123101592063903809e+00
1.231523513793945312e+00
8.636271357536315918e-01
3.898092508316040039e-01
4.196853637695312500e-01
4.317708909511566162e-01
5.810084939002990723e-01
6.803333163261413574e-01
9.754219651222229004e-01
9.942115545272827148e-01
1.002202510833740234e+00
7.056974768638610840e-01
5.161952376365661621e-01
6.864310503005981445e-01
6.734703183174133301e-01
8.416371345520019531e-01
6.352287530899047852e-01
4.887557625770568848e-01
5.398695468902587891e-01
6.990836858749389648e-01
1.078088760375976562e+00
1.276540875434875488e+00
1.195132374763488770e+00
1.147997736930847168e+00
8.923825025558471680e-01
8.313118219375610352e-01
5.376768112182617188e-01
7.354371547698974609e-01
8.237450122833251953e-01
9.803290367126464844e-01
9.580386281013488770e-01
7.019909620285034180e-01
6.302917599678039551e-01
5.102767944335937500e-01
7.472953796386718750e-01
4.416581392288208008e-01
4.685675203800201416e-01
6.632953286170959473e-01
6.084903478622436523e-01
6.116729974746704102e-01
5.266941785812377930e-01
4.160865247249603271e-01
5.128067135810852051e-01
4.893205761909484863e-01
5.732663869857788086e-01
7.354146242141723633e-01
4.150554239749908447e-01
6.801673173904418945e-01
6.385631561279296875e-01
6.238400936126708984e-01
8.072245121002197266e-01
7.281234860420227051e-01
4.468933641910552979e-01
7.367378473281860352e-01
8.908782005310058594e-01
1.574685692787170410e+00
1.375498771667480469e+00
5.325389504432678223e-01
7.556904554367065430e-01
1.043622851371765137e+00
1.276334285736083984e+00
7.306762933731079102e-01
4.835419654846191406e-01
6.804634928703308105e-01
7.623751163482666016e-01
9.547733068466186523e-01
8.607208132743835449e-01
5.669856667518615723e-01
6.096506118774414062e-01
5.432292819023132324e-01
4.995182752609252930e-01
8.992561697959899902e-01
1.242079973220825195e+00
1.213494300842285156e+00
5.911837816238403320e-01
4.449308812618255615e-01
8.289970159530639648e-01
7.916002869606018066e-01
5.255191326141357422e-01
6.623487472534179688e-01
5.654333829879760742e-01
7.885320186614990234e-01
6.274625658988952637e-01
5.183014273643493652e-01
4.151554703712463379e-01
5.193454027175903320e-01
6.414200067520141602e-01
5.889883041381835938e-01
6.287966966629028320e-01
7.045724391937255859e-01
9.103108644485473633e-01
7.788861989974975586e-01
6.888141632080078125e-01
5.682129859924316406e-01
6.553665399551391602e-01
6.654242873191833496e-01
4.570064544677734375e-01
5.021466016769409180e-01
5.786764621734619141e-01
5.349931120872497559e-01
4.190543889999389648e-01
5.260965824127197266e-01
6.255743503570556641e-01
1.057381153106689453e+00
1.133269786834716797e+00
8.020346760749816895e-01
7.858923673629760742e-01
1.028188347816467285e+00
1.126007914543151855e+00
1.113184452056884766e+00
9.812743067741394043e-01
5.288764238357543945e-01
5.235970020294189453e-01
5.976767539978027344e-01
6.176610589027404785e-01
5.055200457572937012e-01
5.738651752471923828e-01
8.684827685356140137e-01
4.838335514068603516e-01
6.468877792358398438e-01
9.157688021659851074e-01
7.385833263397216797e-01
5.232500433921813965e-01
5.910531878471374512e-01
4.913746118545532227e-01
4.928011298179626465e-01
4.794507026672363281e-01
5.503299236297607422e-01
6.924145221710205078e-01
5.433710217475891113e-01
6.982486248016357422e-01
9.626542925834655762e-01
1.157010436058044434e+00
7.645285725593566895e-01
4.940801858901977539e-01
6.926839351654052734e-01
6.013269424438476562e-01
7.108928561210632324e-01
8.738365173339843750e-01
7.578464746475219727e-01
8.810852766036987305e-01
7.336505055427551270e-01
8.226181268692016602e-01
9.760969877243041992e-01
9.800993204116821289e-01
8.843154907226562500e-01
6.008143424987792969e-01
5.973563790321350098e-01
6.352404356002807617e-01
6.402220726013183594e-01
7.989616990089416504e-01
1.000829219818115234e+00
1.009613513946533203e+00
1.035748720169067383e+00
7.409940361976623535e-01
2.945875525474548340e-01
5.742899775505065918e-01
7.791242003440856934e-01
7.474133968353271484e-01
9.080457687377929688e-01
6.958038210868835449e-01
8.266622424125671387e-01
5.176466107368469238e-01
5.962425470352172852e-01
6.915759444236755371e-01
6.656742095947265625e-01
6.870371699333190918e-01
6.510944962501525879e-01
6.938523054122924805e-01
4.105868637561798096e-01
3.358665704727172852e-01
6.041911840438842773e-01
5.785455703735351562e-01
4.910851120948791504e-01
4.700144231319427490e-01
5.338127017021179199e-01
5.498766303062438965e-01
4.864030480384826660e-01
4.459415078163146973e-01
4.657187163829803467e-01
4.428046643733978271e-01
4.296329319477081299e-01
3.871609270572662354e-01
5.119171142578125000e-01
4.811850488185882568e-01
4.322714805603027344e-01
4.202147722244262695e-01
5.660784840583801270e-01
4.276507496833801270e-01
6.371307373046875000e-01
1.064293622970581055e+00
1.240420341491699219e+00
1.173405647277832031e+00
1.013392686843872070e+00
7.657422423362731934e-01
6.272581219673156738e-01
6.991857290267944336e-01
5.536720156669616699e-01
5.415333509445190430e-01
5.074526071548461914e-01
7.155426144599914551e-01
8.816121220588684082e-01
6.609778404235839844e-01
7.522654533386230469e-01
7.595956325531005859e-01
7.843448519706726074e-01
5.993357896804809570e-01
5.873073339462280273e-01
5.285316109657287598e-01
7.348548173904418945e-01
9.588171839714050293e-01
1.133753061294555664e+00
8.682340383529663086e-01
5.126456618309020996e-01
4.824821352958679199e-01
4.709027111530303955e-01
5.012747049331665039e-01
5.345473289489746094e-01
5.507884621620178223e-01
6.514623761177062988e-01
6.012032628059387207e-01
6.585423946380615234e-01
5.207289457321166992e-01
8.300576210021972656e-01
9.566102027893066406e-01
1.182937741279602051e+00
1.029875397682189941e+00
8.858579993247985840e-01
5.645192861557006836e-01
5.117517709732055664e-01
7.564660906791687012e-01
5.967190265655517578e-01
7.125582695007324219e-01
3.694645166397094727e-01
7.367089986801147461e-01
5.137614011764526367e-01
6.724833846092224121e-01
5.538297295570373535e-01
5.044517517089843750e-01
4.955557286739349365e-01
7.507376670837402344e-01
1.262766361236572266e+00
1.605346918106079102e+00
8.334625959396362305e-01
7.941830754280090332e-01
8.976498246192932129e-01
8.175847530364990234e-01
9.959539175033569336e-01
1.065976500511169434e+00
1.052163481712341309e+00
9.092448949813842773e-01
6.195518970489501953e-01
6.873952746391296387e-01
7.903734445571899414e-01
6.477258801460266113e-01
5.148102045059204102e-01
4.750524461269378662e-01
4.578093886375427246e-01
5.849913358688354492e-01
6.962628960609436035e-01
6.179025173187255859e-01
5.482327938079833984e-01
7.543608546257019043e-01
8.711693286895751953e-01
9.336118698120117188e-01
7.274872660636901855e-01
5.672129392623901367e-01
5.609215497970581055e-01
6.303412914276123047e-01
7.508116960525512695e-01
6.711940765380859375e-01
4.298958778381347656e-01
5.215992927551269531e-01
6.326097249984741211e-01
4.316442310810089111e-01
5.716242194175720215e-01
1.014127016067504883e+00
1.165618181228637695e+00
5.291604995727539062e-01
5.030851364135742188e-01
4.498544335365295410e-01
3.862473368644714355e-01
5.209828615188598633e-01
5.877166986465454102e-01
7.188398241996765137e-01
7.825069427490234375e-01
8.075830936431884766e-01
6.658337712287902832e-01
6.536665558815002441e-01
6.629236936569213867e-01
7.120292782783508301e-01
5.464895367622375488e-01
7.373781204223632812e-01
6.263864040374755859e-01
5.766589045524597168e-01
5.457348823547363281e-01
6.234065890312194824e-01
5.468940138816833496e-01
6.685191988945007324e-01
7.531386017799377441e-01
8.982206583023071289e-01
6.303229331970214844e-01
2.724610567092895508e-01
7.030557990074157715e-01
1.000618219375610352e+00
2.258695065975189209e-01
1.026579380035400391e+00
2.457585811614990234e+00
1.245563507080078125e+00
4.257748723030090332e-01
8.817415237426757812e-01
1.401019811630249023e+00
1.372588038444519043e+00
7.634024024009704590e-01
5.696787834167480469e-01
6.800771951675415039e-01
7.973016500473022461e-01
4.410725235939025879e-01
4.450439214706420898e-01
5.194158554077148438e-01
7.520577907562255859e-01
5.739593505859375000e-01
5.128580331802368164e-01
5.766934752464294434e-01
4.552749991416931152e-01
4.867050349712371826e-01
4.047785401344299316e-01
4.887389540672302246e-01
6.684296727180480957e-01
8.820429444313049316e-01
6.492769122123718262e-01
6.499685049057006836e-01
5.065594315528869629e-01
6.200356483459472656e-01
7.251118421554565430e-01
7.489330768585205078e-01
5.795628428459167480e-01
7.341003417968750000e-01
4.972160458564758301e-01
5.415213704109191895e-01
5.704890489578247070e-01
6.631244421005249023e-01
1.177021145820617676e+00
2.247922182083129883e+00
2.268635272979736328e+00
4.737722575664520264e-01
6.029776930809020996e-01
6.752201318740844727e-01
1.152649164199829102e+00
8.845577836036682129e-01
7.345418930053710938e-01
6.204618811607360840e-01
6.262422204017639160e-01
5.574853420257568359e-01
7.462978363037109375e-01
8.258854150772094727e-01
7.240564823150634766e-01
8.451883196830749512e-01
4.626245796680450439e-01
5.152670145034790039e-01
4.786025285720825195e-01
4.714433848857879639e-01
5.705438852310180664e-01
3.594644069671630859e-01
6.576783657073974609e-01
6.582864522933959961e-01
7.750293612480163574e-01
6.844412088394165039e-01
5.340741276741027832e-01
5.999225974082946777e-01
6.767311692237854004e-01
8.880691528320312500e-01
4.368667602539062500e-01
4.904583692550659180e-01
4.645019769668579102e-01
3.718989491462707520e-01
5.369564294815063477e-01
4.504969716072082520e-01
3.730750381946563721e-01
5.852290391921997070e-01
6.281529664993286133e-01
6.287881731986999512e-01
5.497829914093017578e-01
6.505275368690490723e-01
8.781369924545288086e-01
8.872971534729003906e-01
1.058189868927001953e+00
7.945865988731384277e-01
3.745993971824645996e-01
3.568177521228790283e-01
5.369125008583068848e-01
5.429758429527282715e-01
6.130776405334472656e-01
5.048550963401794434e-01
4.169079363346099854e-01
4.296778142452239990e-01
4.105702042579650879e-01
7.924329042434692383e-01
4.846214652061462402e-01
7.478213310241699219e-01
9.378471970558166504e-01
6.789894700050354004e-01
4.697902798652648926e-01
5.474261045455932617e-01
4.755706191062927246e-01
5.013385415077209473e-01
7.328645586967468262e-01
6.795387864112854004e-01
5.279033184051513672e-01
4.905168414115905762e-01
6.334458589553833008e-01
9.384760856628417969e-01
7.674925923347473145e-01
9.671936035156250000e-01
6.504881978034973145e-01
1.071299314498901367e+00
1.135431170463562012e+00
1.221162199974060059e+00
6.570158004760742188e-01
6.215295791625976562e-01
6.849404573440551758e-01
7.351170182228088379e-01
5.019537210464477539e-01
5.645619630813598633e-01
7.084391117095947266e-01
5.073530077934265137e-01
4.767808616161346436e-01
4.568974971771240234e-01
6.660749912261962891e-01
9.956982135772705078e-01
9.102598428726196289e-01
7.281931042671203613e-01
6.496552824974060059e-01
3.864015340805053711e-01
4.493243992328643799e-01
6.746248006820678711e-01
5.545696020126342773e-01
4.882056415081024170e-01
6.774861812591552734e-01
4.037573933601379395e-01
4.592002034187316895e-01
3.377384543418884277e-01
6.217762231826782227e-01
5.262840390205383301e-01
7.251604795455932617e-01
4.887017905712127686e-01
6.793192625045776367e-01
9.648314118385314941e-01
1.278806686401367188e+00
1.506412267684936523e+00
1.723108291625976562e+00
1.318173527717590332e+00
1.115470528602600098e+00
1.055521368980407715e+00
7.596562504768371582e-01
6.253254413604736328e-01
7.646241188049316406e-01
6.617060899734497070e-01
6.252298355102539062e-01
4.565674066543579102e-01
5.829920768737792969e-01
5.055605769157409668e-01
6.771628260612487793e-01
6.355313062667846680e-01
7.093406915664672852e-01
5.568606257438659668e-01
4.811168611049652100e-01
8.728822469711303711e-01
6.653700470924377441e-01
6.630377769470214844e-01
4.227892458438873291e-01
5.531872510910034180e-01
5.211360454559326172e-01
7.322365045547485352e-01
5.183770656585693359e-01
6.228626370429992676e-01
7.571120262145996094e-01
5.706839561462402344e-01
3.762113749980926514e-01
7.055152654647827148e-01
8.423469066619873047e-01
4.242777526378631592e-01
4.853274822235107422e-01
5.919036865234375000e-01
5.115026235580444336e-01
3.659574985504150391e-01
5.215395092964172363e-01
7.246817946434020996e-01
6.451206207275390625e-01
6.857641935348510742e-01
7.513134479522705078e-01
9.284755587577819824e-01
6.596490144729614258e-01
4.578117430210113525e-01
4.374340772628784180e-01
5.788307189941406250e-01
6.107250452041625977e-01
5.293729305267333984e-01
6.297107934951782227e-01
4.546027183532714844e-01
4.375662803649902344e-01
4.680194556713104248e-01
5.364857912063598633e-01
4.771453738212585449e-01
3.409901261329650879e-01
4.278090596199035645e-01
5.289884805679321289e-01
5.148234367370605469e-01
4.472783803939819336e-01
4.990434646606445312e-01
6.678205728530883789e-01
5.879142880439758301e-01
5.144832134246826172e-01
5.025818347930908203e-01
3.888338804244995117e-01
3.692260980606079102e-01
4.193537831306457520e-01
5.450724363327026367e-01
4.505343437194824219e-01
5.235933065414428711e-01
5.497635602951049805e-01
4.046662151813507080e-01
4.693045020103454590e-01
4.968771636486053467e-01
9.540688991546630859e-01
1.713122248649597168e+00
1.901037812232971191e+00
2.676071882247924805e+00
4.199521064758300781e+00
1.063956856727600098e+00
7.673278450965881348e-01
9.848903417587280273e-01
8.498545289039611816e-01
1.055581331253051758e+00
8.533577322959899902e-01
9.805725216865539551e-01
8.341217637062072754e-01
4.281182885169982910e-01
7.949671745300292969e-01
1.032319068908691406e+00
7.482199668884277344e-01
8.618834614753723145e-01
6.525936722755432129e-01
5.022633075714111328e-01
9.336188435554504395e-01
1.000650167465209961e+00
1.463738203048706055e+00
1.170982837677001953e+00
4.985071122646331787e-01
5.589178800582885742e-01
6.726304888725280762e-01
1.389156460762023926e+00
1.515537023544311523e+00
1.795726299285888672e+00
1.659240365028381348e+00
3.896110355854034424e-01
5.052489638328552246e-01
5.551211833953857422e-01
6.641340255737304688e-01
5.591775178909301758e-01
5.391359329223632812e-01
5.343313217163085938e-01
8.706325292587280273e-01
6.667534112930297852e-01
3.957881331443786621e-01
4.661544561386108398e-01
4.550337195396423340e-01
5.762549638748168945e-01
6.796625852584838867e-01
4.893101155757904053e-01
5.295913219451904297e-01
5.779016613960266113e-01
5.518974661827087402e-01
5.188899636268615723e-01
3.452873229980468750e-01
5.340694189071655273e-01
5.104365348815917969e-01
8.437377810478210449e-01
7.948556542396545410e-01
3.663010001182556152e-01
4.588025808334350586e-01
5.266932249069213867e-01
3.138858377933502197e-01
5.645413994789123535e-01
7.671854496002197266e-01
4.477957487106323242e-01
5.616485476493835449e-01
4.772593975067138672e-01
4.781035184860229492e-01
4.314531981945037842e-01
4.850371479988098145e-01
3.461770415306091309e-01
4.329059123992919922e-01
5.824296474456787109e-01
3.708359301090240479e-01
4.547874927520751953e-01
7.328659892082214355e-01
6.429255604743957520e-01
4.993890821933746338e-01
3.367679417133331299e-01
3.332981467247009277e-01
5.910081863403320312e-01
2.958124279975891113e-01
4.720850288867950439e-01
5.569034814834594727e-01
4.573190808296203613e-01
4.250452816486358643e-01
3.634964525699615479e-01
5.996821522712707520e-01
5.150037407875061035e-01
3.174086809158325195e-01
3.391753435134887695e-01
5.584278106689453125e-01
9.875658750534057617e-01
9.138018488883972168e-01
1.145518064498901367e+00
1.335754990577697754e+00
8.610715270042419434e-01
2.857848405838012695e-01
6.175234913825988770e-01
5.504549741744995117e-01
6.261805295944213867e-01
5.048816800117492676e-01
6.649942398071289062e-01
8.909001946449279785e-01
1.045219421386718750e+00
8.501977324485778809e-01
8.355733156204223633e-01
4.729279577732086182e-01
4.726446270942687988e-01
3.896000385284423828e-01
3.723857998847961426e-01
6.607320308685302734e-01
7.465025186538696289e-01
7.175905108451843262e-01
8.654983043670654297e-01
7.481009364128112793e-01
4.564378857612609863e-01
3.536651134490966797e-01
4.657563567161560059e-01
4.315590858459472656e-01
4.554130434989929199e-01
5.515657067298889160e-01
5.070319175720214844e-01
5.480028986930847168e-01
4.016232788562774658e-01
9.657353758811950684e-01
1.159817337989807129e+00
9.983321428298950195e-01
1.044534325599670410e+00
8.649206757545471191e-01
6.093579530715942383e-01
5.569669008255004883e-01
4.312576651573181152e-01
3.940315544605255127e-01
5.542861223220825195e-01
6.288466453552246094e-01
7.648873925209045410e-01
8.202349543571472168e-01
7.768511772155761719e-01
4.379578232765197754e-01
4.365214109420776367e-01
5.604065656661987305e-01
6.138864755630493164e-01
5.025613307952880859e-01
4.921282827854156494e-01
3.645701408386230469e-01
4.029362797737121582e-01
3.937113285064697266e-01
4.548228681087493896e-01
5.906217694282531738e-01
1.050042271614074707e+00
1.758063435554504395e+00
1.454866766929626465e+00
4.004100263118743896e-01
5.538772344589233398e-01
6.119089126586914062e-01
6.068482398986816406e-01
7.322987914085388184e-01
4.933689236640930176e-01
5.432679057121276855e-01
5.849707126617431641e-01
4.331584572792053223e-01
3.780124783515930176e-01
4.854600131511688232e-01
4.562697410583496094e-01
4.361959397792816162e-01
4.949874877929687500e-01
5.175217986106872559e-01
3.656226694583892822e-01
3.717845678329467773e-01
3.228416144847869873e-01
3.030316829681396484e-01
3.907808065414428711e-01
3.648523092269897461e-01
5.352424383163452148e-01
4.848185181617736816e-01
4.863712787628173828e-01
4.445487856864929199e-01
2.765327692031860352e-01
6.063757538795471191e-01
1.691939353942871094e+00
1.836512804031372070e+00
1.415067434310913086e+00
3.111896276473999023e+00
3.652490854263305664e+00
1.813395738601684570e+00
1.830638408660888672e+00
1.169805645942687988e+00
9.221557974815368652e-01
7.843501567840576172e-01
1.006777524948120117e+00
1.024502873420715332e+00
1.299131870269775391e+00
1.406336903572082520e+00
8.178952336311340332e-01
5.992161035537719727e-01
4.741522073745727539e-01
6.250979900360107422e-01
6.378761529922485352e-01
5.201402306556701660e-01
5.913348793983459473e-01
4.814895391464233398e-01
7.716320753097534180e-01
1.014242649078369141e+00
6.190493106842041016e-01
4.815775752067565918e-01
4.922427535057067871e-01
6.255419850349426270e-01
7.903470396995544434e-01
5.561227798461914062e-01
4.955611824989318848e-01
3.440985679626464844e-01
6.351637840270996094e-01
4.961376190185546875e-01
5.541360378265380859e-01
4.404613375663757324e-01
4.852416515350341797e-01
5.871556997299194336e-01
5.464470982551574707e-01
4.485498070716857910e-01
2.970246970653533936e-01
3.062199056148529053e-01
4.191242456436157227e-01
4.065681993961334229e-01
4.719558954238891602e-01
4.387357831001281738e-01
5.233091115951538086e-01
5.358502864837646484e-01
5.076718330383300781e-01
6.461054682731628418e-01
5.089441537857055664e-01
3.311098515987396240e-01
4.088958501815795898e-01
5.153840184211730957e-01
8.814945816993713379e-01
1.175872683525085449e+00
1.356893658638000488e+00
7.575480341911315918e-01
2.858945131301879883e-01
4.187090694904327393e-01
4.263085424900054932e-01
4.557084739208221436e-01
5.476102232933044434e-01
6.444928646087646484e-01
4.868600070476531982e-01
9.940196871757507324e-01
8.205466270446777344e-01
6.979805231094360352e-01
6.042562723159790039e-01
2.889086604118347168e-01
3.857296109199523926e-01
3.357839584350585938e-01
2.879090309143066406e-01
4.766010940074920654e-01
7.629866600036621094e-01
1.062670230865478516e+00
1.419979333877563477e+00
1.104276180267333984e+00
7.954728007316589355e-01
5.656715631484985352e-01
3.537597060203552246e-01
3.303762376308441162e-01
4.278930425643920898e-01
4.687640964984893799e-01
5.003489255905151367e-01
3.851130604743957520e-01
3.547828793525695801e-01
5.314798951148986816e-01
4.520037472248077393e-01
5.013483762741088867e-01
6.219760179519653320e-01
7.138953804969787598e-01
6.174758672714233398e-01
3.839047849178314209e-01
3.788289427757263184e-01
3.833443820476531982e-01
4.691385924816131592e-01
4.138956069946289062e-01
4.125534296035766602e-01
4.550061821937561035e-01
5.320591330528259277e-01
3.965647816658020020e-01
5.199028253555297852e-01
4.300903081893920898e-01
3.560171127319335938e-01
3.922808766365051270e-01
3.026714920997619629e-01
6.615867018699645996e-01
4.700243473052978516e-01
3.566505312919616699e-01
4.055010974407196045e-01
6.166276335716247559e-01
5.089997649192810059e-01
8.471698164939880371e-01
1.371220231056213379e+00
1.331033706665039062e+00
6.465560793876647949e-01
6.758977770805358887e-01
1.075212597846984863e+00
1.059694528579711914e+00
1.444304466247558594e+00
1.314872860908508301e+00
1.238708734512329102e+00
5.774129033088684082e-01
4.717900156974792480e-01
5.803784728050231934e-01
7.016011476516723633e-01
7.509338855743408203e-01
8.539932966232299805e-01
6.853282451629638672e-01
3.069471120834350586e-01
9.396111965179443359e-01
5.391141176223754883e-01
4.371150135993957520e-01
4.498925209045410156e-01
4.153136909008026123e-01
4.451966881752014160e-01
4.589975476264953613e-01
4.058480858802795410e-01
6.480499505996704102e-01
4.336632490158081055e-01
5.261229276657104492e-01
5.179821252822875977e-01
4.482027292251586914e-01
4.030071496963500977e-01
2.644397020339965820e-01
3.071709871292114258e-01
3.731754720211029053e-01
4.197660684585571289e-01
3.702847063541412354e-01
6.306488513946533203e-01
4.954150915145874023e-01
4.643241763114929199e-01
3.113810420036315918e-01
5.106860399246215820e-01
6.447298526763916016e-01
3.740967512130737305e-01
4.725320935249328613e-01
3.166616857051849365e-01
1.885019987821578979e-01
2.985041737556457520e-01
4.379880130290985107e-01
7.850406169891357422e-01
1.147768735885620117e+00
1.495345830917358398e+00
7.785251736640930176e-01
4.386873841285705566e-01
5.776256322860717773e-01
9.855042099952697754e-01
7.307476997375488281e-01
5.480696558952331543e-01
4.953323602676391602e-01
6.310856938362121582e-01
3.374555706977844238e-01
7.325098514556884766e-01
1.068417072296142578e+00
6.181032061576843262e-01
4.661364555358886719e-01
2.419174462556838989e-01
3.414588570594787598e-01
3.445630371570587158e-01
3.443289101123809814e-01
5.097746849060058594e-01
4.693930149078369141e-01
7.293810248374938965e-01
8.664226531982421875e-01
1.022987484931945801e+00
4.331864118576049805e-01
4.471049308776855469e-01
4.168026447296142578e-01
4.809370338916778564e-01
6.268675923347473145e-01
3.764315247535705566e-01
5.810631513595581055e-01
6.107817888259887695e-01
7.538411617279052734e-01
7.928715944290161133e-01
6.087073087692260742e-01
3.865133821964263916e-01
3.795578479766845703e-01
3.598570227622985840e-01
5.197535753250122070e-01
4.708586335182189941e-01
6.823647022247314453e-01
4.991884827613830566e-01
5.449198484420776367e-01
3.902889192104339600e-01
4.162817299365997314e-01
3.513795733451843262e-01
4.763935208320617676e-01
3.491477370262145996e-01
4.398735761642456055e-01
4.854488968849182129e-01
7.548374533653259277e-01
5.483760237693786621e-01
5.290333032608032227e-01
7.674029469490051270e-01
9.303311109542846680e-01
1.105608463287353516e+00
1.836678028106689453e+00
1.988161802291870117e+00
8.539792895317077637e-01
5.398859381675720215e-01
8.244296312332153320e-01
6.685195565223693848e-01
5.282116532325744629e-01
1.063272118568420410e+00
1.002780199050903320e+00
1.076096296310424805e+00
1.039662122726440430e+00
1.040717840194702148e+00
7.977772355079650879e-01
6.562058329582214355e-01
7.333936691284179688e-01
6.544501185417175293e-01
6.514609456062316895e-01
5.762242078781127930e-01
5.812178850173950195e-01
4.965908527374267578e-01
5.913401246070861816e-01
6.127993464469909668e-01
5.395433902740478516e-01
3.798191547393798828e-01
3.627300858497619629e-01
4.021360576152801514e-01
8.319351673126220703e-01
7.397896051406860352e-01
6.665109395980834961e-01
4.489563703536987305e-01
2.368997633457183838e-01
4.150803983211517334e-01
6.037360429763793945e-01
6.025467514991760254e-01
4.519084692001342773e-01
4.056395292282104492e-01
3.925519883632659912e-01
4.097974300384521484e-01
4.430504441261291504e-01
4.085493683815002441e-01
3.429768979549407959e-01
3.611329495906829834e-01
4.853730797767639160e-01
4.863554239273071289e-01
4.498376250267028809e-01
3.739707767963409424e-01
3.500764071941375732e-01
3.381985425949096680e-01
4.450951814651489258e-01
3.884344696998596191e-01
6.369792819023132324e-01
5.655968189239501953e-01
5.144275426864624023e-01
3.584383726119995117e-01
3.477134108543395996e-01
3.921114206314086914e-01
4.318279922008514404e-01
2.821470499038696289e-01
3.885962963104248047e-01
4.648731648921966553e-01
9.327435493469238281e-01
6.756730079650878906e-01
3.048033118247985840e-01
3.333320617675781250e-01
3.544968962669372559e-01
3.203754425048828125e-01
4.177613854408264160e-01
7.010929584503173828e-01
4.893445372581481934e-01
5.342317819595336914e-01
4.615095555782318115e-01
3.585577607154846191e-01
4.692009687423706055e-01
4.010044336318969727e-01
2.937798500061035156e-01
3.662695288658142090e-01
3.963685333728790283e-01
4.073282480239868164e-01
3.755434453487396240e-01
4.504215419292449951e-01
4.953095316886901855e-01
5.750542283058166504e-01
9.273529052734375000e-01
1.291806697845458984e+00
1.143599033355712891e+00
1.091901183128356934e+00
1.159150123596191406e+00
8.381688594818115234e-01
7.036902904510498047e-01
6.970145702362060547e-01
8.264850378036499023e-01
1.668428301811218262e+00
2.564464092254638672e+00
1.486838936805725098e+00
1.363173842430114746e+00
1.477920651435852051e+00
1.503162264823913574e+00
6.578792333602905273e-01
7.131962776184082031e-01
7.600626349449157715e-01
1.106346130371093750e+00
1.142358183860778809e+00
9.591838717460632324e-01
8.471415042877197266e-01
1.037504315376281738e+00
1.265834450721740723e+00
1.025270938873291016e+00
6.851423978805541992e-01
7.083255052566528320e-01
7.898015975952148438e-01
9.702028036117553711e-01
1.274148464202880859e+00
9.389384984970092773e-01
7.657151222229003906e-01
4.596201181411743164e-01
4.870894551277160645e-01
5.732356309890747070e-01
5.177942514419555664e-01
6.520094871520996094e-01
6.871601939201354980e-01
5.558994412422180176e-01
4.355503618717193604e-01
5.069180727005004883e-01
8.231703042984008789e-01
8.514207601547241211e-01
5.767436027526855469e-01
4.763690233230590820e-01
4.152423739433288574e-01
6.352202892303466797e-01
5.260870456695556641e-01
4.520140588283538818e-01
4.869438111782073975e-01
4.574967920780181885e-01
4.893343746662139893e-01
5.010143518447875977e-01
3.213158845901489258e-01
6.017683744430541992e-01
7.792862057685852051e-01
4.489425122737884521e-01
4.250282943248748779e-01
4.110093414783477783e-01
3.415316343307495117e-01
4.096620082855224609e-01
6.678099632263183594e-01
3.229289054870605469e-01
3.260627090930938721e-01
3.558949232101440430e-01
2.735870778560638428e-01
3.463332056999206543e-01
4.418892860412597656e-01
2.935095727443695068e-01
4.381986260414123535e-01
2.930154204368591309e-01
2.662681937217712402e-01
3.912050426006317139e-01
3.788611292839050293e-01
2.891721129417419434e-01
4.425279200077056885e-01
9.444378018379211426e-01
5.611126422882080078e-01
3.779612183570861816e-01
3.106412291526794434e-01
3.081085681915283203e-01
3.532022237777709961e-01
4.608346819877624512e-01
3.764344453811645508e-01
5.140102505683898926e-01
5.167819857597351074e-01
4.717401564121246338e-01
4.465331435203552246e-01
6.026589274406433105e-01
3.384445607662200928e-01
3.646647930145263672e-01
4.753772020339965820e-01
4.861382544040679932e-01
5.192449688911437988e-01
4.911019802093505859e-01
4.683576524257659912e-01
6.929774880409240723e-01
6.491321325302124023e-01
6.072128415107727051e-01
3.945946097373962402e-01
7.042011618614196777e-01
3.504447937011718750e-01
7.372928261756896973e-01
6.205953359603881836e-01
4.688332676887512207e-01
3.296080529689788818e-01
2.355813533067703247e-01
2.980257570743560791e-01
4.150193929672241211e-01
4.730190634727478027e-01
3.167318105697631836e-01
5.161090493202209473e-01
4.289823174476623535e-01
3.368293941020965576e-01
2.692342996597290039e-01
4.162668585777282715e-01
4.191038310527801514e-01
2.898724377155303955e-01
2.581131458282470703e-01
3.598442971706390381e-01
4.079081416130065918e-01
4.677500724792480469e-01
4.850879609584808350e-01
2.994036674499511719e-01
2.237333506345748901e-01
1.852959096431732178e-01
2.931393682956695557e-01
3.807689547538757324e-01
3.347555398941040039e-01
4.689964652061462402e-01
4.586941003799438477e-01
3.269292414188385010e-01
3.650097250938415527e-01
3.364594280719757080e-01
2.899541556835174561e-01
3.316851854324340820e-01
3.365985751152038574e-01
3.305764794349670410e-01
4.510207474231719971e-01
2.527803778648376465e-01
3.301612436771392822e-01
3.278332650661468506e-01
3.567289113998413086e-01
4.108141064643859863e-01
3.275375366210937500e-01
3.607094287872314453e-01
3.333690762519836426e-01
2.373367846012115479e-01
4.055102467536926270e-01
3.007667660713195801e-01
3.235803842544555664e-01
3.281918764114379883e-01
3.577292859554290771e-01
4.253004491329193115e-01
3.451414108276367188e-01
3.142180442810058594e-01
5.016972422599792480e-01
3.779971301555633545e-01
2.786561548709869385e-01
3.074197471141815186e-01
2.195741087198257446e-01
3.010534644126892090e-01
2.553704977035522461e-01
3.519821763038635254e-01
2.797894179821014404e-01
2.703887224197387695e-01
3.753163814544677734e-01
