5.515344142913818359e+00
7.705866813659667969e+00
8.782280921936035156e+00
7.560071945190429688e+00
1.061088562011718750e+01
7.661473274230957031e+00
1.299310016632080078e+01
9.527389526367187500e+00
1.380802726745605469e+01
1.032311439514160156e+01
1.533186817169189453e+01
1.191596794128417969e+01
1.449786186218261719e+01
1.043531417846679688e+01
1.765105628967285156e+01
1.453460025787353516e+01
7.203037738800048828e+00
2.147166824340820312e+01
2.276871681213378906e+01
1.554919147491455078e+01
5.673600196838378906e+00
2.152338027954101562e+01
2.426136207580566406e+01
1.917552185058593750e+01
8.971530914306640625e+00
2.232608032226562500e+01
2.458871078491210938e+01
1.959553527832031250e+01
9.624835968017578125e+00
2.434588050842285156e+01
2.652390289306640625e+01
2.173926925659179688e+01
1.255092620849609375e+01
5.104315757751464844e+00
2.488932800292968750e+01
2.754636383056640625e+01
2.549225807189941406e+01
1.928899192810058594e+01
1.109194183349609375e+01
4.568885803222656250e+00
1.882157135009765625e+01
1.943555068969726562e+01
1.319194030761718750e+01
1.104206275939941406e+01
1.026369857788085938e+01
1.079366970062255859e+01
8.135768890380859375e+00
1.760382080078125000e+01
1.018422889709472656e+01
1.054597091674804688e+01
7.140933036804199219e+00
6.592443943023681641e+00
4.354146003723144531e+00
1.018836021423339844e+01
5.882668495178222656e+00
3.923523664474487305e+00
8.094865798950195312e+00
3.860166072845458984e+00
6.546139240264892578e+00
5.687687873840332031e+00
4.351918220520019531e+00
7.311703681945800781e+00
1.961089968681335449e+00
7.921900749206542969e+00
4.282541275024414062e+00
2.076572895050048828e+00
5.046057701110839844e+00
4.126310348510742188e+00
2.891053676605224609e+00
4.577727317810058594e+00
4.208429336547851562e+00
3.268341541290283203e+00
5.042355060577392578e+00
3.041208744049072266e+00
6.479717254638671875e+00
2.526449203491210938e+00
4.995987892150878906e+00
3.588038206100463867e+00
3.533846855163574219e+00
5.170618534088134766e+00
2.054941654205322266e+00
6.530488967895507812e+00
2.361320734024047852e+00
4.242731571197509766e+00
3.768179893493652344e+00
2.729206800460815430e+00
4.167299270629882812e+00
2.160669088363647461e+00
2.645954370498657227e+00
3.760592937469482422e+00
3.278106451034545898e+00
2.766924858093261719e+00
3.723985671997070312e+00
2.398081541061401367e+00
5.659334659576416016e+00
2.007528781890869141e+00
5.524053573608398438e+00
3.244667768478393555e+00
2.636556386947631836e+00
3.699428319931030273e+00
2.581340551376342773e+00
3.173928260803222656e+00
3.022472381591796875e+00
4.249766349792480469e+00
2.826040744781494141e+00
4.305538177490234375e+00
2.819749355316162109e+00
3.985595226287841797e+00
3.524287223815917969e+00
2.909023761749267578e+00
4.206631660461425781e+00
2.480456829071044922e+00
5.761770725250244141e+00
3.700444698333740234e+00
2.996006011962890625e+00
4.946823120117187500e+00
3.922276496887207031e+00
3.471574306488037109e+00
5.305254936218261719e+00
3.069065809249877930e+00
5.239545345306396484e+00
4.269620418548583984e+00
4.371203422546386719e+00
4.956095695495605469e+00
2.268276453018188477e+00
8.327495574951171875e+00
4.984938621520996094e+00
1.886827468872070312e+00
6.295778751373291016e+00
4.170792579650878906e+00
2.766057014465332031e+00
5.813071250915527344e+00
4.769466400146484375e+00
4.730387687683105469e+00
6.262648582458496094e+00
3.997052192687988281e+00
5.881475448608398438e+00
4.067428112030029297e+00
4.224366188049316406e+00
5.295954704284667969e+00
4.385045051574707031e+00
4.875215530395507812e+00
5.400191307067871094e+00
2.806855440139770508e+00
7.840226650238037109e+00
2.326014518737792969e+00
9.329650878906250000e+00
7.433551788330078125e+00
3.516848564147949219e+00
4.198613643646240234e+00
4.790419578552246094e+00
4.135760784149169922e+00
3.904550075531005859e+00
4.595141887664794922e+00
4.539839744567871094e+00
4.565382957458496094e+00
7.355383396148681641e+00
4.179755687713623047e+00
8.622108459472656250e+00
7.040460586547851562e+00
3.931342124938964844e+00
8.369982719421386719e+00
6.202562332153320312e+00
3.163962125778198242e+00
9.468179702758789062e+00
6.261609077453613281e+00
3.096970319747924805e+00
6.788165092468261719e+00
6.910216808319091797e+00
4.847557544708251953e+00
4.631620407104492188e+00
6.242242813110351562e+00
4.699956417083740234e+00
3.608692646026611328e+00
7.746585369110107422e+00
5.229692459106445312e+00
5.566877365112304688e+00
5.917428016662597656e+00
5.612659454345703125e+00
6.476745128631591797e+00
6.673291206359863281e+00
5.413982868194580078e+00
9.172485351562500000e+00
6.932692050933837891e+00
6.562683105468750000e+00
1.015943336486816406e+01
5.725909233093261719e+00
1.334682178497314453e+01
9.371516227722167969e+00
4.839783191680908203e+00
5.204950332641601562e+00
6.728214740753173828e+00
6.000745773315429688e+00
4.743339538574218750e+00
5.430701732635498047e+00
4.593412876129150391e+00
4.895522117614746094e+00
5.187117576599121094e+00
4.843245506286621094e+00
5.682857513427734375e+00
4.678542137145996094e+00
4.486078739166259766e+00
5.737469196319580078e+00
4.862597942352294922e+00
4.728025913238525391e+00
7.034315109252929688e+00
4.903530120849609375e+00
9.458887100219726562e+00
4.353113174438476562e+00
7.426800251007080078e+00
4.943190574645996094e+00
4.832500457763671875e+00
5.888982295989990234e+00
4.460722446441650391e+00
5.512183189392089844e+00
5.380486488342285156e+00
6.499513626098632812e+00
4.988848686218261719e+00
1.006870460510253906e+01
5.448173999786376953e+00
5.499656200408935547e+00
6.147552490234375000e+00
5.088596820831298828e+00
5.336719036102294922e+00
5.302178382873535156e+00
5.083234310150146484e+00
6.151526927947998047e+00
3.645344257354736328e+00
7.029076576232910156e+00
2.329705238342285156e+00
4.444732666015625000e+00
5.278367042541503906e+00
3.932179689407348633e+00
3.567819833755493164e+00
5.986683845520019531e+00
3.639220237731933594e+00
5.694128036499023438e+00
3.438356399536132812e+00
4.528984546661376953e+00
4.045550346374511719e+00
3.225083827972412109e+00
4.749241352081298828e+00
2.229357481002807617e+00
6.628188610076904297e+00
3.447717666625976562e+00
2.920970201492309570e+00
4.529169082641601562e+00
2.410639047622680664e+00
3.089478969573974609e+00
3.580380916595458984e+00
1.531418085098266602e+00
5.866828918457031250e+00
2.832042932510375977e+00
2.952554702758789062e+00
4.608180046081542969e+00
3.063180446624755859e+00
3.800070285797119141e+00
2.867451429367065430e+00
3.714567661285400391e+00
2.623467922210693359e+00
3.949948549270629883e+00
2.405045032501220703e+00
4.251328468322753906e+00
2.456924438476562500e+00
3.105323791503906250e+00
3.839071035385131836e+00
2.960257768630981445e+00
3.657034397125244141e+00
2.647980213165283203e+00
4.509281158447265625e+00
2.255462408065795898e+00
4.909596443176269531e+00
2.535051345825195312e+00
3.528989315032958984e+00
2.505510807037353516e+00
3.089691638946533203e+00
3.272177934646606445e+00
2.409378290176391602e+00
3.435153484344482422e+00
2.653364658355712891e+00
4.566181182861328125e+00
2.222178936004638672e+00
3.924710273742675781e+00
3.397747039794921875e+00
3.512968540191650391e+00
3.012969493865966797e+00
3.444672584533691406e+00
2.911473989486694336e+00
4.424704074859619141e+00
2.086122035980224609e+00
4.928299903869628906e+00
1.217008590698242188e+00
3.037950038909912109e+00
3.402564287185668945e+00
1.458533763885498047e+00
2.729007720947265625e+00
2.269658327102661133e+00
1.524882912635803223e+00
2.676508903503417969e+00
1.654980182647705078e+00
2.272312402725219727e+00
2.469350814819335938e+00
1.944569826126098633e+00
2.218376398086547852e+00
2.490256309509277344e+00
2.247331857681274414e+00
2.636860370635986328e+00
2.142419338226318359e+00
2.489939689636230469e+00
2.126984834671020508e+00
2.928180456161499023e+00
3.111487388610839844e+00
2.725348472595214844e+00
3.502256393432617188e+00
3.509078502655029297e+00
2.856051445007324219e+00
4.764688491821289062e+00
3.083951950073242188e+00
5.414236545562744141e+00
3.206655025482177734e+00
4.666767120361328125e+00
3.320132255554199219e+00
5.794668197631835938e+00
3.425190448760986328e+00
4.772826194763183594e+00
4.515777111053466797e+00
5.142032623291015625e+00
2.307651042938232422e+00
6.980675697326660156e+00
3.830667972564697266e+00
2.947997331619262695e+00
5.166283130645751953e+00
2.218202590942382812e+00
4.190316200256347656e+00
2.874999046325683594e+00
4.759363174438476562e+00
2.127807378768920898e+00
5.444374084472656250e+00
2.872933864593505859e+00
5.227852821350097656e+00
3.344672203063964844e+00
4.725282669067382812e+00
4.032667160034179688e+00
3.781311511993408203e+00
3.328875541687011719e+00
4.541426658630371094e+00
1.572560548782348633e+00
5.672829627990722656e+00
2.281560897827148438e+00
3.916539192199707031e+00
3.609795570373535156e+00
2.805144309997558594e+00
3.810007572174072266e+00
3.098768711090087891e+00
5.478279590606689453e+00
1.682934761047363281e+00
7.134252548217773438e+00
2.149830579757690430e+00
6.103097438812255859e+00
2.764394283294677734e+00
1.999788403511047363e+00
3.276190042495727539e+00
2.562243938446044922e+00
2.786251068115234375e+00
3.244704008102416992e+00
2.487658977508544922e+00
3.250762224197387695e+00
2.774440765380859375e+00
2.643812417984008789e+00
3.706021547317504883e+00
2.279729366302490234e+00
4.276032924652099609e+00
2.336110353469848633e+00
3.583939790725708008e+00
3.302421331405639648e+00
3.494782209396362305e+00
2.746865749359130859e+00
4.552285671234130859e+00
1.950400710105895996e+00
4.781130313873291016e+00
4.548611164093017578e+00
2.914646863937377930e+00
4.309201240539550781e+00
3.936203956604003906e+00
3.472845554351806641e+00
3.777345180511474609e+00
3.547701358795166016e+00
4.272053718566894531e+00
3.418849945068359375e+00
4.874077796936035156e+00
2.734870433807373047e+00
5.413520812988281250e+00
2.805685043334960938e+00
5.140740871429443359e+00
3.105410337448120117e+00
5.010816097259521484e+00
2.229499816894531250e+00
5.528551578521728516e+00
2.681935548782348633e+00
4.989265441894531250e+00
3.162916660308837891e+00
3.962378978729248047e+00
3.119745016098022461e+00
3.730524063110351562e+00
3.205325841903686523e+00
4.532819747924804688e+00
2.592262983322143555e+00
5.348521232604980469e+00
3.755469560623168945e+00
3.460563182830810547e+00
4.827793598175048828e+00
2.730821371078491211e+00
6.885323047637939453e+00
1.902854919433593750e+00
4.320270538330078125e+00
4.243816375732421875e+00
2.926881790161132812e+00
3.768690109252929688e+00
3.521410703659057617e+00
3.548074007034301758e+00
2.760023117065429688e+00
4.159912586212158203e+00
2.888583183288574219e+00
4.554091453552246094e+00
2.815434694290161133e+00
4.185502052307128906e+00
3.205658912658691406e+00
3.284966468811035156e+00
4.432216644287109375e+00
2.151798009872436523e+00
5.645044326782226562e+00
1.904512405395507812e+00
4.116556167602539062e+00
1.162904977798461914e+00
5.418203830718994141e+00
1.671571850776672363e+00
2.588884830474853516e+00
3.407754421234130859e+00
1.990865707397460938e+00
2.525037288665771484e+00
3.035241842269897461e+00
1.365777850151062012e+00
4.425552368164062500e+00
2.053455591201782227e+00
2.902635335922241211e+00
3.476627588272094727e+00
2.241792201995849609e+00
4.220289230346679688e+00
2.602079391479492188e+00
4.600566864013671875e+00
3.218267917633056641e+00
2.287935256958007812e+00
4.793200492858886719e+00
2.577413558959960938e+00
4.872481346130371094e+00
2.985655784606933594e+00
3.270007610321044922e+00
4.365407466888427734e+00
2.177155017852783203e+00
4.063714981079101562e+00
2.576360940933227539e+00
3.666086196899414062e+00
2.857393264770507812e+00
3.127141475677490234e+00
3.281730890274047852e+00
3.860816955566406250e+00
2.725237131118774414e+00
6.013329505920410156e+00
3.412880897521972656e-01
9.389015197753906250e+00
3.580646514892578125e+00
2.911218166351318359e+00
4.808570861816406250e+00
2.358415603637695312e+00
4.106036663055419922e+00
2.878312110900878906e+00
2.890441894531250000e+00
3.669678211212158203e+00
2.778104305267333984e+00
3.548085689544677734e+00
3.327169418334960938e+00
3.931568622589111328e+00
3.604072093963623047e+00
3.453126907348632812e+00
2.779681205749511719e+00
4.360222816467285156e+00
2.408580780029296875e+00
4.122068881988525391e+00
3.680226564407348633e+00
2.790952205657958984e+00
3.739462137222290039e+00
2.451066017150878906e+00
3.911701679229736328e+00
2.838631629943847656e+00
4.525736808776855469e+00
2.788180351257324219e+00
3.781513929367065430e+00
4.617751121520996094e+00
3.306061744689941406e+00
5.907302856445312500e+00
2.434236049652099609e+00
5.063611030578613281e+00
4.013743877410888672e+00
4.366649627685546875e+00
4.596450805664062500e+00
3.816398859024047852e+00
5.351604461669921875e+00
3.083345174789428711e+00
4.470014095306396484e+00
4.280971527099609375e+00
2.688341140747070312e+00
5.996201038360595703e+00
1.668433308601379395e+00
7.770556449890136719e+00
3.985088825225830078e+00
3.189315319061279297e+00
5.559052467346191406e+00
2.696858406066894531e+00
4.669656753540039062e+00
3.628588438034057617e+00
4.022166728973388672e+00
3.139887809753417969e+00
5.417070865631103516e+00
3.856766223907470703e+00
3.670875549316406250e+00
5.877135276794433594e+00
2.575686931610107422e+00
5.007514953613281250e+00
3.335106372833251953e+00
2.965096235275268555e+00
4.571480274200439453e+00
2.646847486495971680e+00
3.811905145645141602e+00
2.598754882812500000e+00
4.358166694641113281e+00
2.868561744689941406e+00
4.763293266296386719e+00
2.592338562011718750e+00
4.937810897827148438e+00
2.669769048690795898e+00
4.995250701904296875e+00
2.694753885269165039e+00
4.354291439056396484e+00
4.121527194976806641e+00
3.778952121734619141e+00
3.511877059936523438e+00
5.764451980590820312e+00
2.131231784820556641e+00
4.497119426727294922e+00
4.005423545837402344e+00
3.969607830047607422e+00
3.435555458068847656e+00
4.363698005676269531e+00
4.412006378173828125e+00
2.897324562072753906e+00
6.452927589416503906e+00
3.019267320632934570e+00
4.947036743164062500e+00
3.289449214935302734e+00
3.739100456237792969e+00
3.744013547897338867e+00
4.293970108032226562e+00
3.392907619476318359e+00
5.325552463531494141e+00
2.391360044479370117e+00
5.655189514160156250e+00
3.094499588012695312e+00
5.975719451904296875e+00
1.867720007896423340e+00
6.247792243957519531e+00
3.131981849670410156e+00
3.308513641357421875e+00
5.308588981628417969e+00
2.581124544143676758e+00
5.244490146636962891e+00
4.006936073303222656e+00
3.332169532775878906e+00
5.354834556579589844e+00
2.654211044311523438e+00
5.786140441894531250e+00
2.841807842254638672e+00
5.363245964050292969e+00
3.476269960403442383e+00
2.785726547241210938e+00
5.790126800537109375e+00
2.815229892730712891e+00
5.140899658203125000e+00
3.952178955078125000e+00
3.680530786514282227e+00
4.548263549804687500e+00
3.870024442672729492e+00
4.692434310913085938e+00
4.279869556427001953e+00
4.347532272338867188e+00
6.332976341247558594e+00
2.000799894332885742e+00
7.704792976379394531e+00
4.998741626739501953e+00
2.644743919372558594e+00
5.713657855987548828e+00
3.552788734436035156e+00
4.096527099609375000e+00
4.352761268615722656e+00
3.233035326004028320e+00
4.677539825439453125e+00
2.616825580596923828e+00
5.304713249206542969e+00
3.320919513702392578e+00
3.968431472778320312e+00
4.124247550964355469e+00
3.693586349487304688e+00
3.543156862258911133e+00
3.538830995559692383e+00
3.825534582138061523e+00
3.285100460052490234e+00
5.101930141448974609e+00
2.565174102783203125e+00
5.843535423278808594e+00
2.519979953765869141e+00
5.379593849182128906e+00
2.957920551300048828e+00
4.731967926025390625e+00
3.819840431213378906e+00
3.883636236190795898e+00
3.440018415451049805e+00
5.677883625030517578e+00
2.157335758209228516e+00
8.025033950805664062e+00
4.272824287414550781e+00
4.112310409545898438e+00
6.208508491516113281e+00
2.780618429183959961e+00
6.443860054016113281e+00
2.194799423217773438e+00
6.094205856323242188e+00
3.351138353347778320e+00
4.773434638977050781e+00
3.604208230972290039e+00
4.516869544982910156e+00
3.462398052215576172e+00
4.620514869689941406e+00
2.682623624801635742e+00
5.662292957305908203e+00
2.498843669891357422e+00
4.680215835571289062e+00
3.290207862854003906e+00
4.247734546661376953e+00
3.305609703063964844e+00
3.800412416458129883e+00
4.114607334136962891e+00
4.590545177459716797e+00
4.504818916320800781e+00
3.307315111160278320e+00
5.312071800231933594e+00
3.138997077941894531e+00
6.560414314270019531e+00
1.414047956466674805e+00
6.548280715942382812e+00
4.077713966369628906e+00
2.255117416381835938e+00
4.686287403106689453e+00
2.313435554504394531e+00
3.811070442199707031e+00
2.748956441879272461e+00
5.286615848541259766e+00
2.257351875305175781e+00
5.233526229858398438e+00
2.902759075164794922e+00
4.784157752990722656e+00
2.728088378906250000e+00
4.823539733886718750e+00
3.360733270645141602e+00
3.542921304702758789e+00
3.846967220306396484e+00
4.147896766662597656e+00
3.128593921661376953e+00
4.522919654846191406e+00
2.729064702987670898e+00
6.160265922546386719e+00
2.623651504516601562e+00
5.941336154937744141e+00
3.918309450149536133e+00
3.420237541198730469e+00
5.604093074798583984e+00
3.513161897659301758e+00
4.674647808074951172e+00
3.572017192840576172e+00
5.257446289062500000e+00
3.239938735961914062e+00
4.790148735046386719e+00
3.508497714996337891e+00
5.184628486633300781e+00
2.852046489715576172e+00
5.726437568664550781e+00
2.800590276718139648e+00
6.319079399108886719e+00
3.919831752777099609e+00
5.019654750823974609e+00
4.055459022521972656e+00
4.492607116699218750e+00
3.578270673751831055e+00
5.305671691894531250e+00
4.434958934783935547e+00
2.203029632568359375e+00
6.698059558868408203e+00
3.008851528167724609e+00
3.336560249328613281e+00
4.483881950378417969e+00
3.111801624298095703e+00
3.720498561859130859e+00
3.263240814208984375e+00
4.213261604309082031e+00
3.610458135604858398e+00
2.727511644363403320e+00
4.978708267211914062e+00
3.027929306030273438e+00
3.685505390167236328e+00
4.353076934814453125e+00
2.770936727523803711e+00
5.378567218780517578e+00
2.745182991027832031e+00
4.101220130920410156e+00
4.161305427551269531e+00
1.988804817199707031e+00
7.595858573913574219e+00
3.495358943939208984e+00
3.776624202728271484e+00
4.310507774353027344e+00
3.723114490509033203e+00
3.658789157867431641e+00
3.903549671173095703e+00
2.524075269699096680e+00
4.350355148315429688e+00
2.284734725952148438e+00
5.058636665344238281e+00
2.840610027313232422e+00
4.270961761474609375e+00
3.549211502075195312e+00
4.026447296142578125e+00
4.239450454711914062e+00
3.728885889053344727e+00
4.629125118255615234e+00
3.726409912109375000e+00
5.002349853515625000e+00
4.081295013427734375e+00
5.196590423583984375e+00
2.673966884613037109e+00
8.440326690673828125e+00
3.837877750396728516e+00
4.708205223083496094e+00
4.510946273803710938e+00
4.163634777069091797e+00
4.115029335021972656e+00
4.531658172607421875e+00
3.926084995269775391e+00
4.684935569763183594e+00
3.022162914276123047e+00
4.854730129241943359e+00
3.536470413208007812e+00
3.323864936828613281e+00
4.703614234924316406e+00
2.748260736465454102e+00
5.206566810607910156e+00
2.510891914367675781e+00
3.922664165496826172e+00
3.512349605560302734e+00
3.149976253509521484e+00
4.210194587707519531e+00
2.641884326934814453e+00
3.863458633422851562e+00
3.717701435089111328e+00
3.616232633590698242e+00
3.801239967346191406e+00
4.644859313964843750e+00
3.464425086975097656e+00
5.302833557128906250e+00
1.992077708244323730e+00
6.460187911987304688e+00
4.046229362487792969e+00
3.896965026855468750e+00
3.676017999649047852e+00
3.140020370483398438e+00
3.644225597381591797e+00
3.959081172943115234e+00
3.472387552261352539e+00
5.931451797485351562e+00
2.125488758087158203e+00
5.102080821990966797e+00
3.669973850250244141e+00
4.215532779693603516e+00
3.438786506652832031e+00
3.802385568618774414e+00
4.294628620147705078e+00
3.504233837127685547e+00
4.014960289001464844e+00
3.936508178710937500e+00
4.276482582092285156e+00
2.530264139175415039e+00
6.504967689514160156e+00
2.964596033096313477e+00
4.173987388610839844e+00
3.507655620574951172e+00
2.665414571762084961e+00
5.019864082336425781e+00
2.765919446945190430e+00
4.029188156127929688e+00
3.097901821136474609e+00
6.289527893066406250e+00
2.896474361419677734e+00
5.730051517486572266e+00
3.137701034545898438e+00
5.491143226623535156e+00
2.409265041351318359e+00
4.894518375396728516e+00
2.847998857498168945e+00
5.301566123962402344e+00
2.419032812118530273e+00
5.344476222991943359e+00
2.647164344787597656e+00
4.903638839721679688e+00
3.014339923858642578e+00
6.011053085327148438e+00
3.238773345947265625e+00
3.471653461456298828e+00
5.047611236572265625e+00
3.061813592910766602e+00
5.283530235290527344e+00
2.346956491470336914e+00
4.801711559295654297e+00
3.042440891265869141e+00
4.639193534851074219e+00
2.567431449890136719e+00
5.152238845825195312e+00
2.322517871856689453e+00
4.238415718078613281e+00
3.332635164260864258e+00
4.025650501251220703e+00
3.931992769241333008e+00
4.006937026977539062e+00
3.414589405059814453e+00
5.534281253814697266e+00
2.221576452255249023e+00
6.582962036132812500e+00
2.654717445373535156e+00
5.443742752075195312e+00
3.145757913589477539e+00
5.049740791320800781e+00
3.863177299499511719e+00
3.404315948486328125e+00
3.407124042510986328e+00
4.165838241577148438e+00
3.848288536071777344e+00
2.945815563201904297e+00
4.705509185791015625e+00
3.342585086822509766e+00
3.398411989212036133e+00
4.890183448791503906e+00
2.503858327865600586e+00
7.386492729187011719e+00
3.094172716140747070e+00
4.117708206176757812e+00
5.342309474945068359e+00
1.933631420135498047e+00
6.887061119079589844e+00
2.939150810241699219e+00
3.869980812072753906e+00
5.439240455627441406e+00
1.790501117706298828e+00
6.811569213867187500e+00
3.011072635650634766e+00
4.892679214477539062e+00
2.973083019256591797e+00
4.044288158416748047e+00
3.054154157638549805e+00
5.248198509216308594e+00
2.802706956863403320e+00
4.686481475830078125e+00
3.186941385269165039e+00
4.769077777862548828e+00
3.580993652343750000e+00
2.689466953277587891e+00
6.583953857421875000e+00
2.994112014770507812e+00
3.215380191802978516e+00
4.879629135131835938e+00
3.119292497634887695e+00
3.910699605941772461e+00
3.559019088745117188e+00
3.125044345855712891e+00
3.453269958496093750e+00
3.740595817565917969e+00
2.408833980560302734e+00
4.282209396362304688e+00
2.994892358779907227e+00
4.311032295227050781e+00
3.035343170166015625e+00
3.769659042358398438e+00
3.715637207031250000e+00
4.190392971038818359e+00
2.869816064834594727e+00
5.562349319458007812e+00
1.580966234207153320e+00
5.558962821960449219e+00
2.929281473159790039e+00
4.810819149017333984e+00
2.577405691146850586e+00
4.547164916992187500e+00
3.245185852050781250e+00
4.240946769714355469e+00
2.845046281814575195e+00
5.089643955230712891e+00
2.622305631637573242e+00
5.572236537933349609e+00
2.610177516937255859e+00
4.130837917327880859e+00
3.908447265625000000e+00
3.192095994949340820e+00
5.156336307525634766e+00
2.318977355957031250e+00
5.705120086669921875e+00
2.952040195465087891e+00
5.113766670227050781e+00
2.872800588607788086e+00
4.596794128417968750e+00
2.764173746109008789e+00
5.655067443847656250e+00
2.066179275512695312e+00
5.111994266510009766e+00
2.616882801055908203e+00
4.247035026550292969e+00
2.537171840667724609e+00
4.673262596130371094e+00
3.646102905273437500e+00
2.066213607788085938e+00
5.812124252319335938e+00
2.751070499420166016e+00
4.620767593383789062e+00
4.570948600769042969e+00
3.263360023498535156e+00
5.418243408203125000e+00
1.843468904495239258e+00
8.401774406433105469e+00
3.050300121307373047e+00
4.477384567260742188e+00
4.004021644592285156e+00
3.225868701934814453e+00
4.463253974914550781e+00
2.933578491210937500e+00
4.766462326049804688e+00
2.882811069488525391e+00
4.780179023742675781e+00
3.404234409332275391e+00
4.035509109497070312e+00
3.966752052307128906e+00
3.614652633666992188e+00
3.171335935592651367e+00
4.651818275451660156e+00
3.580183267593383789e+00
3.043832302093505859e+00
4.829802513122558594e+00
3.037338733673095703e+00
3.852090835571289062e+00
3.587142705917358398e+00
3.023448467254638672e+00
3.898082971572875977e+00
3.600149154663085938e+00
3.642075538635253906e+00
3.955615758895874023e+00
4.659116744995117188e+00
3.666283607482910156e+00
5.053081989288330078e+00
2.813409328460693359e+00
5.880294799804687500e+00
3.481742620468139648e+00
4.890494823455810547e+00
3.949897289276123047e+00
3.889211177825927734e+00
6.067770004272460938e+00
1.157972693443298340e+00
7.106473445892333984e+00
3.544857025146484375e+00
3.227728843688964844e+00
4.085963726043701172e+00
3.322182655334472656e+00
4.107148170471191406e+00
3.537770748138427734e+00
2.553880453109741211e+00
3.901391029357910156e+00
3.531840324401855469e+00
3.618650197982788086e+00
3.386267423629760742e+00
3.720672130584716797e+00
5.376551151275634766e+00
1.661323785781860352e+00
7.064692974090576172e+00
4.559837818145751953e+00
2.722974777221679688e+00
5.277400016784667969e+00
4.278544425964355469e+00
4.092988014221191406e+00
4.967260360717773438e+00
3.070190906524658203e+00
7.060810089111328125e+00
4.015587329864501953e+00
4.527855873107910156e+00
4.561686515808105469e+00
4.634868621826171875e+00
3.092252254486083984e+00
6.134861946105957031e+00
3.575572729110717773e+00
4.690310478210449219e+00
3.077286243438720703e+00
3.640954256057739258e+00
3.582701921463012695e+00
3.346132755279541016e+00
4.523866653442382812e+00
3.955404758453369141e+00
4.153362274169921875e+00
4.314558982849121094e+00
3.791945219039916992e+00
3.785238265991210938e+00
5.600912094116210938e+00
2.101304769515991211e+00
9.879499435424804688e+00
4.138277530670166016e+00
3.035573482513427734e+00
4.886122703552246094e+00
3.140319347381591797e+00
3.549864053726196289e+00
4.005933761596679688e+00
3.501466035842895508e+00
4.579451560974121094e+00
3.375360012054443359e+00
3.156355857849121094e+00
5.191709518432617188e+00
2.883310317993164062e+00
4.834770679473876953e+00
4.146836280822753906e+00
4.618690013885498047e+00
2.048058032989501953e+00
7.298555374145507812e+00
1.183855295181274414e+00
5.576632976531982422e+00
4.112592220306396484e+00
3.229673385620117188e+00
3.699960708618164062e+00
4.310713768005371094e+00
1.535612463951110840e+00
5.695248603820800781e+00
2.393278360366821289e+00
3.102757930755615234e+00
3.190559387207031250e+00
2.422341823577880859e+00
3.338211059570312500e+00
3.210184574127197266e+00
3.987826347351074219e+00
2.956669569015502930e+00
4.088748455047607422e+00
2.647635459899902344e+00
4.472898006439208984e+00
3.525301694869995117e+00
4.776040077209472656e+00
2.691534996032714844e+00
5.556791305541992188e+00
4.343051910400390625e+00
2.021926164627075195e+00
7.379419803619384766e+00
3.834951877593994141e+00
3.283958673477172852e+00
4.477752685546875000e+00
3.424828052520751953e+00
3.487565279006958008e+00
4.178708076477050781e+00
3.000839233398437500e+00
5.421086311340332031e+00
2.685907125473022461e+00
3.753307819366455078e+00
4.818703651428222656e+00
3.403116941452026367e+00
3.355081081390380859e+00
5.253463268280029297e+00
2.597315311431884766e+00
5.020644187927246094e+00
2.725604057312011719e+00
5.864837646484375000e+00
3.187459468841552734e+00
4.444471359252929688e+00
2.934240341186523438e+00
4.125188827514648438e+00
3.071386575698852539e+00
4.553369522094726562e+00
3.464159727096557617e+00
4.636324405670166016e+00
3.662277936935424805e+00
5.384038925170898438e+00
2.201188802719116211e+00
6.873132228851318359e+00
4.082014083862304688e+00
3.168343544006347656e+00
6.233034133911132812e+00
2.647870540618896484e+00
5.044776916503906250e+00
2.547900199890136719e+00
3.772760391235351562e+00
3.551681756973266602e+00
2.448067665100097656e+00
5.809359550476074219e+00
3.055819988250732422e+00
4.679214477539062500e+00
4.301342964172363281e+00
2.970462799072265625e+00
6.205877304077148438e+00
2.446860313415527344e+00
5.180539131164550781e+00
4.187422275543212891e+00
3.292350530624389648e+00
3.645717382431030273e+00
4.449911594390869141e+00
2.827012062072753906e+00
4.299546241760253906e+00
3.942270755767822266e+00
3.771352052688598633e+00
4.446716308593750000e+00
4.185173988342285156e+00
3.056642055511474609e+00
5.937568664550781250e+00
2.728663921356201172e+00
6.182203292846679688e+00
3.172345161437988281e+00
3.589778184890747070e+00
4.622635841369628906e+00
2.391584873199462891e+00
6.150974273681640625e+00
1.348196268081665039e+00
5.309594154357910156e+00
2.898589849472045898e+00
2.712806701660156250e+00
4.240626335144042969e+00
2.686503410339355469e+00
3.685132026672363281e+00
4.190766334533691406e+00
3.550938844680786133e+00
3.719744443893432617e+00
4.318923473358154297e+00
3.909993410110473633e+00
2.525809049606323242e+00
5.609836578369140625e+00
3.002341270446777344e+00
5.012729644775390625e+00
3.789271831512451172e+00
3.120117664337158203e+00
4.715167999267578125e+00
3.732175827026367188e+00
3.349094390869140625e+00
3.821773529052734375e+00
3.445243597030639648e+00
4.328281402587890625e+00
2.619686126708984375e+00
5.746822834014892578e+00
3.074829578399658203e+00
3.928531646728515625e+00
3.632797241210937500e+00
4.536686897277832031e+00
2.834763288497924805e+00
7.903700828552246094e+00
1.086843490600585938e+00
9.826167106628417969e+00
3.180745601654052734e+00
2.641330242156982422e+00
5.920262336730957031e+00
4.275292396545410156e+00
4.064756393432617188e+00
3.968457698822021484e+00
2.242403984069824219e+00
5.677289009094238281e+00
2.686303138732910156e+00
4.568599224090576172e+00
3.495427846908569336e+00
3.685913085937500000e+00
3.348223447799682617e+00
3.539127349853515625e+00
3.601677417755126953e+00
3.728737831115722656e+00
3.691176414489746094e+00
3.820394277572631836e+00
2.129930734634399414e+00
6.872114181518554688e+00
3.351984977722167969e+00
4.047479629516601562e+00
3.976913452148437500e+00
3.531644582748413086e+00
3.756943941116333008e+00
3.579107761383056641e+00
3.239279031753540039e+00
4.088471889495849609e+00
2.179345369338989258e+00
5.672880649566650391e+00
2.038703918457031250e+00
3.082397937774658203e+00
4.505488395690917969e+00
2.199690341949462891e+00
4.078434467315673828e+00
3.044030666351318359e+00
3.933926582336425781e+00
4.079204559326171875e+00
3.244109869003295898e+00
3.618749618530273438e+00
3.778301715850830078e+00
3.705946683883666992e+00
4.689278602600097656e+00
4.640600681304931641e+00
2.264645576477050781e+00
6.527501106262207031e+00
5.199308395385742188e-01
7.441329479217529297e+00
3.363808631896972656e+00
2.836422681808471680e+00
5.233580112457275391e+00
4.123631954193115234e+00
2.711952686309814453e+00
5.622653961181640625e+00
2.172502517700195312e+00
4.292591094970703125e+00
2.948509216308593750e+00
3.423461675643920898e+00
3.791869640350341797e+00
2.949245929718017578e+00
5.237558364868164062e+00
3.690001487731933594e+00
3.294058799743652344e+00
4.468830108642578125e+00
3.241692304611206055e+00
4.076436519622802734e+00
3.906256198883056641e+00
3.630886316299438477e+00
4.998815536499023438e+00
2.396738767623901367e+00
5.415202617645263672e+00
2.547191381454467773e+00
6.548307418823242188e+00
2.532719135284423828e+00
2.761524438858032227e+00
4.581277370452880859e+00
3.726360559463500977e+00
3.704277038574218750e+00
4.334107398986816406e+00
2.596656322479248047e+00
4.132435798645019531e+00
3.082095623016357422e+00
4.234742164611816406e+00
2.904745101928710938e+00
3.566757678985595703e+00
3.748409271240234375e+00
2.643814086914062500e+00
4.225212097167968750e+00
2.614802122116088867e+00
4.416649818420410156e+00
2.126831054687500000e+00
4.871243476867675781e+00
2.932537078857421875e+00
3.866948127746582031e+00
3.127657890319824219e+00
3.965114831924438477e+00
3.484930992126464844e+00
3.506130695343017578e+00
3.618993282318115234e+00
3.745858669281005859e+00
2.807949781417846680e+00
5.383974552154541016e+00
2.510998487472534180e+00
4.962227821350097656e+00
4.431795597076416016e+00
2.177125692367553711e+00
6.180815219879150391e+00
2.976613998413085938e+00
3.395028829574584961e+00
3.590151786804199219e+00
4.974155426025390625e+00
2.765319347381591797e+00
4.657338619232177734e+00
3.733011245727539062e+00
3.570823669433593750e+00
4.184189796447753906e+00
2.214253902435302734e+00
5.512652397155761719e+00
3.171789407730102539e+00
3.807964324951171875e+00
4.381615638732910156e+00
3.554940700531005859e+00
2.749644041061401367e+00
5.261672019958496094e+00
3.191407203674316406e+00
3.535401582717895508e+00
3.981890678405761719e+00
3.659008026123046875e+00
4.926096916198730469e+00
1.143507480621337891e+00
6.475221633911132812e+00
3.244748592376708984e+00
2.625591754913330078e+00
4.281229496002197266e+00
3.023558139801025391e+00
4.366116523742675781e+00
2.068011045455932617e+00
5.771602153778076172e+00
2.775935649871826172e+00
3.460929393768310547e+00
4.491174697875976562e+00
2.472775220870971680e+00
5.404983043670654297e+00
3.745134353637695312e+00
3.611622571945190430e+00
3.261204242706298828e+00
4.378480911254882812e+00
3.378407001495361328e+00
3.333456754684448242e+00
4.150440692901611328e+00
3.702503681182861328e+00
4.216615200042724609e+00
3.485113620758056641e+00
2.939804315567016602e+00
4.440268516540527344e+00
3.917761325836181641e+00
3.675403594970703125e+00
4.229271888732910156e+00
3.294711589813232422e+00
5.294929027557373047e+00
1.583970785140991211e+00
5.952407836914062500e+00
3.316359281539916992e+00
3.520928382873535156e+00
5.533303260803222656e+00
2.489348411560058594e+00
3.736745834350585938e+00
3.444172859191894531e+00
3.647697925567626953e+00
4.137599945068359375e+00
3.152503013610839844e+00
3.685743093490600586e+00
4.986465930938720703e+00
3.960141181945800781e+00
3.500726222991943359e+00
4.016197204589843750e+00
4.579111099243164062e+00
3.419317245483398438e+00
5.007787227630615234e+00
4.092642307281494141e+00
4.160512924194335938e+00
5.051291942596435547e+00
3.208121061325073242e+00
6.121664524078369141e+00
3.377963066101074219e+00
4.840445041656494141e+00
4.597469329833984375e+00
3.897377014160156250e+00
4.479925155639648438e+00
6.692806243896484375e+00
2.658296585083007812e+00
6.795910835266113281e+00
4.764158725738525391e+00
3.936351537704467773e+00
4.828042030334472656e+00
3.468864917755126953e+00
4.140081405639648438e+00
3.380738258361816406e+00
5.963765144348144531e+00
1.688050270080566406e+00
8.526930809020996094e+00
4.104047775268554688e+00
3.224328994750976562e+00
6.517430305480957031e+00
2.429368495941162109e+00
5.543213844299316406e+00
2.347127437591552734e+00
4.027101039886474609e+00
4.613595485687255859e+00
2.797987461090087891e+00
5.147691726684570312e+00
3.064285755157470703e+00
4.388442039489746094e+00
3.086141586303710938e+00
6.052325248718261719e+00
2.900639533996582031e+00
3.587957859039306641e+00
4.436086177825927734e+00
3.697672128677368164e+00
5.245105743408203125e+00
3.563564777374267578e+00
7.090533256530761719e+00
2.471731662750244141e+00
7.234042644500732422e+00
4.028652191162109375e+00
4.933361530303955078e+00
6.555870532989501953e+00
1.429529190063476562e+00
6.967624187469482422e+00
3.289670467376708984e+00
3.667624235153198242e+00
4.817187786102294922e+00
2.430802822113037109e+00
3.293171882629394531e+00
2.471591711044311523e+00
5.085113525390625000e+00
4.788780212402343750e-01
4.504115104675292969e+00
4.904549598693847656e+00
2.481393337249755859e+00
3.294176340103149414e+00
3.753612041473388672e+00
2.501443862915039062e+00
3.739150047302246094e+00
2.447993040084838867e+00
3.745968580245971680e+00
2.137313127517700195e+00
4.972083091735839844e+00
2.976389169692993164e+00
3.665725231170654297e+00
3.154985427856445312e+00
3.204220294952392578e+00
4.776777744293212891e+00
2.050400972366333008e+00
6.498605251312255859e+00
2.679538249969482422e+00
4.535457611083984375e+00
2.899645328521728516e+00
4.303008079528808594e+00
3.548511028289794922e+00
2.751747131347656250e+00
2.647309780120849609e+00
3.185924530029296875e+00
4.751094818115234375e+00
1.594105601310729980e+00
4.332985401153564453e+00
2.699578762054443359e+00
3.299922943115234375e+00
3.775092840194702148e+00
3.931469202041625977e+00
3.832359552383422852e+00
2.731739997863769531e+00
5.320905685424804688e+00
1.625016927719116211e+00
5.504910469055175781e+00
2.435608386993408203e+00
4.416829586029052734e+00
3.012152194976806641e+00
4.001398086547851562e+00
2.735104084014892578e+00
4.028125762939453125e+00
2.609187364578247070e+00
3.212851047515869141e+00
3.982958316802978516e+00
3.187100410461425781e+00
4.872929573059082031e+00
1.374830484390258789e+00
5.711739063262939453e+00
1.276334524154663086e+00
4.009682178497314453e+00
3.736549377441406250e+00
3.245110511779785156e+00
2.910631179809570312e+00
3.920369625091552734e+00
3.195121288299560547e+00
3.200709819793701172e+00
3.019697666168212891e+00
3.215191841125488281e+00
4.166368484497070312e+00
1.530647277832031250e+00
5.501047134399414062e+00
2.811175584793090820e+00
3.442596673965454102e+00
3.207277536392211914e+00
3.979699134826660156e+00
3.591747522354125977e+00
3.067056179046630859e+00
4.271340847015380859e+00
2.133489847183227539e+00
5.231544971466064453e+00
1.501889705657958984e+00
6.110564231872558594e+00
2.802417039871215820e+00
4.002729892730712891e+00
3.728825092315673828e+00
3.518033981323242188e+00
3.845610618591308594e+00
2.567299365997314453e+00
5.260122299194335938e+00
3.348088026046752930e+00
2.998530864715576172e+00
3.786093950271606445e+00
3.559980869293212891e+00
2.472687244415283203e+00
3.696098566055297852e+00
3.984642982482910156e+00
1.980108857154846191e+00
5.932528972625732422e+00
2.276933908462524414e+00
3.746337413787841797e+00
3.145784854888916016e+00
3.215714454650878906e+00
4.150788307189941406e+00
3.919372320175170898e+00
3.127491235733032227e+00
4.220617294311523438e+00
3.672801017761230469e+00
4.173529148101806641e+00
3.293304443359375000e+00
5.926558494567871094e+00
2.611354112625122070e+00
5.000384330749511719e+00
3.056742191314697266e+00
5.869604110717773438e+00
3.507228136062622070e+00
4.183271408081054688e+00
3.609977722167968750e+00
1.606748342514038086e+00
6.388662338256835938e+00
2.125732183456420898e+00
4.641894340515136719e+00
3.673480510711669922e+00
3.064915895462036133e+00
3.710257768630981445e+00
3.239544153213500977e+00
2.723004817962646484e+00
4.320700645446777344e+00
2.804844856262207031e+00
3.879005908966064453e+00
3.207760810852050781e+00
3.787587404251098633e+00
4.561689376831054688e+00
3.064702987670898438e+00
3.867875099182128906e+00
3.621090173721313477e+00
3.630213737487792969e+00
3.931544303894042969e+00
2.968813657760620117e+00
5.317235469818115234e+00
2.594846725463867188e+00
5.066221714019775391e+00
4.255783081054687500e+00
3.415469646453857422e+00
5.972332477569580078e+00
1.588266968727111816e+00
5.639782905578613281e+00
9.210128188133239746e-01
8.134210586547851562e+00
2.300894498825073242e+00
3.743327617645263672e+00
3.537678480148315430e+00
3.588132858276367188e+00
2.376888751983642578e+00
4.688320636749267578e+00
1.985272526741027832e+00
3.649905443191528320e+00
3.805333852767944336e+00
1.896376371383666992e+00
6.145837783813476562e+00
2.300982475280761719e+00
4.093026638031005859e+00
4.633651733398437500e+00
3.115559101104736328e+00
3.375881195068359375e+00
4.792745590209960938e+00
2.104582548141479492e+00
6.068897247314453125e+00
2.683387994766235352e+00
4.129866600036621094e+00
2.754532814025878906e+00
4.743174552917480469e+00
2.909548997879028320e+00
4.200469017028808594e+00
3.477203369140625000e+00
3.163497447967529297e+00
3.505965471267700195e+00
2.981238842010498047e+00
3.657843828201293945e+00
2.646093845367431641e+00
4.451795101165771484e+00
4.107224941253662109e+00
2.969956874847412109e+00
3.056633949279785156e+00
4.705753326416015625e+00
1.978878498077392578e+00
4.543472290039062500e+00
3.512435674667358398e+00
2.537232875823974609e+00
5.148171424865722656e+00
3.792561054229736328e+00
2.856950521469116211e+00
5.740851879119873047e+00
2.425058364868164062e+00
3.984968185424804688e+00
2.484315872192382812e+00
5.126701831817626953e+00
3.118193626403808594e+00
3.058404922485351562e+00
5.425060749053955078e+00
3.039875030517578125e+00
3.821763753890991211e+00
3.803294181823730469e+00
2.540913581848144531e+00
4.198124885559082031e+00
3.656645774841308594e+00
3.287796735763549805e+00
3.075579166412353516e+00
4.015979290008544922e+00
2.420906782150268555e+00
4.739824295043945312e+00
3.409679889678955078e+00
4.018060684204101562e+00
3.580679416656494141e+00
3.867999076843261719e+00
4.090929031372070312e+00
2.984733581542968750e+00
4.433279037475585938e+00
3.429941415786743164e+00
3.809686899185180664e+00
2.652841806411743164e+00
5.530666351318359375e+00
1.946690440177917480e+00
5.923135757446289062e+00
2.190799713134765625e+00
5.890606403350830078e+00
2.777311325073242188e+00
4.085638523101806641e+00
3.574918270111083984e+00
3.057181358337402344e+00
3.670284032821655273e+00
3.120376110076904297e+00
3.391027450561523438e+00
3.692625045776367188e+00
2.592753171920776367e+00
4.028560638427734375e+00
2.700850963592529297e+00
5.065344810485839844e+00
1.036836147308349609e+00
5.470518112182617188e+00
8.842799663543701172e-01
7.366838932037353516e+00
1.558377385139465332e+00
2.786301136016845703e+00
3.784337282180786133e+00
2.102750778198242188e+00
3.646311998367309570e+00
3.095722198486328125e+00
2.952397108078002930e+00
3.258297443389892578e+00
2.893084764480590820e+00
3.906765460968017578e+00
2.104109287261962891e+00
4.356583118438720703e+00
3.526835441589355469e+00
2.863411426544189453e+00
4.094853878021240234e+00
2.560954570770263672e+00
4.604757308959960938e+00
1.781453132629394531e+00
4.527132034301757812e+00
1.181806802749633789e+00
5.809306621551513672e+00
2.086889743804931641e+00
3.406981229782104492e+00
4.361152648925781250e+00
3.397757530212402344e+00
3.418705940246582031e+00
3.120573997497558594e+00
2.403310298919677734e+00
5.901878356933593750e+00
1.805111646652221680e+00
5.190687656402587891e+00
2.078659057617187500e+00
4.713622093200683594e+00
3.240956783294677734e+00
3.618760585784912109e+00
3.851963043212890625e+00
3.643953800201416016e+00
3.799179077148437500e+00
4.191404819488525391e+00
3.421068668365478516e+00
4.348740577697753906e+00
3.330204963684082031e+00
3.822215557098388672e+00
2.969786882400512695e+00
4.880668163299560547e+00
2.170653820037841797e+00
4.779963493347167969e+00
2.658211708068847656e+00
6.269647598266601562e+00
2.315059661865234375e+00
5.087555885314941406e+00
2.616585254669189453e+00
3.904330253601074219e+00
3.107093572616577148e+00
2.778669118881225586e+00
3.903100013732910156e+00
3.048614501953125000e+00
3.107132196426391602e+00
3.625767707824707031e+00
3.895550489425659180e+00
3.534822463989257812e+00
3.438915491104125977e+00
3.615454673767089844e+00
3.769868373870849609e+00
3.545210838317871094e+00
3.868244409561157227e+00
4.396731376647949219e+00
3.191878318786621094e+00
4.861056327819824219e+00
3.097574234008789062e+00
4.598946094512939453e+00
3.432849645614624023e+00
4.562116146087646484e+00
2.840107440948486328e+00
5.325678825378417969e+00
2.232601881027221680e+00
5.435198783874511719e+00
2.479424476623535156e+00
5.165172576904296875e+00
2.163847446441650391e+00
5.123385429382324219e+00
2.294576168060302734e+00
3.987861633300781250e+00
2.931917667388916016e+00
3.763322353363037109e+00
2.650216102600097656e+00
4.643949031829833984e+00
3.307602405548095703e+00
4.190139770507812500e+00
3.302633285522460938e+00
3.434589147567749023e+00
3.752119541168212891e+00
3.383532047271728516e+00
3.813045978546142578e+00
3.397571325302124023e+00
3.635500907897949219e+00
4.907572746276855469e+00
2.428110599517822266e+00
5.191419124603271484e+00
3.332242012023925781e+00
5.041740417480468750e+00
3.113963127136230469e+00
4.659074783325195312e+00
3.286601066589355469e+00
4.430395126342773438e+00
4.054476737976074219e+00
2.949624538421630859e+00
4.945614814758300781e+00
2.261634588241577148e+00
5.183185100555419922e+00
2.073967456817626953e+00
6.634124755859375000e+00
3.112636566162109375e+00
3.507072448730468750e+00
5.045964717864990234e+00
2.062741279602050781e+00
5.299888610839843750e+00
2.398038864135742188e+00
5.181325912475585938e+00
3.906947374343872070e+00
2.152925968170166016e+00
5.584983825683593750e+00
2.386479377746582031e+00
4.484749794006347656e+00
3.110585927963256836e+00
3.865166187286376953e+00
4.349084854125976562e+00
2.453534603118896484e+00
6.936778068542480469e+00
2.899822950363159180e+00
3.967230558395385742e+00
3.845774888992309570e+00
3.823714733123779297e+00
3.086111545562744141e+00
4.194631576538085938e+00
2.018271923065185547e+00
5.259873867034912109e+00
3.173127174377441406e+00
2.930939674377441406e+00
4.589472770690917969e+00
2.919414520263671875e+00
4.941919803619384766e+00
2.299887657165527344e+00
5.064717292785644531e+00
1.991398453712463379e+00
7.746162414550781250e+00
3.509370088577270508e+00
2.814491033554077148e+00
4.632134914398193359e+00
3.079646110534667969e+00
4.645262718200683594e+00
3.022985458374023438e+00
3.703432083129882812e+00
4.686756134033203125e+00
3.218787193298339844e+00
4.314546585083007812e+00
3.379392862319946289e+00
5.706604957580566406e+00
2.064686059951782227e+00
5.432064056396484375e+00
8.445264697074890137e-01
8.015315055847167969e+00
2.365034341812133789e+00
3.101324081420898438e+00
3.993330001831054688e+00
2.082493543624877930e+00
5.273761272430419922e+00
2.374530792236328125e+00
4.268740653991699219e+00
3.467872381210327148e+00
4.376513004302978516e+00
3.819707870483398438e+00
3.906127929687500000e+00
4.042798042297363281e+00
2.996882915496826172e+00
5.728927612304687500e+00
3.143170118331909180e+00
4.233638286590576172e+00
3.884501457214355469e+00
4.238155841827392578e+00
2.811612367630004883e+00
5.737782001495361328e+00
3.750536441802978516e+00
4.174313545227050781e+00
4.753658294677734375e+00
3.608698368072509766e+00
5.186319351196289062e+00
3.155650138854980469e+00
4.692688941955566406e+00
4.001157760620117188e+00
3.817681789398193359e+00
4.428627014160156250e+00
4.070330619812011719e+00
3.456854343414306641e+00
3.286074161529541016e+00
4.755512237548828125e+00
2.468554258346557617e+00
5.918742179870605469e+00
2.516449689865112305e+00
5.903586864471435547e+00
1.068105340003967285e+00
5.664220809936523438e+00
2.823163509368896484e+00
3.970564365386962891e+00
4.155859947204589844e+00
1.977192640304565430e+00
5.354492187500000000e+00
2.479831695556640625e+00
4.257894515991210938e+00
3.560813426971435547e+00
4.746695518493652344e+00
2.668006896972656250e+00
5.438174247741699219e+00
2.282134056091308594e+00
6.066584587097167969e+00
3.377438783645629883e+00
3.750307083129882812e+00
4.269439697265625000e+00
3.338159561157226562e+00
3.827509880065917969e+00
3.423683166503906250e+00
4.155231475830078125e+00
2.963056087493896484e+00
4.461888313293457031e+00
3.568440437316894531e+00
3.549720525741577148e+00
4.758925437927246094e+00
3.537496089935302734e+00
4.044305801391601562e+00
3.254916667938232422e+00
4.868277549743652344e+00
1.646211624145507812e+00
6.620980739593505859e+00
1.928127646446228027e+00
5.432316780090332031e+00
3.037444591522216797e+00
4.106506347656250000e+00
3.111816406250000000e+00
3.889409303665161133e+00
3.457662582397460938e+00
3.032919406890869141e+00
4.540438175201416016e+00
2.519071817398071289e+00
3.744798660278320312e+00
4.091202735900878906e+00
3.298277378082275391e+00
3.816901683807373047e+00
3.748651266098022461e+00
2.846223354339599609e+00
4.433028221130371094e+00
2.677654266357421875e+00
4.704742431640625000e+00
3.426786184310913086e+00
2.308495044708251953e+00
5.267033576965332031e+00
2.499575138092041016e+00
5.179151535034179688e+00
2.535985469818115234e+00
5.353513717651367188e+00
3.448754787445068359e+00
3.075407981872558594e+00
4.679428100585937500e+00
3.274397134780883789e+00
4.061219215393066406e+00
2.633772850036621094e+00
4.962021827697753906e+00
2.727939128875732422e+00
4.910057067871093750e+00
3.340816497802734375e+00
4.327568531036376953e+00
3.412048816680908203e+00
4.280281543731689453e+00
2.994917631149291992e+00
4.769031524658203125e+00
3.141670942306518555e+00
4.200510025024414062e+00
3.330161571502685547e+00
4.875804424285888672e+00
2.283812046051025391e+00
5.426537990570068359e+00
3.112129211425781250e+00
4.675431251525878906e+00
3.735312223434448242e+00
3.433410167694091797e+00
3.827865362167358398e+00
3.778667926788330078e+00
4.486039161682128906e+00
3.796656847000122070e+00
4.442940711975097656e+00
3.125854492187500000e+00
5.837521553039550781e+00
2.433961391448974609e+00
6.742175102233886719e+00
1.472986936569213867e+00
6.724130630493164062e+00
3.875170946121215820e+00
3.036395072937011719e+00
4.351104259490966797e+00
2.812165975570678711e+00
4.584198951721191406e+00
3.713331937789916992e+00
3.393779277801513672e+00
3.779876708984375000e+00
4.335450172424316406e+00
2.997716188430786133e+00
4.223221778869628906e+00
4.166827201843261719e+00
2.653385639190673828e+00
6.280699253082275391e+00
2.102603912353515625e+00
7.705757141113281250e+00
6.322555541992187500e-01
8.151631355285644531e+00
2.217010974884033203e+00
4.872032642364501953e+00
3.538024902343750000e+00
3.067701816558837891e+00
5.699619293212890625e+00
2.424609899520874023e+00
4.336515426635742188e+00
3.228600978851318359e+00
4.581630706787109375e+00
2.414788246154785156e+00
3.882289409637451172e+00
3.973321914672851562e+00
3.420338153839111328e+00
3.532178878784179688e+00
3.778235912322998047e+00
2.672386407852172852e+00
4.315931797027587891e+00
3.195240974426269531e+00
2.998626708984375000e+00
4.165812969207763672e+00
3.232193231582641602e+00
3.160923480987548828e+00
4.501618862152099609e+00
3.062877416610717773e+00
3.982325553894042969e+00
3.932354450225830078e+00
3.231151103973388672e+00
4.761820793151855469e+00
2.629067659378051758e+00
3.905479907989501953e+00
3.321163177490234375e+00
4.062400817871093750e+00
3.190443992614746094e+00
4.048324584960937500e+00
3.653938293457031250e+00
3.666721343994140625e+00
3.784581184387207031e+00
3.905654430389404297e+00
3.412899494171142578e+00
4.361509323120117188e+00
2.552079200744628906e+00
5.888803482055664062e+00
2.362147331237792969e+00
5.144677639007568359e+00
3.455949783325195312e+00
4.167315959930419922e+00
4.422867774963378906e+00
3.268661737442016602e+00
4.232525825500488281e+00
3.160829067230224609e+00
4.216456890106201172e+00
2.702186107635498047e+00
4.110482215881347656e+00
4.513515949249267578e+00
3.695074081420898438e+00
3.816284179687500000e+00
4.161322593688964844e+00
3.851443529129028320e+00
2.852230072021484375e+00
4.776112556457519531e+00
3.189570188522338867e+00
4.561199665069580078e+00
2.979692697525024414e+00
4.584549903869628906e+00
3.154251098632812500e+00
4.670406818389892578e+00
2.732710361480712891e+00
5.621101856231689453e+00
2.585800886154174805e+00
5.789646148681640625e+00
1.591121196746826172e+00
6.400218009948730469e+00
3.736531972885131836e+00
3.401432991027832031e+00
4.098157882690429688e+00
4.028734207153320312e+00
2.267678737640380859e+00
4.616893768310546875e+00
2.195043087005615234e+00
5.166111469268798828e+00
1.215368032455444336e+00
7.174568176269531250e+00
2.657754659652709961e+00
2.991769790649414062e+00
5.471555709838867188e+00
3.333399295806884766e+00
2.973692893981933594e+00
4.171860694885253906e+00
2.375706672668457031e+00
3.935646533966064453e+00
3.245545387268066406e+00
3.511838436126708984e+00
3.692497730255126953e+00
5.033176422119140625e+00
1.916479110717773438e+00
5.975327968597412109e+00
1.117163658142089844e+00
5.157856941223144531e+00
2.193770885467529297e+00
3.299587965011596680e+00
2.931612491607666016e+00
3.030879974365234375e+00
3.924443006515502930e+00
2.713855266571044922e+00
4.267437934875488281e+00
3.212318420410156250e+00
3.190738439559936523e+00
3.449712514877319336e+00
3.411169290542602539e+00
4.466767787933349609e+00
1.828127145767211914e+00
6.054993629455566406e+00
1.362461566925048828e+00
6.778643608093261719e+00
2.791893482208251953e+00
3.400701045989990234e+00
5.020353317260742188e+00
1.932378649711608887e+00
4.988764762878417969e+00
2.655728101730346680e+00
4.478620052337646484e+00
2.744238376617431641e+00
3.993408679962158203e+00
3.409238338470458984e+00
3.372776985168457031e+00
3.109436035156250000e+00
3.680116176605224609e+00
3.162986516952514648e+00
4.360188961029052734e+00
2.741977214813232422e+00
3.439202308654785156e+00
4.181999206542968750e+00
3.102519512176513672e+00
4.156803607940673828e+00
3.156093358993530273e+00
4.599365234375000000e+00
2.684602499008178711e+00
5.092124462127685547e+00
2.573010683059692383e+00
4.026196956634521484e+00
3.729195117950439453e+00
3.298082351684570312e+00
4.875806808471679688e+00
2.533138751983642578e+00
4.823047637939453125e+00
2.324172258377075195e+00
5.565998554229736328e+00
4.497779846191406250e+00
3.095039844512939453e+00
4.780879020690917969e+00
3.613881587982177734e+00
3.616249561309814453e+00
3.712607860565185547e+00
3.744999647140502930e+00
6.317346096038818359e+00
2.512487411499023438e+00
5.680362701416015625e+00
3.155211448669433594e+00
4.639438629150390625e+00
4.003089427947998047e+00
2.728537321090698242e+00
5.400319576263427734e+00
2.796271800994873047e+00
5.871171951293945312e+00
2.519476890563964844e+00
6.519838333129882812e+00
3.386024951934814453e+00
4.790204048156738281e+00
3.967067718505859375e+00
3.643297672271728516e+00
4.209426879882812500e+00
3.659173488616943359e+00
4.753723144531250000e+00
2.741360902786254883e+00
5.684892654418945312e+00
3.083012580871582031e+00
5.068111896514892578e+00
3.595825910568237305e+00
5.249612808227539062e+00
2.252100706100463867e+00
6.147304534912109375e+00
5.947727560997009277e-01
7.296692848205566406e+00
2.414348125457763672e+00
4.592466354370117188e+00
3.079113960266113281e+00
3.727744579315185547e+00
2.826545953750610352e+00
4.059804916381835938e+00
3.386629819869995117e+00
4.467157840728759766e+00
3.094817638397216797e+00
4.696214199066162109e+00
2.460292577743530273e+00
4.897286891937255859e+00
4.226653099060058594e+00
3.389260292053222656e+00
4.354676723480224609e+00
3.855079174041748047e+00
3.476882457733154297e+00
3.374389171600341797e+00
3.942675828933715820e+00
3.371722459793090820e+00
4.660167217254638672e+00
3.417237281799316406e+00
3.551947355270385742e+00
4.373417854309082031e+00
3.212529182434082031e+00
4.376965522766113281e+00
3.241362571716308594e+00
4.562681198120117188e+00
3.837025642395019531e+00
3.375167846679687500e+00
4.963719367980957031e+00
3.358386993408203125e+00
3.746432781219482422e+00
3.919396638870239258e+00
3.933732271194458008e+00
2.863181829452514648e+00
5.394445419311523438e+00
2.781538009643554688e+00
4.068275451660156250e+00
4.575461387634277344e+00
2.416511535644531250e+00
4.982997894287109375e+00
4.029121875762939453e+00
3.001742839813232422e+00
5.579396247863769531e+00
1.148985624313354492e+00
7.832711696624755859e+00
2.222774982452392578e+00
4.827921867370605469e+00
2.423574209213256836e+00
5.891448974609375000e+00
2.202477931976318359e+00
4.199895858764648438e+00
4.858722686767578125e+00
3.761618137359619141e+00
4.241129875183105469e+00
4.037664413452148438e+00
3.143406867980957031e+00
5.383906364440917969e+00
2.194016218185424805e+00
5.985826492309570312e+00
3.193823575973510742e+00
4.809545516967773438e+00
3.589597702026367188e+00
3.783104419708251953e+00
4.546088695526123047e+00
2.419994831085205078e+00
5.779920578002929688e+00
3.212951660156250000e+00
3.975402832031250000e+00
4.052495002746582031e+00
4.640940189361572266e+00
3.095843791961669922e+00
4.669824123382568359e+00
3.053919792175292969e+00
4.974683761596679688e+00
2.151118755340576172e+00
5.404952049255371094e+00
2.749844551086425781e+00
5.563869476318359375e+00
3.365250110626220703e+00
4.511441707611083984e+00
3.488873004913330078e+00
3.953232288360595703e+00
2.874353408813476562e+00
4.310619354248046875e+00
2.847745895385742188e+00
4.835975646972656250e+00
2.953962802886962891e+00
4.334774494171142578e+00
3.573937654495239258e+00
3.139651536941528320e+00
5.140444278717041016e+00
2.446071624755859375e+00
5.077224254608154297e+00
2.895195484161376953e+00
4.440261840820312500e+00
3.607956409454345703e+00
3.438030719757080078e+00
4.611718177795410156e+00
2.161151885986328125e+00
5.546777725219726562e+00
3.235308885574340820e+00
3.179014682769775391e+00
4.995771884918212891e+00
3.223781347274780273e+00
4.059176921844482422e+00
3.223287820816040039e+00
4.538717269897460938e+00
2.671238899230957031e+00
4.944292068481445312e+00
3.468983173370361328e+00
3.452730178833007812e+00
4.727267265319824219e+00
1.710263252258300781e+00
6.146634101867675781e+00
1.651908397674560547e+00
5.789448738098144531e+00
2.390195846557617188e+00
6.758504867553710938e+00
1.979886651039123535e+00
4.916519641876220703e+00
2.551127910614013672e+00
3.575230598449707031e+00
3.949970006942749023e+00
2.765825033187866211e+00
4.502600669860839844e+00
2.817652702331542969e+00
4.571238517761230469e+00
3.271130323410034180e+00
3.648215055465698242e+00
4.111516475677490234e+00
3.884885311126708984e+00
3.424745559692382812e+00
3.577898979187011719e+00
5.201137542724609375e+00
1.577263832092285156e+00
6.611272335052490234e+00
3.860790967941284180e+00
2.384967327117919922e+00
6.163691520690917969e+00
2.825455188751220703e+00
4.088749408721923828e+00
4.100497245788574219e+00
3.425265550613403320e+00
4.637170314788818359e+00
3.188632965087890625e+00
5.089138031005859375e+00
2.508774757385253906e+00
5.213853359222412109e+00
3.346736431121826172e+00
4.413033485412597656e+00
3.146853446960449219e+00
4.517485618591308594e+00
2.559328794479370117e+00
4.575338363647460938e+00
8.009213209152221680e-01
7.549623966217041016e+00
1.717318058013916016e+00
4.782571792602539062e+00
1.198585510253906250e+00
7.230351448059082031e+00
2.393525362014770508e+00
4.509626865386962891e+00
3.367068290710449219e+00
4.677213191986083984e+00
2.297468662261962891e+00
5.410758018493652344e+00
2.348218917846679688e+00
4.496237277984619141e+00
3.759525060653686523e+00
3.174130201339721680e+00
3.867250680923461914e+00
4.247404098510742188e+00
2.463876485824584961e+00
4.564539909362792969e+00
2.636991024017333984e+00
4.763713836669921875e+00
3.270038843154907227e+00
3.393152713775634766e+00
4.076995849609375000e+00
2.605204820632934570e+00
5.024365425109863281e+00
3.084536790847778320e+00
4.028417587280273438e+00
3.321599960327148438e+00
3.320656538009643555e+00
3.768967628479003906e+00
3.609641075134277344e+00
3.719458341598510742e+00
4.062621116638183594e+00
3.328839778900146484e+00
4.024566650390625000e+00
3.503021955490112305e+00
5.007980346679687500e+00
2.131565570831298828e+00
4.582342147827148438e+00
3.079248905181884766e+00
3.818033695220947266e+00
3.723273754119873047e+00
4.074675559997558594e+00
2.865721702575683594e+00
4.423643112182617188e+00
2.904778957366943359e+00
5.433231830596923828e+00
4.466108798980712891e+00
3.255801200866699219e+00
4.738799571990966797e+00
2.727273702621459961e+00
5.771433830261230469e+00
1.098608493804931641e+00
7.845163345336914062e+00
3.665858507156372070e+00
2.810359954833984375e+00
6.033811569213867188e+00
1.510276556015014648e+00
7.370542049407958984e+00
1.655259847640991211e+00
4.963170051574707031e+00
3.296360015869140625e+00
2.591958284378051758e+00
5.061545372009277344e+00
2.680768966674804688e+00
4.646730422973632812e+00
2.859515905380249023e+00
4.248258590698242188e+00
3.793974161148071289e+00
4.568677902221679688e+00
2.485790729522705078e+00
4.976261138916015625e+00
2.896213054656982422e+00
3.795914649963378906e+00
3.335706710815429688e+00
3.279131889343261719e+00
3.628490447998046875e+00
2.526832103729248047e+00
5.238306045532226562e+00
2.377230644226074219e+00
4.616460800170898438e+00
3.470331192016601562e+00
2.735462665557861328e+00
4.277771949768066406e+00
3.140684843063354492e+00
3.134510040283203125e+00
4.297441482543945312e+00
2.617485523223876953e+00
4.195873260498046875e+00
2.654598236083984375e+00
4.521817207336425781e+00
2.052540779113769531e+00
5.546592712402343750e+00
3.780597686767578125e+00
3.289191484451293945e+00
4.624239444732666016e+00
2.872122764587402344e+00
4.119870185852050781e+00
3.326629161834716797e+00
3.085019588470458984e+00
4.093745708465576172e+00
2.959686040878295898e+00
3.922506332397460938e+00
3.378062725067138672e+00
2.759685993194580078e+00
4.663952827453613281e+00
2.809865474700927734e+00
3.234258651733398438e+00
4.713417053222656250e+00
3.146397829055786133e+00
3.404573202133178711e+00
4.270767211914062500e+00
3.285571813583374023e+00
3.217402219772338867e+00
4.183188438415527344e+00
4.458374500274658203e+00
1.588962435722351074e+00
7.423572540283203125e+00
1.837947130203247070e+00
5.223294258117675781e+00
2.486679553985595703e+00
3.667773962020874023e+00
3.481387853622436523e+00
3.279109239578247070e+00
3.046851158142089844e+00
4.741173267364501953e+00
2.325581550598144531e+00
5.077947616577148438e+00
3.117785930633544922e+00
4.279624938964843750e+00
3.875085115432739258e+00
3.293111801147460938e+00
4.088655471801757812e+00
2.954476594924926758e+00
3.880335807800292969e+00
2.567462444305419922e+00
4.278270721435546875e+00
3.747694492340087891e+00
2.467145681381225586e+00
5.643467903137207031e+00
3.061649799346923828e+00
3.316950559616088867e+00
4.422848701477050781e+00
3.493150234222412109e+00
3.725356101989746094e+00
4.141159057617187500e+00
2.851347923278808594e+00
3.859849691390991211e+00
3.365502834320068359e+00
3.605417251586914062e+00
3.791330337524414062e+00
3.530697822570800781e+00
4.022884368896484375e+00
2.654284238815307617e+00
5.503159999847412109e+00
2.369601011276245117e+00
5.180121898651123047e+00
2.594873905181884766e+00
4.715170860290527344e+00
2.579453706741333008e+00
4.938488483428955078e+00
1.494339823722839355e+00
5.609013557434082031e+00
5.381578207015991211e-01
8.631517410278320312e+00
2.060412883758544922e+00
3.141035556793212891e+00
3.619880914688110352e+00
3.160684585571289062e+00
2.980236530303955078e+00
3.582829713821411133e+00
1.312457561492919922e+00
6.537166118621826172e+00
1.592519998550415039e+00
4.617191314697265625e+00
4.094439506530761719e+00
2.811804771423339844e+00
3.972847700119018555e+00
3.268467426300048828e+00
2.780608892440795898e+00
2.870152473449707031e+00
4.301801681518554688e+00
2.782539129257202148e+00
3.616142749786376953e+00
3.078683853149414062e+00
3.966804742813110352e+00
2.727843999862670898e+00
3.747303485870361328e+00
3.146833419799804688e+00
3.953643798828125000e+00
3.057977676391601562e+00
3.548742771148681641e+00
3.720876216888427734e+00
3.227816820144653320e+00
4.604053497314453125e+00
2.938413619995117188e+00
4.961575508117675781e+00
2.624769449234008789e+00
4.279732227325439453e+00
2.792993068695068359e+00
3.880744695663452148e+00
2.431759595870971680e+00
4.723540306091308594e+00
2.126660823822021484e+00
5.364573001861572266e+00
1.564316511154174805e+00
5.018147945404052734e+00
2.892710208892822266e+00
3.288178682327270508e+00
4.314549446105957031e+00
2.538322925567626953e+00
4.352963447570800781e+00
2.000292778015136719e+00
4.297202110290527344e+00
2.327324867248535156e+00
4.220021247863769531e+00
2.679022312164306641e+00
3.762099504470825195e+00
3.284307003021240234e+00
2.422081232070922852e+00
5.068341255187988281e+00
1.945688247680664062e+00
5.469701766967773438e+00
2.737811088562011719e+00
3.696628570556640625e+00
5.109469413757324219e+00
2.261689186096191406e+00
5.197458267211914062e+00
3.190529823303222656e+00
3.275127410888671875e+00
4.299990653991699219e+00
2.491513252258300781e+00
3.998040199279785156e+00
3.570830345153808594e+00
2.721913099288940430e+00
4.358174324035644531e+00
3.267393112182617188e+00
3.228097438812255859e+00
3.447113037109375000e+00
3.699443578720092773e+00
2.448770999908447266e+00
5.098913192749023438e+00
2.174495697021484375e+00
4.819343566894531250e+00
2.457961797714233398e+00
4.867311954498291016e+00
1.693366765975952148e+00
5.328355312347412109e+00
2.610114574432373047e+00
4.355474948883056641e+00
3.177986383438110352e+00
4.014078617095947266e+00
2.294507503509521484e+00
5.156061172485351562e+00
8.430724740028381348e-01
6.804949760437011719e+00
1.066224575042724609e+00
4.711301326751708984e+00
1.876609802246093750e+00
3.390937089920043945e+00
3.016505718231201172e+00
1.857779264450073242e+00
3.847947597503662109e+00
2.226158380508422852e+00
4.015763282775878906e+00
2.622967958450317383e+00
4.670181274414062500e+00
2.202628850936889648e+00
4.758929252624511719e+00
1.919777274131774902e+00
6.180110931396484375e+00
2.651325702667236328e+00
4.344859123229980469e+00
3.420775413513183594e+00
3.884420394897460938e+00
3.009832143783569336e+00
3.953802585601806641e+00
4.233901977539062500e+00
2.909498453140258789e+00
3.808670282363891602e+00
4.211257934570312500e+00
3.042758703231811523e+00
5.087738990783691406e+00
3.079558610916137695e+00
3.977535486221313477e+00
2.435098409652709961e+00
4.518737792968750000e+00
2.785876274108886719e+00
4.075078010559082031e+00
2.953377246856689453e+00
4.357534408569335938e+00
3.223714351654052734e+00
3.913356065750122070e+00
3.755185365676879883e+00
2.617016792297363281e+00
4.362571239471435547e+00
3.630382537841796875e+00
3.775816679000854492e+00
2.406469345092773438e+00
4.528691291809082031e+00
2.274278402328491211e+00
4.830948352813720703e+00
3.284010171890258789e+00
3.451616764068603516e+00
3.701743364334106445e+00
2.849213600158691406e+00
3.892835617065429688e+00
2.269653558731079102e+00
4.310363769531250000e+00
2.485749483108520508e+00
3.610592842102050781e+00
3.093472719192504883e+00
2.958189725875854492e+00
3.913646221160888672e+00
2.728829383850097656e+00
4.188144207000732422e+00
3.120528936386108398e+00
3.247867107391357422e+00
3.953529596328735352e+00
2.198785305023193359e+00
5.693773269653320312e+00
2.694202423095703125e+00
3.795844078063964844e+00
4.299119949340820312e+00
2.524306297302246094e+00
3.942724704742431641e+00
2.793304443359375000e+00
4.945199966430664062e+00
2.524586677551269531e+00
4.058665275573730469e+00
3.595211505889892578e+00
3.776691675186157227e+00
3.035449028015136719e+00
3.778555870056152344e+00
3.229963779449462891e+00
3.263361692428588867e+00
3.984539508819580078e+00
2.741498470306396484e+00
3.507604122161865234e+00
3.215205192565917969e+00
3.610925674438476562e+00
2.122237682342529297e+00
5.992337226867675781e+00
2.021896123886108398e+00
5.416110038757324219e+00
1.897185087203979492e+00
5.273535728454589844e+00
2.333606004714965820e+00
4.519713401794433594e+00
1.170124292373657227e+00
6.151856422424316406e+00
2.348769187927246094e+00
4.068248748779296875e+00
3.032510042190551758e+00
3.336508274078369141e+00
3.410169124603271484e+00
3.663965463638305664e+00
3.051482677459716797e+00
4.020206928253173828e+00
3.280932188034057617e+00
3.387096166610717773e+00
3.671860933303833008e+00
4.002333641052246094e+00
1.551026105880737305e+00
6.613947391510009766e+00
2.127127170562744141e+00
4.452900886535644531e+00
3.381573915481567383e+00
2.943442106246948242e+00
4.054865360260009766e+00
2.576438188552856445e+00
6.091110229492187500e+00
2.337786436080932617e+00
4.542142868041992188e+00
3.053616046905517578e+00
3.690605640411376953e+00
4.190830707550048828e+00
2.110243797302246094e+00
4.658275127410888672e+00
2.250615596771240234e+00
3.965356826782226562e+00
2.992558479309082031e+00
3.267642974853515625e+00
3.266597032546997070e+00
3.535451889038085938e+00
2.091665267944335938e+00
5.261635780334472656e+00
8.935480117797851562e-01
5.479702949523925781e+00
3.060303926467895508e+00
2.141163349151611328e+00
6.018526077270507812e+00
2.328084468841552734e+00
4.045309066772460938e+00
3.246765613555908203e+00
3.017464637756347656e+00
4.403533458709716797e+00
1.127306222915649414e+00
6.556547164916992188e+00
2.547358512878417969e+00
4.184804916381835938e+00
4.554760932922363281e+00
1.496527671813964844e+00
5.643013000488281250e+00
3.144645452499389648e+00
2.829361677169799805e+00
4.212826251983642578e+00
2.877198696136474609e+00
3.029347419738769531e+00
3.287708282470703125e+00
2.880365371704101562e+00
3.437867403030395508e+00
2.992379665374755859e+00
3.495666027069091797e+00
2.126750946044921875e+00
4.343694686889648438e+00
2.293280124664306641e+00
3.135262489318847656e+00
3.983035802841186523e+00
2.728145837783813477e+00
3.561625957489013672e+00
2.923324346542358398e+00
3.245034933090209961e+00
3.619636535644531250e+00
3.373213529586791992e+00
3.222404956817626953e+00
3.190177917480468750e+00
3.203380584716796875e+00
4.017114639282226562e+00
2.074206352233886719e+00
5.004909515380859375e+00
2.063160896301269531e+00
4.893771171569824219e+00
2.492672204971313477e+00
4.314193725585937500e+00
3.381108760833740234e+00
3.239713191986083984e+00
3.994787216186523438e+00
1.813658714294433594e+00
5.336683273315429688e+00
1.146139025688171387e+00
6.165493011474609375e+00
1.750788211822509766e+00
4.286808967590332031e+00
2.503083944320678711e+00
4.545248031616210938e+00
2.742158889770507812e+00
4.025014877319335938e+00
3.205262660980224609e+00
3.334196329116821289e+00
3.950812101364135742e+00
2.229634761810302734e+00
5.395976066589355469e+00
2.391837596893310547e+00
4.456937313079833984e+00
3.553800344467163086e+00
3.305215597152709961e+00
3.706618070602416992e+00
3.427274227142333984e+00
3.476218223571777344e+00
3.119885444641113281e+00
4.149884700775146484e+00
2.633045911788940430e+00
3.956050872802734375e+00
3.115948200225830078e+00
4.016989231109619141e+00
3.644512176513671875e+00
2.016650438308715820e+00
6.702525138854980469e+00
1.690892457962036133e+00
6.088348388671875000e+00
3.953187942504882812e+00
2.960325002670288086e+00
5.223613739013671875e+00
2.737505912780761719e+00
5.586854457855224609e+00
1.679332971572875977e+00
5.238541126251220703e+00
1.969822645187377930e+00
4.653597831726074219e+00
3.371605157852172852e+00
3.830634117126464844e+00
3.089454174041748047e+00
3.513810396194458008e+00
2.946132183074951172e+00
3.473220825195312500e+00
2.721072196960449219e+00
4.779431343078613281e+00
1.493893384933471680e+00
5.093845844268798828e+00
1.654088497161865234e+00
4.982942581176757812e+00
3.186806678771972656e+00
3.720045566558837891e+00
3.579696178436279297e+00
2.472802162170410156e+00
5.146074295043945312e+00
2.582995414733886719e+00
3.657924652099609375e+00
3.523083209991455078e+00
2.888173580169677734e+00
4.675183773040771484e+00
2.798167705535888672e+00
3.866450309753417969e+00
3.748612880706787109e+00
2.519452095031738281e+00
4.681383132934570312e+00
3.017387628555297852e+00
3.606926441192626953e+00
3.710340023040771484e+00
3.671839237213134766e+00
3.291931629180908203e+00
3.721230506896972656e+00
3.239536046981811523e+00
4.082353591918945312e+00
2.669959545135498047e+00
5.291011810302734375e+00
3.398421764373779297e+00
3.465900421142578125e+00
4.191702365875244141e+00
1.700236797332763672e+00
5.657496452331542969e+00
2.333852767944335938e+00
3.702135086059570312e+00
4.007614135742187500e+00
2.867877006530761719e+00
4.028143405914306641e+00
2.490932941436767578e+00
3.646793842315673828e+00
2.744189500808715820e+00
3.982781648635864258e+00
2.381499290466308594e+00
4.690414428710937500e+00
2.869046926498413086e+00
4.375309467315673828e+00
1.718291521072387695e+00
5.488062858581542969e+00
1.798392295837402344e+00
5.437788009643554688e+00
3.064020872116088867e+00
3.545713424682617188e+00
3.847565174102783203e+00
2.952263355255126953e+00
4.372951030731201172e+00
2.108856201171875000e+00
5.567070960998535156e+00
2.717714786529541016e+00
4.090213775634765625e+00
2.955534934997558594e+00
3.995919227600097656e+00
2.029661417007446289e+00
4.354989528656005859e+00
1.383507370948791504e+00
5.475199699401855469e+00
3.049732923507690430e+00
2.887643098831176758e+00
3.210981845855712891e+00
4.050387382507324219e+00
3.045210599899291992e+00
3.420211791992187500e+00
3.525499105453491211e+00
3.793097019195556641e+00
3.118087768554687500e+00
3.905738830566406250e+00
3.563098430633544922e+00
1.663990974426269531e+00
6.815823078155517578e+00
1.876336336135864258e+00
3.954910039901733398e+00
3.865526437759399414e+00
3.679167032241821289e+00
4.233626842498779297e+00
2.772961139678955078e+00
5.721364021301269531e+00
1.154432892799377441e+00
5.905387878417968750e+00
1.826359510421752930e+00
5.118538856506347656e+00
2.590746402740478516e+00
5.404193878173828125e+00
3.207544326782226562e+00
3.967590808868408203e+00
2.917158365249633789e+00
4.549040794372558594e+00
1.489658951759338379e+00
6.491365432739257812e+00
3.744600296020507812e+00
3.432069301605224609e+00
4.028546333312988281e+00
3.925451278686523438e+00
3.475293159484863281e+00
3.620396614074707031e+00
4.794271469116210938e+00
2.959164142608642578e+00
5.163832187652587891e+00
2.693073272705078125e+00
4.522589683532714844e+00
3.575866699218750000e+00
4.060937404632568359e+00
3.482452392578125000e+00
4.723299026489257812e+00
2.898744106292724609e+00
5.235579490661621094e+00
1.090470075607299805e+00
5.897985458374023438e+00
8.365088701248168945e-01
5.237061500549316406e+00
2.200526714324951172e+00
3.563507080078125000e+00
3.506863832473754883e+00
2.129263162612915039e+00
5.189306259155273438e+00
1.477961659431457520e+00
5.032141685485839844e+00
3.472392559051513672e+00
2.485246658325195312e+00
3.976944923400878906e+00
1.631830334663391113e+00
4.927388191223144531e+00
1.549687743186950684e+00
4.830784797668457031e+00
1.285080909729003906e+00
6.601891517639160156e+00
2.550386190414428711e+00
3.923616886138916016e+00
3.129248142242431641e+00
4.138597488403320312e+00
1.849184751510620117e+00
5.547914505004882812e+00
2.801879882812500000e+00
4.289858341217041016e+00
1.728723764419555664e+00
4.574537277221679688e+00
3.573935508728027344e+00
1.517743825912475586e+00
5.864828109741210938e+00
2.848359584808349609e+00
2.859776020050048828e+00
3.930047035217285156e+00
3.195779800415039062e+00
2.945917367935180664e+00
3.778511762619018555e+00
2.281492233276367188e+00
5.054031848907470703e+00
3.055194616317749023e+00
2.606918811798095703e+00
4.513516902923583984e+00
2.500930786132812500e+00
4.682583808898925781e+00
2.686164855957031250e+00
3.850235939025878906e+00
3.409637928009033203e+00
2.769000053405761719e+00
4.502282619476318359e+00
3.052235603332519531e+00
2.977889060974121094e+00
3.905016660690307617e+00
3.172968864440917969e+00
2.977698802947998047e+00
4.028497695922851562e+00
3.366294384002685547e+00
4.069889068603515625e+00
2.450251579284667969e+00
5.071816921234130859e+00
2.657289981842041016e+00
3.904448986053466797e+00
3.641462802886962891e+00
3.901079177856445312e+00
4.018318176269531250e+00
2.645671367645263672e+00
5.165259838104248047e+00
1.645622611045837402e+00
5.628155231475830078e+00
2.576134204864501953e+00
4.317374229431152344e+00
2.532419681549072266e+00
4.161323547363281250e+00
2.731789112091064453e+00
4.304014205932617188e+00
1.171440124511718750e+00
6.985617637634277344e+00
3.723609924316406250e+00
2.300814151763916016e+00
5.381856441497802734e+00
2.576464891433715820e+00
4.037720680236816406e+00
3.614760875701904297e+00
2.042485475540161133e+00
6.005102157592773438e+00
1.164761066436767578e+00
5.298365592956542969e+00
2.319270133972167969e+00
3.700103759765625000e+00
3.952865362167358398e+00
1.858944177627563477e+00
4.813326835632324219e+00
2.005190134048461914e+00
4.942764759063720703e+00
2.419781684875488281e+00
3.618110179901123047e+00
3.948535442352294922e+00
2.675358772277832031e+00
4.164235115051269531e+00
2.936624765396118164e+00
3.714488983154296875e+00
3.456837177276611328e+00
2.242762327194213867e+00
5.394658088684082031e+00
3.487530708312988281e+00
2.880028247833251953e+00
4.313620090484619141e+00
3.260951519012451172e+00
3.114328384399414062e+00
3.967396974563598633e+00
3.444450616836547852e+00
3.615978956222534180e+00
3.507916927337646484e+00
3.439531803131103516e+00
3.835509300231933594e+00
2.813628673553466797e+00
4.718945503234863281e+00
3.275373697280883789e+00
3.191180229187011719e+00
4.158248901367187500e+00
2.646031141281127930e+00
5.293799400329589844e+00
1.771216630935668945e+00
4.684433937072753906e+00
3.152051687240600586e+00
3.202737331390380859e+00
4.098889350891113281e+00
2.603553056716918945e+00
3.932581663131713867e+00
3.705721855163574219e+00
3.324779987335205078e+00
1.168527841567993164e+00
6.272732257843017578e+00
1.423469066619873047e+00
3.942979812622070312e+00
2.473510980606079102e+00
4.321295738220214844e+00
1.619213581085205078e+00
6.119521141052246094e+00
1.329729199409484863e+00
5.713180065155029297e+00
2.144672393798828125e+00
4.932759284973144531e+00
2.292145252227783203e+00
4.762435913085937500e+00
3.020719766616821289e+00
4.033400535583496094e+00
2.069883823394775391e+00
5.690649986267089844e+00
1.625575304031372070e+00
5.735452175140380859e+00
1.079569101333618164e+00
5.390290260314941406e+00
3.369829654693603516e+00
2.909929990768432617e+00
4.362402439117431641e+00
2.790391683578491211e+00
3.773798227310180664e+00
3.116062402725219727e+00
2.818329572677612305e+00
4.555191040039062500e+00
2.396117687225341797e+00
3.464332103729248047e+00
3.558788299560546875e+00
2.879280090332031250e+00
5.026859283447265625e+00
2.282095432281494141e+00
3.945953369140625000e+00
3.548960685729980469e+00
3.267833232879638672e+00
3.882629156112670898e+00
2.839576959609985352e+00
3.447886943817138672e+00
3.273058891296386719e+00
3.486534595489501953e+00
3.928055763244628906e+00
2.126180171966552734e+00
6.924304008483886719e+00
2.324984073638916016e+00
4.772065162658691406e+00
2.741037845611572266e+00
6.315533161163330078e+00
7.741126418113708496e-01
6.555948257446289062e+00
8.191658258438110352e-01
5.279706954956054688e+00
2.483766794204711914e+00
2.844615936279296875e+00
4.162760734558105469e+00
3.349134445190429688e+00
2.162262439727783203e+00
4.993065834045410156e+00
2.058217525482177734e+00
4.723962783813476562e+00
2.763482093811035156e+00
2.985710620880126953e+00
3.728862285614013672e+00
2.027645111083984375e+00
5.609313488006591797e+00
2.534245014190673828e+00
3.464509010314941406e+00
4.066843032836914062e+00
2.474311590194702148e+00
4.502865791320800781e+00
2.816099643707275391e+00
3.894613265991210938e+00
2.679038047790527344e+00
4.195076942443847656e+00
2.751170635223388672e+00
4.584306716918945312e+00
2.783544063568115234e+00
4.282801628112792969e+00
3.864578723907470703e+00
2.912474870681762695e+00
3.578745841979980469e+00
2.686001539230346680e+00
3.874170541763305664e+00
2.390527725219726562e+00
4.144351959228515625e+00
4.191209316253662109e+00
3.052043914794921875e+00
3.552879333496093750e+00
4.038406372070312500e+00
3.167786836624145508e+00
4.272462844848632812e+00
3.043721199035644531e+00
5.018033027648925781e+00
2.302920818328857422e+00
4.503311157226562500e+00
3.749229431152343750e+00
3.196370601654052734e+00
4.325226783752441406e+00
3.010800600051879883e+00
3.464760065078735352e+00
4.616894245147705078e+00
2.157350063323974609e+00
5.056204795837402344e+00
2.865693092346191406e+00
3.443221092224121094e+00
3.806725502014160156e+00
2.785433292388916016e+00
4.476636409759521484e+00
2.352544307708740234e+00
4.156248092651367188e+00
1.604557394981384277e+00
4.903469085693359375e+00
1.933028459548950195e+00
4.366202831268310547e+00
3.225592851638793945e+00
3.465062379837036133e+00
3.117164850234985352e+00
3.274733066558837891e+00
3.101204395294189453e+00
2.954094886779785156e+00
3.455431461334228516e+00
2.855305671691894531e+00
3.350790977478027344e+00
3.655938625335693359e+00
3.660660505294799805e+00
2.951928853988647461e+00
3.887970924377441406e+00
2.386499881744384766e+00
5.311808109283447266e+00
7.144342660903930664e-01
6.874088287353515625e+00
1.404564976692199707e+00
4.699107646942138672e+00
2.066880226135253906e+00
4.540573120117187500e+00
3.239493846893310547e+00
3.269991636276245117e+00
3.846352577209472656e+00
2.565040826797485352e+00
5.411936283111572266e+00
1.709501624107360840e+00
5.106806755065917969e+00
2.975960731506347656e+00
3.691389560699462891e+00
4.338982582092285156e+00
2.665543079376220703e+00
4.358080863952636719e+00
2.952212333679199219e+00
4.196810722351074219e+00
2.938748121261596680e+00
3.682075977325439453e+00
3.050856351852416992e+00
3.633073091506958008e+00
2.959388017654418945e+00
3.476705551147460938e+00
3.682594299316406250e+00
3.343538284301757812e+00
3.660776853561401367e+00
2.586803436279296875e+00
4.153416633605957031e+00
2.501858711242675781e+00
4.558444976806640625e+00
2.944550037384033203e+00
3.088212013244628906e+00
4.541647911071777344e+00
1.172336578369140625e+00
6.350538253784179688e+00
1.063399434089660645e+00
5.374610900878906250e+00
2.365616559982299805e+00
3.369657516479492188e+00
4.492434501647949219e+00
1.713114261627197266e+00
6.250152111053466797e+00
1.967778444290161133e+00
3.043167591094970703e+00
3.539947032928466797e+00
2.307513236999511719e+00
3.609232425689697266e+00
3.628962516784667969e+00
3.173822879791259766e+00
3.380758047103881836e+00
2.818701744079589844e+00
4.901752471923828125e+00
1.984830141067504883e+00
5.144751071929931641e+00
2.474497318267822266e+00
3.676642179489135742e+00
3.304574012756347656e+00
3.977497339248657227e+00
2.527151107788085938e+00
4.113958358764648438e+00
3.101900100708007812e+00
3.962665557861328125e+00
3.980372428894042969e+00
1.760668277740478516e+00
6.386302947998046875e+00
2.535617828369140625e+00
4.229001522064208984e+00
2.355351209640502930e+00
4.297988891601562500e+00
3.785312175750732422e+00
2.668554544448852539e+00
4.390684604644775391e+00
2.843949794769287109e+00
4.363355636596679688e+00
2.556546688079833984e+00
2.981538295745849609e+00
3.845823764801025391e+00
2.242151975631713867e+00
4.603734016418457031e+00
2.880464076995849609e+00
3.781479358673095703e+00
3.197071552276611328e+00
3.244588375091552734e+00
3.663394451141357422e+00
2.946694612503051758e+00
3.778891563415527344e+00
3.831871509552001953e+00
2.515466213226318359e+00
4.066271781921386719e+00
2.462515354156494141e+00
4.550271987915039062e+00
2.468461036682128906e+00
4.058301448822021484e+00
3.261810302734375000e+00
3.046937704086303711e+00
3.518537044525146484e+00
3.704754114151000977e+00
2.717029094696044922e+00
4.014813423156738281e+00
2.440114498138427734e+00
3.761636257171630859e+00
2.690185546875000000e+00
4.277961254119873047e+00
3.060424804687500000e+00
2.910854816436767578e+00
3.711548328399658203e+00
2.835505247116088867e+00
3.880530834197998047e+00
3.245862960815429688e+00
3.700572013854980469e+00
3.269364356994628906e+00
3.619173526763916016e+00
2.743328571319580078e+00
5.166779994964599609e+00
3.648279190063476562e+00
2.858736276626586914e+00
5.119849681854248047e+00
2.538145065307617188e+00
5.991474151611328125e+00
1.971797704696655273e+00
4.701628684997558594e+00
3.120842218399047852e+00
2.684105157852172852e+00
4.306113719940185547e+00
2.041553974151611328e+00
4.759316444396972656e+00
2.302864074707031250e+00
4.160645484924316406e+00
2.849754810333251953e+00
4.068368911743164062e+00
2.265954494476318359e+00
4.904392719268798828e+00
1.871253490447998047e+00
5.772732734680175781e+00
2.487032413482666016e+00
5.389962196350097656e+00
2.399904251098632812e+00
4.720925331115722656e+00
2.323918581008911133e+00
5.498609066009521484e+00
3.195649385452270508e+00
4.427428245544433594e+00
2.764925718307495117e+00
5.120889663696289062e+00
2.590776681900024414e+00
5.404304504394531250e+00
9.042561054229736328e-01
6.965842247009277344e+00
1.232480525970458984e+00
5.596055030822753906e+00
1.234097123146057129e+00
4.814526557922363281e+00
4.485585212707519531e+00
2.531346797943115234e+00
4.163416862487792969e+00
3.272844076156616211e+00
2.631337642669677734e+00
6.190551757812500000e+00
2.397484779357910156e+00
3.945151805877685547e+00
3.603093147277832031e+00
2.229286909103393555e+00
5.837711811065673828e+00
2.331000089645385742e+00
3.446033239364624023e+00
4.229312896728515625e+00
2.685497045516967773e+00
4.862445831298828125e+00
2.871118545532226562e+00
4.150395393371582031e+00
2.448518514633178711e+00
4.861856460571289062e+00
2.765680789947509766e+00
3.830121994018554688e+00
3.483518123626708984e+00
4.221450805664062500e+00
3.724712610244750977e+00
3.024476528167724609e+00
5.289777278900146484e+00
2.909948348999023438e+00
4.261181831359863281e+00
1.544389247894287109e+00
5.669201374053955078e+00
2.417357683181762695e+00
4.055939197540283203e+00
2.973995685577392578e+00
3.886615514755249023e+00
3.901767015457153320e+00
1.476040601730346680e+00
6.076756477355957031e+00
4.357030868530273438e+00
2.239398956298828125e+00
5.324003696441650391e+00
1.743042945861816406e+00
5.950856208801269531e+00
2.125155448913574219e+00
3.800292491912841797e+00
3.179013729095458984e+00
2.831431388854980469e+00
3.497565269470214844e+00
3.712751626968383789e+00
2.576037645339965820e+00
3.360853433609008789e+00
3.314144849777221680e+00
3.773774862289428711e+00
3.100133180618286133e+00
2.442146539688110352e+00
5.216663360595703125e+00
1.332459211349487305e+00
6.317162513732910156e+00
2.030394315719604492e+00
4.335478782653808594e+00
3.945291519165039062e+00
2.169724225997924805e+00
4.686796188354492188e+00
1.470227241516113281e+00
5.827176570892333984e+00
2.726136445999145508e+00
3.263893127441406250e+00
4.028702735900878906e+00
2.948759555816650391e+00
3.600974559783935547e+00
3.701415538787841797e+00
3.844628095626831055e+00
2.672915697097778320e+00
4.842683315277099609e+00
3.635194301605224609e+00
3.374764442443847656e+00
4.370124816894531250e+00
3.200374603271484375e+00
3.294118881225585938e+00
4.061732292175292969e+00
3.850143432617187500e+00
2.550619840621948242e+00
5.832623481750488281e+00
1.999685168266296387e+00
4.135587692260742188e+00
3.799366950988769531e+00
2.571377277374267578e+00
4.936513900756835938e+00
2.620414495468139648e+00
4.107577800750732422e+00
3.406838417053222656e+00
2.930801153182983398e+00
4.056601047515869141e+00
2.852309942245483398e+00
3.909704685211181641e+00
3.566815376281738281e+00
3.083985567092895508e+00
4.181445121765136719e+00
1.943888902664184570e+00
5.851650238037109375e+00
1.957364082336425781e+00
3.659912824630737305e+00
2.849400520324707031e+00
3.342830181121826172e+00
3.298041820526123047e+00
2.451294898986816406e+00
5.216792106628417969e+00
1.777878761291503906e+00
5.141077995300292969e+00
2.327131271362304688e+00
4.442339420318603516e+00
3.424173593521118164e+00
2.276386260986328125e+00
5.389892101287841797e+00
1.035402059555053711e+00
8.325537681579589844e+00
1.442520260810852051e+00
3.931514501571655273e+00
2.153428554534912109e+00
4.984953403472900391e+00
7.437077760696411133e-01
6.603000640869140625e+00
2.937124490737915039e+00
3.687946081161499023e+00
3.701617717742919922e+00
1.904397249221801758e+00
5.905074119567871094e+00
2.506047248840332031e+00
3.669046401977539062e+00
3.967972278594970703e+00
2.411050796508789062e+00
5.135635375976562500e+00
3.044446945190429688e+00
3.782244205474853516e+00
3.613656044006347656e+00
2.549584150314331055e+00
4.043355941772460938e+00
3.942393302917480469e+00
2.108626365661621094e+00
5.987517356872558594e+00
3.671414375305175781e+00
2.637006044387817383e+00
5.594342231750488281e+00
2.367161273956298828e+00
3.554810762405395508e+00
3.883571624755859375e+00
3.632090091705322266e+00
2.537369489669799805e+00
3.428724050521850586e+00
4.723245620727539062e+00
1.174908041954040527e+00
5.738818168640136719e+00
2.571800708770751953e+00
3.699980258941650391e+00
4.461506366729736328e+00
2.615790843963623047e+00
3.440181255340576172e+00
4.458996772766113281e+00
3.091510772705078125e+00
3.407219409942626953e+00
3.151449680328369141e+00
4.195825576782226562e+00
2.101455688476562500e+00
4.896789550781250000e+00
1.941637396812438965e+00
4.588490486145019531e+00
3.356148242950439453e+00
3.484228610992431641e+00
3.882854700088500977e+00
2.106742858886718750e+00
5.715441703796386719e+00
3.315082073211669922e+00
3.092743635177612305e+00
4.169426918029785156e+00
3.226157903671264648e+00
3.065481424331665039e+00
4.707774162292480469e+00
2.622436046600341797e+00
4.477958679199218750e+00
2.272886276245117188e+00
4.195063114166259766e+00
2.737031698226928711e+00
4.230485439300537109e+00
1.905061006546020508e+00
4.639517784118652344e+00
3.208827018737792969e+00
2.493281364440917969e+00
5.263578414916992188e+00
1.972880482673645020e+00
5.430204391479492188e+00
2.399195432662963867e+00
4.624247550964355469e+00
2.590509891510009766e+00
3.125552177429199219e+00
4.105406761169433594e+00
3.474676370620727539e+00
5.163213253021240234e+00
1.045665025711059570e+00
6.350896835327148438e+00
3.727375507354736328e+00
3.151013374328613281e+00
4.731239318847656250e+00
3.845137834548950195e+00
2.666968107223510742e+00
4.346470832824707031e+00
1.761238574981689453e+00
5.865514755249023438e+00
2.365352869033813477e+00
4.627234458923339844e+00
2.727074146270751953e+00
4.256697654724121094e+00
2.324188709259033203e+00
4.545433998107910156e+00
2.829371929168701172e+00
3.685427188873291016e+00
3.181347131729125977e+00
5.269106388092041016e+00
1.109042167663574219e+00
5.641919136047363281e+00
1.505415320396423340e+00
5.571164131164550781e+00
2.479756355285644531e+00
3.742094993591308594e+00
4.524092674255371094e+00
2.682945728302001953e+00
5.012042045593261719e+00
1.960670351982116699e+00
4.846261501312255859e+00
3.063141107559204102e+00
4.038128376007080078e+00
3.439503908157348633e+00
4.426827430725097656e+00
3.105602264404296875e+00
3.496442317962646484e+00
4.326351165771484375e+00
2.989072561264038086e+00
3.402531623840332031e+00
4.621020793914794922e+00
3.150184869766235352e+00
4.041241168975830078e+00
3.037833690643310547e+00
3.848592519760131836e+00
3.326291799545288086e+00
4.028734207153320312e+00
2.685567140579223633e+00
2.716150283813476562e+00
5.180320739746093750e+00
1.992852687835693359e+00
4.784348011016845703e+00
2.843446254730224609e+00
5.512476921081542969e+00
9.188106656074523926e-01
6.448183536529541016e+00
2.793238639831542969e+00
2.566908359527587891e+00
3.859434127807617188e+00
1.206949114799499512e+00
5.192171096801757812e+00
3.501421689987182617e+00
3.038750886917114258e+00
4.221117496490478516e+00
2.142620563507080078e+00
4.942851066589355469e+00
2.410519123077392578e+00
3.037267923355102539e+00
3.688316822052001953e+00
3.679168701171875000e+00
2.607279300689697266e+00
5.265267372131347656e+00
1.066586494445800781e+00
5.156690597534179688e+00
3.137484073638916016e+00
3.794576168060302734e+00
2.261428594589233398e+00
4.187424659729003906e+00
3.032666206359863281e+00
3.130209207534790039e+00
3.767261981964111328e+00
2.405716419219970703e+00
4.344103813171386719e+00
2.982616901397705078e+00
3.542515277862548828e+00
3.229314804077148438e+00
3.787871837615966797e+00
2.398658037185668945e+00
4.848502159118652344e+00
2.205187082290649414e+00
4.865075111389160156e+00
2.222692489624023438e+00
3.498459339141845703e+00
3.118047475814819336e+00
2.742141246795654297e+00
3.539965629577636719e+00
3.319357633590698242e+00
3.296005010604858398e+00
2.575006961822509766e+00
4.132329463958740234e+00
3.579594373703002930e+00
2.592487812042236328e+00
4.669795989990234375e+00
1.172832727432250977e+00
6.212749958038330078e+00
2.262652397155761719e+00
5.199416637420654297e+00
1.423485517501831055e+00
6.067970275878906250e+00
1.214699268341064453e+00
5.125011920928955078e+00
3.340395927429199219e+00
3.739361524581909180e+00
3.392041206359863281e+00
3.349918842315673828e+00
3.546559810638427734e+00
2.982848882675170898e+00
3.163883924484252930e+00
3.928971767425537109e+00
1.994245290756225586e+00
5.500896930694580078e+00
3.156932592391967773e+00
3.435279846191406250e+00
3.891571998596191406e+00
3.089127540588378906e+00
3.712196826934814453e+00
3.127677440643310547e+00
3.180610895156860352e+00
3.801483869552612305e+00
2.412067890167236328e+00
5.208775997161865234e+00
1.224050998687744141e+00
6.294736862182617188e+00
2.813757896423339844e+00
2.780516147613525391e+00
5.426733016967773438e+00
3.300752162933349609e+00
2.328696966171264648e+00
5.304152965545654297e+00
1.999200820922851562e+00
5.309244155883789062e+00
1.924793720245361328e+00
5.126332283020019531e+00
1.535025835037231445e+00
5.321652889251708984e+00
2.323442697525024414e+00
4.330062389373779297e+00
2.808863401412963867e+00
4.878436088562011719e+00
2.611700534820556641e+00
4.220737457275390625e+00
1.598822832107543945e+00
5.865287780761718750e+00
1.708327531814575195e+00
4.329686164855957031e+00
3.946439743041992188e+00
2.213000297546386719e+00
5.118373870849609375e+00
1.817306995391845703e+00
5.214745044708251953e+00
2.440274715423583984e+00
3.739540100097656250e+00
2.844900608062744141e+00
3.121465206146240234e+00
3.702361822128295898e+00
2.021063327789306641e+00
4.285480976104736328e+00
2.268126487731933594e+00
4.336783885955810547e+00
3.555278778076171875e+00
2.875244617462158203e+00
2.759708404541015625e+00
3.790087223052978516e+00
3.024790287017822266e+00
2.692593574523925781e+00
3.865416049957275391e+00
2.669083595275878906e+00
3.711560487747192383e+00
2.907955169677734375e+00
3.096422195434570312e+00
3.660811662673950195e+00
2.877933979034423828e+00
3.518544197082519531e+00
3.174774408340454102e+00
3.049160480499267578e+00
3.501834392547607422e+00
3.069107055664062500e+00
3.301402091979980469e+00
3.791715145111083984e+00
1.570766448974609375e+00
5.811532974243164062e+00
1.378646612167358398e+00
5.381093978881835938e+00
1.851891994476318359e+00
5.405695438385009766e+00
2.783980607986450195e+00
4.321850776672363281e+00
3.269774675369262695e+00
3.120616197586059570e+00
5.188721179962158203e+00
1.861464977264404297e+00
4.451708793640136719e+00
2.163990259170532227e+00
3.727621555328369141e+00
2.231240272521972656e+00
4.948762893676757812e+00
2.860141992568969727e+00
4.269116878509521484e+00
2.477625608444213867e+00
5.258353233337402344e+00
1.269624829292297363e+00
4.821516990661621094e+00
2.854589700698852539e+00
4.066906929016113281e+00
3.158988475799560547e+00
4.118951320648193359e+00
2.603729248046875000e+00
4.594062805175781250e+00
2.333818435668945312e+00
4.909451484680175781e+00
2.798360109329223633e+00
4.329756736755371094e+00
2.583421707153320312e+00
5.531439781188964844e+00
1.516794204711914062e+00
6.579811096191406250e+00
1.773183345794677734e+00
5.733101844787597656e+00
3.331345558166503906e+00
3.724832534790039062e+00
3.226590394973754883e+00
4.925539016723632812e+00
2.405563831329345703e+00
3.810935497283935547e+00
4.743243694305419922e+00
3.483115196228027344e+00
3.969479322433471680e+00
3.699557781219482422e+00
2.900276184082031250e+00
4.563916206359863281e+00
1.563388824462890625e+00
7.138308525085449219e+00
2.135051012039184570e+00
5.359546661376953125e+00
1.907453536987304688e+00
5.770146369934082031e+00
2.459188938140869141e+00
6.091834068298339844e+00
2.342432737350463867e+00
5.857268333435058594e+00
2.542422533035278320e+00
3.541854381561279297e+00
5.646256446838378906e+00
2.778789043426513672e+00
5.132536888122558594e+00
3.753181457519531250e+00
3.524631977081298828e+00
4.309055328369140625e+00
2.862279653549194336e+00
4.670210838317871094e+00
3.072940587997436523e+00
2.928089618682861328e+00
5.338843345642089844e+00
1.888715267181396484e+00
5.927140235900878906e+00
3.342549324035644531e+00
3.266212940216064453e+00
4.247076511383056641e+00
2.423835754394531250e+00
5.683262825012207031e+00
3.008739709854125977e+00
4.002573966979980469e+00
3.202007532119750977e+00
3.526364088058471680e+00
4.517114162445068359e+00
3.386849403381347656e+00
3.465120315551757812e+00
4.487326622009277344e+00
2.530500411987304688e+00
5.683607101440429688e+00
3.969562292098999023e+00
3.554892063140869141e+00
4.239248275756835938e+00
2.742576837539672852e+00
4.800318717956542969e+00
2.143200635910034180e+00
5.013662338256835938e+00
2.654839754104614258e+00
5.821571826934814453e+00
2.733355045318603516e+00
4.672307014465332031e+00
2.404196262359619141e+00
4.785608768463134766e+00
2.743580818176269531e+00
4.231430530548095703e+00
2.905495643615722656e+00
2.942098140716552734e+00
4.594661712646484375e+00
2.235233783721923828e+00
5.569672584533691406e+00
2.126946687698364258e+00
4.372438430786132812e+00
4.674301624298095703e+00
1.660096645355224609e+00
5.584927082061767578e+00
4.973001003265380859e+00
6.229983568191528320e-01
7.468918800354003906e+00
2.779310703277587891e+00
2.680201292037963867e+00
5.851472854614257812e+00
1.489432573318481445e+00
4.443409919738769531e+00
2.922458171844482422e+00
4.365284919738769531e+00
2.486945152282714844e+00
4.621202468872070312e+00
3.563584566116333008e+00
3.806433439254760742e+00
3.759371757507324219e+00
3.265170097351074219e+00
3.808752298355102539e+00
4.366346836090087891e+00
2.803799390792846680e+00
4.715986728668212891e+00
3.649566173553466797e+00
3.229535579681396484e+00
4.975955963134765625e+00
2.188433647155761719e+00
5.994367122650146484e+00
2.967258930206298828e+00
4.398408889770507812e+00
3.024204730987548828e+00
5.282457351684570312e+00
2.184558391571044922e+00
4.743001461029052734e+00
2.692872524261474609e+00
4.776736259460449219e+00
3.310029268264770508e+00
4.222972869873046875e+00
3.223459005355834961e+00
5.390250205993652344e+00
9.539956450462341309e-01
7.895082473754882812e+00
3.488687753677368164e+00
2.996700763702392578e+00
5.056920051574707031e+00
1.736679553985595703e+00
5.535124301910400391e+00
2.162912845611572266e+00
4.231462955474853516e+00
3.132814168930053711e+00
2.945181369781494141e+00
3.924127578735351562e+00
2.624015331268310547e+00
5.212234020233154297e+00
2.660232305526733398e+00
5.066954612731933594e+00
3.726574182510375977e+00
3.266698360443115234e+00
4.365578651428222656e+00
3.342029094696044922e+00
3.536223888397216797e+00
4.030812263488769531e+00
2.788178920745849609e+00
4.224578857421875000e+00
2.123416185379028320e+00
4.430419921875000000e+00
3.170166015625000000e+00
5.262851238250732422e+00
2.159228086471557617e+00
5.379915237426757812e+00
3.911982774734497070e+00
3.565128326416015625e+00
3.458760976791381836e+00
3.471270561218261719e+00
3.100080013275146484e+00
4.096755981445312500e+00
3.449751138687133789e+00
2.745096683502197266e+00
3.410762071609497070e+00
2.667394161224365234e+00
4.267190933227539062e+00
1.853514671325683594e+00
4.838375568389892578e+00
1.063814878463745117e+00
5.789048194885253906e+00
3.415567398071289062e+00
2.859372138977050781e+00
4.024224281311035156e+00
2.631737709045410156e+00
4.427556991577148438e+00
2.625906467437744141e+00
4.599209785461425781e+00
3.290021419525146484e+00
4.435311317443847656e+00
3.133250713348388672e+00
4.840016841888427734e+00
3.425296306610107422e+00
2.056849479675292969e+00
5.374505996704101562e+00
2.697887182235717773e+00
3.754484653472900391e+00
5.590459823608398438e+00
3.308185100555419922e+00
2.789549827575683594e+00
5.700976848602294922e+00
2.573514938354492188e+00
4.003952026367187500e+00
3.916154146194458008e+00
2.447156190872192383e+00
5.134902954101562500e+00
1.483420014381408691e+00
5.894808769226074219e+00
1.550662755966186523e+00
6.901721954345703125e+00
1.500951766967773438e+00
5.290019989013671875e+00
3.029151916503906250e+00
4.325656890869140625e+00
2.887171745300292969e+00
4.191949844360351562e+00
4.049486160278320312e+00
2.400801658630371094e+00
6.417253494262695312e+00
3.603096008300781250e+00
4.222467422485351562e+00
2.835255622863769531e+00
4.724452495574951172e+00
1.695221304893493652e+00
5.631476879119873047e+00
2.579716205596923828e+00
5.383419990539550781e+00
3.844637155532836914e+00
2.459749937057495117e+00
5.527784347534179688e+00
3.341352939605712891e+00
3.708936691284179688e+00
3.061272621154785156e+00
3.530686855316162109e+00
4.035646915435791016e+00
3.406221389770507812e+00
2.997231245040893555e+00
2.807316780090332031e+00
4.987996101379394531e+00
2.815996885299682617e+00
2.253122806549072266e+00
6.488127708435058594e+00
1.470832586288452148e+00
7.240237236022949219e+00
9.748077392578125000e-01
6.202239990234375000e+00
1.649328351020812988e+00
4.666835784912109375e+00
3.694855213165283203e+00
2.419769763946533203e+00
4.902009010314941406e+00
2.342674732208251953e+00
4.234181404113769531e+00
3.638293504714965820e+00
3.635559082031250000e+00
4.499404430389404297e+00
2.242548465728759766e+00
5.427214622497558594e+00
2.906968355178833008e+00
3.713415861129760742e+00
3.054120540618896484e+00
5.165482044219970703e+00
2.315389633178710938e+00
5.265765190124511719e+00
3.501990795135498047e+00
3.154832839965820312e+00
3.651901721954345703e+00
2.972777843475341797e+00
2.370451688766479492e+00
5.174283504486083984e+00
2.409121036529541016e+00
3.714992523193359375e+00
4.476596832275390625e+00
2.325403451919555664e+00
4.999083995819091797e+00
3.955013513565063477e+00
2.480094909667968750e+00
3.491409063339233398e+00
4.396409034729003906e+00
3.838936567306518555e+00
2.029753684997558594e+00
4.079347133636474609e+00
2.168668985366821289e+00
5.730290412902832031e+00
1.495403051376342773e+00
6.002475738525390625e+00
3.324906349182128906e+00
2.997051715850830078e+00
3.801215171813964844e+00
2.774467229843139648e+00
4.284143447875976562e+00
2.966189861297607422e+00
4.572340011596679688e+00
3.320044279098510742e+00
3.923382997512817383e+00
3.069967269897460938e+00
5.198585033416748047e+00
3.732761621475219727e+00
3.108826160430908203e+00
4.921553134918212891e+00
2.949637651443481445e+00
3.964412212371826172e+00
3.900135755538940430e+00
2.391828536987304688e+00
4.576021194458007812e+00
2.565304756164550781e+00
3.334635496139526367e+00
4.864557266235351562e+00
3.358020305633544922e+00
3.685347080230712891e+00
3.640846729278564453e+00
3.273876905441284180e+00
3.456346511840820312e+00
3.106744766235351562e+00
3.648419618606567383e+00
4.508178710937500000e+00
2.591615200042724609e+00
5.971356391906738281e+00
1.198067426681518555e+00
8.914249420166015625e+00
4.908032417297363281e-01
9.551298141479492188e+00
1.773015975952148438e+00
3.839186191558837891e+00
2.680881500244140625e+00
2.961874246597290039e+00
3.135303497314453125e+00
2.559637546539306641e+00
5.166445732116699219e+00
2.121324062347412109e+00
4.992454528808593750e+00
4.297890663146972656e+00
1.811267495155334473e+00
5.275987625122070312e+00
2.691870450973510742e+00
6.330615997314453125e+00
3.013898849487304688e+00
2.629513263702392578e+00
5.794084548950195312e+00
1.858366489410400391e+00
7.404547691345214844e+00
3.859757184982299805e+00
3.457033634185791016e+00
4.834449768066406250e+00
3.401465415954589844e+00
5.133133411407470703e+00
1.042294621467590332e+00
7.467424869537353516e+00
3.791541576385498047e+00
3.333599328994750977e+00
4.718572139739990234e+00
3.885098934173583984e+00
3.326883077621459961e+00
3.986695289611816406e+00
3.085972070693969727e+00
3.516202449798583984e+00
6.207002639770507812e+00
3.182821750640869141e+00
3.236238479614257812e+00
4.174929618835449219e+00
3.351711988449096680e+00
3.143250703811645508e+00
4.079398155212402344e+00
3.066751480102539062e+00
2.448985576629638672e+00
4.265975475311279297e+00
3.009821414947509766e+00
4.165474891662597656e+00
3.768237590789794922e+00
2.655399799346923828e+00
4.397109031677246094e+00
1.688149690628051758e+00
4.842098236083984375e+00
3.821080684661865234e+00
2.561646461486816406e+00
3.658494949340820312e+00
4.210649013519287109e+00
2.131826400756835938e+00
3.520058631896972656e+00
3.621560573577880859e+00
2.689998865127563477e+00
3.898048877716064453e+00
2.716202497482299805e+00
3.513708114624023438e+00
3.269841432571411133e+00
3.870569944381713867e+00
2.868312358856201172e+00
3.814002513885498047e+00
3.272861719131469727e+00
2.381273269653320312e+00
5.353393554687500000e+00
3.040502548217773438e+00
2.624526023864746094e+00
4.167145729064941406e+00
3.173689365386962891e+00
3.098032951354980469e+00
3.645465373992919922e+00
2.363086700439453125e+00
4.651271820068359375e+00
3.197371006011962891e+00
3.668957710266113281e+00
5.059036254882812500e+00
2.422457218170166016e+00
4.169961929321289062e+00
3.983819961547851562e+00
2.341157674789428711e+00
5.606095314025878906e+00
1.364393115043640137e+00
6.194522857666015625e+00
1.002460002899169922e+00
7.143289089202880859e+00
3.871967792510986328e+00
2.670716762542724609e+00
4.705228805541992188e+00
2.766239643096923828e+00
4.334529399871826172e+00
2.433688879013061523e+00
5.623863220214843750e+00
1.599185466766357422e+00
5.352663040161132812e+00
1.995844841003417969e+00
4.497029781341552734e+00
3.037144660949707031e+00
3.658724784851074219e+00
4.045436382293701172e+00
3.469495296478271484e+00
2.172569036483764648e+00
4.168928146362304688e+00
1.797887802124023438e+00
5.273166179656982422e+00
2.381699800491333008e+00
3.805449008941650391e+00
3.734313964843750000e+00
2.761701107025146484e+00
3.329109191894531250e+00
3.033524036407470703e+00
3.420742988586425781e+00
3.121107339859008789e+00
3.492237567901611328e+00
2.450474977493286133e+00
6.381215095520019531e+00
1.500602126121520996e+00
5.475642204284667969e+00
1.547682046890258789e+00
5.614530563354492188e+00
2.728109836578369141e+00
3.625248908996582031e+00
4.595560550689697266e+00
3.269867897033691406e+00
3.844686508178710938e+00
2.817723512649536133e+00
5.169044494628906250e+00
1.943894982337951660e+00
5.060478210449218750e+00
3.601041316986083984e+00
3.270255088806152344e+00
4.471239566802978516e+00
2.798829793930053711e+00
3.114861011505126953e+00
4.084401130676269531e+00
3.525021076202392578e+00
3.150501728057861328e+00
3.099348545074462891e+00
2.964550018310546875e+00
4.851694107055664062e+00
5.510809421539306641e-01
7.548576354980468750e+00
2.835560560226440430e+00
2.917339324951171875e+00
3.811636209487915039e+00
2.573602199554443359e+00
3.059338569641113281e+00
3.713395595550537109e+00
4.024924278259277344e+00
3.026598930358886719e+00
3.907268762588500977e+00
3.895996809005737305e+00
3.819267272949218750e+00
4.219965934753417969e+00
2.937360286712646484e+00
4.949481964111328125e+00
3.278952836990356445e+00
4.440833091735839844e+00
3.100455760955810547e+00
4.361679077148437500e+00
3.303678512573242188e+00
4.042266368865966797e+00
3.727293968200683594e+00
3.585689306259155273e+00
3.358562469482421875e+00
4.034348964691162109e+00
2.648995876312255859e+00
3.981936454772949219e+00
3.714891672134399414e+00
1.849901318550109863e+00
6.817151069641113281e+00
8.883999586105346680e-01
7.820103645324707031e+00
2.037907242774963379e-01
6.082665443420410156e+00
9.377876520156860352e-01
4.836255073547363281e+00
2.439182281494140625e+00
2.751838207244873047e+00
3.975540637969970703e+00
2.062104701995849609e+00
5.119987487792968750e+00
1.153079986572265625e+00
4.557205200195312500e+00
2.772336959838867188e+00
3.133787155151367188e+00
4.189473152160644531e+00
2.779832839965820312e+00
3.982138633728027344e+00
2.801836013793945312e+00
3.452083110809326172e+00
4.471747398376464844e+00
1.706791400909423828e+00
5.536571502685546875e+00
3.268112659454345703e+00
4.147160530090332031e+00
3.032455444335937500e+00
4.625013351440429688e+00
2.342109441757202148e+00
4.098315238952636719e+00
3.342459440231323242e+00
3.785015583038330078e+00
4.344691753387451172e+00
2.820513248443603516e+00
3.305919647216796875e+00
4.271083831787109375e+00
2.884842872619628906e+00
4.004302501678466797e+00
2.790209770202636719e+00
3.881097316741943359e+00
3.703486442565917969e+00
3.401402473449707031e+00
3.205802202224731445e+00
3.534682035446166992e+00
3.641219854354858398e+00
3.055328845977783203e+00
4.509328842163085938e+00
2.780342102050781250e+00
4.750715255737304688e+00
2.371520280838012695e+00
4.426445484161376953e+00
3.487252235412597656e+00
2.996973514556884766e+00
5.627519607543945312e+00
1.714382767677307129e+00
6.215852737426757812e+00
1.375741004943847656e+00
4.798611640930175781e+00
4.915904521942138672e+00
2.836141109466552734e+00
3.217192888259887695e+00
4.357297897338867188e+00
2.535204410552978516e+00
3.420807361602783203e+00
2.894039392471313477e+00
4.964800357818603516e+00
1.896920800209045410e+00
4.451683998107910156e+00
3.553208827972412109e+00
3.650363445281982422e+00
3.209431886672973633e+00
3.845895290374755859e+00
3.496335744857788086e+00
4.149490356445312500e+00
1.648374199867248535e+00
5.497145652770996094e+00
1.329006433486938477e+00
6.212169647216796875e+00
2.633608818054199219e+00
4.165684223175048828e+00
3.867712974548339844e+00
3.194540500640869141e+00
3.086407423019409180e+00
4.060840129852294922e+00
3.039761543273925781e+00
3.791706562042236328e+00
3.568854093551635742e+00
2.849862575531005859e+00
3.131990909576416016e+00
4.213025569915771484e+00
1.997852325439453125e+00
4.736279487609863281e+00
2.731753349304199219e+00
3.572088718414306641e+00
4.261392593383789062e+00
3.764715194702148438e+00
2.810722112655639648e+00
4.172683238983154297e+00
3.332438468933105469e+00
3.253089904785156250e+00
3.641214370727539062e+00
3.786412239074707031e+00
3.141983985900878906e+00
4.864239692687988281e+00
3.440121650695800781e+00
3.387973308563232422e+00
4.018623828887939453e+00
2.618055343627929688e+00
4.288177967071533203e+00
3.359567403793334961e+00
3.795739650726318359e+00
2.864675998687744141e+00
5.721777915954589844e+00
1.140202283859252930e+00
8.377777099609375000e+00
3.438049554824829102e+00
5.363587379455566406e+00
2.204948902130126953e+00
6.054205894470214844e+00
1.658160805702209473e+00
7.022817611694335938e+00
2.059283256530761719e+00
5.559793949127197266e+00
3.510308742523193359e+00
2.971674680709838867e+00
5.092658996582031250e+00
2.358493566513061523e+00
4.928949832916259766e+00
2.273756027221679688e+00
4.327392578125000000e+00
3.991649627685546875e+00
2.848943710327148438e+00
3.438172817230224609e+00
3.381499767303466797e+00
3.227613925933837891e+00
3.805900573730468750e+00
3.358036994934082031e+00
3.621111392974853516e+00
3.396812677383422852e+00
2.921474456787109375e+00
3.934380054473876953e+00
2.366682529449462891e+00
4.416825771331787109e+00
3.187901258468627930e+00
3.643620014190673828e+00
4.149421691894531250e+00
3.342326879501342773e+00
3.343305110931396484e+00
3.791563510894775391e+00
3.615323066711425781e+00
3.061007261276245117e+00
2.783476829528808594e+00
4.286004066467285156e+00
3.800467491149902344e+00
1.782817840576171875e+00
4.488679885864257812e+00
3.603344440460205078e+00
2.798830986022949219e+00
3.717740535736083984e+00
3.789062976837158203e+00
3.452792882919311523e+00
3.872481107711791992e+00
1.681030631065368652e+00
5.911997795104980469e+00
2.009758234024047852e+00
4.007476329803466797e+00
4.310263633728027344e+00
2.537686347961425781e+00
5.690438270568847656e+00
2.676951646804809570e+00
4.262064456939697266e+00
2.423716068267822266e+00
4.495162487030029297e+00
4.329739570617675781e+00
1.513899087905883789e+00
5.431028366088867188e+00
2.647872447967529297e+00
4.584753036499023438e+00
4.359385967254638672e+00
3.079503059387207031e+00
3.555708885192871094e+00
3.733446836471557617e+00
3.536919593811035156e+00
4.623017311096191406e+00
1.711230993270874023e+00
6.680323600769042969e+00
2.965784788131713867e+00
3.792906284332275391e+00
4.336272239685058594e+00
3.285755395889282227e+00
4.285555839538574219e+00
3.577661991119384766e+00
4.185191154479980469e+00
3.396749973297119141e+00
4.476543426513671875e+00
2.115079402923583984e+00
6.850981712341308594e+00
3.021316528320312500e+00
4.268906116485595703e+00
4.859892845153808594e+00
3.569233417510986328e+00
4.955652236938476562e+00
2.909250497817993164e+00
4.717950820922851562e+00
2.591574192047119141e+00
5.123531341552734375e+00
3.247737407684326172e+00
4.604375839233398438e+00
2.948256731033325195e+00
3.952083110809326172e+00
3.936154842376708984e+00
3.085382461547851562e+00
5.705779075622558594e+00
2.051849842071533203e+00
5.306968688964843750e+00
1.705826282501220703e+00
6.669835567474365234e+00
1.583683729171752930e+00
8.006599426269531250e+00
6.419537067413330078e-01
7.058455467224121094e+00
2.835226535797119141e+00
3.761296987533569336e+00
3.523172378540039062e+00
4.116649150848388672e+00
2.626011848449707031e+00
6.116724967956542969e+00
1.569785952568054199e+00
5.080793380737304688e+00
1.764199018478393555e+00
6.415524482727050781e+00
3.095541477203369141e+00
3.084742784500122070e+00
5.915871143341064453e+00
3.766790390014648438e+00
3.016882896423339844e+00
4.031301498413085938e+00
3.527153491973876953e+00
3.145359516143798828e+00
5.216461181640625000e+00
2.895927906036376953e+00
3.900392055511474609e+00
4.242363929748535156e+00
3.786183357238769531e+00
2.909548282623291016e+00
5.705296516418457031e+00
2.521336078643798828e+00
4.709093093872070312e+00
3.838713169097900391e+00
3.691787719726562500e+00
4.131397247314453125e+00
2.243615150451660156e+00
4.040278434753417969e+00
3.339141607284545898e+00
2.985223770141601562e+00
4.163247108459472656e+00
2.832217216491699219e+00
3.479973316192626953e+00
4.132256031036376953e+00
3.798652172088623047e+00
3.582768201828002930e+00
2.796492099761962891e+00
4.342735290527343750e+00
3.029070854187011719e+00
3.549217939376831055e+00
4.317658424377441406e+00
3.364787340164184570e+00
3.867903232574462891e+00
3.821129083633422852e+00
2.478280782699584961e+00
5.653620719909667969e+00
3.361810684204101562e+00
3.260605096817016602e+00
4.981732368469238281e+00
3.155216455459594727e+00
3.724705457687377930e+00
3.836229324340820312e+00
2.390009880065917969e+00
5.193683147430419922e+00
1.526999115943908691e+00
4.968294143676757812e+00
4.331139087677001953e+00
2.994587421417236328e+00
4.570371627807617188e+00
4.004076957702636719e+00
2.794978618621826172e+00
5.074669837951660156e+00
3.320838212966918945e+00
4.889698028564453125e+00
3.233226776123046875e+00
3.903239250183105469e+00
3.620710849761962891e+00
4.296013832092285156e+00
3.685164690017700195e+00
3.910663604736328125e+00
3.573193311691284180e+00
4.459925651550292969e+00
3.143016576766967773e+00
3.656389236450195312e+00
4.706417560577392578e+00
1.775535821914672852e+00
7.240039825439453125e+00
1.443422317504882812e+00
7.070931434631347656e+00
1.141351819038391113e+00
6.000629425048828125e+00
2.555282354354858398e+00
4.992460250854492188e+00
2.559983253479003906e+00
6.415633201599121094e+00
7.215055227279663086e-01
7.940730094909667969e+00
1.299957513809204102e+00
7.394855976104736328e+00
1.925804615020751953e+00
5.753971099853515625e+00
3.514618396759033203e+00
3.254456996917724609e+00
4.995937347412109375e+00
1.834139347076416016e+00
5.958690643310546875e+00
3.177852392196655273e+00
2.459197282791137695e+00
6.824400901794433594e+00
2.087502717971801758e+00
3.848006248474121094e+00
4.892055988311767578e+00
3.249648571014404297e+00
4.947397708892822266e+00
1.387625217437744141e+00
6.948429107666015625e+00
2.987768650054931641e+00
4.695772171020507812e+00
3.872175931930541992e+00
4.337448596954345703e+00
3.271925926208496094e+00
4.588329792022705078e+00
2.877163171768188477e+00
3.617427349090576172e+00
4.182029724121093750e+00
3.061460018157958984e+00
5.059507369995117188e+00
1.861789226531982422e+00
4.643585681915283203e+00
3.590208053588867188e+00
3.996301889419555664e+00
3.414806127548217773e+00
5.305626869201660156e+00
3.308150768280029297e+00
2.777727127075195312e+00
4.411359786987304688e+00
3.333355188369750977e+00
2.646063089370727539e+00
4.752483367919921875e+00
4.374513626098632812e+00
2.116834402084350586e+00
4.947660446166992188e+00
3.640483379364013672e+00
3.254862308502197266e+00
4.107629776000976562e+00
3.962663888931274414e+00
2.781497955322265625e+00
3.999666452407836914e+00
3.750630378723144531e+00
3.304131507873535156e+00
3.813068389892578125e+00
3.962184906005859375e+00
4.167173385620117188e+00
3.226094722747802734e+00
4.128187656402587891e+00
4.281643867492675781e+00
3.592117309570312500e+00
3.399680614471435547e+00
4.661244392395019531e+00
3.539501905441284180e+00
3.571120738983154297e+00
6.057116031646728516e+00
2.012069225311279297e+00
5.921107292175292969e+00
3.831881046295166016e+00
4.339704513549804688e+00
4.697266578674316406e+00
3.369297027587890625e+00
5.098327636718750000e+00
4.033736705780029297e+00
2.703787565231323242e+00
5.645237922668457031e+00
3.437875986099243164e+00
3.141455411911010742e+00
5.472511768341064453e+00
4.218331336975097656e+00
4.307028770446777344e+00
2.936429500579833984e+00
5.699120998382568359e+00
2.482109069824218750e+00
5.712239265441894531e+00
2.700899124145507812e+00
5.476219177246093750e+00
2.313759088516235352e+00
5.051805496215820312e+00
2.917177200317382812e+00
4.192500114440917969e+00
3.748335599899291992e+00
2.072460174560546875e+00
5.758554458618164062e+00
3.609566688537597656e+00
2.910619258880615234e+00
4.176445007324218750e+00
3.824912786483764648e+00
3.062637329101562500e+00
3.984423160552978516e+00
3.306528568267822266e+00
3.133724451065063477e+00
4.209764003753662109e+00
3.412645339965820312e+00
3.360072135925292969e+00
4.442879676818847656e+00
3.092180490493774414e+00
4.027933120727539062e+00
3.737936496734619141e+00
3.189277648925781250e+00
2.640477657318115234e+00
5.142170429229736328e+00
2.920582771301269531e+00
4.043229103088378906e+00
3.541597366333007812e+00
3.515450000762939453e+00
4.035315036773681641e+00
2.717621326446533203e+00
4.259135246276855469e+00
3.067555904388427734e+00
3.063890218734741211e+00
3.882274627685546875e+00
3.161906957626342773e+00
3.390486717224121094e+00
3.242877960205078125e+00
3.635246753692626953e+00
3.491457462310791016e+00
2.982443332672119141e+00
4.633803367614746094e+00
3.545141220092773438e+00
3.876210212707519531e+00
3.206910610198974609e+00
3.724633693695068359e+00
3.510405063629150391e+00
3.066793918609619141e+00
4.180392265319824219e+00
3.028860569000244141e+00
3.878180742263793945e+00
3.304488420486450195e+00
3.728027343750000000e+00
3.469600439071655273e+00
3.243232011795043945e+00
4.523261547088623047e+00
2.768551826477050781e+00
4.030637741088867188e+00
3.801368951797485352e+00
2.254873752593994141e+00
4.566298484802246094e+00
3.487155437469482422e+00
4.542335510253906250e+00
3.252873420715332031e+00
4.232585430145263672e+00
4.323106765747070312e+00
3.234072685241699219e+00
3.483364582061767578e+00
4.689297676086425781e+00
4.353967666625976562e+00
