Epoch,Train Accuracy,Validation Accuracy
1,0.5044000000000001,0.8162
2,0.68625,0.8714500000000001
3,0.737,0.90575
4,0.7682,0.91695
5,0.78095,0.92745
6,0.7998500000000001,0.9369500000000001
7,0.8091,0.9368500000000001
8,0.8173,0.9417000000000001
9,0.8204,0.9415
10,0.82435,0.9421
